{
"type": "FeatureCollection",
"name": "colleges",
"crs": { "type": "name", "properties": { "name": "urn:ogc:def:crs:OGC:1.3:CRS84" } },
"features": [
{ "type": "Feature", "properties": { "element": "node", "id": 347138192, "amenity": "college", "created_by": "Potlatch 0.10f", "name": "MMK College", "wheelchair": "yes", "alt_name": null, "toilets:wheelchair": null, "addr:city": null, "addr:housename": null, "addr:suburb": null, "website": null, "addr:housenumber": null, "addr:postcode": null, "addr:street": null, "check_date": null, "name:en": null, "internet_access": null, "addr:district": null, "internet_access:fee": null, "operator": null, "operator:type": null, "name:mr": null, "email": null, "opening_hours": null, "phone": null, "education": null, "alt_name:en": null, "fax": null, "short_name": null, "short_name:en": null, "building": null, "name:hi": null, "wikidata": null, "wikipedia": null, "name:etymology:wikidata": null, "designation": null, "old_name": null, "building:levels": null, "level": null, "wikimedia_commons": null, "school:gender": null, "description": null, "barrier": null, "addr:country": null, "isced:level": null, "school": null, "contact:website": null, "start_date": null, "contact:phone": null, "landuse": null }, "geometry": { "type": "Point", "coordinates": [ 72.8358458, 19.0642652 ] } },
{ "type": "Feature", "properties": { "element": "node", "id": 348128686, "amenity": "college", "created_by": "Potlatch 0.10f", "name": "Rizvi College", "wheelchair": null, "alt_name": null, "toilets:wheelchair": null, "addr:city": null, "addr:housename": null, "addr:suburb": null, "website": null, "addr:housenumber": null, "addr:postcode": null, "addr:street": null, "check_date": null, "name:en": null, "internet_access": null, "addr:district": null, "internet_access:fee": null, "operator": null, "operator:type": null, "name:mr": null, "email": null, "opening_hours": null, "phone": null, "education": null, "alt_name:en": null, "fax": null, "short_name": null, "short_name:en": null, "building": null, "name:hi": null, "wikidata": null, "wikipedia": null, "name:etymology:wikidata": null, "designation": null, "old_name": null, "building:levels": null, "level": null, "wikimedia_commons": null, "school:gender": null, "description": null, "barrier": null, "addr:country": null, "isced:level": null, "school": null, "contact:website": null, "start_date": null, "contact:phone": null, "landuse": null }, "geometry": { "type": "Point", "coordinates": [ 72.8244647, 19.0684106 ] } },
{ "type": "Feature", "properties": { "element": "node", "id": 668494244, "amenity": "college", "created_by": null, "name": "Shailesh J Mehta Institute of Management", "wheelchair": "limited", "alt_name": "SOM & IRCC", "toilets:wheelchair": "no", "addr:city": null, "addr:housename": null, "addr:suburb": null, "website": null, "addr:housenumber": null, "addr:postcode": null, "addr:street": null, "check_date": null, "name:en": null, "internet_access": null, "addr:district": null, "internet_access:fee": null, "operator": null, "operator:type": null, "name:mr": null, "email": null, "opening_hours": null, "phone": null, "education": null, "alt_name:en": null, "fax": null, "short_name": null, "short_name:en": null, "building": null, "name:hi": null, "wikidata": null, "wikipedia": null, "name:etymology:wikidata": null, "designation": null, "old_name": null, "building:levels": null, "level": null, "wikimedia_commons": null, "school:gender": null, "description": null, "barrier": null, "addr:country": null, "isced:level": null, "school": null, "contact:website": null, "start_date": null, "contact:phone": null, "landuse": null }, "geometry": { "type": "Point", "coordinates": [ 72.9157388, 19.1317025 ] } },
{ "type": "Feature", "properties": { "element": "node", "id": 668511950, "amenity": "college", "created_by": null, "name": "IDC - Industrial Design Center", "wheelchair": "yes", "alt_name": null, "toilets:wheelchair": null, "addr:city": "Mumbai", "addr:housename": "Indian Institute of Technology Bombay", "addr:suburb": "Powai", "website": "http://www.idc.iitb.ac.in/", "addr:housenumber": null, "addr:postcode": null, "addr:street": null, "check_date": null, "name:en": null, "internet_access": null, "addr:district": null, "internet_access:fee": null, "operator": null, "operator:type": null, "name:mr": null, "email": null, "opening_hours": null, "phone": null, "education": null, "alt_name:en": null, "fax": null, "short_name": null, "short_name:en": null, "building": null, "name:hi": null, "wikidata": null, "wikipedia": null, "name:etymology:wikidata": null, "designation": null, "old_name": null, "building:levels": null, "level": null, "wikimedia_commons": null, "school:gender": null, "description": null, "barrier": null, "addr:country": null, "isced:level": null, "school": null, "contact:website": null, "start_date": null, "contact:phone": null, "landuse": null }, "geometry": { "type": "Point", "coordinates": [ 72.9171775, 19.1333839 ] } },
{ "type": "Feature", "properties": { "element": "node", "id": 814445159, "amenity": "college", "created_by": null, "name": "Gokhale College", "wheelchair": null, "alt_name": null, "toilets:wheelchair": null, "addr:city": null, "addr:housename": null, "addr:suburb": null, "website": null, "addr:housenumber": null, "addr:postcode": null, "addr:street": null, "check_date": null, "name:en": null, "internet_access": null, "addr:district": null, "internet_access:fee": null, "operator": null, "operator:type": null, "name:mr": null, "email": null, "opening_hours": null, "phone": null, "education": null, "alt_name:en": null, "fax": null, "short_name": null, "short_name:en": null, "building": null, "name:hi": null, "wikidata": null, "wikipedia": null, "name:etymology:wikidata": null, "designation": null, "old_name": null, "building:levels": null, "level": null, "wikimedia_commons": null, "school:gender": null, "description": null, "barrier": null, "addr:country": null, "isced:level": null, "school": null, "contact:website": null, "start_date": null, "contact:phone": null, "landuse": null }, "geometry": { "type": "Point", "coordinates": [ 72.8370011, 19.2324515 ] } },
{ "type": "Feature", "properties": { "element": "node", "id": 1347702321, "amenity": "college", "created_by": null, "name": "Nagindas Khandwala College", "wheelchair": null, "alt_name": null, "toilets:wheelchair": null, "addr:city": null, "addr:housename": null, "addr:suburb": null, "website": null, "addr:housenumber": null, "addr:postcode": null, "addr:street": null, "check_date": null, "name:en": null, "internet_access": null, "addr:district": null, "internet_access:fee": null, "operator": null, "operator:type": null, "name:mr": null, "email": null, "opening_hours": null, "phone": null, "education": null, "alt_name:en": null, "fax": null, "short_name": null, "short_name:en": null, "building": null, "name:hi": null, "wikidata": null, "wikipedia": null, "name:etymology:wikidata": null, "designation": null, "old_name": null, "building:levels": null, "level": null, "wikimedia_commons": null, "school:gender": null, "description": null, "barrier": null, "addr:country": null, "isced:level": null, "school": null, "contact:website": null, "start_date": null, "contact:phone": null, "landuse": null }, "geometry": { "type": "Point", "coordinates": [ 72.8479831, 19.1925199 ] } },
{ "type": "Feature", "properties": { "element": "node", "id": 1640883979, "amenity": "college", "created_by": null, "name": null, "wheelchair": null, "alt_name": null, "toilets:wheelchair": null, "addr:city": null, "addr:housename": null, "addr:suburb": null, "website": null, "addr:housenumber": null, "addr:postcode": null, "addr:street": null, "check_date": null, "name:en": null, "internet_access": null, "addr:district": null, "internet_access:fee": null, "operator": null, "operator:type": null, "name:mr": null, "email": null, "opening_hours": null, "phone": null, "education": null, "alt_name:en": null, "fax": null, "short_name": null, "short_name:en": null, "building": null, "name:hi": null, "wikidata": null, "wikipedia": null, "name:etymology:wikidata": null, "designation": null, "old_name": null, "building:levels": null, "level": null, "wikimedia_commons": null, "school:gender": null, "description": null, "barrier": null, "addr:country": null, "isced:level": null, "school": null, "contact:website": null, "start_date": null, "contact:phone": null, "landuse": null }, "geometry": { "type": "Point", "coordinates": [ 72.8628859, 19.1421361 ] } },
{ "type": "Feature", "properties": { "element": "node", "id": 2168654396, "amenity": "college", "created_by": null, "name": "Sir JJ College of Commerce", "wheelchair": null, "alt_name": null, "toilets:wheelchair": null, "addr:city": null, "addr:housename": null, "addr:suburb": null, "website": null, "addr:housenumber": null, "addr:postcode": null, "addr:street": null, "check_date": null, "name:en": null, "internet_access": null, "addr:district": null, "internet_access:fee": null, "operator": null, "operator:type": null, "name:mr": null, "email": null, "opening_hours": null, "phone": null, "education": null, "alt_name:en": null, "fax": null, "short_name": null, "short_name:en": null, "building": null, "name:hi": null, "wikidata": null, "wikipedia": null, "name:etymology:wikidata": null, "designation": null, "old_name": null, "building:levels": null, "level": null, "wikimedia_commons": null, "school:gender": null, "description": null, "barrier": null, "addr:country": null, "isced:level": null, "school": null, "contact:website": null, "start_date": null, "contact:phone": null, "landuse": null }, "geometry": { "type": "Point", "coordinates": [ 72.8322155, 18.9328461 ] } },
{ "type": "Feature", "properties": { "element": "node", "id": 4044345938, "amenity": "college", "created_by": null, "name": "B.D. Somani Institute of Art and Fashion Technology", "wheelchair": null, "alt_name": null, "toilets:wheelchair": null, "addr:city": "Mumbai", "addr:housename": null, "addr:suburb": null, "website": null, "addr:housenumber": "625", "addr:postcode": "400005", "addr:street": "GD Somani Road", "check_date": "2026-03-12", "name:en": null, "internet_access": null, "addr:district": null, "internet_access:fee": null, "operator": null, "operator:type": null, "name:mr": null, "email": null, "opening_hours": null, "phone": null, "education": null, "alt_name:en": null, "fax": null, "short_name": null, "short_name:en": null, "building": null, "name:hi": null, "wikidata": null, "wikipedia": null, "name:etymology:wikidata": null, "designation": null, "old_name": null, "building:levels": null, "level": null, "wikimedia_commons": null, "school:gender": null, "description": null, "barrier": null, "addr:country": null, "isced:level": null, "school": null, "contact:website": null, "start_date": null, "contact:phone": null, "landuse": null }, "geometry": { "type": "Point", "coordinates": [ 72.8195845, 18.9161705 ] } },
{ "type": "Feature", "properties": { "element": "node", "id": 5430937522, "amenity": "college", "created_by": null, "name": null, "wheelchair": null, "alt_name": null, "toilets:wheelchair": null, "addr:city": null, "addr:housename": null, "addr:suburb": null, "website": null, "addr:housenumber": null, "addr:postcode": null, "addr:street": null, "check_date": null, "name:en": "Institute of Indian Culture", "internet_access": null, "addr:district": null, "internet_access:fee": null, "operator": null, "operator:type": null, "name:mr": null, "email": null, "opening_hours": null, "phone": null, "education": null, "alt_name:en": null, "fax": null, "short_name": null, "short_name:en": null, "building": null, "name:hi": null, "wikidata": null, "wikipedia": null, "name:etymology:wikidata": null, "designation": null, "old_name": null, "building:levels": null, "level": null, "wikimedia_commons": null, "school:gender": null, "description": null, "barrier": null, "addr:country": null, "isced:level": null, "school": null, "contact:website": null, "start_date": null, "contact:phone": null, "landuse": null }, "geometry": { "type": "Point", "coordinates": [ 72.8660614, 19.1250201 ] } },
{ "type": "Feature", "properties": { "element": "node", "id": 6555983064, "amenity": "college", "created_by": null, "name": "Institute of Science, Colaba", "wheelchair": null, "alt_name": null, "toilets:wheelchair": null, "addr:city": null, "addr:housename": null, "addr:suburb": null, "website": null, "addr:housenumber": "15", "addr:postcode": null, "addr:street": "Karmaveer Bhaurao Patil Road", "check_date": null, "name:en": null, "internet_access": null, "addr:district": null, "internet_access:fee": null, "operator": null, "operator:type": null, "name:mr": null, "email": null, "opening_hours": null, "phone": null, "education": null, "alt_name:en": null, "fax": null, "short_name": null, "short_name:en": null, "building": null, "name:hi": null, "wikidata": null, "wikipedia": null, "name:etymology:wikidata": null, "designation": null, "old_name": null, "building:levels": null, "level": null, "wikimedia_commons": null, "school:gender": null, "description": null, "barrier": null, "addr:country": null, "isced:level": null, "school": null, "contact:website": null, "start_date": null, "contact:phone": null, "landuse": null }, "geometry": { "type": "Point", "coordinates": [ 72.8300134, 18.9263126 ] } },
{ "type": "Feature", "properties": { "element": "node", "id": 6813479053, "amenity": "college", "created_by": null, "name": "St.Andrews College Gate", "wheelchair": null, "alt_name": null, "toilets:wheelchair": null, "addr:city": null, "addr:housename": null, "addr:suburb": null, "website": null, "addr:housenumber": null, "addr:postcode": null, "addr:street": null, "check_date": null, "name:en": null, "internet_access": null, "addr:district": null, "internet_access:fee": null, "operator": null, "operator:type": null, "name:mr": null, "email": null, "opening_hours": null, "phone": null, "education": null, "alt_name:en": null, "fax": null, "short_name": null, "short_name:en": null, "building": null, "name:hi": null, "wikidata": null, "wikipedia": null, "name:etymology:wikidata": null, "designation": null, "old_name": null, "building:levels": null, "level": null, "wikimedia_commons": null, "school:gender": null, "description": null, "barrier": null, "addr:country": null, "isced:level": null, "school": null, "contact:website": null, "start_date": null, "contact:phone": null, "landuse": null }, "geometry": { "type": "Point", "coordinates": [ 72.8287811, 19.0572924 ] } },
{ "type": "Feature", "properties": { "element": "node", "id": 7131459512, "amenity": "college", "created_by": null, "name": "K.E.S Shroff college ground", "wheelchair": null, "alt_name": null, "toilets:wheelchair": null, "addr:city": null, "addr:housename": null, "addr:suburb": null, "website": null, "addr:housenumber": null, "addr:postcode": null, "addr:street": null, "check_date": null, "name:en": null, "internet_access": "yes", "addr:district": null, "internet_access:fee": null, "operator": null, "operator:type": null, "name:mr": null, "email": null, "opening_hours": null, "phone": null, "education": null, "alt_name:en": null, "fax": null, "short_name": null, "short_name:en": null, "building": null, "name:hi": null, "wikidata": null, "wikipedia": null, "name:etymology:wikidata": null, "designation": null, "old_name": null, "building:levels": null, "level": null, "wikimedia_commons": null, "school:gender": null, "description": null, "barrier": null, "addr:country": null, "isced:level": null, "school": null, "contact:website": null, "start_date": null, "contact:phone": null, "landuse": null }, "geometry": { "type": "Point", "coordinates": [ 72.846543, 19.201754 ] } },
{ "type": "Feature", "properties": { "element": "node", "id": 7314413785, "amenity": "college", "created_by": null, "name": null, "wheelchair": null, "alt_name": null, "toilets:wheelchair": null, "addr:city": null, "addr:housename": null, "addr:suburb": null, "website": null, "addr:housenumber": null, "addr:postcode": null, "addr:street": null, "check_date": null, "name:en": "Gyan Sadhna College", "internet_access": null, "addr:district": null, "internet_access:fee": null, "operator": null, "operator:type": null, "name:mr": null, "email": null, "opening_hours": null, "phone": null, "education": null, "alt_name:en": null, "fax": null, "short_name": null, "short_name:en": null, "building": null, "name:hi": null, "wikidata": null, "wikipedia": null, "name:etymology:wikidata": null, "designation": null, "old_name": null, "building:levels": null, "level": null, "wikimedia_commons": null, "school:gender": null, "description": null, "barrier": null, "addr:country": null, "isced:level": null, "school": null, "contact:website": null, "start_date": null, "contact:phone": null, "landuse": null }, "geometry": { "type": "Point", "coordinates": [ 72.9654474, 19.1814455 ] } },
{ "type": "Feature", "properties": { "element": "node", "id": 7405863760, "amenity": "college", "created_by": null, "name": "Nagrik Shikshan Sanstha's College Of Commerce & Economics", "wheelchair": null, "alt_name": null, "toilets:wheelchair": null, "addr:city": null, "addr:housename": null, "addr:suburb": null, "website": null, "addr:housenumber": null, "addr:postcode": null, "addr:street": null, "check_date": null, "name:en": null, "internet_access": null, "addr:district": null, "internet_access:fee": null, "operator": null, "operator:type": null, "name:mr": null, "email": null, "opening_hours": null, "phone": null, "education": null, "alt_name:en": null, "fax": null, "short_name": null, "short_name:en": null, "building": null, "name:hi": null, "wikidata": null, "wikipedia": null, "name:etymology:wikidata": null, "designation": null, "old_name": null, "building:levels": null, "level": null, "wikimedia_commons": null, "school:gender": null, "description": null, "barrier": null, "addr:country": null, "isced:level": null, "school": null, "contact:website": null, "start_date": null, "contact:phone": null, "landuse": null }, "geometry": { "type": "Point", "coordinates": [ 72.8127402, 18.9734614 ] } },
{ "type": "Feature", "properties": { "element": "node", "id": 7411177802, "amenity": "college", "created_by": null, "name": "Navneet Education Society Night Degree College", "wheelchair": null, "alt_name": null, "toilets:wheelchair": null, "addr:city": null, "addr:housename": null, "addr:suburb": null, "website": null, "addr:housenumber": null, "addr:postcode": null, "addr:street": null, "check_date": null, "name:en": null, "internet_access": null, "addr:district": null, "internet_access:fee": null, "operator": null, "operator:type": null, "name:mr": null, "email": null, "opening_hours": null, "phone": null, "education": null, "alt_name:en": null, "fax": null, "short_name": null, "short_name:en": null, "building": null, "name:hi": null, "wikidata": null, "wikipedia": null, "name:etymology:wikidata": null, "designation": null, "old_name": null, "building:levels": null, "level": null, "wikimedia_commons": null, "school:gender": null, "description": null, "barrier": null, "addr:country": null, "isced:level": null, "school": null, "contact:website": null, "start_date": null, "contact:phone": null, "landuse": null }, "geometry": { "type": "Point", "coordinates": [ 72.8190128, 18.9687473 ] } },
{ "type": "Feature", "properties": { "element": "node", "id": 7411177813, "amenity": "college", "created_by": null, "name": "Maratha Mandir's Babasaheb Gawde Institute of Technology", "wheelchair": null, "alt_name": null, "toilets:wheelchair": null, "addr:city": null, "addr:housename": null, "addr:suburb": null, "website": null, "addr:housenumber": null, "addr:postcode": null, "addr:street": null, "check_date": null, "name:en": null, "internet_access": null, "addr:district": null, "internet_access:fee": null, "operator": null, "operator:type": null, "name:mr": null, "email": null, "opening_hours": null, "phone": null, "education": null, "alt_name:en": null, "fax": null, "short_name": null, "short_name:en": null, "building": null, "name:hi": null, "wikidata": null, "wikipedia": null, "name:etymology:wikidata": null, "designation": null, "old_name": null, "building:levels": null, "level": null, "wikimedia_commons": null, "school:gender": null, "description": null, "barrier": null, "addr:country": null, "isced:level": null, "school": null, "contact:website": null, "start_date": null, "contact:phone": null, "landuse": null }, "geometry": { "type": "Point", "coordinates": [ 72.8220205, 18.9708186 ] } },
{ "type": "Feature", "properties": { "element": "node", "id": 7434309508, "amenity": "college", "created_by": null, "name": "Sneha lata Rane Girls High School and Junior College", "wheelchair": null, "alt_name": null, "toilets:wheelchair": null, "addr:city": null, "addr:housename": null, "addr:suburb": null, "website": null, "addr:housenumber": null, "addr:postcode": null, "addr:street": null, "check_date": null, "name:en": null, "internet_access": null, "addr:district": null, "internet_access:fee": null, "operator": null, "operator:type": null, "name:mr": null, "email": null, "opening_hours": null, "phone": null, "education": null, "alt_name:en": null, "fax": null, "short_name": null, "short_name:en": null, "building": null, "name:hi": null, "wikidata": null, "wikipedia": null, "name:etymology:wikidata": null, "designation": null, "old_name": null, "building:levels": null, "level": null, "wikimedia_commons": null, "school:gender": null, "description": null, "barrier": null, "addr:country": null, "isced:level": null, "school": null, "contact:website": null, "start_date": null, "contact:phone": null, "landuse": null }, "geometry": { "type": "Point", "coordinates": [ 72.8316628, 18.9861213 ] } },
{ "type": "Feature", "properties": { "element": "node", "id": 7438485774, "amenity": "college", "created_by": null, "name": "ABA College of Law", "wheelchair": null, "alt_name": null, "toilets:wheelchair": null, "addr:city": null, "addr:housename": null, "addr:suburb": null, "website": null, "addr:housenumber": null, "addr:postcode": null, "addr:street": null, "check_date": null, "name:en": null, "internet_access": null, "addr:district": null, "internet_access:fee": null, "operator": null, "operator:type": null, "name:mr": null, "email": null, "opening_hours": null, "phone": null, "education": null, "alt_name:en": null, "fax": null, "short_name": null, "short_name:en": null, "building": null, "name:hi": null, "wikidata": null, "wikipedia": null, "name:etymology:wikidata": null, "designation": null, "old_name": null, "building:levels": null, "level": null, "wikimedia_commons": null, "school:gender": null, "description": null, "barrier": null, "addr:country": null, "isced:level": null, "school": null, "contact:website": null, "start_date": null, "contact:phone": null, "landuse": null }, "geometry": { "type": "Point", "coordinates": [ 72.8345634, 19.016964 ] } },
{ "type": "Feature", "properties": { "element": "node", "id": 7438485782, "amenity": "college", "created_by": null, "name": "Government Technical High School & Jr. College, Dadar", "wheelchair": null, "alt_name": null, "toilets:wheelchair": null, "addr:city": null, "addr:housename": null, "addr:suburb": null, "website": null, "addr:housenumber": null, "addr:postcode": null, "addr:street": null, "check_date": null, "name:en": null, "internet_access": null, "addr:district": null, "internet_access:fee": null, "operator": null, "operator:type": null, "name:mr": null, "email": null, "opening_hours": null, "phone": null, "education": null, "alt_name:en": null, "fax": null, "short_name": null, "short_name:en": null, "building": null, "name:hi": null, "wikidata": null, "wikipedia": null, "name:etymology:wikidata": null, "designation": null, "old_name": null, "building:levels": null, "level": null, "wikimedia_commons": null, "school:gender": null, "description": null, "barrier": null, "addr:country": null, "isced:level": null, "school": null, "contact:website": null, "start_date": null, "contact:phone": null, "landuse": null }, "geometry": { "type": "Point", "coordinates": [ 72.8320298, 19.019274 ] } },
{ "type": "Feature", "properties": { "element": "node", "id": 7442381763, "amenity": "college", "created_by": null, "name": "Kohinoor College of Hospitality Management & Tourism Studies", "wheelchair": null, "alt_name": null, "toilets:wheelchair": null, "addr:city": null, "addr:housename": null, "addr:suburb": null, "website": "https://kohinoorcollege.com/", "addr:housenumber": null, "addr:postcode": null, "addr:street": null, "check_date": null, "name:en": null, "internet_access": null, "addr:district": null, "internet_access:fee": null, "operator": null, "operator:type": null, "name:mr": null, "email": null, "opening_hours": null, "phone": null, "education": null, "alt_name:en": null, "fax": null, "short_name": null, "short_name:en": null, "building": null, "name:hi": null, "wikidata": null, "wikipedia": null, "name:etymology:wikidata": null, "designation": null, "old_name": null, "building:levels": null, "level": null, "wikimedia_commons": null, "school:gender": null, "description": null, "barrier": null, "addr:country": null, "isced:level": null, "school": null, "contact:website": null, "start_date": null, "contact:phone": null, "landuse": null }, "geometry": { "type": "Point", "coordinates": [ 72.8358686, 19.0229262 ] } },
{ "type": "Feature", "properties": { "element": "node", "id": 7442452588, "amenity": "college", "created_by": null, "name": "Dadar Vidya Mandir Junior College", "wheelchair": null, "alt_name": null, "toilets:wheelchair": null, "addr:city": null, "addr:housename": null, "addr:suburb": null, "website": null, "addr:housenumber": null, "addr:postcode": null, "addr:street": null, "check_date": null, "name:en": null, "internet_access": null, "addr:district": null, "internet_access:fee": null, "operator": null, "operator:type": null, "name:mr": null, "email": null, "opening_hours": null, "phone": null, "education": null, "alt_name:en": null, "fax": null, "short_name": null, "short_name:en": null, "building": null, "name:hi": null, "wikidata": null, "wikipedia": null, "name:etymology:wikidata": null, "designation": null, "old_name": null, "building:levels": null, "level": null, "wikimedia_commons": null, "school:gender": null, "description": null, "barrier": null, "addr:country": null, "isced:level": null, "school": null, "contact:website": null, "start_date": null, "contact:phone": null, "landuse": null }, "geometry": { "type": "Point", "coordinates": [ 72.8415661, 19.028379 ] } },
{ "type": "Feature", "properties": { "element": "node", "id": 7442452591, "amenity": "college", "created_by": null, "name": "Saraswati College", "wheelchair": null, "alt_name": null, "toilets:wheelchair": null, "addr:city": null, "addr:housename": null, "addr:suburb": null, "website": null, "addr:housenumber": null, "addr:postcode": null, "addr:street": null, "check_date": null, "name:en": null, "internet_access": null, "addr:district": null, "internet_access:fee": null, "operator": null, "operator:type": null, "name:mr": null, "email": null, "opening_hours": null, "phone": null, "education": null, "alt_name:en": null, "fax": null, "short_name": null, "short_name:en": null, "building": null, "name:hi": null, "wikidata": null, "wikipedia": null, "name:etymology:wikidata": null, "designation": null, "old_name": null, "building:levels": null, "level": null, "wikimedia_commons": null, "school:gender": null, "description": null, "barrier": null, "addr:country": null, "isced:level": null, "school": null, "contact:website": null, "start_date": null, "contact:phone": null, "landuse": null }, "geometry": { "type": "Point", "coordinates": [ 72.841612, 19.0190223 ] } },
{ "type": "Feature", "properties": { "element": "node", "id": 7463765591, "amenity": "college", "created_by": null, "name": "Tata Power Skill Development Institute", "wheelchair": null, "alt_name": null, "toilets:wheelchair": null, "addr:city": null, "addr:housename": null, "addr:suburb": null, "website": null, "addr:housenumber": null, "addr:postcode": null, "addr:street": null, "check_date": null, "name:en": null, "internet_access": null, "addr:district": null, "internet_access:fee": null, "operator": null, "operator:type": null, "name:mr": null, "email": null, "opening_hours": null, "phone": null, "education": null, "alt_name:en": null, "fax": null, "short_name": null, "short_name:en": null, "building": null, "name:hi": null, "wikidata": null, "wikipedia": null, "name:etymology:wikidata": null, "designation": null, "old_name": null, "building:levels": null, "level": null, "wikimedia_commons": null, "school:gender": null, "description": null, "barrier": null, "addr:country": null, "isced:level": null, "school": null, "contact:website": null, "start_date": null, "contact:phone": null, "landuse": null }, "geometry": { "type": "Point", "coordinates": [ 72.9257834, 19.0219525 ] } },
{ "type": "Feature", "properties": { "element": "node", "id": 9056958181, "amenity": "college", "created_by": null, "name": "Leelabai Thackersey College of Nursing", "wheelchair": null, "alt_name": null, "toilets:wheelchair": null, "addr:city": null, "addr:housename": null, "addr:suburb": null, "website": null, "addr:housenumber": null, "addr:postcode": null, "addr:street": null, "check_date": null, "name:en": null, "internet_access": null, "addr:district": null, "internet_access:fee": null, "operator": null, "operator:type": null, "name:mr": null, "email": null, "opening_hours": null, "phone": null, "education": null, "alt_name:en": null, "fax": null, "short_name": null, "short_name:en": null, "building": null, "name:hi": null, "wikidata": null, "wikipedia": null, "name:etymology:wikidata": null, "designation": null, "old_name": null, "building:levels": null, "level": null, "wikimedia_commons": null, "school:gender": null, "description": null, "barrier": null, "addr:country": null, "isced:level": null, "school": null, "contact:website": null, "start_date": null, "contact:phone": null, "landuse": null }, "geometry": { "type": "Point", "coordinates": [ 72.8282592, 18.9383143 ] } },
{ "type": "Feature", "properties": { "element": "node", "id": 9060641467, "amenity": "college", "created_by": null, "name": "Bhausaheb Hiray College", "wheelchair": null, "alt_name": null, "toilets:wheelchair": null, "addr:city": null, "addr:housename": null, "addr:suburb": null, "website": null, "addr:housenumber": null, "addr:postcode": null, "addr:street": null, "check_date": null, "name:en": null, "internet_access": null, "addr:district": null, "internet_access:fee": null, "operator": null, "operator:type": null, "name:mr": null, "email": null, "opening_hours": null, "phone": null, "education": null, "alt_name:en": null, "fax": null, "short_name": null, "short_name:en": null, "building": null, "name:hi": null, "wikidata": null, "wikipedia": null, "name:etymology:wikidata": null, "designation": null, "old_name": null, "building:levels": null, "level": null, "wikimedia_commons": null, "school:gender": null, "description": null, "barrier": null, "addr:country": null, "isced:level": null, "school": null, "contact:website": null, "start_date": null, "contact:phone": null, "landuse": null }, "geometry": { "type": "Point", "coordinates": [ 72.812756, 18.9734103 ] } },
{ "type": "Feature", "properties": { "element": "node", "id": 9060708505, "amenity": "college", "created_by": null, "name": "Babasaheb Gawde Institute of Management Studies", "wheelchair": null, "alt_name": null, "toilets:wheelchair": null, "addr:city": null, "addr:housename": null, "addr:suburb": null, "website": null, "addr:housenumber": null, "addr:postcode": null, "addr:street": null, "check_date": null, "name:en": null, "internet_access": null, "addr:district": null, "internet_access:fee": null, "operator": null, "operator:type": null, "name:mr": null, "email": null, "opening_hours": null, "phone": null, "education": null, "alt_name:en": null, "fax": null, "short_name": null, "short_name:en": null, "building": null, "name:hi": null, "wikidata": null, "wikipedia": null, "name:etymology:wikidata": null, "designation": null, "old_name": null, "building:levels": null, "level": null, "wikimedia_commons": null, "school:gender": null, "description": null, "barrier": null, "addr:country": null, "isced:level": null, "school": null, "contact:website": null, "start_date": null, "contact:phone": null, "landuse": null }, "geometry": { "type": "Point", "coordinates": [ 72.8219929, 18.97074 ] } },
{ "type": "Feature", "properties": { "element": "node", "id": 9062426516, "amenity": "college", "created_by": null, "name": "Sasmira's Institute of Management Studies and Research", "wheelchair": null, "alt_name": null, "toilets:wheelchair": null, "addr:city": null, "addr:housename": null, "addr:suburb": null, "website": null, "addr:housenumber": null, "addr:postcode": null, "addr:street": null, "check_date": null, "name:en": null, "internet_access": null, "addr:district": null, "internet_access:fee": null, "operator": null, "operator:type": null, "name:mr": null, "email": null, "opening_hours": null, "phone": null, "education": null, "alt_name:en": null, "fax": null, "short_name": null, "short_name:en": null, "building": null, "name:hi": null, "wikidata": null, "wikipedia": null, "name:etymology:wikidata": null, "designation": null, "old_name": null, "building:levels": null, "level": null, "wikimedia_commons": null, "school:gender": null, "description": null, "barrier": null, "addr:country": null, "isced:level": null, "school": null, "contact:website": null, "start_date": null, "contact:phone": null, "landuse": null }, "geometry": { "type": "Point", "coordinates": [ 72.8198867, 19.0101483 ] } },
{ "type": "Feature", "properties": { "element": "node", "id": 9062444517, "amenity": "college", "created_by": null, "name": "Sasmira's Institute of Man-made Textiles", "wheelchair": null, "alt_name": null, "toilets:wheelchair": null, "addr:city": null, "addr:housename": null, "addr:suburb": null, "website": null, "addr:housenumber": null, "addr:postcode": null, "addr:street": null, "check_date": null, "name:en": null, "internet_access": null, "addr:district": null, "internet_access:fee": null, "operator": null, "operator:type": null, "name:mr": null, "email": null, "opening_hours": null, "phone": null, "education": null, "alt_name:en": null, "fax": null, "short_name": null, "short_name:en": null, "building": null, "name:hi": null, "wikidata": null, "wikipedia": null, "name:etymology:wikidata": null, "designation": null, "old_name": null, "building:levels": null, "level": null, "wikimedia_commons": null, "school:gender": null, "description": null, "barrier": null, "addr:country": null, "isced:level": null, "school": null, "contact:website": null, "start_date": null, "contact:phone": null, "landuse": null }, "geometry": { "type": "Point", "coordinates": [ 72.8200915, 19.0108465 ] } },
{ "type": "Feature", "properties": { "element": "node", "id": 10244121907, "amenity": "college", "created_by": null, "name": "kes law college", "wheelchair": null, "alt_name": null, "toilets:wheelchair": null, "addr:city": null, "addr:housename": null, "addr:suburb": null, "website": null, "addr:housenumber": null, "addr:postcode": null, "addr:street": null, "check_date": null, "name:en": null, "internet_access": null, "addr:district": null, "internet_access:fee": null, "operator": null, "operator:type": null, "name:mr": null, "email": null, "opening_hours": null, "phone": null, "education": null, "alt_name:en": null, "fax": null, "short_name": null, "short_name:en": null, "building": null, "name:hi": null, "wikidata": null, "wikipedia": null, "name:etymology:wikidata": null, "designation": null, "old_name": null, "building:levels": null, "level": null, "wikimedia_commons": null, "school:gender": null, "description": null, "barrier": null, "addr:country": null, "isced:level": null, "school": null, "contact:website": null, "start_date": null, "contact:phone": null, "landuse": null }, "geometry": { "type": "Point", "coordinates": [ 72.8460116, 19.2028619 ] } },
{ "type": "Feature", "properties": { "element": "node", "id": 10250511726, "amenity": "college", "created_by": null, "name": "JJ Academy", "wheelchair": null, "alt_name": null, "toilets:wheelchair": null, "addr:city": null, "addr:housename": null, "addr:suburb": null, "website": null, "addr:housenumber": null, "addr:postcode": null, "addr:street": null, "check_date": null, "name:en": null, "internet_access": null, "addr:district": null, "internet_access:fee": null, "operator": null, "operator:type": null, "name:mr": null, "email": null, "opening_hours": null, "phone": null, "education": null, "alt_name:en": null, "fax": null, "short_name": null, "short_name:en": null, "building": null, "name:hi": null, "wikidata": null, "wikipedia": null, "name:etymology:wikidata": null, "designation": null, "old_name": null, "building:levels": null, "level": null, "wikimedia_commons": null, "school:gender": null, "description": null, "barrier": null, "addr:country": null, "isced:level": null, "school": null, "contact:website": null, "start_date": null, "contact:phone": null, "landuse": null }, "geometry": { "type": "Point", "coordinates": [ 72.9416778, 19.1776419 ] } },
{ "type": "Feature", "properties": { "element": "node", "id": 11697998052, "amenity": "college", "created_by": null, "name": "Chanfrabhan Sharma collehe of arts & science", "wheelchair": null, "alt_name": null, "toilets:wheelchair": null, "addr:city": null, "addr:housename": null, "addr:suburb": null, "website": null, "addr:housenumber": null, "addr:postcode": null, "addr:street": null, "check_date": null, "name:en": null, "internet_access": null, "addr:district": null, "internet_access:fee": null, "operator": null, "operator:type": null, "name:mr": null, "email": null, "opening_hours": null, "phone": null, "education": null, "alt_name:en": null, "fax": null, "short_name": null, "short_name:en": null, "building": null, "name:hi": null, "wikidata": null, "wikipedia": null, "name:etymology:wikidata": null, "designation": null, "old_name": null, "building:levels": null, "level": null, "wikimedia_commons": null, "school:gender": null, "description": null, "barrier": null, "addr:country": null, "isced:level": null, "school": null, "contact:website": null, "start_date": null, "contact:phone": null, "landuse": null }, "geometry": { "type": "Point", "coordinates": [ 72.9027598, 19.1165643 ] } },
{ "type": "Feature", "properties": { "element": "node", "id": 11698444657, "amenity": "college", "created_by": null, "name": "Sinhgad College of Commerce", "wheelchair": null, "alt_name": null, "toilets:wheelchair": null, "addr:city": null, "addr:housename": null, "addr:suburb": null, "website": null, "addr:housenumber": null, "addr:postcode": null, "addr:street": null, "check_date": null, "name:en": null, "internet_access": null, "addr:district": null, "internet_access:fee": null, "operator": null, "operator:type": null, "name:mr": null, "email": null, "opening_hours": null, "phone": null, "education": null, "alt_name:en": null, "fax": null, "short_name": null, "short_name:en": null, "building": null, "name:hi": null, "wikidata": null, "wikipedia": null, "name:etymology:wikidata": null, "designation": null, "old_name": null, "building:levels": null, "level": null, "wikimedia_commons": null, "school:gender": null, "description": null, "barrier": null, "addr:country": null, "isced:level": null, "school": null, "contact:website": null, "start_date": null, "contact:phone": null, "landuse": null }, "geometry": { "type": "Point", "coordinates": [ 72.8965304, 19.1132882 ] } },
{ "type": "Feature", "properties": { "element": "node", "id": 12433269419, "amenity": "college", "created_by": null, "name": "St Andrew's College of Arts, Science and Commerce", "wheelchair": null, "alt_name": null, "toilets:wheelchair": null, "addr:city": "Bandra, Mumbai", "addr:housename": null, "addr:suburb": null, "website": "https://standrewscollege.ac.in/", "addr:housenumber": null, "addr:postcode": "400050", "addr:street": "St. Dominic Road", "check_date": null, "name:en": null, "internet_access": "wlan", "addr:district": "Mumbai", "internet_access:fee": "customers", "operator": "unknown", "operator:type": "government", "name:mr": null, "email": null, "opening_hours": null, "phone": null, "education": null, "alt_name:en": null, "fax": null, "short_name": null, "short_name:en": null, "building": null, "name:hi": null, "wikidata": null, "wikipedia": null, "name:etymology:wikidata": null, "designation": null, "old_name": null, "building:levels": null, "level": null, "wikimedia_commons": null, "school:gender": null, "description": null, "barrier": null, "addr:country": null, "isced:level": null, "school": null, "contact:website": null, "start_date": null, "contact:phone": null, "landuse": null }, "geometry": { "type": "Point", "coordinates": [ 72.8290034, 19.0564763 ] } },
{ "type": "Feature", "properties": { "element": "node", "id": 12921818966, "amenity": "college", "created_by": null, "name": "Sheila Raheja Institute of Hotel Management", "wheelchair": null, "alt_name": null, "toilets:wheelchair": null, "addr:city": null, "addr:housename": null, "addr:suburb": null, "website": null, "addr:housenumber": null, "addr:postcode": null, "addr:street": null, "check_date": null, "name:en": "Sheila Raheja Institute of Hotel Management", "internet_access": null, "addr:district": null, "internet_access:fee": null, "operator": null, "operator:type": null, "name:mr": "शीला रहेजा इंस्टिट्यूट ऑफ़ होटल मैनेजमेंट", "email": null, "opening_hours": null, "phone": null, "education": null, "alt_name:en": null, "fax": null, "short_name": null, "short_name:en": null, "building": null, "name:hi": null, "wikidata": null, "wikipedia": null, "name:etymology:wikidata": null, "designation": null, "old_name": null, "building:levels": null, "level": null, "wikimedia_commons": null, "school:gender": null, "description": null, "barrier": null, "addr:country": null, "isced:level": null, "school": null, "contact:website": null, "start_date": null, "contact:phone": null, "landuse": null }, "geometry": { "type": "Point", "coordinates": [ 72.8439117, 19.0592743 ] } },
{ "type": "Feature", "properties": { "element": "node", "id": 13102965801, "amenity": "college", "created_by": null, "name": "V K Krishna Menon College", "wheelchair": null, "alt_name": null, "toilets:wheelchair": null, "addr:city": null, "addr:housename": null, "addr:suburb": null, "website": "https://www.menoncollege.edu.in/", "addr:housenumber": "1", "addr:postcode": "400042", "addr:street": "Veer Savarkar Road", "check_date": null, "name:en": null, "internet_access": "wlan", "addr:district": null, "internet_access:fee": null, "operator": null, "operator:type": null, "name:mr": null, "email": "info@menoncollege.edu.in", "opening_hours": "Mo-Sa 07:15-17:00", "phone": "02225668541", "education": null, "alt_name:en": null, "fax": null, "short_name": null, "short_name:en": null, "building": null, "name:hi": null, "wikidata": null, "wikipedia": null, "name:etymology:wikidata": null, "designation": null, "old_name": null, "building:levels": null, "level": null, "wikimedia_commons": null, "school:gender": null, "description": null, "barrier": null, "addr:country": null, "isced:level": null, "school": null, "contact:website": null, "start_date": null, "contact:phone": null, "landuse": null }, "geometry": { "type": "Point", "coordinates": [ 72.9394744, 19.1431219 ] } },
{ "type": "Feature", "properties": { "element": "node", "id": 13112025801, "amenity": "college", "created_by": null, "name": "Hinduja College", "wheelchair": null, "alt_name": null, "toilets:wheelchair": null, "addr:city": null, "addr:housename": null, "addr:suburb": null, "website": null, "addr:housenumber": "315", "addr:postcode": "400004", "addr:street": "Raja Ram Mohan Roy Road (Charni Road)", "check_date": null, "name:en": null, "internet_access": null, "addr:district": null, "internet_access:fee": null, "operator": null, "operator:type": null, "name:mr": null, "email": null, "opening_hours": null, "phone": null, "education": null, "alt_name:en": null, "fax": null, "short_name": null, "short_name:en": null, "building": null, "name:hi": null, "wikidata": null, "wikipedia": null, "name:etymology:wikidata": null, "designation": null, "old_name": null, "building:levels": null, "level": null, "wikimedia_commons": null, "school:gender": null, "description": null, "barrier": null, "addr:country": null, "isced:level": null, "school": null, "contact:website": null, "start_date": null, "contact:phone": null, "landuse": null }, "geometry": { "type": "Point", "coordinates": [ 72.8184681, 18.9528083 ] } },
{ "type": "Feature", "properties": { "element": "node", "id": 13716485312, "amenity": "college", "created_by": null, "name": "Bombay Veterinary College Sub-Campus", "wheelchair": null, "alt_name": null, "toilets:wheelchair": null, "addr:city": "Mumbai", "addr:housename": null, "addr:suburb": null, "website": "http://www.mvcmafsu.ac.in/", "addr:housenumber": null, "addr:postcode": "400065", "addr:street": "Service Road", "check_date": null, "name:en": null, "internet_access": null, "addr:district": null, "internet_access:fee": null, "operator": null, "operator:type": null, "name:mr": null, "email": null, "opening_hours": null, "phone": null, "education": "college", "alt_name:en": null, "fax": null, "short_name": null, "short_name:en": null, "building": null, "name:hi": null, "wikidata": null, "wikipedia": null, "name:etymology:wikidata": null, "designation": null, "old_name": null, "building:levels": null, "level": null, "wikimedia_commons": null, "school:gender": null, "description": null, "barrier": null, "addr:country": null, "isced:level": null, "school": null, "contact:website": null, "start_date": null, "contact:phone": null, "landuse": null }, "geometry": { "type": "Point", "coordinates": [ 72.8570154, 19.1511644 ] } },
{ "type": "Feature", "properties": { "element": "node", "id": 13927730285, "amenity": "college", "created_by": null, "name": "KJ Somaiya Medical College & Research Centre", "wheelchair": null, "alt_name": null, "toilets:wheelchair": null, "addr:city": null, "addr:housename": null, "addr:suburb": null, "website": null, "addr:housenumber": null, "addr:postcode": null, "addr:street": null, "check_date": null, "name:en": null, "internet_access": "yes", "addr:district": null, "internet_access:fee": "no", "operator": "Somaiya Ayurvihar", "operator:type": "university", "name:mr": null, "email": null, "opening_hours": null, "phone": null, "education": "college", "alt_name:en": null, "fax": null, "short_name": null, "short_name:en": null, "building": null, "name:hi": null, "wikidata": null, "wikipedia": null, "name:etymology:wikidata": null, "designation": null, "old_name": null, "building:levels": null, "level": null, "wikimedia_commons": null, "school:gender": null, "description": null, "barrier": null, "addr:country": null, "isced:level": null, "school": null, "contact:website": null, "start_date": null, "contact:phone": null, "landuse": null }, "geometry": { "type": "Point", "coordinates": [ 72.8749868, 19.0469123 ] } },
{ "type": "Feature", "properties": { "element": "way", "id": 27055930, "amenity": "college", "created_by": null, "name": "Fr Conceicao Rodrigues College of Engineering", "wheelchair": null, "alt_name": "Father Agnel College", "toilets:wheelchair": null, "addr:city": "Mumbai", "addr:housename": null, "addr:suburb": null, "website": "https://fragnel.edu.in/", "addr:housenumber": null, "addr:postcode": "400050", "addr:street": null, "check_date": null, "name:en": "Fr Conceicao Rodrigues College of Engineering", "internet_access": null, "addr:district": null, "internet_access:fee": null, "operator": null, "operator:type": null, "name:mr": null, "email": "crce@frcrce.ac.in", "opening_hours": null, "phone": "+91-22-67114100", "education": null, "alt_name:en": "Father Agnel College", "fax": "+91-22-67114100", "short_name": "FRCRCE", "short_name:en": "FRCRCE", "building": null, "name:hi": null, "wikidata": null, "wikipedia": null, "name:etymology:wikidata": null, "designation": null, "old_name": null, "building:levels": null, "level": null, "wikimedia_commons": null, "school:gender": null, "description": null, "barrier": null, "addr:country": null, "isced:level": null, "school": null, "contact:website": null, "start_date": null, "contact:phone": null, "landuse": null }, "geometry": { "type": "Polygon", "coordinates": [ [ [ 72.8197256, 19.0449038 ], [ 72.8195491, 19.0443287 ], [ 72.8204791, 19.0442034 ], [ 72.8207736, 19.0438166 ], [ 72.8208344, 19.0437863 ], [ 72.8208908, 19.0437732 ], [ 72.8210665, 19.0438094 ], [ 72.8216657, 19.0439046 ], [ 72.8215067, 19.0441309 ], [ 72.8217896, 19.0444734 ], [ 72.821423, 19.044739 ], [ 72.8213188, 19.0446318 ], [ 72.8211384, 19.0445251 ], [ 72.8210257, 19.0445206 ], [ 72.8208209, 19.0445853 ], [ 72.8204415, 19.0446867 ], [ 72.8197256, 19.0449038 ] ] ] } },
{ "type": "Feature", "properties": { "element": "way", "id": 52511403, "amenity": "college", "created_by": null, "name": "Environmental Science & Engineering", "wheelchair": null, "alt_name": null, "toilets:wheelchair": null, "addr:city": null, "addr:housename": null, "addr:suburb": null, "website": null, "addr:housenumber": null, "addr:postcode": null, "addr:street": null, "check_date": null, "name:en": null, "internet_access": null, "addr:district": null, "internet_access:fee": null, "operator": null, "operator:type": null, "name:mr": null, "email": null, "opening_hours": null, "phone": null, "education": null, "alt_name:en": null, "fax": null, "short_name": null, "short_name:en": null, "building": "university", "name:hi": null, "wikidata": null, "wikipedia": null, "name:etymology:wikidata": null, "designation": null, "old_name": null, "building:levels": null, "level": null, "wikimedia_commons": null, "school:gender": null, "description": null, "barrier": null, "addr:country": null, "isced:level": null, "school": null, "contact:website": null, "start_date": null, "contact:phone": null, "landuse": null }, "geometry": { "type": "Polygon", "coordinates": [ [ [ 72.9181794, 19.1324732 ], [ 72.9181912, 19.1322796 ], [ 72.9185054, 19.1322933 ], [ 72.9184936, 19.1324869 ], [ 72.9181794, 19.1324732 ] ] ] } },
{ "type": "Feature", "properties": { "element": "way", "id": 52513988, "amenity": "college", "created_by": null, "name": "Applied Materials Exploration Centre", "wheelchair": null, "alt_name": null, "toilets:wheelchair": null, "addr:city": null, "addr:housename": null, "addr:suburb": null, "website": null, "addr:housenumber": null, "addr:postcode": null, "addr:street": null, "check_date": null, "name:en": null, "internet_access": null, "addr:district": null, "internet_access:fee": null, "operator": null, "operator:type": null, "name:mr": null, "email": null, "opening_hours": null, "phone": null, "education": null, "alt_name:en": null, "fax": null, "short_name": null, "short_name:en": null, "building": "university", "name:hi": null, "wikidata": null, "wikipedia": null, "name:etymology:wikidata": null, "designation": null, "old_name": null, "building:levels": null, "level": null, "wikimedia_commons": null, "school:gender": null, "description": null, "barrier": null, "addr:country": null, "isced:level": null, "school": null, "contact:website": null, "start_date": null, "contact:phone": null, "landuse": null }, "geometry": { "type": "Polygon", "coordinates": [ [ [ 72.9187637, 19.1354784 ], [ 72.9190391, 19.1354141 ], [ 72.9189546, 19.1350906 ], [ 72.9188003, 19.1351266 ], [ 72.9187876, 19.135078 ], [ 72.9186665, 19.1351062 ], [ 72.9187637, 19.1354784 ] ] ] } },
{ "type": "Feature", "properties": { "element": "way", "id": 52514091, "amenity": "college", "created_by": null, "name": "Centifuge Facility", "wheelchair": null, "alt_name": null, "toilets:wheelchair": null, "addr:city": null, "addr:housename": null, "addr:suburb": null, "website": null, "addr:housenumber": null, "addr:postcode": null, "addr:street": null, "check_date": null, "name:en": null, "internet_access": null, "addr:district": null, "internet_access:fee": null, "operator": null, "operator:type": null, "name:mr": null, "email": null, "opening_hours": null, "phone": null, "education": null, "alt_name:en": null, "fax": null, "short_name": null, "short_name:en": null, "building": "university", "name:hi": null, "wikidata": null, "wikipedia": null, "name:etymology:wikidata": null, "designation": null, "old_name": null, "building:levels": null, "level": null, "wikimedia_commons": null, "school:gender": null, "description": null, "barrier": null, "addr:country": null, "isced:level": null, "school": null, "contact:website": null, "start_date": null, "contact:phone": null, "landuse": null }, "geometry": { "type": "Polygon", "coordinates": [ [ [ 72.9167059, 19.1353564 ], [ 72.9167607, 19.1352254 ], [ 72.9168444, 19.1352567 ], [ 72.9168679, 19.1352005 ], [ 72.9169654, 19.1352369 ], [ 72.9169174, 19.1353515 ], [ 72.9170795, 19.135412 ], [ 72.9170618, 19.1354542 ], [ 72.9168911, 19.1353905 ], [ 72.916833, 19.1355296 ], [ 72.9167716, 19.1355067 ], [ 72.9168171, 19.1353979 ], [ 72.9167059, 19.1353564 ] ] ] } },
{ "type": "Feature", "properties": { "element": "way", "id": 79670766, "amenity": "college", "created_by": null, "name": "Narsee Monjee College of Commerce", "wheelchair": null, "alt_name": null, "toilets:wheelchair": null, "addr:city": null, "addr:housename": null, "addr:suburb": null, "website": null, "addr:housenumber": null, "addr:postcode": null, "addr:street": null, "check_date": null, "name:en": null, "internet_access": null, "addr:district": null, "internet_access:fee": null, "operator": null, "operator:type": null, "name:mr": null, "email": null, "opening_hours": null, "phone": null, "education": null, "alt_name:en": null, "fax": null, "short_name": null, "short_name:en": null, "building": "school", "name:hi": null, "wikidata": null, "wikipedia": null, "name:etymology:wikidata": null, "designation": null, "old_name": null, "building:levels": null, "level": null, "wikimedia_commons": null, "school:gender": null, "description": null, "barrier": null, "addr:country": null, "isced:level": null, "school": null, "contact:website": null, "start_date": null, "contact:phone": null, "landuse": null }, "geometry": { "type": "Polygon", "coordinates": [ [ [ 72.8371131, 19.1039082 ], [ 72.8372515, 19.1039093 ], [ 72.8372527, 19.1037427 ], [ 72.8373082, 19.1037152 ], [ 72.8373386, 19.1036568 ], [ 72.8374622, 19.1036545 ], [ 72.8374631, 19.1036898 ], [ 72.8375463, 19.1036899 ], [ 72.8375479, 19.1036544 ], [ 72.8375999, 19.1036563 ], [ 72.8376023, 19.1035291 ], [ 72.8371118, 19.1035342 ], [ 72.8371131, 19.1039082 ] ] ] } },
{ "type": "Feature", "properties": { "element": "way", "id": 83337272, "amenity": "college", "created_by": null, "name": "Ismail Yusuf College", "wheelchair": null, "alt_name": null, "toilets:wheelchair": null, "addr:city": null, "addr:housename": null, "addr:suburb": null, "website": "https://ismailyusufcollege.ac.in/", "addr:housenumber": null, "addr:postcode": null, "addr:street": null, "check_date": null, "name:en": null, "internet_access": null, "addr:district": null, "internet_access:fee": null, "operator": null, "operator:type": null, "name:mr": null, "email": null, "opening_hours": null, "phone": null, "education": null, "alt_name:en": null, "fax": null, "short_name": null, "short_name:en": null, "building": null, "name:hi": "इस्माइल युसूफ कॉलेज", "wikidata": "Q12060807", "wikipedia": "en:Ismail Yusuf College", "name:etymology:wikidata": null, "designation": null, "old_name": null, "building:levels": null, "level": null, "wikimedia_commons": null, "school:gender": null, "description": null, "barrier": null, "addr:country": null, "isced:level": null, "school": null, "contact:website": null, "start_date": null, "contact:phone": null, "landuse": null }, "geometry": { "type": "Polygon", "coordinates": [ [ [ 72.8547745, 19.1343627 ], [ 72.8534341, 19.1352597 ], [ 72.8518715, 19.1353589 ], [ 72.8515563, 19.1352845 ], [ 72.8512412, 19.1356567 ], [ 72.849928, 19.135086 ], [ 72.8499717, 19.1329799 ], [ 72.8499819, 19.1328497 ], [ 72.8500468, 19.132022 ], [ 72.852155, 19.131424 ], [ 72.8529089, 19.1312897 ], [ 72.853201, 19.1312871 ], [ 72.8540776, 19.1315006 ], [ 72.8548655, 19.131848 ], [ 72.8547745, 19.1343627 ] ] ] } },
{ "type": "Feature", "properties": { "element": "way", "id": 102765242, "amenity": "college", "created_by": null, "name": "Patkar College of Science", "wheelchair": null, "alt_name": null, "toilets:wheelchair": null, "addr:city": null, "addr:housename": null, "addr:suburb": null, "website": null, "addr:housenumber": null, "addr:postcode": null, "addr:street": null, "check_date": null, "name:en": null, "internet_access": null, "addr:district": null, "internet_access:fee": null, "operator": null, "operator:type": null, "name:mr": null, "email": null, "opening_hours": null, "phone": null, "education": null, "alt_name:en": null, "fax": null, "short_name": null, "short_name:en": null, "building": null, "name:hi": null, "wikidata": null, "wikipedia": null, "name:etymology:wikidata": null, "designation": null, "old_name": null, "building:levels": null, "level": null, "wikimedia_commons": null, "school:gender": null, "description": null, "barrier": null, "addr:country": null, "isced:level": null, "school": null, "contact:website": null, "start_date": null, "contact:phone": null, "landuse": null }, "geometry": { "type": "Polygon", "coordinates": [ [ [ 72.8457467, 19.16691 ], [ 72.8457179, 19.1672296 ], [ 72.8460028, 19.1672525 ], [ 72.8460316, 19.166933 ], [ 72.8457467, 19.16691 ] ] ] } },
{ "type": "Feature", "properties": { "element": "way", "id": 112781803, "amenity": "college", "created_by": null, "name": "Guru Nanak Khalsa College of Arts, Science & Commerce", "wheelchair": null, "alt_name": "Khalsa College", "toilets:wheelchair": null, "addr:city": null, "addr:housename": null, "addr:suburb": null, "website": null, "addr:housenumber": null, "addr:postcode": null, "addr:street": null, "check_date": null, "name:en": null, "internet_access": null, "addr:district": null, "internet_access:fee": null, "operator": null, "operator:type": null, "name:mr": null, "email": null, "opening_hours": null, "phone": null, "education": "college", "alt_name:en": null, "fax": null, "short_name": null, "short_name:en": null, "building": null, "name:hi": null, "wikidata": null, "wikipedia": null, "name:etymology:wikidata": "Q83322", "designation": null, "old_name": null, "building:levels": null, "level": null, "wikimedia_commons": null, "school:gender": null, "description": null, "barrier": null, "addr:country": null, "isced:level": null, "school": null, "contact:website": null, "start_date": null, "contact:phone": null, "landuse": null }, "geometry": { "type": "Polygon", "coordinates": [ [ [ 72.8564087, 19.0260175 ], [ 72.8563492, 19.0260165 ], [ 72.8561783, 19.0258793 ], [ 72.8559986, 19.025777 ], [ 72.8558888, 19.0257258 ], [ 72.8555962, 19.0256407 ], [ 72.8553821, 19.0256127 ], [ 72.8551864, 19.0245395 ], [ 72.8554754, 19.0244921 ], [ 72.8560148, 19.0244419 ], [ 72.8570412, 19.024719 ], [ 72.8569417, 19.0255765 ], [ 72.8564087, 19.0260175 ] ] ] } },
{ "type": "Feature", "properties": { "element": "way", "id": 112781811, "amenity": "college", "created_by": null, "name": "Veermata Jijabhai Technological Institute (VJTI)", "wheelchair": null, "alt_name": null, "toilets:wheelchair": null, "addr:city": "Mumbai", "addr:housename": null, "addr:suburb": null, "website": null, "addr:housenumber": "501-509", "addr:postcode": "400031", "addr:street": "VJTI Marg", "check_date": null, "name:en": null, "internet_access": null, "addr:district": null, "internet_access:fee": null, "operator": null, "operator:type": null, "name:mr": null, "email": null, "opening_hours": null, "phone": null, "education": null, "alt_name:en": null, "fax": null, "short_name": null, "short_name:en": null, "building": null, "name:hi": null, "wikidata": "Q7918222", "wikipedia": null, "name:etymology:wikidata": "Q6192525", "designation": "VJTI", "old_name": "Victoria Jubilee Technological Institute", "building:levels": null, "level": null, "wikimedia_commons": null, "school:gender": null, "description": null, "barrier": null, "addr:country": null, "isced:level": null, "school": null, "contact:website": null, "start_date": null, "contact:phone": null, "landuse": null }, "geometry": { "type": "Polygon", "coordinates": [ [ [ 72.8560785, 19.0243109 ], [ 72.8570359, 19.0245647 ], [ 72.8569773, 19.0229802 ], [ 72.8566256, 19.0213633 ], [ 72.8561804, 19.01959 ], [ 72.8559372, 19.0191249 ], [ 72.8558591, 19.0190658 ], [ 72.8557599, 19.0190582 ], [ 72.8556099, 19.0191208 ], [ 72.8548499, 19.0196137 ], [ 72.8552594, 19.0205996 ], [ 72.8560785, 19.0243109 ] ] ] } },
{ "type": "Feature", "properties": { "element": "way", "id": 112782814, "amenity": "college", "created_by": null, "name": "Dr.Ambedkar College", "wheelchair": null, "alt_name": null, "toilets:wheelchair": null, "addr:city": null, "addr:housename": null, "addr:suburb": null, "website": null, "addr:housenumber": null, "addr:postcode": null, "addr:street": null, "check_date": null, "name:en": null, "internet_access": null, "addr:district": null, "internet_access:fee": null, "operator": null, "operator:type": null, "name:mr": null, "email": null, "opening_hours": null, "phone": null, "education": "college", "alt_name:en": null, "fax": null, "short_name": null, "short_name:en": null, "building": null, "name:hi": null, "wikidata": null, "wikipedia": null, "name:etymology:wikidata": "Q231690", "designation": null, "old_name": null, "building:levels": null, "level": null, "wikimedia_commons": null, "school:gender": null, "description": null, "barrier": null, "addr:country": null, "isced:level": null, "school": null, "contact:website": null, "start_date": null, "contact:phone": null, "landuse": null }, "geometry": { "type": "Polygon", "coordinates": [ [ [ 72.8520707, 19.0151014 ], [ 72.8523814, 19.015409 ], [ 72.8527185, 19.0156967 ], [ 72.8531385, 19.0153493 ], [ 72.8535319, 19.0151143 ], [ 72.8534646, 19.0150165 ], [ 72.8540805, 19.0146397 ], [ 72.854122, 19.0147132 ], [ 72.8542927, 19.0146103 ], [ 72.8542358, 19.0144978 ], [ 72.854122, 19.0143167 ], [ 72.8541033, 19.0141301 ], [ 72.8541608, 19.0140588 ], [ 72.8540493, 19.0139092 ], [ 72.8536599, 19.0141532 ], [ 72.8520707, 19.0151014 ] ] ] } },
{ "type": "Feature", "properties": { "element": "way", "id": 113578550, "amenity": "college", "created_by": null, "name": "Ramnarain Ruia College", "wheelchair": null, "alt_name": null, "toilets:wheelchair": null, "addr:city": null, "addr:housename": null, "addr:suburb": null, "website": null, "addr:housenumber": null, "addr:postcode": null, "addr:street": null, "check_date": "2026-03-20", "name:en": null, "internet_access": null, "addr:district": null, "internet_access:fee": null, "operator": null, "operator:type": null, "name:mr": null, "email": null, "opening_hours": null, "phone": null, "education": null, "alt_name:en": null, "fax": null, "short_name": null, "short_name:en": null, "building": null, "name:hi": null, "wikidata": null, "wikipedia": null, "name:etymology:wikidata": null, "designation": null, "old_name": null, "building:levels": null, "level": null, "wikimedia_commons": null, "school:gender": null, "description": null, "barrier": null, "addr:country": null, "isced:level": null, "school": null, "contact:website": null, "start_date": null, "contact:phone": null, "landuse": null }, "geometry": { "type": "Polygon", "coordinates": [ [ [ 72.8499314, 19.024386 ], [ 72.8505381, 19.0242625 ], [ 72.8503505, 19.0235242 ], [ 72.850546, 19.0233961 ], [ 72.8502569, 19.0230591 ], [ 72.8496689, 19.0234842 ], [ 72.8498654, 19.0241061 ], [ 72.8499314, 19.024386 ] ] ] } },
{ "type": "Feature", "properties": { "element": "way", "id": 113715163, "amenity": "college", "created_by": null, "name": "Institute of Catering Hotel Management & Applied Nutrition", "wheelchair": null, "alt_name": null, "toilets:wheelchair": null, "addr:city": null, "addr:housename": null, "addr:suburb": null, "website": null, "addr:housenumber": null, "addr:postcode": null, "addr:street": null, "check_date": null, "name:en": null, "internet_access": null, "addr:district": null, "internet_access:fee": null, "operator": null, "operator:type": null, "name:mr": null, "email": null, "opening_hours": null, "phone": null, "education": null, "alt_name:en": null, "fax": null, "short_name": null, "short_name:en": null, "building": null, "name:hi": null, "wikidata": null, "wikipedia": null, "name:etymology:wikidata": null, "designation": null, "old_name": null, "building:levels": null, "level": null, "wikimedia_commons": null, "school:gender": null, "description": null, "barrier": null, "addr:country": null, "isced:level": null, "school": null, "contact:website": null, "start_date": null, "contact:phone": null, "landuse": null }, "geometry": { "type": "Polygon", "coordinates": [ [ [ 72.8352639, 19.0241022 ], [ 72.8358254, 19.0238747 ], [ 72.8355091, 19.0232938 ], [ 72.8355956, 19.0232343 ], [ 72.8353472, 19.0227823 ], [ 72.8347424, 19.0231393 ], [ 72.8352639, 19.0241022 ] ] ] } },
{ "type": "Feature", "properties": { "element": "way", "id": 113715166, "amenity": "college", "created_by": null, "name": "Kirti M. Doongursee College of Arts, Science and Commerce", "wheelchair": null, "alt_name": null, "toilets:wheelchair": null, "addr:city": null, "addr:housename": null, "addr:suburb": null, "website": null, "addr:housenumber": null, "addr:postcode": null, "addr:street": null, "check_date": null, "name:en": "Kirti M. Doongursee College of Arts, Science and Commerce", "internet_access": null, "addr:district": null, "internet_access:fee": null, "operator": null, "operator:type": null, "name:mr": null, "email": null, "opening_hours": null, "phone": null, "education": null, "alt_name:en": null, "fax": null, "short_name": "Kirti College", "short_name:en": "Kirti College", "building": null, "name:hi": null, "wikidata": null, "wikipedia": null, "name:etymology:wikidata": null, "designation": null, "old_name": null, "building:levels": null, "level": null, "wikimedia_commons": null, "school:gender": null, "description": null, "barrier": null, "addr:country": null, "isced:level": null, "school": null, "contact:website": null, "start_date": null, "contact:phone": null, "landuse": null }, "geometry": { "type": "Polygon", "coordinates": [ [ [ 72.8303934, 19.0215138 ], [ 72.8307563, 19.0210322 ], [ 72.8311268, 19.0207124 ], [ 72.8317841, 19.0213075 ], [ 72.8309976, 19.0220051 ], [ 72.8303934, 19.0215138 ] ] ] } },
{ "type": "Feature", "properties": { "element": "way", "id": 113775906, "amenity": "college", "created_by": null, "name": "South Indian Welfare Society College", "wheelchair": null, "alt_name": "SIWS College", "toilets:wheelchair": null, "addr:city": null, "addr:housename": null, "addr:suburb": null, "website": null, "addr:housenumber": null, "addr:postcode": null, "addr:street": null, "check_date": null, "name:en": null, "internet_access": null, "addr:district": null, "internet_access:fee": null, "operator": null, "operator:type": null, "name:mr": null, "email": null, "opening_hours": null, "phone": null, "education": null, "alt_name:en": null, "fax": null, "short_name": null, "short_name:en": null, "building": null, "name:hi": null, "wikidata": null, "wikipedia": null, "name:etymology:wikidata": null, "designation": null, "old_name": null, "building:levels": null, "level": null, "wikimedia_commons": null, "school:gender": null, "description": null, "barrier": null, "addr:country": null, "isced:level": null, "school": null, "contact:website": null, "start_date": null, "contact:phone": null, "landuse": null }, "geometry": { "type": "Polygon", "coordinates": [ [ [ 72.8589049, 19.0209503 ], [ 72.8588338, 19.0204278 ], [ 72.8605096, 19.0201928 ], [ 72.8605871, 19.0206104 ], [ 72.8605315, 19.020709 ], [ 72.8604591, 19.0207572 ], [ 72.8589049, 19.0209503 ] ] ] } },
{ "type": "Feature", "properties": { "element": "way", "id": 118442694, "amenity": "college", "created_by": null, "name": "Model English Night High School & Jr.College", "wheelchair": null, "alt_name": null, "toilets:wheelchair": null, "addr:city": null, "addr:housename": null, "addr:suburb": null, "website": null, "addr:housenumber": null, "addr:postcode": null, "addr:street": null, "check_date": "2026-03-20", "name:en": null, "internet_access": null, "addr:district": null, "internet_access:fee": null, "operator": null, "operator:type": null, "name:mr": null, "email": null, "opening_hours": null, "phone": null, "education": null, "alt_name:en": null, "fax": null, "short_name": null, "short_name:en": null, "building": "yes", "name:hi": null, "wikidata": null, "wikipedia": null, "name:etymology:wikidata": null, "designation": null, "old_name": null, "building:levels": null, "level": null, "wikimedia_commons": null, "school:gender": null, "description": null, "barrier": null, "addr:country": null, "isced:level": null, "school": null, "contact:website": null, "start_date": null, "contact:phone": null, "landuse": null }, "geometry": { "type": "Polygon", "coordinates": [ [ [ 72.8555477, 19.028636 ], [ 72.8559164, 19.0283777 ], [ 72.8558431, 19.0282842 ], [ 72.8554745, 19.0285425 ], [ 72.8555477, 19.028636 ] ] ] } },
{ "type": "Feature", "properties": { "element": "way", "id": 120022416, "amenity": "college", "created_by": null, "name": "KES College Ground", "wheelchair": null, "alt_name": null, "toilets:wheelchair": null, "addr:city": null, "addr:housename": null, "addr:suburb": null, "website": null, "addr:housenumber": null, "addr:postcode": null, "addr:street": null, "check_date": null, "name:en": null, "internet_access": "yes", "addr:district": null, "internet_access:fee": null, "operator": null, "operator:type": null, "name:mr": null, "email": null, "opening_hours": null, "phone": null, "education": null, "alt_name:en": null, "fax": null, "short_name": null, "short_name:en": null, "building": null, "name:hi": null, "wikidata": null, "wikipedia": null, "name:etymology:wikidata": null, "designation": null, "old_name": null, "building:levels": null, "level": null, "wikimedia_commons": null, "school:gender": null, "description": null, "barrier": null, "addr:country": null, "isced:level": null, "school": null, "contact:website": null, "start_date": null, "contact:phone": null, "landuse": null }, "geometry": { "type": "Polygon", "coordinates": [ [ [ 72.8462793, 19.2021596 ], [ 72.8470005, 19.2020543 ], [ 72.8469249, 19.2015263 ], [ 72.8461985, 19.2016268 ], [ 72.8462793, 19.2021596 ] ] ] } },
{ "type": "Feature", "properties": { "element": "way", "id": 133405012, "amenity": "college", "created_by": null, "name": "Vidyalankar Institute of Technology", "wheelchair": null, "alt_name": null, "toilets:wheelchair": null, "addr:city": "Mumbai", "addr:housename": null, "addr:suburb": null, "website": null, "addr:housenumber": null, "addr:postcode": "400037", "addr:street": "Vidyalankar Road", "check_date": null, "name:en": null, "internet_access": null, "addr:district": null, "internet_access:fee": null, "operator": null, "operator:type": null, "name:mr": null, "email": null, "opening_hours": null, "phone": null, "education": null, "alt_name:en": null, "fax": null, "short_name": null, "short_name:en": null, "building": "yes", "name:hi": null, "wikidata": "Q7928199", "wikipedia": "en:Vidyalankar Institute of Technology", "name:etymology:wikidata": null, "designation": null, "old_name": null, "building:levels": "4", "level": "-1", "wikimedia_commons": "Category:Vidyalankar Institute of Technology", "school:gender": null, "description": null, "barrier": null, "addr:country": null, "isced:level": null, "school": null, "contact:website": null, "start_date": null, "contact:phone": null, "landuse": null }, "geometry": { "type": "Polygon", "coordinates": [ [ [ 72.8703481, 19.0215479 ], [ 72.8703883, 19.0218272 ], [ 72.8714785, 19.021687 ], [ 72.8714294, 19.0213926 ], [ 72.8703481, 19.0215479 ] ] ] } },
{ "type": "Feature", "properties": { "element": "way", "id": 152629597, "amenity": "college", "created_by": null, "name": "Ali Yavar Jung National Institute for the Hearing Handicapped", "wheelchair": null, "alt_name": null, "toilets:wheelchair": null, "addr:city": null, "addr:housename": null, "addr:suburb": null, "website": null, "addr:housenumber": null, "addr:postcode": null, "addr:street": null, "check_date": null, "name:en": null, "internet_access": null, "addr:district": null, "internet_access:fee": null, "operator": null, "operator:type": null, "name:mr": null, "email": null, "opening_hours": null, "phone": null, "education": null, "alt_name:en": null, "fax": null, "short_name": null, "short_name:en": null, "building": null, "name:hi": null, "wikidata": "Q30262879", "wikipedia": null, "name:etymology:wikidata": "Q4725266", "designation": null, "old_name": null, "building:levels": null, "level": null, "wikimedia_commons": null, "school:gender": null, "description": null, "barrier": null, "addr:country": null, "isced:level": null, "school": null, "contact:website": null, "start_date": null, "contact:phone": null, "landuse": null }, "geometry": { "type": "Polygon", "coordinates": [ [ [ 72.8343279, 19.0524338 ], [ 72.8343857, 19.0513482 ], [ 72.8345374, 19.0512594 ], [ 72.8351844, 19.0513279 ], [ 72.836258, 19.051392 ], [ 72.8363975, 19.0514028 ], [ 72.8359568, 19.0519627 ], [ 72.8356209, 19.0521983 ], [ 72.834978, 19.0524065 ], [ 72.8343279, 19.0524338 ] ] ] } },
{ "type": "Feature", "properties": { "element": "way", "id": 154837241, "amenity": "college", "created_by": null, "name": "R D National College Of Arts & Commerce", "wheelchair": null, "alt_name": null, "toilets:wheelchair": null, "addr:city": null, "addr:housename": null, "addr:suburb": null, "website": null, "addr:housenumber": null, "addr:postcode": "400050", "addr:street": "Linking Road, Bandra West", "check_date": null, "name:en": null, "internet_access": null, "addr:district": null, "internet_access:fee": null, "operator": null, "operator:type": null, "name:mr": null, "email": null, "opening_hours": null, "phone": null, "education": null, "alt_name:en": null, "fax": null, "short_name": null, "short_name:en": null, "building": null, "name:hi": null, "wikidata": null, "wikipedia": null, "name:etymology:wikidata": null, "designation": null, "old_name": null, "building:levels": null, "level": null, "wikimedia_commons": null, "school:gender": null, "description": null, "barrier": null, "addr:country": null, "isced:level": null, "school": null, "contact:website": null, "start_date": null, "contact:phone": null, "landuse": null }, "geometry": { "type": "Polygon", "coordinates": [ [ [ 72.8352446, 19.0637516 ], [ 72.8349338, 19.0644443 ], [ 72.8356224, 19.064716 ], [ 72.8357238, 19.0644808 ], [ 72.8355092, 19.0643794 ], [ 72.8355789, 19.0641208 ], [ 72.8355464, 19.0637815 ], [ 72.8352446, 19.0637516 ] ] ] } },
{ "type": "Feature", "properties": { "element": "way", "id": 154837257, "amenity": "college", "created_by": null, "name": "TSEC College", "wheelchair": null, "alt_name": null, "toilets:wheelchair": null, "addr:city": null, "addr:housename": null, "addr:suburb": null, "website": null, "addr:housenumber": null, "addr:postcode": null, "addr:street": null, "check_date": null, "name:en": null, "internet_access": null, "addr:district": null, "internet_access:fee": null, "operator": null, "operator:type": null, "name:mr": null, "email": null, "opening_hours": null, "phone": null, "education": null, "alt_name:en": null, "fax": null, "short_name": null, "short_name:en": null, "building": "school", "name:hi": null, "wikidata": null, "wikipedia": null, "name:etymology:wikidata": null, "designation": null, "old_name": null, "building:levels": null, "level": null, "wikimedia_commons": null, "school:gender": null, "description": null, "barrier": null, "addr:country": null, "isced:level": null, "school": null, "contact:website": null, "start_date": null, "contact:phone": null, "landuse": null }, "geometry": { "type": "Polygon", "coordinates": [ [ [ 72.8355771, 19.0640025 ], [ 72.8360067, 19.0640068 ], [ 72.8360087, 19.0638264 ], [ 72.8358606, 19.0638249 ], [ 72.8358598, 19.0638934 ], [ 72.8357495, 19.0638922 ], [ 72.8357504, 19.0638114 ], [ 72.8355793, 19.0638096 ], [ 72.8355771, 19.0640025 ] ] ] } },
{ "type": "Feature", "properties": { "element": "way", "id": 196510709, "amenity": "college", "created_by": null, "name": "Central Institute of Fisheries Education", "wheelchair": null, "alt_name": null, "toilets:wheelchair": null, "addr:city": null, "addr:housename": null, "addr:suburb": null, "website": null, "addr:housenumber": null, "addr:postcode": null, "addr:street": null, "check_date": null, "name:en": null, "internet_access": null, "addr:district": null, "internet_access:fee": null, "operator": null, "operator:type": null, "name:mr": null, "email": null, "opening_hours": null, "phone": null, "education": null, "alt_name:en": null, "fax": null, "short_name": null, "short_name:en": null, "building": null, "name:hi": null, "wikidata": null, "wikipedia": null, "name:etymology:wikidata": null, "designation": null, "old_name": null, "building:levels": null, "level": null, "wikimedia_commons": null, "school:gender": null, "description": null, "barrier": null, "addr:country": null, "isced:level": null, "school": null, "contact:website": null, "start_date": null, "contact:phone": null, "landuse": null }, "geometry": { "type": "Polygon", "coordinates": [ [ [ 72.8147073, 19.1409383 ], [ 72.8157321, 19.1414688 ], [ 72.8166586, 19.1402885 ], [ 72.8178799, 19.1383522 ], [ 72.8178939, 19.1379013 ], [ 72.8177591, 19.1377033 ], [ 72.8175344, 19.1374119 ], [ 72.8172303, 19.1372267 ], [ 72.8171605, 19.1372286 ], [ 72.8167348, 19.1374587 ], [ 72.8161022, 19.1385443 ], [ 72.8158227, 19.1390239 ], [ 72.8150609, 19.1403314 ], [ 72.8147073, 19.1409383 ] ] ] } },
{ "type": "Feature", "properties": { "element": "way", "id": 206642300, "amenity": "college", "created_by": null, "name": "Siddharth College", "wheelchair": null, "alt_name": null, "toilets:wheelchair": null, "addr:city": "Mumbai", "addr:housename": null, "addr:suburb": null, "website": null, "addr:housenumber": null, "addr:postcode": "400001", "addr:street": "Purshottamdas Thakurdas Marg", "check_date": null, "name:en": null, "internet_access": null, "addr:district": null, "internet_access:fee": null, "operator": null, "operator:type": null, "name:mr": null, "email": null, "opening_hours": null, "phone": null, "education": null, "alt_name:en": null, "fax": null, "short_name": null, "short_name:en": null, "building": "yes", "name:hi": null, "wikidata": null, "wikipedia": null, "name:etymology:wikidata": null, "designation": null, "old_name": null, "building:levels": null, "level": null, "wikimedia_commons": null, "school:gender": null, "description": null, "barrier": null, "addr:country": null, "isced:level": null, "school": null, "contact:website": null, "start_date": null, "contact:phone": null, "landuse": null }, "geometry": { "type": "Polygon", "coordinates": [ [ [ 72.8320593, 18.9364281 ], [ 72.8319627, 18.9362041 ], [ 72.8323347, 18.9360606 ], [ 72.8324313, 18.9362846 ], [ 72.8320593, 18.9364281 ] ] ] } },
{ "type": "Feature", "properties": { "element": "way", "id": 206808210, "amenity": "college", "created_by": null, "name": "एल्फिन्स्टन कॉलेज", "wheelchair": null, "alt_name": null, "toilets:wheelchair": null, "addr:city": null, "addr:housename": null, "addr:suburb": null, "website": null, "addr:housenumber": null, "addr:postcode": null, "addr:street": null, "check_date": null, "name:en": "Elphinstone College", "internet_access": null, "addr:district": null, "internet_access:fee": null, "operator": null, "operator:type": null, "name:mr": null, "email": null, "opening_hours": null, "phone": null, "education": null, "alt_name:en": null, "fax": null, "short_name": null, "short_name:en": null, "building": "yes", "name:hi": null, "wikidata": "Q1333283", "wikipedia": "en:Elphinstone College", "name:etymology:wikidata": null, "designation": null, "old_name": null, "building:levels": null, "level": null, "wikimedia_commons": null, "school:gender": null, "description": null, "barrier": null, "addr:country": null, "isced:level": null, "school": null, "contact:website": null, "start_date": null, "contact:phone": null, "landuse": null }, "geometry": { "type": "Polygon", "coordinates": [ [ [ 72.8306658, 18.9274576 ], [ 72.8308698, 18.9274561 ], [ 72.8308649, 18.9268832 ], [ 72.8309833, 18.9268823 ], [ 72.8309882, 18.9274552 ], [ 72.8312091, 18.9274535 ], [ 72.8312033, 18.9267721 ], [ 72.83066, 18.9267762 ], [ 72.8306658, 18.9274576 ] ] ] } },
{ "type": "Feature", "properties": { "element": "way", "id": 207353028, "amenity": "college", "created_by": null, "name": "SNDT Women's University", "wheelchair": null, "alt_name": null, "toilets:wheelchair": null, "addr:city": null, "addr:housename": null, "addr:suburb": null, "website": null, "addr:housenumber": null, "addr:postcode": null, "addr:street": null, "check_date": null, "name:en": null, "internet_access": null, "addr:district": null, "internet_access:fee": null, "operator": null, "operator:type": null, "name:mr": null, "email": null, "opening_hours": null, "phone": null, "education": null, "alt_name:en": null, "fax": null, "short_name": null, "short_name:en": null, "building": null, "name:hi": null, "wikidata": null, "wikipedia": null, "name:etymology:wikidata": null, "designation": null, "old_name": null, "building:levels": null, "level": null, "wikimedia_commons": null, "school:gender": "female", "description": null, "barrier": null, "addr:country": null, "isced:level": null, "school": null, "contact:website": null, "start_date": null, "contact:phone": null, "landuse": null }, "geometry": { "type": "Polygon", "coordinates": [ [ [ 72.8277503, 18.9379617 ], [ 72.8278166, 18.9373046 ], [ 72.8284954, 18.9373723 ], [ 72.8285431, 18.9374325 ], [ 72.8285007, 18.9380093 ], [ 72.8284424, 18.9380494 ], [ 72.8277503, 18.9379617 ] ] ] } },
{ "type": "Feature", "properties": { "element": "way", "id": 207376655, "amenity": "college", "created_by": null, "name": "St.Xavier's College", "wheelchair": "limited", "alt_name": null, "toilets:wheelchair": "yes", "addr:city": "Mumbai", "addr:housename": null, "addr:suburb": null, "website": null, "addr:housenumber": "5, Mahapalika Marg, Dhobi Talao", "addr:postcode": "400001", "addr:street": "Chhatrapati Shivaji Terminus Area, Fort", "check_date": "2026-03-12", "name:en": null, "internet_access": null, "addr:district": null, "internet_access:fee": null, "operator": null, "operator:type": null, "name:mr": null, "email": null, "opening_hours": null, "phone": null, "education": null, "alt_name:en": null, "fax": null, "short_name": null, "short_name:en": null, "building": null, "name:hi": null, "wikidata": null, "wikipedia": null, "name:etymology:wikidata": null, "designation": null, "old_name": null, "building:levels": null, "level": null, "wikimedia_commons": "Category:St. Xavier's College, Mumbai", "school:gender": null, "description": "St. Xavier's College is a private, Catholic, autonomous higher education institution run by the Bombay Province of the Society of Jesus in Mumbai, Maharashtra, India. It was founded by the Jesuits on January 2, 1869.", "barrier": null, "addr:country": null, "isced:level": null, "school": null, "contact:website": null, "start_date": null, "contact:phone": null, "landuse": null }, "geometry": { "type": "Polygon", "coordinates": [ [ [ 72.8314214, 18.9422969 ], [ 72.8309156, 18.9426698 ], [ 72.8308648, 18.9427666 ], [ 72.8315266, 18.9436547 ], [ 72.8318886, 18.9438906 ], [ 72.8324301, 18.9435293 ], [ 72.8321128, 18.9431631 ], [ 72.8317038, 18.9426487 ], [ 72.8314214, 18.9422969 ] ] ] } },
{ "type": "Feature", "properties": { "element": "way", "id": 207905223, "amenity": "college", "created_by": null, "name": "Roshan Taneja School of Acting", "wheelchair": null, "alt_name": null, "toilets:wheelchair": null, "addr:city": null, "addr:housename": null, "addr:suburb": null, "website": null, "addr:housenumber": null, "addr:postcode": null, "addr:street": null, "check_date": null, "name:en": null, "internet_access": null, "addr:district": null, "internet_access:fee": null, "operator": null, "operator:type": null, "name:mr": null, "email": null, "opening_hours": null, "phone": null, "education": null, "alt_name:en": null, "fax": null, "short_name": null, "short_name:en": null, "building": "house", "name:hi": null, "wikidata": null, "wikipedia": null, "name:etymology:wikidata": null, "designation": null, "old_name": null, "building:levels": null, "level": null, "wikimedia_commons": null, "school:gender": null, "description": null, "barrier": null, "addr:country": null, "isced:level": null, "school": null, "contact:website": null, "start_date": null, "contact:phone": null, "landuse": null }, "geometry": { "type": "Polygon", "coordinates": [ [ [ 72.8231817, 19.1372197 ], [ 72.8232487, 19.137265 ], [ 72.823289, 19.1372147 ], [ 72.8232192, 19.137169 ], [ 72.8231817, 19.1372197 ] ] ] } },
{ "type": "Feature", "properties": { "element": "way", "id": 220302518, "amenity": "college", "created_by": null, "name": "Xavier Institute of Engineering", "wheelchair": null, "alt_name": null, "toilets:wheelchair": null, "addr:city": null, "addr:housename": null, "addr:suburb": null, "website": null, "addr:housenumber": null, "addr:postcode": null, "addr:street": null, "check_date": null, "name:en": null, "internet_access": null, "addr:district": null, "internet_access:fee": null, "operator": null, "operator:type": null, "name:mr": null, "email": null, "opening_hours": null, "phone": null, "education": null, "alt_name:en": null, "fax": null, "short_name": null, "short_name:en": null, "building": null, "name:hi": null, "wikidata": null, "wikipedia": null, "name:etymology:wikidata": null, "designation": null, "old_name": null, "building:levels": null, "level": null, "wikimedia_commons": null, "school:gender": null, "description": null, "barrier": null, "addr:country": null, "isced:level": null, "school": null, "contact:website": null, "start_date": null, "contact:phone": null, "landuse": null }, "geometry": { "type": "Polygon", "coordinates": [ [ [ 72.8426578, 19.0449441 ], [ 72.8422572, 19.0455568 ], [ 72.8421276, 19.0455784 ], [ 72.8409916, 19.0452838 ], [ 72.8409148, 19.045218 ], [ 72.8408004, 19.0450305 ], [ 72.8407944, 19.0448055 ], [ 72.840994, 19.0443977 ], [ 72.8412771, 19.0442983 ], [ 72.8422775, 19.0447496 ], [ 72.8426578, 19.0449441 ] ] ] } },
{ "type": "Feature", "properties": { "element": "way", "id": 222338978, "amenity": "college", "created_by": null, "name": "National Institute of Industrial Engineering", "wheelchair": null, "alt_name": null, "toilets:wheelchair": null, "addr:city": null, "addr:housename": null, "addr:suburb": null, "website": "http://www.nitie.edu", "addr:housenumber": null, "addr:postcode": null, "addr:street": null, "check_date": null, "name:en": null, "internet_access": null, "addr:district": null, "internet_access:fee": null, "operator": null, "operator:type": null, "name:mr": null, "email": null, "opening_hours": null, "phone": null, "education": null, "alt_name:en": null, "fax": null, "short_name": null, "short_name:en": null, "building": null, "name:hi": null, "wikidata": "Q6973662", "wikipedia": "en:Indian Institute of Management Mumbai", "name:etymology:wikidata": null, "designation": null, "old_name": null, "building:levels": null, "level": null, "wikimedia_commons": "Category:National Institute of Industrial Engineering (NITIE), Mumbai", "school:gender": null, "description": null, "barrier": null, "addr:country": null, "isced:level": null, "school": null, "contact:website": null, "start_date": null, "contact:phone": null, "landuse": null }, "geometry": { "type": "Polygon", "coordinates": [ [ [ 72.9012099, 19.1363983 ], [ 72.9012528, 19.1363704 ], [ 72.9013118, 19.136359 ], [ 72.9018161, 19.1366745 ], [ 72.9014647, 19.1370951 ], [ 72.901572, 19.1371965 ], [ 72.9021674, 19.1369938 ], [ 72.9025215, 19.1373485 ], [ 72.9027173, 19.1372471 ], [ 72.9027951, 19.1373485 ], [ 72.9030338, 19.1379085 ], [ 72.9037151, 19.138499 ], [ 72.9043636, 19.1391274 ], [ 72.903986, 19.1393858 ], [ 72.9042837, 19.1398242 ], [ 72.9044366, 19.1397051 ], [ 72.9047466, 19.1401781 ], [ 72.9048309, 19.1403234 ], [ 72.9047853, 19.1417323 ], [ 72.9041845, 19.1418944 ], [ 72.9038787, 19.141864 ], [ 72.9030526, 19.1411038 ], [ 72.9025008, 19.140842 ], [ 72.9021884, 19.1405033 ], [ 72.9019067, 19.1403056 ], [ 72.9017458, 19.1403057 ], [ 72.9013866, 19.1406628 ], [ 72.9010834, 19.1404014 ], [ 72.9007802, 19.1397659 ], [ 72.9006113, 19.1396316 ], [ 72.9002362, 19.1397634 ], [ 72.8997422, 19.1393022 ], [ 72.8991226, 19.1398369 ], [ 72.8985084, 19.139923 ], [ 72.898208, 19.1394846 ], [ 72.8982241, 19.1392135 ], [ 72.8984708, 19.1389322 ], [ 72.8985593, 19.138651 ], [ 72.8987444, 19.1381239 ], [ 72.898959, 19.1378021 ], [ 72.8989697, 19.1371002 ], [ 72.8996134, 19.1362412 ], [ 72.9000308, 19.1365328 ], [ 72.9003918, 19.1368671 ], [ 72.9006976, 19.1366846 ], [ 72.9012099, 19.1363983 ] ] ] } },
{ "type": "Feature", "properties": { "element": "way", "id": 235868448, "amenity": "college", "created_by": null, "name": "K. J. Somaiya Institute of Technology", "wheelchair": null, "alt_name": null, "toilets:wheelchair": null, "addr:city": null, "addr:housename": null, "addr:suburb": null, "website": null, "addr:housenumber": null, "addr:postcode": null, "addr:street": null, "check_date": null, "name:en": null, "internet_access": "yes", "addr:district": null, "internet_access:fee": "customers", "operator": null, "operator:type": null, "name:mr": null, "email": null, "opening_hours": null, "phone": null, "education": null, "alt_name:en": null, "fax": null, "short_name": null, "short_name:en": null, "building": null, "name:hi": null, "wikidata": "Q6323411", "wikipedia": "en:K. J. Somaiya Institute of Technology", "name:etymology:wikidata": null, "designation": null, "old_name": null, "building:levels": null, "level": null, "wikimedia_commons": null, "school:gender": null, "description": null, "barrier": null, "addr:country": null, "isced:level": null, "school": null, "contact:website": null, "start_date": null, "contact:phone": null, "landuse": null }, "geometry": { "type": "Polygon", "coordinates": [ [ [ 72.870107, 19.0465591 ], [ 72.8706273, 19.0466909 ], [ 72.8714106, 19.0469014 ], [ 72.8714105, 19.0466605 ], [ 72.8714535, 19.0466199 ], [ 72.8721106, 19.046483 ], [ 72.8720136, 19.0456898 ], [ 72.8710914, 19.0453649 ], [ 72.8707641, 19.0451849 ], [ 72.8705844, 19.0450505 ], [ 72.8702465, 19.044726 ], [ 72.8702116, 19.0447285 ], [ 72.8700647, 19.0446223 ], [ 72.8696269, 19.0448806 ], [ 72.8697395, 19.0450226 ], [ 72.8697047, 19.0450683 ], [ 72.8700614, 19.0457528 ], [ 72.8700426, 19.0463359 ], [ 72.870107, 19.0465591 ] ] ] } },
{ "type": "Feature", "properties": { "element": "way", "id": 236185640, "amenity": "college", "created_by": null, "name": "Wilson College", "wheelchair": null, "alt_name": null, "toilets:wheelchair": null, "addr:city": null, "addr:housename": null, "addr:suburb": null, "website": null, "addr:housenumber": null, "addr:postcode": null, "addr:street": null, "check_date": null, "name:en": "Wilson College", "internet_access": null, "addr:district": null, "internet_access:fee": null, "operator": null, "operator:type": null, "name:mr": "विल्सन कॉलेज", "email": null, "opening_hours": null, "phone": null, "education": null, "alt_name:en": null, "fax": null, "short_name": null, "short_name:en": null, "building": null, "name:hi": null, "wikidata": "Q8023015", "wikipedia": "en:Wilson College, Mumbai", "name:etymology:wikidata": "Q6264528", "designation": null, "old_name": null, "building:levels": null, "level": null, "wikimedia_commons": "Category:Wilson College, Mumbai", "school:gender": null, "description": null, "barrier": null, "addr:country": null, "isced:level": null, "school": null, "contact:website": null, "start_date": null, "contact:phone": null, "landuse": null }, "geometry": { "type": "Polygon", "coordinates": [ [ [ 72.810253, 18.9562697 ], [ 72.8103299, 18.9562281 ], [ 72.8111912, 18.9561842 ], [ 72.811754, 18.9560967 ], [ 72.8118891, 18.9563399 ], [ 72.810377, 18.9569931 ], [ 72.8102509, 18.9564811 ], [ 72.8102324, 18.9563526 ], [ 72.810253, 18.9562697 ] ] ] } },
{ "type": "Feature", "properties": { "element": "way", "id": 236607905, "amenity": "college", "created_by": null, "name": "Siddarth College of Law", "wheelchair": null, "alt_name": null, "toilets:wheelchair": null, "addr:city": null, "addr:housename": null, "addr:suburb": null, "website": null, "addr:housenumber": null, "addr:postcode": null, "addr:street": null, "check_date": null, "name:en": null, "internet_access": null, "addr:district": null, "internet_access:fee": null, "operator": null, "operator:type": null, "name:mr": null, "email": null, "opening_hours": null, "phone": null, "education": null, "alt_name:en": null, "fax": null, "short_name": null, "short_name:en": null, "building": null, "name:hi": null, "wikidata": null, "wikipedia": null, "name:etymology:wikidata": null, "designation": null, "old_name": null, "building:levels": null, "level": null, "wikimedia_commons": null, "school:gender": null, "description": null, "barrier": null, "addr:country": null, "isced:level": null, "school": null, "contact:website": null, "start_date": null, "contact:phone": null, "landuse": null }, "geometry": { "type": "Polygon", "coordinates": [ [ [ 72.8317545, 18.9341206 ], [ 72.8321327, 18.9338555 ], [ 72.8319683, 18.9336277 ], [ 72.8319355, 18.9336174 ], [ 72.8318684, 18.9336661 ], [ 72.831831, 18.9337192 ], [ 72.8317545, 18.9341206 ] ] ] } },
{ "type": "Feature", "properties": { "element": "way", "id": 246288037, "amenity": "college", "created_by": null, "name": "Rajiv Gandhi Institute Of Technology", "wheelchair": null, "alt_name": null, "toilets:wheelchair": null, "addr:city": null, "addr:housename": null, "addr:suburb": null, "website": "https://www.mctrgit.ac.in/", "addr:housenumber": null, "addr:postcode": null, "addr:street": null, "check_date": null, "name:en": null, "internet_access": null, "addr:district": null, "internet_access:fee": null, "operator": null, "operator:type": null, "name:mr": null, "email": null, "opening_hours": null, "phone": null, "education": null, "alt_name:en": null, "fax": null, "short_name": null, "short_name:en": null, "building": null, "name:hi": null, "wikidata": "Q7286206", "wikipedia": "en:Rajiv Gandhi Institute of Technology, Mumbai", "name:etymology:wikidata": "Q4593", "designation": null, "old_name": null, "building:levels": null, "level": null, "wikimedia_commons": "Category:Rajiv Gandhi Institute of Technology, Mumbai", "school:gender": null, "description": null, "barrier": null, "addr:country": null, "isced:level": null, "school": null, "contact:website": null, "start_date": null, "contact:phone": null, "landuse": null }, "geometry": { "type": "Polygon", "coordinates": [ [ [ 72.8235168, 19.1212414 ], [ 72.8236654, 19.1211045 ], [ 72.8237355, 19.1211558 ], [ 72.8237578, 19.1211245 ], [ 72.8240972, 19.1213727 ], [ 72.8239493, 19.1215799 ], [ 72.8239056, 19.1215448 ], [ 72.8237364, 19.1216905 ], [ 72.8236043, 19.1215913 ], [ 72.8238262, 19.1214433 ], [ 72.823771, 19.1214551 ], [ 72.8237334, 19.1214376 ], [ 72.8237152, 19.1214073 ], [ 72.8237266, 19.1213738 ], [ 72.8237026, 19.1213511 ], [ 72.8236775, 19.1213618 ], [ 72.8236506, 19.1213641 ], [ 72.82362, 19.1213333 ], [ 72.8234445, 19.1214771 ], [ 72.8233208, 19.12138 ], [ 72.8235168, 19.1212414 ] ] ] } },
{ "type": "Feature", "properties": { "element": "way", "id": 250329736, "amenity": "college", "created_by": null, "name": "Homi Bhabha Centre for Science Education", "wheelchair": null, "alt_name": null, "toilets:wheelchair": null, "addr:city": null, "addr:housename": "HBCSE-TIFR", "addr:suburb": null, "website": null, "addr:housenumber": null, "addr:postcode": "400088", "addr:street": "V.N. Purav Marg", "check_date": null, "name:en": null, "internet_access": null, "addr:district": null, "internet_access:fee": null, "operator": null, "operator:type": null, "name:mr": null, "email": null, "opening_hours": null, "phone": null, "education": null, "alt_name:en": null, "fax": null, "short_name": null, "short_name:en": null, "building": null, "name:hi": null, "wikidata": null, "wikipedia": null, "name:etymology:wikidata": "Q325611", "designation": "Deemed University", "old_name": null, "building:levels": null, "level": null, "wikimedia_commons": null, "school:gender": null, "description": null, "barrier": "wall", "addr:country": null, "isced:level": null, "school": null, "contact:website": null, "start_date": null, "contact:phone": null, "landuse": null }, "geometry": { "type": "Polygon", "coordinates": [ [ [ 72.9286283, 19.0418886 ], [ 72.9286735, 19.0423659 ], [ 72.9287012, 19.0426588 ], [ 72.9282461, 19.0426761 ], [ 72.9282115, 19.0426775 ], [ 72.9281585, 19.04268 ], [ 72.9281339, 19.0426814 ], [ 72.9275842, 19.0427214 ], [ 72.9275666, 19.0427227 ], [ 72.927547, 19.0427241 ], [ 72.9269504, 19.0427772 ], [ 72.9269218, 19.0423826 ], [ 72.9263782, 19.0424179 ], [ 72.9263685, 19.0422996 ], [ 72.9263513, 19.0420278 ], [ 72.9275519, 19.041948 ], [ 72.9275803, 19.0423392 ], [ 72.9276781, 19.042538 ], [ 72.9278125, 19.0425305 ], [ 72.927787, 19.0421674 ], [ 72.9277357, 19.042168 ], [ 72.9277242, 19.0419512 ], [ 72.9286283, 19.0418886 ] ] ] } },
{ "type": "Feature", "properties": { "element": "way", "id": 250492234, "amenity": "college", "created_by": null, "name": "Oriental College", "wheelchair": null, "alt_name": null, "toilets:wheelchair": null, "addr:city": null, "addr:housename": null, "addr:suburb": null, "website": null, "addr:housenumber": null, "addr:postcode": null, "addr:street": null, "check_date": null, "name:en": null, "internet_access": null, "addr:district": null, "internet_access:fee": null, "operator": null, "operator:type": null, "name:mr": null, "email": null, "opening_hours": null, "phone": null, "education": null, "alt_name:en": null, "fax": null, "short_name": null, "short_name:en": null, "building": null, "name:hi": null, "wikidata": null, "wikipedia": null, "name:etymology:wikidata": null, "designation": null, "old_name": null, "building:levels": null, "level": null, "wikimedia_commons": null, "school:gender": null, "description": null, "barrier": null, "addr:country": null, "isced:level": null, "school": null, "contact:website": null, "start_date": null, "contact:phone": null, "landuse": null }, "geometry": { "type": "Polygon", "coordinates": [ [ [ 72.832292, 19.1430098 ], [ 72.8324113, 19.1430173 ], [ 72.8324041, 19.1430967 ], [ 72.8324246, 19.1430984 ], [ 72.8323703, 19.1436984 ], [ 72.8322353, 19.1436894 ], [ 72.832292, 19.1430098 ] ] ] } },
{ "type": "Feature", "properties": { "element": "way", "id": 257073184, "amenity": "college", "created_by": null, "name": "Podar World College", "wheelchair": null, "alt_name": null, "toilets:wheelchair": null, "addr:city": null, "addr:housename": null, "addr:suburb": null, "website": null, "addr:housenumber": null, "addr:postcode": null, "addr:street": null, "check_date": null, "name:en": "Podar World College", "internet_access": null, "addr:district": null, "internet_access:fee": null, "operator": null, "operator:type": null, "name:mr": null, "email": null, "opening_hours": null, "phone": null, "education": null, "alt_name:en": null, "fax": null, "short_name": null, "short_name:en": null, "building": "college", "name:hi": null, "wikidata": null, "wikipedia": null, "name:etymology:wikidata": null, "designation": null, "old_name": null, "building:levels": null, "level": null, "wikimedia_commons": null, "school:gender": null, "description": null, "barrier": null, "addr:country": null, "isced:level": null, "school": null, "contact:website": null, "start_date": null, "contact:phone": null, "landuse": null }, "geometry": { "type": "Polygon", "coordinates": [ [ [ 72.8276027, 19.1001332 ], [ 72.8277583, 19.1001559 ], [ 72.8277649, 19.1001154 ], [ 72.8277946, 19.1001197 ], [ 72.8278029, 19.1000691 ], [ 72.8277779, 19.1000655 ], [ 72.8277856, 19.1000186 ], [ 72.8276252, 19.0999952 ], [ 72.8276027, 19.1001332 ] ] ] } },
{ "type": "Feature", "properties": { "element": "way", "id": 260786330, "amenity": "college", "created_by": null, "name": "Kohinoor Educational Complex", "wheelchair": null, "alt_name": null, "toilets:wheelchair": null, "addr:city": "Kurla West, Mumbai", "addr:housename": null, "addr:suburb": null, "website": "http://www.kbs.ac.in", "addr:housenumber": "Kohinoor City", "addr:postcode": "400070", "addr:street": null, "check_date": null, "name:en": null, "internet_access": null, "addr:district": null, "internet_access:fee": null, "operator": null, "operator:type": null, "name:mr": null, "email": null, "opening_hours": null, "phone": "022 6788 7777", "education": null, "alt_name:en": null, "fax": null, "short_name": null, "short_name:en": null, "building": null, "name:hi": null, "wikidata": null, "wikipedia": null, "name:etymology:wikidata": null, "designation": null, "old_name": null, "building:levels": null, "level": null, "wikimedia_commons": null, "school:gender": null, "description": null, "barrier": null, "addr:country": "IN", "isced:level": null, "school": null, "contact:website": null, "start_date": null, "contact:phone": null, "landuse": null }, "geometry": { "type": "Polygon", "coordinates": [ [ [ 72.8866555, 19.0760692 ], [ 72.8867377, 19.0759609 ], [ 72.8866955, 19.0758981 ], [ 72.8872029, 19.0752384 ], [ 72.8867097, 19.0747945 ], [ 72.8862164, 19.0752141 ], [ 72.8858486, 19.075527 ], [ 72.8866396, 19.0760601 ], [ 72.8866555, 19.0760692 ] ] ] } },
{ "type": "Feature", "properties": { "element": "way", "id": 291310460, "amenity": "college", "created_by": null, "name": null, "wheelchair": null, "alt_name": null, "toilets:wheelchair": null, "addr:city": null, "addr:housename": "Raheja Architecture Institute", "addr:suburb": null, "website": null, "addr:housenumber": null, "addr:postcode": null, "addr:street": null, "check_date": null, "name:en": null, "internet_access": null, "addr:district": null, "internet_access:fee": null, "operator": null, "operator:type": null, "name:mr": null, "email": null, "opening_hours": null, "phone": null, "education": null, "alt_name:en": null, "fax": null, "short_name": null, "short_name:en": null, "building": null, "name:hi": null, "wikidata": null, "wikipedia": null, "name:etymology:wikidata": null, "designation": null, "old_name": null, "building:levels": null, "level": null, "wikimedia_commons": null, "school:gender": null, "description": null, "barrier": null, "addr:country": null, "isced:level": null, "school": null, "contact:website": null, "start_date": null, "contact:phone": null, "landuse": null }, "geometry": { "type": "Polygon", "coordinates": [ [ [ 72.8446877, 19.0593254 ], [ 72.843935, 19.059276 ], [ 72.8440118, 19.058864 ], [ 72.8447145, 19.0589274 ], [ 72.8446877, 19.0593254 ] ] ] } },
{ "type": "Feature", "properties": { "element": "way", "id": 301042038, "amenity": "college", "created_by": null, "name": "Atomic Energy Junior College", "wheelchair": null, "alt_name": null, "toilets:wheelchair": null, "addr:city": null, "addr:housename": null, "addr:suburb": null, "website": null, "addr:housenumber": null, "addr:postcode": null, "addr:street": null, "check_date": null, "name:en": null, "internet_access": null, "addr:district": null, "internet_access:fee": null, "operator": null, "operator:type": null, "name:mr": null, "email": null, "opening_hours": null, "phone": null, "education": null, "alt_name:en": null, "fax": null, "short_name": null, "short_name:en": null, "building": null, "name:hi": null, "wikidata": null, "wikipedia": null, "name:etymology:wikidata": null, "designation": null, "old_name": null, "building:levels": null, "level": null, "wikimedia_commons": null, "school:gender": null, "description": null, "barrier": null, "addr:country": null, "isced:level": null, "school": null, "contact:website": null, "start_date": null, "contact:phone": null, "landuse": null }, "geometry": { "type": "Polygon", "coordinates": [ [ [ 72.9184406, 19.0376196 ], [ 72.9183447, 19.0363675 ], [ 72.9189141, 19.0363051 ], [ 72.9196693, 19.0365488 ], [ 72.9196447, 19.0368001 ], [ 72.9186683, 19.0375006 ], [ 72.9184406, 19.0376196 ] ] ] } },
{ "type": "Feature", "properties": { "element": "way", "id": 310973404, "amenity": "college", "created_by": null, "name": "SIES College of Commerce & Economics", "wheelchair": null, "alt_name": null, "toilets:wheelchair": null, "addr:city": "Mumbai", "addr:housename": null, "addr:suburb": null, "website": null, "addr:housenumber": null, "addr:postcode": null, "addr:street": null, "check_date": null, "name:en": null, "internet_access": null, "addr:district": null, "internet_access:fee": null, "operator": null, "operator:type": null, "name:mr": null, "email": null, "opening_hours": null, "phone": null, "education": null, "alt_name:en": null, "fax": null, "short_name": null, "short_name:en": null, "building": "yes", "name:hi": null, "wikidata": null, "wikipedia": null, "name:etymology:wikidata": null, "designation": null, "old_name": null, "building:levels": null, "level": null, "wikimedia_commons": null, "school:gender": null, "description": null, "barrier": null, "addr:country": null, "isced:level": null, "school": null, "contact:website": null, "start_date": null, "contact:phone": null, "landuse": null }, "geometry": { "type": "Polygon", "coordinates": [ [ [ 72.8665143, 19.0433586 ], [ 72.866791, 19.0433204 ], [ 72.866816, 19.0434825 ], [ 72.8665393, 19.0435206 ], [ 72.8665143, 19.0433586 ] ] ] } },
{ "type": "Feature", "properties": { "element": "way", "id": 315477932, "amenity": "college", "created_by": null, "name": "Lecture Hall", "wheelchair": null, "alt_name": null, "toilets:wheelchair": null, "addr:city": null, "addr:housename": null, "addr:suburb": null, "website": null, "addr:housenumber": null, "addr:postcode": null, "addr:street": null, "check_date": null, "name:en": null, "internet_access": null, "addr:district": null, "internet_access:fee": null, "operator": null, "operator:type": null, "name:mr": null, "email": null, "opening_hours": null, "phone": null, "education": null, "alt_name:en": null, "fax": null, "short_name": null, "short_name:en": null, "building": "university", "name:hi": null, "wikidata": null, "wikipedia": null, "name:etymology:wikidata": null, "designation": null, "old_name": null, "building:levels": "2", "level": null, "wikimedia_commons": null, "school:gender": null, "description": null, "barrier": null, "addr:country": null, "isced:level": null, "school": null, "contact:website": null, "start_date": null, "contact:phone": null, "landuse": null }, "geometry": { "type": "Polygon", "coordinates": [ [ [ 72.9165221, 19.1304606 ], [ 72.9165061, 19.1307212 ], [ 72.9166694, 19.1307285 ], [ 72.9166823, 19.1305109 ], [ 72.9168256, 19.1305184 ], [ 72.9169691, 19.1304984 ], [ 72.9170714, 19.1305335 ], [ 72.9171497, 19.1305817 ], [ 72.9171448, 19.1306377 ], [ 72.9171686, 19.1306392 ], [ 72.9171584, 19.1307724 ], [ 72.9171486, 19.1308995 ], [ 72.9171286, 19.1308989 ], [ 72.9171245, 19.1309579 ], [ 72.9170521, 19.1310016 ], [ 72.9169275, 19.1310269 ], [ 72.9168069, 19.1309956 ], [ 72.9168053, 19.1310191 ], [ 72.9165348, 19.1310129 ], [ 72.9163503, 19.1310012 ], [ 72.9162885, 19.1309365 ], [ 72.9162624, 19.1307869 ], [ 72.9162634, 19.1307521 ], [ 72.9162658, 19.1306648 ], [ 72.9162736, 19.1305736 ], [ 72.9163378, 19.1304942 ], [ 72.9164112, 19.1304472 ], [ 72.9165221, 19.1304606 ] ] ] } },
{ "type": "Feature", "properties": { "element": "way", "id": 315588846, "amenity": "college", "created_by": null, "name": "Department of Physics", "wheelchair": null, "alt_name": null, "toilets:wheelchair": null, "addr:city": null, "addr:housename": null, "addr:suburb": null, "website": null, "addr:housenumber": null, "addr:postcode": null, "addr:street": null, "check_date": null, "name:en": null, "internet_access": null, "addr:district": null, "internet_access:fee": null, "operator": null, "operator:type": null, "name:mr": null, "email": null, "opening_hours": null, "phone": null, "education": null, "alt_name:en": null, "fax": null, "short_name": null, "short_name:en": null, "building": "university", "name:hi": null, "wikidata": null, "wikipedia": null, "name:etymology:wikidata": null, "designation": null, "old_name": null, "building:levels": "2", "level": null, "wikimedia_commons": null, "school:gender": null, "description": null, "barrier": null, "addr:country": null, "isced:level": null, "school": null, "contact:website": null, "start_date": null, "contact:phone": null, "landuse": null }, "geometry": { "type": "Polygon", "coordinates": [ [ [ 72.9163021, 19.1301491 ], [ 72.9162904, 19.1303505 ], [ 72.9170145, 19.1303963 ], [ 72.9170322, 19.1301848 ], [ 72.9163021, 19.1301491 ] ] ] } },
{ "type": "Feature", "properties": { "element": "way", "id": 315588847, "amenity": "college", "created_by": null, "name": "Department of Metalurgical and Material Science Engineering", "wheelchair": null, "alt_name": null, "toilets:wheelchair": null, "addr:city": null, "addr:housename": null, "addr:suburb": null, "website": null, "addr:housenumber": null, "addr:postcode": null, "addr:street": null, "check_date": "2026-05-27", "name:en": null, "internet_access": null, "addr:district": null, "internet_access:fee": null, "operator": null, "operator:type": null, "name:mr": null, "email": null, "opening_hours": null, "phone": null, "education": null, "alt_name:en": null, "fax": null, "short_name": null, "short_name:en": null, "building": "university", "name:hi": null, "wikidata": null, "wikipedia": null, "name:etymology:wikidata": null, "designation": null, "old_name": null, "building:levels": "5", "level": null, "wikimedia_commons": null, "school:gender": null, "description": null, "barrier": null, "addr:country": null, "isced:level": "5;6", "school": null, "contact:website": null, "start_date": null, "contact:phone": null, "landuse": null }, "geometry": { "type": "Polygon", "coordinates": [ [ [ 72.9162335, 19.1310903 ], [ 72.9162286, 19.1311975 ], [ 72.916224, 19.1313 ], [ 72.9169688, 19.1313425 ], [ 72.9169729, 19.1312364 ], [ 72.9169769, 19.1311318 ], [ 72.9162335, 19.1310903 ] ] ] } },
{ "type": "Feature", "properties": { "element": "way", "id": 345151607, "amenity": "college", "created_by": null, "name": "Guru Nanak English Academy", "wheelchair": null, "alt_name": null, "toilets:wheelchair": null, "addr:city": null, "addr:housename": null, "addr:suburb": null, "website": null, "addr:housenumber": null, "addr:postcode": null, "addr:street": null, "check_date": null, "name:en": null, "internet_access": null, "addr:district": null, "internet_access:fee": null, "operator": null, "operator:type": null, "name:mr": null, "email": null, "opening_hours": null, "phone": null, "education": null, "alt_name:en": null, "fax": null, "short_name": null, "short_name:en": null, "building": null, "name:hi": null, "wikidata": null, "wikipedia": null, "name:etymology:wikidata": "Q83322", "designation": null, "old_name": null, "building:levels": null, "level": null, "wikimedia_commons": null, "school:gender": null, "description": null, "barrier": null, "addr:country": null, "isced:level": null, "school": null, "contact:website": null, "start_date": null, "contact:phone": null, "landuse": null }, "geometry": { "type": "Polygon", "coordinates": [ [ [ 72.9298913, 19.1467194 ], [ 72.9297894, 19.1464255 ], [ 72.9291832, 19.1466282 ], [ 72.9293143, 19.1469076 ], [ 72.9298913, 19.1467194 ] ] ] } },
{ "type": "Feature", "properties": { "element": "way", "id": 353181024, "amenity": "college", "created_by": null, "name": "VES Institute of Management", "wheelchair": null, "alt_name": null, "toilets:wheelchair": null, "addr:city": "Mumbai", "addr:housename": null, "addr:suburb": null, "website": null, "addr:housenumber": null, "addr:postcode": null, "addr:street": null, "check_date": null, "name:en": null, "internet_access": null, "addr:district": null, "internet_access:fee": null, "operator": null, "operator:type": null, "name:mr": null, "email": null, "opening_hours": null, "phone": null, "education": null, "alt_name:en": null, "fax": null, "short_name": null, "short_name:en": null, "building": null, "name:hi": null, "wikidata": null, "wikipedia": null, "name:etymology:wikidata": null, "designation": null, "old_name": null, "building:levels": null, "level": null, "wikimedia_commons": null, "school:gender": null, "description": null, "barrier": null, "addr:country": null, "isced:level": null, "school": null, "contact:website": null, "start_date": null, "contact:phone": null, "landuse": null }, "geometry": { "type": "Polygon", "coordinates": [ [ [ 72.8895936, 19.045724 ], [ 72.889724, 19.045698 ], [ 72.8896144, 19.0452074 ], [ 72.889484, 19.0452334 ], [ 72.8895936, 19.045724 ] ] ] } },
{ "type": "Feature", "properties": { "element": "way", "id": 353197071, "amenity": "college", "created_by": null, "name": "Vidyalankar School of Information Technology", "wheelchair": null, "alt_name": null, "toilets:wheelchair": null, "addr:city": null, "addr:housename": null, "addr:suburb": null, "website": null, "addr:housenumber": null, "addr:postcode": null, "addr:street": null, "check_date": null, "name:en": null, "internet_access": null, "addr:district": null, "internet_access:fee": null, "operator": null, "operator:type": null, "name:mr": null, "email": null, "opening_hours": null, "phone": null, "education": null, "alt_name:en": null, "fax": null, "short_name": null, "short_name:en": null, "building": "yes", "name:hi": null, "wikidata": null, "wikipedia": null, "name:etymology:wikidata": null, "designation": null, "old_name": null, "building:levels": "1", "level": null, "wikimedia_commons": null, "school:gender": null, "description": null, "barrier": null, "addr:country": null, "isced:level": null, "school": null, "contact:website": null, "start_date": null, "contact:phone": null, "landuse": null }, "geometry": { "type": "Polygon", "coordinates": [ [ [ 72.8702114, 19.0210942 ], [ 72.8702651, 19.0213836 ], [ 72.870815, 19.0212925 ], [ 72.8707613, 19.0210031 ], [ 72.8702114, 19.0210942 ] ] ] } },
{ "type": "Feature", "properties": { "element": "way", "id": 353351799, "amenity": "college", "created_by": null, "name": "K C College", "wheelchair": null, "alt_name": "K C College", "toilets:wheelchair": null, "addr:city": "Mumbai", "addr:housename": null, "addr:suburb": null, "website": "https://kccollege.edu.in", "addr:housenumber": "123", "addr:postcode": "400020", "addr:street": "Dinshaw Wachha Road", "check_date": null, "name:en": null, "internet_access": "wlan", "addr:district": "Mumbai", "internet_access:fee": "no", "operator": "Axis Bank", "operator:type": "private", "name:mr": null, "email": null, "opening_hours": null, "phone": null, "education": null, "alt_name:en": null, "fax": null, "short_name": null, "short_name:en": null, "building": "yes", "name:hi": null, "wikidata": null, "wikipedia": null, "name:etymology:wikidata": null, "designation": null, "old_name": null, "building:levels": null, "level": null, "wikimedia_commons": null, "school:gender": null, "description": null, "barrier": null, "addr:country": null, "isced:level": null, "school": null, "contact:website": null, "start_date": null, "contact:phone": null, "landuse": null }, "geometry": { "type": "Polygon", "coordinates": [ [ [ 72.8270578, 18.9297978 ], [ 72.8272864, 18.9296998 ], [ 72.827122, 18.9293567 ], [ 72.8268934, 18.9294547 ], [ 72.8270578, 18.9297978 ] ] ] } },
{ "type": "Feature", "properties": { "element": "way", "id": 353351853, "amenity": "college", "created_by": null, "name": "H R College", "wheelchair": null, "alt_name": null, "toilets:wheelchair": null, "addr:city": "Mumbai", "addr:housename": null, "addr:suburb": null, "website": null, "addr:housenumber": null, "addr:postcode": null, "addr:street": null, "check_date": null, "name:en": null, "internet_access": null, "addr:district": null, "internet_access:fee": null, "operator": null, "operator:type": null, "name:mr": null, "email": null, "opening_hours": null, "phone": null, "education": null, "alt_name:en": null, "fax": null, "short_name": null, "short_name:en": null, "building": "yes", "name:hi": null, "wikidata": null, "wikipedia": null, "name:etymology:wikidata": null, "designation": null, "old_name": null, "building:levels": null, "level": null, "wikimedia_commons": null, "school:gender": null, "description": null, "barrier": null, "addr:country": null, "isced:level": null, "school": null, "contact:website": null, "start_date": null, "contact:phone": null, "landuse": null }, "geometry": { "type": "Polygon", "coordinates": [ [ [ 72.8267304, 18.9299327 ], [ 72.826962, 18.9298396 ], [ 72.8268235, 18.9295312 ], [ 72.8265919, 18.9296243 ], [ 72.8267304, 18.9299327 ] ] ] } },
{ "type": "Feature", "properties": { "element": "way", "id": 353364342, "amenity": "college", "created_by": null, "name": "Dahanukar College of Commerce", "wheelchair": null, "alt_name": null, "toilets:wheelchair": null, "addr:city": null, "addr:housename": null, "addr:suburb": null, "website": null, "addr:housenumber": null, "addr:postcode": null, "addr:street": null, "check_date": null, "name:en": null, "internet_access": null, "addr:district": null, "internet_access:fee": null, "operator": null, "operator:type": null, "name:mr": null, "email": null, "opening_hours": null, "phone": null, "education": null, "alt_name:en": null, "fax": null, "short_name": null, "short_name:en": null, "building": "yes", "name:hi": null, "wikidata": null, "wikipedia": null, "name:etymology:wikidata": null, "designation": null, "old_name": null, "building:levels": null, "level": null, "wikimedia_commons": null, "school:gender": null, "description": null, "barrier": null, "addr:country": null, "isced:level": null, "school": null, "contact:website": null, "start_date": null, "contact:phone": null, "landuse": null }, "geometry": { "type": "Polygon", "coordinates": [ [ [ 72.8511476, 19.0989329 ], [ 72.8517243, 19.0989043 ], [ 72.8517278, 19.0989675 ], [ 72.8518712, 19.0989604 ], [ 72.8518592, 19.0987442 ], [ 72.8517799, 19.0987481 ], [ 72.8517646, 19.0984725 ], [ 72.8516608, 19.0984777 ], [ 72.8516595, 19.0984543 ], [ 72.851519, 19.0984612 ], [ 72.8515266, 19.0985978 ], [ 72.8514901, 19.0985996 ], [ 72.8514936, 19.0986612 ], [ 72.8514175, 19.098665 ], [ 72.8514223, 19.0987516 ], [ 72.8511384, 19.0987657 ], [ 72.8511476, 19.0989329 ] ] ] } },
{ "type": "Feature", "properties": { "element": "way", "id": 353785634, "amenity": "college", "created_by": null, "name": "National Centre for Aerospace Innovation and Research", "wheelchair": null, "alt_name": null, "toilets:wheelchair": null, "addr:city": null, "addr:housename": null, "addr:suburb": null, "website": null, "addr:housenumber": null, "addr:postcode": null, "addr:street": null, "check_date": null, "name:en": null, "internet_access": null, "addr:district": null, "internet_access:fee": null, "operator": null, "operator:type": null, "name:mr": null, "email": null, "opening_hours": null, "phone": null, "education": null, "alt_name:en": null, "fax": null, "short_name": null, "short_name:en": null, "building": "university", "name:hi": null, "wikidata": null, "wikipedia": null, "name:etymology:wikidata": null, "designation": null, "old_name": null, "building:levels": null, "level": null, "wikimedia_commons": null, "school:gender": null, "description": null, "barrier": null, "addr:country": null, "isced:level": null, "school": null, "contact:website": null, "start_date": null, "contact:phone": null, "landuse": null }, "geometry": { "type": "Polygon", "coordinates": [ [ [ 72.9177742, 19.1345619 ], [ 72.9177786, 19.1351577 ], [ 72.9179598, 19.1351572 ], [ 72.9179455, 19.1345645 ], [ 72.9177742, 19.1345619 ] ] ] } },
{ "type": "Feature", "properties": { "element": "way", "id": 353996862, "amenity": "college", "created_by": null, "name": "The NAB Workshop For The Blind", "wheelchair": null, "alt_name": null, "toilets:wheelchair": null, "addr:city": null, "addr:housename": null, "addr:suburb": null, "website": null, "addr:housenumber": null, "addr:postcode": null, "addr:street": null, "check_date": null, "name:en": null, "internet_access": null, "addr:district": null, "internet_access:fee": null, "operator": null, "operator:type": null, "name:mr": null, "email": null, "opening_hours": null, "phone": null, "education": null, "alt_name:en": null, "fax": null, "short_name": null, "short_name:en": null, "building": "yes", "name:hi": null, "wikidata": null, "wikipedia": null, "name:etymology:wikidata": null, "designation": null, "old_name": null, "building:levels": null, "level": null, "wikimedia_commons": null, "school:gender": null, "description": null, "barrier": null, "addr:country": null, "isced:level": null, "school": "blind", "contact:website": null, "start_date": null, "contact:phone": null, "landuse": null }, "geometry": { "type": "Polygon", "coordinates": [ [ [ 72.8205209, 19.011344 ], [ 72.8209705, 19.0118299 ], [ 72.8211308, 19.0116975 ], [ 72.8210252, 19.0115878 ], [ 72.8209632, 19.0116411 ], [ 72.8207312, 19.0114056 ], [ 72.8207396, 19.0113919 ], [ 72.8207299, 19.011382 ], [ 72.8207678, 19.0113204 ], [ 72.8206718, 19.0112206 ], [ 72.8205209, 19.011344 ] ] ] } },
{ "type": "Feature", "properties": { "element": "way", "id": 354602301, "amenity": "college", "created_by": null, "name": "Vikas College", "wheelchair": null, "alt_name": null, "toilets:wheelchair": null, "addr:city": null, "addr:housename": null, "addr:suburb": null, "website": null, "addr:housenumber": null, "addr:postcode": null, "addr:street": null, "check_date": null, "name:en": null, "internet_access": null, "addr:district": null, "internet_access:fee": null, "operator": null, "operator:type": null, "name:mr": null, "email": null, "opening_hours": null, "phone": null, "education": null, "alt_name:en": null, "fax": null, "short_name": null, "short_name:en": null, "building": null, "name:hi": null, "wikidata": null, "wikipedia": null, "name:etymology:wikidata": null, "designation": null, "old_name": null, "building:levels": null, "level": null, "wikimedia_commons": null, "school:gender": null, "description": null, "barrier": null, "addr:country": null, "isced:level": null, "school": null, "contact:website": null, "start_date": null, "contact:phone": null, "landuse": null }, "geometry": { "type": "Polygon", "coordinates": [ [ [ 72.9385892, 19.1182792 ], [ 72.9385248, 19.1187455 ], [ 72.9394984, 19.1188647 ], [ 72.9395708, 19.1183984 ], [ 72.9385892, 19.1182792 ] ] ] } },
{ "type": "Feature", "properties": { "element": "way", "id": 355017965, "amenity": "college", "created_by": null, "name": "Thermal Hydraulic Test Facility", "wheelchair": null, "alt_name": null, "toilets:wheelchair": null, "addr:city": null, "addr:housename": null, "addr:suburb": null, "website": null, "addr:housenumber": null, "addr:postcode": null, "addr:street": null, "check_date": null, "name:en": null, "internet_access": null, "addr:district": null, "internet_access:fee": null, "operator": null, "operator:type": null, "name:mr": null, "email": null, "opening_hours": null, "phone": null, "education": null, "alt_name:en": null, "fax": null, "short_name": null, "short_name:en": null, "building": "university", "name:hi": null, "wikidata": null, "wikipedia": null, "name:etymology:wikidata": null, "designation": null, "old_name": null, "building:levels": null, "level": null, "wikimedia_commons": null, "school:gender": null, "description": null, "barrier": null, "addr:country": null, "isced:level": null, "school": null, "contact:website": null, "start_date": null, "contact:phone": null, "landuse": null }, "geometry": { "type": "Polygon", "coordinates": [ [ [ 72.9175431, 19.1346438 ], [ 72.9176682, 19.1346438 ], [ 72.9176682, 19.134493 ], [ 72.9175431, 19.134493 ], [ 72.9175431, 19.1346438 ] ] ] } },
{ "type": "Feature", "properties": { "element": "way", "id": 357360555, "amenity": "college", "created_by": null, "name": "Lokmanya Vidya Mandir Jr College", "wheelchair": null, "alt_name": null, "toilets:wheelchair": null, "addr:city": "Mumbai", "addr:housename": null, "addr:suburb": null, "website": null, "addr:housenumber": null, "addr:postcode": null, "addr:street": null, "check_date": null, "name:en": null, "internet_access": null, "addr:district": null, "internet_access:fee": null, "operator": null, "operator:type": null, "name:mr": null, "email": null, "opening_hours": null, "phone": null, "education": null, "alt_name:en": null, "fax": null, "short_name": null, "short_name:en": null, "building": "yes", "name:hi": null, "wikidata": null, "wikipedia": null, "name:etymology:wikidata": null, "designation": null, "old_name": null, "building:levels": null, "level": null, "wikimedia_commons": null, "school:gender": null, "description": null, "barrier": null, "addr:country": null, "isced:level": null, "school": null, "contact:website": null, "start_date": null, "contact:phone": null, "landuse": null }, "geometry": { "type": "Polygon", "coordinates": [ [ [ 72.843885, 19.0331199 ], [ 72.844034, 19.033091 ], [ 72.8439647, 19.032773 ], [ 72.8438158, 19.0328019 ], [ 72.843885, 19.0331199 ] ] ] } },
{ "type": "Feature", "properties": { "element": "way", "id": 358315691, "amenity": "college", "created_by": null, "name": null, "wheelchair": null, "alt_name": null, "toilets:wheelchair": null, "addr:city": null, "addr:housename": null, "addr:suburb": null, "website": null, "addr:housenumber": null, "addr:postcode": null, "addr:street": null, "check_date": null, "name:en": null, "internet_access": null, "addr:district": null, "internet_access:fee": null, "operator": null, "operator:type": null, "name:mr": null, "email": null, "opening_hours": null, "phone": null, "education": null, "alt_name:en": null, "fax": null, "short_name": null, "short_name:en": null, "building": null, "name:hi": null, "wikidata": null, "wikipedia": null, "name:etymology:wikidata": null, "designation": null, "old_name": null, "building:levels": null, "level": null, "wikimedia_commons": null, "school:gender": null, "description": null, "barrier": null, "addr:country": null, "isced:level": null, "school": null, "contact:website": null, "start_date": null, "contact:phone": null, "landuse": null }, "geometry": { "type": "Polygon", "coordinates": [ [ [ 72.8448388, 19.2150006 ], [ 72.8449726, 19.2150129 ], [ 72.8451063, 19.2150251 ], [ 72.8451183, 19.2149081 ], [ 72.8448508, 19.2148836 ], [ 72.8448388, 19.2150006 ] ] ] } },
{ "type": "Feature", "properties": { "element": "way", "id": 427247587, "amenity": "college", "created_by": null, "name": "School Of Nursing", "wheelchair": null, "alt_name": null, "toilets:wheelchair": null, "addr:city": null, "addr:housename": null, "addr:suburb": null, "website": null, "addr:housenumber": null, "addr:postcode": null, "addr:street": null, "check_date": "2026-03-20", "name:en": null, "internet_access": null, "addr:district": null, "internet_access:fee": null, "operator": null, "operator:type": null, "name:mr": null, "email": null, "opening_hours": null, "phone": null, "education": null, "alt_name:en": null, "fax": null, "short_name": null, "short_name:en": null, "building": "yes", "name:hi": null, "wikidata": null, "wikipedia": null, "name:etymology:wikidata": null, "designation": null, "old_name": null, "building:levels": null, "level": null, "wikimedia_commons": null, "school:gender": null, "description": null, "barrier": null, "addr:country": null, "isced:level": null, "school": null, "contact:website": null, "start_date": null, "contact:phone": null, "landuse": null }, "geometry": { "type": "Polygon", "coordinates": [ [ [ 72.8582135, 19.0361654 ], [ 72.8584964, 19.0360608 ], [ 72.8584812, 19.0360242 ], [ 72.8589152, 19.0358637 ], [ 72.8589303, 19.0359003 ], [ 72.8592187, 19.0357937 ], [ 72.8591714, 19.0356793 ], [ 72.8581661, 19.036051 ], [ 72.8582135, 19.0361654 ] ] ] } },
{ "type": "Feature", "properties": { "element": "way", "id": 430024307, "amenity": "college", "created_by": null, "name": "V.E.S College of Arts, Science and Commerce", "wheelchair": null, "alt_name": null, "toilets:wheelchair": null, "addr:city": null, "addr:housename": "V.E.S College of Arts,Science and Commerce", "addr:suburb": null, "website": null, "addr:housenumber": null, "addr:postcode": "400071", "addr:street": "Sindhi Society", "check_date": null, "name:en": null, "internet_access": null, "addr:district": null, "internet_access:fee": null, "operator": null, "operator:type": null, "name:mr": null, "email": null, "opening_hours": null, "phone": null, "education": null, "alt_name:en": null, "fax": null, "short_name": null, "short_name:en": null, "building": null, "name:hi": null, "wikidata": null, "wikipedia": null, "name:etymology:wikidata": null, "designation": null, "old_name": null, "building:levels": null, "level": null, "wikimedia_commons": null, "school:gender": null, "description": null, "barrier": null, "addr:country": null, "isced:level": null, "school": null, "contact:website": null, "start_date": null, "contact:phone": null, "landuse": null }, "geometry": { "type": "Polygon", "coordinates": [ [ [ 72.8901934, 19.0483532 ], [ 72.8905207, 19.0481335 ], [ 72.8905436, 19.0478024 ], [ 72.8889325, 19.0471001 ], [ 72.8882418, 19.0474949 ], [ 72.8901934, 19.0483532 ] ] ] } },
{ "type": "Feature", "properties": { "element": "way", "id": 430223746, "amenity": "college", "created_by": null, "name": "Dr Anandrao Nair Hospital and Topiwala Medical College", "wheelchair": null, "alt_name": null, "toilets:wheelchair": null, "addr:city": null, "addr:housename": null, "addr:suburb": null, "website": null, "addr:housenumber": null, "addr:postcode": null, "addr:street": null, "check_date": "2026-03-20", "name:en": null, "internet_access": null, "addr:district": null, "internet_access:fee": null, "operator": null, "operator:type": null, "name:mr": null, "email": null, "opening_hours": null, "phone": null, "education": null, "alt_name:en": null, "fax": null, "short_name": null, "short_name:en": null, "building": null, "name:hi": null, "wikidata": null, "wikipedia": null, "name:etymology:wikidata": null, "designation": null, "old_name": null, "building:levels": null, "level": null, "wikimedia_commons": null, "school:gender": null, "description": null, "barrier": null, "addr:country": null, "isced:level": null, "school": null, "contact:website": null, "start_date": null, "contact:phone": null, "landuse": null }, "geometry": { "type": "Polygon", "coordinates": [ [ [ 72.8224754, 18.9735481 ], [ 72.8216277, 18.9738826 ], [ 72.8215456, 18.9739145 ], [ 72.8209979, 18.9741172 ], [ 72.821442, 18.9751141 ], [ 72.8221673, 18.9748086 ], [ 72.8224141, 18.9747047 ], [ 72.822961, 18.9744744 ], [ 72.8224754, 18.9735481 ] ] ] } },
{ "type": "Feature", "properties": { "element": "way", "id": 486564717, "amenity": "college", "created_by": null, "name": "Padhmabhushan Vasantdada Patil Pratishthan's College Of Engineering", "wheelchair": null, "alt_name": "Basant Dasa Patil College", "toilets:wheelchair": null, "addr:city": null, "addr:housename": null, "addr:suburb": null, "website": null, "addr:housenumber": null, "addr:postcode": "400022", "addr:street": "Eastern Express Highway", "check_date": null, "name:en": null, "internet_access": null, "addr:district": null, "internet_access:fee": null, "operator": null, "operator:type": "private", "name:mr": null, "email": null, "opening_hours": null, "phone": null, "education": null, "alt_name:en": null, "fax": null, "short_name": "PVPP COE", "short_name:en": null, "building": null, "name:hi": null, "wikidata": null, "wikipedia": "en:Padmabhushan_Vasantdada_Patil_Pratishthan%27s_College_of_Engineering", "name:etymology:wikidata": "Q7405828", "designation": null, "old_name": null, "building:levels": null, "level": null, "wikimedia_commons": null, "school:gender": null, "description": null, "barrier": null, "addr:country": null, "isced:level": null, "school": null, "contact:website": "http://www.pvppcoe.ac.in/", "start_date": "1990", "contact:phone": null, "landuse": null }, "geometry": { "type": "Polygon", "coordinates": [ [ [ 72.8781009, 19.0486994 ], [ 72.8781767, 19.0487357 ], [ 72.8784524, 19.0490383 ], [ 72.8783066, 19.0491761 ], [ 72.8783985, 19.049278 ], [ 72.8786584, 19.0493409 ], [ 72.8791275, 19.0499521 ], [ 72.879099, 19.050009 ], [ 72.8786394, 19.0508239 ], [ 72.8784049, 19.050713 ], [ 72.8786243, 19.0515844 ], [ 72.8785828, 19.0515848 ], [ 72.8785157, 19.0515853 ], [ 72.8783809, 19.0513486 ], [ 72.878215, 19.0509075 ], [ 72.8778022, 19.0505674 ], [ 72.8776842, 19.0501086 ], [ 72.8776812, 19.0497695 ], [ 72.8779274, 19.0492649 ], [ 72.8781009, 19.0486994 ] ] ] } },
{ "type": "Feature", "properties": { "element": "way", "id": 555686686, "amenity": "college", "created_by": null, "name": "SIES College of Arts & Science", "wheelchair": null, "alt_name": null, "toilets:wheelchair": null, "addr:city": null, "addr:housename": null, "addr:suburb": null, "website": null, "addr:housenumber": null, "addr:postcode": null, "addr:street": null, "check_date": "2026-03-20", "name:en": null, "internet_access": "yes", "addr:district": null, "internet_access:fee": null, "operator": null, "operator:type": null, "name:mr": null, "email": null, "opening_hours": null, "phone": null, "education": null, "alt_name:en": null, "fax": null, "short_name": null, "short_name:en": null, "building": null, "name:hi": null, "wikidata": "Q7390298", "wikipedia": "en:SIES College of Arts, Science & Commerce", "name:etymology:wikidata": null, "designation": null, "old_name": null, "building:levels": null, "level": null, "wikimedia_commons": null, "school:gender": null, "description": null, "barrier": null, "addr:country": null, "isced:level": null, "school": null, "contact:website": null, "start_date": null, "contact:phone": null, "landuse": null }, "geometry": { "type": "Polygon", "coordinates": [ [ [ 72.8611653, 19.0416017 ], [ 72.8617074, 19.0412567 ], [ 72.8613791, 19.0407959 ], [ 72.860837, 19.0411409 ], [ 72.8611653, 19.0416017 ] ] ] } },
{ "type": "Feature", "properties": { "element": "way", "id": 563427596, "amenity": "college", "created_by": null, "name": "swami vivekanand college park", "wheelchair": null, "alt_name": null, "toilets:wheelchair": null, "addr:city": null, "addr:housename": null, "addr:suburb": null, "website": null, "addr:housenumber": null, "addr:postcode": null, "addr:street": null, "check_date": null, "name:en": null, "internet_access": null, "addr:district": null, "internet_access:fee": null, "operator": null, "operator:type": null, "name:mr": null, "email": null, "opening_hours": null, "phone": null, "education": null, "alt_name:en": null, "fax": null, "short_name": null, "short_name:en": null, "building": null, "name:hi": null, "wikidata": null, "wikipedia": null, "name:etymology:wikidata": null, "designation": null, "old_name": null, "building:levels": null, "level": null, "wikimedia_commons": null, "school:gender": null, "description": null, "barrier": null, "addr:country": null, "isced:level": null, "school": null, "contact:website": null, "start_date": null, "contact:phone": null, "landuse": null }, "geometry": { "type": "Polygon", "coordinates": [ [ [ 72.8898306, 19.0462962 ], [ 72.8896858, 19.0463419 ], [ 72.8895009, 19.0463533 ], [ 72.8891061, 19.0461104 ], [ 72.8892192, 19.0460388 ], [ 72.8893593, 19.0459435 ], [ 72.8892112, 19.0457611 ], [ 72.8890245, 19.0455385 ], [ 72.8890094, 19.045514 ], [ 72.8889814, 19.0453192 ], [ 72.8891886, 19.0449802 ], [ 72.8893023, 19.0449271 ], [ 72.8893452, 19.0449829 ], [ 72.8894444, 19.0452694 ], [ 72.8895442, 19.0457446 ], [ 72.8895705, 19.0458576 ], [ 72.8897421, 19.0459387 ], [ 72.8898306, 19.0462962 ] ] ] } },
{ "type": "Feature", "properties": { "element": "way", "id": 611830525, "amenity": "college", "created_by": null, "name": "Lokmanya Tilak Medical College", "wheelchair": null, "alt_name": null, "toilets:wheelchair": null, "addr:city": null, "addr:housename": null, "addr:suburb": null, "website": null, "addr:housenumber": null, "addr:postcode": null, "addr:street": null, "check_date": "2026-03-20", "name:en": null, "internet_access": null, "addr:district": null, "internet_access:fee": null, "operator": null, "operator:type": null, "name:mr": null, "email": null, "opening_hours": null, "phone": null, "education": null, "alt_name:en": null, "fax": null, "short_name": null, "short_name:en": null, "building": null, "name:hi": null, "wikidata": null, "wikipedia": null, "name:etymology:wikidata": "Q312555", "designation": null, "old_name": null, "building:levels": null, "level": null, "wikimedia_commons": null, "school:gender": null, "description": null, "barrier": null, "addr:country": null, "isced:level": null, "school": null, "contact:website": null, "start_date": null, "contact:phone": null, "landuse": null }, "geometry": { "type": "Polygon", "coordinates": [ [ [ 72.8581106, 19.0360806 ], [ 72.8568487, 19.0366031 ], [ 72.8577073, 19.0377758 ], [ 72.8585206, 19.0374484 ], [ 72.8586434, 19.0373889 ], [ 72.8581106, 19.0360806 ] ] ] } },
{ "type": "Feature", "properties": { "element": "way", "id": 611830532, "amenity": "college", "created_by": null, "name": "Guru Nanak High School & College", "wheelchair": null, "alt_name": null, "toilets:wheelchair": null, "addr:city": null, "addr:housename": null, "addr:suburb": null, "website": null, "addr:housenumber": null, "addr:postcode": null, "addr:street": null, "check_date": null, "name:en": null, "internet_access": null, "addr:district": null, "internet_access:fee": null, "operator": null, "operator:type": null, "name:mr": null, "email": null, "opening_hours": null, "phone": null, "education": null, "alt_name:en": null, "fax": null, "short_name": null, "short_name:en": null, "building": null, "name:hi": null, "wikidata": null, "wikipedia": null, "name:etymology:wikidata": "Q83322", "designation": null, "old_name": null, "building:levels": null, "level": null, "wikimedia_commons": null, "school:gender": null, "description": null, "barrier": null, "addr:country": null, "isced:level": null, "school": null, "contact:website": null, "start_date": null, "contact:phone": null, "landuse": null }, "geometry": { "type": "Polygon", "coordinates": [ [ [ 72.8643562, 19.0352985 ], [ 72.8653006, 19.0364063 ], [ 72.8660161, 19.0358642 ], [ 72.8651405, 19.0348208 ], [ 72.8643562, 19.0352985 ] ] ] } },
{ "type": "Feature", "properties": { "element": "way", "id": 622549205, "amenity": "college", "created_by": null, "name": "RM Lab", "wheelchair": null, "alt_name": null, "toilets:wheelchair": null, "addr:city": null, "addr:housename": null, "addr:suburb": null, "website": null, "addr:housenumber": null, "addr:postcode": null, "addr:street": null, "check_date": null, "name:en": null, "internet_access": null, "addr:district": null, "internet_access:fee": null, "operator": null, "operator:type": null, "name:mr": null, "email": null, "opening_hours": null, "phone": null, "education": null, "alt_name:en": null, "fax": null, "short_name": null, "short_name:en": null, "building": "university", "name:hi": null, "wikidata": null, "wikipedia": null, "name:etymology:wikidata": null, "designation": null, "old_name": null, "building:levels": null, "level": null, "wikimedia_commons": null, "school:gender": null, "description": null, "barrier": null, "addr:country": null, "isced:level": null, "school": null, "contact:website": null, "start_date": null, "contact:phone": null, "landuse": null }, "geometry": { "type": "Polygon", "coordinates": [ [ [ 72.9186589, 19.1338274 ], [ 72.9186669, 19.1336692 ], [ 72.9191701, 19.1336921 ], [ 72.919162, 19.1338502 ], [ 72.9186589, 19.1338274 ] ] ] } },
{ "type": "Feature", "properties": { "element": "way", "id": 622549206, "amenity": "college", "created_by": null, "name": "Ortho Cad Lab", "wheelchair": null, "alt_name": null, "toilets:wheelchair": null, "addr:city": null, "addr:housename": null, "addr:suburb": null, "website": null, "addr:housenumber": null, "addr:postcode": null, "addr:street": null, "check_date": null, "name:en": null, "internet_access": null, "addr:district": null, "internet_access:fee": null, "operator": null, "operator:type": null, "name:mr": null, "email": null, "opening_hours": null, "phone": null, "education": null, "alt_name:en": null, "fax": null, "short_name": null, "short_name:en": null, "building": "university", "name:hi": null, "wikidata": null, "wikipedia": null, "name:etymology:wikidata": null, "designation": null, "old_name": null, "building:levels": null, "level": null, "wikimedia_commons": null, "school:gender": null, "description": null, "barrier": null, "addr:country": null, "isced:level": null, "school": null, "contact:website": null, "start_date": null, "contact:phone": null, "landuse": null }, "geometry": { "type": "Polygon", "coordinates": [ [ [ 72.9191512, 19.1341709 ], [ 72.9191646, 19.1340011 ], [ 72.9186818, 19.1339758 ], [ 72.9186657, 19.1341481 ], [ 72.9191512, 19.1341709 ] ] ] } },
{ "type": "Feature", "properties": { "element": "way", "id": 622819448, "amenity": "college", "created_by": null, "name": "CAD Centre", "wheelchair": null, "alt_name": null, "toilets:wheelchair": null, "addr:city": null, "addr:housename": null, "addr:suburb": null, "website": null, "addr:housenumber": null, "addr:postcode": null, "addr:street": null, "check_date": null, "name:en": null, "internet_access": null, "addr:district": null, "internet_access:fee": null, "operator": null, "operator:type": null, "name:mr": null, "email": null, "opening_hours": null, "phone": null, "education": null, "alt_name:en": null, "fax": null, "short_name": null, "short_name:en": null, "building": "university", "name:hi": null, "wikidata": null, "wikipedia": null, "name:etymology:wikidata": null, "designation": null, "old_name": null, "building:levels": null, "level": null, "wikimedia_commons": null, "school:gender": null, "description": null, "barrier": null, "addr:country": null, "isced:level": null, "school": null, "contact:website": null, "start_date": null, "contact:phone": null, "landuse": null }, "geometry": { "type": "Polygon", "coordinates": [ [ [ 72.9184122, 19.1322146 ], [ 72.9184189, 19.1320816 ], [ 72.9187733, 19.1320975 ], [ 72.9187656, 19.1322503 ], [ 72.9184112, 19.1322344 ], [ 72.9184122, 19.1322146 ] ] ] } },
{ "type": "Feature", "properties": { "element": "way", "id": 622819455, "amenity": "college", "created_by": null, "name": "Geophysical and Multi-phase Flow Lab", "wheelchair": null, "alt_name": null, "toilets:wheelchair": null, "addr:city": null, "addr:housename": null, "addr:suburb": null, "website": null, "addr:housenumber": null, "addr:postcode": null, "addr:street": null, "check_date": null, "name:en": null, "internet_access": null, "addr:district": null, "internet_access:fee": null, "operator": null, "operator:type": null, "name:mr": null, "email": null, "opening_hours": null, "phone": null, "education": null, "alt_name:en": null, "fax": null, "short_name": null, "short_name:en": null, "building": "university", "name:hi": null, "wikidata": null, "wikipedia": null, "name:etymology:wikidata": null, "designation": null, "old_name": null, "building:levels": null, "level": null, "wikimedia_commons": null, "school:gender": null, "description": null, "barrier": null, "addr:country": null, "isced:level": null, "school": null, "contact:website": null, "start_date": null, "contact:phone": null, "landuse": null }, "geometry": { "type": "Polygon", "coordinates": [ [ [ 72.9174067, 19.1350982 ], [ 72.9173955, 19.134998 ], [ 72.9175952, 19.1349781 ], [ 72.9176064, 19.1350783 ], [ 72.9174067, 19.1350982 ] ] ] } },
{ "type": "Feature", "properties": { "element": "way", "id": 622819458, "amenity": "college", "created_by": null, "name": "Thermodynamics lab", "wheelchair": null, "alt_name": null, "toilets:wheelchair": null, "addr:city": null, "addr:housename": null, "addr:suburb": null, "website": null, "addr:housenumber": null, "addr:postcode": null, "addr:street": null, "check_date": null, "name:en": null, "internet_access": null, "addr:district": null, "internet_access:fee": null, "operator": null, "operator:type": null, "name:mr": null, "email": null, "opening_hours": null, "phone": null, "education": null, "alt_name:en": null, "fax": null, "short_name": null, "short_name:en": null, "building": "university", "name:hi": null, "wikidata": null, "wikipedia": null, "name:etymology:wikidata": null, "designation": null, "old_name": null, "building:levels": null, "level": null, "wikimedia_commons": null, "school:gender": null, "description": null, "barrier": null, "addr:country": null, "isced:level": null, "school": null, "contact:website": null, "start_date": null, "contact:phone": null, "landuse": null }, "geometry": { "type": "Polygon", "coordinates": [ [ [ 72.9175025, 19.1349232 ], [ 72.9176739, 19.1349263 ], [ 72.9176794, 19.1346479 ], [ 72.9175081, 19.1346448 ], [ 72.9175025, 19.1349232 ] ] ] } },
{ "type": "Feature", "properties": { "element": "way", "id": 622819460, "amenity": "college", "created_by": null, "name": "GeoTechnical Engg. Lab", "wheelchair": null, "alt_name": null, "toilets:wheelchair": null, "addr:city": null, "addr:housename": null, "addr:suburb": null, "website": null, "addr:housenumber": null, "addr:postcode": null, "addr:street": null, "check_date": null, "name:en": null, "internet_access": null, "addr:district": null, "internet_access:fee": null, "operator": null, "operator:type": null, "name:mr": null, "email": null, "opening_hours": null, "phone": null, "education": null, "alt_name:en": null, "fax": null, "short_name": null, "short_name:en": null, "building": "university", "name:hi": null, "wikidata": null, "wikipedia": null, "name:etymology:wikidata": null, "designation": null, "old_name": null, "building:levels": null, "level": null, "wikimedia_commons": null, "school:gender": null, "description": null, "barrier": null, "addr:country": null, "isced:level": null, "school": null, "contact:website": null, "start_date": null, "contact:phone": null, "landuse": null }, "geometry": { "type": "Polygon", "coordinates": [ [ [ 72.916524, 19.1351552 ], [ 72.9165346, 19.1349995 ], [ 72.9167881, 19.1350148 ], [ 72.9167775, 19.1351706 ], [ 72.916524, 19.1351552 ] ] ] } },
{ "type": "Feature", "properties": { "element": "way", "id": 622819462, "amenity": "college", "created_by": null, "name": "Hydraulics Lab Workshop", "wheelchair": null, "alt_name": null, "toilets:wheelchair": null, "addr:city": null, "addr:housename": null, "addr:suburb": null, "website": null, "addr:housenumber": null, "addr:postcode": null, "addr:street": null, "check_date": null, "name:en": null, "internet_access": null, "addr:district": null, "internet_access:fee": null, "operator": null, "operator:type": null, "name:mr": null, "email": null, "opening_hours": null, "phone": null, "education": null, "alt_name:en": null, "fax": null, "short_name": null, "short_name:en": null, "building": "university", "name:hi": null, "wikidata": null, "wikipedia": null, "name:etymology:wikidata": null, "designation": null, "old_name": null, "building:levels": null, "level": null, "wikimedia_commons": null, "school:gender": null, "description": null, "barrier": null, "addr:country": null, "isced:level": null, "school": null, "contact:website": null, "start_date": null, "contact:phone": null, "landuse": null }, "geometry": { "type": "Polygon", "coordinates": [ [ [ 72.9165181, 19.1348976 ], [ 72.9163606, 19.1348918 ], [ 72.9163681, 19.1347067 ], [ 72.9165277, 19.1347126 ], [ 72.9165181, 19.1348976 ] ] ] } },
{ "type": "Feature", "properties": { "element": "way", "id": 622819463, "amenity": "college", "created_by": null, "name": "SRE Substation Unit", "wheelchair": null, "alt_name": null, "toilets:wheelchair": null, "addr:city": null, "addr:housename": null, "addr:suburb": null, "website": null, "addr:housenumber": null, "addr:postcode": null, "addr:street": null, "check_date": null, "name:en": null, "internet_access": null, "addr:district": null, "internet_access:fee": null, "operator": null, "operator:type": null, "name:mr": null, "email": null, "opening_hours": null, "phone": null, "education": null, "alt_name:en": null, "fax": null, "short_name": null, "short_name:en": null, "building": "university", "name:hi": null, "wikidata": null, "wikipedia": null, "name:etymology:wikidata": null, "designation": null, "old_name": null, "building:levels": null, "level": null, "wikimedia_commons": null, "school:gender": null, "description": null, "barrier": null, "addr:country": null, "isced:level": null, "school": null, "contact:website": null, "start_date": null, "contact:phone": null, "landuse": null }, "geometry": { "type": "Polygon", "coordinates": [ [ [ 72.9158723, 19.1346953 ], [ 72.9160668, 19.1347031 ], [ 72.9160746, 19.1345321 ], [ 72.9158801, 19.1345243 ], [ 72.9158723, 19.1346953 ] ] ] } },
{ "type": "Feature", "properties": { "element": "way", "id": 622819464, "amenity": "college", "created_by": null, "name": "Steam Power Lab", "wheelchair": null, "alt_name": null, "toilets:wheelchair": null, "addr:city": null, "addr:housename": null, "addr:suburb": null, "website": null, "addr:housenumber": null, "addr:postcode": null, "addr:street": null, "check_date": null, "name:en": null, "internet_access": null, "addr:district": null, "internet_access:fee": null, "operator": null, "operator:type": null, "name:mr": null, "email": null, "opening_hours": null, "phone": null, "education": null, "alt_name:en": null, "fax": null, "short_name": null, "short_name:en": null, "building": "university", "name:hi": null, "wikidata": null, "wikipedia": null, "name:etymology:wikidata": null, "designation": null, "old_name": null, "building:levels": null, "level": null, "wikimedia_commons": null, "school:gender": null, "description": null, "barrier": null, "addr:country": null, "isced:level": null, "school": null, "contact:website": null, "start_date": null, "contact:phone": null, "landuse": null }, "geometry": { "type": "Polygon", "coordinates": [ [ [ 72.9172083, 19.1347653 ], [ 72.9174912, 19.1347769 ], [ 72.9174986, 19.134616 ], [ 72.9172157, 19.1346044 ], [ 72.9172083, 19.1347653 ] ] ] } },
{ "type": "Feature", "properties": { "element": "way", "id": 622819465, "amenity": "college", "created_by": null, "name": "Structural Evaluation & Material Testing Lab", "wheelchair": null, "alt_name": null, "toilets:wheelchair": null, "addr:city": null, "addr:housename": null, "addr:suburb": null, "website": null, "addr:housenumber": null, "addr:postcode": null, "addr:street": null, "check_date": null, "name:en": null, "internet_access": null, "addr:district": null, "internet_access:fee": null, "operator": null, "operator:type": null, "name:mr": null, "email": null, "opening_hours": null, "phone": null, "education": null, "alt_name:en": null, "fax": null, "short_name": null, "short_name:en": null, "building": "university", "name:hi": null, "wikidata": null, "wikipedia": null, "name:etymology:wikidata": null, "designation": null, "old_name": null, "building:levels": null, "level": null, "wikimedia_commons": null, "school:gender": null, "description": null, "barrier": null, "addr:country": null, "isced:level": null, "school": null, "contact:website": null, "start_date": null, "contact:phone": null, "landuse": null }, "geometry": { "type": "Polygon", "coordinates": [ [ [ 72.9172003, 19.1350239 ], [ 72.9172083, 19.1347653 ], [ 72.9172157, 19.1346044 ], [ 72.9172161, 19.1345669 ], [ 72.9170588, 19.1345621 ], [ 72.9170431, 19.135019 ], [ 72.9172003, 19.1350239 ] ] ] } },
{ "type": "Feature", "properties": { "element": "way", "id": 622819466, "amenity": "college", "created_by": null, "name": "Metal Forming Lab", "wheelchair": null, "alt_name": null, "toilets:wheelchair": null, "addr:city": null, "addr:housename": null, "addr:suburb": null, "website": null, "addr:housenumber": null, "addr:postcode": null, "addr:street": null, "check_date": null, "name:en": null, "internet_access": null, "addr:district": null, "internet_access:fee": null, "operator": null, "operator:type": null, "name:mr": null, "email": null, "opening_hours": null, "phone": null, "education": null, "alt_name:en": null, "fax": null, "short_name": null, "short_name:en": null, "building": "university", "name:hi": null, "wikidata": null, "wikipedia": null, "name:etymology:wikidata": null, "designation": null, "old_name": null, "building:levels": null, "level": null, "wikimedia_commons": null, "school:gender": null, "description": null, "barrier": null, "addr:country": null, "isced:level": null, "school": null, "contact:website": null, "start_date": null, "contact:phone": null, "landuse": null }, "geometry": { "type": "Polygon", "coordinates": [ [ [ 72.916864, 19.1350092 ], [ 72.9168815, 19.1345617 ], [ 72.9170588, 19.1345621 ], [ 72.9170431, 19.135019 ], [ 72.916864, 19.1350092 ] ] ] } },
{ "type": "Feature", "properties": { "element": "way", "id": 622819467, "amenity": "college", "created_by": null, "name": "Hydraulics Lab", "wheelchair": null, "alt_name": null, "toilets:wheelchair": null, "addr:city": null, "addr:housename": null, "addr:suburb": null, "website": null, "addr:housenumber": null, "addr:postcode": null, "addr:street": null, "check_date": null, "name:en": null, "internet_access": null, "addr:district": null, "internet_access:fee": null, "operator": null, "operator:type": null, "name:mr": null, "email": null, "opening_hours": null, "phone": null, "education": null, "alt_name:en": null, "fax": null, "short_name": null, "short_name:en": null, "building": "university", "name:hi": null, "wikidata": null, "wikipedia": null, "name:etymology:wikidata": null, "designation": null, "old_name": null, "building:levels": null, "level": null, "wikimedia_commons": null, "school:gender": null, "description": null, "barrier": null, "addr:country": null, "isced:level": null, "school": null, "contact:website": null, "start_date": null, "contact:phone": null, "landuse": null }, "geometry": { "type": "Polygon", "coordinates": [ [ [ 72.9165146, 19.1349666 ], [ 72.9167245, 19.1349763 ], [ 72.9167463, 19.1345553 ], [ 72.9165363, 19.1345456 ], [ 72.9165277, 19.1347126 ], [ 72.9165181, 19.1348976 ], [ 72.9165146, 19.1349666 ] ] ] } },
{ "type": "Feature", "properties": { "element": "way", "id": 622819468, "amenity": "college", "created_by": null, "name": "Energy Systems Lab", "wheelchair": null, "alt_name": null, "toilets:wheelchair": null, "addr:city": null, "addr:housename": null, "addr:suburb": null, "website": null, "addr:housenumber": null, "addr:postcode": null, "addr:street": null, "check_date": null, "name:en": null, "internet_access": null, "addr:district": null, "internet_access:fee": null, "operator": null, "operator:type": null, "name:mr": null, "email": null, "opening_hours": null, "phone": null, "education": null, "alt_name:en": null, "fax": null, "short_name": null, "short_name:en": null, "building": "university", "name:hi": null, "wikidata": null, "wikipedia": null, "name:etymology:wikidata": null, "designation": null, "old_name": null, "building:levels": null, "level": null, "wikimedia_commons": null, "school:gender": null, "description": null, "barrier": null, "addr:country": null, "isced:level": null, "school": null, "contact:website": null, "start_date": null, "contact:phone": null, "landuse": null }, "geometry": { "type": "Polygon", "coordinates": [ [ [ 72.9161291, 19.1348163 ], [ 72.9161436, 19.13453 ], [ 72.9163422, 19.1345391 ], [ 72.9163276, 19.1348254 ], [ 72.9161291, 19.1348163 ] ] ] } },
{ "type": "Feature", "properties": { "element": "way", "id": 625929087, "amenity": "college", "created_by": null, "name": "Ismail Yusuf College", "wheelchair": null, "alt_name": null, "toilets:wheelchair": null, "addr:city": "jogeshwari east", "addr:housename": null, "addr:suburb": null, "website": null, "addr:housenumber": null, "addr:postcode": "400060", "addr:street": "Road Number 1", "check_date": null, "name:en": null, "internet_access": null, "addr:district": null, "internet_access:fee": null, "operator": null, "operator:type": null, "name:mr": null, "email": null, "opening_hours": null, "phone": null, "education": null, "alt_name:en": null, "fax": null, "short_name": null, "short_name:en": null, "building": "college", "name:hi": null, "wikidata": null, "wikipedia": null, "name:etymology:wikidata": null, "designation": null, "old_name": null, "building:levels": "3", "level": null, "wikimedia_commons": null, "school:gender": null, "description": null, "barrier": null, "addr:country": null, "isced:level": null, "school": null, "contact:website": null, "start_date": null, "contact:phone": null, "landuse": null }, "geometry": { "type": "Polygon", "coordinates": [ [ [ 72.8544134, 19.1335881 ], [ 72.8543746, 19.13332 ], [ 72.8542342, 19.1333381 ], [ 72.8542553, 19.1334846 ], [ 72.8538679, 19.1335346 ], [ 72.8538467, 19.1333881 ], [ 72.8537068, 19.1334061 ], [ 72.8537455, 19.1336742 ], [ 72.8538737, 19.1336577 ], [ 72.8538713, 19.1336408 ], [ 72.8542741, 19.1335888 ], [ 72.8542766, 19.1336057 ], [ 72.8544134, 19.1335881 ] ] ] } },
{ "type": "Feature", "properties": { "element": "way", "id": 625950067, "amenity": "college", "created_by": null, "name": "Pace Junior Science College", "wheelchair": null, "alt_name": null, "toilets:wheelchair": null, "addr:city": null, "addr:housename": null, "addr:suburb": null, "website": null, "addr:housenumber": null, "addr:postcode": null, "addr:street": null, "check_date": null, "name:en": null, "internet_access": null, "addr:district": null, "internet_access:fee": null, "operator": null, "operator:type": null, "name:mr": null, "email": null, "opening_hours": null, "phone": null, "education": null, "alt_name:en": null, "fax": null, "short_name": null, "short_name:en": null, "building": null, "name:hi": null, "wikidata": null, "wikipedia": null, "name:etymology:wikidata": null, "designation": null, "old_name": null, "building:levels": null, "level": null, "wikimedia_commons": null, "school:gender": null, "description": null, "barrier": null, "addr:country": null, "isced:level": null, "school": null, "contact:website": null, "start_date": null, "contact:phone": null, "landuse": null }, "geometry": { "type": "Polygon", "coordinates": [ [ [ 72.8455701, 19.1204486 ], [ 72.8454672, 19.1201353 ], [ 72.8450354, 19.120262 ], [ 72.8451383, 19.1205753 ], [ 72.8455701, 19.1204486 ] ] ] } },
{ "type": "Feature", "properties": { "element": "way", "id": 626142589, "amenity": "college", "created_by": null, "name": null, "wheelchair": null, "alt_name": null, "toilets:wheelchair": null, "addr:city": null, "addr:housename": null, "addr:suburb": null, "website": null, "addr:housenumber": null, "addr:postcode": null, "addr:street": null, "check_date": null, "name:en": "Maharashtra Fire Service Academy", "internet_access": null, "addr:district": null, "internet_access:fee": null, "operator": null, "operator:type": null, "name:mr": null, "email": null, "opening_hours": null, "phone": null, "education": null, "alt_name:en": null, "fax": null, "short_name": null, "short_name:en": null, "building": null, "name:hi": null, "wikidata": null, "wikipedia": null, "name:etymology:wikidata": null, "designation": null, "old_name": null, "building:levels": null, "level": null, "wikimedia_commons": null, "school:gender": null, "description": null, "barrier": null, "addr:country": null, "isced:level": null, "school": null, "contact:website": null, "start_date": null, "contact:phone": null, "landuse": null }, "geometry": { "type": "Polygon", "coordinates": [ [ [ 72.8568667, 19.0758235 ], [ 72.8567594, 19.0753444 ], [ 72.8573978, 19.0752253 ], [ 72.8574943, 19.0757246 ], [ 72.8568667, 19.0758235 ] ] ] } },
{ "type": "Feature", "properties": { "element": "way", "id": 626142590, "amenity": "college", "created_by": null, "name": "Police Training Academy", "wheelchair": null, "alt_name": null, "toilets:wheelchair": null, "addr:city": null, "addr:housename": null, "addr:suburb": null, "website": null, "addr:housenumber": null, "addr:postcode": null, "addr:street": null, "check_date": "2026-03-21", "name:en": null, "internet_access": null, "addr:district": null, "internet_access:fee": null, "operator": null, "operator:type": null, "name:mr": null, "email": null, "opening_hours": null, "phone": null, "education": null, "alt_name:en": null, "fax": null, "short_name": null, "short_name:en": null, "building": null, "name:hi": null, "wikidata": null, "wikipedia": null, "name:etymology:wikidata": null, "designation": null, "old_name": null, "building:levels": null, "level": null, "wikimedia_commons": null, "school:gender": null, "description": null, "barrier": null, "addr:country": null, "isced:level": null, "school": null, "contact:website": null, "start_date": null, "contact:phone": null, "landuse": null }, "geometry": { "type": "Polygon", "coordinates": [ [ [ 72.8565975, 19.0753755 ], [ 72.8554943, 19.0755612 ], [ 72.8549337, 19.0754522 ], [ 72.8543906, 19.0755143 ], [ 72.8544685, 19.0759934 ], [ 72.854054, 19.076096 ], [ 72.8540228, 19.0767906 ], [ 72.8545302, 19.0768592 ], [ 72.8549647, 19.077425 ], [ 72.85533, 19.0776145 ], [ 72.8555775, 19.0779262 ], [ 72.8557928, 19.0778007 ], [ 72.8560016, 19.0778706 ], [ 72.8562246, 19.0776504 ], [ 72.8562998, 19.077663 ], [ 72.8564932, 19.0775678 ], [ 72.8566031, 19.0775462 ], [ 72.8567003, 19.0774687 ], [ 72.8568107, 19.0773733 ], [ 72.856841, 19.0773383 ], [ 72.8568905, 19.0772369 ], [ 72.8568577, 19.0769967 ], [ 72.8568624, 19.0767586 ], [ 72.8568107, 19.0763759 ], [ 72.8565975, 19.0753755 ] ] ] } },
{ "type": "Feature", "properties": { "element": "way", "id": 626185303, "amenity": "college", "created_by": null, "name": "Sree Narayan Guru College", "wheelchair": null, "alt_name": null, "toilets:wheelchair": null, "addr:city": null, "addr:housename": null, "addr:suburb": null, "website": null, "addr:housenumber": null, "addr:postcode": null, "addr:street": null, "check_date": null, "name:en": null, "internet_access": null, "addr:district": null, "internet_access:fee": null, "operator": null, "operator:type": null, "name:mr": null, "email": null, "opening_hours": null, "phone": null, "education": null, "alt_name:en": null, "fax": null, "short_name": null, "short_name:en": null, "building": null, "name:hi": null, "wikidata": null, "wikipedia": null, "name:etymology:wikidata": null, "designation": null, "old_name": null, "building:levels": null, "level": null, "wikimedia_commons": null, "school:gender": null, "description": null, "barrier": null, "addr:country": null, "isced:level": null, "school": null, "contact:website": null, "start_date": null, "contact:phone": null, "landuse": null }, "geometry": { "type": "Polygon", "coordinates": [ [ [ 72.9092592, 19.0609619 ], [ 72.9083231, 19.0613269 ], [ 72.9086986, 19.0618618 ], [ 72.9094925, 19.0615728 ], [ 72.9092592, 19.0609619 ] ] ] } },
{ "type": "Feature", "properties": { "element": "way", "id": 628787493, "amenity": "college", "created_by": null, "name": "Indian Institute of Packaging - IIP Mumbai", "wheelchair": null, "alt_name": null, "toilets:wheelchair": null, "addr:city": null, "addr:housename": null, "addr:suburb": null, "website": null, "addr:housenumber": null, "addr:postcode": null, "addr:street": null, "check_date": null, "name:en": null, "internet_access": null, "addr:district": null, "internet_access:fee": null, "operator": null, "operator:type": null, "name:mr": null, "email": null, "opening_hours": null, "phone": null, "education": null, "alt_name:en": null, "fax": null, "short_name": null, "short_name:en": null, "building": null, "name:hi": null, "wikidata": null, "wikipedia": null, "name:etymology:wikidata": null, "designation": null, "old_name": null, "building:levels": null, "level": null, "wikimedia_commons": null, "school:gender": null, "description": null, "barrier": null, "addr:country": null, "isced:level": null, "school": null, "contact:website": null, "start_date": null, "contact:phone": null, "landuse": null }, "geometry": { "type": "Polygon", "coordinates": [ [ [ 72.8654695, 19.1206082 ], [ 72.868647, 19.1203813 ], [ 72.8686895, 19.1208679 ], [ 72.8686618, 19.1212158 ], [ 72.8687903, 19.1213616 ], [ 72.8682126, 19.1216774 ], [ 72.8680662, 19.1218011 ], [ 72.8678873, 19.1218863 ], [ 72.8677124, 19.1219071 ], [ 72.8675822, 19.1218718 ], [ 72.8674194, 19.1215053 ], [ 72.8673524, 19.1211456 ], [ 72.8668664, 19.1213581 ], [ 72.8668061, 19.12128 ], [ 72.8663527, 19.1214958 ], [ 72.8659853, 19.1211225 ], [ 72.8656047, 19.1208332 ], [ 72.8654695, 19.1206082 ] ] ] } },
{ "type": "Feature", "properties": { "element": "way", "id": 629100994, "amenity": "college", "created_by": null, "name": "Indira Gandhi Institute of Development Research", "wheelchair": null, "alt_name": null, "toilets:wheelchair": null, "addr:city": null, "addr:housename": null, "addr:suburb": null, "website": "http://www.igidr.ac.in/", "addr:housenumber": null, "addr:postcode": null, "addr:street": null, "check_date": null, "name:en": null, "internet_access": null, "addr:district": null, "internet_access:fee": null, "operator": null, "operator:type": null, "name:mr": null, "email": null, "opening_hours": null, "phone": null, "education": null, "alt_name:en": null, "fax": null, "short_name": "IGIDR", "short_name:en": null, "building": null, "name:hi": null, "wikidata": "Q6024957", "wikipedia": "en:Indira Gandhi Institute of Development Research", "name:etymology:wikidata": "Q1149", "designation": null, "old_name": null, "building:levels": null, "level": null, "wikimedia_commons": "Category:Indira Gandhi Institute of Development Research", "school:gender": null, "description": null, "barrier": null, "addr:country": null, "isced:level": null, "school": null, "contact:website": null, "start_date": null, "contact:phone": null, "landuse": null }, "geometry": { "type": "Polygon", "coordinates": [ [ [ 72.8784956, 19.1654005 ], [ 72.8800875, 19.1669478 ], [ 72.8794595, 19.1677788 ], [ 72.8794012, 19.1678453 ], [ 72.8790156, 19.1679014 ], [ 72.8788557, 19.1678496 ], [ 72.8784377, 19.1679049 ], [ 72.8779859, 19.1679363 ], [ 72.8779256, 19.1677636 ], [ 72.8770566, 19.1673126 ], [ 72.8770512, 19.1672316 ], [ 72.8777432, 19.1661624 ], [ 72.8782459, 19.1656452 ], [ 72.8784956, 19.1654005 ] ] ] } },
{ "type": "Feature", "properties": { "element": "way", "id": 632105844, "amenity": "college", "created_by": null, "name": "Dairy Science Institute", "wheelchair": null, "alt_name": null, "toilets:wheelchair": null, "addr:city": null, "addr:housename": null, "addr:suburb": null, "website": null, "addr:housenumber": null, "addr:postcode": null, "addr:street": null, "check_date": null, "name:en": null, "internet_access": null, "addr:district": null, "internet_access:fee": null, "operator": null, "operator:type": null, "name:mr": null, "email": null, "opening_hours": null, "phone": null, "education": null, "alt_name:en": null, "fax": null, "short_name": null, "short_name:en": null, "building": null, "name:hi": null, "wikidata": null, "wikipedia": null, "name:etymology:wikidata": null, "designation": null, "old_name": null, "building:levels": null, "level": null, "wikimedia_commons": null, "school:gender": null, "description": null, "barrier": null, "addr:country": null, "isced:level": null, "school": null, "contact:website": null, "start_date": null, "contact:phone": null, "landuse": null }, "geometry": { "type": "Polygon", "coordinates": [ [ [ 72.871424, 19.1504841 ], [ 72.8713194, 19.1496911 ], [ 72.8706515, 19.149762 ], [ 72.8707802, 19.1505703 ], [ 72.871424, 19.1504841 ] ] ] } },
{ "type": "Feature", "properties": { "element": "way", "id": 665546545, "amenity": "college", "created_by": null, "name": "Mulund College of Commerce - MCC", "wheelchair": null, "alt_name": null, "toilets:wheelchair": null, "addr:city": "Mulund (West)", "addr:housename": null, "addr:suburb": null, "website": null, "addr:housenumber": null, "addr:postcode": "400080", "addr:street": "Mulund Court Road", "check_date": null, "name:en": null, "internet_access": null, "addr:district": null, "internet_access:fee": null, "operator": null, "operator:type": null, "name:mr": null, "email": null, "opening_hours": null, "phone": null, "education": null, "alt_name:en": null, "fax": null, "short_name": null, "short_name:en": null, "building": null, "name:hi": null, "wikidata": null, "wikipedia": null, "name:etymology:wikidata": null, "designation": null, "old_name": null, "building:levels": null, "level": null, "wikimedia_commons": null, "school:gender": null, "description": null, "barrier": null, "addr:country": null, "isced:level": null, "school": null, "contact:website": null, "start_date": null, "contact:phone": null, "landuse": null }, "geometry": { "type": "Polygon", "coordinates": [ [ [ 72.9581666, 19.1757288 ], [ 72.9578125, 19.1754577 ], [ 72.9580539, 19.1752195 ], [ 72.9579547, 19.1751182 ], [ 72.9581478, 19.1749459 ], [ 72.9585314, 19.175364 ], [ 72.9581666, 19.1757288 ] ] ] } },
{ "type": "Feature", "properties": { "element": "way", "id": 668730733, "amenity": "college", "created_by": null, "name": "Andhra Education Society", "wheelchair": null, "alt_name": null, "toilets:wheelchair": null, "addr:city": null, "addr:housename": null, "addr:suburb": null, "website": null, "addr:housenumber": null, "addr:postcode": null, "addr:street": null, "check_date": null, "name:en": null, "internet_access": null, "addr:district": null, "internet_access:fee": null, "operator": null, "operator:type": null, "name:mr": null, "email": null, "opening_hours": null, "phone": null, "education": null, "alt_name:en": null, "fax": null, "short_name": null, "short_name:en": null, "building": null, "name:hi": null, "wikidata": null, "wikipedia": null, "name:etymology:wikidata": null, "designation": null, "old_name": null, "building:levels": null, "level": null, "wikimedia_commons": null, "school:gender": null, "description": null, "barrier": null, "addr:country": null, "isced:level": null, "school": null, "contact:website": null, "start_date": null, "contact:phone": null, "landuse": null }, "geometry": { "type": "Polygon", "coordinates": [ [ [ 72.8586754, 19.022664 ], [ 72.8586701, 19.0224434 ], [ 72.8597054, 19.0224257 ], [ 72.8597134, 19.0226437 ], [ 72.8586754, 19.022664 ] ] ] } },
{ "type": "Feature", "properties": { "element": "way", "id": 706489199, "amenity": "college", "created_by": null, "name": "Raheja College, Juhu", "wheelchair": null, "alt_name": null, "toilets:wheelchair": null, "addr:city": null, "addr:housename": null, "addr:suburb": null, "website": null, "addr:housenumber": null, "addr:postcode": null, "addr:street": null, "check_date": null, "name:en": null, "internet_access": null, "addr:district": null, "internet_access:fee": null, "operator": null, "operator:type": null, "name:mr": null, "email": null, "opening_hours": null, "phone": null, "education": null, "alt_name:en": null, "fax": null, "short_name": null, "short_name:en": null, "building": null, "name:hi": null, "wikidata": null, "wikipedia": null, "name:etymology:wikidata": null, "designation": null, "old_name": null, "building:levels": null, "level": null, "wikimedia_commons": null, "school:gender": null, "description": null, "barrier": null, "addr:country": null, "isced:level": null, "school": null, "contact:website": null, "start_date": null, "contact:phone": null, "landuse": null }, "geometry": { "type": "Polygon", "coordinates": [ [ [ 72.8326419, 19.0863266 ], [ 72.8338382, 19.0864533 ], [ 72.8329718, 19.0855611 ], [ 72.8327894, 19.0852392 ], [ 72.8324971, 19.0849654 ], [ 72.8323871, 19.0849883 ], [ 72.8326419, 19.0863266 ] ] ] } },
{ "type": "Feature", "properties": { "element": "way", "id": 725461240, "amenity": "college", "created_by": null, "name": "Vamanraow Muranjan Junior College", "wheelchair": null, "alt_name": null, "toilets:wheelchair": null, "addr:city": null, "addr:housename": null, "addr:suburb": null, "website": null, "addr:housenumber": null, "addr:postcode": null, "addr:street": null, "check_date": null, "name:en": null, "internet_access": null, "addr:district": null, "internet_access:fee": null, "operator": null, "operator:type": null, "name:mr": null, "email": null, "opening_hours": null, "phone": null, "education": null, "alt_name:en": null, "fax": null, "short_name": null, "short_name:en": null, "building": null, "name:hi": null, "wikidata": null, "wikipedia": null, "name:etymology:wikidata": null, "designation": null, "old_name": null, "building:levels": null, "level": null, "wikimedia_commons": null, "school:gender": null, "description": null, "barrier": null, "addr:country": null, "isced:level": null, "school": null, "contact:website": null, "start_date": null, "contact:phone": null, "landuse": null }, "geometry": { "type": "Polygon", "coordinates": [ [ [ 72.9669348, 19.1737248 ], [ 72.9675704, 19.173773 ], [ 72.9675409, 19.1742417 ], [ 72.967549, 19.1745102 ], [ 72.9675329, 19.174647 ], [ 72.9667893, 19.1745938 ], [ 72.966807, 19.1743284 ], [ 72.9669348, 19.1737248 ] ] ] } },
{ "type": "Feature", "properties": { "element": "way", "id": 762069541, "amenity": "college", "created_by": null, "name": "Welingkar Institute of Management Development & Research", "wheelchair": null, "alt_name": null, "toilets:wheelchair": null, "addr:city": "Mumbai", "addr:housename": null, "addr:suburb": null, "website": "https://www.welingkar.org/", "addr:housenumber": null, "addr:postcode": "400019", "addr:street": "Lakhamsi Nappu Road", "check_date": "2026-03-20", "name:en": null, "internet_access": null, "addr:district": null, "internet_access:fee": null, "operator": null, "operator:type": null, "name:mr": null, "email": null, "opening_hours": null, "phone": "+91 2224198300", "education": null, "alt_name:en": null, "fax": null, "short_name": null, "short_name:en": null, "building": "yes", "name:hi": null, "wikidata": null, "wikipedia": null, "name:etymology:wikidata": null, "designation": null, "old_name": null, "building:levels": null, "level": null, "wikimedia_commons": null, "school:gender": null, "description": null, "barrier": null, "addr:country": null, "isced:level": null, "school": null, "contact:website": null, "start_date": null, "contact:phone": null, "landuse": null }, "geometry": { "type": "Polygon", "coordinates": [ [ [ 72.8501938, 19.0250111 ], [ 72.8503954, 19.0249679 ], [ 72.8503658, 19.024795 ], [ 72.8505782, 19.024734 ], [ 72.8506831, 19.0251 ], [ 72.8505179, 19.0252739 ], [ 72.8502879, 19.0253593 ], [ 72.8501938, 19.0250111 ] ] ] } },
{ "type": "Feature", "properties": { "element": "way", "id": 816435856, "amenity": "college", "created_by": null, "name": "Atomic Energy Junior College Grounds", "wheelchair": null, "alt_name": null, "toilets:wheelchair": null, "addr:city": null, "addr:housename": null, "addr:suburb": null, "website": null, "addr:housenumber": null, "addr:postcode": null, "addr:street": null, "check_date": "2024-04-21", "name:en": null, "internet_access": null, "addr:district": null, "internet_access:fee": null, "operator": null, "operator:type": null, "name:mr": null, "email": null, "opening_hours": null, "phone": null, "education": null, "alt_name:en": null, "fax": null, "short_name": null, "short_name:en": null, "building": null, "name:hi": null, "wikidata": null, "wikipedia": null, "name:etymology:wikidata": null, "designation": null, "old_name": null, "building:levels": null, "level": null, "wikimedia_commons": null, "school:gender": null, "description": null, "barrier": null, "addr:country": null, "isced:level": null, "school": null, "contact:website": null, "start_date": null, "contact:phone": null, "landuse": null }, "geometry": { "type": "Polygon", "coordinates": [ [ [ 72.9193994, 19.0381703 ], [ 72.9191453, 19.0373878 ], [ 72.91976, 19.0368765 ], [ 72.9199812, 19.0380928 ], [ 72.9193994, 19.0381703 ] ] ] } },
{ "type": "Feature", "properties": { "element": "way", "id": 861120423, "amenity": "college", "created_by": null, "name": null, "wheelchair": null, "alt_name": null, "toilets:wheelchair": null, "addr:city": null, "addr:housename": null, "addr:suburb": null, "website": null, "addr:housenumber": null, "addr:postcode": null, "addr:street": null, "check_date": null, "name:en": null, "internet_access": null, "addr:district": null, "internet_access:fee": null, "operator": null, "operator:type": null, "name:mr": null, "email": null, "opening_hours": null, "phone": null, "education": null, "alt_name:en": null, "fax": null, "short_name": null, "short_name:en": null, "building": null, "name:hi": null, "wikidata": null, "wikipedia": null, "name:etymology:wikidata": null, "designation": null, "old_name": null, "building:levels": null, "level": null, "wikimedia_commons": null, "school:gender": null, "description": null, "barrier": null, "addr:country": null, "isced:level": null, "school": null, "contact:website": null, "start_date": null, "contact:phone": null, "landuse": null }, "geometry": { "type": "Polygon", "coordinates": [ [ [ 72.8255582, 19.1976482 ], [ 72.8255452, 19.1973708 ], [ 72.8258303, 19.1973586 ], [ 72.825988, 19.1974545 ], [ 72.8260506, 19.1976074 ], [ 72.8255582, 19.1976482 ] ] ] } },
{ "type": "Feature", "properties": { "element": "way", "id": 909382851, "amenity": "college", "created_by": null, "name": "K. J. Somaiya College of Physiotherapy", "wheelchair": null, "alt_name": null, "toilets:wheelchair": null, "addr:city": null, "addr:housename": null, "addr:suburb": null, "website": null, "addr:housenumber": null, "addr:postcode": null, "addr:street": null, "check_date": null, "name:en": null, "internet_access": null, "addr:district": null, "internet_access:fee": null, "operator": null, "operator:type": null, "name:mr": null, "email": null, "opening_hours": null, "phone": null, "education": null, "alt_name:en": null, "fax": null, "short_name": null, "short_name:en": null, "building": null, "name:hi": null, "wikidata": null, "wikipedia": null, "name:etymology:wikidata": null, "designation": null, "old_name": null, "building:levels": null, "level": null, "wikimedia_commons": null, "school:gender": null, "description": null, "barrier": null, "addr:country": null, "isced:level": null, "school": null, "contact:website": null, "start_date": null, "contact:phone": null, "landuse": null }, "geometry": { "type": "Polygon", "coordinates": [ [ [ 72.8724197, 19.0484719 ], [ 72.8733712, 19.0479865 ], [ 72.8738406, 19.0480473 ], [ 72.8740525, 19.0482349 ], [ 72.8740565, 19.0482818 ], [ 72.8736274, 19.049353 ], [ 72.8727999, 19.0491705 ], [ 72.8724197, 19.0484719 ] ] ] } },
{ "type": "Feature", "properties": { "element": "way", "id": 975603216, "amenity": "college", "created_by": null, "name": "Anjuman-I-Islam's M.H. Saboo Siddik College of Engineering", "wheelchair": null, "alt_name": null, "toilets:wheelchair": null, "addr:city": "Mumbai", "addr:housename": null, "addr:suburb": null, "website": "https://www.mhssce.ac.in/", "addr:housenumber": "8", "addr:postcode": "400008", "addr:street": "M Shibli Marg (Shepherd Road)", "check_date": null, "name:en": null, "internet_access": null, "addr:district": null, "internet_access:fee": null, "operator": null, "operator:type": null, "name:mr": null, "email": null, "opening_hours": null, "phone": null, "education": null, "alt_name:en": null, "fax": null, "short_name": null, "short_name:en": null, "building": null, "name:hi": null, "wikidata": null, "wikipedia": null, "name:etymology:wikidata": null, "designation": null, "old_name": null, "building:levels": null, "level": null, "wikimedia_commons": null, "school:gender": null, "description": null, "barrier": null, "addr:country": null, "isced:level": null, "school": null, "contact:website": null, "start_date": null, "contact:phone": "022 23012922", "landuse": null }, "geometry": { "type": "Polygon", "coordinates": [ [ [ 72.8306031, 18.9678071 ], [ 72.830595, 18.9686594 ], [ 72.8315016, 18.9686594 ], [ 72.8315177, 18.9678046 ], [ 72.8313342, 18.9678051 ], [ 72.8308235, 18.9678065 ], [ 72.8306031, 18.9678071 ] ] ] } },
{ "type": "Feature", "properties": { "element": "way", "id": 978614999, "amenity": "college", "created_by": null, "name": "D G Ruparel College of Arts, Science and Commerce", "wheelchair": null, "alt_name": null, "toilets:wheelchair": null, "addr:city": null, "addr:housename": null, "addr:suburb": null, "website": null, "addr:housenumber": null, "addr:postcode": null, "addr:street": null, "check_date": null, "name:en": null, "internet_access": null, "addr:district": null, "internet_access:fee": null, "operator": null, "operator:type": null, "name:mr": null, "email": null, "opening_hours": null, "phone": null, "education": null, "alt_name:en": null, "fax": null, "short_name": null, "short_name:en": null, "building": null, "name:hi": null, "wikidata": null, "wikipedia": null, "name:etymology:wikidata": null, "designation": null, "old_name": null, "building:levels": null, "level": null, "wikimedia_commons": null, "school:gender": null, "description": null, "barrier": null, "addr:country": null, "isced:level": null, "school": null, "contact:website": null, "start_date": null, "contact:phone": null, "landuse": "education" }, "geometry": { "type": "Polygon", "coordinates": [ [ [ 72.8447695, 19.0255335 ], [ 72.8449966, 19.0259057 ], [ 72.8454077, 19.0258082 ], [ 72.845566, 19.0263646 ], [ 72.8454974, 19.026382 ], [ 72.8455222, 19.0264745 ], [ 72.8455927, 19.026737 ], [ 72.8458491, 19.0276923 ], [ 72.845879, 19.0278793 ], [ 72.8459591, 19.0285747 ], [ 72.8449157, 19.0286077 ], [ 72.8448164, 19.028022 ], [ 72.8442961, 19.0281259 ], [ 72.8441465, 19.0274993 ], [ 72.8445989, 19.0273993 ], [ 72.8442829, 19.0262298 ], [ 72.8442219, 19.0261924 ], [ 72.8440106, 19.0258884 ], [ 72.8442268, 19.0257776 ], [ 72.8447695, 19.0255335 ] ] ] } },
{ "type": "Feature", "properties": { "element": "way", "id": 979397741, "amenity": "college", "created_by": null, "name": "A.I.’s Allana Boys High School & Jr. College", "wheelchair": null, "alt_name": null, "toilets:wheelchair": null, "addr:city": null, "addr:housename": null, "addr:suburb": null, "website": null, "addr:housenumber": null, "addr:postcode": null, "addr:street": null, "check_date": null, "name:en": null, "internet_access": null, "addr:district": null, "internet_access:fee": null, "operator": null, "operator:type": null, "name:mr": null, "email": null, "opening_hours": null, "phone": null, "education": null, "alt_name:en": null, "fax": null, "short_name": null, "short_name:en": null, "building": null, "name:hi": null, "wikidata": null, "wikipedia": null, "name:etymology:wikidata": null, "designation": null, "old_name": null, "building:levels": null, "level": null, "wikimedia_commons": null, "school:gender": null, "description": null, "barrier": null, "addr:country": null, "isced:level": null, "school": null, "contact:website": null, "start_date": null, "contact:phone": null, "landuse": null }, "geometry": { "type": "Polygon", "coordinates": [ [ [ 72.8485119, 19.0334108 ], [ 72.848652, 19.0334 ], [ 72.8486324, 19.0331718 ], [ 72.8484922, 19.0331826 ], [ 72.8485119, 19.0334108 ] ] ] } },
{ "type": "Feature", "properties": { "element": "way", "id": 979583329, "amenity": "college", "created_by": null, "name": "Lala Lajpatrai College", "wheelchair": null, "alt_name": null, "toilets:wheelchair": null, "addr:city": null, "addr:housename": null, "addr:suburb": null, "website": null, "addr:housenumber": null, "addr:postcode": null, "addr:street": null, "check_date": null, "name:en": null, "internet_access": null, "addr:district": null, "internet_access:fee": null, "operator": null, "operator:type": null, "name:mr": null, "email": null, "opening_hours": null, "phone": null, "education": "college", "alt_name:en": null, "fax": null, "short_name": null, "short_name:en": null, "building": null, "name:hi": null, "wikidata": null, "wikipedia": null, "name:etymology:wikidata": "Q1395763", "designation": null, "old_name": null, "building:levels": null, "level": null, "wikimedia_commons": null, "school:gender": null, "description": null, "barrier": null, "addr:country": null, "isced:level": null, "school": null, "contact:website": null, "start_date": null, "contact:phone": null, "landuse": null }, "geometry": { "type": "Polygon", "coordinates": [ [ [ 72.8140649, 18.9811535 ], [ 72.814434, 18.9815718 ], [ 72.8147621, 18.9813129 ], [ 72.8143929, 18.9808946 ], [ 72.8140649, 18.9811535 ] ] ] } },
{ "type": "Feature", "properties": { "element": "way", "id": 981822227, "amenity": "college", "created_by": null, "name": "Rachana Sansad's Academy Of Architecture", "wheelchair": null, "alt_name": null, "toilets:wheelchair": null, "addr:city": null, "addr:housename": null, "addr:suburb": null, "website": null, "addr:housenumber": null, "addr:postcode": null, "addr:street": null, "check_date": null, "name:en": null, "internet_access": null, "addr:district": null, "internet_access:fee": null, "operator": null, "operator:type": null, "name:mr": null, "email": null, "opening_hours": null, "phone": null, "education": null, "alt_name:en": null, "fax": null, "short_name": null, "short_name:en": null, "building": null, "name:hi": null, "wikidata": null, "wikipedia": null, "name:etymology:wikidata": null, "designation": null, "old_name": null, "building:levels": null, "level": null, "wikimedia_commons": null, "school:gender": null, "description": null, "barrier": null, "addr:country": null, "isced:level": null, "school": null, "contact:website": null, "start_date": null, "contact:phone": null, "landuse": null }, "geometry": { "type": "Polygon", "coordinates": [ [ [ 72.8309554, 19.0148531 ], [ 72.8314012, 19.0150689 ], [ 72.8315168, 19.0148304 ], [ 72.8310777, 19.0146247 ], [ 72.8309554, 19.0148531 ] ] ] } },
{ "type": "Feature", "properties": { "element": "way", "id": 1009229727, "amenity": "college", "created_by": null, "name": "Shah & Anchor Kutchhi Engineering College", "wheelchair": null, "alt_name": null, "toilets:wheelchair": null, "addr:city": null, "addr:housename": null, "addr:suburb": null, "website": "https://www.shahandanchor.com/home/", "addr:housenumber": null, "addr:postcode": null, "addr:street": null, "check_date": null, "name:en": null, "internet_access": null, "addr:district": null, "internet_access:fee": null, "operator": null, "operator:type": null, "name:mr": null, "email": null, "opening_hours": null, "phone": null, "education": null, "alt_name:en": null, "fax": null, "short_name": null, "short_name:en": null, "building": null, "name:hi": null, "wikidata": null, "wikipedia": null, "name:etymology:wikidata": null, "designation": null, "old_name": null, "building:levels": null, "level": null, "wikimedia_commons": null, "school:gender": null, "description": null, "barrier": null, "addr:country": null, "isced:level": null, "school": null, "contact:website": null, "start_date": null, "contact:phone": null, "landuse": null }, "geometry": { "type": "Polygon", "coordinates": [ [ [ 72.9120704, 19.0484775 ], [ 72.9118502, 19.0473831 ], [ 72.9114655, 19.0474721 ], [ 72.9113916, 19.0474869 ], [ 72.9115084, 19.0480061 ], [ 72.9114262, 19.0480226 ], [ 72.9115365, 19.0485659 ], [ 72.9120704, 19.0484775 ] ] ] } },
{ "type": "Feature", "properties": { "element": "way", "id": 1119968793, "amenity": "college", "created_by": null, "name": "SNDT College", "wheelchair": null, "alt_name": null, "toilets:wheelchair": null, "addr:city": "ghatkopar", "addr:housename": null, "addr:suburb": null, "website": null, "addr:housenumber": null, "addr:postcode": null, "addr:street": "Cama Lane", "check_date": null, "name:en": null, "internet_access": null, "addr:district": null, "internet_access:fee": null, "operator": null, "operator:type": null, "name:mr": null, "email": null, "opening_hours": null, "phone": null, "education": null, "alt_name:en": null, "fax": null, "short_name": null, "short_name:en": null, "building": null, "name:hi": null, "wikidata": null, "wikipedia": null, "name:etymology:wikidata": null, "designation": null, "old_name": null, "building:levels": null, "level": null, "wikimedia_commons": null, "school:gender": null, "description": null, "barrier": null, "addr:country": null, "isced:level": null, "school": null, "contact:website": null, "start_date": null, "contact:phone": null, "landuse": null }, "geometry": { "type": "Polygon", "coordinates": [ [ [ 72.9049033, 19.0842963 ], [ 72.9049167, 19.0842227 ], [ 72.9048335, 19.0840352 ], [ 72.9041002, 19.0836851 ], [ 72.9039296, 19.0840048 ], [ 72.9049033, 19.0842963 ] ] ] } },
{ "type": "Feature", "properties": { "element": "way", "id": 1120635381, "amenity": "college", "created_by": null, "name": "Navjeevan Junior College", "wheelchair": null, "alt_name": null, "toilets:wheelchair": null, "addr:city": null, "addr:housename": null, "addr:suburb": null, "website": null, "addr:housenumber": null, "addr:postcode": null, "addr:street": null, "check_date": null, "name:en": null, "internet_access": null, "addr:district": null, "internet_access:fee": null, "operator": null, "operator:type": null, "name:mr": null, "email": null, "opening_hours": null, "phone": null, "education": null, "alt_name:en": null, "fax": null, "short_name": null, "short_name:en": null, "building": null, "name:hi": null, "wikidata": null, "wikipedia": null, "name:etymology:wikidata": null, "designation": null, "old_name": null, "building:levels": null, "level": null, "wikimedia_commons": null, "school:gender": null, "description": null, "barrier": null, "addr:country": null, "isced:level": null, "school": null, "contact:website": null, "start_date": null, "contact:phone": null, "landuse": null }, "geometry": { "type": "Polygon", "coordinates": [ [ [ 72.9302287, 19.1525694 ], [ 72.9303675, 19.1529624 ], [ 72.931138, 19.152539 ], [ 72.931146, 19.1522755 ], [ 72.9311863, 19.1519816 ], [ 72.93102, 19.1514546 ], [ 72.9304862, 19.1516497 ], [ 72.9307464, 19.1523718 ], [ 72.9302287, 19.1525694 ] ] ] } },
{ "type": "Feature", "properties": { "element": "way", "id": 1123725999, "amenity": "college", "created_by": null, "name": "Asmita College", "wheelchair": null, "alt_name": null, "toilets:wheelchair": null, "addr:city": null, "addr:housename": null, "addr:suburb": null, "website": null, "addr:housenumber": null, "addr:postcode": null, "addr:street": null, "check_date": null, "name:en": null, "internet_access": null, "addr:district": null, "internet_access:fee": null, "operator": null, "operator:type": null, "name:mr": null, "email": null, "opening_hours": null, "phone": null, "education": null, "alt_name:en": null, "fax": null, "short_name": null, "short_name:en": null, "building": null, "name:hi": null, "wikidata": null, "wikipedia": null, "name:etymology:wikidata": null, "designation": null, "old_name": null, "building:levels": null, "level": null, "wikimedia_commons": null, "school:gender": null, "description": null, "barrier": null, "addr:country": null, "isced:level": null, "school": null, "contact:website": null, "start_date": null, "contact:phone": null, "landuse": null }, "geometry": { "type": "Polygon", "coordinates": [ [ [ 72.9388761, 19.1198049 ], [ 72.9389325, 19.1202179 ], [ 72.9392087, 19.1202256 ], [ 72.9393777, 19.1198632 ], [ 72.9392973, 19.1197415 ], [ 72.9388761, 19.1198049 ] ] ] } },
{ "type": "Feature", "properties": { "element": "way", "id": 1123859440, "amenity": "college", "created_by": null, "name": null, "wheelchair": null, "alt_name": null, "toilets:wheelchair": null, "addr:city": null, "addr:housename": null, "addr:suburb": null, "website": null, "addr:housenumber": null, "addr:postcode": null, "addr:street": null, "check_date": null, "name:en": "Ramniranjan Jhunjhunwala College", "internet_access": null, "addr:district": null, "internet_access:fee": null, "operator": null, "operator:type": null, "name:mr": null, "email": null, "opening_hours": null, "phone": null, "education": null, "alt_name:en": null, "fax": null, "short_name": null, "short_name:en": null, "building": null, "name:hi": null, "wikidata": null, "wikipedia": null, "name:etymology:wikidata": null, "designation": null, "old_name": null, "building:levels": null, "level": null, "wikimedia_commons": null, "school:gender": null, "description": null, "barrier": null, "addr:country": null, "isced:level": null, "school": null, "contact:website": null, "start_date": null, "contact:phone": null, "landuse": null }, "geometry": { "type": "Polygon", "coordinates": [ [ [ 72.9092538, 19.0867981 ], [ 72.9101765, 19.087409 ], [ 72.9098681, 19.0877841 ], [ 72.9093719, 19.0873659 ], [ 72.9095274, 19.0871656 ], [ 72.9091814, 19.0868995 ], [ 72.9092538, 19.0867981 ] ] ] } },
{ "type": "Feature", "properties": { "element": "way", "id": 1126992613, "amenity": "college", "created_by": null, "name": "National Society For Equal Opportunities For the Handicapped - NASEOH", "wheelchair": null, "alt_name": null, "toilets:wheelchair": null, "addr:city": null, "addr:housename": null, "addr:suburb": null, "website": "https://naseoh.org/", "addr:housenumber": null, "addr:postcode": null, "addr:street": null, "check_date": null, "name:en": null, "internet_access": null, "addr:district": null, "internet_access:fee": null, "operator": null, "operator:type": null, "name:mr": null, "email": null, "opening_hours": null, "phone": null, "education": null, "alt_name:en": null, "fax": null, "short_name": null, "short_name:en": null, "building": null, "name:hi": null, "wikidata": null, "wikipedia": null, "name:etymology:wikidata": null, "designation": null, "old_name": null, "building:levels": null, "level": null, "wikimedia_commons": null, "school:gender": null, "description": null, "barrier": null, "addr:country": null, "isced:level": null, "school": null, "contact:website": null, "start_date": null, "contact:phone": null, "landuse": null }, "geometry": { "type": "Polygon", "coordinates": [ [ [ 72.8938972, 19.0597999 ], [ 72.8939223, 19.0599402 ], [ 72.8940698, 19.0605765 ], [ 72.8941547, 19.0605512 ], [ 72.8940085, 19.0598504 ], [ 72.8939009, 19.0593343 ], [ 72.8938171, 19.0592373 ], [ 72.8936836, 19.0583456 ], [ 72.8935602, 19.0583608 ], [ 72.8927824, 19.0584597 ], [ 72.8926677, 19.0584723 ], [ 72.8927797, 19.0589996 ], [ 72.893575, 19.0596537 ], [ 72.8938972, 19.0597999 ] ] ] } },
{ "type": "Feature", "properties": { "element": "way", "id": 1170351963, "amenity": "college", "created_by": null, "name": "Sir Sorabji Pochkhanawala Bankers Training College", "wheelchair": null, "alt_name": null, "toilets:wheelchair": null, "addr:city": null, "addr:housename": null, "addr:suburb": null, "website": null, "addr:housenumber": null, "addr:postcode": null, "addr:street": null, "check_date": null, "name:en": null, "internet_access": null, "addr:district": null, "internet_access:fee": null, "operator": null, "operator:type": null, "name:mr": null, "email": null, "opening_hours": null, "phone": null, "education": null, "alt_name:en": null, "fax": null, "short_name": null, "short_name:en": null, "building": null, "name:hi": null, "wikidata": null, "wikipedia": null, "name:etymology:wikidata": "Q14547330", "designation": null, "old_name": null, "building:levels": null, "level": null, "wikimedia_commons": null, "school:gender": null, "description": null, "barrier": null, "addr:country": null, "isced:level": null, "school": null, "contact:website": null, "start_date": null, "contact:phone": null, "landuse": null }, "geometry": { "type": "Polygon", "coordinates": [ [ [ 72.835831, 19.1098424 ], [ 72.8366035, 19.1099894 ], [ 72.8366679, 19.1096752 ], [ 72.8359115, 19.1095282 ], [ 72.8347447, 19.1093254 ], [ 72.8346026, 19.109333 ], [ 72.8338757, 19.1096448 ], [ 72.8338489, 19.1097005 ], [ 72.8339186, 19.109992 ], [ 72.834498, 19.1097816 ], [ 72.834954, 19.1097335 ], [ 72.8352436, 19.1097512 ], [ 72.835831, 19.1098424 ] ] ] } },
{ "type": "Feature", "properties": { "element": "way", "id": 1170351964, "amenity": "college", "created_by": null, "name": "SVKM", "wheelchair": null, "alt_name": null, "toilets:wheelchair": null, "addr:city": null, "addr:housename": null, "addr:suburb": null, "website": null, "addr:housenumber": null, "addr:postcode": null, "addr:street": null, "check_date": null, "name:en": null, "internet_access": null, "addr:district": null, "internet_access:fee": null, "operator": null, "operator:type": null, "name:mr": null, "email": null, "opening_hours": null, "phone": null, "education": null, "alt_name:en": null, "fax": null, "short_name": null, "short_name:en": null, "building": null, "name:hi": null, "wikidata": null, "wikipedia": null, "name:etymology:wikidata": null, "designation": null, "old_name": null, "building:levels": null, "level": null, "wikimedia_commons": null, "school:gender": null, "description": null, "barrier": null, "addr:country": null, "isced:level": null, "school": null, "contact:website": null, "start_date": null, "contact:phone": null, "landuse": null }, "geometry": { "type": "Polygon", "coordinates": [ [ [ 72.8369737, 19.1069887 ], [ 72.8378972, 19.1069407 ], [ 72.8380915, 19.1081587 ], [ 72.837089, 19.1082686 ], [ 72.8370246, 19.1076147 ], [ 72.8369737, 19.1069887 ] ] ] } },
{ "type": "Feature", "properties": { "element": "way", "id": 1170351967, "amenity": "college", "created_by": null, "name": "Mithibai College of Arts and Jitendra Chauhan College of Science", "wheelchair": null, "alt_name": null, "toilets:wheelchair": null, "addr:city": null, "addr:housename": null, "addr:suburb": null, "website": "https://mithibai.ac.in/", "addr:housenumber": null, "addr:postcode": null, "addr:street": null, "check_date": null, "name:en": "Mithibai College of Arts and Jitendra Chauhan College of Science", "internet_access": null, "addr:district": null, "internet_access:fee": null, "operator": null, "operator:type": null, "name:mr": null, "email": null, "opening_hours": null, "phone": null, "education": "college", "alt_name:en": null, "fax": null, "short_name": null, "short_name:en": null, "building": null, "name:hi": null, "wikidata": "Q6881613", "wikipedia": "en:Mithibai College", "name:etymology:wikidata": null, "designation": null, "old_name": null, "building:levels": null, "level": null, "wikimedia_commons": null, "school:gender": null, "description": null, "barrier": null, "addr:country": null, "isced:level": null, "school": null, "contact:website": null, "start_date": null, "contact:phone": null, "landuse": null }, "geometry": { "type": "Polygon", "coordinates": [ [ [ 72.8378588, 19.1023202 ], [ 72.8373036, 19.1025305 ], [ 72.8372526, 19.1025812 ], [ 72.8371668, 19.1027739 ], [ 72.8371024, 19.1028499 ], [ 72.8370246, 19.1029158 ], [ 72.8370032, 19.103002 ], [ 72.8370059, 19.1035089 ], [ 72.8376898, 19.1035089 ], [ 72.8378588, 19.1023202 ] ] ] } },
{ "type": "Feature", "properties": { "element": "way", "id": 1170351971, "amenity": "college", "created_by": null, "name": "Mukesh Patel School of Technology Management and Engineering", "wheelchair": null, "alt_name": null, "toilets:wheelchair": null, "addr:city": null, "addr:housename": null, "addr:suburb": null, "website": null, "addr:housenumber": null, "addr:postcode": null, "addr:street": null, "check_date": null, "name:en": null, "internet_access": null, "addr:district": null, "internet_access:fee": null, "operator": null, "operator:type": null, "name:mr": null, "email": null, "opening_hours": null, "phone": null, "education": null, "alt_name:en": null, "fax": null, "short_name": null, "short_name:en": null, "building": null, "name:hi": null, "wikidata": null, "wikipedia": null, "name:etymology:wikidata": null, "designation": null, "old_name": null, "building:levels": null, "level": null, "wikimedia_commons": null, "school:gender": null, "description": null, "barrier": null, "addr:country": null, "isced:level": null, "school": null, "contact:website": null, "start_date": null, "contact:phone": null, "landuse": null }, "geometry": { "type": "Polygon", "coordinates": [ [ [ 72.8372285, 19.1097816 ], [ 72.8382665, 19.1099894 ], [ 72.8382747, 19.1103384 ], [ 72.8381593, 19.1103317 ], [ 72.8372957, 19.1101923 ], [ 72.8372285, 19.1097816 ] ] ] } },
{ "type": "Feature", "properties": { "element": "way", "id": 1170368723, "amenity": "college", "created_by": null, "name": "S. P. Jain Institute of Management and Research", "wheelchair": null, "alt_name": null, "toilets:wheelchair": null, "addr:city": null, "addr:housename": null, "addr:suburb": null, "website": null, "addr:housenumber": null, "addr:postcode": null, "addr:street": null, "check_date": null, "name:en": null, "internet_access": null, "addr:district": null, "internet_access:fee": null, "operator": null, "operator:type": null, "name:mr": null, "email": null, "opening_hours": null, "phone": null, "education": null, "alt_name:en": null, "fax": null, "short_name": null, "short_name:en": null, "building": null, "name:hi": null, "wikidata": "Q7387731", "wikipedia": "en:S. P. Jain Institute of Management and Research", "name:etymology:wikidata": null, "designation": null, "old_name": null, "building:levels": null, "level": null, "wikimedia_commons": "Category:S. P. Jain Institute of Management and Research", "school:gender": null, "description": null, "barrier": null, "addr:country": null, "isced:level": null, "school": null, "contact:website": null, "start_date": null, "contact:phone": null, "landuse": null }, "geometry": { "type": "Polygon", "coordinates": [ [ [ 72.8373921, 19.1245717 ], [ 72.8366679, 19.1245565 ], [ 72.8365687, 19.1237735 ], [ 72.8365552, 19.1229777 ], [ 72.8368986, 19.1229574 ], [ 72.8371903, 19.1228874 ], [ 72.8373773, 19.1234992 ], [ 72.8374484, 19.1241181 ], [ 72.8373921, 19.1245717 ] ] ] } },
{ "type": "Feature", "properties": { "element": "way", "id": 1170368725, "amenity": "college", "created_by": null, "name": "Bhavan's College", "wheelchair": null, "alt_name": null, "toilets:wheelchair": null, "addr:city": null, "addr:housename": null, "addr:suburb": null, "website": null, "addr:housenumber": null, "addr:postcode": null, "addr:street": null, "check_date": null, "name:en": null, "internet_access": null, "addr:district": null, "internet_access:fee": null, "operator": null, "operator:type": null, "name:mr": null, "email": null, "opening_hours": null, "phone": null, "education": null, "alt_name:en": null, "fax": null, "short_name": null, "short_name:en": null, "building": null, "name:hi": null, "wikidata": "Q4901499", "wikipedia": "en:Bhavan's College", "name:etymology:wikidata": null, "designation": null, "old_name": null, "building:levels": null, "level": null, "wikimedia_commons": null, "school:gender": null, "description": null, "barrier": null, "addr:country": null, "isced:level": null, "school": null, "contact:website": null, "start_date": null, "contact:phone": null, "landuse": null }, "geometry": { "type": "Polygon", "coordinates": [ [ [ 72.8365552, 19.1246959 ], [ 72.8353402, 19.1247086 ], [ 72.8352195, 19.1248074 ], [ 72.8352356, 19.1251723 ], [ 72.8355172, 19.1251723 ], [ 72.835536, 19.1257425 ], [ 72.8365847, 19.1257146 ], [ 72.8365552, 19.1246959 ] ] ] } },
{ "type": "Feature", "properties": { "element": "way", "id": 1170368726, "amenity": "college", "created_by": null, "name": "Sardar Patel Institute of Technology", "wheelchair": null, "alt_name": null, "toilets:wheelchair": null, "addr:city": null, "addr:housename": null, "addr:suburb": null, "website": null, "addr:housenumber": null, "addr:postcode": null, "addr:street": null, "check_date": null, "name:en": null, "internet_access": null, "addr:district": null, "internet_access:fee": null, "operator": null, "operator:type": null, "name:mr": null, "email": null, "opening_hours": null, "phone": null, "education": null, "alt_name:en": null, "fax": null, "short_name": null, "short_name:en": null, "building": null, "name:hi": null, "wikidata": "Q7423715", "wikipedia": "en:Sardar Patel Institute of Technology", "name:etymology:wikidata": "Q9455", "designation": null, "old_name": null, "building:levels": null, "level": null, "wikimedia_commons": null, "school:gender": null, "description": null, "barrier": null, "addr:country": null, "isced:level": null, "school": null, "contact:website": null, "start_date": null, "contact:phone": null, "landuse": null }, "geometry": { "type": "Polygon", "coordinates": [ [ [ 72.8356245, 19.1229767 ], [ 72.8359544, 19.1229752 ], [ 72.8365016, 19.1230563 ], [ 72.8365027, 19.1232264 ], [ 72.8356326, 19.1232337 ], [ 72.8356245, 19.1229767 ] ] ] } },
{ "type": "Feature", "properties": { "element": "way", "id": 1170368727, "amenity": "college", "created_by": null, "name": "Sardar Patel College of Engineering", "wheelchair": null, "alt_name": null, "toilets:wheelchair": null, "addr:city": null, "addr:housename": null, "addr:suburb": null, "website": null, "addr:housenumber": null, "addr:postcode": null, "addr:street": null, "check_date": null, "name:en": null, "internet_access": null, "addr:district": null, "internet_access:fee": null, "operator": null, "operator:type": null, "name:mr": null, "email": null, "opening_hours": null, "phone": null, "education": null, "alt_name:en": null, "fax": null, "short_name": null, "short_name:en": null, "building": null, "name:hi": null, "wikidata": "Q7423714", "wikipedia": "en:Sardar Patel College of Engineering", "name:etymology:wikidata": "Q9455", "designation": null, "old_name": null, "building:levels": null, "level": null, "wikimedia_commons": null, "school:gender": null, "description": null, "barrier": null, "addr:country": null, "isced:level": null, "school": null, "contact:website": null, "start_date": null, "contact:phone": null, "landuse": null }, "geometry": { "type": "Polygon", "coordinates": [ [ [ 72.8365027, 19.1232264 ], [ 72.836507, 19.1238723 ], [ 72.8356299, 19.1238723 ], [ 72.8356245, 19.1234035 ], [ 72.8342754, 19.1234263 ], [ 72.8342673, 19.1229828 ], [ 72.8356245, 19.1229767 ], [ 72.8356326, 19.1232337 ], [ 72.8365027, 19.1232264 ] ] ] } },
{ "type": "Feature", "properties": { "element": "way", "id": 1242795257, "amenity": "college", "created_by": null, "name": "VES College of Architecture", "wheelchair": null, "alt_name": null, "toilets:wheelchair": null, "addr:city": "Mumbai", "addr:housename": null, "addr:suburb": null, "website": null, "addr:housenumber": null, "addr:postcode": null, "addr:street": "VES College of Architecture", "check_date": null, "name:en": null, "internet_access": null, "addr:district": null, "internet_access:fee": null, "operator": null, "operator:type": null, "name:mr": null, "email": null, "opening_hours": null, "phone": null, "education": null, "alt_name:en": null, "fax": null, "short_name": null, "short_name:en": null, "building": null, "name:hi": null, "wikidata": null, "wikipedia": null, "name:etymology:wikidata": null, "designation": null, "old_name": null, "building:levels": "6", "level": null, "wikimedia_commons": null, "school:gender": null, "description": null, "barrier": null, "addr:country": null, "isced:level": null, "school": null, "contact:website": null, "start_date": null, "contact:phone": null, "landuse": null }, "geometry": { "type": "Polygon", "coordinates": [ [ [ 72.8889911, 19.0459012 ], [ 72.8892192, 19.0460388 ], [ 72.8893593, 19.0459435 ], [ 72.8892112, 19.0457611 ], [ 72.8889911, 19.0459012 ] ] ] } },
{ "type": "Feature", "properties": { "element": "way", "id": 1289073491, "amenity": "college", "created_by": null, "name": "National Medical College", "wheelchair": null, "alt_name": null, "toilets:wheelchair": null, "addr:city": null, "addr:housename": null, "addr:suburb": null, "website": null, "addr:housenumber": null, "addr:postcode": null, "addr:street": null, "check_date": null, "name:en": null, "internet_access": null, "addr:district": null, "internet_access:fee": null, "operator": null, "operator:type": null, "name:mr": null, "email": null, "opening_hours": null, "phone": null, "education": null, "alt_name:en": null, "fax": null, "short_name": null, "short_name:en": null, "building": null, "name:hi": null, "wikidata": null, "wikipedia": null, "name:etymology:wikidata": null, "designation": null, "old_name": null, "building:levels": null, "level": null, "wikimedia_commons": null, "school:gender": null, "description": null, "barrier": null, "addr:country": null, "isced:level": null, "school": null, "contact:website": null, "start_date": null, "contact:phone": null, "landuse": null }, "geometry": { "type": "Polygon", "coordinates": [ [ [ 72.8138503, 18.9785948 ], [ 72.8148937, 18.9788256 ], [ 72.8144297, 18.9807482 ], [ 72.8139791, 18.980246 ], [ 72.8135312, 18.9797767 ], [ 72.8138503, 18.9785948 ] ] ] } },
{ "type": "Feature", "properties": { "element": "way", "id": 1289166116, "amenity": "college", "created_by": null, "name": "NAVAL KG School, TS MAHUL", "wheelchair": null, "alt_name": null, "toilets:wheelchair": null, "addr:city": null, "addr:housename": null, "addr:suburb": null, "website": null, "addr:housenumber": "Ambapada, Mahul, Trombay, Mumbai, Maharashtra 400074", "addr:postcode": null, "addr:street": null, "check_date": null, "name:en": null, "internet_access": null, "addr:district": null, "internet_access:fee": null, "operator": null, "operator:type": null, "name:mr": null, "email": null, "opening_hours": null, "phone": null, "education": null, "alt_name:en": null, "fax": null, "short_name": null, "short_name:en": null, "building": null, "name:hi": null, "wikidata": null, "wikipedia": null, "name:etymology:wikidata": null, "designation": null, "old_name": null, "building:levels": null, "level": null, "wikimedia_commons": null, "school:gender": null, "description": null, "barrier": null, "addr:country": null, "isced:level": null, "school": null, "contact:website": null, "start_date": null, "contact:phone": null, "landuse": null }, "geometry": { "type": "Polygon", "coordinates": [ [ [ 72.8902531, 19.0110322 ], [ 72.8910428, 19.010982 ], [ 72.8908765, 19.0101426 ], [ 72.8900841, 19.0102157 ], [ 72.8902531, 19.0110322 ] ] ] } },
{ "type": "Feature", "properties": { "element": "way", "id": 1411438353, "amenity": "college", "created_by": null, "name": "Bombay College of Pharmacy", "wheelchair": null, "alt_name": null, "toilets:wheelchair": null, "addr:city": null, "addr:housename": null, "addr:suburb": null, "website": null, "addr:housenumber": null, "addr:postcode": null, "addr:street": null, "check_date": "2026-03-21", "name:en": null, "internet_access": null, "addr:district": null, "internet_access:fee": null, "operator": null, "operator:type": null, "name:mr": null, "email": null, "opening_hours": null, "phone": null, "education": null, "alt_name:en": null, "fax": null, "short_name": null, "short_name:en": null, "building": null, "name:hi": null, "wikidata": null, "wikipedia": null, "name:etymology:wikidata": null, "designation": null, "old_name": null, "building:levels": null, "level": null, "wikimedia_commons": null, "school:gender": null, "description": null, "barrier": null, "addr:country": null, "isced:level": null, "school": null, "contact:website": null, "start_date": null, "contact:phone": null, "landuse": null }, "geometry": { "type": "Polygon", "coordinates": [ [ [ 72.860483, 19.0768146 ], [ 72.8606865, 19.0772226 ], [ 72.8606688, 19.0773079 ], [ 72.8595026, 19.0771206 ], [ 72.8588443, 19.0769735 ], [ 72.8587612, 19.0768932 ], [ 72.8587329, 19.0767226 ], [ 72.8587736, 19.0764935 ], [ 72.8588443, 19.0763396 ], [ 72.8595593, 19.0765286 ], [ 72.8598955, 19.0765855 ], [ 72.860322, 19.0766139 ], [ 72.8603786, 19.0766975 ], [ 72.8604476, 19.0767678 ], [ 72.860483, 19.0768146 ] ] ] } },
{ "type": "Feature", "properties": { "element": "way", "id": 1519270402, "amenity": "college", "created_by": null, "name": "Conservation Education Centre", "wheelchair": null, "alt_name": null, "toilets:wheelchair": null, "addr:city": null, "addr:housename": null, "addr:suburb": null, "website": null, "addr:housenumber": null, "addr:postcode": null, "addr:street": null, "check_date": null, "name:en": null, "internet_access": null, "addr:district": null, "internet_access:fee": null, "operator": null, "operator:type": null, "name:mr": null, "email": null, "opening_hours": null, "phone": null, "education": null, "alt_name:en": null, "fax": null, "short_name": null, "short_name:en": null, "building": "yes", "name:hi": null, "wikidata": null, "wikipedia": null, "name:etymology:wikidata": null, "designation": null, "old_name": null, "building:levels": null, "level": null, "wikimedia_commons": null, "school:gender": null, "description": null, "barrier": null, "addr:country": null, "isced:level": null, "school": null, "contact:website": null, "start_date": null, "contact:phone": null, "landuse": null }, "geometry": { "type": "Polygon", "coordinates": [ [ [ 72.8920682, 19.1629639 ], [ 72.8920041, 19.1629539 ], [ 72.8919751, 19.1629494 ], [ 72.8919632, 19.1629634 ], [ 72.8919419, 19.1629539 ], [ 72.8918957, 19.162974 ], [ 72.8918767, 19.1629471 ], [ 72.891853, 19.1629186 ], [ 72.8918571, 19.1628861 ], [ 72.8918897, 19.1628822 ], [ 72.8919057, 19.162885 ], [ 72.891914, 19.1628749 ], [ 72.8919692, 19.1628828 ], [ 72.8920041, 19.1629186 ], [ 72.8920658, 19.1629382 ], [ 72.8920853, 19.1629225 ], [ 72.8920972, 19.1629163 ], [ 72.8921085, 19.1628844 ], [ 72.8920652, 19.1628732 ], [ 72.8919828, 19.1628648 ], [ 72.8919893, 19.1628368 ], [ 72.8919952, 19.16281 ], [ 72.8920338, 19.1628128 ], [ 72.8920658, 19.1628262 ], [ 72.8921025, 19.162834 ], [ 72.8921322, 19.1628436 ], [ 72.8921535, 19.1628161 ], [ 72.8921796, 19.1627876 ], [ 72.8922015, 19.1627853 ], [ 72.8922175, 19.1627943 ], [ 72.8922246, 19.162787 ], [ 72.8922407, 19.1627988 ], [ 72.8922543, 19.1628245 ], [ 72.8922543, 19.1628587 ], [ 72.8922353, 19.1628772 ], [ 72.8922021, 19.1628699 ], [ 72.8921683, 19.1628626 ], [ 72.8921523, 19.1628632 ], [ 72.8921381, 19.1628856 ], [ 72.892128, 19.1629119 ], [ 72.8921274, 19.1629348 ], [ 72.8921357, 19.1629438 ], [ 72.8921713, 19.1629438 ], [ 72.8922021, 19.1629499 ], [ 72.8922401, 19.1629595 ], [ 72.8922567, 19.1629695 ], [ 72.892249, 19.1629841 ], [ 72.8922602, 19.1630026 ], [ 72.892249, 19.1630155 ], [ 72.8922519, 19.1630233 ], [ 72.8922341, 19.1630205 ], [ 72.8922169, 19.1630166 ], [ 72.8921932, 19.1630233 ], [ 72.8921814, 19.1630071 ], [ 72.8921701, 19.1629919 ], [ 72.8921375, 19.1629768 ], [ 72.8921274, 19.1629841 ], [ 72.8921144, 19.1629847 ], [ 72.8921061, 19.1629891 ], [ 72.8921073, 19.1630171 ], [ 72.8921085, 19.1630412 ], [ 72.8921132, 19.1630569 ], [ 72.8921375, 19.163067 ], [ 72.8921446, 19.1630815 ], [ 72.8921488, 19.1630944 ], [ 72.8921648, 19.1631034 ], [ 72.8921826, 19.1631067 ], [ 72.8921909, 19.1631151 ], [ 72.892179, 19.1631286 ], [ 72.8921589, 19.1631347 ], [ 72.8921553, 19.1631129 ], [ 72.8921423, 19.163114 ], [ 72.8921233, 19.1631269 ], [ 72.8921156, 19.1631157 ], [ 72.8921002, 19.1631118 ], [ 72.8920812, 19.1631123 ], [ 72.8920741, 19.1631022 ], [ 72.8920688, 19.1630894 ], [ 72.8920403, 19.1630877 ], [ 72.8920255, 19.1630854 ], [ 72.8920107, 19.163077 ], [ 72.8920113, 19.1630642 ], [ 72.8920231, 19.1630518 ], [ 72.8920492, 19.1630558 ], [ 72.89208, 19.1630502 ], [ 72.8920818, 19.1630261 ], [ 72.8920771, 19.1629942 ], [ 72.89208, 19.1629723 ], [ 72.8920682, 19.1629639 ] ] ] } },
{ "type": "Feature", "properties": { "element": "way", "id": 1535484027, "amenity": "college", "created_by": null, "name": "Whistling Woods International", "wheelchair": null, "alt_name": null, "toilets:wheelchair": null, "addr:city": "Mumbai", "addr:housename": null, "addr:suburb": null, "website": null, "addr:housenumber": null, "addr:postcode": "400065", "addr:street": "Film City Road", "check_date": null, "name:en": null, "internet_access": null, "addr:district": null, "internet_access:fee": null, "operator": null, "operator:type": null, "name:mr": null, "email": null, "opening_hours": null, "phone": null, "education": null, "alt_name:en": null, "fax": null, "short_name": null, "short_name:en": null, "building": null, "name:hi": null, "wikidata": null, "wikipedia": null, "name:etymology:wikidata": null, "designation": null, "old_name": null, "building:levels": null, "level": null, "wikimedia_commons": null, "school:gender": null, "description": null, "barrier": null, "addr:country": null, "isced:level": null, "school": null, "contact:website": null, "start_date": null, "contact:phone": null, "landuse": null }, "geometry": { "type": "Polygon", "coordinates": [ [ [ 72.8855994, 19.1615108 ], [ 72.8859347, 19.1617793 ], [ 72.8865355, 19.1621087 ], [ 72.8870532, 19.1622227 ], [ 72.8870693, 19.1630639 ], [ 72.8860313, 19.1629473 ], [ 72.8853124, 19.1625242 ], [ 72.8853475, 19.1624053 ], [ 72.8854331, 19.1615057 ], [ 72.8855994, 19.1615108 ] ] ] } }
]
}
