{
"type": "FeatureCollection",
"name": "fuel",
"crs": { "type": "name", "properties": { "name": "urn:ogc:def:crs:OGC:1.3:CRS84" } },
"features": [
{ "type": "Feature", "properties": { "element": "node", "id": 245658476, "amenity": "fuel", "name": null, "operator": null, "brand": null, "brand:wikidata": null, "source": null, "ele": null, "addr:city": null, "addr:postcode": null, "addr:street": null, "opening_hours": null, "brand:wikipedia": null, "official_name": null, "fuel:cng": null, "fuel:diesel": null, "brand:ur": null, "compressed_air": null, "fuel:biodiesel": null, "fuel:biogas": null, "fuel:octane_91": null, "fuel:octane_95": null, "fuel:octane_98": null, "name:ur": null, "official_name:ur": null, "operator:type": null, "check_date": null, "name:en": null, "atm": null, "short_name": null, "self_service": null, "fuel:gasoline": null, "name:mr": null, "fuel:petrol": null, "alt_name": null, "fuel:HGV_diesel": null, "fuel:electricity": null, "building": null, "layer": null, "payment:cards": null, "payment:cash": null, "payment:upi": null, "landuse": null, "fuel:cng_gas": null, "payment:credit_cards": null, "payment:debit_cards": null, "fuel:air": null, "fuel:e10": null, "ref": null, "addr:housenumber": null, "addr:country": null, "addr:state": null, "area": null, "fuel:nitrogen": null, "ref:iocl": null }, "geometry": { "type": "Point", "coordinates": [ 72.8427, 18.9859 ] } },
{ "type": "Feature", "properties": { "element": "node", "id": 296341039, "amenity": "fuel", "name": "Worliway Service Station", "operator": "BPCL", "brand": null, "brand:wikidata": null, "source": null, "ele": null, "addr:city": null, "addr:postcode": null, "addr:street": null, "opening_hours": null, "brand:wikipedia": null, "official_name": null, "fuel:cng": null, "fuel:diesel": null, "brand:ur": null, "compressed_air": null, "fuel:biodiesel": null, "fuel:biogas": null, "fuel:octane_91": null, "fuel:octane_95": null, "fuel:octane_98": null, "name:ur": null, "official_name:ur": null, "operator:type": null, "check_date": null, "name:en": null, "atm": null, "short_name": null, "self_service": null, "fuel:gasoline": null, "name:mr": null, "fuel:petrol": null, "alt_name": null, "fuel:HGV_diesel": null, "fuel:electricity": null, "building": null, "layer": null, "payment:cards": null, "payment:cash": null, "payment:upi": null, "landuse": null, "fuel:cng_gas": null, "payment:credit_cards": null, "payment:debit_cards": null, "fuel:air": null, "fuel:e10": null, "ref": null, "addr:housenumber": null, "addr:country": null, "addr:state": null, "area": null, "fuel:nitrogen": null, "ref:iocl": null }, "geometry": { "type": "Point", "coordinates": [ 72.817372, 18.997908 ] } },
{ "type": "Feature", "properties": { "element": "node", "id": 462270914, "amenity": "fuel", "name": null, "operator": null, "brand": null, "brand:wikidata": null, "source": null, "ele": null, "addr:city": null, "addr:postcode": null, "addr:street": null, "opening_hours": null, "brand:wikipedia": null, "official_name": null, "fuel:cng": null, "fuel:diesel": null, "brand:ur": null, "compressed_air": null, "fuel:biodiesel": null, "fuel:biogas": null, "fuel:octane_91": null, "fuel:octane_95": null, "fuel:octane_98": null, "name:ur": null, "official_name:ur": null, "operator:type": null, "check_date": null, "name:en": null, "atm": null, "short_name": null, "self_service": null, "fuel:gasoline": null, "name:mr": null, "fuel:petrol": null, "alt_name": null, "fuel:HGV_diesel": null, "fuel:electricity": null, "building": null, "layer": null, "payment:cards": null, "payment:cash": null, "payment:upi": null, "landuse": null, "fuel:cng_gas": null, "payment:credit_cards": null, "payment:debit_cards": null, "fuel:air": null, "fuel:e10": null, "ref": null, "addr:housenumber": null, "addr:country": null, "addr:state": null, "area": null, "fuel:nitrogen": null, "ref:iocl": null }, "geometry": { "type": "Point", "coordinates": [ 72.8012499, 18.9605094 ] } },
{ "type": "Feature", "properties": { "element": "node", "id": 666064621, "amenity": "fuel", "name": "Bharat Petroleum", "operator": "Bharat Petroleum", "brand": "Bharat Petroleum", "brand:wikidata": "Q854826", "source": "GPS", "ele": null, "addr:city": null, "addr:postcode": null, "addr:street": null, "opening_hours": null, "brand:wikipedia": null, "official_name": null, "fuel:cng": null, "fuel:diesel": null, "brand:ur": null, "compressed_air": null, "fuel:biodiesel": null, "fuel:biogas": null, "fuel:octane_91": null, "fuel:octane_95": null, "fuel:octane_98": null, "name:ur": null, "official_name:ur": null, "operator:type": null, "check_date": null, "name:en": null, "atm": null, "short_name": null, "self_service": null, "fuel:gasoline": null, "name:mr": null, "fuel:petrol": null, "alt_name": null, "fuel:HGV_diesel": null, "fuel:electricity": null, "building": null, "layer": null, "payment:cards": null, "payment:cash": null, "payment:upi": null, "landuse": null, "fuel:cng_gas": null, "payment:credit_cards": null, "payment:debit_cards": null, "fuel:air": null, "fuel:e10": null, "ref": null, "addr:housenumber": null, "addr:country": null, "addr:state": null, "area": null, "fuel:nitrogen": null, "ref:iocl": null }, "geometry": { "type": "Point", "coordinates": [ 72.8396991, 18.9367891 ] } },
{ "type": "Feature", "properties": { "element": "node", "id": 700774352, "amenity": "fuel", "name": null, "operator": null, "brand": null, "brand:wikidata": null, "source": null, "ele": null, "addr:city": null, "addr:postcode": null, "addr:street": null, "opening_hours": null, "brand:wikipedia": null, "official_name": null, "fuel:cng": null, "fuel:diesel": null, "brand:ur": null, "compressed_air": null, "fuel:biodiesel": null, "fuel:biogas": null, "fuel:octane_91": null, "fuel:octane_95": null, "fuel:octane_98": null, "name:ur": null, "official_name:ur": null, "operator:type": null, "check_date": null, "name:en": null, "atm": null, "short_name": null, "self_service": null, "fuel:gasoline": null, "name:mr": null, "fuel:petrol": null, "alt_name": null, "fuel:HGV_diesel": null, "fuel:electricity": null, "building": null, "layer": null, "payment:cards": null, "payment:cash": null, "payment:upi": null, "landuse": null, "fuel:cng_gas": null, "payment:credit_cards": null, "payment:debit_cards": null, "fuel:air": null, "fuel:e10": null, "ref": null, "addr:housenumber": null, "addr:country": null, "addr:state": null, "area": null, "fuel:nitrogen": null, "ref:iocl": null }, "geometry": { "type": "Point", "coordinates": [ 72.8467663, 18.9761344 ] } },
{ "type": "Feature", "properties": { "element": "node", "id": 1169476028, "amenity": "fuel", "name": "Bharat Petroleum", "operator": null, "brand": "Bharat Petroleum", "brand:wikidata": "Q854826", "source": null, "ele": null, "addr:city": null, "addr:postcode": null, "addr:street": null, "opening_hours": null, "brand:wikipedia": null, "official_name": null, "fuel:cng": null, "fuel:diesel": null, "brand:ur": null, "compressed_air": null, "fuel:biodiesel": null, "fuel:biogas": null, "fuel:octane_91": null, "fuel:octane_95": null, "fuel:octane_98": null, "name:ur": null, "official_name:ur": null, "operator:type": null, "check_date": null, "name:en": null, "atm": null, "short_name": null, "self_service": null, "fuel:gasoline": null, "name:mr": null, "fuel:petrol": null, "alt_name": null, "fuel:HGV_diesel": null, "fuel:electricity": null, "building": null, "layer": null, "payment:cards": null, "payment:cash": null, "payment:upi": null, "landuse": null, "fuel:cng_gas": null, "payment:credit_cards": null, "payment:debit_cards": null, "fuel:air": null, "fuel:e10": null, "ref": null, "addr:housenumber": null, "addr:country": null, "addr:state": null, "area": null, "fuel:nitrogen": null, "ref:iocl": null }, "geometry": { "type": "Point", "coordinates": [ 72.8458433, 19.1661306 ] } },
{ "type": "Feature", "properties": { "element": "node", "id": 1236589819, "amenity": "fuel", "name": null, "operator": null, "brand": null, "brand:wikidata": null, "source": "GPS", "ele": "48.67", "addr:city": null, "addr:postcode": null, "addr:street": null, "opening_hours": null, "brand:wikipedia": null, "official_name": null, "fuel:cng": null, "fuel:diesel": null, "brand:ur": null, "compressed_air": null, "fuel:biodiesel": null, "fuel:biogas": null, "fuel:octane_91": null, "fuel:octane_95": null, "fuel:octane_98": null, "name:ur": null, "official_name:ur": null, "operator:type": null, "check_date": null, "name:en": null, "atm": null, "short_name": null, "self_service": null, "fuel:gasoline": null, "name:mr": null, "fuel:petrol": null, "alt_name": null, "fuel:HGV_diesel": null, "fuel:electricity": null, "building": null, "layer": null, "payment:cards": null, "payment:cash": null, "payment:upi": null, "landuse": null, "fuel:cng_gas": null, "payment:credit_cards": null, "payment:debit_cards": null, "fuel:air": null, "fuel:e10": null, "ref": null, "addr:housenumber": null, "addr:country": null, "addr:state": null, "area": null, "fuel:nitrogen": null, "ref:iocl": null }, "geometry": { "type": "Point", "coordinates": [ 72.808826, 18.9688493 ] } },
{ "type": "Feature", "properties": { "element": "node", "id": 1236589832, "amenity": "fuel", "name": null, "operator": null, "brand": null, "brand:wikidata": null, "source": "GPS", "ele": "18.15", "addr:city": null, "addr:postcode": null, "addr:street": null, "opening_hours": null, "brand:wikipedia": null, "official_name": null, "fuel:cng": null, "fuel:diesel": null, "brand:ur": null, "compressed_air": null, "fuel:biodiesel": null, "fuel:biogas": null, "fuel:octane_91": null, "fuel:octane_95": null, "fuel:octane_98": null, "name:ur": null, "official_name:ur": null, "operator:type": null, "check_date": null, "name:en": null, "atm": null, "short_name": null, "self_service": null, "fuel:gasoline": null, "name:mr": null, "fuel:petrol": null, "alt_name": null, "fuel:HGV_diesel": null, "fuel:electricity": null, "building": null, "layer": null, "payment:cards": null, "payment:cash": null, "payment:upi": null, "landuse": null, "fuel:cng_gas": null, "payment:credit_cards": null, "payment:debit_cards": null, "fuel:air": null, "fuel:e10": null, "ref": null, "addr:housenumber": null, "addr:country": null, "addr:state": null, "area": null, "fuel:nitrogen": null, "ref:iocl": null }, "geometry": { "type": "Point", "coordinates": [ 72.8406767, 18.935965 ] } },
{ "type": "Feature", "properties": { "element": "node", "id": 1345350827, "amenity": "fuel", "name": "Guru Nanak Petrol Pump", "operator": "BPCL", "brand": null, "brand:wikidata": null, "source": null, "ele": null, "addr:city": "Mumbai", "addr:postcode": "400099", "addr:street": "Mathuradas Vasanji Road", "opening_hours": "24/7", "brand:wikipedia": null, "official_name": null, "fuel:cng": null, "fuel:diesel": null, "brand:ur": null, "compressed_air": null, "fuel:biodiesel": null, "fuel:biogas": null, "fuel:octane_91": null, "fuel:octane_95": null, "fuel:octane_98": null, "name:ur": null, "official_name:ur": null, "operator:type": null, "check_date": null, "name:en": null, "atm": null, "short_name": null, "self_service": null, "fuel:gasoline": null, "name:mr": null, "fuel:petrol": null, "alt_name": null, "fuel:HGV_diesel": null, "fuel:electricity": null, "building": null, "layer": null, "payment:cards": null, "payment:cash": null, "payment:upi": null, "landuse": null, "fuel:cng_gas": null, "payment:credit_cards": null, "payment:debit_cards": null, "fuel:air": null, "fuel:e10": null, "ref": null, "addr:housenumber": null, "addr:country": null, "addr:state": null, "area": null, "fuel:nitrogen": null, "ref:iocl": null }, "geometry": { "type": "Point", "coordinates": [ 72.8563549, 19.1161423 ] } },
{ "type": "Feature", "properties": { "element": "node", "id": 1345350832, "amenity": "fuel", "name": "HP", "operator": null, "brand": "Hindustan Petroleum", "brand:wikidata": "Q1619375", "source": null, "ele": null, "addr:city": "Mumbai", "addr:postcode": null, "addr:street": "Mathuradas Vasanji Road", "opening_hours": null, "brand:wikipedia": "en:Hindustan Petroleum", "official_name": "Hindustan Petroleum", "fuel:cng": null, "fuel:diesel": null, "brand:ur": null, "compressed_air": null, "fuel:biodiesel": null, "fuel:biogas": null, "fuel:octane_91": null, "fuel:octane_95": null, "fuel:octane_98": null, "name:ur": null, "official_name:ur": null, "operator:type": null, "check_date": null, "name:en": null, "atm": null, "short_name": null, "self_service": null, "fuel:gasoline": null, "name:mr": null, "fuel:petrol": null, "alt_name": null, "fuel:HGV_diesel": null, "fuel:electricity": null, "building": null, "layer": null, "payment:cards": null, "payment:cash": null, "payment:upi": null, "landuse": null, "fuel:cng_gas": null, "payment:credit_cards": null, "payment:debit_cards": null, "fuel:air": null, "fuel:e10": null, "ref": null, "addr:housenumber": null, "addr:country": null, "addr:state": null, "area": null, "fuel:nitrogen": null, "ref:iocl": null }, "geometry": { "type": "Point", "coordinates": [ 72.8596325, 19.1147257 ] } },
{ "type": "Feature", "properties": { "element": "node", "id": 1352264191, "amenity": "fuel", "name": null, "operator": null, "brand": "HP", "brand:wikidata": null, "source": null, "ele": null, "addr:city": null, "addr:postcode": null, "addr:street": null, "opening_hours": null, "brand:wikipedia": null, "official_name": null, "fuel:cng": null, "fuel:diesel": null, "brand:ur": null, "compressed_air": null, "fuel:biodiesel": null, "fuel:biogas": null, "fuel:octane_91": null, "fuel:octane_95": null, "fuel:octane_98": null, "name:ur": null, "official_name:ur": null, "operator:type": null, "check_date": null, "name:en": null, "atm": null, "short_name": null, "self_service": null, "fuel:gasoline": null, "name:mr": null, "fuel:petrol": null, "alt_name": null, "fuel:HGV_diesel": null, "fuel:electricity": null, "building": null, "layer": null, "payment:cards": null, "payment:cash": null, "payment:upi": null, "landuse": null, "fuel:cng_gas": null, "payment:credit_cards": null, "payment:debit_cards": null, "fuel:air": null, "fuel:e10": null, "ref": null, "addr:housenumber": null, "addr:country": null, "addr:state": null, "area": null, "fuel:nitrogen": null, "ref:iocl": null }, "geometry": { "type": "Point", "coordinates": [ 72.8569688, 19.2336144 ] } },
{ "type": "Feature", "properties": { "element": "node", "id": 1361559722, "amenity": "fuel", "name": "HP", "operator": null, "brand": "Hindustan Petroleum", "brand:wikidata": "Q1619375", "source": null, "ele": null, "addr:city": null, "addr:postcode": null, "addr:street": null, "opening_hours": null, "brand:wikipedia": null, "official_name": "Hindustan Petroleum", "fuel:cng": null, "fuel:diesel": null, "brand:ur": null, "compressed_air": null, "fuel:biodiesel": null, "fuel:biogas": null, "fuel:octane_91": null, "fuel:octane_95": null, "fuel:octane_98": null, "name:ur": null, "official_name:ur": null, "operator:type": null, "check_date": null, "name:en": null, "atm": null, "short_name": null, "self_service": null, "fuel:gasoline": null, "name:mr": null, "fuel:petrol": null, "alt_name": null, "fuel:HGV_diesel": null, "fuel:electricity": null, "building": null, "layer": null, "payment:cards": null, "payment:cash": null, "payment:upi": null, "landuse": null, "fuel:cng_gas": null, "payment:credit_cards": null, "payment:debit_cards": null, "fuel:air": null, "fuel:e10": null, "ref": null, "addr:housenumber": null, "addr:country": null, "addr:state": null, "area": null, "fuel:nitrogen": null, "ref:iocl": null }, "geometry": { "type": "Point", "coordinates": [ 72.846998, 19.1955609 ] } },
{ "type": "Feature", "properties": { "element": "node", "id": 1416508129, "amenity": "fuel", "name": null, "operator": null, "brand": "BP", "brand:wikidata": null, "source": null, "ele": null, "addr:city": null, "addr:postcode": null, "addr:street": null, "opening_hours": null, "brand:wikipedia": null, "official_name": null, "fuel:cng": null, "fuel:diesel": null, "brand:ur": null, "compressed_air": null, "fuel:biodiesel": null, "fuel:biogas": null, "fuel:octane_91": null, "fuel:octane_95": null, "fuel:octane_98": null, "name:ur": null, "official_name:ur": null, "operator:type": null, "check_date": null, "name:en": null, "atm": null, "short_name": null, "self_service": null, "fuel:gasoline": null, "name:mr": null, "fuel:petrol": null, "alt_name": null, "fuel:HGV_diesel": null, "fuel:electricity": null, "building": null, "layer": null, "payment:cards": null, "payment:cash": null, "payment:upi": null, "landuse": null, "fuel:cng_gas": null, "payment:credit_cards": null, "payment:debit_cards": null, "fuel:air": null, "fuel:e10": null, "ref": null, "addr:housenumber": null, "addr:country": null, "addr:state": null, "area": null, "fuel:nitrogen": null, "ref:iocl": null }, "geometry": { "type": "Point", "coordinates": [ 72.8368959, 19.21543 ] } },
{ "type": "Feature", "properties": { "element": "node", "id": 1416526463, "amenity": "fuel", "name": null, "operator": null, "brand": null, "brand:wikidata": null, "source": null, "ele": null, "addr:city": null, "addr:postcode": null, "addr:street": null, "opening_hours": null, "brand:wikipedia": null, "official_name": null, "fuel:cng": null, "fuel:diesel": null, "brand:ur": null, "compressed_air": null, "fuel:biodiesel": null, "fuel:biogas": null, "fuel:octane_91": null, "fuel:octane_95": null, "fuel:octane_98": null, "name:ur": null, "official_name:ur": null, "operator:type": null, "check_date": null, "name:en": null, "atm": null, "short_name": null, "self_service": null, "fuel:gasoline": null, "name:mr": null, "fuel:petrol": null, "alt_name": null, "fuel:HGV_diesel": null, "fuel:electricity": null, "building": null, "layer": null, "payment:cards": null, "payment:cash": null, "payment:upi": null, "landuse": null, "fuel:cng_gas": null, "payment:credit_cards": null, "payment:debit_cards": null, "fuel:air": null, "fuel:e10": null, "ref": null, "addr:housenumber": null, "addr:country": null, "addr:state": null, "area": null, "fuel:nitrogen": null, "ref:iocl": null }, "geometry": { "type": "Point", "coordinates": [ 72.8281492, 19.205334 ] } },
{ "type": "Feature", "properties": { "element": "node", "id": 1416528267, "amenity": "fuel", "name": null, "operator": null, "brand": null, "brand:wikidata": null, "source": null, "ele": null, "addr:city": null, "addr:postcode": null, "addr:street": null, "opening_hours": null, "brand:wikipedia": null, "official_name": null, "fuel:cng": null, "fuel:diesel": null, "brand:ur": null, "compressed_air": null, "fuel:biodiesel": null, "fuel:biogas": null, "fuel:octane_91": null, "fuel:octane_95": null, "fuel:octane_98": null, "name:ur": null, "official_name:ur": null, "operator:type": null, "check_date": null, "name:en": null, "atm": null, "short_name": null, "self_service": null, "fuel:gasoline": null, "name:mr": null, "fuel:petrol": null, "alt_name": null, "fuel:HGV_diesel": null, "fuel:electricity": null, "building": null, "layer": null, "payment:cards": null, "payment:cash": null, "payment:upi": null, "landuse": null, "fuel:cng_gas": null, "payment:credit_cards": null, "payment:debit_cards": null, "fuel:air": null, "fuel:e10": null, "ref": null, "addr:housenumber": null, "addr:country": null, "addr:state": null, "area": null, "fuel:nitrogen": null, "ref:iocl": null }, "geometry": { "type": "Point", "coordinates": [ 72.8276503, 19.1987027 ] } },
{ "type": "Feature", "properties": { "element": "node", "id": 1444730730, "amenity": "fuel", "name": null, "operator": null, "brand": null, "brand:wikidata": null, "source": null, "ele": null, "addr:city": null, "addr:postcode": null, "addr:street": null, "opening_hours": null, "brand:wikipedia": null, "official_name": null, "fuel:cng": "yes", "fuel:diesel": "yes", "brand:ur": null, "compressed_air": null, "fuel:biodiesel": null, "fuel:biogas": null, "fuel:octane_91": null, "fuel:octane_95": null, "fuel:octane_98": null, "name:ur": null, "official_name:ur": null, "operator:type": null, "check_date": null, "name:en": null, "atm": null, "short_name": null, "self_service": null, "fuel:gasoline": null, "name:mr": null, "fuel:petrol": null, "alt_name": null, "fuel:HGV_diesel": null, "fuel:electricity": null, "building": null, "layer": null, "payment:cards": null, "payment:cash": null, "payment:upi": null, "landuse": null, "fuel:cng_gas": null, "payment:credit_cards": null, "payment:debit_cards": null, "fuel:air": null, "fuel:e10": null, "ref": null, "addr:housenumber": null, "addr:country": null, "addr:state": null, "area": null, "fuel:nitrogen": null, "ref:iocl": null }, "geometry": { "type": "Point", "coordinates": [ 72.8372671, 19.2136942 ] } },
{ "type": "Feature", "properties": { "element": "node", "id": 1541857832, "amenity": "fuel", "name": "HP", "operator": "Bharat Petroleum", "brand": "Hindustan Petroleum", "brand:wikidata": "Q1619375", "source": null, "ele": null, "addr:city": null, "addr:postcode": null, "addr:street": null, "opening_hours": null, "brand:wikipedia": null, "official_name": "Hindustan Petroleum", "fuel:cng": null, "fuel:diesel": null, "brand:ur": null, "compressed_air": null, "fuel:biodiesel": null, "fuel:biogas": null, "fuel:octane_91": null, "fuel:octane_95": null, "fuel:octane_98": null, "name:ur": null, "official_name:ur": null, "operator:type": null, "check_date": null, "name:en": null, "atm": null, "short_name": null, "self_service": null, "fuel:gasoline": null, "name:mr": null, "fuel:petrol": null, "alt_name": null, "fuel:HGV_diesel": null, "fuel:electricity": null, "building": null, "layer": null, "payment:cards": null, "payment:cash": null, "payment:upi": null, "landuse": null, "fuel:cng_gas": null, "payment:credit_cards": null, "payment:debit_cards": null, "fuel:air": null, "fuel:e10": null, "ref": null, "addr:housenumber": null, "addr:country": null, "addr:state": null, "area": null, "fuel:nitrogen": null, "ref:iocl": null }, "geometry": { "type": "Point", "coordinates": [ 72.8273901, 18.9267067 ] } },
{ "type": "Feature", "properties": { "element": "node", "id": 1577876072, "amenity": "fuel", "name": "Bharat Petroleum", "operator": null, "brand": null, "brand:wikidata": null, "source": null, "ele": null, "addr:city": null, "addr:postcode": null, "addr:street": null, "opening_hours": null, "brand:wikipedia": null, "official_name": null, "fuel:cng": null, "fuel:diesel": null, "brand:ur": null, "compressed_air": null, "fuel:biodiesel": null, "fuel:biogas": null, "fuel:octane_91": null, "fuel:octane_95": null, "fuel:octane_98": null, "name:ur": null, "official_name:ur": null, "operator:type": null, "check_date": null, "name:en": null, "atm": null, "short_name": null, "self_service": null, "fuel:gasoline": null, "name:mr": null, "fuel:petrol": null, "alt_name": null, "fuel:HGV_diesel": null, "fuel:electricity": null, "building": null, "layer": null, "payment:cards": null, "payment:cash": null, "payment:upi": null, "landuse": null, "fuel:cng_gas": null, "payment:credit_cards": null, "payment:debit_cards": null, "fuel:air": null, "fuel:e10": null, "ref": null, "addr:housenumber": null, "addr:country": null, "addr:state": null, "area": null, "fuel:nitrogen": null, "ref:iocl": null }, "geometry": { "type": "Point", "coordinates": [ 72.8745426, 19.1346724 ] } },
{ "type": "Feature", "properties": { "element": "node", "id": 1855825020, "amenity": "fuel", "name": "Godrej Pump", "operator": null, "brand": null, "brand:wikidata": null, "source": null, "ele": null, "addr:city": null, "addr:postcode": null, "addr:street": null, "opening_hours": null, "brand:wikipedia": null, "official_name": null, "fuel:cng": null, "fuel:diesel": null, "brand:ur": null, "compressed_air": null, "fuel:biodiesel": null, "fuel:biogas": null, "fuel:octane_91": null, "fuel:octane_95": null, "fuel:octane_98": null, "name:ur": null, "official_name:ur": null, "operator:type": null, "check_date": null, "name:en": null, "atm": null, "short_name": null, "self_service": null, "fuel:gasoline": null, "name:mr": null, "fuel:petrol": null, "alt_name": null, "fuel:HGV_diesel": null, "fuel:electricity": null, "building": null, "layer": null, "payment:cards": null, "payment:cash": null, "payment:upi": null, "landuse": null, "fuel:cng_gas": null, "payment:credit_cards": null, "payment:debit_cards": null, "fuel:air": null, "fuel:e10": null, "ref": null, "addr:housenumber": null, "addr:country": null, "addr:state": null, "area": null, "fuel:nitrogen": null, "ref:iocl": null }, "geometry": { "type": "Point", "coordinates": [ 72.9224003, 19.1051591 ] } },
{ "type": "Feature", "properties": { "element": "node", "id": 2242268589, "amenity": "fuel", "name": "National Highway Trucking Centre", "operator": null, "brand": "Hindustan Petroleum", "brand:wikidata": "Q1619375", "source": null, "ele": null, "addr:city": null, "addr:postcode": null, "addr:street": null, "opening_hours": null, "brand:wikipedia": null, "official_name": "Hindustan Petroleum", "fuel:cng": "yes", "fuel:diesel": "yes", "brand:ur": "ہندوستان پٹرولیم", "compressed_air": "yes", "fuel:biodiesel": "no", "fuel:biogas": "no", "fuel:octane_91": "yes", "fuel:octane_95": "yes", "fuel:octane_98": "yes", "name:ur": "نیشنل ہائی وے ٹرکنگ سنٹر", "official_name:ur": "ہندوستان پٹرولیم", "operator:type": "private", "check_date": null, "name:en": null, "atm": null, "short_name": null, "self_service": null, "fuel:gasoline": null, "name:mr": null, "fuel:petrol": null, "alt_name": null, "fuel:HGV_diesel": null, "fuel:electricity": null, "building": null, "layer": null, "payment:cards": null, "payment:cash": null, "payment:upi": null, "landuse": null, "fuel:cng_gas": null, "payment:credit_cards": null, "payment:debit_cards": null, "fuel:air": null, "fuel:e10": null, "ref": null, "addr:housenumber": null, "addr:country": null, "addr:state": null, "area": null, "fuel:nitrogen": null, "ref:iocl": null }, "geometry": { "type": "Point", "coordinates": [ 72.9003277, 19.0677432 ] } },
{ "type": "Feature", "properties": { "element": "node", "id": 3232946138, "amenity": "fuel", "name": null, "operator": null, "brand": null, "brand:wikidata": null, "source": null, "ele": null, "addr:city": "Mulund (West)", "addr:postcode": null, "addr:street": null, "opening_hours": null, "brand:wikipedia": null, "official_name": null, "fuel:cng": null, "fuel:diesel": null, "brand:ur": null, "compressed_air": null, "fuel:biodiesel": null, "fuel:biogas": null, "fuel:octane_91": null, "fuel:octane_95": null, "fuel:octane_98": null, "name:ur": null, "official_name:ur": null, "operator:type": null, "check_date": null, "name:en": null, "atm": null, "short_name": null, "self_service": null, "fuel:gasoline": null, "name:mr": null, "fuel:petrol": null, "alt_name": null, "fuel:HGV_diesel": null, "fuel:electricity": null, "building": null, "layer": null, "payment:cards": null, "payment:cash": null, "payment:upi": null, "landuse": null, "fuel:cng_gas": null, "payment:credit_cards": null, "payment:debit_cards": null, "fuel:air": null, "fuel:e10": null, "ref": null, "addr:housenumber": null, "addr:country": null, "addr:state": null, "area": null, "fuel:nitrogen": null, "ref:iocl": null }, "geometry": { "type": "Point", "coordinates": [ 72.9448872, 19.178242 ] } },
{ "type": "Feature", "properties": { "element": "node", "id": 3232946140, "amenity": "fuel", "name": "Mahanagar Gas", "operator": "Global Automobiles", "brand": null, "brand:wikidata": null, "source": null, "ele": null, "addr:city": "Mulund (West)", "addr:postcode": null, "addr:street": "LBS Marg", "opening_hours": null, "brand:wikipedia": null, "official_name": null, "fuel:cng": null, "fuel:diesel": null, "brand:ur": null, "compressed_air": null, "fuel:biodiesel": null, "fuel:biogas": null, "fuel:octane_91": null, "fuel:octane_95": null, "fuel:octane_98": null, "name:ur": null, "official_name:ur": null, "operator:type": null, "check_date": null, "name:en": null, "atm": null, "short_name": null, "self_service": null, "fuel:gasoline": null, "name:mr": null, "fuel:petrol": null, "alt_name": null, "fuel:HGV_diesel": null, "fuel:electricity": null, "building": null, "layer": null, "payment:cards": null, "payment:cash": null, "payment:upi": null, "landuse": null, "fuel:cng_gas": null, "payment:credit_cards": null, "payment:debit_cards": null, "fuel:air": null, "fuel:e10": null, "ref": null, "addr:housenumber": null, "addr:country": null, "addr:state": null, "area": null, "fuel:nitrogen": null, "ref:iocl": null }, "geometry": { "type": "Point", "coordinates": [ 72.9397304, 19.1698221 ] } },
{ "type": "Feature", "properties": { "element": "node", "id": 3289545012, "amenity": "fuel", "name": "Petrol Pump", "operator": "HP", "brand": null, "brand:wikidata": null, "source": null, "ele": null, "addr:city": null, "addr:postcode": null, "addr:street": null, "opening_hours": null, "brand:wikipedia": null, "official_name": null, "fuel:cng": null, "fuel:diesel": null, "brand:ur": null, "compressed_air": null, "fuel:biodiesel": null, "fuel:biogas": null, "fuel:octane_91": null, "fuel:octane_95": null, "fuel:octane_98": null, "name:ur": null, "official_name:ur": null, "operator:type": null, "check_date": null, "name:en": null, "atm": null, "short_name": null, "self_service": null, "fuel:gasoline": null, "name:mr": null, "fuel:petrol": null, "alt_name": null, "fuel:HGV_diesel": null, "fuel:electricity": null, "building": null, "layer": null, "payment:cards": null, "payment:cash": null, "payment:upi": null, "landuse": null, "fuel:cng_gas": null, "payment:credit_cards": null, "payment:debit_cards": null, "fuel:air": null, "fuel:e10": null, "ref": null, "addr:housenumber": null, "addr:country": null, "addr:state": null, "area": null, "fuel:nitrogen": null, "ref:iocl": null }, "geometry": { "type": "Point", "coordinates": [ 72.8773575, 19.0763832 ] } },
{ "type": "Feature", "properties": { "element": "node", "id": 3289545561, "amenity": "fuel", "name": null, "operator": null, "brand": null, "brand:wikidata": null, "source": null, "ele": null, "addr:city": null, "addr:postcode": null, "addr:street": null, "opening_hours": null, "brand:wikipedia": null, "official_name": null, "fuel:cng": null, "fuel:diesel": null, "brand:ur": null, "compressed_air": null, "fuel:biodiesel": null, "fuel:biogas": null, "fuel:octane_91": null, "fuel:octane_95": null, "fuel:octane_98": null, "name:ur": null, "official_name:ur": null, "operator:type": null, "check_date": null, "name:en": null, "atm": null, "short_name": null, "self_service": null, "fuel:gasoline": null, "name:mr": null, "fuel:petrol": null, "alt_name": null, "fuel:HGV_diesel": null, "fuel:electricity": null, "building": null, "layer": null, "payment:cards": null, "payment:cash": null, "payment:upi": null, "landuse": null, "fuel:cng_gas": null, "payment:credit_cards": null, "payment:debit_cards": null, "fuel:air": null, "fuel:e10": null, "ref": null, "addr:housenumber": null, "addr:country": null, "addr:state": null, "area": null, "fuel:nitrogen": null, "ref:iocl": null }, "geometry": { "type": "Point", "coordinates": [ 72.8793721, 19.0780431 ] } },
{ "type": "Feature", "properties": { "element": "node", "id": 3289553161, "amenity": "fuel", "name": "CNG", "operator": "HP", "brand": null, "brand:wikidata": null, "source": null, "ele": null, "addr:city": null, "addr:postcode": null, "addr:street": null, "opening_hours": null, "brand:wikipedia": null, "official_name": null, "fuel:cng": null, "fuel:diesel": null, "brand:ur": null, "compressed_air": null, "fuel:biodiesel": null, "fuel:biogas": null, "fuel:octane_91": null, "fuel:octane_95": null, "fuel:octane_98": null, "name:ur": null, "official_name:ur": null, "operator:type": null, "check_date": null, "name:en": null, "atm": null, "short_name": null, "self_service": null, "fuel:gasoline": null, "name:mr": null, "fuel:petrol": null, "alt_name": null, "fuel:HGV_diesel": null, "fuel:electricity": null, "building": null, "layer": null, "payment:cards": null, "payment:cash": null, "payment:upi": null, "landuse": null, "fuel:cng_gas": null, "payment:credit_cards": null, "payment:debit_cards": null, "fuel:air": null, "fuel:e10": null, "ref": null, "addr:housenumber": null, "addr:country": null, "addr:state": null, "area": null, "fuel:nitrogen": null, "ref:iocl": null }, "geometry": { "type": "Point", "coordinates": [ 72.8772337, 19.0765873 ] } },
{ "type": "Feature", "properties": { "element": "node", "id": 3306535083, "amenity": "fuel", "name": "Bharat Petroleum", "operator": null, "brand": "Bharat Petroleum", "brand:wikidata": "Q854826", "source": null, "ele": null, "addr:city": null, "addr:postcode": null, "addr:street": null, "opening_hours": null, "brand:wikipedia": null, "official_name": null, "fuel:cng": null, "fuel:diesel": null, "brand:ur": null, "compressed_air": "yes", "fuel:biodiesel": null, "fuel:biogas": null, "fuel:octane_91": null, "fuel:octane_95": null, "fuel:octane_98": null, "name:ur": null, "official_name:ur": null, "operator:type": null, "check_date": "2026-03-12", "name:en": null, "atm": null, "short_name": null, "self_service": null, "fuel:gasoline": null, "name:mr": null, "fuel:petrol": null, "alt_name": null, "fuel:HGV_diesel": null, "fuel:electricity": null, "building": null, "layer": null, "payment:cards": null, "payment:cash": null, "payment:upi": null, "landuse": null, "fuel:cng_gas": null, "payment:credit_cards": null, "payment:debit_cards": null, "fuel:air": null, "fuel:e10": null, "ref": null, "addr:housenumber": null, "addr:country": null, "addr:state": null, "area": null, "fuel:nitrogen": null, "ref:iocl": null }, "geometry": { "type": "Point", "coordinates": [ 72.8328758, 18.9243367 ] } },
{ "type": "Feature", "properties": { "element": "node", "id": 3306535093, "amenity": "fuel", "name": null, "operator": null, "brand": "Bharat Petroleum", "brand:wikidata": null, "source": null, "ele": null, "addr:city": null, "addr:postcode": null, "addr:street": null, "opening_hours": null, "brand:wikipedia": null, "official_name": null, "fuel:cng": null, "fuel:diesel": null, "brand:ur": null, "compressed_air": null, "fuel:biodiesel": null, "fuel:biogas": null, "fuel:octane_91": null, "fuel:octane_95": null, "fuel:octane_98": null, "name:ur": null, "official_name:ur": null, "operator:type": null, "check_date": null, "name:en": null, "atm": null, "short_name": null, "self_service": null, "fuel:gasoline": null, "name:mr": null, "fuel:petrol": null, "alt_name": null, "fuel:HGV_diesel": null, "fuel:electricity": null, "building": null, "layer": null, "payment:cards": null, "payment:cash": null, "payment:upi": null, "landuse": null, "fuel:cng_gas": null, "payment:credit_cards": null, "payment:debit_cards": null, "fuel:air": null, "fuel:e10": null, "ref": null, "addr:housenumber": null, "addr:country": null, "addr:state": null, "area": null, "fuel:nitrogen": null, "ref:iocl": null }, "geometry": { "type": "Point", "coordinates": [ 72.8108602, 18.9781036 ] } },
{ "type": "Feature", "properties": { "element": "node", "id": 3602161437, "amenity": "fuel", "name": "HP", "operator": null, "brand": null, "brand:wikidata": null, "source": null, "ele": null, "addr:city": null, "addr:postcode": null, "addr:street": null, "opening_hours": null, "brand:wikipedia": null, "official_name": null, "fuel:cng": null, "fuel:diesel": null, "brand:ur": null, "compressed_air": null, "fuel:biodiesel": null, "fuel:biogas": null, "fuel:octane_91": null, "fuel:octane_95": null, "fuel:octane_98": null, "name:ur": null, "official_name:ur": null, "operator:type": null, "check_date": null, "name:en": null, "atm": null, "short_name": null, "self_service": null, "fuel:gasoline": null, "name:mr": null, "fuel:petrol": null, "alt_name": null, "fuel:HGV_diesel": null, "fuel:electricity": null, "building": null, "layer": null, "payment:cards": null, "payment:cash": null, "payment:upi": null, "landuse": null, "fuel:cng_gas": null, "payment:credit_cards": null, "payment:debit_cards": null, "fuel:air": null, "fuel:e10": null, "ref": null, "addr:housenumber": null, "addr:country": null, "addr:state": null, "area": null, "fuel:nitrogen": null, "ref:iocl": null }, "geometry": { "type": "Point", "coordinates": [ 72.9256263, 19.1103576 ] } },
{ "type": "Feature", "properties": { "element": "node", "id": 3951524190, "amenity": "fuel", "name": "Indian Oil", "operator": null, "brand": "Indian Oil", "brand:wikidata": "Q1289348", "source": null, "ele": null, "addr:city": null, "addr:postcode": null, "addr:street": null, "opening_hours": null, "brand:wikipedia": "en:Indian Oil Corporation", "official_name": null, "fuel:cng": null, "fuel:diesel": null, "brand:ur": null, "compressed_air": null, "fuel:biodiesel": null, "fuel:biogas": null, "fuel:octane_91": null, "fuel:octane_95": null, "fuel:octane_98": null, "name:ur": null, "official_name:ur": null, "operator:type": null, "check_date": null, "name:en": null, "atm": null, "short_name": null, "self_service": null, "fuel:gasoline": null, "name:mr": null, "fuel:petrol": null, "alt_name": null, "fuel:HGV_diesel": null, "fuel:electricity": null, "building": null, "layer": null, "payment:cards": null, "payment:cash": null, "payment:upi": null, "landuse": null, "fuel:cng_gas": null, "payment:credit_cards": null, "payment:debit_cards": null, "fuel:air": null, "fuel:e10": null, "ref": null, "addr:housenumber": null, "addr:country": null, "addr:state": null, "area": null, "fuel:nitrogen": null, "ref:iocl": null }, "geometry": { "type": "Point", "coordinates": [ 72.8392429, 19.1010253 ] } },
{ "type": "Feature", "properties": { "element": "node", "id": 3951524927, "amenity": "fuel", "name": "Indian Oil", "operator": null, "brand": "Indian Oil", "brand:wikidata": "Q1289348", "source": null, "ele": null, "addr:city": null, "addr:postcode": null, "addr:street": "Swami Vivekanand Road", "opening_hours": null, "brand:wikipedia": "en:Indian Oil Corporation", "official_name": null, "fuel:cng": null, "fuel:diesel": null, "brand:ur": null, "compressed_air": null, "fuel:biodiesel": null, "fuel:biogas": null, "fuel:octane_91": null, "fuel:octane_95": null, "fuel:octane_98": null, "name:ur": null, "official_name:ur": null, "operator:type": null, "check_date": null, "name:en": null, "atm": null, "short_name": null, "self_service": null, "fuel:gasoline": null, "name:mr": null, "fuel:petrol": null, "alt_name": null, "fuel:HGV_diesel": null, "fuel:electricity": null, "building": null, "layer": null, "payment:cards": null, "payment:cash": null, "payment:upi": null, "landuse": null, "fuel:cng_gas": null, "payment:credit_cards": null, "payment:debit_cards": null, "fuel:air": null, "fuel:e10": null, "ref": null, "addr:housenumber": null, "addr:country": null, "addr:state": null, "area": null, "fuel:nitrogen": null, "ref:iocl": null }, "geometry": { "type": "Point", "coordinates": [ 72.8393963, 19.0967848 ] } },
{ "type": "Feature", "properties": { "element": "node", "id": 3979243498, "amenity": "fuel", "name": "Bharat Petroleum", "operator": null, "brand": "Bharat Petroleum", "brand:wikidata": "Q854826", "source": null, "ele": null, "addr:city": null, "addr:postcode": null, "addr:street": null, "opening_hours": "Mo-Su,PH 00:00-00:00", "brand:wikipedia": null, "official_name": null, "fuel:cng": null, "fuel:diesel": null, "brand:ur": null, "compressed_air": "yes", "fuel:biodiesel": null, "fuel:biogas": null, "fuel:octane_91": null, "fuel:octane_95": null, "fuel:octane_98": null, "name:ur": null, "official_name:ur": null, "operator:type": null, "check_date": null, "name:en": null, "atm": null, "short_name": null, "self_service": null, "fuel:gasoline": null, "name:mr": null, "fuel:petrol": null, "alt_name": null, "fuel:HGV_diesel": null, "fuel:electricity": null, "building": null, "layer": null, "payment:cards": null, "payment:cash": null, "payment:upi": null, "landuse": null, "fuel:cng_gas": null, "payment:credit_cards": null, "payment:debit_cards": null, "fuel:air": null, "fuel:e10": null, "ref": null, "addr:housenumber": null, "addr:country": null, "addr:state": null, "area": null, "fuel:nitrogen": null, "ref:iocl": null }, "geometry": { "type": "Point", "coordinates": [ 72.8233968, 19.1246421 ] } },
{ "type": "Feature", "properties": { "element": "node", "id": 4339870699, "amenity": "fuel", "name": "HP", "operator": null, "brand": "Hindustan Petroleum", "brand:wikidata": "Q1619375", "source": null, "ele": null, "addr:city": null, "addr:postcode": null, "addr:street": null, "opening_hours": null, "brand:wikipedia": null, "official_name": "Hindustan Petroleum", "fuel:cng": null, "fuel:diesel": null, "brand:ur": null, "compressed_air": null, "fuel:biodiesel": null, "fuel:biogas": null, "fuel:octane_91": null, "fuel:octane_95": null, "fuel:octane_98": null, "name:ur": null, "official_name:ur": null, "operator:type": null, "check_date": null, "name:en": null, "atm": null, "short_name": null, "self_service": null, "fuel:gasoline": null, "name:mr": null, "fuel:petrol": null, "alt_name": null, "fuel:HGV_diesel": null, "fuel:electricity": null, "building": null, "layer": null, "payment:cards": null, "payment:cash": null, "payment:upi": null, "landuse": null, "fuel:cng_gas": null, "payment:credit_cards": null, "payment:debit_cards": null, "fuel:air": null, "fuel:e10": null, "ref": null, "addr:housenumber": null, "addr:country": null, "addr:state": null, "area": null, "fuel:nitrogen": null, "ref:iocl": null }, "geometry": { "type": "Point", "coordinates": [ 72.8876135, 19.105142 ] } },
{ "type": "Feature", "properties": { "element": "node", "id": 4341104057, "amenity": "fuel", "name": "Hindustan Petroleum", "operator": null, "brand": "Hindustan Petroleum", "brand:wikidata": "Q1619375", "source": null, "ele": null, "addr:city": null, "addr:postcode": null, "addr:street": "Swatantrya Veer Savarkar Marg", "opening_hours": null, "brand:wikipedia": "en:Hindustan Petroleum", "official_name": "Hindustan Petroleum", "fuel:cng": null, "fuel:diesel": null, "brand:ur": null, "compressed_air": null, "fuel:biodiesel": null, "fuel:biogas": null, "fuel:octane_91": null, "fuel:octane_95": null, "fuel:octane_98": null, "name:ur": null, "official_name:ur": null, "operator:type": null, "check_date": null, "name:en": null, "atm": null, "short_name": null, "self_service": null, "fuel:gasoline": null, "name:mr": null, "fuel:petrol": null, "alt_name": null, "fuel:HGV_diesel": null, "fuel:electricity": null, "building": null, "layer": null, "payment:cards": null, "payment:cash": null, "payment:upi": null, "landuse": null, "fuel:cng_gas": null, "payment:credit_cards": null, "payment:debit_cards": null, "fuel:air": null, "fuel:e10": null, "ref": null, "addr:housenumber": null, "addr:country": null, "addr:state": null, "area": null, "fuel:nitrogen": null, "ref:iocl": null }, "geometry": { "type": "Point", "coordinates": [ 72.8387268, 19.0323529 ] } },
{ "type": "Feature", "properties": { "element": "node", "id": 4349254491, "amenity": "fuel", "name": "HP", "operator": null, "brand": "Hindustan Petroleum", "brand:wikidata": "Q1619375", "source": null, "ele": null, "addr:city": null, "addr:postcode": null, "addr:street": null, "opening_hours": null, "brand:wikipedia": null, "official_name": "Hindustan Petroleum", "fuel:cng": null, "fuel:diesel": null, "brand:ur": null, "compressed_air": null, "fuel:biodiesel": null, "fuel:biogas": null, "fuel:octane_91": null, "fuel:octane_95": null, "fuel:octane_98": null, "name:ur": null, "official_name:ur": null, "operator:type": null, "check_date": "2025-10-24", "name:en": null, "atm": null, "short_name": null, "self_service": null, "fuel:gasoline": null, "name:mr": null, "fuel:petrol": null, "alt_name": null, "fuel:HGV_diesel": null, "fuel:electricity": null, "building": null, "layer": null, "payment:cards": null, "payment:cash": null, "payment:upi": null, "landuse": null, "fuel:cng_gas": null, "payment:credit_cards": null, "payment:debit_cards": null, "fuel:air": null, "fuel:e10": null, "ref": null, "addr:housenumber": null, "addr:country": null, "addr:state": null, "area": null, "fuel:nitrogen": null, "ref:iocl": null }, "geometry": { "type": "Point", "coordinates": [ 72.8782543, 19.1083512 ] } },
{ "type": "Feature", "properties": { "element": "node", "id": 4409168289, "amenity": "fuel", "name": "Indian Oil", "operator": null, "brand": "Indian Oil", "brand:wikidata": "Q1289348", "source": null, "ele": null, "addr:city": null, "addr:postcode": null, "addr:street": null, "opening_hours": null, "brand:wikipedia": null, "official_name": null, "fuel:cng": null, "fuel:diesel": null, "brand:ur": null, "compressed_air": null, "fuel:biodiesel": null, "fuel:biogas": null, "fuel:octane_91": null, "fuel:octane_95": null, "fuel:octane_98": null, "name:ur": null, "official_name:ur": null, "operator:type": null, "check_date": null, "name:en": "Indian Oil", "atm": null, "short_name": null, "self_service": null, "fuel:gasoline": null, "name:mr": null, "fuel:petrol": null, "alt_name": null, "fuel:HGV_diesel": null, "fuel:electricity": null, "building": null, "layer": null, "payment:cards": null, "payment:cash": null, "payment:upi": null, "landuse": null, "fuel:cng_gas": null, "payment:credit_cards": null, "payment:debit_cards": null, "fuel:air": null, "fuel:e10": null, "ref": null, "addr:housenumber": null, "addr:country": null, "addr:state": null, "area": null, "fuel:nitrogen": null, "ref:iocl": null }, "geometry": { "type": "Point", "coordinates": [ 72.9150736, 19.1242542 ] } },
{ "type": "Feature", "properties": { "element": "node", "id": 4420812989, "amenity": "fuel", "name": null, "operator": null, "brand": "HP", "brand:wikidata": null, "source": null, "ele": null, "addr:city": "Mumbai", "addr:postcode": "400066", "addr:street": "Western Express Highway", "opening_hours": null, "brand:wikipedia": null, "official_name": null, "fuel:cng": null, "fuel:diesel": null, "brand:ur": null, "compressed_air": null, "fuel:biodiesel": null, "fuel:biogas": null, "fuel:octane_91": null, "fuel:octane_95": null, "fuel:octane_98": null, "name:ur": null, "official_name:ur": null, "operator:type": null, "check_date": null, "name:en": "HP PETROL PUMP", "atm": null, "short_name": null, "self_service": null, "fuel:gasoline": null, "name:mr": null, "fuel:petrol": null, "alt_name": null, "fuel:HGV_diesel": null, "fuel:electricity": null, "building": null, "layer": null, "payment:cards": null, "payment:cash": null, "payment:upi": null, "landuse": null, "fuel:cng_gas": null, "payment:credit_cards": null, "payment:debit_cards": null, "fuel:air": null, "fuel:e10": null, "ref": null, "addr:housenumber": null, "addr:country": null, "addr:state": null, "area": null, "fuel:nitrogen": null, "ref:iocl": null }, "geometry": { "type": "Point", "coordinates": [ 72.8650666, 19.2204466 ] } },
{ "type": "Feature", "properties": { "element": "node", "id": 4583646389, "amenity": "fuel", "name": null, "operator": "Mahanagar Gas Limited", "brand": null, "brand:wikidata": null, "source": null, "ele": null, "addr:city": null, "addr:postcode": "400022", "addr:street": "Sewri-Chembur Road", "opening_hours": "24/7", "brand:wikipedia": null, "official_name": null, "fuel:cng": null, "fuel:diesel": null, "brand:ur": null, "compressed_air": null, "fuel:biodiesel": null, "fuel:biogas": null, "fuel:octane_91": null, "fuel:octane_95": null, "fuel:octane_98": null, "name:ur": null, "official_name:ur": null, "operator:type": null, "check_date": null, "name:en": "Mahanagar Gas CNG Pump", "atm": null, "short_name": null, "self_service": null, "fuel:gasoline": null, "name:mr": null, "fuel:petrol": null, "alt_name": null, "fuel:HGV_diesel": null, "fuel:electricity": null, "building": null, "layer": null, "payment:cards": null, "payment:cash": null, "payment:upi": null, "landuse": null, "fuel:cng_gas": null, "payment:credit_cards": null, "payment:debit_cards": null, "fuel:air": null, "fuel:e10": null, "ref": null, "addr:housenumber": null, "addr:country": null, "addr:state": null, "area": null, "fuel:nitrogen": null, "ref:iocl": null }, "geometry": { "type": "Point", "coordinates": [ 72.8787127, 19.0467822 ] } },
{ "type": "Feature", "properties": { "element": "node", "id": 4621599194, "amenity": "fuel", "name": "HP", "operator": null, "brand": "Hindustan Petroleum", "brand:wikidata": "Q1619375", "source": null, "ele": null, "addr:city": null, "addr:postcode": null, "addr:street": null, "opening_hours": null, "brand:wikipedia": null, "official_name": "Hindustan Petroleum", "fuel:cng": null, "fuel:diesel": null, "brand:ur": null, "compressed_air": null, "fuel:biodiesel": null, "fuel:biogas": null, "fuel:octane_91": null, "fuel:octane_95": null, "fuel:octane_98": null, "name:ur": null, "official_name:ur": null, "operator:type": null, "check_date": null, "name:en": "HP Petrol Pump", "atm": null, "short_name": null, "self_service": null, "fuel:gasoline": null, "name:mr": null, "fuel:petrol": null, "alt_name": null, "fuel:HGV_diesel": null, "fuel:electricity": null, "building": null, "layer": null, "payment:cards": null, "payment:cash": null, "payment:upi": null, "landuse": null, "fuel:cng_gas": null, "payment:credit_cards": null, "payment:debit_cards": null, "fuel:air": null, "fuel:e10": null, "ref": null, "addr:housenumber": null, "addr:country": null, "addr:state": null, "area": null, "fuel:nitrogen": null, "ref:iocl": null }, "geometry": { "type": "Point", "coordinates": [ 72.8671784, 19.254598 ] } },
{ "type": "Feature", "properties": { "element": "node", "id": 4655092790, "amenity": "fuel", "name": null, "operator": null, "brand": null, "brand:wikidata": null, "source": null, "ele": null, "addr:city": null, "addr:postcode": null, "addr:street": null, "opening_hours": null, "brand:wikipedia": null, "official_name": null, "fuel:cng": null, "fuel:diesel": null, "brand:ur": null, "compressed_air": null, "fuel:biodiesel": null, "fuel:biogas": null, "fuel:octane_91": null, "fuel:octane_95": null, "fuel:octane_98": null, "name:ur": null, "official_name:ur": null, "operator:type": null, "check_date": null, "name:en": null, "atm": null, "short_name": null, "self_service": null, "fuel:gasoline": null, "name:mr": null, "fuel:petrol": null, "alt_name": null, "fuel:HGV_diesel": null, "fuel:electricity": null, "building": null, "layer": null, "payment:cards": null, "payment:cash": null, "payment:upi": null, "landuse": null, "fuel:cng_gas": null, "payment:credit_cards": null, "payment:debit_cards": null, "fuel:air": null, "fuel:e10": null, "ref": null, "addr:housenumber": null, "addr:country": null, "addr:state": null, "area": null, "fuel:nitrogen": null, "ref:iocl": null }, "geometry": { "type": "Point", "coordinates": [ 72.8088408, 18.9760562 ] } },
{ "type": "Feature", "properties": { "element": "node", "id": 4761368325, "amenity": "fuel", "name": "HP", "operator": null, "brand": "Hindustan Petroleum", "brand:wikidata": "Q1619375", "source": null, "ele": null, "addr:city": null, "addr:postcode": null, "addr:street": null, "opening_hours": null, "brand:wikipedia": null, "official_name": "Hindustan Petroleum", "fuel:cng": null, "fuel:diesel": null, "brand:ur": null, "compressed_air": null, "fuel:biodiesel": null, "fuel:biogas": null, "fuel:octane_91": null, "fuel:octane_95": null, "fuel:octane_98": null, "name:ur": null, "official_name:ur": null, "operator:type": null, "check_date": null, "name:en": "HP", "atm": null, "short_name": null, "self_service": null, "fuel:gasoline": null, "name:mr": null, "fuel:petrol": null, "alt_name": null, "fuel:HGV_diesel": null, "fuel:electricity": null, "building": null, "layer": null, "payment:cards": null, "payment:cash": null, "payment:upi": null, "landuse": null, "fuel:cng_gas": null, "payment:credit_cards": null, "payment:debit_cards": null, "fuel:air": null, "fuel:e10": null, "ref": null, "addr:housenumber": null, "addr:country": null, "addr:state": null, "area": null, "fuel:nitrogen": null, "ref:iocl": null }, "geometry": { "type": "Point", "coordinates": [ 72.9308196, 19.1396595 ] } },
{ "type": "Feature", "properties": { "element": "node", "id": 4844675131, "amenity": "fuel", "name": "Indian Oil", "operator": null, "brand": "Indian Oil", "brand:wikidata": "Q1289348", "source": null, "ele": null, "addr:city": null, "addr:postcode": null, "addr:street": null, "opening_hours": null, "brand:wikipedia": null, "official_name": null, "fuel:cng": null, "fuel:diesel": null, "brand:ur": null, "compressed_air": null, "fuel:biodiesel": null, "fuel:biogas": null, "fuel:octane_91": null, "fuel:octane_95": null, "fuel:octane_98": null, "name:ur": null, "official_name:ur": null, "operator:type": null, "check_date": null, "name:en": "Indian oil", "atm": null, "short_name": null, "self_service": null, "fuel:gasoline": null, "name:mr": null, "fuel:petrol": null, "alt_name": null, "fuel:HGV_diesel": null, "fuel:electricity": null, "building": null, "layer": null, "payment:cards": null, "payment:cash": null, "payment:upi": null, "landuse": null, "fuel:cng_gas": null, "payment:credit_cards": null, "payment:debit_cards": null, "fuel:air": null, "fuel:e10": null, "ref": null, "addr:housenumber": null, "addr:country": null, "addr:state": null, "area": null, "fuel:nitrogen": null, "ref:iocl": null }, "geometry": { "type": "Point", "coordinates": [ 72.8325809, 18.9558692 ] } },
{ "type": "Feature", "properties": { "element": "node", "id": 4844717526, "amenity": "fuel", "name": null, "operator": null, "brand": null, "brand:wikidata": null, "source": null, "ele": null, "addr:city": null, "addr:postcode": null, "addr:street": null, "opening_hours": null, "brand:wikipedia": null, "official_name": null, "fuel:cng": null, "fuel:diesel": null, "brand:ur": null, "compressed_air": null, "fuel:biodiesel": null, "fuel:biogas": null, "fuel:octane_91": null, "fuel:octane_95": null, "fuel:octane_98": null, "name:ur": null, "official_name:ur": null, "operator:type": null, "check_date": null, "name:en": "Bharat", "atm": null, "short_name": null, "self_service": null, "fuel:gasoline": null, "name:mr": null, "fuel:petrol": null, "alt_name": null, "fuel:HGV_diesel": null, "fuel:electricity": null, "building": null, "layer": null, "payment:cards": null, "payment:cash": null, "payment:upi": null, "landuse": null, "fuel:cng_gas": null, "payment:credit_cards": null, "payment:debit_cards": null, "fuel:air": null, "fuel:e10": null, "ref": null, "addr:housenumber": null, "addr:country": null, "addr:state": null, "area": null, "fuel:nitrogen": null, "ref:iocl": null }, "geometry": { "type": "Point", "coordinates": [ 72.8253068, 18.9581496 ] } },
{ "type": "Feature", "properties": { "element": "node", "id": 5448396122, "amenity": "fuel", "name": "HP", "operator": null, "brand": "Hindustan Petroleum", "brand:wikidata": "Q1619375", "source": null, "ele": null, "addr:city": null, "addr:postcode": null, "addr:street": null, "opening_hours": null, "brand:wikipedia": null, "official_name": "Hindustan Petroleum", "fuel:cng": null, "fuel:diesel": null, "brand:ur": null, "compressed_air": null, "fuel:biodiesel": null, "fuel:biogas": null, "fuel:octane_91": null, "fuel:octane_95": null, "fuel:octane_98": null, "name:ur": null, "official_name:ur": null, "operator:type": null, "check_date": null, "name:en": "HP", "atm": null, "short_name": null, "self_service": null, "fuel:gasoline": null, "name:mr": null, "fuel:petrol": null, "alt_name": null, "fuel:HGV_diesel": null, "fuel:electricity": null, "building": null, "layer": null, "payment:cards": null, "payment:cash": null, "payment:upi": null, "landuse": null, "fuel:cng_gas": null, "payment:credit_cards": null, "payment:debit_cards": null, "fuel:air": null, "fuel:e10": null, "ref": null, "addr:housenumber": null, "addr:country": null, "addr:state": null, "area": null, "fuel:nitrogen": null, "ref:iocl": null }, "geometry": { "type": "Point", "coordinates": [ 72.8372765, 18.9979515 ] } },
{ "type": "Feature", "properties": { "element": "node", "id": 5471970021, "amenity": "fuel", "name": "Bharat Petroleum Fuel Station", "operator": null, "brand": null, "brand:wikidata": null, "source": null, "ele": null, "addr:city": null, "addr:postcode": null, "addr:street": null, "opening_hours": null, "brand:wikipedia": null, "official_name": null, "fuel:cng": null, "fuel:diesel": null, "brand:ur": null, "compressed_air": "yes", "fuel:biodiesel": null, "fuel:biogas": null, "fuel:octane_91": null, "fuel:octane_95": null, "fuel:octane_98": null, "name:ur": null, "official_name:ur": null, "operator:type": null, "check_date": null, "name:en": null, "atm": null, "short_name": null, "self_service": null, "fuel:gasoline": null, "name:mr": null, "fuel:petrol": null, "alt_name": null, "fuel:HGV_diesel": null, "fuel:electricity": null, "building": null, "layer": null, "payment:cards": null, "payment:cash": null, "payment:upi": null, "landuse": null, "fuel:cng_gas": null, "payment:credit_cards": null, "payment:debit_cards": null, "fuel:air": null, "fuel:e10": null, "ref": null, "addr:housenumber": null, "addr:country": null, "addr:state": null, "area": null, "fuel:nitrogen": null, "ref:iocl": null }, "geometry": { "type": "Point", "coordinates": [ 72.9148826, 19.095791 ] } },
{ "type": "Feature", "properties": { "element": "node", "id": 5471970523, "amenity": "fuel", "name": null, "operator": null, "brand": null, "brand:wikidata": null, "source": null, "ele": null, "addr:city": null, "addr:postcode": null, "addr:street": null, "opening_hours": null, "brand:wikipedia": null, "official_name": null, "fuel:cng": null, "fuel:diesel": null, "brand:ur": null, "compressed_air": null, "fuel:biodiesel": null, "fuel:biogas": null, "fuel:octane_91": null, "fuel:octane_95": null, "fuel:octane_98": null, "name:ur": null, "official_name:ur": null, "operator:type": null, "check_date": null, "name:en": null, "atm": null, "short_name": null, "self_service": null, "fuel:gasoline": null, "name:mr": null, "fuel:petrol": null, "alt_name": null, "fuel:HGV_diesel": null, "fuel:electricity": null, "building": null, "layer": null, "payment:cards": null, "payment:cash": null, "payment:upi": null, "landuse": null, "fuel:cng_gas": null, "payment:credit_cards": null, "payment:debit_cards": null, "fuel:air": null, "fuel:e10": null, "ref": null, "addr:housenumber": null, "addr:country": null, "addr:state": null, "area": null, "fuel:nitrogen": null, "ref:iocl": null }, "geometry": { "type": "Point", "coordinates": [ 72.9021502, 19.0872615 ] } },
{ "type": "Feature", "properties": { "element": "node", "id": 5506320960, "amenity": "fuel", "name": "HP Petrol & Diesel Pump", "operator": null, "brand": "Hindustan Petroleum", "brand:wikidata": "Q1619375", "source": null, "ele": null, "addr:city": null, "addr:postcode": null, "addr:street": null, "opening_hours": null, "brand:wikipedia": null, "official_name": "Hindustan Petroleum", "fuel:cng": null, "fuel:diesel": null, "brand:ur": null, "compressed_air": null, "fuel:biodiesel": null, "fuel:biogas": null, "fuel:octane_91": null, "fuel:octane_95": null, "fuel:octane_98": null, "name:ur": null, "official_name:ur": null, "operator:type": null, "check_date": null, "name:en": null, "atm": "ICICI", "short_name": null, "self_service": null, "fuel:gasoline": null, "name:mr": null, "fuel:petrol": null, "alt_name": null, "fuel:HGV_diesel": null, "fuel:electricity": null, "building": null, "layer": null, "payment:cards": null, "payment:cash": null, "payment:upi": null, "landuse": null, "fuel:cng_gas": null, "payment:credit_cards": null, "payment:debit_cards": null, "fuel:air": null, "fuel:e10": null, "ref": null, "addr:housenumber": null, "addr:country": null, "addr:state": null, "area": null, "fuel:nitrogen": null, "ref:iocl": null }, "geometry": { "type": "Point", "coordinates": [ 72.8607694, 19.0646847 ] } },
{ "type": "Feature", "properties": { "element": "node", "id": 6038198485, "amenity": "fuel", "name": "Bharat Petroleum", "operator": null, "brand": "Bharat Petroleum", "brand:wikidata": "Q854826", "source": null, "ele": null, "addr:city": null, "addr:postcode": null, "addr:street": null, "opening_hours": null, "brand:wikipedia": null, "official_name": null, "fuel:cng": null, "fuel:diesel": null, "brand:ur": null, "compressed_air": null, "fuel:biodiesel": null, "fuel:biogas": null, "fuel:octane_91": null, "fuel:octane_95": null, "fuel:octane_98": null, "name:ur": null, "official_name:ur": null, "operator:type": null, "check_date": null, "name:en": "BP", "atm": null, "short_name": null, "self_service": null, "fuel:gasoline": null, "name:mr": null, "fuel:petrol": null, "alt_name": null, "fuel:HGV_diesel": null, "fuel:electricity": null, "building": null, "layer": null, "payment:cards": null, "payment:cash": null, "payment:upi": null, "landuse": null, "fuel:cng_gas": null, "payment:credit_cards": null, "payment:debit_cards": null, "fuel:air": null, "fuel:e10": null, "ref": null, "addr:housenumber": null, "addr:country": null, "addr:state": null, "area": null, "fuel:nitrogen": null, "ref:iocl": null }, "geometry": { "type": "Point", "coordinates": [ 72.9378805, 19.1555202 ] } },
{ "type": "Feature", "properties": { "element": "node", "id": 9120487882, "amenity": "fuel", "name": "SK CNG Gas Station", "operator": null, "brand": "Mahanagar Gas", "brand:wikidata": null, "source": null, "ele": null, "addr:city": null, "addr:postcode": null, "addr:street": null, "opening_hours": null, "brand:wikipedia": null, "official_name": null, "fuel:cng": "yes", "fuel:diesel": null, "brand:ur": null, "compressed_air": null, "fuel:biodiesel": null, "fuel:biogas": null, "fuel:octane_91": null, "fuel:octane_95": null, "fuel:octane_98": null, "name:ur": null, "official_name:ur": null, "operator:type": null, "check_date": null, "name:en": null, "atm": null, "short_name": null, "self_service": null, "fuel:gasoline": null, "name:mr": null, "fuel:petrol": null, "alt_name": null, "fuel:HGV_diesel": null, "fuel:electricity": null, "building": null, "layer": null, "payment:cards": null, "payment:cash": null, "payment:upi": null, "landuse": null, "fuel:cng_gas": null, "payment:credit_cards": null, "payment:debit_cards": null, "fuel:air": null, "fuel:e10": null, "ref": null, "addr:housenumber": null, "addr:country": null, "addr:state": null, "area": null, "fuel:nitrogen": null, "ref:iocl": null }, "geometry": { "type": "Point", "coordinates": [ 72.839974, 19.1490275 ] } },
{ "type": "Feature", "properties": { "element": "node", "id": 9887635359, "amenity": "fuel", "name": "Chheda BP Petrol Pump", "operator": null, "brand": "Bharat Petroleum", "brand:wikidata": "Q854826", "source": null, "ele": null, "addr:city": null, "addr:postcode": null, "addr:street": null, "opening_hours": null, "brand:wikipedia": null, "official_name": null, "fuel:cng": null, "fuel:diesel": null, "brand:ur": null, "compressed_air": null, "fuel:biodiesel": null, "fuel:biogas": null, "fuel:octane_91": null, "fuel:octane_95": null, "fuel:octane_98": null, "name:ur": null, "official_name:ur": null, "operator:type": null, "check_date": null, "name:en": null, "atm": null, "short_name": null, "self_service": null, "fuel:gasoline": null, "name:mr": null, "fuel:petrol": null, "alt_name": null, "fuel:HGV_diesel": null, "fuel:electricity": null, "building": null, "layer": null, "payment:cards": null, "payment:cash": null, "payment:upi": null, "landuse": null, "fuel:cng_gas": null, "payment:credit_cards": null, "payment:debit_cards": null, "fuel:air": null, "fuel:e10": null, "ref": null, "addr:housenumber": null, "addr:country": null, "addr:state": null, "area": null, "fuel:nitrogen": null, "ref:iocl": null }, "geometry": { "type": "Point", "coordinates": [ 72.943652, 19.1777015 ] } },
{ "type": "Feature", "properties": { "element": "node", "id": 10074934331, "amenity": "fuel", "name": "Indian Oil", "operator": null, "brand": null, "brand:wikidata": null, "source": null, "ele": null, "addr:city": null, "addr:postcode": null, "addr:street": null, "opening_hours": null, "brand:wikipedia": null, "official_name": null, "fuel:cng": null, "fuel:diesel": null, "brand:ur": null, "compressed_air": null, "fuel:biodiesel": null, "fuel:biogas": null, "fuel:octane_91": null, "fuel:octane_95": null, "fuel:octane_98": null, "name:ur": null, "official_name:ur": null, "operator:type": null, "check_date": null, "name:en": null, "atm": null, "short_name": null, "self_service": null, "fuel:gasoline": null, "name:mr": null, "fuel:petrol": null, "alt_name": null, "fuel:HGV_diesel": null, "fuel:electricity": null, "building": null, "layer": null, "payment:cards": null, "payment:cash": null, "payment:upi": null, "landuse": null, "fuel:cng_gas": null, "payment:credit_cards": null, "payment:debit_cards": null, "fuel:air": null, "fuel:e10": null, "ref": null, "addr:housenumber": null, "addr:country": null, "addr:state": null, "area": null, "fuel:nitrogen": null, "ref:iocl": null }, "geometry": { "type": "Point", "coordinates": [ 72.7840434, 19.1589301 ] } },
{ "type": "Feature", "properties": { "element": "node", "id": 10268111723, "amenity": "fuel", "name": "Bharat Petroleum", "operator": null, "brand": "Bharat Petroleum", "brand:wikidata": "Q854826", "source": null, "ele": null, "addr:city": null, "addr:postcode": null, "addr:street": null, "opening_hours": null, "brand:wikipedia": null, "official_name": null, "fuel:cng": null, "fuel:diesel": null, "brand:ur": null, "compressed_air": null, "fuel:biodiesel": null, "fuel:biogas": null, "fuel:octane_91": null, "fuel:octane_95": null, "fuel:octane_98": null, "name:ur": null, "official_name:ur": null, "operator:type": null, "check_date": null, "name:en": null, "atm": null, "short_name": null, "self_service": null, "fuel:gasoline": null, "name:mr": null, "fuel:petrol": null, "alt_name": null, "fuel:HGV_diesel": null, "fuel:electricity": null, "building": null, "layer": null, "payment:cards": null, "payment:cash": null, "payment:upi": null, "landuse": null, "fuel:cng_gas": null, "payment:credit_cards": null, "payment:debit_cards": null, "fuel:air": null, "fuel:e10": null, "ref": null, "addr:housenumber": null, "addr:country": null, "addr:state": null, "area": null, "fuel:nitrogen": null, "ref:iocl": null }, "geometry": { "type": "Point", "coordinates": [ 72.9167758, 19.0799428 ] } },
{ "type": "Feature", "properties": { "element": "node", "id": 10767848891, "amenity": "fuel", "name": "Indian Oil", "operator": null, "brand": "Indian Oil", "brand:wikidata": "Q1289348", "source": null, "ele": null, "addr:city": null, "addr:postcode": null, "addr:street": null, "opening_hours": null, "brand:wikipedia": null, "official_name": null, "fuel:cng": null, "fuel:diesel": null, "brand:ur": null, "compressed_air": null, "fuel:biodiesel": null, "fuel:biogas": null, "fuel:octane_91": null, "fuel:octane_95": null, "fuel:octane_98": null, "name:ur": null, "official_name:ur": null, "operator:type": null, "check_date": null, "name:en": null, "atm": null, "short_name": null, "self_service": null, "fuel:gasoline": null, "name:mr": null, "fuel:petrol": null, "alt_name": null, "fuel:HGV_diesel": null, "fuel:electricity": null, "building": null, "layer": null, "payment:cards": null, "payment:cash": null, "payment:upi": null, "landuse": null, "fuel:cng_gas": null, "payment:credit_cards": null, "payment:debit_cards": null, "fuel:air": null, "fuel:e10": null, "ref": null, "addr:housenumber": null, "addr:country": null, "addr:state": null, "area": null, "fuel:nitrogen": null, "ref:iocl": null }, "geometry": { "type": "Point", "coordinates": [ 72.8863622, 19.1049951 ] } },
{ "type": "Feature", "properties": { "element": "node", "id": 11445747452, "amenity": "fuel", "name": "HP", "operator": null, "brand": "Hindustan Petroleum", "brand:wikidata": "Q1619375", "source": null, "ele": null, "addr:city": null, "addr:postcode": null, "addr:street": null, "opening_hours": null, "brand:wikipedia": null, "official_name": "Hindustan Petroleum", "fuel:cng": null, "fuel:diesel": null, "brand:ur": null, "compressed_air": null, "fuel:biodiesel": null, "fuel:biogas": null, "fuel:octane_91": null, "fuel:octane_95": null, "fuel:octane_98": null, "name:ur": null, "official_name:ur": null, "operator:type": null, "check_date": null, "name:en": null, "atm": null, "short_name": null, "self_service": null, "fuel:gasoline": null, "name:mr": null, "fuel:petrol": null, "alt_name": null, "fuel:HGV_diesel": null, "fuel:electricity": null, "building": null, "layer": null, "payment:cards": null, "payment:cash": null, "payment:upi": null, "landuse": null, "fuel:cng_gas": null, "payment:credit_cards": null, "payment:debit_cards": null, "fuel:air": null, "fuel:e10": null, "ref": null, "addr:housenumber": null, "addr:country": null, "addr:state": null, "area": null, "fuel:nitrogen": null, "ref:iocl": null }, "geometry": { "type": "Point", "coordinates": [ 72.8837812, 19.0961043 ] } },
{ "type": "Feature", "properties": { "element": "node", "id": 11445797934, "amenity": "fuel", "name": "HP", "operator": null, "brand": "Hindustan Petroleum", "brand:wikidata": "Q1619375", "source": null, "ele": null, "addr:city": null, "addr:postcode": null, "addr:street": null, "opening_hours": null, "brand:wikipedia": null, "official_name": "Hindustan Petroleum", "fuel:cng": null, "fuel:diesel": null, "brand:ur": null, "compressed_air": null, "fuel:biodiesel": null, "fuel:biogas": null, "fuel:octane_91": null, "fuel:octane_95": null, "fuel:octane_98": null, "name:ur": null, "official_name:ur": null, "operator:type": null, "check_date": null, "name:en": null, "atm": null, "short_name": null, "self_service": null, "fuel:gasoline": null, "name:mr": null, "fuel:petrol": null, "alt_name": null, "fuel:HGV_diesel": null, "fuel:electricity": null, "building": null, "layer": null, "payment:cards": null, "payment:cash": null, "payment:upi": null, "landuse": null, "fuel:cng_gas": null, "payment:credit_cards": null, "payment:debit_cards": null, "fuel:air": null, "fuel:e10": null, "ref": null, "addr:housenumber": null, "addr:country": null, "addr:state": null, "area": null, "fuel:nitrogen": null, "ref:iocl": null }, "geometry": { "type": "Point", "coordinates": [ 72.8863288, 19.1044002 ] } },
{ "type": "Feature", "properties": { "element": "node", "id": 11451538384, "amenity": "fuel", "name": "HP", "operator": null, "brand": null, "brand:wikidata": null, "source": null, "ele": null, "addr:city": null, "addr:postcode": null, "addr:street": null, "opening_hours": null, "brand:wikipedia": null, "official_name": null, "fuel:cng": null, "fuel:diesel": null, "brand:ur": null, "compressed_air": null, "fuel:biodiesel": null, "fuel:biogas": null, "fuel:octane_91": null, "fuel:octane_95": null, "fuel:octane_98": null, "name:ur": null, "official_name:ur": null, "operator:type": null, "check_date": null, "name:en": null, "atm": null, "short_name": null, "self_service": null, "fuel:gasoline": null, "name:mr": null, "fuel:petrol": null, "alt_name": null, "fuel:HGV_diesel": null, "fuel:electricity": null, "building": null, "layer": null, "payment:cards": null, "payment:cash": null, "payment:upi": null, "landuse": null, "fuel:cng_gas": null, "payment:credit_cards": null, "payment:debit_cards": null, "fuel:air": null, "fuel:e10": null, "ref": null, "addr:housenumber": null, "addr:country": null, "addr:state": null, "area": null, "fuel:nitrogen": null, "ref:iocl": null }, "geometry": { "type": "Point", "coordinates": [ 72.8838153, 19.0961553 ] } },
{ "type": "Feature", "properties": { "element": "node", "id": 11451545236, "amenity": "fuel", "name": "HP", "operator": null, "brand": "Hindustan Petroleum", "brand:wikidata": "Q1619375", "source": null, "ele": null, "addr:city": null, "addr:postcode": null, "addr:street": null, "opening_hours": null, "brand:wikipedia": null, "official_name": "Hindustan Petroleum", "fuel:cng": null, "fuel:diesel": null, "brand:ur": null, "compressed_air": null, "fuel:biodiesel": null, "fuel:biogas": null, "fuel:octane_91": null, "fuel:octane_95": null, "fuel:octane_98": null, "name:ur": null, "official_name:ur": null, "operator:type": null, "check_date": null, "name:en": null, "atm": null, "short_name": null, "self_service": null, "fuel:gasoline": null, "name:mr": null, "fuel:petrol": null, "alt_name": null, "fuel:HGV_diesel": null, "fuel:electricity": null, "building": null, "layer": null, "payment:cards": null, "payment:cash": null, "payment:upi": null, "landuse": null, "fuel:cng_gas": null, "payment:credit_cards": null, "payment:debit_cards": null, "fuel:air": null, "fuel:e10": null, "ref": null, "addr:housenumber": null, "addr:country": null, "addr:state": null, "area": null, "fuel:nitrogen": null, "ref:iocl": null }, "geometry": { "type": "Point", "coordinates": [ 72.8644537, 19.0436874 ] } },
{ "type": "Feature", "properties": { "element": "node", "id": 11452009156, "amenity": "fuel", "name": "HP", "operator": null, "brand": "Hindustan Petroleum", "brand:wikidata": "Q1619375", "source": null, "ele": null, "addr:city": null, "addr:postcode": null, "addr:street": null, "opening_hours": null, "brand:wikipedia": null, "official_name": "Hindustan Petroleum", "fuel:cng": null, "fuel:diesel": null, "brand:ur": null, "compressed_air": null, "fuel:biodiesel": null, "fuel:biogas": null, "fuel:octane_91": null, "fuel:octane_95": null, "fuel:octane_98": null, "name:ur": null, "official_name:ur": null, "operator:type": null, "check_date": null, "name:en": null, "atm": null, "short_name": null, "self_service": null, "fuel:gasoline": null, "name:mr": null, "fuel:petrol": null, "alt_name": null, "fuel:HGV_diesel": null, "fuel:electricity": null, "building": null, "layer": null, "payment:cards": null, "payment:cash": null, "payment:upi": null, "landuse": null, "fuel:cng_gas": null, "payment:credit_cards": null, "payment:debit_cards": null, "fuel:air": null, "fuel:e10": null, "ref": null, "addr:housenumber": null, "addr:country": null, "addr:state": null, "area": null, "fuel:nitrogen": null, "ref:iocl": null }, "geometry": { "type": "Point", "coordinates": [ 72.835995, 19.0261206 ] } },
{ "type": "Feature", "properties": { "element": "node", "id": 11456230010, "amenity": "fuel", "name": "Bharat Petroleum", "operator": null, "brand": "Bharat Petroleum", "brand:wikidata": "Q854826", "source": null, "ele": null, "addr:city": null, "addr:postcode": null, "addr:street": null, "opening_hours": null, "brand:wikipedia": null, "official_name": null, "fuel:cng": null, "fuel:diesel": null, "brand:ur": null, "compressed_air": null, "fuel:biodiesel": null, "fuel:biogas": null, "fuel:octane_91": null, "fuel:octane_95": null, "fuel:octane_98": null, "name:ur": null, "official_name:ur": null, "operator:type": null, "check_date": null, "name:en": null, "atm": null, "short_name": null, "self_service": null, "fuel:gasoline": null, "name:mr": null, "fuel:petrol": null, "alt_name": null, "fuel:HGV_diesel": null, "fuel:electricity": null, "building": null, "layer": null, "payment:cards": null, "payment:cash": null, "payment:upi": null, "landuse": null, "fuel:cng_gas": null, "payment:credit_cards": null, "payment:debit_cards": null, "fuel:air": null, "fuel:e10": null, "ref": null, "addr:housenumber": null, "addr:country": null, "addr:state": null, "area": null, "fuel:nitrogen": null, "ref:iocl": null }, "geometry": { "type": "Point", "coordinates": [ 72.8274982, 18.9378435 ] } },
{ "type": "Feature", "properties": { "element": "node", "id": 11456249853, "amenity": "fuel", "name": "HP", "operator": null, "brand": "Hindustan Petroleum", "brand:wikidata": "Q1619375", "source": null, "ele": null, "addr:city": null, "addr:postcode": null, "addr:street": null, "opening_hours": null, "brand:wikipedia": null, "official_name": "Hindustan Petroleum", "fuel:cng": null, "fuel:diesel": null, "brand:ur": null, "compressed_air": null, "fuel:biodiesel": null, "fuel:biogas": null, "fuel:octane_91": null, "fuel:octane_95": null, "fuel:octane_98": null, "name:ur": null, "official_name:ur": null, "operator:type": null, "check_date": "2026-03-20", "name:en": null, "atm": null, "short_name": "HP", "self_service": null, "fuel:gasoline": null, "name:mr": null, "fuel:petrol": null, "alt_name": null, "fuel:HGV_diesel": null, "fuel:electricity": null, "building": null, "layer": null, "payment:cards": null, "payment:cash": null, "payment:upi": null, "landuse": null, "fuel:cng_gas": null, "payment:credit_cards": null, "payment:debit_cards": null, "fuel:air": null, "fuel:e10": null, "ref": null, "addr:housenumber": null, "addr:country": null, "addr:state": null, "area": null, "fuel:nitrogen": null, "ref:iocl": null }, "geometry": { "type": "Point", "coordinates": [ 72.8239971, 18.9777892 ] } },
{ "type": "Feature", "properties": { "element": "node", "id": 11915100519, "amenity": "fuel", "name": "Indian Oil Petrol Pump", "operator": null, "brand": "Indian Oil", "brand:wikidata": "Q1289348", "source": null, "ele": null, "addr:city": null, "addr:postcode": "400063", "addr:street": null, "opening_hours": null, "brand:wikipedia": null, "official_name": null, "fuel:cng": null, "fuel:diesel": null, "brand:ur": null, "compressed_air": null, "fuel:biodiesel": null, "fuel:biogas": null, "fuel:octane_91": null, "fuel:octane_95": null, "fuel:octane_98": null, "name:ur": null, "official_name:ur": null, "operator:type": null, "check_date": null, "name:en": null, "atm": null, "short_name": null, "self_service": "no", "fuel:gasoline": null, "name:mr": null, "fuel:petrol": null, "alt_name": null, "fuel:HGV_diesel": null, "fuel:electricity": null, "building": null, "layer": null, "payment:cards": null, "payment:cash": null, "payment:upi": null, "landuse": null, "fuel:cng_gas": null, "payment:credit_cards": null, "payment:debit_cards": null, "fuel:air": null, "fuel:e10": null, "ref": null, "addr:housenumber": null, "addr:country": null, "addr:state": null, "area": null, "fuel:nitrogen": null, "ref:iocl": null }, "geometry": { "type": "Point", "coordinates": [ 72.8662359, 19.1754346 ] } },
{ "type": "Feature", "properties": { "element": "node", "id": 12070988878, "amenity": "fuel", "name": "Bharat Petroleum", "operator": null, "brand": "Bharat Petroleum", "brand:wikidata": "Q854826", "source": null, "ele": null, "addr:city": null, "addr:postcode": null, "addr:street": null, "opening_hours": null, "brand:wikipedia": null, "official_name": null, "fuel:cng": null, "fuel:diesel": null, "brand:ur": null, "compressed_air": null, "fuel:biodiesel": null, "fuel:biogas": null, "fuel:octane_91": null, "fuel:octane_95": null, "fuel:octane_98": null, "name:ur": null, "official_name:ur": null, "operator:type": null, "check_date": null, "name:en": null, "atm": null, "short_name": null, "self_service": null, "fuel:gasoline": null, "name:mr": null, "fuel:petrol": null, "alt_name": null, "fuel:HGV_diesel": null, "fuel:electricity": null, "building": null, "layer": null, "payment:cards": null, "payment:cash": null, "payment:upi": null, "landuse": null, "fuel:cng_gas": null, "payment:credit_cards": null, "payment:debit_cards": null, "fuel:air": null, "fuel:e10": null, "ref": null, "addr:housenumber": null, "addr:country": null, "addr:state": null, "area": null, "fuel:nitrogen": null, "ref:iocl": null }, "geometry": { "type": "Point", "coordinates": [ 72.8809709, 19.1079313 ] } },
{ "type": "Feature", "properties": { "element": "node", "id": 12085015054, "amenity": "fuel", "name": "HP", "operator": null, "brand": "Hindustan Petroleum", "brand:wikidata": "Q1619375", "source": null, "ele": null, "addr:city": null, "addr:postcode": null, "addr:street": null, "opening_hours": null, "brand:wikipedia": null, "official_name": "Hindustan Petroleum", "fuel:cng": null, "fuel:diesel": null, "brand:ur": null, "compressed_air": null, "fuel:biodiesel": null, "fuel:biogas": null, "fuel:octane_91": null, "fuel:octane_95": null, "fuel:octane_98": null, "name:ur": null, "official_name:ur": null, "operator:type": null, "check_date": null, "name:en": null, "atm": null, "short_name": null, "self_service": null, "fuel:gasoline": null, "name:mr": null, "fuel:petrol": null, "alt_name": null, "fuel:HGV_diesel": null, "fuel:electricity": null, "building": null, "layer": null, "payment:cards": null, "payment:cash": null, "payment:upi": null, "landuse": null, "fuel:cng_gas": null, "payment:credit_cards": null, "payment:debit_cards": null, "fuel:air": null, "fuel:e10": null, "ref": null, "addr:housenumber": null, "addr:country": null, "addr:state": null, "area": null, "fuel:nitrogen": null, "ref:iocl": null }, "geometry": { "type": "Point", "coordinates": [ 72.9379588, 19.1568041 ] } },
{ "type": "Feature", "properties": { "element": "node", "id": 12298890606, "amenity": "fuel", "name": "HP", "operator": null, "brand": "Hindustan Petroleum", "brand:wikidata": "Q1619375", "source": null, "ele": null, "addr:city": null, "addr:postcode": null, "addr:street": null, "opening_hours": null, "brand:wikipedia": null, "official_name": "Hindustan Petroleum", "fuel:cng": null, "fuel:diesel": null, "brand:ur": null, "compressed_air": null, "fuel:biodiesel": null, "fuel:biogas": null, "fuel:octane_91": null, "fuel:octane_95": null, "fuel:octane_98": null, "name:ur": null, "official_name:ur": null, "operator:type": null, "check_date": null, "name:en": null, "atm": null, "short_name": null, "self_service": null, "fuel:gasoline": null, "name:mr": null, "fuel:petrol": null, "alt_name": null, "fuel:HGV_diesel": null, "fuel:electricity": null, "building": null, "layer": null, "payment:cards": null, "payment:cash": null, "payment:upi": null, "landuse": null, "fuel:cng_gas": null, "payment:credit_cards": null, "payment:debit_cards": null, "fuel:air": null, "fuel:e10": null, "ref": null, "addr:housenumber": null, "addr:country": null, "addr:state": null, "area": null, "fuel:nitrogen": null, "ref:iocl": null }, "geometry": { "type": "Point", "coordinates": [ 72.8416795, 18.9526009 ] } },
{ "type": "Feature", "properties": { "element": "node", "id": 12298890614, "amenity": "fuel", "name": "Bharat Petroleum", "operator": null, "brand": "Bharat Petroleum", "brand:wikidata": "Q854826", "source": null, "ele": null, "addr:city": null, "addr:postcode": null, "addr:street": null, "opening_hours": null, "brand:wikipedia": null, "official_name": null, "fuel:cng": null, "fuel:diesel": null, "brand:ur": null, "compressed_air": null, "fuel:biodiesel": null, "fuel:biogas": null, "fuel:octane_91": null, "fuel:octane_95": null, "fuel:octane_98": null, "name:ur": null, "official_name:ur": null, "operator:type": null, "check_date": null, "name:en": null, "atm": null, "short_name": null, "self_service": null, "fuel:gasoline": null, "name:mr": null, "fuel:petrol": null, "alt_name": null, "fuel:HGV_diesel": null, "fuel:electricity": null, "building": null, "layer": null, "payment:cards": null, "payment:cash": null, "payment:upi": null, "landuse": null, "fuel:cng_gas": null, "payment:credit_cards": null, "payment:debit_cards": null, "fuel:air": null, "fuel:e10": null, "ref": null, "addr:housenumber": null, "addr:country": null, "addr:state": null, "area": null, "fuel:nitrogen": null, "ref:iocl": null }, "geometry": { "type": "Point", "coordinates": [ 72.8417477, 18.9529035 ] } },
{ "type": "Feature", "properties": { "element": "node", "id": 12299732770, "amenity": "fuel", "name": "Indian Oil", "operator": null, "brand": "Indian Oil", "brand:wikidata": "Q1289348", "source": null, "ele": null, "addr:city": null, "addr:postcode": null, "addr:street": null, "opening_hours": null, "brand:wikipedia": null, "official_name": null, "fuel:cng": null, "fuel:diesel": null, "brand:ur": null, "compressed_air": null, "fuel:biodiesel": null, "fuel:biogas": null, "fuel:octane_91": null, "fuel:octane_95": null, "fuel:octane_98": null, "name:ur": null, "official_name:ur": null, "operator:type": null, "check_date": null, "name:en": null, "atm": null, "short_name": null, "self_service": null, "fuel:gasoline": null, "name:mr": null, "fuel:petrol": null, "alt_name": null, "fuel:HGV_diesel": null, "fuel:electricity": null, "building": null, "layer": null, "payment:cards": null, "payment:cash": null, "payment:upi": null, "landuse": null, "fuel:cng_gas": null, "payment:credit_cards": null, "payment:debit_cards": null, "fuel:air": null, "fuel:e10": null, "ref": null, "addr:housenumber": null, "addr:country": null, "addr:state": null, "area": null, "fuel:nitrogen": null, "ref:iocl": null }, "geometry": { "type": "Point", "coordinates": [ 72.842872, 18.9573158 ] } },
{ "type": "Feature", "properties": { "element": "node", "id": 12367114152, "amenity": "fuel", "name": "Bharat Petroleum", "operator": null, "brand": "Bharat Petroleum", "brand:wikidata": "Q854826", "source": null, "ele": null, "addr:city": null, "addr:postcode": null, "addr:street": null, "opening_hours": null, "brand:wikipedia": null, "official_name": null, "fuel:cng": null, "fuel:diesel": null, "brand:ur": null, "compressed_air": null, "fuel:biodiesel": null, "fuel:biogas": null, "fuel:octane_91": null, "fuel:octane_95": null, "fuel:octane_98": null, "name:ur": null, "official_name:ur": null, "operator:type": null, "check_date": null, "name:en": null, "atm": null, "short_name": null, "self_service": null, "fuel:gasoline": null, "name:mr": null, "fuel:petrol": null, "alt_name": null, "fuel:HGV_diesel": null, "fuel:electricity": null, "building": null, "layer": null, "payment:cards": null, "payment:cash": null, "payment:upi": null, "landuse": null, "fuel:cng_gas": null, "payment:credit_cards": null, "payment:debit_cards": null, "fuel:air": null, "fuel:e10": null, "ref": null, "addr:housenumber": null, "addr:country": null, "addr:state": null, "area": null, "fuel:nitrogen": null, "ref:iocl": null }, "geometry": { "type": "Point", "coordinates": [ 72.893435, 19.0538237 ] } },
{ "type": "Feature", "properties": { "element": "node", "id": 12397216405, "amenity": "fuel", "name": null, "operator": null, "brand": null, "brand:wikidata": null, "source": null, "ele": null, "addr:city": null, "addr:postcode": null, "addr:street": null, "opening_hours": null, "brand:wikipedia": null, "official_name": null, "fuel:cng": null, "fuel:diesel": null, "brand:ur": null, "compressed_air": null, "fuel:biodiesel": null, "fuel:biogas": null, "fuel:octane_91": null, "fuel:octane_95": null, "fuel:octane_98": null, "name:ur": null, "official_name:ur": null, "operator:type": null, "check_date": null, "name:en": null, "atm": null, "short_name": null, "self_service": null, "fuel:gasoline": null, "name:mr": null, "fuel:petrol": null, "alt_name": null, "fuel:HGV_diesel": null, "fuel:electricity": null, "building": null, "layer": null, "payment:cards": null, "payment:cash": null, "payment:upi": null, "landuse": null, "fuel:cng_gas": null, "payment:credit_cards": null, "payment:debit_cards": null, "fuel:air": null, "fuel:e10": null, "ref": null, "addr:housenumber": null, "addr:country": null, "addr:state": null, "area": null, "fuel:nitrogen": null, "ref:iocl": null }, "geometry": { "type": "Point", "coordinates": [ 72.9250203, 19.1249191 ] } },
{ "type": "Feature", "properties": { "element": "node", "id": 12397216407, "amenity": "fuel", "name": "Shell", "operator": null, "brand": "Shell", "brand:wikidata": "Q110716465", "source": null, "ele": null, "addr:city": null, "addr:postcode": null, "addr:street": null, "opening_hours": null, "brand:wikipedia": null, "official_name": null, "fuel:cng": null, "fuel:diesel": null, "brand:ur": null, "compressed_air": null, "fuel:biodiesel": null, "fuel:biogas": null, "fuel:octane_91": null, "fuel:octane_95": null, "fuel:octane_98": null, "name:ur": null, "official_name:ur": null, "operator:type": null, "check_date": null, "name:en": null, "atm": null, "short_name": null, "self_service": null, "fuel:gasoline": null, "name:mr": null, "fuel:petrol": null, "alt_name": null, "fuel:HGV_diesel": null, "fuel:electricity": null, "building": null, "layer": null, "payment:cards": null, "payment:cash": null, "payment:upi": null, "landuse": null, "fuel:cng_gas": null, "payment:credit_cards": null, "payment:debit_cards": null, "fuel:air": null, "fuel:e10": null, "ref": null, "addr:housenumber": null, "addr:country": null, "addr:state": null, "area": null, "fuel:nitrogen": null, "ref:iocl": null }, "geometry": { "type": "Point", "coordinates": [ 72.9211956, 19.1265213 ] } },
{ "type": "Feature", "properties": { "element": "node", "id": 12871400501, "amenity": "fuel", "name": null, "operator": null, "brand": null, "brand:wikidata": null, "source": null, "ele": null, "addr:city": null, "addr:postcode": null, "addr:street": null, "opening_hours": null, "brand:wikipedia": null, "official_name": null, "fuel:cng": null, "fuel:diesel": null, "brand:ur": null, "compressed_air": null, "fuel:biodiesel": null, "fuel:biogas": null, "fuel:octane_91": null, "fuel:octane_95": null, "fuel:octane_98": null, "name:ur": null, "official_name:ur": null, "operator:type": null, "check_date": null, "name:en": null, "atm": null, "short_name": null, "self_service": null, "fuel:gasoline": null, "name:mr": null, "fuel:petrol": null, "alt_name": null, "fuel:HGV_diesel": null, "fuel:electricity": null, "building": null, "layer": null, "payment:cards": null, "payment:cash": null, "payment:upi": null, "landuse": null, "fuel:cng_gas": null, "payment:credit_cards": null, "payment:debit_cards": null, "fuel:air": null, "fuel:e10": null, "ref": null, "addr:housenumber": null, "addr:country": null, "addr:state": null, "area": null, "fuel:nitrogen": null, "ref:iocl": null }, "geometry": { "type": "Point", "coordinates": [ 72.8513414, 19.2179672 ] } },
{ "type": "Feature", "properties": { "element": "node", "id": 12871400502, "amenity": "fuel", "name": null, "operator": null, "brand": null, "brand:wikidata": null, "source": null, "ele": null, "addr:city": null, "addr:postcode": null, "addr:street": null, "opening_hours": null, "brand:wikipedia": null, "official_name": null, "fuel:cng": null, "fuel:diesel": null, "brand:ur": null, "compressed_air": null, "fuel:biodiesel": null, "fuel:biogas": null, "fuel:octane_91": null, "fuel:octane_95": null, "fuel:octane_98": null, "name:ur": null, "official_name:ur": null, "operator:type": null, "check_date": null, "name:en": null, "atm": null, "short_name": null, "self_service": null, "fuel:gasoline": null, "name:mr": null, "fuel:petrol": null, "alt_name": null, "fuel:HGV_diesel": null, "fuel:electricity": null, "building": null, "layer": null, "payment:cards": null, "payment:cash": null, "payment:upi": null, "landuse": null, "fuel:cng_gas": null, "payment:credit_cards": null, "payment:debit_cards": null, "fuel:air": null, "fuel:e10": null, "ref": null, "addr:housenumber": null, "addr:country": null, "addr:state": null, "area": null, "fuel:nitrogen": null, "ref:iocl": null }, "geometry": { "type": "Point", "coordinates": [ 72.8512052, 19.2158335 ] } },
{ "type": "Feature", "properties": { "element": "node", "id": 13039483934, "amenity": "fuel", "name": "Hindustan Petroleum Corporation Limited", "operator": null, "brand": "Hindustan Petroleum", "brand:wikidata": "Q1619375", "source": null, "ele": null, "addr:city": null, "addr:postcode": null, "addr:street": null, "opening_hours": "Mo-Su 08:00-17:00", "brand:wikipedia": null, "official_name": "Hindustan Petroleum", "fuel:cng": null, "fuel:diesel": "yes", "brand:ur": null, "compressed_air": "no", "fuel:biodiesel": null, "fuel:biogas": null, "fuel:octane_91": null, "fuel:octane_95": null, "fuel:octane_98": null, "name:ur": null, "official_name:ur": null, "operator:type": null, "check_date": null, "name:en": "Hindustan Petroleum Corporation Limited", "atm": null, "short_name": null, "self_service": "no", "fuel:gasoline": "yes", "name:mr": "एचपी इंधन स्टेशन", "fuel:petrol": null, "alt_name": null, "fuel:HGV_diesel": null, "fuel:electricity": null, "building": null, "layer": null, "payment:cards": null, "payment:cash": null, "payment:upi": null, "landuse": null, "fuel:cng_gas": null, "payment:credit_cards": null, "payment:debit_cards": null, "fuel:air": null, "fuel:e10": null, "ref": null, "addr:housenumber": null, "addr:country": null, "addr:state": null, "area": null, "fuel:nitrogen": null, "ref:iocl": null }, "geometry": { "type": "Point", "coordinates": [ 72.8154022, 19.001647 ] } },
{ "type": "Feature", "properties": { "element": "node", "id": 13394762929, "amenity": "fuel", "name": "Bharat petroleum", "operator": null, "brand": "Petrolimex", "brand:wikidata": "Q10831598", "source": null, "ele": null, "addr:city": null, "addr:postcode": null, "addr:street": null, "opening_hours": null, "brand:wikipedia": null, "official_name": null, "fuel:cng": null, "fuel:diesel": null, "brand:ur": null, "compressed_air": null, "fuel:biodiesel": null, "fuel:biogas": null, "fuel:octane_91": null, "fuel:octane_95": null, "fuel:octane_98": null, "name:ur": null, "official_name:ur": null, "operator:type": null, "check_date": null, "name:en": null, "atm": null, "short_name": null, "self_service": null, "fuel:gasoline": null, "name:mr": null, "fuel:petrol": null, "alt_name": null, "fuel:HGV_diesel": null, "fuel:electricity": null, "building": null, "layer": null, "payment:cards": null, "payment:cash": null, "payment:upi": null, "landuse": null, "fuel:cng_gas": null, "payment:credit_cards": null, "payment:debit_cards": null, "fuel:air": null, "fuel:e10": null, "ref": null, "addr:housenumber": null, "addr:country": null, "addr:state": null, "area": null, "fuel:nitrogen": null, "ref:iocl": null }, "geometry": { "type": "Point", "coordinates": [ 72.8452828, 18.9695448 ] } },
{ "type": "Feature", "properties": { "element": "node", "id": 13471766120, "amenity": "fuel", "name": "HP", "operator": null, "brand": "Hindustan Petroleum", "brand:wikidata": "Q1619375", "source": null, "ele": null, "addr:city": null, "addr:postcode": null, "addr:street": null, "opening_hours": null, "brand:wikipedia": null, "official_name": "Hindustan Petroleum", "fuel:cng": null, "fuel:diesel": null, "brand:ur": null, "compressed_air": null, "fuel:biodiesel": null, "fuel:biogas": null, "fuel:octane_91": null, "fuel:octane_95": null, "fuel:octane_98": null, "name:ur": null, "official_name:ur": null, "operator:type": null, "check_date": null, "name:en": null, "atm": null, "short_name": null, "self_service": null, "fuel:gasoline": null, "name:mr": null, "fuel:petrol": null, "alt_name": null, "fuel:HGV_diesel": null, "fuel:electricity": null, "building": null, "layer": null, "payment:cards": null, "payment:cash": null, "payment:upi": null, "landuse": null, "fuel:cng_gas": null, "payment:credit_cards": null, "payment:debit_cards": null, "fuel:air": null, "fuel:e10": null, "ref": null, "addr:housenumber": null, "addr:country": null, "addr:state": null, "area": null, "fuel:nitrogen": null, "ref:iocl": null }, "geometry": { "type": "Point", "coordinates": [ 72.8255484, 18.9287066 ] } },
{ "type": "Feature", "properties": { "element": "way", "id": 39838814, "amenity": "fuel", "name": null, "operator": "Bharat Fuel", "brand": null, "brand:wikidata": null, "source": null, "ele": null, "addr:city": null, "addr:postcode": null, "addr:street": null, "opening_hours": null, "brand:wikipedia": null, "official_name": null, "fuel:cng": null, "fuel:diesel": null, "brand:ur": null, "compressed_air": null, "fuel:biodiesel": null, "fuel:biogas": null, "fuel:octane_91": null, "fuel:octane_95": null, "fuel:octane_98": null, "name:ur": null, "official_name:ur": null, "operator:type": null, "check_date": null, "name:en": null, "atm": null, "short_name": null, "self_service": null, "fuel:gasoline": null, "name:mr": null, "fuel:petrol": null, "alt_name": null, "fuel:HGV_diesel": null, "fuel:electricity": null, "building": null, "layer": null, "payment:cards": null, "payment:cash": null, "payment:upi": null, "landuse": null, "fuel:cng_gas": null, "payment:credit_cards": null, "payment:debit_cards": null, "fuel:air": null, "fuel:e10": null, "ref": null, "addr:housenumber": null, "addr:country": null, "addr:state": null, "area": null, "fuel:nitrogen": null, "ref:iocl": null }, "geometry": { "type": "Polygon", "coordinates": [ [ [ 72.8106429, 18.9586623 ], [ 72.8107891, 18.9585669 ], [ 72.8106965, 18.9584249 ], [ 72.8105503, 18.9585203 ], [ 72.8106429, 18.9586623 ] ] ] } },
{ "type": "Feature", "properties": { "element": "way", "id": 40734170, "amenity": "fuel", "name": null, "operator": null, "brand": "Mahanagar Gas", "brand:wikidata": null, "source": null, "ele": null, "addr:city": null, "addr:postcode": null, "addr:street": null, "opening_hours": null, "brand:wikipedia": null, "official_name": null, "fuel:cng": "yes", "fuel:diesel": null, "brand:ur": null, "compressed_air": null, "fuel:biodiesel": null, "fuel:biogas": null, "fuel:octane_91": null, "fuel:octane_95": null, "fuel:octane_98": null, "name:ur": null, "official_name:ur": null, "operator:type": null, "check_date": null, "name:en": null, "atm": null, "short_name": null, "self_service": null, "fuel:gasoline": null, "name:mr": null, "fuel:petrol": null, "alt_name": null, "fuel:HGV_diesel": null, "fuel:electricity": null, "building": null, "layer": null, "payment:cards": null, "payment:cash": null, "payment:upi": null, "landuse": null, "fuel:cng_gas": null, "payment:credit_cards": null, "payment:debit_cards": null, "fuel:air": null, "fuel:e10": null, "ref": null, "addr:housenumber": null, "addr:country": null, "addr:state": null, "area": null, "fuel:nitrogen": null, "ref:iocl": null }, "geometry": { "type": "Polygon", "coordinates": [ [ [ 72.8306657, 18.9852501 ], [ 72.8308377, 18.9854324 ], [ 72.831044, 18.9852583 ], [ 72.830872, 18.985076 ], [ 72.8306657, 18.9852501 ] ] ] } },
{ "type": "Feature", "properties": { "element": "way", "id": 48754742, "amenity": "fuel", "name": "HP", "operator": "HP", "brand": "Hindustan Petroleum", "brand:wikidata": "Q1619375", "source": null, "ele": null, "addr:city": null, "addr:postcode": null, "addr:street": null, "opening_hours": null, "brand:wikipedia": null, "official_name": "Hindustan Petroleum", "fuel:cng": null, "fuel:diesel": null, "brand:ur": null, "compressed_air": null, "fuel:biodiesel": null, "fuel:biogas": null, "fuel:octane_91": null, "fuel:octane_95": null, "fuel:octane_98": null, "name:ur": null, "official_name:ur": null, "operator:type": null, "check_date": null, "name:en": null, "atm": null, "short_name": null, "self_service": null, "fuel:gasoline": null, "name:mr": null, "fuel:petrol": null, "alt_name": null, "fuel:HGV_diesel": null, "fuel:electricity": null, "building": null, "layer": null, "payment:cards": null, "payment:cash": null, "payment:upi": null, "landuse": null, "fuel:cng_gas": null, "payment:credit_cards": null, "payment:debit_cards": null, "fuel:air": null, "fuel:e10": null, "ref": null, "addr:housenumber": null, "addr:country": null, "addr:state": null, "area": null, "fuel:nitrogen": null, "ref:iocl": null }, "geometry": { "type": "Polygon", "coordinates": [ [ [ 72.8139196, 18.9738922 ], [ 72.8137908, 18.974019 ], [ 72.8139142, 18.9741306 ], [ 72.8140403, 18.9739911 ], [ 72.8139196, 18.9738922 ] ] ] } },
{ "type": "Feature", "properties": { "element": "way", "id": 72546365, "amenity": "fuel", "name": "HP", "operator": "HP", "brand": "Hindustan Petroleum", "brand:wikidata": "Q1619375", "source": null, "ele": null, "addr:city": null, "addr:postcode": null, "addr:street": null, "opening_hours": null, "brand:wikipedia": null, "official_name": "Hindustan Petroleum", "fuel:cng": null, "fuel:diesel": null, "brand:ur": null, "compressed_air": null, "fuel:biodiesel": null, "fuel:biogas": null, "fuel:octane_91": null, "fuel:octane_95": null, "fuel:octane_98": null, "name:ur": null, "official_name:ur": null, "operator:type": null, "check_date": null, "name:en": null, "atm": null, "short_name": null, "self_service": null, "fuel:gasoline": null, "name:mr": null, "fuel:petrol": null, "alt_name": null, "fuel:HGV_diesel": null, "fuel:electricity": null, "building": null, "layer": null, "payment:cards": null, "payment:cash": null, "payment:upi": null, "landuse": null, "fuel:cng_gas": null, "payment:credit_cards": null, "payment:debit_cards": null, "fuel:air": null, "fuel:e10": null, "ref": null, "addr:housenumber": null, "addr:country": null, "addr:state": null, "area": null, "fuel:nitrogen": null, "ref:iocl": null }, "geometry": { "type": "Polygon", "coordinates": [ [ [ 72.8376314, 18.9584419 ], [ 72.8378058, 18.9584445 ], [ 72.8378004, 18.9585865 ], [ 72.8376341, 18.958584 ], [ 72.8376314, 18.9584419 ] ] ] } },
{ "type": "Feature", "properties": { "element": "way", "id": 72547767, "amenity": "fuel", "name": "HP Petrol Station", "operator": "HP", "brand": "Hindustan Petroleum", "brand:wikidata": "Q1619375", "source": null, "ele": null, "addr:city": null, "addr:postcode": null, "addr:street": null, "opening_hours": null, "brand:wikipedia": null, "official_name": "Hindustan Petroleum", "fuel:cng": "yes", "fuel:diesel": "yes", "brand:ur": null, "compressed_air": null, "fuel:biodiesel": null, "fuel:biogas": null, "fuel:octane_91": null, "fuel:octane_95": null, "fuel:octane_98": null, "name:ur": null, "official_name:ur": null, "operator:type": null, "check_date": null, "name:en": null, "atm": null, "short_name": null, "self_service": "no", "fuel:gasoline": null, "name:mr": null, "fuel:petrol": "yes", "alt_name": null, "fuel:HGV_diesel": null, "fuel:electricity": null, "building": null, "layer": null, "payment:cards": null, "payment:cash": null, "payment:upi": null, "landuse": null, "fuel:cng_gas": null, "payment:credit_cards": null, "payment:debit_cards": null, "fuel:air": null, "fuel:e10": null, "ref": null, "addr:housenumber": null, "addr:country": null, "addr:state": null, "area": null, "fuel:nitrogen": null, "ref:iocl": null }, "geometry": { "type": "Polygon", "coordinates": [ [ [ 72.8320697, 18.9609448 ], [ 72.8322494, 18.9609017 ], [ 72.8322119, 18.9607622 ], [ 72.8320322, 18.9608028 ], [ 72.8320697, 18.9609448 ] ] ] } },
{ "type": "Feature", "properties": { "element": "way", "id": 193632131, "amenity": "fuel", "name": "Lotus Petrol Pump", "operator": null, "brand": null, "brand:wikidata": null, "source": null, "ele": null, "addr:city": null, "addr:postcode": null, "addr:street": null, "opening_hours": "24/7", "brand:wikipedia": null, "official_name": null, "fuel:cng": "yes", "fuel:diesel": "yes", "brand:ur": null, "compressed_air": "yes", "fuel:biodiesel": "no", "fuel:biogas": "no", "fuel:octane_91": null, "fuel:octane_95": null, "fuel:octane_98": null, "name:ur": null, "official_name:ur": null, "operator:type": null, "check_date": null, "name:en": null, "atm": null, "short_name": null, "self_service": null, "fuel:gasoline": null, "name:mr": null, "fuel:petrol": null, "alt_name": "Mastakar Auto Service Station", "fuel:HGV_diesel": "yes", "fuel:electricity": "no", "building": null, "layer": null, "payment:cards": null, "payment:cash": null, "payment:upi": null, "landuse": null, "fuel:cng_gas": null, "payment:credit_cards": null, "payment:debit_cards": null, "fuel:air": null, "fuel:e10": null, "ref": null, "addr:housenumber": null, "addr:country": null, "addr:state": null, "area": null, "fuel:nitrogen": null, "ref:iocl": null }, "geometry": { "type": "Polygon", "coordinates": [ [ [ 72.8315612, 19.1428146 ], [ 72.8315795, 19.142522 ], [ 72.8319798, 19.1425445 ], [ 72.8319615, 19.142837 ], [ 72.8315612, 19.1428146 ] ] ] } },
{ "type": "Feature", "properties": { "element": "way", "id": 193632143, "amenity": "fuel", "name": null, "operator": null, "brand": null, "brand:wikidata": null, "source": null, "ele": null, "addr:city": null, "addr:postcode": null, "addr:street": null, "opening_hours": null, "brand:wikipedia": null, "official_name": null, "fuel:cng": "yes", "fuel:diesel": "yes", "brand:ur": null, "compressed_air": null, "fuel:biodiesel": "no", "fuel:biogas": "no", "fuel:octane_91": null, "fuel:octane_95": null, "fuel:octane_98": null, "name:ur": null, "official_name:ur": null, "operator:type": null, "check_date": null, "name:en": null, "atm": null, "short_name": null, "self_service": null, "fuel:gasoline": null, "name:mr": null, "fuel:petrol": null, "alt_name": null, "fuel:HGV_diesel": "yes", "fuel:electricity": "no", "building": null, "layer": null, "payment:cards": null, "payment:cash": null, "payment:upi": null, "landuse": null, "fuel:cng_gas": null, "payment:credit_cards": null, "payment:debit_cards": null, "fuel:air": null, "fuel:e10": null, "ref": null, "addr:housenumber": null, "addr:country": null, "addr:state": null, "area": null, "fuel:nitrogen": null, "ref:iocl": null }, "geometry": { "type": "Polygon", "coordinates": [ [ [ 72.8311039, 19.1428732 ], [ 72.8312865, 19.1428683 ], [ 72.8312886, 19.1426254 ], [ 72.8310866, 19.1426225 ], [ 72.8311039, 19.1428732 ] ] ] } },
{ "type": "Feature", "properties": { "element": "way", "id": 196092406, "amenity": "fuel", "name": null, "operator": null, "brand": null, "brand:wikidata": null, "source": null, "ele": null, "addr:city": null, "addr:postcode": null, "addr:street": null, "opening_hours": null, "brand:wikipedia": null, "official_name": null, "fuel:cng": null, "fuel:diesel": "yes", "brand:ur": null, "compressed_air": "yes", "fuel:biodiesel": null, "fuel:biogas": null, "fuel:octane_91": "yes", "fuel:octane_95": null, "fuel:octane_98": null, "name:ur": null, "official_name:ur": null, "operator:type": null, "check_date": null, "name:en": null, "atm": null, "short_name": null, "self_service": "no", "fuel:gasoline": null, "name:mr": null, "fuel:petrol": null, "alt_name": null, "fuel:HGV_diesel": null, "fuel:electricity": null, "building": "roof", "layer": null, "payment:cards": null, "payment:cash": null, "payment:upi": null, "landuse": null, "fuel:cng_gas": null, "payment:credit_cards": null, "payment:debit_cards": null, "fuel:air": null, "fuel:e10": null, "ref": null, "addr:housenumber": null, "addr:country": null, "addr:state": null, "area": null, "fuel:nitrogen": null, "ref:iocl": null }, "geometry": { "type": "Polygon", "coordinates": [ [ [ 72.8269289, 19.1040952 ], [ 72.8269356, 19.1039486 ], [ 72.8270881, 19.1039548 ], [ 72.8270815, 19.1041014 ], [ 72.8269289, 19.1040952 ] ] ] } },
{ "type": "Feature", "properties": { "element": "way", "id": 202917825, "amenity": "fuel", "name": "Bharat Petroleum", "operator": null, "brand": "Bharat Petroleum", "brand:wikidata": "Q854826", "source": null, "ele": null, "addr:city": "Bandra, Mumbai", "addr:postcode": "400050", "addr:street": "Vithalbhai Patel Road", "opening_hours": null, "brand:wikipedia": "en:Bharat Petroleum", "official_name": null, "fuel:cng": null, "fuel:diesel": null, "brand:ur": null, "compressed_air": null, "fuel:biodiesel": null, "fuel:biogas": null, "fuel:octane_91": null, "fuel:octane_95": null, "fuel:octane_98": null, "name:ur": null, "official_name:ur": null, "operator:type": null, "check_date": null, "name:en": null, "atm": null, "short_name": null, "self_service": null, "fuel:gasoline": null, "name:mr": null, "fuel:petrol": null, "alt_name": null, "fuel:HGV_diesel": null, "fuel:electricity": null, "building": "roof", "layer": null, "payment:cards": null, "payment:cash": null, "payment:upi": null, "landuse": null, "fuel:cng_gas": null, "payment:credit_cards": null, "payment:debit_cards": null, "fuel:air": null, "fuel:e10": null, "ref": null, "addr:housenumber": null, "addr:country": null, "addr:state": null, "area": null, "fuel:nitrogen": null, "ref:iocl": null }, "geometry": { "type": "Polygon", "coordinates": [ [ [ 72.8356143, 19.0616088 ], [ 72.8357944, 19.0616789 ], [ 72.8358882, 19.0614355 ], [ 72.8357589, 19.0613858 ], [ 72.8357048, 19.0615095 ], [ 72.835662, 19.0614846 ], [ 72.8356143, 19.0616088 ] ] ] } },
{ "type": "Feature", "properties": { "element": "way", "id": 202918087, "amenity": "fuel", "name": "HP", "operator": "Hindustan Petroleum Corporation Limited", "brand": "Hindustan Petroleum", "brand:wikidata": "Q1619375", "source": null, "ele": null, "addr:city": "Bandra, Mumbai", "addr:postcode": "400050", "addr:street": "Turner Road (Gurunanak Marg)", "opening_hours": null, "brand:wikipedia": "en:Hindustan Petroleum", "official_name": "Hindustan Petroleum", "fuel:cng": null, "fuel:diesel": "yes", "brand:ur": null, "compressed_air": null, "fuel:biodiesel": null, "fuel:biogas": null, "fuel:octane_91": null, "fuel:octane_95": null, "fuel:octane_98": null, "name:ur": null, "official_name:ur": null, "operator:type": null, "check_date": null, "name:en": null, "atm": null, "short_name": "HP", "self_service": null, "fuel:gasoline": null, "name:mr": null, "fuel:petrol": "yes", "alt_name": null, "fuel:HGV_diesel": null, "fuel:electricity": null, "building": "roof", "layer": "1", "payment:cards": "yes", "payment:cash": "yes", "payment:upi": "yes", "landuse": null, "fuel:cng_gas": null, "payment:credit_cards": null, "payment:debit_cards": null, "fuel:air": null, "fuel:e10": null, "ref": null, "addr:housenumber": null, "addr:country": null, "addr:state": null, "area": null, "fuel:nitrogen": null, "ref:iocl": null }, "geometry": { "type": "Polygon", "coordinates": [ [ [ 72.8365146, 19.0592635 ], [ 72.8366454, 19.0589919 ], [ 72.8366961, 19.0590104 ], [ 72.8367174, 19.0591119 ], [ 72.8367189, 19.0591887 ], [ 72.8367067, 19.0592454 ], [ 72.8366715, 19.0592946 ], [ 72.8366291, 19.059316 ], [ 72.8365146, 19.0592635 ] ] ] } },
{ "type": "Feature", "properties": { "element": "way", "id": 202918261, "amenity": "fuel", "name": "Bharat Petroleum", "operator": null, "brand": "Bharat Petroleum", "brand:wikidata": "Q854826", "source": null, "ele": null, "addr:city": null, "addr:postcode": null, "addr:street": null, "opening_hours": null, "brand:wikipedia": "en:Bharat Petroleum", "official_name": null, "fuel:cng": null, "fuel:diesel": null, "brand:ur": null, "compressed_air": null, "fuel:biodiesel": null, "fuel:biogas": null, "fuel:octane_91": null, "fuel:octane_95": null, "fuel:octane_98": null, "name:ur": null, "official_name:ur": null, "operator:type": null, "check_date": null, "name:en": null, "atm": null, "short_name": null, "self_service": "no", "fuel:gasoline": null, "name:mr": null, "fuel:petrol": null, "alt_name": null, "fuel:HGV_diesel": null, "fuel:electricity": null, "building": "roof", "layer": null, "payment:cards": null, "payment:cash": null, "payment:upi": null, "landuse": null, "fuel:cng_gas": null, "payment:credit_cards": null, "payment:debit_cards": null, "fuel:air": null, "fuel:e10": null, "ref": null, "addr:housenumber": null, "addr:country": null, "addr:state": null, "area": null, "fuel:nitrogen": null, "ref:iocl": null }, "geometry": { "type": "Polygon", "coordinates": [ [ [ 72.8380464, 19.0536301 ], [ 72.8380116, 19.0538761 ], [ 72.8380527, 19.0539262 ], [ 72.8382655, 19.0540229 ], [ 72.8383334, 19.0536682 ], [ 72.8380464, 19.0536301 ] ] ] } },
{ "type": "Feature", "properties": { "element": "way", "id": 203137400, "amenity": "fuel", "name": "Bharat Petroleum", "operator": "Prakash Automobiles", "brand": "Bharat Petroleum", "brand:wikidata": "Q854826", "source": null, "ele": null, "addr:city": null, "addr:postcode": null, "addr:street": null, "opening_hours": null, "brand:wikipedia": null, "official_name": null, "fuel:cng": null, "fuel:diesel": null, "brand:ur": null, "compressed_air": "yes", "fuel:biodiesel": null, "fuel:biogas": null, "fuel:octane_91": null, "fuel:octane_95": null, "fuel:octane_98": null, "name:ur": null, "official_name:ur": null, "operator:type": null, "check_date": null, "name:en": null, "atm": null, "short_name": null, "self_service": null, "fuel:gasoline": null, "name:mr": null, "fuel:petrol": null, "alt_name": null, "fuel:HGV_diesel": null, "fuel:electricity": null, "building": "roof", "layer": null, "payment:cards": null, "payment:cash": null, "payment:upi": null, "landuse": null, "fuel:cng_gas": null, "payment:credit_cards": null, "payment:debit_cards": null, "fuel:air": null, "fuel:e10": null, "ref": null, "addr:housenumber": null, "addr:country": null, "addr:state": null, "area": null, "fuel:nitrogen": null, "ref:iocl": null }, "geometry": { "type": "Polygon", "coordinates": [ [ [ 72.8286993, 19.1163918 ], [ 72.8287134, 19.1165629 ], [ 72.8288953, 19.116561 ], [ 72.8288803, 19.1163832 ], [ 72.8286993, 19.1163918 ] ] ] } },
{ "type": "Feature", "properties": { "element": "way", "id": 207319550, "amenity": "fuel", "name": null, "operator": null, "brand": null, "brand:wikidata": null, "source": null, "ele": null, "addr:city": null, "addr:postcode": null, "addr:street": null, "opening_hours": null, "brand:wikipedia": null, "official_name": null, "fuel:cng": null, "fuel:diesel": null, "brand:ur": null, "compressed_air": null, "fuel:biodiesel": null, "fuel:biogas": null, "fuel:octane_91": null, "fuel:octane_95": null, "fuel:octane_98": null, "name:ur": null, "official_name:ur": null, "operator:type": null, "check_date": "2026-03-12", "name:en": null, "atm": null, "short_name": null, "self_service": null, "fuel:gasoline": null, "name:mr": null, "fuel:petrol": null, "alt_name": null, "fuel:HGV_diesel": null, "fuel:electricity": null, "building": null, "layer": null, "payment:cards": null, "payment:cash": null, "payment:upi": null, "landuse": null, "fuel:cng_gas": null, "payment:credit_cards": null, "payment:debit_cards": null, "fuel:air": null, "fuel:e10": null, "ref": null, "addr:housenumber": null, "addr:country": null, "addr:state": null, "area": null, "fuel:nitrogen": null, "ref:iocl": null }, "geometry": { "type": "Polygon", "coordinates": [ [ [ 72.829843, 18.9425622 ], [ 72.8299044, 18.942264 ], [ 72.8296472, 18.9422167 ], [ 72.8295858, 18.9425149 ], [ 72.829843, 18.9425622 ] ] ] } },
{ "type": "Feature", "properties": { "element": "way", "id": 207420296, "amenity": "fuel", "name": "HP", "operator": "HPCL", "brand": "Hindustan Petroleum", "brand:wikidata": "Q1619375", "source": null, "ele": null, "addr:city": null, "addr:postcode": null, "addr:street": null, "opening_hours": null, "brand:wikipedia": null, "official_name": "Hindustan Petroleum", "fuel:cng": null, "fuel:diesel": null, "brand:ur": null, "compressed_air": null, "fuel:biodiesel": null, "fuel:biogas": null, "fuel:octane_91": null, "fuel:octane_95": null, "fuel:octane_98": null, "name:ur": null, "official_name:ur": null, "operator:type": null, "check_date": "2026-03-12", "name:en": null, "atm": null, "short_name": null, "self_service": null, "fuel:gasoline": null, "name:mr": null, "fuel:petrol": null, "alt_name": null, "fuel:HGV_diesel": null, "fuel:electricity": null, "building": null, "layer": null, "payment:cards": null, "payment:cash": null, "payment:upi": null, "landuse": null, "fuel:cng_gas": null, "payment:credit_cards": null, "payment:debit_cards": null, "fuel:air": null, "fuel:e10": null, "ref": null, "addr:housenumber": null, "addr:country": null, "addr:state": null, "area": null, "fuel:nitrogen": null, "ref:iocl": null }, "geometry": { "type": "Polygon", "coordinates": [ [ [ 72.8289374, 18.9190306 ], [ 72.828993, 18.9190142 ], [ 72.8291272, 18.9191708 ], [ 72.828928, 18.9193295 ], [ 72.8287726, 18.9191525 ], [ 72.8289374, 18.9190306 ] ] ] } },
{ "type": "Feature", "properties": { "element": "way", "id": 220425077, "amenity": "fuel", "name": "HP", "operator": null, "brand": "Hindustan Petroleum", "brand:wikidata": "Q1619375", "source": null, "ele": null, "addr:city": null, "addr:postcode": null, "addr:street": null, "opening_hours": null, "brand:wikipedia": "en:Hindustan Petroleum", "official_name": "Hindustan Petroleum", "fuel:cng": null, "fuel:diesel": "yes", "brand:ur": null, "compressed_air": null, "fuel:biodiesel": null, "fuel:biogas": null, "fuel:octane_91": "yes", "fuel:octane_95": "yes", "fuel:octane_98": null, "name:ur": null, "official_name:ur": null, "operator:type": null, "check_date": null, "name:en": null, "atm": null, "short_name": null, "self_service": null, "fuel:gasoline": null, "name:mr": null, "fuel:petrol": null, "alt_name": null, "fuel:HGV_diesel": null, "fuel:electricity": null, "building": null, "layer": null, "payment:cards": null, "payment:cash": null, "payment:upi": null, "landuse": null, "fuel:cng_gas": null, "payment:credit_cards": null, "payment:debit_cards": null, "fuel:air": null, "fuel:e10": null, "ref": null, "addr:housenumber": null, "addr:country": null, "addr:state": null, "area": null, "fuel:nitrogen": null, "ref:iocl": null }, "geometry": { "type": "Polygon", "coordinates": [ [ [ 72.8308434, 19.0176566 ], [ 72.8310217, 19.0177009 ], [ 72.8310577, 19.0177335 ], [ 72.8310624, 19.017766 ], [ 72.8310014, 19.017908 ], [ 72.8308841, 19.0179967 ], [ 72.830748, 19.0177734 ], [ 72.8307543, 19.0177172 ], [ 72.8307777, 19.0176847 ], [ 72.8308434, 19.0176566 ] ] ] } },
{ "type": "Feature", "properties": { "element": "way", "id": 255387116, "amenity": "fuel", "name": "HP", "operator": null, "brand": "Hindustan Petroleum", "brand:wikidata": "Q1619375", "source": null, "ele": null, "addr:city": null, "addr:postcode": null, "addr:street": null, "opening_hours": null, "brand:wikipedia": null, "official_name": "Hindustan Petroleum", "fuel:cng": null, "fuel:diesel": null, "brand:ur": null, "compressed_air": null, "fuel:biodiesel": null, "fuel:biogas": null, "fuel:octane_91": null, "fuel:octane_95": null, "fuel:octane_98": null, "name:ur": null, "official_name:ur": null, "operator:type": null, "check_date": null, "name:en": null, "atm": null, "short_name": null, "self_service": "no", "fuel:gasoline": null, "name:mr": null, "fuel:petrol": null, "alt_name": null, "fuel:HGV_diesel": null, "fuel:electricity": null, "building": "roof", "layer": null, "payment:cards": null, "payment:cash": null, "payment:upi": null, "landuse": null, "fuel:cng_gas": null, "payment:credit_cards": null, "payment:debit_cards": null, "fuel:air": null, "fuel:e10": null, "ref": null, "addr:housenumber": null, "addr:country": null, "addr:state": null, "area": null, "fuel:nitrogen": null, "ref:iocl": null }, "geometry": { "type": "Polygon", "coordinates": [ [ [ 72.8399967, 19.1079657 ], [ 72.8401817, 19.1079195 ], [ 72.8401524, 19.1078146 ], [ 72.8399674, 19.1078609 ], [ 72.8399967, 19.1079657 ] ] ] } },
{ "type": "Feature", "properties": { "element": "way", "id": 322188465, "amenity": "fuel", "name": "HP PETROL PUMP - JANSEVA PETROL SR. STN.", "operator": "HP", "brand": "Hindustan Petroleum", "brand:wikidata": "Q1619375", "source": null, "ele": null, "addr:city": null, "addr:postcode": "400070", "addr:street": null, "opening_hours": null, "brand:wikipedia": null, "official_name": "Hindustan Petroleum", "fuel:cng": null, "fuel:diesel": null, "brand:ur": null, "compressed_air": null, "fuel:biodiesel": null, "fuel:biogas": null, "fuel:octane_91": null, "fuel:octane_95": null, "fuel:octane_98": null, "name:ur": null, "official_name:ur": null, "operator:type": null, "check_date": "2023-02-26", "name:en": null, "atm": null, "short_name": null, "self_service": null, "fuel:gasoline": null, "name:mr": null, "fuel:petrol": null, "alt_name": null, "fuel:HGV_diesel": null, "fuel:electricity": null, "building": null, "layer": null, "payment:cards": null, "payment:cash": null, "payment:upi": null, "landuse": "commercial", "fuel:cng_gas": null, "payment:credit_cards": null, "payment:debit_cards": null, "fuel:air": null, "fuel:e10": null, "ref": null, "addr:housenumber": null, "addr:country": null, "addr:state": null, "area": null, "fuel:nitrogen": null, "ref:iocl": null }, "geometry": { "type": "Polygon", "coordinates": [ [ [ 72.8854336, 19.0849165 ], [ 72.8852289, 19.0849516 ], [ 72.8851355, 19.084882 ], [ 72.8850447, 19.0848624 ], [ 72.8851013, 19.0846968 ], [ 72.8854059, 19.084798 ], [ 72.8854336, 19.0849165 ] ] ] } },
{ "type": "Feature", "properties": { "element": "way", "id": 353148240, "amenity": "fuel", "name": "Indian Oil", "operator": "Indian Oil", "brand": "Indian Oil", "brand:wikidata": "Q1289348", "source": "local knowledge", "ele": null, "addr:city": null, "addr:postcode": null, "addr:street": null, "opening_hours": "Mo-Su 10:00-22:00", "brand:wikipedia": null, "official_name": null, "fuel:cng": "yes", "fuel:diesel": "yes", "brand:ur": null, "compressed_air": null, "fuel:biodiesel": null, "fuel:biogas": null, "fuel:octane_91": null, "fuel:octane_95": null, "fuel:octane_98": null, "name:ur": null, "official_name:ur": null, "operator:type": null, "check_date": null, "name:en": null, "atm": null, "short_name": null, "self_service": null, "fuel:gasoline": null, "name:mr": null, "fuel:petrol": "yes", "alt_name": null, "fuel:HGV_diesel": null, "fuel:electricity": null, "building": "roof", "layer": "1", "payment:cards": null, "payment:cash": "yes", "payment:upi": null, "landuse": null, "fuel:cng_gas": "yes", "payment:credit_cards": "yes", "payment:debit_cards": "yes", "fuel:air": null, "fuel:e10": null, "ref": null, "addr:housenumber": null, "addr:country": null, "addr:state": null, "area": null, "fuel:nitrogen": null, "ref:iocl": null }, "geometry": { "type": "Polygon", "coordinates": [ [ [ 72.919589, 19.1024946 ], [ 72.9197288, 19.102414 ], [ 72.9196249, 19.1022532 ], [ 72.9194851, 19.1023339 ], [ 72.919589, 19.1024946 ] ] ] } },
{ "type": "Feature", "properties": { "element": "way", "id": 353174227, "amenity": "fuel", "name": "Hindustan Petroleum Baxis Singh and Co.", "operator": null, "brand": "Hindustan Petroleum", "brand:wikidata": "Q1619375", "source": null, "ele": null, "addr:city": null, "addr:postcode": null, "addr:street": null, "opening_hours": null, "brand:wikipedia": null, "official_name": "Hindustan Petroleum", "fuel:cng": null, "fuel:diesel": null, "brand:ur": null, "compressed_air": null, "fuel:biodiesel": null, "fuel:biogas": null, "fuel:octane_91": null, "fuel:octane_95": null, "fuel:octane_98": null, "name:ur": null, "official_name:ur": null, "operator:type": null, "check_date": null, "name:en": null, "atm": null, "short_name": null, "self_service": null, "fuel:gasoline": null, "name:mr": null, "fuel:petrol": null, "alt_name": null, "fuel:HGV_diesel": null, "fuel:electricity": null, "building": "yes", "layer": null, "payment:cards": null, "payment:cash": null, "payment:upi": null, "landuse": null, "fuel:cng_gas": null, "payment:credit_cards": null, "payment:debit_cards": null, "fuel:air": null, "fuel:e10": null, "ref": null, "addr:housenumber": null, "addr:country": null, "addr:state": null, "area": null, "fuel:nitrogen": null, "ref:iocl": null }, "geometry": { "type": "Polygon", "coordinates": [ [ [ 72.8793007, 19.0779606 ], [ 72.8793838, 19.0780568 ], [ 72.8794493, 19.0780008 ], [ 72.8793811, 19.0779102 ], [ 72.8793007, 19.0779606 ] ] ] } },
{ "type": "Feature", "properties": { "element": "way", "id": 353354827, "amenity": "fuel", "name": "Indian Oil", "operator": null, "brand": "Indian Oil", "brand:wikidata": "Q1289348", "source": null, "ele": null, "addr:city": null, "addr:postcode": null, "addr:street": null, "opening_hours": null, "brand:wikipedia": null, "official_name": null, "fuel:cng": null, "fuel:diesel": null, "brand:ur": null, "compressed_air": null, "fuel:biodiesel": null, "fuel:biogas": null, "fuel:octane_91": null, "fuel:octane_95": null, "fuel:octane_98": null, "name:ur": null, "official_name:ur": null, "operator:type": null, "check_date": "2026-03-20", "name:en": null, "atm": null, "short_name": null, "self_service": null, "fuel:gasoline": null, "name:mr": null, "fuel:petrol": null, "alt_name": null, "fuel:HGV_diesel": null, "fuel:electricity": null, "building": "roof", "layer": null, "payment:cards": null, "payment:cash": null, "payment:upi": null, "landuse": null, "fuel:cng_gas": null, "payment:credit_cards": null, "payment:debit_cards": null, "fuel:air": null, "fuel:e10": null, "ref": null, "addr:housenumber": null, "addr:country": null, "addr:state": null, "area": null, "fuel:nitrogen": null, "ref:iocl": null }, "geometry": { "type": "Polygon", "coordinates": [ [ [ 72.8143478, 18.9923679 ], [ 72.814458, 18.9923519 ], [ 72.8144234, 18.9921393 ], [ 72.8143133, 18.9921553 ], [ 72.8143478, 18.9923679 ] ] ] } },
{ "type": "Feature", "properties": { "element": "way", "id": 353360266, "amenity": "fuel", "name": "HP", "operator": null, "brand": "Hindustan Petroleum", "brand:wikidata": "Q1619375", "source": null, "ele": null, "addr:city": "Mumbai", "addr:postcode": null, "addr:street": null, "opening_hours": null, "brand:wikipedia": null, "official_name": "Hindustan Petroleum", "fuel:cng": null, "fuel:diesel": "yes", "brand:ur": null, "compressed_air": "yes", "fuel:biodiesel": null, "fuel:biogas": null, "fuel:octane_91": null, "fuel:octane_95": null, "fuel:octane_98": null, "name:ur": null, "official_name:ur": null, "operator:type": null, "check_date": null, "name:en": null, "atm": null, "short_name": null, "self_service": null, "fuel:gasoline": "yes", "name:mr": null, "fuel:petrol": null, "alt_name": null, "fuel:HGV_diesel": null, "fuel:electricity": null, "building": "roof", "layer": "1", "payment:cards": null, "payment:cash": null, "payment:upi": null, "landuse": null, "fuel:cng_gas": null, "payment:credit_cards": null, "payment:debit_cards": null, "fuel:air": "yes", "fuel:e10": null, "ref": null, "addr:housenumber": null, "addr:country": null, "addr:state": null, "area": null, "fuel:nitrogen": null, "ref:iocl": null }, "geometry": { "type": "Polygon", "coordinates": [ [ [ 72.9162812, 19.045828 ], [ 72.9165945, 19.0457281 ], [ 72.9165696, 19.0456582 ], [ 72.9164834, 19.0456857 ], [ 72.9164411, 19.0455673 ], [ 72.916214, 19.0456398 ], [ 72.9162812, 19.045828 ] ] ] } },
{ "type": "Feature", "properties": { "element": "way", "id": 353378223, "amenity": "fuel", "name": "HP", "operator": null, "brand": "Hindustan Petroleum", "brand:wikidata": "Q1619375", "source": null, "ele": null, "addr:city": null, "addr:postcode": null, "addr:street": null, "opening_hours": null, "brand:wikipedia": null, "official_name": "Hindustan Petroleum", "fuel:cng": null, "fuel:diesel": null, "brand:ur": null, "compressed_air": null, "fuel:biodiesel": null, "fuel:biogas": null, "fuel:octane_91": null, "fuel:octane_95": null, "fuel:octane_98": null, "name:ur": null, "official_name:ur": null, "operator:type": null, "check_date": null, "name:en": null, "atm": null, "short_name": null, "self_service": null, "fuel:gasoline": null, "name:mr": null, "fuel:petrol": null, "alt_name": null, "fuel:HGV_diesel": null, "fuel:electricity": null, "building": "yes", "layer": null, "payment:cards": null, "payment:cash": null, "payment:upi": null, "landuse": null, "fuel:cng_gas": null, "payment:credit_cards": null, "payment:debit_cards": null, "fuel:air": null, "fuel:e10": null, "ref": null, "addr:housenumber": null, "addr:country": null, "addr:state": null, "area": null, "fuel:nitrogen": null, "ref:iocl": null }, "geometry": { "type": "Polygon", "coordinates": [ [ [ 72.8839284, 19.0961659 ], [ 72.8840108, 19.096163 ], [ 72.884007, 19.096066 ], [ 72.8839246, 19.0960689 ], [ 72.8839284, 19.0961659 ] ] ] } },
{ "type": "Feature", "properties": { "element": "way", "id": 353378724, "amenity": "fuel", "name": "HP", "operator": null, "brand": "Hindustan Petroleum", "brand:wikidata": "Q1619375", "source": null, "ele": null, "addr:city": "Mumbai", "addr:postcode": null, "addr:street": null, "opening_hours": null, "brand:wikipedia": null, "official_name": "Hindustan Petroleum", "fuel:cng": null, "fuel:diesel": null, "brand:ur": null, "compressed_air": null, "fuel:biodiesel": null, "fuel:biogas": null, "fuel:octane_91": null, "fuel:octane_95": null, "fuel:octane_98": null, "name:ur": null, "official_name:ur": null, "operator:type": null, "check_date": null, "name:en": null, "atm": null, "short_name": null, "self_service": null, "fuel:gasoline": null, "name:mr": null, "fuel:petrol": null, "alt_name": null, "fuel:HGV_diesel": null, "fuel:electricity": null, "building": "yes", "layer": null, "payment:cards": null, "payment:cash": null, "payment:upi": null, "landuse": null, "fuel:cng_gas": null, "payment:credit_cards": null, "payment:debit_cards": null, "fuel:air": null, "fuel:e10": null, "ref": null, "addr:housenumber": null, "addr:country": null, "addr:state": null, "area": null, "fuel:nitrogen": null, "ref:iocl": null }, "geometry": { "type": "Polygon", "coordinates": [ [ [ 72.8646991, 19.0439348 ], [ 72.8647719, 19.0439136 ], [ 72.8646825, 19.0436396 ], [ 72.8646098, 19.0436608 ], [ 72.8646991, 19.0439348 ] ] ] } },
{ "type": "Feature", "properties": { "element": "way", "id": 353405245, "amenity": "fuel", "name": null, "operator": null, "brand": "Mahangar Gas", "brand:wikidata": null, "source": null, "ele": null, "addr:city": null, "addr:postcode": null, "addr:street": null, "opening_hours": null, "brand:wikipedia": null, "official_name": null, "fuel:cng": null, "fuel:diesel": null, "brand:ur": null, "compressed_air": null, "fuel:biodiesel": null, "fuel:biogas": null, "fuel:octane_91": null, "fuel:octane_95": null, "fuel:octane_98": null, "name:ur": null, "official_name:ur": null, "operator:type": null, "check_date": null, "name:en": null, "atm": null, "short_name": null, "self_service": null, "fuel:gasoline": null, "name:mr": null, "fuel:petrol": null, "alt_name": null, "fuel:HGV_diesel": null, "fuel:electricity": null, "building": "yes", "layer": null, "payment:cards": null, "payment:cash": null, "payment:upi": null, "landuse": null, "fuel:cng_gas": null, "payment:credit_cards": null, "payment:debit_cards": null, "fuel:air": null, "fuel:e10": null, "ref": null, "addr:housenumber": null, "addr:country": null, "addr:state": null, "area": null, "fuel:nitrogen": null, "ref:iocl": null }, "geometry": { "type": "Polygon", "coordinates": [ [ [ 72.8784277, 19.0473483 ], [ 72.8785473, 19.0473824 ], [ 72.8785176, 19.0474753 ], [ 72.8787469, 19.0475408 ], [ 72.8789043, 19.0470483 ], [ 72.8786083, 19.0469638 ], [ 72.878589, 19.0470242 ], [ 72.8785361, 19.0470091 ], [ 72.8784277, 19.0473483 ] ] ] } },
{ "type": "Feature", "properties": { "element": "way", "id": 353406356, "amenity": "fuel", "name": "HP", "operator": null, "brand": "Hindustan Petroleum", "brand:wikidata": "Q1619375", "source": null, "ele": null, "addr:city": null, "addr:postcode": null, "addr:street": null, "opening_hours": null, "brand:wikipedia": null, "official_name": "Hindustan Petroleum", "fuel:cng": null, "fuel:diesel": null, "brand:ur": null, "compressed_air": null, "fuel:biodiesel": null, "fuel:biogas": null, "fuel:octane_91": null, "fuel:octane_95": null, "fuel:octane_98": null, "name:ur": null, "official_name:ur": null, "operator:type": null, "check_date": null, "name:en": null, "atm": null, "short_name": null, "self_service": null, "fuel:gasoline": null, "name:mr": null, "fuel:petrol": null, "alt_name": null, "fuel:HGV_diesel": null, "fuel:electricity": null, "building": "roof", "layer": null, "payment:cards": null, "payment:cash": null, "payment:upi": null, "landuse": null, "fuel:cng_gas": null, "payment:credit_cards": null, "payment:debit_cards": null, "fuel:air": null, "fuel:e10": null, "ref": null, "addr:housenumber": null, "addr:country": null, "addr:state": null, "area": null, "fuel:nitrogen": null, "ref:iocl": null }, "geometry": { "type": "Polygon", "coordinates": [ [ [ 72.8574284, 19.1615951 ], [ 72.8576379, 19.1615617 ], [ 72.8575971, 19.1613333 ], [ 72.8574877, 19.1613507 ], [ 72.8575022, 19.1614316 ], [ 72.857402, 19.1614476 ], [ 72.8574284, 19.1615951 ] ] ] } },
{ "type": "Feature", "properties": { "element": "way", "id": 353758458, "amenity": "fuel", "name": "Hindustan Petroleum", "operator": "unknkwn", "brand": "Hindustan Petroleum", "brand:wikidata": "Q1319675", "source": null, "ele": null, "addr:city": "Mumbai", "addr:postcode": null, "addr:street": null, "opening_hours": null, "brand:wikipedia": null, "official_name": "Hindustan_Petroleum", "fuel:cng": null, "fuel:diesel": "yes", "brand:ur": null, "compressed_air": null, "fuel:biodiesel": null, "fuel:biogas": null, "fuel:octane_91": null, "fuel:octane_95": "yes", "fuel:octane_98": "yes", "name:ur": null, "official_name:ur": null, "operator:type": null, "check_date": null, "name:en": null, "atm": null, "short_name": null, "self_service": null, "fuel:gasoline": null, "name:mr": null, "fuel:petrol": null, "alt_name": null, "fuel:HGV_diesel": null, "fuel:electricity": null, "building": "yes", "layer": null, "payment:cards": null, "payment:cash": null, "payment:upi": null, "landuse": null, "fuel:cng_gas": null, "payment:credit_cards": null, "payment:debit_cards": null, "fuel:air": null, "fuel:e10": "yes", "ref": null, "addr:housenumber": null, "addr:country": null, "addr:state": null, "area": null, "fuel:nitrogen": null, "ref:iocl": null }, "geometry": { "type": "Polygon", "coordinates": [ [ [ 72.8958087, 19.0347876 ], [ 72.8959338, 19.0348246 ], [ 72.8959549, 19.0347609 ], [ 72.896007, 19.0347763 ], [ 72.896045, 19.0346613 ], [ 72.8959929, 19.0346459 ], [ 72.8960303, 19.0345329 ], [ 72.8959052, 19.0344959 ], [ 72.8958087, 19.0347876 ] ] ] } },
{ "type": "Feature", "properties": { "element": "way", "id": 353987043, "amenity": "fuel", "name": "Indian Oil", "operator": null, "brand": "Indian Oil", "brand:wikidata": "Q1289348", "source": null, "ele": null, "addr:city": null, "addr:postcode": null, "addr:street": null, "opening_hours": null, "brand:wikipedia": null, "official_name": null, "fuel:cng": null, "fuel:diesel": null, "brand:ur": null, "compressed_air": null, "fuel:biodiesel": null, "fuel:biogas": null, "fuel:octane_91": null, "fuel:octane_95": null, "fuel:octane_98": null, "name:ur": null, "official_name:ur": null, "operator:type": null, "check_date": null, "name:en": null, "atm": null, "short_name": null, "self_service": null, "fuel:gasoline": null, "name:mr": null, "fuel:petrol": null, "alt_name": null, "fuel:HGV_diesel": null, "fuel:electricity": null, "building": "yes", "layer": null, "payment:cards": null, "payment:cash": null, "payment:upi": null, "landuse": null, "fuel:cng_gas": null, "payment:credit_cards": null, "payment:debit_cards": null, "fuel:air": null, "fuel:e10": null, "ref": null, "addr:housenumber": null, "addr:country": null, "addr:state": null, "area": null, "fuel:nitrogen": null, "ref:iocl": null }, "geometry": { "type": "Polygon", "coordinates": [ [ [ 72.892474, 19.053865 ], [ 72.8925876, 19.053872 ], [ 72.8926126, 19.0535086 ], [ 72.892499, 19.0535016 ], [ 72.892474, 19.053865 ] ] ] } },
{ "type": "Feature", "properties": { "element": "way", "id": 353987128, "amenity": "fuel", "name": "HP", "operator": null, "brand": "Hindustan Petroleum", "brand:wikidata": "Q1619375", "source": null, "ele": null, "addr:city": null, "addr:postcode": null, "addr:street": null, "opening_hours": null, "brand:wikipedia": null, "official_name": "Hindustan Petroleum", "fuel:cng": null, "fuel:diesel": null, "brand:ur": null, "compressed_air": null, "fuel:biodiesel": null, "fuel:biogas": null, "fuel:octane_91": null, "fuel:octane_95": null, "fuel:octane_98": null, "name:ur": null, "official_name:ur": null, "operator:type": null, "check_date": null, "name:en": null, "atm": null, "short_name": null, "self_service": null, "fuel:gasoline": null, "name:mr": null, "fuel:petrol": null, "alt_name": null, "fuel:HGV_diesel": null, "fuel:electricity": null, "building": "roof", "layer": null, "payment:cards": null, "payment:cash": null, "payment:upi": null, "landuse": null, "fuel:cng_gas": null, "payment:credit_cards": null, "payment:debit_cards": null, "fuel:air": null, "fuel:e10": null, "ref": null, "addr:housenumber": null, "addr:country": null, "addr:state": null, "area": null, "fuel:nitrogen": null, "ref:iocl": null }, "geometry": { "type": "Polygon", "coordinates": [ [ [ 72.8892584, 19.0537548 ], [ 72.8891805, 19.0537525 ], [ 72.8891781, 19.0538252 ], [ 72.8892696, 19.0538279 ], [ 72.8892719, 19.0537571 ], [ 72.8893464, 19.0537575 ], [ 72.8893469, 19.0536862 ], [ 72.8892589, 19.0536857 ], [ 72.8892584, 19.0537548 ] ] ] } },
{ "type": "Feature", "properties": { "element": "way", "id": 354069712, "amenity": "fuel", "name": "Sanjiv Service Station(HP)", "operator": null, "brand": "Hindustan Petroleum(HP)", "brand:wikidata": null, "source": null, "ele": null, "addr:city": "Mumbai", "addr:postcode": null, "addr:street": null, "opening_hours": null, "brand:wikipedia": null, "official_name": null, "fuel:cng": null, "fuel:diesel": null, "brand:ur": null, "compressed_air": null, "fuel:biodiesel": null, "fuel:biogas": null, "fuel:octane_91": null, "fuel:octane_95": null, "fuel:octane_98": null, "name:ur": null, "official_name:ur": null, "operator:type": null, "check_date": null, "name:en": null, "atm": null, "short_name": null, "self_service": "no", "fuel:gasoline": null, "name:mr": null, "fuel:petrol": null, "alt_name": null, "fuel:HGV_diesel": null, "fuel:electricity": null, "building": "yes", "layer": null, "payment:cards": null, "payment:cash": null, "payment:upi": null, "landuse": null, "fuel:cng_gas": null, "payment:credit_cards": null, "payment:debit_cards": null, "fuel:air": null, "fuel:e10": null, "ref": null, "addr:housenumber": null, "addr:country": null, "addr:state": null, "area": null, "fuel:nitrogen": null, "ref:iocl": null }, "geometry": { "type": "Polygon", "coordinates": [ [ [ 72.9161778, 19.0450374 ], [ 72.916072, 19.0446158 ], [ 72.9159268, 19.0446484 ], [ 72.9160077, 19.044971 ], [ 72.9160325, 19.0450699 ], [ 72.9161778, 19.0450374 ] ] ] } },
{ "type": "Feature", "properties": { "element": "way", "id": 354069745, "amenity": "fuel", "name": "Indian Oil", "operator": null, "brand": "Indian Oil", "brand:wikidata": "Q1289348", "source": null, "ele": null, "addr:city": null, "addr:postcode": null, "addr:street": null, "opening_hours": "PH,Mo-Su 00:00-24:00", "brand:wikipedia": null, "official_name": null, "fuel:cng": null, "fuel:diesel": "yes", "brand:ur": null, "compressed_air": "yes", "fuel:biodiesel": null, "fuel:biogas": null, "fuel:octane_91": null, "fuel:octane_95": null, "fuel:octane_98": null, "name:ur": null, "official_name:ur": null, "operator:type": null, "check_date": null, "name:en": null, "atm": null, "short_name": null, "self_service": null, "fuel:gasoline": "yes", "name:mr": null, "fuel:petrol": null, "alt_name": null, "fuel:HGV_diesel": null, "fuel:electricity": null, "building": null, "layer": null, "payment:cards": null, "payment:cash": null, "payment:upi": null, "landuse": null, "fuel:cng_gas": null, "payment:credit_cards": null, "payment:debit_cards": null, "fuel:air": "yes", "fuel:e10": null, "ref": null, "addr:housenumber": null, "addr:country": null, "addr:state": null, "area": null, "fuel:nitrogen": null, "ref:iocl": null }, "geometry": { "type": "Polygon", "coordinates": [ [ [ 72.916345, 19.0449592 ], [ 72.9164969, 19.0449102 ], [ 72.9164003, 19.0446429 ], [ 72.9162484, 19.044692 ], [ 72.916345, 19.0449592 ] ] ] } },
{ "type": "Feature", "properties": { "element": "way", "id": 356173976, "amenity": "fuel", "name": "Indian Oil", "operator": null, "brand": "Indian Oil", "brand:wikidata": "Q1289348", "source": null, "ele": null, "addr:city": "Mumbai", "addr:postcode": null, "addr:street": null, "opening_hours": null, "brand:wikipedia": null, "official_name": null, "fuel:cng": null, "fuel:diesel": null, "brand:ur": null, "compressed_air": null, "fuel:biodiesel": null, "fuel:biogas": null, "fuel:octane_91": null, "fuel:octane_95": null, "fuel:octane_98": null, "name:ur": null, "official_name:ur": null, "operator:type": null, "check_date": null, "name:en": null, "atm": null, "short_name": null, "self_service": null, "fuel:gasoline": null, "name:mr": null, "fuel:petrol": null, "alt_name": null, "fuel:HGV_diesel": null, "fuel:electricity": null, "building": "roof", "layer": null, "payment:cards": null, "payment:cash": null, "payment:upi": null, "landuse": null, "fuel:cng_gas": null, "payment:credit_cards": null, "payment:debit_cards": null, "fuel:air": null, "fuel:e10": null, "ref": null, "addr:housenumber": null, "addr:country": null, "addr:state": null, "area": null, "fuel:nitrogen": null, "ref:iocl": null }, "geometry": { "type": "Polygon", "coordinates": [ [ [ 72.8232158, 18.9440862 ], [ 72.8233381, 18.944047 ], [ 72.8233052, 18.9439551 ], [ 72.8231829, 18.9439943 ], [ 72.8232158, 18.9440862 ] ] ] } },
{ "type": "Feature", "properties": { "element": "way", "id": 357403059, "amenity": "fuel", "name": "Indian Oil", "operator": null, "brand": "Indian Oil", "brand:wikidata": "Q1289348", "source": null, "ele": null, "addr:city": null, "addr:postcode": null, "addr:street": null, "opening_hours": null, "brand:wikipedia": null, "official_name": null, "fuel:cng": null, "fuel:diesel": null, "brand:ur": null, "compressed_air": null, "fuel:biodiesel": null, "fuel:biogas": null, "fuel:octane_91": null, "fuel:octane_95": null, "fuel:octane_98": null, "name:ur": null, "official_name:ur": null, "operator:type": null, "check_date": null, "name:en": null, "atm": null, "short_name": null, "self_service": null, "fuel:gasoline": null, "name:mr": null, "fuel:petrol": null, "alt_name": null, "fuel:HGV_diesel": null, "fuel:electricity": null, "building": "roof", "layer": null, "payment:cards": null, "payment:cash": null, "payment:upi": null, "landuse": null, "fuel:cng_gas": null, "payment:credit_cards": null, "payment:debit_cards": null, "fuel:air": null, "fuel:e10": null, "ref": null, "addr:housenumber": null, "addr:country": null, "addr:state": null, "area": null, "fuel:nitrogen": null, "ref:iocl": null }, "geometry": { "type": "Polygon", "coordinates": [ [ [ 72.8378693, 19.0514062 ], [ 72.8378689, 19.0515847 ], [ 72.8380165, 19.0515851 ], [ 72.838017, 19.0514065 ], [ 72.8378693, 19.0514062 ] ] ] } },
{ "type": "Feature", "properties": { "element": "way", "id": 358291163, "amenity": "fuel", "name": "Indian Oil Petrol Pump", "operator": null, "brand": "Indian Oil Petrol Pump", "brand:wikidata": "Q1289348", "source": null, "ele": null, "addr:city": null, "addr:postcode": null, "addr:street": "Sant Gadge Maharaj Marg", "opening_hours": null, "brand:wikipedia": null, "official_name": null, "fuel:cng": null, "fuel:diesel": null, "brand:ur": null, "compressed_air": null, "fuel:biodiesel": null, "fuel:biogas": null, "fuel:octane_91": null, "fuel:octane_95": null, "fuel:octane_98": null, "name:ur": null, "official_name:ur": null, "operator:type": null, "check_date": null, "name:en": null, "atm": null, "short_name": null, "self_service": null, "fuel:gasoline": null, "name:mr": null, "fuel:petrol": null, "alt_name": null, "fuel:HGV_diesel": null, "fuel:electricity": null, "building": "yes", "layer": null, "payment:cards": null, "payment:cash": null, "payment:upi": null, "landuse": null, "fuel:cng_gas": null, "payment:credit_cards": null, "payment:debit_cards": null, "fuel:air": null, "fuel:e10": null, "ref": null, "addr:housenumber": null, "addr:country": null, "addr:state": null, "area": null, "fuel:nitrogen": null, "ref:iocl": null }, "geometry": { "type": "Polygon", "coordinates": [ [ [ 72.8648804, 19.1394547 ], [ 72.8650477, 19.1394688 ], [ 72.8650609, 19.13933 ], [ 72.8648936, 19.1393159 ], [ 72.8648804, 19.1394547 ] ] ] } },
{ "type": "Feature", "properties": { "element": "way", "id": 359502509, "amenity": "fuel", "name": "Bharat Petroleum", "operator": null, "brand": "Bharat Petroleum", "brand:wikidata": "Q854826", "source": null, "ele": null, "addr:city": null, "addr:postcode": null, "addr:street": null, "opening_hours": null, "brand:wikipedia": null, "official_name": null, "fuel:cng": null, "fuel:diesel": null, "brand:ur": null, "compressed_air": "yes", "fuel:biodiesel": null, "fuel:biogas": null, "fuel:octane_91": null, "fuel:octane_95": null, "fuel:octane_98": null, "name:ur": null, "official_name:ur": null, "operator:type": null, "check_date": null, "name:en": null, "atm": null, "short_name": null, "self_service": null, "fuel:gasoline": null, "name:mr": null, "fuel:petrol": null, "alt_name": null, "fuel:HGV_diesel": null, "fuel:electricity": null, "building": "yes", "layer": null, "payment:cards": null, "payment:cash": null, "payment:upi": null, "landuse": null, "fuel:cng_gas": null, "payment:credit_cards": null, "payment:debit_cards": null, "fuel:air": null, "fuel:e10": null, "ref": null, "addr:housenumber": null, "addr:country": null, "addr:state": null, "area": null, "fuel:nitrogen": null, "ref:iocl": null }, "geometry": { "type": "Polygon", "coordinates": [ [ [ 72.8873673, 19.0536645 ], [ 72.8875029, 19.0536724 ], [ 72.8875111, 19.0535478 ], [ 72.8873754, 19.0535398 ], [ 72.8873673, 19.0536645 ] ] ] } },
{ "type": "Feature", "properties": { "element": "way", "id": 430416034, "amenity": "fuel", "name": "Indian Oil", "operator": "Indian Oil", "brand": "Indian Oil", "brand:wikidata": "Q1289348", "source": null, "ele": null, "addr:city": null, "addr:postcode": null, "addr:street": null, "opening_hours": null, "brand:wikipedia": null, "official_name": null, "fuel:cng": null, "fuel:diesel": null, "brand:ur": null, "compressed_air": null, "fuel:biodiesel": null, "fuel:biogas": null, "fuel:octane_91": null, "fuel:octane_95": null, "fuel:octane_98": null, "name:ur": null, "official_name:ur": null, "operator:type": null, "check_date": null, "name:en": null, "atm": null, "short_name": null, "self_service": null, "fuel:gasoline": null, "name:mr": null, "fuel:petrol": null, "alt_name": null, "fuel:HGV_diesel": null, "fuel:electricity": null, "building": null, "layer": null, "payment:cards": null, "payment:cash": null, "payment:upi": null, "landuse": "commercial", "fuel:cng_gas": null, "payment:credit_cards": null, "payment:debit_cards": null, "fuel:air": null, "fuel:e10": null, "ref": null, "addr:housenumber": null, "addr:country": null, "addr:state": null, "area": null, "fuel:nitrogen": null, "ref:iocl": null }, "geometry": { "type": "Polygon", "coordinates": [ [ [ 72.8644843, 19.0603324 ], [ 72.8645244, 19.0599851 ], [ 72.8648043, 19.060014 ], [ 72.8647642, 19.0603613 ], [ 72.8644843, 19.0603324 ] ] ] } },
{ "type": "Feature", "properties": { "element": "way", "id": 589171586, "amenity": "fuel", "name": "Bharat Petroleum", "operator": null, "brand": "Bharat Petroleum", "brand:wikidata": "Q854826", "source": null, "ele": null, "addr:city": null, "addr:postcode": "400057", "addr:street": "Nehru Road", "opening_hours": "24/7", "brand:wikipedia": "en:Bharat Petroleum", "official_name": null, "fuel:cng": null, "fuel:diesel": "yes", "brand:ur": null, "compressed_air": null, "fuel:biodiesel": null, "fuel:biogas": null, "fuel:octane_91": null, "fuel:octane_95": null, "fuel:octane_98": null, "name:ur": null, "official_name:ur": null, "operator:type": null, "check_date": null, "name:en": null, "atm": null, "short_name": null, "self_service": null, "fuel:gasoline": null, "name:mr": null, "fuel:petrol": "yes", "alt_name": null, "fuel:HGV_diesel": null, "fuel:electricity": null, "building": null, "layer": null, "payment:cards": null, "payment:cash": "yes", "payment:upi": null, "landuse": null, "fuel:cng_gas": null, "payment:credit_cards": "yes", "payment:debit_cards": "yes", "fuel:air": null, "fuel:e10": null, "ref": null, "addr:housenumber": null, "addr:country": null, "addr:state": null, "area": null, "fuel:nitrogen": null, "ref:iocl": null }, "geometry": { "type": "Polygon", "coordinates": [ [ [ 72.8506913, 19.0973271 ], [ 72.850872, 19.0972331 ], [ 72.8508754, 19.0970807 ], [ 72.8506307, 19.0971672 ], [ 72.8506913, 19.0973271 ] ] ] } },
{ "type": "Feature", "properties": { "element": "way", "id": 627613000, "amenity": "fuel", "name": null, "operator": null, "brand": null, "brand:wikidata": null, "source": null, "ele": null, "addr:city": null, "addr:postcode": null, "addr:street": null, "opening_hours": null, "brand:wikipedia": null, "official_name": null, "fuel:cng": null, "fuel:diesel": null, "brand:ur": null, "compressed_air": null, "fuel:biodiesel": null, "fuel:biogas": null, "fuel:octane_91": null, "fuel:octane_95": null, "fuel:octane_98": null, "name:ur": null, "official_name:ur": null, "operator:type": null, "check_date": null, "name:en": null, "atm": null, "short_name": null, "self_service": null, "fuel:gasoline": null, "name:mr": null, "fuel:petrol": null, "alt_name": null, "fuel:HGV_diesel": null, "fuel:electricity": null, "building": null, "layer": null, "payment:cards": null, "payment:cash": null, "payment:upi": null, "landuse": "commercial", "fuel:cng_gas": null, "payment:credit_cards": null, "payment:debit_cards": null, "fuel:air": null, "fuel:e10": null, "ref": null, "addr:housenumber": null, "addr:country": null, "addr:state": null, "area": null, "fuel:nitrogen": null, "ref:iocl": null }, "geometry": { "type": "Polygon", "coordinates": [ [ [ 72.9436183, 19.1774895 ], [ 72.943849, 19.1777428 ], [ 72.9438275, 19.1777935 ], [ 72.9435512, 19.1778467 ], [ 72.9434654, 19.1778289 ], [ 72.9433179, 19.1777099 ], [ 72.9436183, 19.1774895 ] ] ] } },
{ "type": "Feature", "properties": { "element": "way", "id": 628995053, "amenity": "fuel", "name": "Indian Oil", "operator": "Indian oil", "brand": "Indian Oil", "brand:wikidata": "Q1289348", "source": null, "ele": null, "addr:city": null, "addr:postcode": null, "addr:street": null, "opening_hours": null, "brand:wikipedia": null, "official_name": null, "fuel:cng": null, "fuel:diesel": "yes", "brand:ur": null, "compressed_air": null, "fuel:biodiesel": null, "fuel:biogas": null, "fuel:octane_91": null, "fuel:octane_95": null, "fuel:octane_98": null, "name:ur": null, "official_name:ur": null, "operator:type": null, "check_date": "2023-01-14", "name:en": "Indian Oil", "atm": null, "short_name": null, "self_service": "no", "fuel:gasoline": null, "name:mr": "इंडियन ऑइल", "fuel:petrol": "yes", "alt_name": null, "fuel:HGV_diesel": null, "fuel:electricity": null, "building": null, "layer": null, "payment:cards": null, "payment:cash": null, "payment:upi": null, "landuse": "commercial", "fuel:cng_gas": null, "payment:credit_cards": null, "payment:debit_cards": null, "fuel:air": null, "fuel:e10": null, "ref": "MH-0817", "addr:housenumber": null, "addr:country": null, "addr:state": null, "area": null, "fuel:nitrogen": null, "ref:iocl": null }, "geometry": { "type": "Polygon", "coordinates": [ [ [ 72.8581095, 19.1603149 ], [ 72.8580581, 19.1598068 ], [ 72.8587046, 19.1597486 ], [ 72.8587559, 19.1602566 ], [ 72.8581095, 19.1603149 ] ] ] } },
{ "type": "Feature", "properties": { "element": "way", "id": 682336873, "amenity": "fuel", "name": "Bharat Petroleum", "operator": null, "brand": "Bharat Petroleum", "brand:wikidata": "Q854826", "source": null, "ele": null, "addr:city": null, "addr:postcode": null, "addr:street": null, "opening_hours": null, "brand:wikipedia": null, "official_name": null, "fuel:cng": null, "fuel:diesel": null, "brand:ur": null, "compressed_air": null, "fuel:biodiesel": null, "fuel:biogas": null, "fuel:octane_91": null, "fuel:octane_95": null, "fuel:octane_98": null, "name:ur": null, "official_name:ur": null, "operator:type": null, "check_date": null, "name:en": null, "atm": null, "short_name": null, "self_service": null, "fuel:gasoline": null, "name:mr": null, "fuel:petrol": null, "alt_name": null, "fuel:HGV_diesel": null, "fuel:electricity": null, "building": "yes", "layer": null, "payment:cards": null, "payment:cash": null, "payment:upi": null, "landuse": null, "fuel:cng_gas": null, "payment:credit_cards": null, "payment:debit_cards": null, "fuel:air": null, "fuel:e10": null, "ref": null, "addr:housenumber": null, "addr:country": null, "addr:state": null, "area": null, "fuel:nitrogen": null, "ref:iocl": null }, "geometry": { "type": "Polygon", "coordinates": [ [ [ 72.85429, 19.0263557 ], [ 72.8543945, 19.0264656 ], [ 72.8544659, 19.0264601 ], [ 72.8545343, 19.0265186 ], [ 72.8545755, 19.0264895 ], [ 72.8543716, 19.0262866 ], [ 72.85429, 19.0263557 ] ] ] } },
{ "type": "Feature", "properties": { "element": "way", "id": 754305596, "amenity": "fuel", "name": "Bharat petroleum", "operator": null, "brand": null, "brand:wikidata": null, "source": null, "ele": null, "addr:city": null, "addr:postcode": "400026", "addr:street": "Pedder Road (Gopalrao Deshmukh Marg)", "opening_hours": null, "brand:wikipedia": null, "official_name": null, "fuel:cng": null, "fuel:diesel": "yes", "brand:ur": null, "compressed_air": "yes", "fuel:biodiesel": null, "fuel:biogas": null, "fuel:octane_91": null, "fuel:octane_95": null, "fuel:octane_98": null, "name:ur": null, "official_name:ur": null, "operator:type": null, "check_date": null, "name:en": null, "atm": null, "short_name": null, "self_service": null, "fuel:gasoline": null, "name:mr": null, "fuel:petrol": "yes", "alt_name": null, "fuel:HGV_diesel": null, "fuel:electricity": null, "building": null, "layer": null, "payment:cards": null, "payment:cash": null, "payment:upi": null, "landuse": null, "fuel:cng_gas": null, "payment:credit_cards": null, "payment:debit_cards": null, "fuel:air": null, "fuel:e10": null, "ref": null, "addr:housenumber": null, "addr:country": null, "addr:state": null, "area": null, "fuel:nitrogen": null, "ref:iocl": null }, "geometry": { "type": "Polygon", "coordinates": [ [ [ 72.8094633, 18.9725364 ], [ 72.8094955, 18.972322 ], [ 72.8096148, 18.9723398 ], [ 72.809584, 18.972549 ], [ 72.8094633, 18.9725364 ] ] ] } },
{ "type": "Feature", "properties": { "element": "way", "id": 833520641, "amenity": "fuel", "name": null, "operator": null, "brand": null, "brand:wikidata": null, "source": null, "ele": null, "addr:city": null, "addr:postcode": null, "addr:street": null, "opening_hours": null, "brand:wikipedia": null, "official_name": null, "fuel:cng": null, "fuel:diesel": null, "brand:ur": null, "compressed_air": null, "fuel:biodiesel": null, "fuel:biogas": null, "fuel:octane_91": null, "fuel:octane_95": null, "fuel:octane_98": null, "name:ur": null, "official_name:ur": null, "operator:type": null, "check_date": null, "name:en": null, "atm": null, "short_name": null, "self_service": null, "fuel:gasoline": null, "name:mr": null, "fuel:petrol": null, "alt_name": null, "fuel:HGV_diesel": null, "fuel:electricity": null, "building": null, "layer": null, "payment:cards": null, "payment:cash": null, "payment:upi": null, "landuse": null, "fuel:cng_gas": null, "payment:credit_cards": null, "payment:debit_cards": null, "fuel:air": null, "fuel:e10": null, "ref": null, "addr:housenumber": null, "addr:country": null, "addr:state": null, "area": null, "fuel:nitrogen": null, "ref:iocl": null }, "geometry": { "type": "Polygon", "coordinates": [ [ [ 72.8738538, 19.1028466 ], [ 72.8738551, 19.1027204 ], [ 72.8740445, 19.1027222 ], [ 72.8740432, 19.1028484 ], [ 72.8738538, 19.1028466 ] ] ] } },
{ "type": "Feature", "properties": { "element": "way", "id": 880764878, "amenity": "fuel", "name": "Nattional Bharat PetrolPump", "operator": null, "brand": "Bharat Petrolium", "brand:wikidata": null, "source": null, "ele": null, "addr:city": "Mumbai", "addr:postcode": "400028", "addr:street": "Gokhale Road", "opening_hours": null, "brand:wikipedia": null, "official_name": null, "fuel:cng": null, "fuel:diesel": null, "brand:ur": null, "compressed_air": null, "fuel:biodiesel": null, "fuel:biogas": null, "fuel:octane_91": null, "fuel:octane_95": null, "fuel:octane_98": null, "name:ur": null, "official_name:ur": null, "operator:type": null, "check_date": null, "name:en": null, "atm": null, "short_name": null, "self_service": null, "fuel:gasoline": null, "name:mr": null, "fuel:petrol": null, "alt_name": null, "fuel:HGV_diesel": null, "fuel:electricity": null, "building": null, "layer": null, "payment:cards": null, "payment:cash": null, "payment:upi": null, "landuse": null, "fuel:cng_gas": null, "payment:credit_cards": null, "payment:debit_cards": null, "fuel:air": null, "fuel:e10": null, "ref": null, "addr:housenumber": null, "addr:country": null, "addr:state": null, "area": null, "fuel:nitrogen": null, "ref:iocl": null }, "geometry": { "type": "Polygon", "coordinates": [ [ [ 72.8370422, 19.0215184 ], [ 72.8370981, 19.0215996 ], [ 72.8371723, 19.0215838 ], [ 72.8372266, 19.0216209 ], [ 72.8372299, 19.0216603 ], [ 72.8373417, 19.0216264 ], [ 72.8372849, 19.0215184 ], [ 72.8372249, 19.0213859 ], [ 72.8370422, 19.0215184 ] ] ] } },
{ "type": "Feature", "properties": { "element": "way", "id": 905418916, "amenity": "fuel", "name": null, "operator": null, "brand": null, "brand:wikidata": null, "source": null, "ele": null, "addr:city": null, "addr:postcode": null, "addr:street": null, "opening_hours": null, "brand:wikipedia": null, "official_name": null, "fuel:cng": "yes", "fuel:diesel": null, "brand:ur": null, "compressed_air": "yes", "fuel:biodiesel": null, "fuel:biogas": null, "fuel:octane_91": null, "fuel:octane_95": null, "fuel:octane_98": null, "name:ur": null, "official_name:ur": null, "operator:type": null, "check_date": null, "name:en": null, "atm": null, "short_name": null, "self_service": null, "fuel:gasoline": null, "name:mr": null, "fuel:petrol": null, "alt_name": null, "fuel:HGV_diesel": null, "fuel:electricity": null, "building": null, "layer": null, "payment:cards": null, "payment:cash": null, "payment:upi": null, "landuse": null, "fuel:cng_gas": null, "payment:credit_cards": null, "payment:debit_cards": null, "fuel:air": null, "fuel:e10": null, "ref": null, "addr:housenumber": null, "addr:country": null, "addr:state": null, "area": null, "fuel:nitrogen": null, "ref:iocl": null }, "geometry": { "type": "Polygon", "coordinates": [ [ [ 72.9164174, 19.0445807 ], [ 72.9165478, 19.0445676 ], [ 72.9165339, 19.0445051 ], [ 72.9164034, 19.0445199 ], [ 72.9164174, 19.0445807 ] ] ] } },
{ "type": "Feature", "properties": { "element": "way", "id": 957933808, "amenity": "fuel", "name": "Satguru Automobiles", "operator": "Satguru Automobiles", "brand": "BPCL", "brand:wikidata": null, "source": null, "ele": null, "addr:city": "Mumbai", "addr:postcode": "400014", "addr:street": "G.D. Ambedkar Marg (Katrak Road)", "opening_hours": null, "brand:wikipedia": null, "official_name": null, "fuel:cng": null, "fuel:diesel": null, "brand:ur": null, "compressed_air": null, "fuel:biodiesel": null, "fuel:biogas": null, "fuel:octane_91": null, "fuel:octane_95": null, "fuel:octane_98": null, "name:ur": null, "official_name:ur": null, "operator:type": null, "check_date": null, "name:en": null, "atm": null, "short_name": null, "self_service": null, "fuel:gasoline": null, "name:mr": null, "fuel:petrol": null, "alt_name": null, "fuel:HGV_diesel": null, "fuel:electricity": null, "building": null, "layer": null, "payment:cards": null, "payment:cash": null, "payment:upi": null, "landuse": null, "fuel:cng_gas": null, "payment:credit_cards": null, "payment:debit_cards": null, "fuel:air": null, "fuel:e10": null, "ref": null, "addr:housenumber": "711", "addr:country": null, "addr:state": null, "area": null, "fuel:nitrogen": null, "ref:iocl": null }, "geometry": { "type": "Polygon", "coordinates": [ [ [ 72.8519428, 19.0162726 ], [ 72.8518254, 19.0161584 ], [ 72.8518951, 19.0160935 ], [ 72.8520126, 19.0162073 ], [ 72.8519428, 19.0162726 ] ] ] } },
{ "type": "Feature", "properties": { "element": "way", "id": 1125690130, "amenity": "fuel", "name": "Zojwala Petroleum", "operator": null, "brand": "Hindustan Petroleum", "brand:wikidata": "Q1619375", "source": null, "ele": null, "addr:city": "Mumbai", "addr:postcode": "400080", "addr:street": "LBS Marg", "opening_hours": null, "brand:wikipedia": null, "official_name": "Hindustan Petroleum", "fuel:cng": null, "fuel:diesel": null, "brand:ur": null, "compressed_air": null, "fuel:biodiesel": null, "fuel:biogas": null, "fuel:octane_91": null, "fuel:octane_95": null, "fuel:octane_98": null, "name:ur": null, "official_name:ur": null, "operator:type": null, "check_date": null, "name:en": null, "atm": null, "short_name": null, "self_service": null, "fuel:gasoline": null, "name:mr": null, "fuel:petrol": null, "alt_name": null, "fuel:HGV_diesel": null, "fuel:electricity": null, "building": null, "layer": null, "payment:cards": null, "payment:cash": null, "payment:upi": null, "landuse": null, "fuel:cng_gas": null, "payment:credit_cards": null, "payment:debit_cards": null, "fuel:air": null, "fuel:e10": null, "ref": null, "addr:housenumber": null, "addr:country": "IN", "addr:state": "MAHARASHTRA", "area": null, "fuel:nitrogen": null, "ref:iocl": null }, "geometry": { "type": "Polygon", "coordinates": [ [ [ 72.9485214, 19.1833794 ], [ 72.9487011, 19.1834453 ], [ 72.9487413, 19.1835035 ], [ 72.9487333, 19.1835593 ], [ 72.9486394, 19.1837163 ], [ 72.9484302, 19.1836175 ], [ 72.9485214, 19.1833794 ] ] ] } },
{ "type": "Feature", "properties": { "element": "way", "id": 1127698095, "amenity": "fuel", "name": "Indian Oil", "operator": null, "brand": "Indian Oil", "brand:wikidata": "Q1289348", "source": null, "ele": null, "addr:city": null, "addr:postcode": null, "addr:street": null, "opening_hours": null, "brand:wikipedia": null, "official_name": null, "fuel:cng": null, "fuel:diesel": null, "brand:ur": null, "compressed_air": "yes", "fuel:biodiesel": null, "fuel:biogas": null, "fuel:octane_91": null, "fuel:octane_95": null, "fuel:octane_98": null, "name:ur": null, "official_name:ur": null, "operator:type": null, "check_date": null, "name:en": null, "atm": null, "short_name": null, "self_service": null, "fuel:gasoline": null, "name:mr": null, "fuel:petrol": null, "alt_name": null, "fuel:HGV_diesel": null, "fuel:electricity": null, "building": null, "layer": null, "payment:cards": null, "payment:cash": null, "payment:upi": null, "landuse": null, "fuel:cng_gas": null, "payment:credit_cards": null, "payment:debit_cards": null, "fuel:air": null, "fuel:e10": null, "ref": null, "addr:housenumber": null, "addr:country": null, "addr:state": null, "area": null, "fuel:nitrogen": null, "ref:iocl": null }, "geometry": { "type": "Polygon", "coordinates": [ [ [ 72.9412472, 19.1718185 ], [ 72.9410837, 19.1714756 ], [ 72.9408225, 19.1715941 ], [ 72.9409585, 19.1718496 ], [ 72.9412472, 19.1718185 ] ] ] } },
{ "type": "Feature", "properties": { "element": "way", "id": 1127716254, "amenity": "fuel", "name": "Shell", "operator": null, "brand": "Shell", "brand:wikidata": "Q110716465", "source": null, "ele": null, "addr:city": null, "addr:postcode": null, "addr:street": null, "opening_hours": null, "brand:wikipedia": null, "official_name": null, "fuel:cng": null, "fuel:diesel": null, "brand:ur": null, "compressed_air": null, "fuel:biodiesel": null, "fuel:biogas": null, "fuel:octane_91": null, "fuel:octane_95": null, "fuel:octane_98": null, "name:ur": null, "official_name:ur": null, "operator:type": null, "check_date": null, "name:en": null, "atm": null, "short_name": null, "self_service": null, "fuel:gasoline": null, "name:mr": null, "fuel:petrol": null, "alt_name": null, "fuel:HGV_diesel": null, "fuel:electricity": null, "building": null, "layer": null, "payment:cards": null, "payment:cash": null, "payment:upi": null, "landuse": null, "fuel:cng_gas": null, "payment:credit_cards": null, "payment:debit_cards": null, "fuel:air": null, "fuel:e10": null, "ref": null, "addr:housenumber": null, "addr:country": null, "addr:state": null, "area": null, "fuel:nitrogen": null, "ref:iocl": null }, "geometry": { "type": "Polygon", "coordinates": [ [ [ 72.8880466, 19.105997 ], [ 72.8881025, 19.1063366 ], [ 72.8883993, 19.1059711 ], [ 72.8880466, 19.105997 ] ] ] } },
{ "type": "Feature", "properties": { "element": "way", "id": 1171261946, "amenity": "fuel", "name": "Indian Oil", "operator": null, "brand": "Indian Oil", "brand:wikidata": "Q1289348", "source": null, "ele": null, "addr:city": null, "addr:postcode": null, "addr:street": null, "opening_hours": null, "brand:wikipedia": null, "official_name": null, "fuel:cng": null, "fuel:diesel": null, "brand:ur": null, "compressed_air": null, "fuel:biodiesel": null, "fuel:biogas": null, "fuel:octane_91": null, "fuel:octane_95": null, "fuel:octane_98": null, "name:ur": null, "official_name:ur": null, "operator:type": null, "check_date": null, "name:en": null, "atm": null, "short_name": null, "self_service": "no", "fuel:gasoline": null, "name:mr": null, "fuel:petrol": null, "alt_name": null, "fuel:HGV_diesel": null, "fuel:electricity": null, "building": null, "layer": null, "payment:cards": null, "payment:cash": null, "payment:upi": null, "landuse": null, "fuel:cng_gas": null, "payment:credit_cards": null, "payment:debit_cards": null, "fuel:air": null, "fuel:e10": null, "ref": null, "addr:housenumber": null, "addr:country": null, "addr:state": null, "area": null, "fuel:nitrogen": null, "ref:iocl": null }, "geometry": { "type": "Polygon", "coordinates": [ [ [ 72.9139204, 19.0636241 ], [ 72.9136635, 19.0636887 ], [ 72.913667, 19.0637062 ], [ 72.9137155, 19.0639514 ], [ 72.9138717, 19.0639257 ], [ 72.9139445, 19.0639137 ], [ 72.9139218, 19.0636414 ], [ 72.9139204, 19.0636241 ] ] ] } },
{ "type": "Feature", "properties": { "element": "way", "id": 1218953725, "amenity": "fuel", "name": "HP", "operator": null, "brand": "Hindustan Petroleum", "brand:wikidata": "Q1619375", "source": null, "ele": null, "addr:city": null, "addr:postcode": null, "addr:street": null, "opening_hours": null, "brand:wikipedia": null, "official_name": "Hindustan Petroleum", "fuel:cng": null, "fuel:diesel": null, "brand:ur": null, "compressed_air": "no", "fuel:biodiesel": null, "fuel:biogas": null, "fuel:octane_91": null, "fuel:octane_95": null, "fuel:octane_98": null, "name:ur": null, "official_name:ur": null, "operator:type": null, "check_date": null, "name:en": "Hindustan Petroleum", "atm": null, "short_name": "HP", "self_service": null, "fuel:gasoline": null, "name:mr": null, "fuel:petrol": null, "alt_name": null, "fuel:HGV_diesel": null, "fuel:electricity": null, "building": null, "layer": null, "payment:cards": null, "payment:cash": null, "payment:upi": null, "landuse": null, "fuel:cng_gas": null, "payment:credit_cards": null, "payment:debit_cards": null, "fuel:air": null, "fuel:e10": null, "ref": null, "addr:housenumber": null, "addr:country": null, "addr:state": null, "area": null, "fuel:nitrogen": null, "ref:iocl": null }, "geometry": { "type": "Polygon", "coordinates": [ [ [ 72.8422673, 19.0384784 ], [ 72.8423237, 19.0384622 ], [ 72.8423006, 19.0383903 ], [ 72.8422442, 19.0384065 ], [ 72.8422673, 19.0384784 ] ] ] } },
{ "type": "Feature", "properties": { "element": "way", "id": 1218953726, "amenity": "fuel", "name": "Bharat Petroleum", "operator": null, "brand": "Bharat Petroleum", "brand:wikidata": "Q854826", "source": null, "ele": null, "addr:city": null, "addr:postcode": null, "addr:street": null, "opening_hours": null, "brand:wikipedia": null, "official_name": null, "fuel:cng": null, "fuel:diesel": null, "brand:ur": null, "compressed_air": null, "fuel:biodiesel": null, "fuel:biogas": null, "fuel:octane_91": null, "fuel:octane_95": null, "fuel:octane_98": null, "name:ur": null, "official_name:ur": null, "operator:type": null, "check_date": null, "name:en": null, "atm": null, "short_name": null, "self_service": null, "fuel:gasoline": null, "name:mr": null, "fuel:petrol": null, "alt_name": null, "fuel:HGV_diesel": null, "fuel:electricity": null, "building": "roof", "layer": null, "payment:cards": null, "payment:cash": null, "payment:upi": null, "landuse": null, "fuel:cng_gas": null, "payment:credit_cards": null, "payment:debit_cards": null, "fuel:air": null, "fuel:e10": null, "ref": null, "addr:housenumber": null, "addr:country": null, "addr:state": null, "area": null, "fuel:nitrogen": null, "ref:iocl": null }, "geometry": { "type": "Polygon", "coordinates": [ [ [ 72.8426333, 19.0353096 ], [ 72.8425644, 19.0352427 ], [ 72.8426101, 19.0352006 ], [ 72.8425762, 19.0351677 ], [ 72.8426291, 19.0351189 ], [ 72.8426936, 19.0351814 ], [ 72.8426431, 19.0352279 ], [ 72.8426815, 19.0352652 ], [ 72.8426333, 19.0353096 ] ] ] } },
{ "type": "Feature", "properties": { "element": "way", "id": 1225527266, "amenity": "fuel", "name": "HP", "operator": null, "brand": "Hindustan Petroleum", "brand:wikidata": "Q1619375", "source": null, "ele": null, "addr:city": null, "addr:postcode": null, "addr:street": null, "opening_hours": null, "brand:wikipedia": null, "official_name": "Hindustan Petroleum", "fuel:cng": null, "fuel:diesel": null, "brand:ur": null, "compressed_air": null, "fuel:biodiesel": null, "fuel:biogas": null, "fuel:octane_91": null, "fuel:octane_95": null, "fuel:octane_98": null, "name:ur": null, "official_name:ur": null, "operator:type": null, "check_date": null, "name:en": null, "atm": null, "short_name": "HP", "self_service": null, "fuel:gasoline": null, "name:mr": null, "fuel:petrol": null, "alt_name": null, "fuel:HGV_diesel": null, "fuel:electricity": null, "building": "yes", "layer": null, "payment:cards": null, "payment:cash": null, "payment:upi": null, "landuse": null, "fuel:cng_gas": null, "payment:credit_cards": null, "payment:debit_cards": null, "fuel:air": null, "fuel:e10": null, "ref": null, "addr:housenumber": null, "addr:country": null, "addr:state": null, "area": null, "fuel:nitrogen": null, "ref:iocl": null }, "geometry": { "type": "Polygon", "coordinates": [ [ [ 72.8368771, 19.0579356 ], [ 72.8368766, 19.0579157 ], [ 72.8367948, 19.0579177 ], [ 72.8367921, 19.0578207 ], [ 72.8369634, 19.0578164 ], [ 72.8369666, 19.0579333 ], [ 72.8368771, 19.0579356 ] ] ] } },
{ "type": "Feature", "properties": { "element": "way", "id": 1226705618, "amenity": "fuel", "name": "Bharat Petroleum", "operator": null, "brand": "Bharat Petroleum", "brand:wikidata": "Q854826", "source": null, "ele": null, "addr:city": null, "addr:postcode": null, "addr:street": null, "opening_hours": null, "brand:wikipedia": null, "official_name": null, "fuel:cng": null, "fuel:diesel": null, "brand:ur": null, "compressed_air": null, "fuel:biodiesel": null, "fuel:biogas": null, "fuel:octane_91": null, "fuel:octane_95": null, "fuel:octane_98": null, "name:ur": null, "official_name:ur": null, "operator:type": null, "check_date": null, "name:en": null, "atm": null, "short_name": null, "self_service": null, "fuel:gasoline": null, "name:mr": null, "fuel:petrol": null, "alt_name": null, "fuel:HGV_diesel": null, "fuel:electricity": null, "building": "yes", "layer": null, "payment:cards": null, "payment:cash": null, "payment:upi": null, "landuse": null, "fuel:cng_gas": null, "payment:credit_cards": null, "payment:debit_cards": null, "fuel:air": null, "fuel:e10": null, "ref": null, "addr:housenumber": null, "addr:country": null, "addr:state": null, "area": null, "fuel:nitrogen": null, "ref:iocl": null }, "geometry": { "type": "Polygon", "coordinates": [ [ [ 72.8403048, 19.0254241 ], [ 72.8404328, 19.0254473 ], [ 72.8404484, 19.0253702 ], [ 72.8403204, 19.0253469 ], [ 72.8403048, 19.0254241 ] ] ] } },
{ "type": "Feature", "properties": { "element": "way", "id": 1226781780, "amenity": "fuel", "name": "Bharat Petroleum", "operator": null, "brand": "Bharat Petroleum", "brand:wikidata": "Q854826", "source": null, "ele": null, "addr:city": null, "addr:postcode": null, "addr:street": null, "opening_hours": null, "brand:wikipedia": null, "official_name": null, "fuel:cng": null, "fuel:diesel": null, "brand:ur": null, "compressed_air": null, "fuel:biodiesel": null, "fuel:biogas": null, "fuel:octane_91": null, "fuel:octane_95": null, "fuel:octane_98": null, "name:ur": null, "official_name:ur": null, "operator:type": null, "check_date": null, "name:en": null, "atm": null, "short_name": null, "self_service": null, "fuel:gasoline": null, "name:mr": null, "fuel:petrol": null, "alt_name": null, "fuel:HGV_diesel": null, "fuel:electricity": null, "building": "roof", "layer": null, "payment:cards": null, "payment:cash": null, "payment:upi": null, "landuse": null, "fuel:cng_gas": null, "payment:credit_cards": null, "payment:debit_cards": null, "fuel:air": null, "fuel:e10": null, "ref": null, "addr:housenumber": null, "addr:country": null, "addr:state": null, "area": null, "fuel:nitrogen": null, "ref:iocl": null }, "geometry": { "type": "Polygon", "coordinates": [ [ [ 72.8242363, 18.933165 ], [ 72.824252, 18.9332906 ], [ 72.8241225, 18.9333051 ], [ 72.8241068, 18.9331795 ], [ 72.8242363, 18.933165 ] ] ] } },
{ "type": "Feature", "properties": { "element": "way", "id": 1226781781, "amenity": "fuel", "name": "Bharat Petroleum", "operator": null, "brand": "Bharat Petroleum", "brand:wikidata": "Q854826", "source": null, "ele": null, "addr:city": null, "addr:postcode": null, "addr:street": null, "opening_hours": null, "brand:wikipedia": null, "official_name": null, "fuel:cng": null, "fuel:diesel": null, "brand:ur": null, "compressed_air": null, "fuel:biodiesel": null, "fuel:biogas": null, "fuel:octane_91": null, "fuel:octane_95": null, "fuel:octane_98": null, "name:ur": null, "official_name:ur": null, "operator:type": null, "check_date": "2026-03-20", "name:en": null, "atm": null, "short_name": null, "self_service": null, "fuel:gasoline": null, "name:mr": null, "fuel:petrol": null, "alt_name": null, "fuel:HGV_diesel": null, "fuel:electricity": null, "building": "roof", "layer": null, "payment:cards": null, "payment:cash": null, "payment:upi": null, "landuse": null, "fuel:cng_gas": null, "payment:credit_cards": null, "payment:debit_cards": null, "fuel:air": null, "fuel:e10": null, "ref": null, "addr:housenumber": null, "addr:country": null, "addr:state": null, "area": null, "fuel:nitrogen": null, "ref:iocl": null }, "geometry": { "type": "Polygon", "coordinates": [ [ [ 72.8194241, 18.9668259 ], [ 72.819481, 18.9669388 ], [ 72.8193822, 18.9669834 ], [ 72.8193253, 18.9668705 ], [ 72.8194241, 18.9668259 ] ] ] } },
{ "type": "Feature", "properties": { "element": "way", "id": 1327051216, "amenity": "fuel", "name": null, "operator": null, "brand": null, "brand:wikidata": null, "source": null, "ele": null, "addr:city": null, "addr:postcode": null, "addr:street": null, "opening_hours": null, "brand:wikipedia": null, "official_name": null, "fuel:cng": null, "fuel:diesel": null, "brand:ur": null, "compressed_air": null, "fuel:biodiesel": null, "fuel:biogas": null, "fuel:octane_91": null, "fuel:octane_95": null, "fuel:octane_98": null, "name:ur": null, "official_name:ur": null, "operator:type": null, "check_date": null, "name:en": null, "atm": null, "short_name": null, "self_service": null, "fuel:gasoline": null, "name:mr": null, "fuel:petrol": null, "alt_name": null, "fuel:HGV_diesel": null, "fuel:electricity": null, "building": "yes", "layer": null, "payment:cards": null, "payment:cash": null, "payment:upi": null, "landuse": null, "fuel:cng_gas": null, "payment:credit_cards": null, "payment:debit_cards": null, "fuel:air": null, "fuel:e10": null, "ref": null, "addr:housenumber": null, "addr:country": null, "addr:state": null, "area": null, "fuel:nitrogen": null, "ref:iocl": null }, "geometry": { "type": "Polygon", "coordinates": [ [ [ 72.8379333, 19.0882295 ], [ 72.8379344, 19.0883081 ], [ 72.8379989, 19.0883073 ], [ 72.8379978, 19.0882287 ], [ 72.8379333, 19.0882295 ] ] ] } },
{ "type": "Feature", "properties": { "element": "way", "id": 1330349900, "amenity": "fuel", "name": "Bharat Petroleum", "operator": null, "brand": "Bharat Petroleum", "brand:wikidata": "Q854826", "source": null, "ele": null, "addr:city": null, "addr:postcode": null, "addr:street": null, "opening_hours": null, "brand:wikipedia": null, "official_name": null, "fuel:cng": null, "fuel:diesel": null, "brand:ur": null, "compressed_air": null, "fuel:biodiesel": null, "fuel:biogas": null, "fuel:octane_91": null, "fuel:octane_95": null, "fuel:octane_98": null, "name:ur": null, "official_name:ur": null, "operator:type": null, "check_date": null, "name:en": null, "atm": null, "short_name": null, "self_service": null, "fuel:gasoline": null, "name:mr": null, "fuel:petrol": null, "alt_name": null, "fuel:HGV_diesel": null, "fuel:electricity": null, "building": "roof", "layer": null, "payment:cards": null, "payment:cash": null, "payment:upi": null, "landuse": null, "fuel:cng_gas": null, "payment:credit_cards": null, "payment:debit_cards": null, "fuel:air": null, "fuel:e10": null, "ref": null, "addr:housenumber": null, "addr:country": null, "addr:state": null, "area": null, "fuel:nitrogen": null, "ref:iocl": null }, "geometry": { "type": "Polygon", "coordinates": [ [ [ 72.8472661, 19.1308898 ], [ 72.8474243, 19.1308911 ], [ 72.8474222, 19.1311049 ], [ 72.8472641, 19.1311036 ], [ 72.8472661, 19.1308898 ] ] ] } },
{ "type": "Feature", "properties": { "element": "way", "id": 1330720643, "amenity": "fuel", "name": null, "operator": null, "brand": null, "brand:wikidata": null, "source": null, "ele": null, "addr:city": null, "addr:postcode": null, "addr:street": null, "opening_hours": null, "brand:wikipedia": null, "official_name": null, "fuel:cng": null, "fuel:diesel": null, "brand:ur": null, "compressed_air": null, "fuel:biodiesel": null, "fuel:biogas": null, "fuel:octane_91": null, "fuel:octane_95": null, "fuel:octane_98": null, "name:ur": null, "official_name:ur": null, "operator:type": null, "check_date": null, "name:en": null, "atm": null, "short_name": null, "self_service": null, "fuel:gasoline": null, "name:mr": null, "fuel:petrol": null, "alt_name": null, "fuel:HGV_diesel": null, "fuel:electricity": null, "building": null, "layer": null, "payment:cards": null, "payment:cash": null, "payment:upi": null, "landuse": "commercial", "fuel:cng_gas": null, "payment:credit_cards": null, "payment:debit_cards": null, "fuel:air": null, "fuel:e10": null, "ref": null, "addr:housenumber": null, "addr:country": null, "addr:state": null, "area": null, "fuel:nitrogen": null, "ref:iocl": null }, "geometry": { "type": "Polygon", "coordinates": [ [ [ 72.8822621, 19.1291408 ], [ 72.8816571, 19.1291486 ], [ 72.8816432, 19.1286542 ], [ 72.8822413, 19.1286441 ], [ 72.8822621, 19.1291408 ] ] ] } },
{ "type": "Feature", "properties": { "element": "way", "id": 1332411311, "amenity": "fuel", "name": "HP", "operator": null, "brand": "Hindustan Petroleum", "brand:wikidata": "Q1619375", "source": null, "ele": null, "addr:city": null, "addr:postcode": null, "addr:street": null, "opening_hours": null, "brand:wikipedia": null, "official_name": "Hindustan Petroleum", "fuel:cng": null, "fuel:diesel": null, "brand:ur": null, "compressed_air": null, "fuel:biodiesel": null, "fuel:biogas": null, "fuel:octane_91": null, "fuel:octane_95": null, "fuel:octane_98": null, "name:ur": null, "official_name:ur": null, "operator:type": null, "check_date": null, "name:en": null, "atm": null, "short_name": null, "self_service": "no", "fuel:gasoline": null, "name:mr": null, "fuel:petrol": null, "alt_name": null, "fuel:HGV_diesel": null, "fuel:electricity": null, "building": "roof", "layer": null, "payment:cards": null, "payment:cash": null, "payment:upi": null, "landuse": null, "fuel:cng_gas": null, "payment:credit_cards": null, "payment:debit_cards": null, "fuel:air": null, "fuel:e10": null, "ref": null, "addr:housenumber": null, "addr:country": null, "addr:state": null, "area": null, "fuel:nitrogen": null, "ref:iocl": null }, "geometry": { "type": "Polygon", "coordinates": [ [ [ 72.8949196, 19.0862253 ], [ 72.895013, 19.0862525 ], [ 72.8950424, 19.0861623 ], [ 72.894949, 19.086135 ], [ 72.8949196, 19.0862253 ] ] ] } },
{ "type": "Feature", "properties": { "element": "way", "id": 1335347041, "amenity": "fuel", "name": "HP", "operator": null, "brand": "Hindustan Petroleum", "brand:wikidata": "Q1619375", "source": null, "ele": null, "addr:city": null, "addr:postcode": null, "addr:street": null, "opening_hours": null, "brand:wikipedia": null, "official_name": "Hindustan Petroleum", "fuel:cng": null, "fuel:diesel": null, "brand:ur": null, "compressed_air": "yes", "fuel:biodiesel": null, "fuel:biogas": null, "fuel:octane_91": null, "fuel:octane_95": null, "fuel:octane_98": null, "name:ur": null, "official_name:ur": null, "operator:type": null, "check_date": null, "name:en": null, "atm": null, "short_name": "HP", "self_service": null, "fuel:gasoline": null, "name:mr": null, "fuel:petrol": null, "alt_name": null, "fuel:HGV_diesel": null, "fuel:electricity": null, "building": "roof", "layer": null, "payment:cards": null, "payment:cash": null, "payment:upi": null, "landuse": null, "fuel:cng_gas": null, "payment:credit_cards": null, "payment:debit_cards": null, "fuel:air": null, "fuel:e10": null, "ref": null, "addr:housenumber": null, "addr:country": null, "addr:state": null, "area": null, "fuel:nitrogen": null, "ref:iocl": null }, "geometry": { "type": "Polygon", "coordinates": [ [ [ 72.8372917, 19.0551455 ], [ 72.8374303, 19.0551771 ], [ 72.8374067, 19.0552696 ], [ 72.8372681, 19.0552379 ], [ 72.8372917, 19.0551455 ] ] ] } },
{ "type": "Feature", "properties": { "element": "way", "id": 1344478830, "amenity": "fuel", "name": "Bharat Petroleum", "operator": null, "brand": "Bharat Petroleum", "brand:wikidata": "Q854826", "source": null, "ele": null, "addr:city": null, "addr:postcode": null, "addr:street": null, "opening_hours": null, "brand:wikipedia": null, "official_name": null, "fuel:cng": null, "fuel:diesel": null, "brand:ur": null, "compressed_air": null, "fuel:biodiesel": null, "fuel:biogas": null, "fuel:octane_91": null, "fuel:octane_95": null, "fuel:octane_98": null, "name:ur": null, "official_name:ur": null, "operator:type": null, "check_date": "2026-03-12", "name:en": null, "atm": null, "short_name": null, "self_service": null, "fuel:gasoline": null, "name:mr": null, "fuel:petrol": null, "alt_name": null, "fuel:HGV_diesel": null, "fuel:electricity": null, "building": null, "layer": null, "payment:cards": null, "payment:cash": null, "payment:upi": null, "landuse": null, "fuel:cng_gas": null, "payment:credit_cards": null, "payment:debit_cards": null, "fuel:air": null, "fuel:e10": null, "ref": null, "addr:housenumber": null, "addr:country": null, "addr:state": null, "area": null, "fuel:nitrogen": null, "ref:iocl": null }, "geometry": { "type": "Polygon", "coordinates": [ [ [ 72.82712, 18.9167166 ], [ 72.8271712, 18.916668 ], [ 72.8271072, 18.916609 ], [ 72.8270579, 18.9166518 ], [ 72.82712, 18.9167166 ] ] ] } },
{ "type": "Feature", "properties": { "element": "way", "id": 1363598084, "amenity": "fuel", "name": null, "operator": "Mahanagar Gas", "brand": null, "brand:wikidata": null, "source": null, "ele": null, "addr:city": null, "addr:postcode": null, "addr:street": null, "opening_hours": null, "brand:wikipedia": null, "official_name": null, "fuel:cng": "yes", "fuel:diesel": null, "brand:ur": null, "compressed_air": null, "fuel:biodiesel": null, "fuel:biogas": null, "fuel:octane_91": null, "fuel:octane_95": null, "fuel:octane_98": null, "name:ur": null, "official_name:ur": null, "operator:type": null, "check_date": null, "name:en": null, "atm": null, "short_name": null, "self_service": "no", "fuel:gasoline": null, "name:mr": null, "fuel:petrol": null, "alt_name": null, "fuel:HGV_diesel": null, "fuel:electricity": null, "building": null, "layer": null, "payment:cards": null, "payment:cash": null, "payment:upi": null, "landuse": null, "fuel:cng_gas": null, "payment:credit_cards": null, "payment:debit_cards": null, "fuel:air": null, "fuel:e10": null, "ref": null, "addr:housenumber": null, "addr:country": null, "addr:state": null, "area": null, "fuel:nitrogen": null, "ref:iocl": null }, "geometry": { "type": "Polygon", "coordinates": [ [ [ 72.8642474, 19.1756369 ], [ 72.8644921, 19.1756404 ], [ 72.864503, 19.1755029 ], [ 72.8642529, 19.1754737 ], [ 72.8642474, 19.1756369 ] ] ] } },
{ "type": "Feature", "properties": { "element": "way", "id": 1366188710, "amenity": "fuel", "name": "M/s Uganda Service Station", "operator": null, "brand": "Bharat Petroleum", "brand:wikidata": null, "source": null, "ele": null, "addr:city": null, "addr:postcode": null, "addr:street": null, "opening_hours": null, "brand:wikipedia": null, "official_name": null, "fuel:cng": null, "fuel:diesel": null, "brand:ur": null, "compressed_air": null, "fuel:biodiesel": null, "fuel:biogas": null, "fuel:octane_91": null, "fuel:octane_95": null, "fuel:octane_98": null, "name:ur": null, "official_name:ur": null, "operator:type": null, "check_date": null, "name:en": null, "atm": null, "short_name": null, "self_service": null, "fuel:gasoline": null, "name:mr": null, "fuel:petrol": null, "alt_name": null, "fuel:HGV_diesel": null, "fuel:electricity": null, "building": null, "layer": null, "payment:cards": null, "payment:cash": null, "payment:upi": null, "landuse": null, "fuel:cng_gas": null, "payment:credit_cards": null, "payment:debit_cards": null, "fuel:air": null, "fuel:e10": null, "ref": null, "addr:housenumber": null, "addr:country": null, "addr:state": null, "area": null, "fuel:nitrogen": null, "ref:iocl": null }, "geometry": { "type": "Polygon", "coordinates": [ [ [ 72.8553814, 19.0139301 ], [ 72.8554371, 19.0140136 ], [ 72.8553491, 19.0140662 ], [ 72.8552933, 19.0139826 ], [ 72.8553814, 19.0139301 ] ] ] } },
{ "type": "Feature", "properties": { "element": "way", "id": 1366188903, "amenity": "fuel", "name": null, "operator": null, "brand": "HP", "brand:wikidata": null, "source": null, "ele": null, "addr:city": null, "addr:postcode": null, "addr:street": null, "opening_hours": null, "brand:wikipedia": null, "official_name": null, "fuel:cng": null, "fuel:diesel": null, "brand:ur": null, "compressed_air": null, "fuel:biodiesel": null, "fuel:biogas": null, "fuel:octane_91": null, "fuel:octane_95": null, "fuel:octane_98": null, "name:ur": null, "official_name:ur": null, "operator:type": null, "check_date": null, "name:en": null, "atm": null, "short_name": null, "self_service": null, "fuel:gasoline": null, "name:mr": null, "fuel:petrol": null, "alt_name": null, "fuel:HGV_diesel": null, "fuel:electricity": null, "building": null, "layer": null, "payment:cards": null, "payment:cash": null, "payment:upi": null, "landuse": null, "fuel:cng_gas": null, "payment:credit_cards": null, "payment:debit_cards": null, "fuel:air": null, "fuel:e10": null, "ref": null, "addr:housenumber": null, "addr:country": null, "addr:state": null, "area": "yes", "fuel:nitrogen": null, "ref:iocl": null }, "geometry": { "type": "Polygon", "coordinates": [ [ [ 72.8074531, 18.9549091 ], [ 72.807572, 18.9549752 ], [ 72.8075373, 18.955031 ], [ 72.8074184, 18.9549649 ], [ 72.8074531, 18.9549091 ] ] ] } },
{ "type": "Feature", "properties": { "element": "way", "id": 1381366792, "amenity": "fuel", "name": "HP", "operator": null, "brand": "Hindustan Petroleum", "brand:wikidata": "Q1619375", "source": null, "ele": null, "addr:city": null, "addr:postcode": null, "addr:street": null, "opening_hours": null, "brand:wikipedia": null, "official_name": "Hindustan Petroleum", "fuel:cng": null, "fuel:diesel": null, "brand:ur": null, "compressed_air": null, "fuel:biodiesel": null, "fuel:biogas": null, "fuel:octane_91": null, "fuel:octane_95": null, "fuel:octane_98": null, "name:ur": null, "official_name:ur": null, "operator:type": null, "check_date": null, "name:en": null, "atm": null, "short_name": null, "self_service": "no", "fuel:gasoline": null, "name:mr": null, "fuel:petrol": null, "alt_name": null, "fuel:HGV_diesel": null, "fuel:electricity": null, "building": "roof", "layer": null, "payment:cards": null, "payment:cash": null, "payment:upi": null, "landuse": null, "fuel:cng_gas": null, "payment:credit_cards": null, "payment:debit_cards": null, "fuel:air": null, "fuel:e10": null, "ref": null, "addr:housenumber": null, "addr:country": null, "addr:state": null, "area": null, "fuel:nitrogen": null, "ref:iocl": null }, "geometry": { "type": "Polygon", "coordinates": [ [ [ 72.8421124, 19.0367312 ], [ 72.8421051, 19.0367792 ], [ 72.8421132, 19.0368051 ], [ 72.8421406, 19.0368348 ], [ 72.8421607, 19.0368431 ], [ 72.8420882, 19.0369536 ], [ 72.8420294, 19.0369102 ], [ 72.8420842, 19.0368561 ], [ 72.8420608, 19.0367929 ], [ 72.8420084, 19.0367898 ], [ 72.8420189, 19.0367121 ], [ 72.8421124, 19.0367312 ] ] ] } },
{ "type": "Feature", "properties": { "element": "way", "id": 1387274677, "amenity": "fuel", "name": "Indian Oil", "operator": null, "brand": "Indian Oil", "brand:wikidata": "Q1289348", "source": null, "ele": null, "addr:city": null, "addr:postcode": null, "addr:street": null, "opening_hours": null, "brand:wikipedia": null, "official_name": null, "fuel:cng": null, "fuel:diesel": "yes", "brand:ur": null, "compressed_air": "yes", "fuel:biodiesel": null, "fuel:biogas": null, "fuel:octane_91": "yes", "fuel:octane_95": null, "fuel:octane_98": null, "name:ur": null, "official_name:ur": null, "operator:type": null, "check_date": null, "name:en": "Indian Oil", "atm": null, "short_name": null, "self_service": "no", "fuel:gasoline": null, "name:mr": null, "fuel:petrol": null, "alt_name": null, "fuel:HGV_diesel": null, "fuel:electricity": null, "building": null, "layer": null, "payment:cards": null, "payment:cash": null, "payment:upi": null, "landuse": null, "fuel:cng_gas": null, "payment:credit_cards": null, "payment:debit_cards": null, "fuel:air": null, "fuel:e10": null, "ref": null, "addr:housenumber": null, "addr:country": null, "addr:state": null, "area": null, "fuel:nitrogen": "yes", "ref:iocl": "MH-0022" }, "geometry": { "type": "Polygon", "coordinates": [ [ [ 72.8269034, 19.1038859 ], [ 72.8271002, 19.1038958 ], [ 72.8270845, 19.1041729 ], [ 72.8268877, 19.104163 ], [ 72.8269034, 19.1038859 ] ] ] } },
{ "type": "Feature", "properties": { "element": "way", "id": 1387274678, "amenity": "fuel", "name": null, "operator": null, "brand": null, "brand:wikidata": null, "source": null, "ele": null, "addr:city": null, "addr:postcode": null, "addr:street": null, "opening_hours": null, "brand:wikipedia": null, "official_name": null, "fuel:cng": null, "fuel:diesel": null, "brand:ur": null, "compressed_air": null, "fuel:biodiesel": null, "fuel:biogas": null, "fuel:octane_91": null, "fuel:octane_95": null, "fuel:octane_98": null, "name:ur": null, "official_name:ur": null, "operator:type": null, "check_date": null, "name:en": null, "atm": null, "short_name": null, "self_service": "no", "fuel:gasoline": null, "name:mr": null, "fuel:petrol": null, "alt_name": null, "fuel:HGV_diesel": null, "fuel:electricity": null, "building": "roof", "layer": null, "payment:cards": null, "payment:cash": null, "payment:upi": null, "landuse": null, "fuel:cng_gas": null, "payment:credit_cards": null, "payment:debit_cards": null, "fuel:air": null, "fuel:e10": null, "ref": null, "addr:housenumber": null, "addr:country": null, "addr:state": null, "area": null, "fuel:nitrogen": null, "ref:iocl": null }, "geometry": { "type": "Polygon", "coordinates": [ [ [ 72.8269763, 19.1041107 ], [ 72.8270421, 19.1041136 ], [ 72.8270396, 19.1041633 ], [ 72.8269738, 19.1041604 ], [ 72.8269763, 19.1041107 ] ] ] } },
{ "type": "Feature", "properties": { "element": "way", "id": 1393083962, "amenity": "fuel", "name": "Bharat Petroleum", "operator": null, "brand": "Bharat Petroleum", "brand:wikidata": "Q854826", "source": null, "ele": null, "addr:city": null, "addr:postcode": null, "addr:street": null, "opening_hours": null, "brand:wikipedia": null, "official_name": null, "fuel:cng": null, "fuel:diesel": null, "brand:ur": null, "compressed_air": null, "fuel:biodiesel": null, "fuel:biogas": null, "fuel:octane_91": null, "fuel:octane_95": null, "fuel:octane_98": null, "name:ur": null, "official_name:ur": null, "operator:type": null, "check_date": null, "name:en": null, "atm": null, "short_name": null, "self_service": null, "fuel:gasoline": null, "name:mr": null, "fuel:petrol": null, "alt_name": null, "fuel:HGV_diesel": null, "fuel:electricity": null, "building": null, "layer": null, "payment:cards": null, "payment:cash": null, "payment:upi": null, "landuse": null, "fuel:cng_gas": null, "payment:credit_cards": null, "payment:debit_cards": null, "fuel:air": null, "fuel:e10": null, "ref": null, "addr:housenumber": null, "addr:country": null, "addr:state": null, "area": null, "fuel:nitrogen": null, "ref:iocl": null }, "geometry": { "type": "Polygon", "coordinates": [ [ [ 72.8297152, 18.9194301 ], [ 72.8298975, 18.9193776 ], [ 72.8299261, 18.9194268 ], [ 72.8297878, 18.9195056 ], [ 72.8297152, 18.9194301 ] ] ] } },
{ "type": "Feature", "properties": { "element": "way", "id": 1430829659, "amenity": "fuel", "name": "Ravi Auto Services", "operator": null, "brand": null, "brand:wikidata": null, "source": "GPS", "ele": null, "addr:city": null, "addr:postcode": null, "addr:street": null, "opening_hours": null, "brand:wikipedia": null, "official_name": null, "fuel:cng": null, "fuel:diesel": "no", "brand:ur": null, "compressed_air": "yes", "fuel:biodiesel": null, "fuel:biogas": null, "fuel:octane_91": null, "fuel:octane_95": null, "fuel:octane_98": null, "name:ur": null, "official_name:ur": null, "operator:type": null, "check_date": null, "name:en": null, "atm": null, "short_name": null, "self_service": null, "fuel:gasoline": "yes", "name:mr": null, "fuel:petrol": null, "alt_name": null, "fuel:HGV_diesel": null, "fuel:electricity": null, "building": null, "layer": null, "payment:cards": null, "payment:cash": null, "payment:upi": null, "landuse": null, "fuel:cng_gas": null, "payment:credit_cards": null, "payment:debit_cards": null, "fuel:air": null, "fuel:e10": null, "ref": null, "addr:housenumber": null, "addr:country": null, "addr:state": null, "area": null, "fuel:nitrogen": null, "ref:iocl": null }, "geometry": { "type": "Polygon", "coordinates": [ [ [ 72.8204694, 19.0110768 ], [ 72.8203339, 19.0111599 ], [ 72.8204677, 19.0113231 ], [ 72.8205931, 19.011232 ], [ 72.8204694, 19.0110768 ] ] ] } },
{ "type": "Feature", "properties": { "element": "way", "id": 1431202804, "amenity": "fuel", "name": "IndianOil", "operator": null, "brand": "Indian Oil", "brand:wikidata": "Q1289348", "source": null, "ele": null, "addr:city": null, "addr:postcode": null, "addr:street": null, "opening_hours": "Mo-Su 06:00-22:00", "brand:wikipedia": null, "official_name": null, "fuel:cng": null, "fuel:diesel": "yes", "brand:ur": null, "compressed_air": "yes", "fuel:biodiesel": null, "fuel:biogas": null, "fuel:octane_91": null, "fuel:octane_95": null, "fuel:octane_98": null, "name:ur": null, "official_name:ur": null, "operator:type": null, "check_date": null, "name:en": "IndianOil", "atm": null, "short_name": null, "self_service": "no", "fuel:gasoline": "yes", "name:mr": "इंडियन ऑइल कोको टॉप गियर", "fuel:petrol": null, "alt_name": null, "fuel:HGV_diesel": null, "fuel:electricity": null, "building": "yes", "layer": null, "payment:cards": null, "payment:cash": null, "payment:upi": null, "landuse": null, "fuel:cng_gas": null, "payment:credit_cards": null, "payment:debit_cards": null, "fuel:air": null, "fuel:e10": null, "ref": null, "addr:housenumber": null, "addr:country": null, "addr:state": null, "area": null, "fuel:nitrogen": null, "ref:iocl": null }, "geometry": { "type": "Polygon", "coordinates": [ [ [ 72.803328, 18.965752 ], [ 72.8031929, 18.9657725 ], [ 72.803168, 18.9654626 ], [ 72.8033095, 18.9654576 ], [ 72.8035597, 18.9654488 ], [ 72.803561, 18.9654681 ], [ 72.8034622, 18.9656067 ], [ 72.803414, 18.9656717 ], [ 72.803328, 18.965752 ] ] ] } },
{ "type": "Feature", "properties": { "element": "way", "id": 1431202805, "amenity": "fuel", "name": "Bharat Petroleum Corporation ltd", "operator": null, "brand": "Bharat Petroleum", "brand:wikidata": "Q854826", "source": null, "ele": null, "addr:city": null, "addr:postcode": null, "addr:street": null, "opening_hours": "Mo-Su 06:00-24:00", "brand:wikipedia": null, "official_name": null, "fuel:cng": null, "fuel:diesel": "yes", "brand:ur": null, "compressed_air": null, "fuel:biodiesel": null, "fuel:biogas": null, "fuel:octane_91": null, "fuel:octane_95": null, "fuel:octane_98": null, "name:ur": null, "official_name:ur": null, "operator:type": null, "check_date": null, "name:en": "Bharat Petroleum Corporation ltd", "atm": null, "short_name": null, "self_service": "no", "fuel:gasoline": "yes", "name:mr": "भारत पेट्रोलियम कॉर्पोरेशन लि सिटी इको स्टेशन", "fuel:petrol": null, "alt_name": null, "fuel:HGV_diesel": null, "fuel:electricity": null, "building": "yes", "layer": null, "payment:cards": null, "payment:cash": null, "payment:upi": null, "landuse": null, "fuel:cng_gas": null, "payment:credit_cards": null, "payment:debit_cards": null, "fuel:air": null, "fuel:e10": null, "ref": null, "addr:housenumber": null, "addr:country": null, "addr:state": null, "area": null, "fuel:nitrogen": null, "ref:iocl": null }, "geometry": { "type": "Polygon", "coordinates": [ [ [ 72.8042068, 18.9653937 ], [ 72.8041633, 18.9653079 ], [ 72.8041008, 18.9653394 ], [ 72.804087, 18.9653143 ], [ 72.8040658, 18.9652976 ], [ 72.8040281, 18.9652896 ], [ 72.8039913, 18.9652948 ], [ 72.8039481, 18.9653141 ], [ 72.8039042, 18.9653402 ], [ 72.8040081, 18.9654686 ], [ 72.8042068, 18.9653937 ] ] ] } },
{ "type": "Feature", "properties": { "element": "way", "id": 1469075452, "amenity": "fuel", "name": "Bharat Petroleum", "operator": null, "brand": "Bharat Petroleum", "brand:wikidata": "Q854826", "source": null, "ele": null, "addr:city": null, "addr:postcode": null, "addr:street": null, "opening_hours": null, "brand:wikipedia": null, "official_name": null, "fuel:cng": null, "fuel:diesel": null, "brand:ur": null, "compressed_air": null, "fuel:biodiesel": null, "fuel:biogas": null, "fuel:octane_91": null, "fuel:octane_95": null, "fuel:octane_98": null, "name:ur": null, "official_name:ur": null, "operator:type": null, "check_date": null, "name:en": null, "atm": null, "short_name": null, "self_service": null, "fuel:gasoline": null, "name:mr": null, "fuel:petrol": null, "alt_name": null, "fuel:HGV_diesel": null, "fuel:electricity": null, "building": "roof", "layer": null, "payment:cards": null, "payment:cash": "yes", "payment:upi": "yes", "landuse": null, "fuel:cng_gas": null, "payment:credit_cards": null, "payment:debit_cards": null, "fuel:air": null, "fuel:e10": null, "ref": null, "addr:housenumber": null, "addr:country": null, "addr:state": null, "area": null, "fuel:nitrogen": null, "ref:iocl": null }, "geometry": { "type": "Polygon", "coordinates": [ [ [ 72.8162139, 18.9538307 ], [ 72.8162877, 18.9539265 ], [ 72.8163673, 18.9538716 ], [ 72.8162935, 18.9537758 ], [ 72.8162139, 18.9538307 ] ] ] } },
{ "type": "Feature", "properties": { "element": "way", "id": 1469348958, "amenity": "fuel", "name": "HP", "operator": null, "brand": "Hindustan Petroleum", "brand:wikidata": "Q1619375", "source": null, "ele": null, "addr:city": null, "addr:postcode": null, "addr:street": null, "opening_hours": null, "brand:wikipedia": null, "official_name": "Hindustan Petroleum", "fuel:cng": null, "fuel:diesel": "yes", "brand:ur": null, "compressed_air": "yes", "fuel:biodiesel": null, "fuel:biogas": null, "fuel:octane_91": null, "fuel:octane_95": null, "fuel:octane_98": null, "name:ur": null, "official_name:ur": null, "operator:type": null, "check_date": null, "name:en": null, "atm": null, "short_name": null, "self_service": null, "fuel:gasoline": null, "name:mr": null, "fuel:petrol": null, "alt_name": null, "fuel:HGV_diesel": null, "fuel:electricity": null, "building": null, "layer": null, "payment:cards": null, "payment:cash": null, "payment:upi": null, "landuse": null, "fuel:cng_gas": null, "payment:credit_cards": null, "payment:debit_cards": null, "fuel:air": null, "fuel:e10": null, "ref": null, "addr:housenumber": null, "addr:country": null, "addr:state": null, "area": null, "fuel:nitrogen": null, "ref:iocl": null }, "geometry": { "type": "Polygon", "coordinates": [ [ [ 72.8301862, 19.1463221 ], [ 72.8301865, 19.1458653 ], [ 72.8298608, 19.1458831 ], [ 72.8298922, 19.1463301 ], [ 72.8301862, 19.1463221 ] ] ] } },
{ "type": "Feature", "properties": { "element": "way", "id": 1469865143, "amenity": "fuel", "name": "Bharat Petroleum", "operator": null, "brand": "Bharat Petroleum", "brand:wikidata": "Q854826", "source": null, "ele": null, "addr:city": null, "addr:postcode": null, "addr:street": null, "opening_hours": null, "brand:wikipedia": null, "official_name": null, "fuel:cng": null, "fuel:diesel": null, "brand:ur": null, "compressed_air": null, "fuel:biodiesel": null, "fuel:biogas": null, "fuel:octane_91": null, "fuel:octane_95": null, "fuel:octane_98": null, "name:ur": null, "official_name:ur": null, "operator:type": null, "check_date": null, "name:en": null, "atm": null, "short_name": null, "self_service": null, "fuel:gasoline": null, "name:mr": null, "fuel:petrol": null, "alt_name": null, "fuel:HGV_diesel": null, "fuel:electricity": null, "building": null, "layer": null, "payment:cards": null, "payment:cash": null, "payment:upi": null, "landuse": null, "fuel:cng_gas": null, "payment:credit_cards": null, "payment:debit_cards": null, "fuel:air": null, "fuel:e10": null, "ref": null, "addr:housenumber": null, "addr:country": null, "addr:state": null, "area": null, "fuel:nitrogen": null, "ref:iocl": null }, "geometry": { "type": "Polygon", "coordinates": [ [ [ 72.8624852, 19.0597319 ], [ 72.8625312, 19.0593594 ], [ 72.8622341, 19.0593446 ], [ 72.8622085, 19.0597054 ], [ 72.8624852, 19.0597319 ] ] ] } },
{ "type": "Feature", "properties": { "element": "way", "id": 1479253487, "amenity": "fuel", "name": "HP", "operator": null, "brand": "Hindustan Petroleum", "brand:wikidata": "Q1619375", "source": null, "ele": null, "addr:city": null, "addr:postcode": null, "addr:street": null, "opening_hours": null, "brand:wikipedia": null, "official_name": "Hindustan Petroleum", "fuel:cng": null, "fuel:diesel": null, "brand:ur": null, "compressed_air": null, "fuel:biodiesel": null, "fuel:biogas": null, "fuel:octane_91": null, "fuel:octane_95": null, "fuel:octane_98": null, "name:ur": null, "official_name:ur": null, "operator:type": null, "check_date": null, "name:en": null, "atm": null, "short_name": null, "self_service": null, "fuel:gasoline": null, "name:mr": null, "fuel:petrol": null, "alt_name": null, "fuel:HGV_diesel": null, "fuel:electricity": null, "building": null, "layer": null, "payment:cards": null, "payment:cash": null, "payment:upi": null, "landuse": null, "fuel:cng_gas": null, "payment:credit_cards": null, "payment:debit_cards": null, "fuel:air": null, "fuel:e10": null, "ref": null, "addr:housenumber": null, "addr:country": null, "addr:state": null, "area": null, "fuel:nitrogen": null, "ref:iocl": null }, "geometry": { "type": "Polygon", "coordinates": [ [ [ 72.8333191, 19.1028794 ], [ 72.8336372, 19.1028101 ], [ 72.8337227, 19.1031603 ], [ 72.8334046, 19.1032296 ], [ 72.8333191, 19.1028794 ] ] ] } },
{ "type": "Feature", "properties": { "element": "way", "id": 1489064957, "amenity": "fuel", "name": "Bharat Petroleum", "operator": null, "brand": "Bharat Petroleum", "brand:wikidata": "Q854826", "source": null, "ele": null, "addr:city": null, "addr:postcode": null, "addr:street": null, "opening_hours": null, "brand:wikipedia": null, "official_name": null, "fuel:cng": null, "fuel:diesel": null, "brand:ur": null, "compressed_air": null, "fuel:biodiesel": null, "fuel:biogas": null, "fuel:octane_91": null, "fuel:octane_95": null, "fuel:octane_98": null, "name:ur": null, "official_name:ur": null, "operator:type": null, "check_date": null, "name:en": null, "atm": null, "short_name": null, "self_service": null, "fuel:gasoline": null, "name:mr": null, "fuel:petrol": null, "alt_name": null, "fuel:HGV_diesel": null, "fuel:electricity": null, "building": null, "layer": null, "payment:cards": null, "payment:cash": null, "payment:upi": null, "landuse": null, "fuel:cng_gas": null, "payment:credit_cards": null, "payment:debit_cards": null, "fuel:air": null, "fuel:e10": null, "ref": null, "addr:housenumber": null, "addr:country": null, "addr:state": null, "area": null, "fuel:nitrogen": null, "ref:iocl": null }, "geometry": { "type": "Polygon", "coordinates": [ [ [ 72.8196947, 18.964438 ], [ 72.8198859, 18.9645036 ], [ 72.8199228, 18.9646031 ], [ 72.8199016, 18.9647045 ], [ 72.8197095, 18.9646826 ], [ 72.8196947, 18.964438 ] ] ] } },
{ "type": "Feature", "properties": { "element": "way", "id": 1498597226, "amenity": "fuel", "name": "Bharat Petroleum", "operator": null, "brand": "Bharat Petroleum", "brand:wikidata": "Q854826", "source": null, "ele": null, "addr:city": null, "addr:postcode": null, "addr:street": null, "opening_hours": null, "brand:wikipedia": null, "official_name": null, "fuel:cng": null, "fuel:diesel": null, "brand:ur": null, "compressed_air": null, "fuel:biodiesel": null, "fuel:biogas": null, "fuel:octane_91": null, "fuel:octane_95": null, "fuel:octane_98": null, "name:ur": null, "official_name:ur": null, "operator:type": null, "check_date": null, "name:en": null, "atm": null, "short_name": null, "self_service": null, "fuel:gasoline": null, "name:mr": null, "fuel:petrol": null, "alt_name": null, "fuel:HGV_diesel": null, "fuel:electricity": null, "building": null, "layer": null, "payment:cards": null, "payment:cash": null, "payment:upi": null, "landuse": null, "fuel:cng_gas": null, "payment:credit_cards": null, "payment:debit_cards": null, "fuel:air": null, "fuel:e10": null, "ref": null, "addr:housenumber": null, "addr:country": null, "addr:state": null, "area": null, "fuel:nitrogen": null, "ref:iocl": null }, "geometry": { "type": "Polygon", "coordinates": [ [ [ 72.8626747, 19.070986 ], [ 72.8627347, 19.0707025 ], [ 72.8625008, 19.0706583 ], [ 72.8623943, 19.0706381 ], [ 72.8623354, 19.0710046 ], [ 72.8625189, 19.0709817 ], [ 72.8626747, 19.070986 ] ] ] } },
{ "type": "Feature", "properties": { "element": "way", "id": 1505434554, "amenity": "fuel", "name": "HP", "operator": null, "brand": "Hindustan Petroleum", "brand:wikidata": "Q1619375", "source": null, "ele": null, "addr:city": null, "addr:postcode": null, "addr:street": null, "opening_hours": null, "brand:wikipedia": "en:Hindustan Petroleum", "official_name": "Hindustan Petroleum", "fuel:cng": null, "fuel:diesel": null, "brand:ur": null, "compressed_air": null, "fuel:biodiesel": null, "fuel:biogas": null, "fuel:octane_91": null, "fuel:octane_95": null, "fuel:octane_98": null, "name:ur": null, "official_name:ur": null, "operator:type": null, "check_date": null, "name:en": null, "atm": null, "short_name": null, "self_service": null, "fuel:gasoline": null, "name:mr": null, "fuel:petrol": null, "alt_name": null, "fuel:HGV_diesel": null, "fuel:electricity": null, "building": null, "layer": null, "payment:cards": null, "payment:cash": null, "payment:upi": null, "landuse": null, "fuel:cng_gas": null, "payment:credit_cards": null, "payment:debit_cards": null, "fuel:air": null, "fuel:e10": null, "ref": null, "addr:housenumber": null, "addr:country": null, "addr:state": null, "area": null, "fuel:nitrogen": null, "ref:iocl": null }, "geometry": { "type": "Polygon", "coordinates": [ [ [ 72.8382325, 19.0861746 ], [ 72.8384495, 19.0861665 ], [ 72.838433, 19.085771 ], [ 72.838216, 19.0857791 ], [ 72.8382325, 19.0861746 ] ] ] } },
{ "type": "Feature", "properties": { "element": "way", "id": 1508856610, "amenity": "fuel", "name": "Indian Oil", "operator": null, "brand": "Indian Oil", "brand:wikidata": "Q1289348", "source": null, "ele": null, "addr:city": null, "addr:postcode": null, "addr:street": null, "opening_hours": null, "brand:wikipedia": null, "official_name": null, "fuel:cng": null, "fuel:diesel": null, "brand:ur": null, "compressed_air": "yes", "fuel:biodiesel": null, "fuel:biogas": null, "fuel:octane_91": null, "fuel:octane_95": null, "fuel:octane_98": null, "name:ur": null, "official_name:ur": null, "operator:type": null, "check_date": null, "name:en": null, "atm": null, "short_name": null, "self_service": null, "fuel:gasoline": null, "name:mr": null, "fuel:petrol": null, "alt_name": null, "fuel:HGV_diesel": null, "fuel:electricity": null, "building": null, "layer": null, "payment:cards": null, "payment:cash": null, "payment:upi": null, "landuse": null, "fuel:cng_gas": null, "payment:credit_cards": null, "payment:debit_cards": null, "fuel:air": null, "fuel:e10": null, "ref": null, "addr:housenumber": null, "addr:country": null, "addr:state": null, "area": null, "fuel:nitrogen": null, "ref:iocl": null }, "geometry": { "type": "Polygon", "coordinates": [ [ [ 72.831176, 19.1434079 ], [ 72.8311774, 19.1436868 ], [ 72.8308907, 19.143688 ], [ 72.8308894, 19.1434091 ], [ 72.831176, 19.1434079 ] ] ] } },
{ "type": "Feature", "properties": { "element": "way", "id": 1532683609, "amenity": "fuel", "name": "HP", "operator": null, "brand": "Hindustan Petroleum", "brand:wikidata": "Q1619375", "source": null, "ele": null, "addr:city": null, "addr:postcode": null, "addr:street": null, "opening_hours": null, "brand:wikipedia": null, "official_name": "Hindustan Petroleum", "fuel:cng": "yes", "fuel:diesel": "yes", "brand:ur": null, "compressed_air": "yes", "fuel:biodiesel": null, "fuel:biogas": null, "fuel:octane_91": null, "fuel:octane_95": null, "fuel:octane_98": null, "name:ur": null, "official_name:ur": null, "operator:type": null, "check_date": null, "name:en": null, "atm": null, "short_name": null, "self_service": null, "fuel:gasoline": null, "name:mr": null, "fuel:petrol": null, "alt_name": null, "fuel:HGV_diesel": null, "fuel:electricity": null, "building": null, "layer": null, "payment:cards": null, "payment:cash": null, "payment:upi": null, "landuse": null, "fuel:cng_gas": null, "payment:credit_cards": null, "payment:debit_cards": null, "fuel:air": null, "fuel:e10": null, "ref": null, "addr:housenumber": null, "addr:country": null, "addr:state": null, "area": null, "fuel:nitrogen": null, "ref:iocl": null }, "geometry": { "type": "Polygon", "coordinates": [ [ [ 72.8323955, 19.1282894 ], [ 72.832307, 19.1279424 ], [ 72.8320363, 19.128004 ], [ 72.8321247, 19.128351 ], [ 72.8323955, 19.1282894 ] ] ] } },
{ "type": "Feature", "properties": { "element": "way", "id": 1534980099, "amenity": "fuel", "name": "Bharat Petroleum", "operator": null, "brand": "Bharat Petroleum", "brand:wikidata": "Q854826", "source": null, "ele": null, "addr:city": null, "addr:postcode": null, "addr:street": null, "opening_hours": null, "brand:wikipedia": null, "official_name": null, "fuel:cng": null, "fuel:diesel": null, "brand:ur": null, "compressed_air": null, "fuel:biodiesel": null, "fuel:biogas": null, "fuel:octane_91": null, "fuel:octane_95": null, "fuel:octane_98": null, "name:ur": null, "official_name:ur": null, "operator:type": null, "check_date": null, "name:en": null, "atm": null, "short_name": null, "self_service": "no", "fuel:gasoline": null, "name:mr": null, "fuel:petrol": null, "alt_name": null, "fuel:HGV_diesel": null, "fuel:electricity": null, "building": null, "layer": null, "payment:cards": null, "payment:cash": null, "payment:upi": null, "landuse": null, "fuel:cng_gas": null, "payment:credit_cards": null, "payment:debit_cards": null, "fuel:air": null, "fuel:e10": null, "ref": null, "addr:housenumber": null, "addr:country": null, "addr:state": null, "area": null, "fuel:nitrogen": null, "ref:iocl": null }, "geometry": { "type": "Polygon", "coordinates": [ [ [ 72.8490422, 18.9985765 ], [ 72.8493885, 18.9984218 ], [ 72.849588, 18.9988212 ], [ 72.8492417, 18.9989759 ], [ 72.8490422, 18.9985765 ] ] ] } }
]
}
