{
"type": "FeatureCollection",
"name": "parking",
"crs": { "type": "name", "properties": { "name": "urn:ogc:def:crs:OGC:1.3:CRS84" } },
"features": [
{ "type": "Feature", "properties": { "element": "node", "id": 245654537, "amenity": "parking", "name": "Premier", "source": "AND", "capacity": null, "fee": null, "parking": null, "tourism": null, "addr:street": null, "operator": null, "access": null, "charge": null, "layer": null, "park_ride": null, "supervised": null, "surface": null, "level": null, "site": null, "type": null, "capacity:disabled": null, "note": null, "operator:type": null, "maxstay": null, "opening_hours": null, "payment:cash": null, "payment:credit_cards": null, "building": null, "area": null, "parking:lane": null, "building:levels": null, "description": null, "payment:debit_cards": null, "covered": null, "addr:city": null, "addr:postcode": null, "addr:streetnumber": null, "addr:district": null, "addr:housenumber": null, "wheelchair": null, "alt_name": null, "bus": null, "depot": null, "name:en": null, "network": null, "public_transport": null, "Floor": null, "payment:upi": null, "payment:upi_qr": null, "building:part": null, "landuse": null }, "geometry": { "type": "Point", "coordinates": [ 72.8272935, 18.942228 ] } },
{ "type": "Feature", "properties": { "element": "node", "id": 245654550, "amenity": "parking", "name": "Liberty", "source": "AND", "capacity": null, "fee": null, "parking": null, "tourism": null, "addr:street": null, "operator": null, "access": null, "charge": null, "layer": null, "park_ride": null, "supervised": null, "surface": null, "level": null, "site": null, "type": null, "capacity:disabled": null, "note": null, "operator:type": null, "maxstay": null, "opening_hours": null, "payment:cash": null, "payment:credit_cards": null, "building": null, "area": null, "parking:lane": null, "building:levels": null, "description": null, "payment:debit_cards": null, "covered": null, "addr:city": null, "addr:postcode": null, "addr:streetnumber": null, "addr:district": null, "addr:housenumber": null, "wheelchair": null, "alt_name": null, "bus": null, "depot": null, "name:en": null, "network": null, "public_transport": null, "Floor": null, "payment:upi": null, "payment:upi_qr": null, "building:part": null, "landuse": null }, "geometry": { "type": "Point", "coordinates": [ 72.8269, 18.9424 ] } },
{ "type": "Feature", "properties": { "element": "node", "id": 245655797, "amenity": "parking", "name": "Qamar", "source": "AND", "capacity": null, "fee": null, "parking": null, "tourism": null, "addr:street": null, "operator": null, "access": null, "charge": null, "layer": null, "park_ride": null, "supervised": null, "surface": null, "level": null, "site": null, "type": null, "capacity:disabled": null, "note": null, "operator:type": null, "maxstay": null, "opening_hours": null, "payment:cash": null, "payment:credit_cards": null, "building": null, "area": null, "parking:lane": null, "building:levels": null, "description": null, "payment:debit_cards": null, "covered": null, "addr:city": null, "addr:postcode": null, "addr:streetnumber": null, "addr:district": null, "addr:housenumber": null, "wheelchair": null, "alt_name": null, "bus": null, "depot": null, "name:en": null, "network": null, "public_transport": null, "Floor": null, "payment:upi": null, "payment:upi_qr": null, "building:part": null, "landuse": null }, "geometry": { "type": "Point", "coordinates": [ 72.8369017, 18.9567099 ] } },
{ "type": "Feature", "properties": { "element": "node", "id": 245656700, "amenity": "parking", "name": "Kemp's Corner", "source": "AND", "capacity": null, "fee": null, "parking": null, "tourism": null, "addr:street": null, "operator": null, "access": null, "charge": null, "layer": null, "park_ride": null, "supervised": null, "surface": null, "level": null, "site": null, "type": null, "capacity:disabled": null, "note": null, "operator:type": null, "maxstay": null, "opening_hours": null, "payment:cash": null, "payment:credit_cards": null, "building": null, "area": null, "parking:lane": null, "building:levels": null, "description": null, "payment:debit_cards": null, "covered": null, "addr:city": null, "addr:postcode": null, "addr:streetnumber": null, "addr:district": null, "addr:housenumber": null, "wheelchair": null, "alt_name": null, "bus": null, "depot": null, "name:en": null, "network": null, "public_transport": null, "Floor": null, "payment:upi": null, "payment:upi_qr": null, "building:part": null, "landuse": null }, "geometry": { "type": "Point", "coordinates": [ 72.8058471, 18.9643233 ] } },
{ "type": "Feature", "properties": { "element": "node", "id": 245668904, "amenity": "parking", "name": null, "source": null, "capacity": null, "fee": null, "parking": null, "tourism": null, "addr:street": null, "operator": null, "access": null, "charge": null, "layer": null, "park_ride": null, "supervised": null, "surface": null, "level": null, "site": null, "type": null, "capacity:disabled": null, "note": null, "operator:type": null, "maxstay": null, "opening_hours": null, "payment:cash": null, "payment:credit_cards": null, "building": null, "area": null, "parking:lane": null, "building:levels": null, "description": null, "payment:debit_cards": null, "covered": null, "addr:city": null, "addr:postcode": null, "addr:streetnumber": null, "addr:district": null, "addr:housenumber": null, "wheelchair": null, "alt_name": null, "bus": null, "depot": null, "name:en": null, "network": null, "public_transport": null, "Floor": null, "payment:upi": null, "payment:upi_qr": null, "building:part": null, "landuse": null }, "geometry": { "type": "Point", "coordinates": [ 72.8279449, 19.08565 ] } },
{ "type": "Feature", "properties": { "element": "node", "id": 245669123, "amenity": "parking", "name": "Milan International", "source": "AND", "capacity": null, "fee": null, "parking": null, "tourism": null, "addr:street": null, "operator": null, "access": null, "charge": null, "layer": null, "park_ride": null, "supervised": null, "surface": null, "level": null, "site": null, "type": null, "capacity:disabled": null, "note": null, "operator:type": null, "maxstay": null, "opening_hours": null, "payment:cash": null, "payment:credit_cards": null, "building": null, "area": null, "parking:lane": null, "building:levels": null, "description": null, "payment:debit_cards": null, "covered": null, "addr:city": null, "addr:postcode": null, "addr:streetnumber": null, "addr:district": null, "addr:housenumber": null, "wheelchair": null, "alt_name": null, "bus": null, "depot": null, "name:en": null, "network": null, "public_transport": null, "Floor": null, "payment:upi": null, "payment:upi_qr": null, "building:part": null, "landuse": null }, "geometry": { "type": "Point", "coordinates": [ 72.8416913, 19.0880891 ] } },
{ "type": "Feature", "properties": { "element": "node", "id": 245669673, "amenity": "parking", "name": "Jayashree", "source": "AND", "capacity": null, "fee": null, "parking": null, "tourism": null, "addr:street": null, "operator": null, "access": null, "charge": null, "layer": null, "park_ride": null, "supervised": null, "surface": null, "level": null, "site": null, "type": null, "capacity:disabled": null, "note": null, "operator:type": null, "maxstay": null, "opening_hours": null, "payment:cash": null, "payment:credit_cards": null, "building": null, "area": null, "parking:lane": null, "building:levels": null, "description": null, "payment:debit_cards": null, "covered": null, "addr:city": null, "addr:postcode": null, "addr:streetnumber": null, "addr:district": null, "addr:housenumber": null, "wheelchair": null, "alt_name": null, "bus": null, "depot": null, "name:en": null, "network": null, "public_transport": null, "Floor": null, "payment:upi": null, "payment:upi_qr": null, "building:part": null, "landuse": null }, "geometry": { "type": "Point", "coordinates": [ 72.8505495, 19.0934661 ] } },
{ "type": "Feature", "properties": { "element": "node", "id": 245672576, "amenity": "parking", "name": "Arsa", "source": "AND", "capacity": null, "fee": null, "parking": null, "tourism": null, "addr:street": null, "operator": null, "access": null, "charge": null, "layer": null, "park_ride": null, "supervised": null, "surface": null, "level": null, "site": null, "type": null, "capacity:disabled": null, "note": null, "operator:type": null, "maxstay": null, "opening_hours": null, "payment:cash": null, "payment:credit_cards": null, "building": null, "area": null, "parking:lane": null, "building:levels": null, "description": null, "payment:debit_cards": null, "covered": null, "addr:city": null, "addr:postcode": null, "addr:streetnumber": null, "addr:district": null, "addr:housenumber": null, "wheelchair": null, "alt_name": null, "bus": null, "depot": null, "name:en": null, "network": null, "public_transport": null, "Floor": null, "payment:upi": null, "payment:upi_qr": null, "building:part": null, "landuse": null }, "geometry": { "type": "Point", "coordinates": [ 72.8501748, 19.1174006 ] } },
{ "type": "Feature", "properties": { "element": "node", "id": 245676137, "amenity": "parking", "name": "The Retreat", "source": "AND", "capacity": null, "fee": null, "parking": null, "tourism": null, "addr:street": null, "operator": null, "access": null, "charge": null, "layer": null, "park_ride": null, "supervised": null, "surface": null, "level": null, "site": null, "type": null, "capacity:disabled": null, "note": null, "operator:type": null, "maxstay": null, "opening_hours": null, "payment:cash": null, "payment:credit_cards": null, "building": null, "area": null, "parking:lane": null, "building:levels": null, "description": null, "payment:debit_cards": null, "covered": null, "addr:city": null, "addr:postcode": null, "addr:streetnumber": null, "addr:district": null, "addr:housenumber": null, "wheelchair": null, "alt_name": null, "bus": null, "depot": null, "name:en": null, "network": null, "public_transport": null, "Floor": null, "payment:upi": null, "payment:upi_qr": null, "building:part": null, "landuse": null }, "geometry": { "type": "Point", "coordinates": [ 72.7896577, 19.1472915 ] } },
{ "type": "Feature", "properties": { "element": "node", "id": 245679111, "amenity": "parking", "name": "Royal Shelter", "source": "AND", "capacity": null, "fee": null, "parking": null, "tourism": null, "addr:street": null, "operator": null, "access": null, "charge": null, "layer": null, "park_ride": null, "supervised": null, "surface": null, "level": null, "site": null, "type": null, "capacity:disabled": null, "note": null, "operator:type": null, "maxstay": null, "opening_hours": null, "payment:cash": null, "payment:credit_cards": null, "building": null, "area": null, "parking:lane": null, "building:levels": null, "description": null, "payment:debit_cards": null, "covered": null, "addr:city": null, "addr:postcode": null, "addr:streetnumber": null, "addr:district": null, "addr:housenumber": null, "wheelchair": null, "alt_name": null, "bus": null, "depot": null, "name:en": null, "network": null, "public_transport": null, "Floor": null, "payment:upi": null, "payment:upi_qr": null, "building:part": null, "landuse": null }, "geometry": { "type": "Point", "coordinates": [ 72.8435, 19.1824 ] } },
{ "type": "Feature", "properties": { "element": "node", "id": 605221364, "amenity": "parking", "name": "Metro BIG Cinema", "source": null, "capacity": null, "fee": null, "parking": null, "tourism": null, "addr:street": null, "operator": null, "access": null, "charge": null, "layer": null, "park_ride": null, "supervised": null, "surface": null, "level": null, "site": null, "type": null, "capacity:disabled": null, "note": null, "operator:type": null, "maxstay": null, "opening_hours": null, "payment:cash": null, "payment:credit_cards": null, "building": null, "area": null, "parking:lane": null, "building:levels": null, "description": null, "payment:debit_cards": null, "covered": null, "addr:city": null, "addr:postcode": null, "addr:streetnumber": null, "addr:district": null, "addr:housenumber": null, "wheelchair": null, "alt_name": null, "bus": null, "depot": null, "name:en": null, "network": null, "public_transport": null, "Floor": null, "payment:upi": null, "payment:upi_qr": null, "building:part": null, "landuse": null }, "geometry": { "type": "Point", "coordinates": [ 72.8288401, 18.9429658 ] } },
{ "type": "Feature", "properties": { "element": "node", "id": 674109015, "amenity": "parking", "name": null, "source": null, "capacity": "10", "fee": "10", "parking": "surface", "tourism": null, "addr:street": null, "operator": null, "access": null, "charge": null, "layer": null, "park_ride": null, "supervised": null, "surface": null, "level": null, "site": null, "type": null, "capacity:disabled": null, "note": null, "operator:type": null, "maxstay": null, "opening_hours": null, "payment:cash": null, "payment:credit_cards": null, "building": null, "area": null, "parking:lane": null, "building:levels": null, "description": null, "payment:debit_cards": null, "covered": null, "addr:city": null, "addr:postcode": null, "addr:streetnumber": null, "addr:district": null, "addr:housenumber": null, "wheelchair": null, "alt_name": null, "bus": null, "depot": null, "name:en": null, "network": null, "public_transport": null, "Floor": null, "payment:upi": null, "payment:upi_qr": null, "building:part": null, "landuse": null }, "geometry": { "type": "Point", "coordinates": [ 72.9165228, 19.132298 ] } },
{ "type": "Feature", "properties": { "element": "node", "id": 695546658, "amenity": "parking", "name": "SP Jain Parking", "source": null, "capacity": null, "fee": null, "parking": null, "tourism": null, "addr:street": null, "operator": null, "access": null, "charge": null, "layer": null, "park_ride": null, "supervised": null, "surface": null, "level": null, "site": null, "type": null, "capacity:disabled": null, "note": null, "operator:type": null, "maxstay": null, "opening_hours": null, "payment:cash": null, "payment:credit_cards": null, "building": null, "area": null, "parking:lane": null, "building:levels": null, "description": null, "payment:debit_cards": null, "covered": null, "addr:city": null, "addr:postcode": null, "addr:streetnumber": null, "addr:district": null, "addr:housenumber": null, "wheelchair": null, "alt_name": null, "bus": null, "depot": null, "name:en": null, "network": null, "public_transport": null, "Floor": null, "payment:upi": null, "payment:upi_qr": null, "building:part": null, "landuse": null }, "geometry": { "type": "Point", "coordinates": [ 72.8365669, 19.1235323 ] } },
{ "type": "Feature", "properties": { "element": "node", "id": 695630139, "amenity": "parking", "name": null, "source": null, "capacity": null, "fee": null, "parking": null, "tourism": null, "addr:street": null, "operator": null, "access": null, "charge": null, "layer": null, "park_ride": null, "supervised": null, "surface": null, "level": null, "site": null, "type": null, "capacity:disabled": null, "note": null, "operator:type": null, "maxstay": null, "opening_hours": null, "payment:cash": null, "payment:credit_cards": null, "building": null, "area": null, "parking:lane": null, "building:levels": null, "description": null, "payment:debit_cards": null, "covered": null, "addr:city": null, "addr:postcode": null, "addr:streetnumber": null, "addr:district": null, "addr:housenumber": null, "wheelchair": null, "alt_name": null, "bus": null, "depot": null, "name:en": null, "network": null, "public_transport": null, "Floor": null, "payment:upi": null, "payment:upi_qr": null, "building:part": null, "landuse": null }, "geometry": { "type": "Point", "coordinates": [ 72.8365777, 19.1242013 ] } },
{ "type": "Feature", "properties": { "element": "node", "id": 700886292, "amenity": "parking", "name": "Diamond", "source": "AND", "capacity": null, "fee": null, "parking": null, "tourism": "hotel", "addr:street": null, "operator": null, "access": null, "charge": null, "layer": null, "park_ride": null, "supervised": null, "surface": null, "level": null, "site": null, "type": null, "capacity:disabled": null, "note": null, "operator:type": null, "maxstay": null, "opening_hours": null, "payment:cash": null, "payment:credit_cards": null, "building": null, "area": null, "parking:lane": null, "building:levels": null, "description": null, "payment:debit_cards": null, "covered": null, "addr:city": null, "addr:postcode": null, "addr:streetnumber": null, "addr:district": null, "addr:housenumber": null, "wheelchair": null, "alt_name": null, "bus": null, "depot": null, "name:en": null, "network": null, "public_transport": null, "Floor": null, "payment:upi": null, "payment:upi_qr": null, "building:part": null, "landuse": null }, "geometry": { "type": "Point", "coordinates": [ 72.8486524, 18.99282 ] } },
{ "type": "Feature", "properties": { "element": "node", "id": 705151807, "amenity": "parking", "name": null, "source": null, "capacity": null, "fee": null, "parking": null, "tourism": null, "addr:street": null, "operator": null, "access": null, "charge": null, "layer": null, "park_ride": null, "supervised": null, "surface": null, "level": null, "site": null, "type": null, "capacity:disabled": null, "note": null, "operator:type": null, "maxstay": null, "opening_hours": null, "payment:cash": null, "payment:credit_cards": null, "building": null, "area": null, "parking:lane": null, "building:levels": null, "description": null, "payment:debit_cards": null, "covered": null, "addr:city": null, "addr:postcode": null, "addr:streetnumber": null, "addr:district": null, "addr:housenumber": null, "wheelchair": null, "alt_name": null, "bus": null, "depot": null, "name:en": null, "network": null, "public_transport": null, "Floor": null, "payment:upi": null, "payment:upi_qr": null, "building:part": null, "landuse": null }, "geometry": { "type": "Point", "coordinates": [ 72.8187582, 18.954849 ] } },
{ "type": "Feature", "properties": { "element": "node", "id": 984287732, "amenity": "parking", "name": "Hub Mall Parking", "source": null, "capacity": null, "fee": null, "parking": null, "tourism": null, "addr:street": null, "operator": null, "access": null, "charge": null, "layer": null, "park_ride": null, "supervised": null, "surface": null, "level": null, "site": null, "type": null, "capacity:disabled": null, "note": null, "operator:type": null, "maxstay": null, "opening_hours": null, "payment:cash": null, "payment:credit_cards": null, "building": null, "area": null, "parking:lane": null, "building:levels": null, "description": null, "payment:debit_cards": null, "covered": null, "addr:city": null, "addr:postcode": null, "addr:streetnumber": null, "addr:district": null, "addr:housenumber": null, "wheelchair": null, "alt_name": null, "bus": null, "depot": null, "name:en": null, "network": null, "public_transport": null, "Floor": null, "payment:upi": null, "payment:upi_qr": null, "building:part": null, "landuse": null }, "geometry": { "type": "Point", "coordinates": [ 72.8561194, 19.1543249 ] } },
{ "type": "Feature", "properties": { "element": "node", "id": 984976767, "amenity": "parking", "name": "WR Parking", "source": null, "capacity": null, "fee": null, "parking": null, "tourism": null, "addr:street": null, "operator": null, "access": null, "charge": null, "layer": null, "park_ride": null, "supervised": null, "surface": null, "level": null, "site": null, "type": null, "capacity:disabled": null, "note": null, "operator:type": null, "maxstay": null, "opening_hours": null, "payment:cash": null, "payment:credit_cards": null, "building": null, "area": null, "parking:lane": null, "building:levels": null, "description": null, "payment:debit_cards": null, "covered": null, "addr:city": null, "addr:postcode": null, "addr:streetnumber": null, "addr:district": null, "addr:housenumber": null, "wheelchair": null, "alt_name": null, "bus": null, "depot": null, "name:en": null, "network": null, "public_transport": null, "Floor": null, "payment:upi": null, "payment:upi_qr": null, "building:part": null, "landuse": null }, "geometry": { "type": "Point", "coordinates": [ 72.8501456, 19.1647922 ] } },
{ "type": "Feature", "properties": { "element": "node", "id": 1070301434, "amenity": "parking", "name": "Essel World Parking", "source": null, "capacity": null, "fee": null, "parking": null, "tourism": null, "addr:street": "Essel World", "operator": null, "access": null, "charge": null, "layer": null, "park_ride": null, "supervised": null, "surface": null, "level": null, "site": null, "type": null, "capacity:disabled": null, "note": null, "operator:type": null, "maxstay": null, "opening_hours": null, "payment:cash": null, "payment:credit_cards": null, "building": null, "area": null, "parking:lane": null, "building:levels": null, "description": null, "payment:debit_cards": null, "covered": null, "addr:city": null, "addr:postcode": null, "addr:streetnumber": null, "addr:district": null, "addr:housenumber": null, "wheelchair": null, "alt_name": null, "bus": null, "depot": null, "name:en": null, "network": null, "public_transport": null, "Floor": null, "payment:upi": null, "payment:upi_qr": null, "building:part": null, "landuse": null }, "geometry": { "type": "Point", "coordinates": [ 72.80233, 19.2397678 ] } },
{ "type": "Feature", "properties": { "element": "node", "id": 2124836818, "amenity": "parking", "name": "Mega Mall Parking", "source": null, "capacity": null, "fee": "30 INR", "parking": "surface", "tourism": null, "addr:street": null, "operator": "Mega Mall", "access": null, "charge": null, "layer": null, "park_ride": null, "supervised": null, "surface": null, "level": null, "site": null, "type": null, "capacity:disabled": null, "note": null, "operator:type": null, "maxstay": null, "opening_hours": null, "payment:cash": null, "payment:credit_cards": null, "building": null, "area": null, "parking:lane": null, "building:levels": null, "description": null, "payment:debit_cards": null, "covered": null, "addr:city": null, "addr:postcode": null, "addr:streetnumber": null, "addr:district": null, "addr:housenumber": null, "wheelchair": null, "alt_name": null, "bus": null, "depot": null, "name:en": null, "network": null, "public_transport": null, "Floor": null, "payment:upi": null, "payment:upi_qr": null, "building:part": null, "landuse": null }, "geometry": { "type": "Point", "coordinates": [ 72.8344565, 19.1518276 ] } },
{ "type": "Feature", "properties": { "element": "node", "id": 2126259575, "amenity": "parking", "name": "Inorbit", "source": null, "capacity": null, "fee": null, "parking": "surface", "tourism": null, "addr:street": null, "operator": null, "access": null, "charge": null, "layer": null, "park_ride": null, "supervised": null, "surface": null, "level": null, "site": null, "type": null, "capacity:disabled": null, "note": null, "operator:type": null, "maxstay": null, "opening_hours": null, "payment:cash": null, "payment:credit_cards": null, "building": null, "area": null, "parking:lane": null, "building:levels": null, "description": null, "payment:debit_cards": null, "covered": null, "addr:city": null, "addr:postcode": null, "addr:streetnumber": null, "addr:district": null, "addr:housenumber": null, "wheelchair": null, "alt_name": null, "bus": null, "depot": null, "name:en": null, "network": null, "public_transport": null, "Floor": null, "payment:upi": null, "payment:upi_qr": null, "building:part": null, "landuse": null }, "geometry": { "type": "Point", "coordinates": [ 72.8348467, 19.17339 ] } },
{ "type": "Feature", "properties": { "element": "node", "id": 2130327334, "amenity": "parking", "name": null, "source": null, "capacity": null, "fee": null, "parking": "surface", "tourism": null, "addr:street": null, "operator": null, "access": null, "charge": null, "layer": null, "park_ride": null, "supervised": null, "surface": null, "level": null, "site": null, "type": null, "capacity:disabled": null, "note": null, "operator:type": null, "maxstay": null, "opening_hours": null, "payment:cash": null, "payment:credit_cards": null, "building": null, "area": null, "parking:lane": null, "building:levels": null, "description": null, "payment:debit_cards": null, "covered": null, "addr:city": null, "addr:postcode": null, "addr:streetnumber": null, "addr:district": null, "addr:housenumber": null, "wheelchair": null, "alt_name": null, "bus": null, "depot": null, "name:en": null, "network": null, "public_transport": null, "Floor": null, "payment:upi": null, "payment:upi_qr": null, "building:part": null, "landuse": null }, "geometry": { "type": "Point", "coordinates": [ 72.8150761, 19.1399131 ] } },
{ "type": "Feature", "properties": { "element": "node", "id": 2130347548, "amenity": "parking", "name": null, "source": null, "capacity": null, "fee": null, "parking": null, "tourism": null, "addr:street": null, "operator": null, "access": null, "charge": null, "layer": null, "park_ride": null, "supervised": null, "surface": null, "level": null, "site": null, "type": null, "capacity:disabled": null, "note": null, "operator:type": null, "maxstay": null, "opening_hours": null, "payment:cash": null, "payment:credit_cards": null, "building": null, "area": null, "parking:lane": null, "building:levels": null, "description": null, "payment:debit_cards": null, "covered": null, "addr:city": null, "addr:postcode": null, "addr:streetnumber": null, "addr:district": null, "addr:housenumber": null, "wheelchair": null, "alt_name": null, "bus": null, "depot": null, "name:en": null, "network": null, "public_transport": null, "Floor": null, "payment:upi": null, "payment:upi_qr": null, "building:part": null, "landuse": null }, "geometry": { "type": "Point", "coordinates": [ 72.816136, 19.1384048 ] } },
{ "type": "Feature", "properties": { "element": "node", "id": 2130347552, "amenity": "parking", "name": null, "source": null, "capacity": null, "fee": "no", "parking": "surface", "tourism": null, "addr:street": null, "operator": null, "access": "yes", "charge": null, "layer": null, "park_ride": null, "supervised": null, "surface": null, "level": null, "site": null, "type": null, "capacity:disabled": null, "note": null, "operator:type": null, "maxstay": null, "opening_hours": null, "payment:cash": null, "payment:credit_cards": null, "building": null, "area": null, "parking:lane": null, "building:levels": null, "description": null, "payment:debit_cards": null, "covered": null, "addr:city": null, "addr:postcode": null, "addr:streetnumber": null, "addr:district": null, "addr:housenumber": null, "wheelchair": null, "alt_name": null, "bus": null, "depot": null, "name:en": null, "network": null, "public_transport": null, "Floor": null, "payment:upi": null, "payment:upi_qr": null, "building:part": null, "landuse": null }, "geometry": { "type": "Point", "coordinates": [ 72.8169782, 19.1348901 ] } },
{ "type": "Feature", "properties": { "element": "node", "id": 2131178856, "amenity": "parking", "name": null, "source": null, "capacity": null, "fee": "yes", "parking": "underground", "tourism": null, "addr:street": null, "operator": null, "access": "yes", "charge": null, "layer": null, "park_ride": null, "supervised": null, "surface": null, "level": null, "site": null, "type": null, "capacity:disabled": null, "note": null, "operator:type": null, "maxstay": null, "opening_hours": null, "payment:cash": null, "payment:credit_cards": null, "building": null, "area": null, "parking:lane": null, "building:levels": null, "description": null, "payment:debit_cards": null, "covered": null, "addr:city": null, "addr:postcode": null, "addr:streetnumber": null, "addr:district": null, "addr:housenumber": null, "wheelchair": null, "alt_name": null, "bus": null, "depot": null, "name:en": null, "network": null, "public_transport": null, "Floor": null, "payment:upi": null, "payment:upi_qr": null, "building:part": null, "landuse": null }, "geometry": { "type": "Point", "coordinates": [ 72.8273501, 19.114805 ] } },
{ "type": "Feature", "properties": { "element": "node", "id": 2131178870, "amenity": "parking", "name": null, "source": null, "capacity": null, "fee": null, "parking": "surface", "tourism": null, "addr:street": null, "operator": null, "access": null, "charge": null, "layer": null, "park_ride": null, "supervised": null, "surface": null, "level": null, "site": null, "type": null, "capacity:disabled": null, "note": null, "operator:type": null, "maxstay": null, "opening_hours": null, "payment:cash": null, "payment:credit_cards": null, "building": null, "area": null, "parking:lane": null, "building:levels": null, "description": null, "payment:debit_cards": null, "covered": null, "addr:city": null, "addr:postcode": null, "addr:streetnumber": null, "addr:district": null, "addr:housenumber": null, "wheelchair": null, "alt_name": null, "bus": null, "depot": null, "name:en": null, "network": null, "public_transport": null, "Floor": null, "payment:upi": null, "payment:upi_qr": null, "building:part": null, "landuse": null }, "geometry": { "type": "Point", "coordinates": [ 72.8269853, 19.1149723 ] } },
{ "type": "Feature", "properties": { "element": "node", "id": 2170705048, "amenity": "parking", "name": "Infinity Mall Car Parking", "source": "field trip", "capacity": null, "fee": "yes", "parking": "underground", "tourism": null, "addr:street": null, "operator": "Infinity Mall", "access": "yes", "charge": "Rs 30", "layer": "-1", "park_ride": null, "supervised": null, "surface": null, "level": null, "site": null, "type": null, "capacity:disabled": null, "note": null, "operator:type": null, "maxstay": null, "opening_hours": null, "payment:cash": null, "payment:credit_cards": null, "building": null, "area": null, "parking:lane": null, "building:levels": null, "description": null, "payment:debit_cards": null, "covered": null, "addr:city": null, "addr:postcode": null, "addr:streetnumber": null, "addr:district": null, "addr:housenumber": null, "wheelchair": null, "alt_name": null, "bus": null, "depot": null, "name:en": null, "network": null, "public_transport": null, "Floor": null, "payment:upi": null, "payment:upi_qr": null, "building:part": null, "landuse": null }, "geometry": { "type": "Point", "coordinates": [ 72.8308659, 19.1412176 ] } },
{ "type": "Feature", "properties": { "element": "node", "id": 2364409752, "amenity": "parking", "name": null, "source": null, "capacity": null, "fee": null, "parking": null, "tourism": null, "addr:street": null, "operator": null, "access": null, "charge": null, "layer": null, "park_ride": null, "supervised": null, "surface": null, "level": null, "site": null, "type": null, "capacity:disabled": null, "note": null, "operator:type": null, "maxstay": null, "opening_hours": null, "payment:cash": null, "payment:credit_cards": null, "building": null, "area": null, "parking:lane": null, "building:levels": null, "description": null, "payment:debit_cards": null, "covered": null, "addr:city": null, "addr:postcode": null, "addr:streetnumber": null, "addr:district": null, "addr:housenumber": null, "wheelchair": null, "alt_name": null, "bus": null, "depot": null, "name:en": null, "network": null, "public_transport": null, "Floor": null, "payment:upi": null, "payment:upi_qr": null, "building:part": null, "landuse": null }, "geometry": { "type": "Point", "coordinates": [ 72.8327091, 19.1363528 ] } },
{ "type": "Feature", "properties": { "element": "node", "id": 2392367562, "amenity": "parking", "name": null, "source": null, "capacity": null, "fee": null, "parking": null, "tourism": null, "addr:street": null, "operator": null, "access": null, "charge": null, "layer": null, "park_ride": null, "supervised": null, "surface": null, "level": null, "site": null, "type": null, "capacity:disabled": null, "note": null, "operator:type": null, "maxstay": null, "opening_hours": null, "payment:cash": null, "payment:credit_cards": null, "building": null, "area": null, "parking:lane": null, "building:levels": null, "description": null, "payment:debit_cards": null, "covered": null, "addr:city": null, "addr:postcode": null, "addr:streetnumber": null, "addr:district": null, "addr:housenumber": null, "wheelchair": null, "alt_name": null, "bus": null, "depot": null, "name:en": null, "network": null, "public_transport": null, "Floor": null, "payment:upi": null, "payment:upi_qr": null, "building:part": null, "landuse": null }, "geometry": { "type": "Point", "coordinates": [ 72.8249758, 19.1092592 ] } },
{ "type": "Feature", "properties": { "element": "node", "id": 2567558385, "amenity": "parking", "name": null, "source": null, "capacity": null, "fee": null, "parking": null, "tourism": null, "addr:street": null, "operator": null, "access": null, "charge": null, "layer": null, "park_ride": null, "supervised": null, "surface": null, "level": null, "site": null, "type": null, "capacity:disabled": null, "note": null, "operator:type": null, "maxstay": null, "opening_hours": null, "payment:cash": null, "payment:credit_cards": null, "building": null, "area": null, "parking:lane": null, "building:levels": null, "description": null, "payment:debit_cards": null, "covered": null, "addr:city": null, "addr:postcode": null, "addr:streetnumber": null, "addr:district": null, "addr:housenumber": null, "wheelchair": null, "alt_name": null, "bus": null, "depot": null, "name:en": null, "network": null, "public_transport": null, "Floor": null, "payment:upi": null, "payment:upi_qr": null, "building:part": null, "landuse": null }, "geometry": { "type": "Point", "coordinates": [ 72.8240127, 19.1315526 ] } },
{ "type": "Feature", "properties": { "element": "node", "id": 2610551867, "amenity": "parking", "name": null, "source": null, "capacity": null, "fee": "no", "parking": "surface", "tourism": null, "addr:street": null, "operator": null, "access": "customers", "charge": null, "layer": null, "park_ride": "no", "supervised": "yes", "surface": "asphalt", "level": null, "site": null, "type": null, "capacity:disabled": null, "note": null, "operator:type": null, "maxstay": null, "opening_hours": null, "payment:cash": null, "payment:credit_cards": null, "building": null, "area": null, "parking:lane": null, "building:levels": null, "description": null, "payment:debit_cards": null, "covered": null, "addr:city": null, "addr:postcode": null, "addr:streetnumber": null, "addr:district": null, "addr:housenumber": null, "wheelchair": null, "alt_name": null, "bus": null, "depot": null, "name:en": null, "network": null, "public_transport": null, "Floor": null, "payment:upi": null, "payment:upi_qr": null, "building:part": null, "landuse": null }, "geometry": { "type": "Point", "coordinates": [ 72.8287069, 19.0563232 ] } },
{ "type": "Feature", "properties": { "element": "node", "id": 2949012503, "amenity": "parking", "name": null, "source": null, "capacity": null, "fee": "yes", "parking": "underground", "tourism": null, "addr:street": null, "operator": null, "access": "yes", "charge": null, "layer": null, "park_ride": null, "supervised": null, "surface": null, "level": null, "site": null, "type": null, "capacity:disabled": null, "note": null, "operator:type": null, "maxstay": null, "opening_hours": null, "payment:cash": null, "payment:credit_cards": null, "building": null, "area": null, "parking:lane": null, "building:levels": null, "description": null, "payment:debit_cards": null, "covered": null, "addr:city": null, "addr:postcode": null, "addr:streetnumber": null, "addr:district": null, "addr:housenumber": null, "wheelchair": null, "alt_name": null, "bus": null, "depot": null, "name:en": null, "network": null, "public_transport": null, "Floor": null, "payment:upi": null, "payment:upi_qr": null, "building:part": null, "landuse": null }, "geometry": { "type": "Point", "coordinates": [ 72.8315133, 19.1390307 ] } },
{ "type": "Feature", "properties": { "element": "node", "id": 2949012740, "amenity": "parking", "name": null, "source": null, "capacity": null, "fee": null, "parking": null, "tourism": null, "addr:street": null, "operator": null, "access": null, "charge": null, "layer": null, "park_ride": null, "supervised": null, "surface": null, "level": null, "site": null, "type": null, "capacity:disabled": null, "note": null, "operator:type": null, "maxstay": null, "opening_hours": null, "payment:cash": null, "payment:credit_cards": null, "building": null, "area": null, "parking:lane": null, "building:levels": null, "description": null, "payment:debit_cards": null, "covered": null, "addr:city": null, "addr:postcode": null, "addr:streetnumber": null, "addr:district": null, "addr:housenumber": null, "wheelchair": null, "alt_name": null, "bus": null, "depot": null, "name:en": null, "network": null, "public_transport": null, "Floor": null, "payment:upi": null, "payment:upi_qr": null, "building:part": null, "landuse": null }, "geometry": { "type": "Point", "coordinates": [ 72.8303519, 19.1415797 ] } },
{ "type": "Feature", "properties": { "element": "node", "id": 4362513912, "amenity": "parking", "name": null, "source": null, "capacity": null, "fee": null, "parking": "underground", "tourism": null, "addr:street": null, "operator": null, "access": null, "charge": null, "layer": "-1", "park_ride": null, "supervised": null, "surface": null, "level": null, "site": "parking", "type": "site", "capacity:disabled": null, "note": null, "operator:type": null, "maxstay": null, "opening_hours": null, "payment:cash": null, "payment:credit_cards": null, "building": null, "area": null, "parking:lane": null, "building:levels": null, "description": null, "payment:debit_cards": null, "covered": null, "addr:city": null, "addr:postcode": null, "addr:streetnumber": null, "addr:district": null, "addr:housenumber": null, "wheelchair": null, "alt_name": null, "bus": null, "depot": null, "name:en": null, "network": null, "public_transport": null, "Floor": null, "payment:upi": null, "payment:upi_qr": null, "building:part": null, "landuse": null }, "geometry": { "type": "Point", "coordinates": [ 72.8194642, 18.9254613 ] } },
{ "type": "Feature", "properties": { "element": "node", "id": 4883760587, "amenity": "parking", "name": null, "source": null, "capacity": null, "fee": null, "parking": null, "tourism": null, "addr:street": null, "operator": null, "access": null, "charge": null, "layer": null, "park_ride": null, "supervised": null, "surface": null, "level": null, "site": null, "type": null, "capacity:disabled": null, "note": null, "operator:type": null, "maxstay": null, "opening_hours": null, "payment:cash": null, "payment:credit_cards": null, "building": null, "area": null, "parking:lane": null, "building:levels": null, "description": null, "payment:debit_cards": null, "covered": null, "addr:city": null, "addr:postcode": null, "addr:streetnumber": null, "addr:district": null, "addr:housenumber": null, "wheelchair": null, "alt_name": null, "bus": null, "depot": null, "name:en": null, "network": null, "public_transport": null, "Floor": null, "payment:upi": null, "payment:upi_qr": null, "building:part": null, "landuse": null }, "geometry": { "type": "Point", "coordinates": [ 72.8979349, 19.1326479 ] } },
{ "type": "Feature", "properties": { "element": "node", "id": 6796939958, "amenity": "parking", "name": "Pay and park", "source": null, "capacity": null, "fee": null, "parking": null, "tourism": null, "addr:street": null, "operator": null, "access": null, "charge": null, "layer": null, "park_ride": null, "supervised": null, "surface": null, "level": null, "site": null, "type": null, "capacity:disabled": null, "note": null, "operator:type": null, "maxstay": null, "opening_hours": null, "payment:cash": null, "payment:credit_cards": null, "building": null, "area": null, "parking:lane": null, "building:levels": null, "description": null, "payment:debit_cards": null, "covered": null, "addr:city": null, "addr:postcode": null, "addr:streetnumber": null, "addr:district": null, "addr:housenumber": null, "wheelchair": null, "alt_name": null, "bus": null, "depot": null, "name:en": null, "network": null, "public_transport": null, "Floor": null, "payment:upi": null, "payment:upi_qr": null, "building:part": null, "landuse": null }, "geometry": { "type": "Point", "coordinates": [ 72.9094509, 19.116422 ] } },
{ "type": "Feature", "properties": { "element": "node", "id": 8451847826, "amenity": "parking", "name": null, "source": null, "capacity": "5", "fee": null, "parking": "lane", "tourism": null, "addr:street": null, "operator": null, "access": null, "charge": null, "layer": null, "park_ride": null, "supervised": null, "surface": null, "level": null, "site": null, "type": null, "capacity:disabled": "2", "note": null, "operator:type": null, "maxstay": null, "opening_hours": null, "payment:cash": null, "payment:credit_cards": null, "building": null, "area": null, "parking:lane": null, "building:levels": null, "description": null, "payment:debit_cards": null, "covered": null, "addr:city": null, "addr:postcode": null, "addr:streetnumber": null, "addr:district": null, "addr:housenumber": null, "wheelchair": null, "alt_name": null, "bus": null, "depot": null, "name:en": null, "network": null, "public_transport": null, "Floor": null, "payment:upi": null, "payment:upi_qr": null, "building:part": null, "landuse": null }, "geometry": { "type": "Point", "coordinates": [ 72.828437, 19.0572233 ] } },
{ "type": "Feature", "properties": { "element": "node", "id": 8451847827, "amenity": "parking", "name": null, "source": null, "capacity": null, "fee": null, "parking": "lane", "tourism": null, "addr:street": null, "operator": null, "access": null, "charge": null, "layer": null, "park_ride": null, "supervised": null, "surface": "ground", "level": null, "site": null, "type": null, "capacity:disabled": "4", "note": "addition tag access=2 without userful meaning", "operator:type": null, "maxstay": null, "opening_hours": null, "payment:cash": null, "payment:credit_cards": null, "building": null, "area": null, "parking:lane": null, "building:levels": null, "description": null, "payment:debit_cards": null, "covered": null, "addr:city": null, "addr:postcode": null, "addr:streetnumber": null, "addr:district": null, "addr:housenumber": null, "wheelchair": null, "alt_name": null, "bus": null, "depot": null, "name:en": null, "network": null, "public_transport": null, "Floor": null, "payment:upi": null, "payment:upi_qr": null, "building:part": null, "landuse": null }, "geometry": { "type": "Point", "coordinates": [ 72.8287504, 19.0568569 ] } },
{ "type": "Feature", "properties": { "element": "node", "id": 8451847828, "amenity": "parking", "name": null, "source": null, "capacity": "7", "fee": null, "parking": "lane", "tourism": null, "addr:street": null, "operator": null, "access": "yes", "charge": null, "layer": null, "park_ride": null, "supervised": null, "surface": null, "level": null, "site": null, "type": null, "capacity:disabled": "5", "note": null, "operator:type": null, "maxstay": null, "opening_hours": null, "payment:cash": null, "payment:credit_cards": null, "building": null, "area": null, "parking:lane": null, "building:levels": null, "description": null, "payment:debit_cards": null, "covered": null, "addr:city": null, "addr:postcode": null, "addr:streetnumber": null, "addr:district": null, "addr:housenumber": null, "wheelchair": null, "alt_name": null, "bus": null, "depot": null, "name:en": null, "network": null, "public_transport": null, "Floor": null, "payment:upi": null, "payment:upi_qr": null, "building:part": null, "landuse": null }, "geometry": { "type": "Point", "coordinates": [ 72.8275676, 19.0573868 ] } },
{ "type": "Feature", "properties": { "element": "node", "id": 8576357587, "amenity": "parking", "name": null, "source": null, "capacity": null, "fee": null, "parking": "street_side", "tourism": null, "addr:street": null, "operator": null, "access": null, "charge": null, "layer": null, "park_ride": null, "supervised": null, "surface": null, "level": null, "site": null, "type": null, "capacity:disabled": null, "note": null, "operator:type": null, "maxstay": null, "opening_hours": null, "payment:cash": null, "payment:credit_cards": null, "building": null, "area": null, "parking:lane": null, "building:levels": null, "description": null, "payment:debit_cards": null, "covered": null, "addr:city": null, "addr:postcode": null, "addr:streetnumber": null, "addr:district": null, "addr:housenumber": null, "wheelchair": null, "alt_name": null, "bus": null, "depot": null, "name:en": null, "network": null, "public_transport": null, "Floor": null, "payment:upi": null, "payment:upi_qr": null, "building:part": null, "landuse": null }, "geometry": { "type": "Point", "coordinates": [ 72.8301036, 19.0050973 ] } },
{ "type": "Feature", "properties": { "element": "node", "id": 9027191388, "amenity": "parking", "name": null, "source": null, "capacity": "20", "fee": null, "parking": "surface", "tourism": null, "addr:street": null, "operator": "Royal Palms", "access": "yes", "charge": null, "layer": null, "park_ride": null, "supervised": null, "surface": "asphalt", "level": null, "site": null, "type": null, "capacity:disabled": null, "note": null, "operator:type": "private", "maxstay": null, "opening_hours": null, "payment:cash": null, "payment:credit_cards": null, "building": null, "area": null, "parking:lane": null, "building:levels": null, "description": null, "payment:debit_cards": null, "covered": null, "addr:city": null, "addr:postcode": null, "addr:streetnumber": null, "addr:district": null, "addr:housenumber": null, "wheelchair": null, "alt_name": null, "bus": null, "depot": null, "name:en": null, "network": null, "public_transport": null, "Floor": null, "payment:upi": null, "payment:upi_qr": null, "building:part": null, "landuse": null }, "geometry": { "type": "Point", "coordinates": [ 72.8864483, 19.1526622 ] } },
{ "type": "Feature", "properties": { "element": "node", "id": 11069702463, "amenity": "parking", "name": null, "source": null, "capacity": null, "fee": null, "parking": "surface", "tourism": null, "addr:street": null, "operator": null, "access": "customers", "charge": null, "layer": null, "park_ride": null, "supervised": null, "surface": null, "level": null, "site": null, "type": null, "capacity:disabled": null, "note": null, "operator:type": null, "maxstay": null, "opening_hours": null, "payment:cash": null, "payment:credit_cards": null, "building": null, "area": null, "parking:lane": null, "building:levels": null, "description": null, "payment:debit_cards": null, "covered": null, "addr:city": null, "addr:postcode": null, "addr:streetnumber": null, "addr:district": null, "addr:housenumber": null, "wheelchair": null, "alt_name": null, "bus": null, "depot": null, "name:en": null, "network": null, "public_transport": null, "Floor": null, "payment:upi": null, "payment:upi_qr": null, "building:part": null, "landuse": null }, "geometry": { "type": "Point", "coordinates": [ 72.8477897, 19.0576243 ] } },
{ "type": "Feature", "properties": { "element": "node", "id": 11192707244, "amenity": "parking", "name": "ALTAF PARKNG LOT", "source": null, "capacity": null, "fee": null, "parking": null, "tourism": null, "addr:street": null, "operator": null, "access": null, "charge": null, "layer": null, "park_ride": null, "supervised": null, "surface": null, "level": null, "site": null, "type": null, "capacity:disabled": null, "note": null, "operator:type": null, "maxstay": null, "opening_hours": null, "payment:cash": null, "payment:credit_cards": null, "building": null, "area": null, "parking:lane": null, "building:levels": null, "description": null, "payment:debit_cards": null, "covered": null, "addr:city": null, "addr:postcode": null, "addr:streetnumber": null, "addr:district": null, "addr:housenumber": null, "wheelchair": null, "alt_name": null, "bus": null, "depot": null, "name:en": null, "network": null, "public_transport": null, "Floor": null, "payment:upi": null, "payment:upi_qr": null, "building:part": null, "landuse": null }, "geometry": { "type": "Point", "coordinates": [ 72.8641978, 19.1066834 ] } },
{ "type": "Feature", "properties": { "element": "node", "id": 11716428202, "amenity": "parking", "name": null, "source": null, "capacity": null, "fee": "no", "parking": "surface", "tourism": null, "addr:street": null, "operator": null, "access": "customers", "charge": null, "layer": null, "park_ride": null, "supervised": null, "surface": null, "level": null, "site": null, "type": null, "capacity:disabled": null, "note": null, "operator:type": null, "maxstay": null, "opening_hours": null, "payment:cash": null, "payment:credit_cards": null, "building": null, "area": null, "parking:lane": null, "building:levels": null, "description": null, "payment:debit_cards": null, "covered": null, "addr:city": null, "addr:postcode": null, "addr:streetnumber": null, "addr:district": null, "addr:housenumber": null, "wheelchair": null, "alt_name": null, "bus": null, "depot": null, "name:en": null, "network": null, "public_transport": null, "Floor": null, "payment:upi": null, "payment:upi_qr": null, "building:part": null, "landuse": null }, "geometry": { "type": "Point", "coordinates": [ 72.9290813, 19.0347208 ] } },
{ "type": "Feature", "properties": { "element": "node", "id": 11716428207, "amenity": "parking", "name": null, "source": null, "capacity": null, "fee": "no", "parking": "surface", "tourism": null, "addr:street": null, "operator": null, "access": "customers", "charge": null, "layer": null, "park_ride": null, "supervised": null, "surface": null, "level": null, "site": null, "type": null, "capacity:disabled": null, "note": null, "operator:type": null, "maxstay": null, "opening_hours": null, "payment:cash": null, "payment:credit_cards": null, "building": null, "area": null, "parking:lane": null, "building:levels": null, "description": null, "payment:debit_cards": null, "covered": null, "addr:city": null, "addr:postcode": null, "addr:streetnumber": null, "addr:district": null, "addr:housenumber": null, "wheelchair": null, "alt_name": null, "bus": null, "depot": null, "name:en": null, "network": null, "public_transport": null, "Floor": null, "payment:upi": null, "payment:upi_qr": null, "building:part": null, "landuse": null }, "geometry": { "type": "Point", "coordinates": [ 72.9264826, 19.0296283 ] } },
{ "type": "Feature", "properties": { "element": "node", "id": 11716428211, "amenity": "parking", "name": "DCSEM Garage", "source": null, "capacity": null, "fee": "no", "parking": "multi-storey", "tourism": null, "addr:street": null, "operator": null, "access": "customers", "charge": null, "layer": null, "park_ride": null, "supervised": null, "surface": null, "level": null, "site": null, "type": null, "capacity:disabled": null, "note": null, "operator:type": null, "maxstay": null, "opening_hours": null, "payment:cash": null, "payment:credit_cards": null, "building": null, "area": null, "parking:lane": null, "building:levels": null, "description": null, "payment:debit_cards": null, "covered": null, "addr:city": null, "addr:postcode": null, "addr:streetnumber": null, "addr:district": null, "addr:housenumber": null, "wheelchair": null, "alt_name": null, "bus": null, "depot": null, "name:en": null, "network": null, "public_transport": null, "Floor": null, "payment:upi": null, "payment:upi_qr": null, "building:part": null, "landuse": null }, "geometry": { "type": "Point", "coordinates": [ 72.9238188, 19.0324951 ] } },
{ "type": "Feature", "properties": { "element": "node", "id": 11716428242, "amenity": "parking", "name": null, "source": null, "capacity": null, "fee": null, "parking": null, "tourism": null, "addr:street": null, "operator": null, "access": null, "charge": null, "layer": null, "park_ride": null, "supervised": null, "surface": null, "level": null, "site": null, "type": null, "capacity:disabled": null, "note": null, "operator:type": null, "maxstay": null, "opening_hours": null, "payment:cash": null, "payment:credit_cards": null, "building": null, "area": null, "parking:lane": null, "building:levels": null, "description": null, "payment:debit_cards": null, "covered": null, "addr:city": null, "addr:postcode": null, "addr:streetnumber": null, "addr:district": null, "addr:housenumber": null, "wheelchair": null, "alt_name": null, "bus": null, "depot": null, "name:en": null, "network": null, "public_transport": null, "Floor": null, "payment:upi": null, "payment:upi_qr": null, "building:part": null, "landuse": null }, "geometry": { "type": "Point", "coordinates": [ 72.9106977, 19.0384888 ] } },
{ "type": "Feature", "properties": { "element": "node", "id": 11716428261, "amenity": "parking", "name": null, "source": null, "capacity": null, "fee": null, "parking": null, "tourism": null, "addr:street": null, "operator": null, "access": null, "charge": null, "layer": null, "park_ride": null, "supervised": null, "surface": null, "level": null, "site": null, "type": null, "capacity:disabled": null, "note": null, "operator:type": null, "maxstay": null, "opening_hours": null, "payment:cash": null, "payment:credit_cards": null, "building": null, "area": null, "parking:lane": null, "building:levels": null, "description": null, "payment:debit_cards": null, "covered": null, "addr:city": null, "addr:postcode": null, "addr:streetnumber": null, "addr:district": null, "addr:housenumber": null, "wheelchair": null, "alt_name": null, "bus": null, "depot": null, "name:en": null, "network": null, "public_transport": null, "Floor": null, "payment:upi": null, "payment:upi_qr": null, "building:part": null, "landuse": null }, "geometry": { "type": "Point", "coordinates": [ 72.9120657, 19.0385823 ] } },
{ "type": "Feature", "properties": { "element": "node", "id": 12564732266, "amenity": "parking", "name": null, "source": null, "capacity": "9", "fee": "yes", "parking": "carports", "tourism": null, "addr:street": null, "operator": "behram parking lot", "access": "yes", "charge": "50 inr", "layer": null, "park_ride": null, "supervised": null, "surface": "ground", "level": null, "site": null, "type": null, "capacity:disabled": "9", "note": null, "operator:type": "public", "maxstay": "1 hour", "opening_hours": "24/7", "payment:cash": "yes", "payment:credit_cards": "yes", "building": null, "area": null, "parking:lane": null, "building:levels": null, "description": null, "payment:debit_cards": null, "covered": null, "addr:city": null, "addr:postcode": null, "addr:streetnumber": null, "addr:district": null, "addr:housenumber": null, "wheelchair": null, "alt_name": null, "bus": null, "depot": null, "name:en": null, "network": null, "public_transport": null, "Floor": null, "payment:upi": null, "payment:upi_qr": null, "building:part": null, "landuse": null }, "geometry": { "type": "Point", "coordinates": [ 72.8229819, 18.9691403 ] } },
{ "type": "Feature", "properties": { "element": "node", "id": 13314941590, "amenity": "parking", "name": null, "source": null, "capacity": null, "fee": null, "parking": "street_side", "tourism": null, "addr:street": null, "operator": null, "access": null, "charge": null, "layer": null, "park_ride": null, "supervised": null, "surface": null, "level": null, "site": null, "type": null, "capacity:disabled": null, "note": null, "operator:type": null, "maxstay": null, "opening_hours": null, "payment:cash": null, "payment:credit_cards": null, "building": null, "area": null, "parking:lane": null, "building:levels": null, "description": null, "payment:debit_cards": null, "covered": null, "addr:city": null, "addr:postcode": null, "addr:streetnumber": null, "addr:district": null, "addr:housenumber": null, "wheelchair": null, "alt_name": null, "bus": null, "depot": null, "name:en": null, "network": null, "public_transport": null, "Floor": null, "payment:upi": null, "payment:upi_qr": null, "building:part": null, "landuse": null }, "geometry": { "type": "Point", "coordinates": [ 72.829765, 19.0052369 ] } },
{ "type": "Feature", "properties": { "element": "node", "id": 13314941591, "amenity": "parking", "name": null, "source": null, "capacity": null, "fee": null, "parking": "street_side", "tourism": null, "addr:street": null, "operator": null, "access": null, "charge": null, "layer": null, "park_ride": null, "supervised": null, "surface": null, "level": null, "site": null, "type": null, "capacity:disabled": null, "note": null, "operator:type": null, "maxstay": null, "opening_hours": null, "payment:cash": null, "payment:credit_cards": null, "building": null, "area": null, "parking:lane": null, "building:levels": null, "description": null, "payment:debit_cards": null, "covered": null, "addr:city": null, "addr:postcode": null, "addr:streetnumber": null, "addr:district": null, "addr:housenumber": null, "wheelchair": null, "alt_name": null, "bus": null, "depot": null, "name:en": null, "network": null, "public_transport": null, "Floor": null, "payment:upi": null, "payment:upi_qr": null, "building:part": null, "landuse": null }, "geometry": { "type": "Point", "coordinates": [ 72.8297948, 19.005178 ] } },
{ "type": "Feature", "properties": { "element": "node", "id": 13314941592, "amenity": "parking", "name": null, "source": null, "capacity": null, "fee": null, "parking": "street_side", "tourism": null, "addr:street": null, "operator": null, "access": null, "charge": null, "layer": null, "park_ride": null, "supervised": null, "surface": null, "level": null, "site": null, "type": null, "capacity:disabled": null, "note": null, "operator:type": null, "maxstay": null, "opening_hours": null, "payment:cash": null, "payment:credit_cards": null, "building": null, "area": null, "parking:lane": null, "building:levels": null, "description": null, "payment:debit_cards": null, "covered": null, "addr:city": null, "addr:postcode": null, "addr:streetnumber": null, "addr:district": null, "addr:housenumber": null, "wheelchair": null, "alt_name": null, "bus": null, "depot": null, "name:en": null, "network": null, "public_transport": null, "Floor": null, "payment:upi": null, "payment:upi_qr": null, "building:part": null, "landuse": null }, "geometry": { "type": "Point", "coordinates": [ 72.8298399, 19.0051333 ] } },
{ "type": "Feature", "properties": { "element": "node", "id": 13314941593, "amenity": "parking", "name": null, "source": null, "capacity": null, "fee": null, "parking": "street_side", "tourism": null, "addr:street": null, "operator": null, "access": null, "charge": null, "layer": null, "park_ride": null, "supervised": null, "surface": null, "level": null, "site": null, "type": null, "capacity:disabled": null, "note": null, "operator:type": null, "maxstay": null, "opening_hours": null, "payment:cash": null, "payment:credit_cards": null, "building": null, "area": null, "parking:lane": null, "building:levels": null, "description": null, "payment:debit_cards": null, "covered": null, "addr:city": null, "addr:postcode": null, "addr:streetnumber": null, "addr:district": null, "addr:housenumber": null, "wheelchair": null, "alt_name": null, "bus": null, "depot": null, "name:en": null, "network": null, "public_transport": null, "Floor": null, "payment:upi": null, "payment:upi_qr": null, "building:part": null, "landuse": null }, "geometry": { "type": "Point", "coordinates": [ 72.8298969, 19.0051056 ] } },
{ "type": "Feature", "properties": { "element": "node", "id": 13314941594, "amenity": "parking", "name": null, "source": null, "capacity": null, "fee": null, "parking": "street_side", "tourism": null, "addr:street": null, "operator": null, "access": null, "charge": null, "layer": null, "park_ride": null, "supervised": null, "surface": null, "level": null, "site": null, "type": null, "capacity:disabled": null, "note": null, "operator:type": null, "maxstay": null, "opening_hours": null, "payment:cash": null, "payment:credit_cards": null, "building": null, "area": null, "parking:lane": null, "building:levels": null, "description": null, "payment:debit_cards": null, "covered": null, "addr:city": null, "addr:postcode": null, "addr:streetnumber": null, "addr:district": null, "addr:housenumber": null, "wheelchair": null, "alt_name": null, "bus": null, "depot": null, "name:en": null, "network": null, "public_transport": null, "Floor": null, "payment:upi": null, "payment:upi_qr": null, "building:part": null, "landuse": null }, "geometry": { "type": "Point", "coordinates": [ 72.8299671, 19.0050861 ] } },
{ "type": "Feature", "properties": { "element": "node", "id": 13314941595, "amenity": "parking", "name": null, "source": null, "capacity": null, "fee": null, "parking": "street_side", "tourism": null, "addr:street": null, "operator": null, "access": null, "charge": null, "layer": null, "park_ride": null, "supervised": null, "surface": null, "level": null, "site": null, "type": null, "capacity:disabled": null, "note": null, "operator:type": null, "maxstay": null, "opening_hours": null, "payment:cash": null, "payment:credit_cards": null, "building": null, "area": null, "parking:lane": null, "building:levels": null, "description": null, "payment:debit_cards": null, "covered": null, "addr:city": null, "addr:postcode": null, "addr:streetnumber": null, "addr:district": null, "addr:housenumber": null, "wheelchair": null, "alt_name": null, "bus": null, "depot": null, "name:en": null, "network": null, "public_transport": null, "Floor": null, "payment:upi": null, "payment:upi_qr": null, "building:part": null, "landuse": null }, "geometry": { "type": "Point", "coordinates": [ 72.8301748, 19.0051415 ] } },
{ "type": "Feature", "properties": { "element": "node", "id": 13314941599, "amenity": "parking", "name": null, "source": null, "capacity": null, "fee": null, "parking": "street_side", "tourism": null, "addr:street": null, "operator": null, "access": null, "charge": null, "layer": null, "park_ride": null, "supervised": null, "surface": null, "level": null, "site": null, "type": null, "capacity:disabled": null, "note": null, "operator:type": null, "maxstay": null, "opening_hours": null, "payment:cash": null, "payment:credit_cards": null, "building": null, "area": null, "parking:lane": null, "building:levels": null, "description": null, "payment:debit_cards": null, "covered": null, "addr:city": null, "addr:postcode": null, "addr:streetnumber": null, "addr:district": null, "addr:housenumber": null, "wheelchair": null, "alt_name": null, "bus": null, "depot": null, "name:en": null, "network": null, "public_transport": null, "Floor": null, "payment:upi": null, "payment:upi_qr": null, "building:part": null, "landuse": null }, "geometry": { "type": "Point", "coordinates": [ 72.8302427, 19.0052576 ] } },
{ "type": "Feature", "properties": { "element": "node", "id": 13314941600, "amenity": "parking", "name": null, "source": null, "capacity": null, "fee": null, "parking": "street_side", "tourism": null, "addr:street": null, "operator": null, "access": null, "charge": null, "layer": null, "park_ride": null, "supervised": null, "surface": null, "level": null, "site": null, "type": null, "capacity:disabled": null, "note": null, "operator:type": null, "maxstay": null, "opening_hours": null, "payment:cash": null, "payment:credit_cards": null, "building": null, "area": null, "parking:lane": null, "building:levels": null, "description": null, "payment:debit_cards": null, "covered": null, "addr:city": null, "addr:postcode": null, "addr:streetnumber": null, "addr:district": null, "addr:housenumber": null, "wheelchair": null, "alt_name": null, "bus": null, "depot": null, "name:en": null, "network": null, "public_transport": null, "Floor": null, "payment:upi": null, "payment:upi_qr": null, "building:part": null, "landuse": null }, "geometry": { "type": "Point", "coordinates": [ 72.8302364, 19.0051992 ] } },
{ "type": "Feature", "properties": { "element": "node", "id": 13504116720, "amenity": "parking", "name": "BMC Public Parking", "source": null, "capacity": null, "fee": null, "parking": null, "tourism": null, "addr:street": null, "operator": null, "access": null, "charge": null, "layer": null, "park_ride": null, "supervised": null, "surface": null, "level": null, "site": null, "type": null, "capacity:disabled": null, "note": null, "operator:type": null, "maxstay": null, "opening_hours": null, "payment:cash": null, "payment:credit_cards": null, "building": null, "area": null, "parking:lane": null, "building:levels": null, "description": null, "payment:debit_cards": null, "covered": null, "addr:city": null, "addr:postcode": null, "addr:streetnumber": null, "addr:district": null, "addr:housenumber": null, "wheelchair": null, "alt_name": null, "bus": null, "depot": null, "name:en": null, "network": null, "public_transport": null, "Floor": null, "payment:upi": null, "payment:upi_qr": null, "building:part": null, "landuse": null }, "geometry": { "type": "Point", "coordinates": [ 72.94717, 19.1814842 ] } },
{ "type": "Feature", "properties": { "element": "node", "id": 13878218029, "amenity": "parking", "name": null, "source": null, "capacity": null, "fee": null, "parking": "surface", "tourism": null, "addr:street": null, "operator": null, "access": null, "charge": null, "layer": null, "park_ride": null, "supervised": null, "surface": null, "level": null, "site": null, "type": null, "capacity:disabled": null, "note": null, "operator:type": null, "maxstay": null, "opening_hours": null, "payment:cash": null, "payment:credit_cards": null, "building": null, "area": null, "parking:lane": null, "building:levels": null, "description": null, "payment:debit_cards": null, "covered": null, "addr:city": null, "addr:postcode": null, "addr:streetnumber": null, "addr:district": null, "addr:housenumber": null, "wheelchair": null, "alt_name": null, "bus": null, "depot": null, "name:en": null, "network": null, "public_transport": null, "Floor": null, "payment:upi": null, "payment:upi_qr": null, "building:part": null, "landuse": null }, "geometry": { "type": "Point", "coordinates": [ 72.9184181, 19.131168 ] } },
{ "type": "Feature", "properties": { "element": "relation", "id": 20679325, "amenity": "parking", "name": null, "source": null, "capacity": null, "fee": "no", "parking": "street_side", "tourism": null, "addr:street": null, "operator": "Somaiya Vidyavihar", "access": "permit", "charge": null, "layer": null, "park_ride": null, "supervised": null, "surface": "concrete", "level": null, "site": null, "type": "multipolygon", "capacity:disabled": null, "note": null, "operator:type": "private", "maxstay": null, "opening_hours": null, "payment:cash": null, "payment:credit_cards": null, "building": null, "area": null, "parking:lane": null, "building:levels": null, "description": null, "payment:debit_cards": null, "covered": "no", "addr:city": null, "addr:postcode": null, "addr:streetnumber": null, "addr:district": null, "addr:housenumber": null, "wheelchair": null, "alt_name": null, "bus": null, "depot": null, "name:en": null, "network": null, "public_transport": null, "Floor": null, "payment:upi": null, "payment:upi_qr": null, "building:part": null, "landuse": null }, "geometry": { "type": "Polygon", "coordinates": [ [ [ 72.8986682, 19.0727448 ], [ 72.8990236, 19.0729475 ], [ 72.8990357, 19.072929 ], [ 72.8986852, 19.0727173 ], [ 72.8986682, 19.0727448 ] ] ] } },
{ "type": "Feature", "properties": { "element": "way", "id": 38748529, "amenity": "parking", "name": null, "source": null, "capacity": null, "fee": null, "parking": null, "tourism": null, "addr:street": null, "operator": null, "access": "private", "charge": null, "layer": null, "park_ride": null, "supervised": null, "surface": null, "level": null, "site": null, "type": null, "capacity:disabled": null, "note": null, "operator:type": null, "maxstay": null, "opening_hours": null, "payment:cash": null, "payment:credit_cards": null, "building": null, "area": null, "parking:lane": null, "building:levels": null, "description": null, "payment:debit_cards": null, "covered": null, "addr:city": null, "addr:postcode": null, "addr:streetnumber": null, "addr:district": null, "addr:housenumber": null, "wheelchair": null, "alt_name": null, "bus": null, "depot": null, "name:en": null, "network": null, "public_transport": null, "Floor": null, "payment:upi": null, "payment:upi_qr": null, "building:part": null, "landuse": null }, "geometry": { "type": "Polygon", "coordinates": [ [ [ 72.820056, 18.9257403 ], [ 72.8202031, 18.9256262 ], [ 72.8203059, 18.9257447 ], [ 72.820486, 18.9256049 ], [ 72.8208019, 18.9259689 ], [ 72.8206361, 18.9260976 ], [ 72.8204084, 18.9258352 ], [ 72.820247, 18.9259605 ], [ 72.820056, 18.9257403 ] ] ] } },
{ "type": "Feature", "properties": { "element": "way", "id": 38763201, "amenity": "parking", "name": null, "source": null, "capacity": null, "fee": null, "parking": null, "tourism": null, "addr:street": null, "operator": null, "access": null, "charge": null, "layer": null, "park_ride": null, "supervised": null, "surface": null, "level": null, "site": null, "type": null, "capacity:disabled": null, "note": null, "operator:type": null, "maxstay": null, "opening_hours": null, "payment:cash": null, "payment:credit_cards": null, "building": null, "area": null, "parking:lane": null, "building:levels": null, "description": null, "payment:debit_cards": null, "covered": null, "addr:city": null, "addr:postcode": null, "addr:streetnumber": null, "addr:district": null, "addr:housenumber": null, "wheelchair": null, "alt_name": null, "bus": null, "depot": null, "name:en": null, "network": null, "public_transport": null, "Floor": null, "payment:upi": null, "payment:upi_qr": null, "building:part": null, "landuse": null }, "geometry": { "type": "Polygon", "coordinates": [ [ [ 72.7967782, 18.9535022 ], [ 72.7968964, 18.9534155 ], [ 72.796802, 18.9534073 ], [ 72.7966904, 18.9534155 ], [ 72.7965788, 18.9534479 ], [ 72.796493, 18.9533424 ], [ 72.7962242, 18.9533575 ], [ 72.7959323, 18.9534712 ], [ 72.7958441, 18.9535066 ], [ 72.7957457, 18.9535713 ], [ 72.7957343, 18.9537085 ], [ 72.7958036, 18.9537959 ], [ 72.7959115, 18.9539222 ], [ 72.7958894, 18.9540556 ], [ 72.7960353, 18.9541612 ], [ 72.7962413, 18.9540962 ], [ 72.7964044, 18.9540313 ], [ 72.7965246, 18.9539501 ], [ 72.7965633, 18.953843 ], [ 72.7966315, 18.9537957 ], [ 72.7966219, 18.9537542 ], [ 72.7968164, 18.9536416 ], [ 72.7968116, 18.953571 ], [ 72.7967782, 18.9535022 ] ] ] } },
{ "type": "Feature", "properties": { "element": "way", "id": 39221269, "amenity": "parking", "name": null, "source": "GPS", "capacity": null, "fee": null, "parking": null, "tourism": null, "addr:street": null, "operator": null, "access": "private", "charge": null, "layer": null, "park_ride": null, "supervised": null, "surface": null, "level": null, "site": null, "type": null, "capacity:disabled": null, "note": null, "operator:type": null, "maxstay": null, "opening_hours": null, "payment:cash": null, "payment:credit_cards": null, "building": null, "area": null, "parking:lane": null, "building:levels": null, "description": null, "payment:debit_cards": null, "covered": null, "addr:city": null, "addr:postcode": null, "addr:streetnumber": null, "addr:district": null, "addr:housenumber": null, "wheelchair": null, "alt_name": null, "bus": null, "depot": null, "name:en": null, "network": null, "public_transport": null, "Floor": null, "payment:upi": null, "payment:upi_qr": null, "building:part": null, "landuse": null }, "geometry": { "type": "Polygon", "coordinates": [ [ [ 72.8043048, 18.9720693 ], [ 72.8045795, 18.9720125 ], [ 72.8047426, 18.9723534 ], [ 72.8048627, 18.9723047 ], [ 72.8046224, 18.9717365 ], [ 72.8042276, 18.9717122 ], [ 72.8043048, 18.9720693 ] ] ] } },
{ "type": "Feature", "properties": { "element": "way", "id": 39353075, "amenity": "parking", "name": "Siemens office parking", "source": "Yahoo", "capacity": null, "fee": null, "parking": "multi-storey", "tourism": null, "addr:street": null, "operator": null, "access": "private", "charge": null, "layer": null, "park_ride": null, "supervised": null, "surface": null, "level": null, "site": null, "type": null, "capacity:disabled": null, "note": null, "operator:type": null, "maxstay": null, "opening_hours": null, "payment:cash": null, "payment:credit_cards": null, "building": "yes", "area": null, "parking:lane": null, "building:levels": null, "description": null, "payment:debit_cards": null, "covered": null, "addr:city": null, "addr:postcode": null, "addr:streetnumber": null, "addr:district": null, "addr:housenumber": null, "wheelchair": null, "alt_name": null, "bus": null, "depot": null, "name:en": null, "network": null, "public_transport": null, "Floor": null, "payment:upi": null, "payment:upi_qr": null, "building:part": null, "landuse": null }, "geometry": { "type": "Polygon", "coordinates": [ [ [ 72.8211809, 19.0060318 ], [ 72.8211208, 19.0060805 ], [ 72.8210435, 19.0060967 ], [ 72.8209749, 19.0060724 ], [ 72.820932, 19.0060156 ], [ 72.8209234, 19.0059588 ], [ 72.8209405, 19.005902 ], [ 72.8209835, 19.0058533 ], [ 72.8210435, 19.0058371 ], [ 72.8211122, 19.0058452 ], [ 72.8211723, 19.0058939 ], [ 72.821198, 19.0059588 ], [ 72.8211809, 19.0060318 ] ] ] } },
{ "type": "Feature", "properties": { "element": "way", "id": 42349128, "amenity": "parking", "name": null, "source": "GPS", "capacity": null, "fee": null, "parking": "surface", "tourism": null, "addr:street": null, "operator": null, "access": null, "charge": null, "layer": null, "park_ride": null, "supervised": null, "surface": null, "level": null, "site": null, "type": null, "capacity:disabled": null, "note": null, "operator:type": null, "maxstay": null, "opening_hours": null, "payment:cash": null, "payment:credit_cards": null, "building": null, "area": null, "parking:lane": null, "building:levels": null, "description": null, "payment:debit_cards": null, "covered": null, "addr:city": null, "addr:postcode": null, "addr:streetnumber": null, "addr:district": null, "addr:housenumber": null, "wheelchair": null, "alt_name": null, "bus": null, "depot": null, "name:en": null, "network": null, "public_transport": null, "Floor": null, "payment:upi": null, "payment:upi_qr": null, "building:part": null, "landuse": null }, "geometry": { "type": "Polygon", "coordinates": [ [ [ 72.831534, 18.9281485 ], [ 72.8316033, 18.9280581 ], [ 72.8318693, 18.927847 ], [ 72.8315293, 18.9276462 ], [ 72.831534, 18.9281485 ] ] ] } },
{ "type": "Feature", "properties": { "element": "way", "id": 42350253, "amenity": "parking", "name": null, "source": "Yahoo", "capacity": null, "fee": null, "parking": null, "tourism": null, "addr:street": null, "operator": null, "access": null, "charge": null, "layer": null, "park_ride": null, "supervised": null, "surface": null, "level": null, "site": null, "type": null, "capacity:disabled": null, "note": null, "operator:type": null, "maxstay": null, "opening_hours": null, "payment:cash": null, "payment:credit_cards": null, "building": null, "area": null, "parking:lane": null, "building:levels": null, "description": null, "payment:debit_cards": null, "covered": null, "addr:city": null, "addr:postcode": null, "addr:streetnumber": null, "addr:district": null, "addr:housenumber": null, "wheelchair": null, "alt_name": null, "bus": null, "depot": null, "name:en": null, "network": null, "public_transport": null, "Floor": null, "payment:upi": null, "payment:upi_qr": null, "building:part": null, "landuse": null }, "geometry": { "type": "Polygon", "coordinates": [ [ [ 72.8313658, 18.9323517 ], [ 72.8317313, 18.9323131 ], [ 72.8316381, 18.9317856 ], [ 72.8314211, 18.931911 ], [ 72.8313753, 18.9320022 ], [ 72.8313605, 18.9322201 ], [ 72.8313658, 18.9323517 ] ] ] } },
{ "type": "Feature", "properties": { "element": "way", "id": 42350254, "amenity": "parking", "name": null, "source": "Yahoo", "capacity": null, "fee": null, "parking": null, "tourism": null, "addr:street": null, "operator": null, "access": null, "charge": null, "layer": null, "park_ride": null, "supervised": null, "surface": null, "level": null, "site": null, "type": null, "capacity:disabled": null, "note": null, "operator:type": null, "maxstay": null, "opening_hours": null, "payment:cash": null, "payment:credit_cards": null, "building": null, "area": null, "parking:lane": null, "building:levels": null, "description": null, "payment:debit_cards": null, "covered": null, "addr:city": null, "addr:postcode": null, "addr:streetnumber": null, "addr:district": null, "addr:housenumber": null, "wheelchair": null, "alt_name": null, "bus": null, "depot": null, "name:en": null, "network": null, "public_transport": null, "Floor": null, "payment:upi": null, "payment:upi_qr": null, "building:part": null, "landuse": null }, "geometry": { "type": "Polygon", "coordinates": [ [ [ 72.8314719, 18.9317735 ], [ 72.8316401, 18.931637 ], [ 72.8316574, 18.9314817 ], [ 72.8315591, 18.9312466 ], [ 72.8314719, 18.9317735 ] ] ] } },
{ "type": "Feature", "properties": { "element": "way", "id": 89185605, "amenity": "parking", "name": null, "source": "Yahoo", "capacity": null, "fee": null, "parking": null, "tourism": null, "addr:street": null, "operator": null, "access": null, "charge": null, "layer": null, "park_ride": null, "supervised": null, "surface": null, "level": null, "site": null, "type": null, "capacity:disabled": null, "note": null, "operator:type": null, "maxstay": null, "opening_hours": null, "payment:cash": null, "payment:credit_cards": null, "building": null, "area": null, "parking:lane": null, "building:levels": null, "description": null, "payment:debit_cards": null, "covered": null, "addr:city": null, "addr:postcode": null, "addr:streetnumber": null, "addr:district": null, "addr:housenumber": null, "wheelchair": null, "alt_name": null, "bus": null, "depot": null, "name:en": null, "network": null, "public_transport": null, "Floor": null, "payment:upi": null, "payment:upi_qr": null, "building:part": null, "landuse": null }, "geometry": { "type": "Polygon", "coordinates": [ [ [ 72.8338024, 18.9465972 ], [ 72.8336736, 18.9473481 ], [ 72.8335985, 18.9472872 ], [ 72.8335342, 18.9471857 ], [ 72.8335342, 18.9470843 ], [ 72.8335771, 18.9469523 ], [ 72.8336629, 18.9468001 ], [ 72.8337702, 18.9466023 ], [ 72.8338024, 18.9465972 ] ] ] } },
{ "type": "Feature", "properties": { "element": "way", "id": 125288013, "amenity": "parking", "name": null, "source": null, "capacity": null, "fee": null, "parking": "surface", "tourism": null, "addr:street": null, "operator": null, "access": null, "charge": null, "layer": null, "park_ride": null, "supervised": null, "surface": null, "level": null, "site": null, "type": null, "capacity:disabled": null, "note": null, "operator:type": null, "maxstay": null, "opening_hours": null, "payment:cash": null, "payment:credit_cards": null, "building": null, "area": null, "parking:lane": null, "building:levels": null, "description": null, "payment:debit_cards": null, "covered": null, "addr:city": null, "addr:postcode": null, "addr:streetnumber": null, "addr:district": null, "addr:housenumber": null, "wheelchair": null, "alt_name": null, "bus": null, "depot": null, "name:en": null, "network": null, "public_transport": null, "Floor": null, "payment:upi": null, "payment:upi_qr": null, "building:part": null, "landuse": null }, "geometry": { "type": "Polygon", "coordinates": [ [ [ 72.8415007, 19.0641454 ], [ 72.8420489, 19.0644447 ], [ 72.8417876, 19.0639919 ], [ 72.8415918, 19.0634152 ], [ 72.8415471, 19.0634112 ], [ 72.8414778, 19.0634089 ], [ 72.8415007, 19.0641454 ] ] ] } },
{ "type": "Feature", "properties": { "element": "way", "id": 150487483, "amenity": "parking", "name": null, "source": null, "capacity": null, "fee": null, "parking": null, "tourism": null, "addr:street": null, "operator": null, "access": null, "charge": null, "layer": null, "park_ride": null, "supervised": null, "surface": null, "level": null, "site": null, "type": null, "capacity:disabled": null, "note": null, "operator:type": null, "maxstay": null, "opening_hours": null, "payment:cash": null, "payment:credit_cards": null, "building": null, "area": null, "parking:lane": null, "building:levels": null, "description": null, "payment:debit_cards": null, "covered": null, "addr:city": null, "addr:postcode": null, "addr:streetnumber": null, "addr:district": null, "addr:housenumber": null, "wheelchair": null, "alt_name": null, "bus": null, "depot": null, "name:en": null, "network": null, "public_transport": null, "Floor": null, "payment:upi": null, "payment:upi_qr": null, "building:part": null, "landuse": null }, "geometry": { "type": "Polygon", "coordinates": [ [ [ 72.8737665, 19.0468192 ], [ 72.8743312, 19.047019 ], [ 72.8745642, 19.0464209 ], [ 72.8739982, 19.0462308 ], [ 72.8737665, 19.0468192 ] ] ] } },
{ "type": "Feature", "properties": { "element": "way", "id": 151253310, "amenity": "parking", "name": null, "source": null, "capacity": null, "fee": "yes", "parking": "surface", "tourism": null, "addr:street": null, "operator": null, "access": "yes", "charge": null, "layer": null, "park_ride": null, "supervised": null, "surface": null, "level": null, "site": null, "type": null, "capacity:disabled": null, "note": null, "operator:type": null, "maxstay": null, "opening_hours": null, "payment:cash": null, "payment:credit_cards": null, "building": null, "area": null, "parking:lane": null, "building:levels": null, "description": null, "payment:debit_cards": null, "covered": null, "addr:city": null, "addr:postcode": null, "addr:streetnumber": null, "addr:district": null, "addr:housenumber": null, "wheelchair": null, "alt_name": null, "bus": null, "depot": null, "name:en": null, "network": null, "public_transport": null, "Floor": null, "payment:upi": null, "payment:upi_qr": null, "building:part": null, "landuse": null }, "geometry": { "type": "Polygon", "coordinates": [ [ [ 72.8275416, 19.0986093 ], [ 72.8269018, 19.0984746 ], [ 72.8269381, 19.0982661 ], [ 72.8272957, 19.0983558 ], [ 72.8274689, 19.098435 ], [ 72.8275276, 19.0985248 ], [ 72.8275416, 19.0986093 ] ] ] } },
{ "type": "Feature", "properties": { "element": "way", "id": 151253311, "amenity": "parking", "name": null, "source": null, "capacity": null, "fee": "yes", "parking": "surface", "tourism": null, "addr:street": null, "operator": null, "access": "yes", "charge": null, "layer": null, "park_ride": null, "supervised": null, "surface": null, "level": null, "site": null, "type": null, "capacity:disabled": null, "note": null, "operator:type": null, "maxstay": null, "opening_hours": null, "payment:cash": null, "payment:credit_cards": null, "building": null, "area": null, "parking:lane": null, "building:levels": null, "description": null, "payment:debit_cards": null, "covered": null, "addr:city": null, "addr:postcode": null, "addr:streetnumber": null, "addr:district": null, "addr:housenumber": null, "wheelchair": null, "alt_name": null, "bus": null, "depot": null, "name:en": null, "network": null, "public_transport": null, "Floor": null, "payment:upi": null, "payment:upi_qr": null, "building:part": null, "landuse": null }, "geometry": { "type": "Polygon", "coordinates": [ [ [ 72.8278222, 19.0986964 ], [ 72.8277667, 19.0983821 ], [ 72.8276681, 19.0982372 ], [ 72.8279356, 19.0981768 ], [ 72.8280486, 19.0982799 ], [ 72.8288211, 19.0983511 ], [ 72.8287602, 19.0988561 ], [ 72.8278222, 19.0986964 ] ] ] } },
{ "type": "Feature", "properties": { "element": "way", "id": 151253993, "amenity": "parking", "name": null, "source": null, "capacity": null, "fee": null, "parking": null, "tourism": null, "addr:street": null, "operator": null, "access": null, "charge": null, "layer": null, "park_ride": null, "supervised": null, "surface": null, "level": null, "site": null, "type": null, "capacity:disabled": null, "note": null, "operator:type": null, "maxstay": null, "opening_hours": null, "payment:cash": null, "payment:credit_cards": null, "building": null, "area": null, "parking:lane": null, "building:levels": null, "description": null, "payment:debit_cards": null, "covered": null, "addr:city": null, "addr:postcode": null, "addr:streetnumber": null, "addr:district": null, "addr:housenumber": null, "wheelchair": null, "alt_name": null, "bus": null, "depot": null, "name:en": null, "network": null, "public_transport": null, "Floor": null, "payment:upi": null, "payment:upi_qr": null, "building:part": null, "landuse": null }, "geometry": { "type": "Polygon", "coordinates": [ [ [ 72.8241301, 19.0781814 ], [ 72.8241747, 19.0780845 ], [ 72.8245655, 19.0782454 ], [ 72.8245208, 19.0783422 ], [ 72.8241301, 19.0781814 ] ] ] } },
{ "type": "Feature", "properties": { "element": "way", "id": 151256446, "amenity": "parking", "name": null, "source": null, "capacity": null, "fee": null, "parking": null, "tourism": null, "addr:street": null, "operator": null, "access": null, "charge": null, "layer": null, "park_ride": null, "supervised": null, "surface": null, "level": null, "site": null, "type": null, "capacity:disabled": null, "note": null, "operator:type": null, "maxstay": null, "opening_hours": null, "payment:cash": null, "payment:credit_cards": null, "building": null, "area": null, "parking:lane": null, "building:levels": null, "description": null, "payment:debit_cards": null, "covered": null, "addr:city": null, "addr:postcode": null, "addr:streetnumber": null, "addr:district": null, "addr:housenumber": null, "wheelchair": null, "alt_name": null, "bus": null, "depot": null, "name:en": null, "network": null, "public_transport": null, "Floor": null, "payment:upi": null, "payment:upi_qr": null, "building:part": null, "landuse": null }, "geometry": { "type": "Polygon", "coordinates": [ [ [ 72.8252853, 19.0757503 ], [ 72.8255085, 19.0756188 ], [ 72.8256396, 19.0755548 ], [ 72.8257623, 19.0755458 ], [ 72.8258364, 19.0755759 ], [ 72.825811, 19.0756398 ], [ 72.8257421, 19.075661 ], [ 72.825645, 19.0756907 ], [ 72.8256476, 19.0757453 ], [ 72.8253221, 19.0758446 ], [ 72.8252853, 19.0757503 ] ] ] } },
{ "type": "Feature", "properties": { "element": "way", "id": 151277396, "amenity": "parking", "name": null, "source": null, "capacity": null, "fee": "yes", "parking": "surface", "tourism": null, "addr:street": null, "operator": null, "access": "yes", "charge": null, "layer": null, "park_ride": null, "supervised": null, "surface": null, "level": null, "site": null, "type": null, "capacity:disabled": null, "note": null, "operator:type": null, "maxstay": null, "opening_hours": null, "payment:cash": null, "payment:credit_cards": null, "building": null, "area": null, "parking:lane": null, "building:levels": null, "description": null, "payment:debit_cards": null, "covered": null, "addr:city": null, "addr:postcode": null, "addr:streetnumber": null, "addr:district": null, "addr:housenumber": null, "wheelchair": null, "alt_name": null, "bus": null, "depot": null, "name:en": null, "network": null, "public_transport": null, "Floor": null, "payment:upi": null, "payment:upi_qr": null, "building:part": null, "landuse": null }, "geometry": { "type": "Polygon", "coordinates": [ [ [ 72.8556718, 19.0932519 ], [ 72.8560878, 19.0930182 ], [ 72.8561691, 19.0930374 ], [ 72.8568265, 19.0941893 ], [ 72.8563802, 19.0944237 ], [ 72.8556718, 19.0932519 ] ] ] } },
{ "type": "Feature", "properties": { "element": "way", "id": 151277398, "amenity": "parking", "name": null, "source": null, "capacity": null, "fee": "yes", "parking": "surface", "tourism": null, "addr:street": null, "operator": null, "access": "yes", "charge": null, "layer": null, "park_ride": null, "supervised": null, "surface": null, "level": null, "site": null, "type": null, "capacity:disabled": null, "note": null, "operator:type": null, "maxstay": null, "opening_hours": null, "payment:cash": null, "payment:credit_cards": null, "building": null, "area": null, "parking:lane": null, "building:levels": null, "description": null, "payment:debit_cards": null, "covered": null, "addr:city": null, "addr:postcode": null, "addr:streetnumber": null, "addr:district": null, "addr:housenumber": null, "wheelchair": null, "alt_name": null, "bus": null, "depot": null, "name:en": null, "network": null, "public_transport": null, "Floor": null, "payment:upi": null, "payment:upi_qr": null, "building:part": null, "landuse": null }, "geometry": { "type": "Polygon", "coordinates": [ [ [ 72.8561966, 19.0943603 ], [ 72.8558892, 19.0945066 ], [ 72.855752, 19.0945065 ], [ 72.855328, 19.0938126 ], [ 72.8550282, 19.0939446 ], [ 72.8549337, 19.0938826 ], [ 72.8549911, 19.093661 ], [ 72.8555389, 19.0933302 ], [ 72.8561966, 19.0943603 ] ] ] } },
{ "type": "Feature", "properties": { "element": "way", "id": 165571612, "amenity": "parking", "name": "BMC Parking", "source": null, "capacity": null, "fee": null, "parking": "surface", "tourism": null, "addr:street": null, "operator": null, "access": null, "charge": null, "layer": null, "park_ride": null, "supervised": null, "surface": null, "level": null, "site": null, "type": null, "capacity:disabled": null, "note": null, "operator:type": null, "maxstay": null, "opening_hours": null, "payment:cash": null, "payment:credit_cards": null, "building": null, "area": null, "parking:lane": null, "building:levels": null, "description": null, "payment:debit_cards": null, "covered": null, "addr:city": null, "addr:postcode": null, "addr:streetnumber": null, "addr:district": null, "addr:housenumber": null, "wheelchair": null, "alt_name": null, "bus": null, "depot": null, "name:en": null, "network": null, "public_transport": null, "Floor": null, "payment:upi": null, "payment:upi_qr": null, "building:part": null, "landuse": null }, "geometry": { "type": "Polygon", "coordinates": [ [ [ 72.8529957, 19.0559527 ], [ 72.853143, 19.056099 ], [ 72.8530668, 19.0562618 ], [ 72.8528909, 19.0561446 ], [ 72.8527611, 19.0560437 ], [ 72.8527879, 19.0560133 ], [ 72.8528844, 19.0560387 ], [ 72.8529957, 19.0559527 ] ] ] } },
{ "type": "Feature", "properties": { "element": "way", "id": 207236884, "amenity": "parking", "name": null, "source": null, "capacity": null, "fee": null, "parking": null, "tourism": null, "addr:street": null, "operator": null, "access": null, "charge": null, "layer": null, "park_ride": null, "supervised": null, "surface": null, "level": null, "site": null, "type": null, "capacity:disabled": null, "note": null, "operator:type": null, "maxstay": null, "opening_hours": null, "payment:cash": null, "payment:credit_cards": null, "building": null, "area": null, "parking:lane": null, "building:levels": null, "description": null, "payment:debit_cards": null, "covered": null, "addr:city": null, "addr:postcode": null, "addr:streetnumber": null, "addr:district": null, "addr:housenumber": null, "wheelchair": null, "alt_name": null, "bus": null, "depot": null, "name:en": null, "network": null, "public_transport": null, "Floor": null, "payment:upi": null, "payment:upi_qr": null, "building:part": null, "landuse": null }, "geometry": { "type": "Polygon", "coordinates": [ [ [ 72.8337228, 18.9350132 ], [ 72.8338258, 18.934994 ], [ 72.8338149, 18.9350958 ], [ 72.8337416, 18.9351046 ], [ 72.8337228, 18.9350132 ] ] ] } },
{ "type": "Feature", "properties": { "element": "way", "id": 207353026, "amenity": "parking", "name": null, "source": null, "capacity": null, "fee": null, "parking": null, "tourism": null, "addr:street": null, "operator": null, "access": null, "charge": null, "layer": null, "park_ride": null, "supervised": null, "surface": null, "level": null, "site": null, "type": null, "capacity:disabled": null, "note": null, "operator:type": null, "maxstay": null, "opening_hours": null, "payment:cash": null, "payment:credit_cards": null, "building": null, "area": null, "parking:lane": null, "building:levels": null, "description": null, "payment:debit_cards": null, "covered": null, "addr:city": null, "addr:postcode": null, "addr:streetnumber": null, "addr:district": null, "addr:housenumber": null, "wheelchair": null, "alt_name": null, "bus": null, "depot": null, "name:en": null, "network": null, "public_transport": null, "Floor": null, "payment:upi": null, "payment:upi_qr": null, "building:part": null, "landuse": null }, "geometry": { "type": "Polygon", "coordinates": [ [ [ 72.8282059, 18.9327161 ], [ 72.8284477, 18.9326931 ], [ 72.8283146, 18.9322763 ], [ 72.8282677, 18.9322781 ], [ 72.8282059, 18.9326612 ], [ 72.8282059, 18.9327161 ] ] ] } },
{ "type": "Feature", "properties": { "element": "way", "id": 207353027, "amenity": "parking", "name": null, "source": null, "capacity": null, "fee": null, "parking": null, "tourism": null, "addr:street": null, "operator": null, "access": null, "charge": null, "layer": null, "park_ride": null, "supervised": null, "surface": null, "level": null, "site": null, "type": null, "capacity:disabled": null, "note": null, "operator:type": null, "maxstay": null, "opening_hours": null, "payment:cash": null, "payment:credit_cards": null, "building": null, "area": null, "parking:lane": null, "building:levels": null, "description": null, "payment:debit_cards": null, "covered": null, "addr:city": null, "addr:postcode": null, "addr:streetnumber": null, "addr:district": null, "addr:housenumber": null, "wheelchair": null, "alt_name": null, "bus": null, "depot": null, "name:en": null, "network": null, "public_transport": null, "Floor": null, "payment:upi": null, "payment:upi_qr": null, "building:part": null, "landuse": null }, "geometry": { "type": "Polygon", "coordinates": [ [ [ 72.8279098, 18.932468 ], [ 72.8279964, 18.9326807 ], [ 72.8280939, 18.932663 ], [ 72.828118, 18.9324045 ], [ 72.8280291, 18.9324099 ], [ 72.8279542, 18.9324376 ], [ 72.8279098, 18.932468 ] ] ] } },
{ "type": "Feature", "properties": { "element": "way", "id": 207354624, "amenity": "parking", "name": null, "source": null, "capacity": null, "fee": null, "parking": null, "tourism": null, "addr:street": null, "operator": null, "access": null, "charge": null, "layer": null, "park_ride": null, "supervised": null, "surface": null, "level": null, "site": null, "type": null, "capacity:disabled": null, "note": null, "operator:type": null, "maxstay": null, "opening_hours": null, "payment:cash": null, "payment:credit_cards": null, "building": null, "area": null, "parking:lane": null, "building:levels": null, "description": null, "payment:debit_cards": null, "covered": null, "addr:city": null, "addr:postcode": null, "addr:streetnumber": null, "addr:district": null, "addr:housenumber": null, "wheelchair": null, "alt_name": null, "bus": null, "depot": null, "name:en": null, "network": null, "public_transport": null, "Floor": null, "payment:upi": null, "payment:upi_qr": null, "building:part": null, "landuse": null }, "geometry": { "type": "Polygon", "coordinates": [ [ [ 72.8336555, 18.9321831 ], [ 72.8336514, 18.9321407 ], [ 72.8339843, 18.9321117 ], [ 72.8339884, 18.9321542 ], [ 72.8336555, 18.9321831 ] ] ] } },
{ "type": "Feature", "properties": { "element": "way", "id": 207376651, "amenity": "parking", "name": null, "source": null, "capacity": null, "fee": null, "parking": null, "tourism": null, "addr:street": null, "operator": null, "access": null, "charge": null, "layer": null, "park_ride": null, "supervised": null, "surface": null, "level": null, "site": null, "type": null, "capacity:disabled": null, "note": null, "operator:type": null, "maxstay": null, "opening_hours": null, "payment:cash": null, "payment:credit_cards": null, "building": null, "area": null, "parking:lane": null, "building:levels": null, "description": null, "payment:debit_cards": null, "covered": null, "addr:city": null, "addr:postcode": null, "addr:streetnumber": null, "addr:district": null, "addr:housenumber": null, "wheelchair": null, "alt_name": null, "bus": null, "depot": null, "name:en": null, "network": null, "public_transport": null, "Floor": null, "payment:upi": null, "payment:upi_qr": null, "building:part": null, "landuse": null }, "geometry": { "type": "Polygon", "coordinates": [ [ [ 72.8341669, 18.9451019 ], [ 72.8343173, 18.9450262 ], [ 72.8344221, 18.9449878 ], [ 72.834267, 18.9446526 ], [ 72.8341669, 18.9451019 ] ] ] } },
{ "type": "Feature", "properties": { "element": "way", "id": 215294540, "amenity": "parking", "name": null, "source": null, "capacity": null, "fee": "yes", "parking": null, "tourism": null, "addr:street": null, "operator": null, "access": "permissive", "charge": null, "layer": null, "park_ride": null, "supervised": null, "surface": null, "level": null, "site": null, "type": null, "capacity:disabled": null, "note": null, "operator:type": null, "maxstay": null, "opening_hours": null, "payment:cash": null, "payment:credit_cards": null, "building": null, "area": null, "parking:lane": null, "building:levels": null, "description": null, "payment:debit_cards": null, "covered": null, "addr:city": null, "addr:postcode": null, "addr:streetnumber": null, "addr:district": null, "addr:housenumber": null, "wheelchair": null, "alt_name": null, "bus": null, "depot": null, "name:en": null, "network": null, "public_transport": null, "Floor": null, "payment:upi": null, "payment:upi_qr": null, "building:part": null, "landuse": null }, "geometry": { "type": "Polygon", "coordinates": [ [ [ 72.8991303, 19.0620521 ], [ 72.8993799, 19.0620462 ], [ 72.8993744, 19.061837 ], [ 72.8993189, 19.0618383 ], [ 72.8993146, 19.0616749 ], [ 72.8994029, 19.0616729 ], [ 72.8993977, 19.0614748 ], [ 72.8991151, 19.0614815 ], [ 72.8991303, 19.0620521 ] ] ] } },
{ "type": "Feature", "properties": { "element": "way", "id": 246344384, "amenity": "parking", "name": "Carnival Cinemas", "source": null, "capacity": null, "fee": "yes", "parking": "surface", "tourism": null, "addr:street": null, "operator": "Carnival Films Pvt. Ltd.", "access": "customers", "charge": null, "layer": null, "park_ride": null, "supervised": "yes", "surface": null, "level": null, "site": null, "type": null, "capacity:disabled": null, "note": null, "operator:type": null, "maxstay": null, "opening_hours": null, "payment:cash": null, "payment:credit_cards": null, "building": null, "area": null, "parking:lane": null, "building:levels": null, "description": null, "payment:debit_cards": null, "covered": null, "addr:city": null, "addr:postcode": null, "addr:streetnumber": null, "addr:district": null, "addr:housenumber": null, "wheelchair": null, "alt_name": null, "bus": null, "depot": null, "name:en": null, "network": null, "public_transport": null, "Floor": null, "payment:upi": null, "payment:upi_qr": null, "building:part": null, "landuse": null }, "geometry": { "type": "Polygon", "coordinates": [ [ [ 72.880808, 19.031035 ], [ 72.881615, 19.0309965 ], [ 72.8815523, 19.0315185 ], [ 72.8817105, 19.0315218 ], [ 72.8817849, 19.0309284 ], [ 72.8815743, 19.0309291 ], [ 72.8808045, 19.0309581 ], [ 72.880808, 19.031035 ] ] ] } },
{ "type": "Feature", "properties": { "element": "way", "id": 250329738, "amenity": "parking", "name": null, "source": null, "capacity": null, "fee": null, "parking": "street_side", "tourism": null, "addr:street": null, "operator": null, "access": null, "charge": null, "layer": null, "park_ride": null, "supervised": null, "surface": null, "level": null, "site": null, "type": null, "capacity:disabled": null, "note": null, "operator:type": null, "maxstay": null, "opening_hours": null, "payment:cash": null, "payment:credit_cards": null, "building": null, "area": null, "parking:lane": null, "building:levels": null, "description": null, "payment:debit_cards": null, "covered": null, "addr:city": null, "addr:postcode": null, "addr:streetnumber": null, "addr:district": null, "addr:housenumber": null, "wheelchair": null, "alt_name": null, "bus": null, "depot": null, "name:en": null, "network": null, "public_transport": null, "Floor": null, "payment:upi": null, "payment:upi_qr": null, "building:part": null, "landuse": null }, "geometry": { "type": "Polygon", "coordinates": [ [ [ 72.9281006, 19.0425794 ], [ 72.9281087, 19.0426572 ], [ 72.9273982, 19.0427053 ], [ 72.9273904, 19.0426257 ], [ 72.9281006, 19.0425794 ] ] ] } },
{ "type": "Feature", "properties": { "element": "way", "id": 275862897, "amenity": "parking", "name": "Phoenix Mills Parking Lot", "source": null, "capacity": null, "fee": "yes", "parking": "multi-storey", "tourism": null, "addr:street": null, "operator": null, "access": "customers", "charge": null, "layer": "1", "park_ride": null, "supervised": null, "surface": null, "level": null, "site": null, "type": null, "capacity:disabled": null, "note": null, "operator:type": null, "maxstay": null, "opening_hours": null, "payment:cash": null, "payment:credit_cards": null, "building": "parking", "area": null, "parking:lane": null, "building:levels": null, "description": null, "payment:debit_cards": null, "covered": null, "addr:city": null, "addr:postcode": null, "addr:streetnumber": null, "addr:district": null, "addr:housenumber": null, "wheelchair": null, "alt_name": null, "bus": null, "depot": null, "name:en": null, "network": null, "public_transport": null, "Floor": null, "payment:upi": null, "payment:upi_qr": null, "building:part": null, "landuse": null }, "geometry": { "type": "Polygon", "coordinates": [ [ [ 72.823156, 18.9957841 ], [ 72.8234823, 18.9958867 ], [ 72.8238355, 18.9958189 ], [ 72.8237766, 18.9957191 ], [ 72.8233663, 18.9950236 ], [ 72.8235755, 18.9946692 ], [ 72.8233296, 18.9942903 ], [ 72.8232488, 18.9943037 ], [ 72.8231534, 18.9943196 ], [ 72.8231916, 18.9950215 ], [ 72.8233819, 18.9953446 ], [ 72.8232374, 18.9954357 ], [ 72.823156, 18.9957841 ] ] ] } },
{ "type": "Feature", "properties": { "element": "way", "id": 281241936, "amenity": "parking", "name": null, "source": null, "capacity": null, "fee": null, "parking": null, "tourism": null, "addr:street": null, "operator": null, "access": null, "charge": null, "layer": null, "park_ride": null, "supervised": null, "surface": null, "level": null, "site": null, "type": null, "capacity:disabled": null, "note": null, "operator:type": null, "maxstay": null, "opening_hours": null, "payment:cash": null, "payment:credit_cards": null, "building": null, "area": null, "parking:lane": null, "building:levels": null, "description": null, "payment:debit_cards": null, "covered": null, "addr:city": null, "addr:postcode": null, "addr:streetnumber": null, "addr:district": null, "addr:housenumber": null, "wheelchair": null, "alt_name": null, "bus": null, "depot": null, "name:en": null, "network": null, "public_transport": null, "Floor": null, "payment:upi": null, "payment:upi_qr": null, "building:part": null, "landuse": null }, "geometry": { "type": "Polygon", "coordinates": [ [ [ 72.822292, 19.0471308 ], [ 72.822324, 19.046649 ], [ 72.8225847, 19.0466645 ], [ 72.8225814, 19.046714 ], [ 72.8227021, 19.0467212 ], [ 72.8226923, 19.0468686 ], [ 72.8225882, 19.0469544 ], [ 72.822459, 19.0469536 ], [ 72.8223555, 19.0471345 ], [ 72.822292, 19.0471308 ] ] ] } },
{ "type": "Feature", "properties": { "element": "way", "id": 354997085, "amenity": "parking", "name": null, "source": null, "capacity": null, "fee": "yes", "parking": null, "tourism": null, "addr:street": null, "operator": "Utopia Garden Grove Mall", "access": "customers", "charge": null, "layer": null, "park_ride": null, "supervised": null, "surface": null, "level": null, "site": null, "type": null, "capacity:disabled": null, "note": null, "operator:type": "private", "maxstay": null, "opening_hours": null, "payment:cash": null, "payment:credit_cards": null, "building": null, "area": null, "parking:lane": null, "building:levels": null, "description": null, "payment:debit_cards": null, "covered": null, "addr:city": null, "addr:postcode": null, "addr:streetnumber": null, "addr:district": null, "addr:housenumber": null, "wheelchair": null, "alt_name": null, "bus": null, "depot": null, "name:en": null, "network": null, "public_transport": null, "Floor": null, "payment:upi": null, "payment:upi_qr": null, "building:part": null, "landuse": null }, "geometry": { "type": "Polygon", "coordinates": [ [ [ 72.8369489, 19.2215067 ], [ 72.8372983, 19.2215067 ], [ 72.8372983, 19.2205091 ], [ 72.8368427, 19.2205091 ], [ 72.8368427, 19.2208733 ], [ 72.8370384, 19.2208733 ], [ 72.8370384, 19.2210211 ], [ 72.8370635, 19.2210211 ], [ 72.8370635, 19.2211821 ], [ 72.837002, 19.2211821 ], [ 72.837002, 19.221285 ], [ 72.8369489, 19.221285 ], [ 72.8369489, 19.2215067 ] ] ] } },
{ "type": "Feature", "properties": { "element": "way", "id": 411060152, "amenity": "parking", "name": null, "source": null, "capacity": null, "fee": null, "parking": null, "tourism": null, "addr:street": null, "operator": null, "access": null, "charge": null, "layer": null, "park_ride": null, "supervised": null, "surface": null, "level": null, "site": null, "type": null, "capacity:disabled": null, "note": null, "operator:type": null, "maxstay": null, "opening_hours": null, "payment:cash": null, "payment:credit_cards": null, "building": null, "area": null, "parking:lane": null, "building:levels": null, "description": null, "payment:debit_cards": null, "covered": null, "addr:city": null, "addr:postcode": null, "addr:streetnumber": null, "addr:district": null, "addr:housenumber": null, "wheelchair": null, "alt_name": null, "bus": null, "depot": null, "name:en": null, "network": null, "public_transport": null, "Floor": null, "payment:upi": null, "payment:upi_qr": null, "building:part": null, "landuse": null }, "geometry": { "type": "Polygon", "coordinates": [ [ [ 72.7939223, 18.9400772 ], [ 72.7939672, 18.9400651 ], [ 72.7940014, 18.9401742 ], [ 72.7939518, 18.9401863 ], [ 72.7939156, 18.9400791 ], [ 72.7939223, 18.9400772 ] ] ] } },
{ "type": "Feature", "properties": { "element": "way", "id": 411074111, "amenity": "parking", "name": null, "source": null, "capacity": null, "fee": null, "parking": null, "tourism": null, "addr:street": null, "operator": null, "access": null, "charge": null, "layer": null, "park_ride": null, "supervised": null, "surface": null, "level": null, "site": null, "type": null, "capacity:disabled": null, "note": null, "operator:type": null, "maxstay": null, "opening_hours": null, "payment:cash": null, "payment:credit_cards": null, "building": null, "area": null, "parking:lane": null, "building:levels": null, "description": null, "payment:debit_cards": null, "covered": null, "addr:city": null, "addr:postcode": null, "addr:streetnumber": null, "addr:district": null, "addr:housenumber": null, "wheelchair": null, "alt_name": null, "bus": null, "depot": null, "name:en": null, "network": null, "public_transport": null, "Floor": null, "payment:upi": null, "payment:upi_qr": null, "building:part": null, "landuse": null }, "geometry": { "type": "Polygon", "coordinates": [ [ [ 72.810865, 18.9776557 ], [ 72.8111225, 18.9775606 ], [ 72.8112043, 18.9774109 ], [ 72.8112714, 18.977274 ], [ 72.8114484, 18.9769683 ], [ 72.8114578, 18.9769227 ], [ 72.811439, 18.9769075 ], [ 72.8114055, 18.9769201 ], [ 72.8113827, 18.9769493 ], [ 72.8113505, 18.9769481 ], [ 72.8111909, 18.9768593 ], [ 72.8111252, 18.9768872 ], [ 72.8110742, 18.9769683 ], [ 72.8110407, 18.9770432 ], [ 72.8110461, 18.9771205 ], [ 72.8110501, 18.9771459 ], [ 72.8110394, 18.9771776 ], [ 72.8110233, 18.9772169 ], [ 72.8110018, 18.9772461 ], [ 72.8109616, 18.9772562 ], [ 72.8109254, 18.9772562 ], [ 72.8108784, 18.9772829 ], [ 72.8108677, 18.9773463 ], [ 72.8108771, 18.9773843 ], [ 72.8109012, 18.9774591 ], [ 72.8108691, 18.9775162 ], [ 72.810865, 18.9776557 ] ] ] } },
{ "type": "Feature", "properties": { "element": "way", "id": 427978188, "amenity": "parking", "name": null, "source": null, "capacity": null, "fee": null, "parking": null, "tourism": null, "addr:street": null, "operator": null, "access": null, "charge": null, "layer": null, "park_ride": null, "supervised": null, "surface": null, "level": null, "site": null, "type": null, "capacity:disabled": null, "note": null, "operator:type": null, "maxstay": null, "opening_hours": null, "payment:cash": null, "payment:credit_cards": null, "building": null, "area": null, "parking:lane": null, "building:levels": null, "description": null, "payment:debit_cards": null, "covered": null, "addr:city": null, "addr:postcode": null, "addr:streetnumber": null, "addr:district": null, "addr:housenumber": null, "wheelchair": null, "alt_name": null, "bus": null, "depot": null, "name:en": null, "network": null, "public_transport": null, "Floor": null, "payment:upi": null, "payment:upi_qr": null, "building:part": null, "landuse": null }, "geometry": { "type": "Polygon", "coordinates": [ [ [ 72.8037554, 19.229631 ], [ 72.8035944, 19.2294182 ], [ 72.8035408, 19.2288611 ], [ 72.8034871, 19.2282634 ], [ 72.8035408, 19.2280709 ], [ 72.8036266, 19.2279291 ], [ 72.8038519, 19.2283343 ], [ 72.8038197, 19.2285268 ], [ 72.8040236, 19.2290333 ], [ 72.8037554, 19.229631 ] ] ] } },
{ "type": "Feature", "properties": { "element": "way", "id": 430029035, "amenity": "parking", "name": null, "source": null, "capacity": null, "fee": null, "parking": null, "tourism": null, "addr:street": null, "operator": null, "access": null, "charge": null, "layer": null, "park_ride": null, "supervised": null, "surface": null, "level": null, "site": null, "type": null, "capacity:disabled": null, "note": null, "operator:type": null, "maxstay": null, "opening_hours": null, "payment:cash": null, "payment:credit_cards": null, "building": null, "area": null, "parking:lane": null, "building:levels": null, "description": null, "payment:debit_cards": null, "covered": null, "addr:city": null, "addr:postcode": null, "addr:streetnumber": null, "addr:district": null, "addr:housenumber": null, "wheelchair": null, "alt_name": null, "bus": null, "depot": null, "name:en": null, "network": null, "public_transport": null, "Floor": null, "payment:upi": null, "payment:upi_qr": null, "building:part": null, "landuse": null }, "geometry": { "type": "Polygon", "coordinates": [ [ [ 72.8798318, 19.0313172 ], [ 72.8803294, 19.0311603 ], [ 72.8805886, 19.0316773 ], [ 72.8806197, 19.0318929 ], [ 72.8805549, 19.0321967 ], [ 72.8803553, 19.0324515 ], [ 72.8798914, 19.0315426 ], [ 72.8798318, 19.0313172 ] ] ] } },
{ "type": "Feature", "properties": { "element": "way", "id": 430412652, "amenity": "parking", "name": null, "source": null, "capacity": null, "fee": "yes", "parking": "surface", "tourism": null, "addr:street": null, "operator": "MMRDA", "access": "customers", "charge": null, "layer": null, "park_ride": null, "supervised": null, "surface": null, "level": null, "site": null, "type": null, "capacity:disabled": null, "note": null, "operator:type": null, "maxstay": null, "opening_hours": null, "payment:cash": null, "payment:credit_cards": null, "building": null, "area": null, "parking:lane": null, "building:levels": null, "description": null, "payment:debit_cards": null, "covered": null, "addr:city": null, "addr:postcode": null, "addr:streetnumber": null, "addr:district": null, "addr:housenumber": null, "wheelchair": null, "alt_name": null, "bus": null, "depot": null, "name:en": null, "network": null, "public_transport": null, "Floor": null, "payment:upi": null, "payment:upi_qr": null, "building:part": null, "landuse": null }, "geometry": { "type": "Polygon", "coordinates": [ [ [ 72.8701588, 19.0651763 ], [ 72.8703277, 19.0656909 ], [ 72.8703324, 19.0659349 ], [ 72.8701963, 19.0669796 ], [ 72.8699616, 19.0667777 ], [ 72.8688821, 19.0658306 ], [ 72.8694594, 19.065529 ], [ 72.8701588, 19.0651763 ] ] ] } },
{ "type": "Feature", "properties": { "element": "way", "id": 430412663, "amenity": "parking", "name": null, "source": null, "capacity": null, "fee": "yes", "parking": "surface", "tourism": null, "addr:street": null, "operator": "MMRDA", "access": "customers", "charge": null, "layer": null, "park_ride": null, "supervised": null, "surface": null, "level": null, "site": null, "type": null, "capacity:disabled": null, "note": null, "operator:type": null, "maxstay": null, "opening_hours": null, "payment:cash": null, "payment:credit_cards": null, "building": null, "area": null, "parking:lane": null, "building:levels": null, "description": null, "payment:debit_cards": null, "covered": null, "addr:city": null, "addr:postcode": null, "addr:streetnumber": null, "addr:district": null, "addr:housenumber": null, "wheelchair": null, "alt_name": null, "bus": null, "depot": null, "name:en": null, "network": null, "public_transport": null, "Floor": null, "payment:upi": null, "payment:upi_qr": null, "building:part": null, "landuse": null }, "geometry": { "type": "Polygon", "coordinates": [ [ [ 72.8635319, 19.059031 ], [ 72.863449, 19.0597757 ], [ 72.8626654, 19.0597116 ], [ 72.8627366, 19.0591414 ], [ 72.8627818, 19.0590381 ], [ 72.8628647, 19.0589918 ], [ 72.862959, 19.0589811 ], [ 72.8635319, 19.059031 ] ] ] } },
{ "type": "Feature", "properties": { "element": "way", "id": 430412667, "amenity": "parking", "name": null, "source": null, "capacity": null, "fee": null, "parking": "surface", "tourism": null, "addr:street": null, "operator": null, "access": "permissive", "charge": null, "layer": null, "park_ride": null, "supervised": null, "surface": null, "level": null, "site": null, "type": null, "capacity:disabled": null, "note": null, "operator:type": null, "maxstay": null, "opening_hours": null, "payment:cash": null, "payment:credit_cards": null, "building": null, "area": null, "parking:lane": null, "building:levels": null, "description": null, "payment:debit_cards": null, "covered": null, "addr:city": null, "addr:postcode": null, "addr:streetnumber": null, "addr:district": null, "addr:housenumber": null, "wheelchair": null, "alt_name": null, "bus": null, "depot": null, "name:en": null, "network": null, "public_transport": null, "Floor": null, "payment:upi": null, "payment:upi_qr": null, "building:part": null, "landuse": null }, "geometry": { "type": "Polygon", "coordinates": [ [ [ 72.8692975, 19.0640695 ], [ 72.868035, 19.0639697 ], [ 72.8679575, 19.0640074 ], [ 72.8679035, 19.0640762 ], [ 72.867873, 19.0642891 ], [ 72.8682649, 19.0643202 ], [ 72.8682626, 19.0643645 ], [ 72.8692529, 19.0644266 ], [ 72.8692975, 19.0640695 ] ] ] } },
{ "type": "Feature", "properties": { "element": "way", "id": 430413548, "amenity": "parking", "name": null, "source": null, "capacity": null, "fee": null, "parking": null, "tourism": null, "addr:street": null, "operator": null, "access": null, "charge": null, "layer": null, "park_ride": null, "supervised": null, "surface": null, "level": null, "site": null, "type": null, "capacity:disabled": null, "note": null, "operator:type": null, "maxstay": null, "opening_hours": null, "payment:cash": null, "payment:credit_cards": null, "building": null, "area": null, "parking:lane": null, "building:levels": null, "description": null, "payment:debit_cards": null, "covered": null, "addr:city": null, "addr:postcode": null, "addr:streetnumber": null, "addr:district": null, "addr:housenumber": null, "wheelchair": null, "alt_name": null, "bus": null, "depot": null, "name:en": null, "network": null, "public_transport": null, "Floor": null, "payment:upi": null, "payment:upi_qr": null, "building:part": null, "landuse": null }, "geometry": { "type": "Polygon", "coordinates": [ [ [ 72.8611874, 19.063039 ], [ 72.8607916, 19.0622766 ], [ 72.8607954, 19.0621982 ], [ 72.8608557, 19.0621305 ], [ 72.8612665, 19.0619915 ], [ 72.8614399, 19.0624369 ], [ 72.8616812, 19.0626756 ], [ 72.8611874, 19.063039 ] ] ] } },
{ "type": "Feature", "properties": { "element": "way", "id": 434912419, "amenity": "parking", "name": null, "source": null, "capacity": null, "fee": null, "parking": null, "tourism": null, "addr:street": null, "operator": null, "access": null, "charge": null, "layer": null, "park_ride": null, "supervised": null, "surface": null, "level": null, "site": null, "type": null, "capacity:disabled": null, "note": null, "operator:type": null, "maxstay": null, "opening_hours": null, "payment:cash": null, "payment:credit_cards": null, "building": null, "area": null, "parking:lane": null, "building:levels": null, "description": null, "payment:debit_cards": null, "covered": null, "addr:city": null, "addr:postcode": null, "addr:streetnumber": null, "addr:district": null, "addr:housenumber": null, "wheelchair": null, "alt_name": null, "bus": null, "depot": null, "name:en": null, "network": null, "public_transport": null, "Floor": null, "payment:upi": null, "payment:upi_qr": null, "building:part": null, "landuse": null }, "geometry": { "type": "Polygon", "coordinates": [ [ [ 72.832029, 18.9182974 ], [ 72.8332387, 18.9210123 ], [ 72.8332146, 18.9210225 ], [ 72.8319901, 18.9183126 ], [ 72.832029, 18.9182974 ] ] ] } },
{ "type": "Feature", "properties": { "element": "way", "id": 436220558, "amenity": "parking", "name": null, "source": null, "capacity": null, "fee": null, "parking": null, "tourism": null, "addr:street": null, "operator": null, "access": null, "charge": null, "layer": null, "park_ride": null, "supervised": null, "surface": null, "level": null, "site": null, "type": null, "capacity:disabled": null, "note": null, "operator:type": null, "maxstay": null, "opening_hours": null, "payment:cash": null, "payment:credit_cards": null, "building": null, "area": null, "parking:lane": null, "building:levels": null, "description": null, "payment:debit_cards": null, "covered": null, "addr:city": null, "addr:postcode": null, "addr:streetnumber": null, "addr:district": null, "addr:housenumber": null, "wheelchair": null, "alt_name": null, "bus": null, "depot": null, "name:en": null, "network": null, "public_transport": null, "Floor": null, "payment:upi": null, "payment:upi_qr": null, "building:part": null, "landuse": null }, "geometry": { "type": "Polygon", "coordinates": [ [ [ 72.9230035, 19.0946217 ], [ 72.9233064, 19.0943568 ], [ 72.9241057, 19.095173 ], [ 72.9238028, 19.0954379 ], [ 72.9230035, 19.0946217 ] ] ] } },
{ "type": "Feature", "properties": { "element": "way", "id": 436222501, "amenity": "parking", "name": null, "source": null, "capacity": null, "fee": "yes", "parking": "multi-storey", "tourism": null, "addr:street": null, "operator": null, "access": "yes", "charge": null, "layer": "1", "park_ride": null, "supervised": null, "surface": null, "level": null, "site": null, "type": null, "capacity:disabled": null, "note": null, "operator:type": null, "maxstay": null, "opening_hours": null, "payment:cash": null, "payment:credit_cards": null, "building": "yes", "area": null, "parking:lane": null, "building:levels": null, "description": null, "payment:debit_cards": null, "covered": null, "addr:city": null, "addr:postcode": null, "addr:streetnumber": null, "addr:district": null, "addr:housenumber": null, "wheelchair": null, "alt_name": null, "bus": null, "depot": null, "name:en": null, "network": null, "public_transport": null, "Floor": null, "payment:upi": null, "payment:upi_qr": null, "building:part": null, "landuse": null }, "geometry": { "type": "Polygon", "coordinates": [ [ [ 72.8732062, 19.1002778 ], [ 72.8724955, 19.1002685 ], [ 72.8724928, 19.1005473 ], [ 72.8728281, 19.1007323 ], [ 72.8759421, 19.1007577 ], [ 72.8760804, 19.1007042 ], [ 72.8763552, 19.100598 ], [ 72.8763552, 19.1003192 ], [ 72.8756524, 19.1003099 ], [ 72.8756588, 19.1001186 ], [ 72.8732063, 19.1000984 ], [ 72.8732062, 19.1002778 ] ] ] } },
{ "type": "Feature", "properties": { "element": "way", "id": 436370614, "amenity": "parking", "name": null, "source": null, "capacity": null, "fee": null, "parking": null, "tourism": null, "addr:street": null, "operator": null, "access": null, "charge": null, "layer": null, "park_ride": null, "supervised": null, "surface": null, "level": null, "site": null, "type": null, "capacity:disabled": null, "note": null, "operator:type": null, "maxstay": null, "opening_hours": null, "payment:cash": null, "payment:credit_cards": null, "building": null, "area": null, "parking:lane": null, "building:levels": null, "description": null, "payment:debit_cards": null, "covered": null, "addr:city": null, "addr:postcode": null, "addr:streetnumber": null, "addr:district": null, "addr:housenumber": null, "wheelchair": null, "alt_name": null, "bus": null, "depot": null, "name:en": null, "network": null, "public_transport": null, "Floor": null, "payment:upi": null, "payment:upi_qr": null, "building:part": null, "landuse": null }, "geometry": { "type": "Polygon", "coordinates": [ [ [ 72.8662171, 19.0736783 ], [ 72.8665149, 19.0737315 ], [ 72.8665122, 19.0738506 ], [ 72.8666865, 19.0738151 ], [ 72.8668179, 19.0738734 ], [ 72.8668179, 19.0738075 ], [ 72.8668662, 19.073805 ], [ 72.8668609, 19.0736681 ], [ 72.866649, 19.0736504 ], [ 72.8665175, 19.0735794 ], [ 72.8664907, 19.073658 ], [ 72.8663298, 19.0736149 ], [ 72.86637, 19.0735287 ], [ 72.866303, 19.0735059 ], [ 72.8662171, 19.0736783 ] ] ] } },
{ "type": "Feature", "properties": { "element": "way", "id": 438519911, "amenity": "parking", "name": null, "source": null, "capacity": null, "fee": null, "parking": "surface", "tourism": null, "addr:street": null, "operator": null, "access": "private", "charge": null, "layer": null, "park_ride": null, "supervised": null, "surface": null, "level": null, "site": null, "type": null, "capacity:disabled": null, "note": null, "operator:type": null, "maxstay": null, "opening_hours": null, "payment:cash": null, "payment:credit_cards": null, "building": null, "area": null, "parking:lane": null, "building:levels": null, "description": null, "payment:debit_cards": null, "covered": null, "addr:city": null, "addr:postcode": null, "addr:streetnumber": null, "addr:district": null, "addr:housenumber": null, "wheelchair": null, "alt_name": null, "bus": null, "depot": null, "name:en": null, "network": null, "public_transport": null, "Floor": null, "payment:upi": null, "payment:upi_qr": null, "building:part": null, "landuse": null }, "geometry": { "type": "Polygon", "coordinates": [ [ [ 72.8196047, 18.9258315 ], [ 72.8197298, 18.9257323 ], [ 72.8198736, 18.9258946 ], [ 72.8197874, 18.9259629 ], [ 72.8200473, 18.9262563 ], [ 72.8202353, 18.9261073 ], [ 72.8203321, 18.9262166 ], [ 72.8201052, 18.9263965 ], [ 72.8196047, 18.9258315 ] ] ] } },
{ "type": "Feature", "properties": { "element": "way", "id": 483179383, "amenity": "parking", "name": null, "source": null, "capacity": null, "fee": null, "parking": null, "tourism": null, "addr:street": null, "operator": null, "access": null, "charge": null, "layer": null, "park_ride": null, "supervised": null, "surface": null, "level": null, "site": null, "type": null, "capacity:disabled": null, "note": null, "operator:type": null, "maxstay": null, "opening_hours": null, "payment:cash": null, "payment:credit_cards": null, "building": null, "area": null, "parking:lane": null, "building:levels": null, "description": null, "payment:debit_cards": null, "covered": null, "addr:city": null, "addr:postcode": null, "addr:streetnumber": null, "addr:district": null, "addr:housenumber": null, "wheelchair": null, "alt_name": null, "bus": null, "depot": null, "name:en": null, "network": null, "public_transport": null, "Floor": null, "payment:upi": null, "payment:upi_qr": null, "building:part": null, "landuse": null }, "geometry": { "type": "Polygon", "coordinates": [ [ [ 72.9126015, 19.1102392 ], [ 72.9126788, 19.1102145 ], [ 72.9127298, 19.1103577 ], [ 72.9127315, 19.1104405 ], [ 72.9126793, 19.1104571 ], [ 72.9126015, 19.1102392 ] ] ] } },
{ "type": "Feature", "properties": { "element": "way", "id": 483179419, "amenity": "parking", "name": null, "source": null, "capacity": null, "fee": null, "parking": null, "tourism": null, "addr:street": null, "operator": null, "access": null, "charge": null, "layer": null, "park_ride": null, "supervised": null, "surface": null, "level": null, "site": null, "type": null, "capacity:disabled": null, "note": null, "operator:type": null, "maxstay": null, "opening_hours": null, "payment:cash": null, "payment:credit_cards": null, "building": null, "area": null, "parking:lane": null, "building:levels": null, "description": null, "payment:debit_cards": null, "covered": null, "addr:city": null, "addr:postcode": null, "addr:streetnumber": null, "addr:district": null, "addr:housenumber": null, "wheelchair": null, "alt_name": null, "bus": null, "depot": null, "name:en": null, "network": null, "public_transport": null, "Floor": null, "payment:upi": null, "payment:upi_qr": null, "building:part": null, "landuse": null }, "geometry": { "type": "Polygon", "coordinates": [ [ [ 72.9285471, 19.1302418 ], [ 72.9283919, 19.1303006 ], [ 72.9283327, 19.1303231 ], [ 72.9285929, 19.1309363 ], [ 72.9288073, 19.1308551 ], [ 72.9285471, 19.1302418 ] ] ] } },
{ "type": "Feature", "properties": { "element": "way", "id": 553216688, "amenity": "parking", "name": null, "source": null, "capacity": null, "fee": null, "parking": "surface", "tourism": null, "addr:street": null, "operator": "St Andrews' Turf Park", "access": "private", "charge": null, "layer": null, "park_ride": "no", "supervised": "yes", "surface": null, "level": null, "site": null, "type": null, "capacity:disabled": null, "note": null, "operator:type": null, "maxstay": null, "opening_hours": null, "payment:cash": null, "payment:credit_cards": null, "building": null, "area": null, "parking:lane": null, "building:levels": null, "description": null, "payment:debit_cards": null, "covered": null, "addr:city": null, "addr:postcode": null, "addr:streetnumber": null, "addr:district": null, "addr:housenumber": null, "wheelchair": null, "alt_name": null, "bus": null, "depot": null, "name:en": null, "network": null, "public_transport": null, "Floor": null, "payment:upi": null, "payment:upi_qr": null, "building:part": null, "landuse": null }, "geometry": { "type": "Polygon", "coordinates": [ [ [ 72.8269295, 19.056692 ], [ 72.8268015, 19.0566914 ], [ 72.8268104, 19.0564448 ], [ 72.826822, 19.0562008 ], [ 72.8269455, 19.0562054 ], [ 72.8269295, 19.056692 ] ] ] } },
{ "type": "Feature", "properties": { "element": "way", "id": 564904684, "amenity": "parking", "name": null, "source": null, "capacity": null, "fee": null, "parking": null, "tourism": null, "addr:street": null, "operator": null, "access": "private", "charge": null, "layer": null, "park_ride": null, "supervised": null, "surface": null, "level": null, "site": null, "type": null, "capacity:disabled": null, "note": null, "operator:type": null, "maxstay": null, "opening_hours": null, "payment:cash": null, "payment:credit_cards": null, "building": null, "area": "yes", "parking:lane": null, "building:levels": null, "description": null, "payment:debit_cards": null, "covered": null, "addr:city": null, "addr:postcode": null, "addr:streetnumber": null, "addr:district": null, "addr:housenumber": null, "wheelchair": null, "alt_name": null, "bus": null, "depot": null, "name:en": null, "network": null, "public_transport": null, "Floor": null, "payment:upi": null, "payment:upi_qr": null, "building:part": null, "landuse": null }, "geometry": { "type": "Polygon", "coordinates": [ [ [ 72.8327492, 19.094449 ], [ 72.8329437, 19.0944468 ], [ 72.8329415, 19.0942691 ], [ 72.8326595, 19.0942723 ], [ 72.8326602, 19.094323 ], [ 72.8326609, 19.0943789 ], [ 72.8327483, 19.0943779 ], [ 72.8327492, 19.094449 ] ] ] } },
{ "type": "Feature", "properties": { "element": "way", "id": 564904685, "amenity": "parking", "name": null, "source": null, "capacity": null, "fee": null, "parking": null, "tourism": null, "addr:street": null, "operator": null, "access": "private", "charge": null, "layer": null, "park_ride": null, "supervised": null, "surface": null, "level": null, "site": null, "type": null, "capacity:disabled": null, "note": null, "operator:type": null, "maxstay": null, "opening_hours": null, "payment:cash": null, "payment:credit_cards": null, "building": null, "area": "yes", "parking:lane": null, "building:levels": null, "description": null, "payment:debit_cards": null, "covered": null, "addr:city": null, "addr:postcode": null, "addr:streetnumber": null, "addr:district": null, "addr:housenumber": null, "wheelchair": null, "alt_name": null, "bus": null, "depot": null, "name:en": null, "network": null, "public_transport": null, "Floor": null, "payment:upi": null, "payment:upi_qr": null, "building:part": null, "landuse": null }, "geometry": { "type": "Polygon", "coordinates": [ [ [ 72.8320291, 19.0952296 ], [ 72.8320728, 19.0952828 ], [ 72.8321689, 19.0952122 ], [ 72.8321252, 19.095159 ], [ 72.8320986, 19.0951777 ], [ 72.8320291, 19.0952296 ] ] ] } },
{ "type": "Feature", "properties": { "element": "way", "id": 564904686, "amenity": "parking", "name": null, "source": null, "capacity": null, "fee": null, "parking": null, "tourism": null, "addr:street": null, "operator": null, "access": "private", "charge": null, "layer": null, "park_ride": null, "supervised": null, "surface": null, "level": null, "site": null, "type": null, "capacity:disabled": null, "note": null, "operator:type": null, "maxstay": null, "opening_hours": null, "payment:cash": null, "payment:credit_cards": null, "building": null, "area": "yes", "parking:lane": null, "building:levels": null, "description": null, "payment:debit_cards": null, "covered": null, "addr:city": null, "addr:postcode": null, "addr:streetnumber": null, "addr:district": null, "addr:housenumber": null, "wheelchair": null, "alt_name": null, "bus": null, "depot": null, "name:en": null, "network": null, "public_transport": null, "Floor": null, "payment:upi": null, "payment:upi_qr": null, "building:part": null, "landuse": null }, "geometry": { "type": "Polygon", "coordinates": [ [ [ 72.8319773, 19.095167 ], [ 72.8319587, 19.095143 ], [ 72.8319336, 19.0951106 ], [ 72.8321655, 19.0949501 ], [ 72.8324732, 19.0947372 ], [ 72.8325169, 19.0947936 ], [ 72.832054, 19.095114 ], [ 72.8319773, 19.095167 ] ] ] } },
{ "type": "Feature", "properties": { "element": "way", "id": 566808382, "amenity": "parking", "name": null, "source": null, "capacity": null, "fee": null, "parking": null, "tourism": null, "addr:street": null, "operator": null, "access": null, "charge": null, "layer": null, "park_ride": null, "supervised": null, "surface": null, "level": null, "site": null, "type": null, "capacity:disabled": null, "note": null, "operator:type": null, "maxstay": null, "opening_hours": null, "payment:cash": null, "payment:credit_cards": null, "building": null, "area": null, "parking:lane": null, "building:levels": null, "description": null, "payment:debit_cards": null, "covered": null, "addr:city": null, "addr:postcode": null, "addr:streetnumber": null, "addr:district": null, "addr:housenumber": null, "wheelchair": null, "alt_name": null, "bus": null, "depot": null, "name:en": null, "network": null, "public_transport": null, "Floor": null, "payment:upi": null, "payment:upi_qr": null, "building:part": null, "landuse": null }, "geometry": { "type": "Polygon", "coordinates": [ [ [ 72.9232044, 19.1090939 ], [ 72.9239528, 19.1086985 ], [ 72.9237301, 19.1083538 ], [ 72.9230193, 19.1087416 ], [ 72.9232044, 19.1090939 ] ] ] } },
{ "type": "Feature", "properties": { "element": "way", "id": 573863789, "amenity": "parking", "name": "Pay & Park", "source": null, "capacity": null, "fee": "yes", "parking": "surface", "tourism": null, "addr:street": null, "operator": "MMRDA", "access": null, "charge": null, "layer": null, "park_ride": null, "supervised": "yes", "surface": null, "level": null, "site": null, "type": null, "capacity:disabled": null, "note": null, "operator:type": null, "maxstay": null, "opening_hours": null, "payment:cash": null, "payment:credit_cards": null, "building": null, "area": null, "parking:lane": null, "building:levels": null, "description": null, "payment:debit_cards": null, "covered": null, "addr:city": null, "addr:postcode": null, "addr:streetnumber": null, "addr:district": null, "addr:housenumber": null, "wheelchair": null, "alt_name": null, "bus": null, "depot": null, "name:en": null, "network": null, "public_transport": null, "Floor": null, "payment:upi": null, "payment:upi_qr": null, "building:part": null, "landuse": null }, "geometry": { "type": "Polygon", "coordinates": [ [ [ 72.8585825, 19.0660355 ], [ 72.8592456, 19.065942 ], [ 72.8593482, 19.0658904 ], [ 72.8593955, 19.0658111 ], [ 72.8593751, 19.0655298 ], [ 72.8585308, 19.0656348 ], [ 72.8585825, 19.0660355 ] ] ] } },
{ "type": "Feature", "properties": { "element": "way", "id": 573865383, "amenity": "parking", "name": "Pay & Park", "source": null, "capacity": null, "fee": "yes", "parking": "surface", "tourism": null, "addr:street": null, "operator": "MMRDA", "access": null, "charge": null, "layer": null, "park_ride": null, "supervised": "yes", "surface": null, "level": null, "site": null, "type": null, "capacity:disabled": null, "note": null, "operator:type": null, "maxstay": null, "opening_hours": null, "payment:cash": null, "payment:credit_cards": null, "building": null, "area": null, "parking:lane": null, "building:levels": null, "description": null, "payment:debit_cards": null, "covered": null, "addr:city": null, "addr:postcode": null, "addr:streetnumber": null, "addr:district": null, "addr:housenumber": null, "wheelchair": null, "alt_name": null, "bus": null, "depot": null, "name:en": null, "network": null, "public_transport": null, "Floor": null, "payment:upi": null, "payment:upi_qr": null, "building:part": null, "landuse": null }, "geometry": { "type": "Polygon", "coordinates": [ [ [ 72.8599451, 19.0649775 ], [ 72.8602135, 19.0649456 ], [ 72.8602486, 19.0652101 ], [ 72.8599802, 19.065242 ], [ 72.8599451, 19.0649775 ] ] ] } },
{ "type": "Feature", "properties": { "element": "way", "id": 574805578, "amenity": "parking", "name": null, "source": null, "capacity": null, "fee": null, "parking": null, "tourism": null, "addr:street": null, "operator": null, "access": null, "charge": null, "layer": null, "park_ride": null, "supervised": null, "surface": null, "level": null, "site": null, "type": null, "capacity:disabled": null, "note": null, "operator:type": null, "maxstay": null, "opening_hours": null, "payment:cash": null, "payment:credit_cards": null, "building": null, "area": null, "parking:lane": null, "building:levels": null, "description": null, "payment:debit_cards": null, "covered": null, "addr:city": null, "addr:postcode": null, "addr:streetnumber": null, "addr:district": null, "addr:housenumber": null, "wheelchair": null, "alt_name": null, "bus": null, "depot": null, "name:en": null, "network": null, "public_transport": null, "Floor": null, "payment:upi": null, "payment:upi_qr": null, "building:part": null, "landuse": null }, "geometry": { "type": "Polygon", "coordinates": [ [ [ 72.8167985, 19.0203281 ], [ 72.8169624, 19.0204027 ], [ 72.8169895, 19.0202844 ], [ 72.8168016, 19.020282 ], [ 72.8167985, 19.0203281 ] ] ] } },
{ "type": "Feature", "properties": { "element": "way", "id": 574805730, "amenity": "parking", "name": null, "source": null, "capacity": null, "fee": null, "parking": null, "tourism": null, "addr:street": null, "operator": null, "access": null, "charge": null, "layer": null, "park_ride": null, "supervised": null, "surface": null, "level": null, "site": null, "type": null, "capacity:disabled": null, "note": null, "operator:type": null, "maxstay": null, "opening_hours": null, "payment:cash": null, "payment:credit_cards": null, "building": null, "area": null, "parking:lane": null, "building:levels": null, "description": null, "payment:debit_cards": null, "covered": null, "addr:city": null, "addr:postcode": null, "addr:streetnumber": null, "addr:district": null, "addr:housenumber": null, "wheelchair": null, "alt_name": null, "bus": null, "depot": null, "name:en": null, "network": null, "public_transport": null, "Floor": null, "payment:upi": null, "payment:upi_qr": null, "building:part": null, "landuse": null }, "geometry": { "type": "Polygon", "coordinates": [ [ [ 72.8169678, 19.0204312 ], [ 72.8170141, 19.0202613 ], [ 72.8171271, 19.0202623 ], [ 72.8171357, 19.0203279 ], [ 72.8170679, 19.0204852 ], [ 72.8169678, 19.0204312 ] ] ] } },
{ "type": "Feature", "properties": { "element": "way", "id": 574805735, "amenity": "parking", "name": null, "source": null, "capacity": null, "fee": null, "parking": null, "tourism": null, "addr:street": null, "operator": null, "access": null, "charge": null, "layer": null, "park_ride": null, "supervised": null, "surface": null, "level": null, "site": null, "type": null, "capacity:disabled": null, "note": null, "operator:type": null, "maxstay": null, "opening_hours": null, "payment:cash": null, "payment:credit_cards": null, "building": null, "area": null, "parking:lane": null, "building:levels": null, "description": null, "payment:debit_cards": null, "covered": null, "addr:city": null, "addr:postcode": null, "addr:streetnumber": null, "addr:district": null, "addr:housenumber": null, "wheelchair": null, "alt_name": null, "bus": null, "depot": null, "name:en": null, "network": null, "public_transport": null, "Floor": null, "payment:upi": null, "payment:upi_qr": null, "building:part": null, "landuse": null }, "geometry": { "type": "Polygon", "coordinates": [ [ [ 72.8162042, 19.020395 ], [ 72.8166549, 19.0204458 ], [ 72.8167015, 19.0203251 ], [ 72.8167805, 19.0203184 ], [ 72.8167734, 19.0201997 ], [ 72.8165891, 19.0202064 ], [ 72.8165708, 19.0201652 ], [ 72.8164878, 19.0201585 ], [ 72.8164878, 19.0201126 ], [ 72.8163419, 19.0201116 ], [ 72.8163389, 19.0200752 ], [ 72.816268, 19.0200743 ], [ 72.8162649, 19.0200266 ], [ 72.8162035, 19.0200266 ], [ 72.8162042, 19.020395 ] ] ] } },
{ "type": "Feature", "properties": { "element": "way", "id": 574805736, "amenity": "parking", "name": null, "source": null, "capacity": null, "fee": null, "parking": null, "tourism": null, "addr:street": null, "operator": null, "access": null, "charge": null, "layer": null, "park_ride": null, "supervised": null, "surface": null, "level": null, "site": null, "type": null, "capacity:disabled": null, "note": null, "operator:type": null, "maxstay": null, "opening_hours": null, "payment:cash": null, "payment:credit_cards": null, "building": null, "area": null, "parking:lane": null, "building:levels": null, "description": null, "payment:debit_cards": null, "covered": null, "addr:city": null, "addr:postcode": null, "addr:streetnumber": null, "addr:district": null, "addr:housenumber": null, "wheelchair": null, "alt_name": null, "bus": null, "depot": null, "name:en": null, "network": null, "public_transport": null, "Floor": null, "payment:upi": null, "payment:upi_qr": null, "building:part": null, "landuse": null }, "geometry": { "type": "Polygon", "coordinates": [ [ [ 72.8166996, 19.0204695 ], [ 72.8161959, 19.0204144 ], [ 72.8161565, 19.0206044 ], [ 72.8164321, 19.0206463 ], [ 72.8164371, 19.0207425 ], [ 72.8165634, 19.0207549 ], [ 72.81662, 19.0206564 ], [ 72.8167529, 19.0207223 ], [ 72.8168423, 19.0205796 ], [ 72.8169263, 19.0206444 ], [ 72.8170169, 19.0205042 ], [ 72.8167686, 19.0203402 ], [ 72.8166996, 19.0204695 ] ] ] } },
{ "type": "Feature", "properties": { "element": "way", "id": 574808465, "amenity": "parking", "name": null, "source": null, "capacity": null, "fee": null, "parking": null, "tourism": null, "addr:street": null, "operator": null, "access": null, "charge": null, "layer": null, "park_ride": null, "supervised": null, "surface": null, "level": null, "site": null, "type": null, "capacity:disabled": null, "note": null, "operator:type": null, "maxstay": null, "opening_hours": null, "payment:cash": null, "payment:credit_cards": null, "building": null, "area": null, "parking:lane": null, "building:levels": null, "description": null, "payment:debit_cards": null, "covered": null, "addr:city": null, "addr:postcode": null, "addr:streetnumber": null, "addr:district": null, "addr:housenumber": null, "wheelchair": null, "alt_name": null, "bus": null, "depot": null, "name:en": null, "network": null, "public_transport": null, "Floor": null, "payment:upi": null, "payment:upi_qr": null, "building:part": null, "landuse": null }, "geometry": { "type": "Polygon", "coordinates": [ [ [ 72.8164313, 19.0209492 ], [ 72.8165507, 19.0209549 ], [ 72.8165661, 19.0209004 ], [ 72.8166935, 19.0209347 ], [ 72.8166687, 19.0209835 ], [ 72.8166385, 19.0210272 ], [ 72.8166479, 19.0211255 ], [ 72.8166134, 19.0211217 ], [ 72.8164984, 19.021109 ], [ 72.8164749, 19.021237 ], [ 72.8163535, 19.0213302 ], [ 72.8160578, 19.0212935 ], [ 72.8160404, 19.0210386 ], [ 72.8161631, 19.0210697 ], [ 72.8161886, 19.0209816 ], [ 72.8162918, 19.02105 ], [ 72.8164152, 19.021038 ], [ 72.8164313, 19.0209492 ] ] ] } },
{ "type": "Feature", "properties": { "element": "way", "id": 575659983, "amenity": "parking", "name": null, "source": null, "capacity": null, "fee": null, "parking": null, "tourism": null, "addr:street": null, "operator": null, "access": null, "charge": null, "layer": null, "park_ride": null, "supervised": null, "surface": null, "level": null, "site": null, "type": null, "capacity:disabled": null, "note": null, "operator:type": null, "maxstay": null, "opening_hours": null, "payment:cash": null, "payment:credit_cards": null, "building": null, "area": null, "parking:lane": null, "building:levels": null, "description": null, "payment:debit_cards": null, "covered": null, "addr:city": null, "addr:postcode": null, "addr:streetnumber": null, "addr:district": null, "addr:housenumber": null, "wheelchair": null, "alt_name": null, "bus": null, "depot": null, "name:en": null, "network": null, "public_transport": null, "Floor": null, "payment:upi": null, "payment:upi_qr": null, "building:part": null, "landuse": null }, "geometry": { "type": "Polygon", "coordinates": [ [ [ 72.8177219, 19.0172649 ], [ 72.8177247, 19.0174638 ], [ 72.817628, 19.0174624 ], [ 72.8176255, 19.0173966 ], [ 72.8175631, 19.0173966 ], [ 72.8175597, 19.0174806 ], [ 72.8176363, 19.0174807 ], [ 72.8176365, 19.0175296 ], [ 72.8176563, 19.0175298 ], [ 72.8176559, 19.0175466 ], [ 72.8176978, 19.0175479 ], [ 72.8176973, 19.0175772 ], [ 72.8177229, 19.0175776 ], [ 72.8177229, 19.0176069 ], [ 72.8178304, 19.017606 ], [ 72.8178304, 19.0175425 ], [ 72.8178641, 19.017541 ], [ 72.8178645, 19.0175073 ], [ 72.8178857, 19.0175066 ], [ 72.8178861, 19.0174687 ], [ 72.8179016, 19.0174687 ], [ 72.8179016, 19.0174521 ], [ 72.8179062, 19.0174521 ], [ 72.8179062, 19.0174351 ], [ 72.8179161, 19.0174351 ], [ 72.8179161, 19.0173934 ], [ 72.8178435, 19.0173934 ], [ 72.8178435, 19.0172711 ], [ 72.8177219, 19.0172649 ] ] ] } },
{ "type": "Feature", "properties": { "element": "way", "id": 575659984, "amenity": "parking", "name": null, "source": null, "capacity": null, "fee": null, "parking": null, "tourism": null, "addr:street": null, "operator": null, "access": null, "charge": null, "layer": null, "park_ride": null, "supervised": null, "surface": null, "level": null, "site": null, "type": null, "capacity:disabled": null, "note": null, "operator:type": null, "maxstay": null, "opening_hours": null, "payment:cash": null, "payment:credit_cards": null, "building": null, "area": null, "parking:lane": null, "building:levels": null, "description": null, "payment:debit_cards": null, "covered": null, "addr:city": null, "addr:postcode": null, "addr:streetnumber": null, "addr:district": null, "addr:housenumber": null, "wheelchair": null, "alt_name": null, "bus": null, "depot": null, "name:en": null, "network": null, "public_transport": null, "Floor": null, "payment:upi": null, "payment:upi_qr": null, "building:part": null, "landuse": null }, "geometry": { "type": "Polygon", "coordinates": [ [ [ 72.8188119, 19.0172076 ], [ 72.8187692, 19.0173427 ], [ 72.8186953, 19.0173219 ], [ 72.8187049, 19.0172916 ], [ 72.8186667, 19.0172809 ], [ 72.8186835, 19.0172276 ], [ 72.8186555, 19.0172198 ], [ 72.8186717, 19.0171681 ], [ 72.8188119, 19.0172076 ] ] ] } },
{ "type": "Feature", "properties": { "element": "way", "id": 575659985, "amenity": "parking", "name": null, "source": null, "capacity": null, "fee": null, "parking": null, "tourism": null, "addr:street": null, "operator": null, "access": null, "charge": null, "layer": null, "park_ride": null, "supervised": null, "surface": null, "level": null, "site": null, "type": null, "capacity:disabled": null, "note": null, "operator:type": null, "maxstay": null, "opening_hours": null, "payment:cash": null, "payment:credit_cards": null, "building": null, "area": null, "parking:lane": null, "building:levels": null, "description": null, "payment:debit_cards": null, "covered": null, "addr:city": null, "addr:postcode": null, "addr:streetnumber": null, "addr:district": null, "addr:housenumber": null, "wheelchair": null, "alt_name": null, "bus": null, "depot": null, "name:en": null, "network": null, "public_transport": null, "Floor": null, "payment:upi": null, "payment:upi_qr": null, "building:part": null, "landuse": null }, "geometry": { "type": "Polygon", "coordinates": [ [ [ 72.8183757, 19.0183298 ], [ 72.818423, 19.0183466 ], [ 72.8184235, 19.0183928 ], [ 72.8184397, 19.0184005 ], [ 72.8184359, 19.0184284 ], [ 72.8185198, 19.0184437 ], [ 72.8185714, 19.0182546 ], [ 72.8183778, 19.0182439 ], [ 72.8183757, 19.0183298 ] ] ] } },
{ "type": "Feature", "properties": { "element": "way", "id": 601141841, "amenity": "parking", "name": null, "source": null, "capacity": null, "fee": null, "parking": null, "tourism": null, "addr:street": null, "operator": null, "access": null, "charge": null, "layer": null, "park_ride": null, "supervised": null, "surface": null, "level": null, "site": null, "type": null, "capacity:disabled": null, "note": null, "operator:type": null, "maxstay": null, "opening_hours": null, "payment:cash": null, "payment:credit_cards": null, "building": null, "area": null, "parking:lane": null, "building:levels": null, "description": null, "payment:debit_cards": null, "covered": null, "addr:city": null, "addr:postcode": null, "addr:streetnumber": null, "addr:district": null, "addr:housenumber": null, "wheelchair": null, "alt_name": null, "bus": null, "depot": null, "name:en": null, "network": null, "public_transport": null, "Floor": null, "payment:upi": null, "payment:upi_qr": null, "building:part": null, "landuse": null }, "geometry": { "type": "Polygon", "coordinates": [ [ [ 72.8458101, 18.9845672 ], [ 72.8453293, 18.9835864 ], [ 72.8456172, 18.9834603 ], [ 72.846098, 18.984441 ], [ 72.8458101, 18.9845672 ] ] ] } },
{ "type": "Feature", "properties": { "element": "way", "id": 601141843, "amenity": "parking", "name": null, "source": null, "capacity": null, "fee": null, "parking": null, "tourism": null, "addr:street": null, "operator": null, "access": null, "charge": null, "layer": null, "park_ride": null, "supervised": null, "surface": null, "level": null, "site": null, "type": null, "capacity:disabled": null, "note": null, "operator:type": null, "maxstay": null, "opening_hours": null, "payment:cash": null, "payment:credit_cards": null, "building": null, "area": null, "parking:lane": null, "building:levels": null, "description": null, "payment:debit_cards": null, "covered": null, "addr:city": null, "addr:postcode": null, "addr:streetnumber": null, "addr:district": null, "addr:housenumber": null, "wheelchair": null, "alt_name": null, "bus": null, "depot": null, "name:en": null, "network": null, "public_transport": null, "Floor": null, "payment:upi": null, "payment:upi_qr": null, "building:part": null, "landuse": null }, "geometry": { "type": "Polygon", "coordinates": [ [ [ 72.8439986, 18.9852287 ], [ 72.8444385, 18.9861029 ], [ 72.8446932, 18.985997 ], [ 72.8451975, 18.987081 ], [ 72.8452788, 18.9870471 ], [ 72.8443935, 18.9851549 ], [ 72.8439986, 18.9852287 ] ] ] } },
{ "type": "Feature", "properties": { "element": "way", "id": 601141845, "amenity": "parking", "name": null, "source": null, "capacity": null, "fee": null, "parking": null, "tourism": null, "addr:street": null, "operator": null, "access": null, "charge": null, "layer": null, "park_ride": null, "supervised": null, "surface": null, "level": null, "site": null, "type": null, "capacity:disabled": null, "note": null, "operator:type": null, "maxstay": null, "opening_hours": null, "payment:cash": null, "payment:credit_cards": null, "building": null, "area": null, "parking:lane": null, "building:levels": null, "description": null, "payment:debit_cards": null, "covered": null, "addr:city": null, "addr:postcode": null, "addr:streetnumber": null, "addr:district": null, "addr:housenumber": null, "wheelchair": null, "alt_name": null, "bus": null, "depot": null, "name:en": null, "network": null, "public_transport": null, "Floor": null, "payment:upi": null, "payment:upi_qr": null, "building:part": null, "landuse": null }, "geometry": { "type": "Polygon", "coordinates": [ [ [ 72.844916, 18.98386 ], [ 72.8452586, 18.9837086 ], [ 72.8456886, 18.9845787 ], [ 72.845346, 18.9847301 ], [ 72.844916, 18.98386 ] ] ] } },
{ "type": "Feature", "properties": { "element": "way", "id": 601141847, "amenity": "parking", "name": null, "source": null, "capacity": null, "fee": null, "parking": null, "tourism": null, "addr:street": null, "operator": null, "access": null, "charge": null, "layer": null, "park_ride": null, "supervised": null, "surface": null, "level": null, "site": null, "type": null, "capacity:disabled": null, "note": null, "operator:type": null, "maxstay": null, "opening_hours": null, "payment:cash": null, "payment:credit_cards": null, "building": null, "area": null, "parking:lane": "perpendicular", "building:levels": null, "description": null, "payment:debit_cards": null, "covered": null, "addr:city": null, "addr:postcode": null, "addr:streetnumber": null, "addr:district": null, "addr:housenumber": null, "wheelchair": null, "alt_name": null, "bus": null, "depot": null, "name:en": null, "network": null, "public_transport": null, "Floor": null, "payment:upi": null, "payment:upi_qr": null, "building:part": null, "landuse": null }, "geometry": { "type": "Polygon", "coordinates": [ [ [ 72.8442979, 18.9830133 ], [ 72.8450671, 18.9847332 ], [ 72.8451446, 18.9847022 ], [ 72.8443754, 18.9829823 ], [ 72.8442979, 18.9830133 ] ] ] } },
{ "type": "Feature", "properties": { "element": "way", "id": 601141849, "amenity": "parking", "name": null, "source": null, "capacity": null, "fee": null, "parking": null, "tourism": null, "addr:street": null, "operator": null, "access": null, "charge": null, "layer": null, "park_ride": null, "supervised": null, "surface": null, "level": null, "site": null, "type": null, "capacity:disabled": null, "note": null, "operator:type": null, "maxstay": null, "opening_hours": null, "payment:cash": null, "payment:credit_cards": null, "building": null, "area": null, "parking:lane": null, "building:levels": null, "description": null, "payment:debit_cards": null, "covered": null, "addr:city": null, "addr:postcode": null, "addr:streetnumber": null, "addr:district": null, "addr:housenumber": null, "wheelchair": null, "alt_name": null, "bus": null, "depot": null, "name:en": null, "network": null, "public_transport": null, "Floor": null, "payment:upi": null, "payment:upi_qr": null, "building:part": null, "landuse": null }, "geometry": { "type": "Polygon", "coordinates": [ [ [ 72.8431103, 18.9842556 ], [ 72.8434908, 18.9851488 ], [ 72.8437565, 18.9850476 ], [ 72.8433761, 18.9841544 ], [ 72.8431103, 18.9842556 ] ] ] } },
{ "type": "Feature", "properties": { "element": "way", "id": 601141886, "amenity": "parking", "name": null, "source": null, "capacity": null, "fee": null, "parking": null, "tourism": null, "addr:street": null, "operator": null, "access": null, "charge": null, "layer": null, "park_ride": null, "supervised": null, "surface": null, "level": null, "site": null, "type": null, "capacity:disabled": null, "note": null, "operator:type": null, "maxstay": null, "opening_hours": null, "payment:cash": null, "payment:credit_cards": null, "building": null, "area": null, "parking:lane": null, "building:levels": null, "description": null, "payment:debit_cards": null, "covered": null, "addr:city": null, "addr:postcode": null, "addr:streetnumber": null, "addr:district": null, "addr:housenumber": null, "wheelchair": null, "alt_name": null, "bus": null, "depot": null, "name:en": null, "network": null, "public_transport": null, "Floor": null, "payment:upi": null, "payment:upi_qr": null, "building:part": null, "landuse": null }, "geometry": { "type": "Polygon", "coordinates": [ [ [ 72.8453636, 18.9869901 ], [ 72.8456731, 18.9868554 ], [ 72.8448335, 18.9851231 ], [ 72.8444812, 18.9851766 ], [ 72.8453636, 18.9869901 ] ] ] } },
{ "type": "Feature", "properties": { "element": "way", "id": 617778249, "amenity": "parking", "name": "Multilevel Parking", "source": null, "capacity": null, "fee": null, "parking": "multi-storey", "tourism": null, "addr:street": null, "operator": null, "access": "private", "charge": null, "layer": null, "park_ride": null, "supervised": null, "surface": null, "level": null, "site": null, "type": null, "capacity:disabled": null, "note": null, "operator:type": null, "maxstay": null, "opening_hours": null, "payment:cash": null, "payment:credit_cards": null, "building": "yes", "area": null, "parking:lane": null, "building:levels": "2", "description": null, "payment:debit_cards": null, "covered": null, "addr:city": null, "addr:postcode": null, "addr:streetnumber": null, "addr:district": null, "addr:housenumber": null, "wheelchair": null, "alt_name": null, "bus": null, "depot": null, "name:en": null, "network": null, "public_transport": null, "Floor": null, "payment:upi": null, "payment:upi_qr": null, "building:part": null, "landuse": null }, "geometry": { "type": "Polygon", "coordinates": [ [ [ 72.9354494, 19.165924 ], [ 72.9355226, 19.1658951 ], [ 72.935574, 19.1658747 ], [ 72.9356679, 19.1658376 ], [ 72.9357709, 19.1657968 ], [ 72.9358141, 19.1657797 ], [ 72.9357018, 19.1655369 ], [ 72.9356803, 19.1654859 ], [ 72.9356573, 19.1654365 ], [ 72.9356347, 19.1653873 ], [ 72.9352673, 19.1655315 ], [ 72.9354494, 19.165924 ] ] ] } },
{ "type": "Feature", "properties": { "element": "way", "id": 625655199, "amenity": "parking", "name": null, "source": null, "capacity": null, "fee": null, "parking": null, "tourism": null, "addr:street": null, "operator": null, "access": null, "charge": null, "layer": null, "park_ride": null, "supervised": null, "surface": null, "level": null, "site": null, "type": null, "capacity:disabled": null, "note": null, "operator:type": null, "maxstay": null, "opening_hours": null, "payment:cash": null, "payment:credit_cards": null, "building": null, "area": null, "parking:lane": null, "building:levels": null, "description": null, "payment:debit_cards": null, "covered": null, "addr:city": null, "addr:postcode": null, "addr:streetnumber": null, "addr:district": null, "addr:housenumber": null, "wheelchair": null, "alt_name": null, "bus": null, "depot": null, "name:en": null, "network": null, "public_transport": null, "Floor": null, "payment:upi": null, "payment:upi_qr": null, "building:part": null, "landuse": null }, "geometry": { "type": "Polygon", "coordinates": [ [ [ 72.8248972, 18.9288263 ], [ 72.8250003, 18.9289525 ], [ 72.8252484, 18.928752 ], [ 72.8253423, 18.9286429 ], [ 72.8254871, 18.9284387 ], [ 72.8255689, 18.928237 ], [ 72.8255944, 18.9280175 ], [ 72.8255823, 18.9278311 ], [ 72.8255019, 18.9275926 ], [ 72.8252779, 18.9277055 ], [ 72.8253946, 18.9278577 ], [ 72.8254509, 18.928034 ], [ 72.8253597, 18.9283664 ], [ 72.825121, 18.9286658 ], [ 72.8248972, 18.9288263 ] ] ] } },
{ "type": "Feature", "properties": { "element": "way", "id": 643077457, "amenity": "parking", "name": null, "source": null, "capacity": null, "fee": null, "parking": null, "tourism": null, "addr:street": null, "operator": null, "access": null, "charge": null, "layer": null, "park_ride": null, "supervised": null, "surface": null, "level": null, "site": null, "type": null, "capacity:disabled": null, "note": null, "operator:type": null, "maxstay": null, "opening_hours": null, "payment:cash": null, "payment:credit_cards": null, "building": null, "area": null, "parking:lane": null, "building:levels": null, "description": null, "payment:debit_cards": null, "covered": null, "addr:city": null, "addr:postcode": null, "addr:streetnumber": null, "addr:district": null, "addr:housenumber": null, "wheelchair": null, "alt_name": null, "bus": null, "depot": null, "name:en": null, "network": null, "public_transport": null, "Floor": null, "payment:upi": null, "payment:upi_qr": null, "building:part": null, "landuse": null }, "geometry": { "type": "Polygon", "coordinates": [ [ [ 72.936661, 19.1655762 ], [ 72.9367524, 19.1655399 ], [ 72.9369691, 19.166056 ], [ 72.9362135, 19.1663214 ], [ 72.9360427, 19.165889 ], [ 72.9366298, 19.1656506 ], [ 72.936661, 19.1655762 ] ] ] } },
{ "type": "Feature", "properties": { "element": "way", "id": 647133460, "amenity": "parking", "name": null, "source": null, "capacity": null, "fee": null, "parking": "surface", "tourism": null, "addr:street": null, "operator": null, "access": null, "charge": null, "layer": null, "park_ride": null, "supervised": null, "surface": null, "level": null, "site": null, "type": null, "capacity:disabled": null, "note": null, "operator:type": null, "maxstay": null, "opening_hours": null, "payment:cash": null, "payment:credit_cards": null, "building": null, "area": null, "parking:lane": null, "building:levels": null, "description": null, "payment:debit_cards": null, "covered": null, "addr:city": null, "addr:postcode": null, "addr:streetnumber": null, "addr:district": null, "addr:housenumber": null, "wheelchair": null, "alt_name": null, "bus": null, "depot": null, "name:en": null, "network": null, "public_transport": null, "Floor": null, "payment:upi": null, "payment:upi_qr": null, "building:part": null, "landuse": null }, "geometry": { "type": "Polygon", "coordinates": [ [ [ 72.8363103, 18.9399324 ], [ 72.8365329, 18.939957 ], [ 72.836544, 18.9398636 ], [ 72.8366578, 18.9398758 ], [ 72.8366689, 18.9397828 ], [ 72.8363324, 18.939747 ], [ 72.8363103, 18.9399324 ] ] ] } },
{ "type": "Feature", "properties": { "element": "way", "id": 665695522, "amenity": "parking", "name": null, "source": null, "capacity": null, "fee": null, "parking": null, "tourism": null, "addr:street": null, "operator": null, "access": null, "charge": null, "layer": null, "park_ride": null, "supervised": null, "surface": null, "level": null, "site": null, "type": null, "capacity:disabled": null, "note": null, "operator:type": null, "maxstay": null, "opening_hours": null, "payment:cash": null, "payment:credit_cards": null, "building": null, "area": null, "parking:lane": null, "building:levels": null, "description": null, "payment:debit_cards": null, "covered": null, "addr:city": null, "addr:postcode": null, "addr:streetnumber": null, "addr:district": null, "addr:housenumber": null, "wheelchair": null, "alt_name": null, "bus": null, "depot": null, "name:en": null, "network": null, "public_transport": null, "Floor": null, "payment:upi": null, "payment:upi_qr": null, "building:part": null, "landuse": null }, "geometry": { "type": "Polygon", "coordinates": [ [ [ 72.9368108, 19.1668009 ], [ 72.936886, 19.1669706 ], [ 72.9365534, 19.1670998 ], [ 72.9364941, 19.1669258 ], [ 72.9368108, 19.1668009 ] ] ] } },
{ "type": "Feature", "properties": { "element": "way", "id": 667157804, "amenity": "parking", "name": "BMC Multilevel Parking", "source": null, "capacity": null, "fee": null, "parking": "multi-storey", "tourism": null, "addr:street": null, "operator": null, "access": null, "charge": null, "layer": null, "park_ride": null, "supervised": null, "surface": null, "level": null, "site": null, "type": null, "capacity:disabled": null, "note": null, "operator:type": null, "maxstay": null, "opening_hours": null, "payment:cash": null, "payment:credit_cards": null, "building": null, "area": null, "parking:lane": null, "building:levels": null, "description": null, "payment:debit_cards": null, "covered": null, "addr:city": null, "addr:postcode": null, "addr:streetnumber": null, "addr:district": null, "addr:housenumber": null, "wheelchair": null, "alt_name": null, "bus": null, "depot": null, "name:en": null, "network": null, "public_transport": null, "Floor": null, "payment:upi": null, "payment:upi_qr": null, "building:part": null, "landuse": null }, "geometry": { "type": "Polygon", "coordinates": [ [ [ 72.936481, 19.1700235 ], [ 72.9362884, 19.1697746 ], [ 72.9366445, 19.1695167 ], [ 72.9368119, 19.1697753 ], [ 72.936481, 19.1700235 ] ] ] } },
{ "type": "Feature", "properties": { "element": "way", "id": 670773356, "amenity": "parking", "name": null, "source": null, "capacity": null, "fee": null, "parking": null, "tourism": null, "addr:street": null, "operator": null, "access": null, "charge": null, "layer": null, "park_ride": null, "supervised": null, "surface": null, "level": null, "site": null, "type": null, "capacity:disabled": null, "note": null, "operator:type": null, "maxstay": null, "opening_hours": null, "payment:cash": null, "payment:credit_cards": null, "building": null, "area": null, "parking:lane": null, "building:levels": null, "description": null, "payment:debit_cards": null, "covered": null, "addr:city": null, "addr:postcode": null, "addr:streetnumber": null, "addr:district": null, "addr:housenumber": null, "wheelchair": null, "alt_name": null, "bus": null, "depot": null, "name:en": null, "network": null, "public_transport": null, "Floor": null, "payment:upi": null, "payment:upi_qr": null, "building:part": null, "landuse": null }, "geometry": { "type": "Polygon", "coordinates": [ [ [ 72.9587365, 19.1755086 ], [ 72.9583744, 19.1759038 ], [ 72.9582572, 19.1758051 ], [ 72.958636, 19.175407 ], [ 72.9587365, 19.1755086 ] ] ] } },
{ "type": "Feature", "properties": { "element": "way", "id": 680643627, "amenity": "parking", "name": null, "source": null, "capacity": null, "fee": null, "parking": null, "tourism": null, "addr:street": null, "operator": null, "access": "yes", "charge": null, "layer": null, "park_ride": null, "supervised": null, "surface": "clay", "level": null, "site": null, "type": null, "capacity:disabled": null, "note": null, "operator:type": null, "maxstay": null, "opening_hours": null, "payment:cash": null, "payment:credit_cards": null, "building": null, "area": null, "parking:lane": null, "building:levels": null, "description": null, "payment:debit_cards": null, "covered": null, "addr:city": null, "addr:postcode": null, "addr:streetnumber": null, "addr:district": null, "addr:housenumber": null, "wheelchair": null, "alt_name": null, "bus": null, "depot": null, "name:en": null, "network": null, "public_transport": null, "Floor": null, "payment:upi": null, "payment:upi_qr": null, "building:part": null, "landuse": null }, "geometry": { "type": "Polygon", "coordinates": [ [ [ 72.9709271, 19.1774477 ], [ 72.9713523, 19.1773956 ], [ 72.9711863, 19.1770115 ], [ 72.9709796, 19.1770874 ], [ 72.9709271, 19.1774477 ] ] ] } },
{ "type": "Feature", "properties": { "element": "way", "id": 682675504, "amenity": "parking", "name": null, "source": null, "capacity": null, "fee": null, "parking": null, "tourism": null, "addr:street": null, "operator": null, "access": null, "charge": null, "layer": null, "park_ride": null, "supervised": null, "surface": null, "level": null, "site": null, "type": null, "capacity:disabled": null, "note": null, "operator:type": null, "maxstay": null, "opening_hours": null, "payment:cash": null, "payment:credit_cards": null, "building": null, "area": null, "parking:lane": null, "building:levels": null, "description": null, "payment:debit_cards": null, "covered": null, "addr:city": null, "addr:postcode": null, "addr:streetnumber": null, "addr:district": null, "addr:housenumber": null, "wheelchair": null, "alt_name": null, "bus": null, "depot": null, "name:en": null, "network": null, "public_transport": null, "Floor": null, "payment:upi": null, "payment:upi_qr": null, "building:part": null, "landuse": null }, "geometry": { "type": "Polygon", "coordinates": [ [ [ 72.9540304, 19.1659519 ], [ 72.9541809, 19.1659221 ], [ 72.9543072, 19.1656993 ], [ 72.95401, 19.1657624 ], [ 72.9540304, 19.1659519 ] ] ] } },
{ "type": "Feature", "properties": { "element": "way", "id": 682675505, "amenity": "parking", "name": null, "source": null, "capacity": null, "fee": null, "parking": null, "tourism": null, "addr:street": null, "operator": null, "access": null, "charge": null, "layer": null, "park_ride": null, "supervised": null, "surface": null, "level": null, "site": null, "type": null, "capacity:disabled": null, "note": null, "operator:type": null, "maxstay": null, "opening_hours": null, "payment:cash": null, "payment:credit_cards": null, "building": null, "area": null, "parking:lane": null, "building:levels": null, "description": null, "payment:debit_cards": null, "covered": null, "addr:city": null, "addr:postcode": null, "addr:streetnumber": null, "addr:district": null, "addr:housenumber": null, "wheelchair": null, "alt_name": null, "bus": null, "depot": null, "name:en": null, "network": null, "public_transport": null, "Floor": null, "payment:upi": null, "payment:upi_qr": null, "building:part": null, "landuse": null }, "geometry": { "type": "Polygon", "coordinates": [ [ [ 72.953293, 19.1659151 ], [ 72.9534583, 19.1660607 ], [ 72.9536013, 19.1658344 ], [ 72.953293, 19.1659151 ] ] ] } },
{ "type": "Feature", "properties": { "element": "way", "id": 748898387, "amenity": "parking", "name": null, "source": null, "capacity": null, "fee": "yes", "parking": "multi-storey", "tourism": null, "addr:street": "Warden Road (Bhula Bhai Desai Marg)", "operator": "MCGM", "access": "yes", "charge": null, "layer": null, "park_ride": null, "supervised": "yes", "surface": null, "level": null, "site": null, "type": null, "capacity:disabled": null, "note": null, "operator:type": null, "maxstay": null, "opening_hours": null, "payment:cash": null, "payment:credit_cards": null, "building": "yes", "area": null, "parking:lane": null, "building:levels": "20", "description": "Akriti Skypark", "payment:debit_cards": null, "covered": null, "addr:city": null, "addr:postcode": null, "addr:streetnumber": null, "addr:district": null, "addr:housenumber": null, "wheelchair": null, "alt_name": null, "bus": null, "depot": null, "name:en": null, "network": null, "public_transport": null, "Floor": null, "payment:upi": null, "payment:upi_qr": null, "building:part": null, "landuse": null }, "geometry": { "type": "Polygon", "coordinates": [ [ [ 72.8059362, 18.975304 ], [ 72.8058887, 18.9751506 ], [ 72.8060614, 18.9751027 ], [ 72.8060659, 18.9751173 ], [ 72.8061089, 18.9752561 ], [ 72.8059362, 18.975304 ] ] ] } },
{ "type": "Feature", "properties": { "element": "way", "id": 803339785, "amenity": "parking", "name": null, "source": null, "capacity": null, "fee": "yes", "parking": "surface", "tourism": null, "addr:street": null, "operator": null, "access": "customers", "charge": null, "layer": null, "park_ride": null, "supervised": null, "surface": null, "level": null, "site": null, "type": null, "capacity:disabled": null, "note": null, "operator:type": null, "maxstay": null, "opening_hours": null, "payment:cash": null, "payment:credit_cards": null, "building": null, "area": null, "parking:lane": null, "building:levels": null, "description": null, "payment:debit_cards": null, "covered": null, "addr:city": null, "addr:postcode": null, "addr:streetnumber": null, "addr:district": null, "addr:housenumber": null, "wheelchair": null, "alt_name": null, "bus": null, "depot": null, "name:en": null, "network": null, "public_transport": null, "Floor": null, "payment:upi": null, "payment:upi_qr": null, "building:part": null, "landuse": null }, "geometry": { "type": "Polygon", "coordinates": [ [ [ 72.8345224, 18.9787756 ], [ 72.834494, 18.978651 ], [ 72.8348326, 18.9785821 ], [ 72.8348609, 18.9787066 ], [ 72.8345224, 18.9787756 ] ] ] } },
{ "type": "Feature", "properties": { "element": "way", "id": 807444544, "amenity": "parking", "name": null, "source": null, "capacity": null, "fee": null, "parking": null, "tourism": null, "addr:street": null, "operator": "Public Parking Space", "access": null, "charge": null, "layer": null, "park_ride": null, "supervised": null, "surface": null, "level": null, "site": null, "type": null, "capacity:disabled": null, "note": null, "operator:type": null, "maxstay": null, "opening_hours": null, "payment:cash": null, "payment:credit_cards": null, "building": null, "area": null, "parking:lane": null, "building:levels": null, "description": null, "payment:debit_cards": null, "covered": null, "addr:city": null, "addr:postcode": null, "addr:streetnumber": null, "addr:district": null, "addr:housenumber": null, "wheelchair": null, "alt_name": null, "bus": null, "depot": null, "name:en": null, "network": null, "public_transport": null, "Floor": null, "payment:upi": null, "payment:upi_qr": null, "building:part": null, "landuse": null }, "geometry": { "type": "Polygon", "coordinates": [ [ [ 72.83219, 19.2212983 ], [ 72.8324163, 19.2214 ], [ 72.832411, 19.2211315 ], [ 72.8321691, 19.2211033 ], [ 72.8321691, 19.2212943 ], [ 72.83219, 19.2212983 ] ] ] } },
{ "type": "Feature", "properties": { "element": "way", "id": 816592873, "amenity": "parking", "name": null, "source": null, "capacity": null, "fee": "no", "parking": "surface", "tourism": null, "addr:street": null, "operator": null, "access": "private", "charge": null, "layer": null, "park_ride": null, "supervised": null, "surface": "asphalt", "level": null, "site": null, "type": null, "capacity:disabled": null, "note": null, "operator:type": null, "maxstay": null, "opening_hours": null, "payment:cash": null, "payment:credit_cards": null, "building": null, "area": null, "parking:lane": null, "building:levels": null, "description": null, "payment:debit_cards": null, "covered": null, "addr:city": null, "addr:postcode": null, "addr:streetnumber": null, "addr:district": null, "addr:housenumber": null, "wheelchair": null, "alt_name": null, "bus": null, "depot": null, "name:en": null, "network": null, "public_transport": null, "Floor": null, "payment:upi": null, "payment:upi_qr": null, "building:part": null, "landuse": null }, "geometry": { "type": "Polygon", "coordinates": [ [ [ 72.926692, 19.0308102 ], [ 72.927173, 19.0314455 ], [ 72.9272722, 19.0314525 ], [ 72.927483, 19.0313424 ], [ 72.9269251, 19.0306133 ], [ 72.926692, 19.0308102 ] ] ] } },
{ "type": "Feature", "properties": { "element": "way", "id": 816592874, "amenity": "parking", "name": null, "source": null, "capacity": null, "fee": "no", "parking": "surface", "tourism": null, "addr:street": null, "operator": null, "access": "private", "charge": null, "layer": null, "park_ride": null, "supervised": null, "surface": "concrete", "level": null, "site": null, "type": null, "capacity:disabled": null, "note": null, "operator:type": null, "maxstay": null, "opening_hours": null, "payment:cash": null, "payment:credit_cards": null, "building": null, "area": null, "parking:lane": null, "building:levels": null, "description": null, "payment:debit_cards": null, "covered": null, "addr:city": null, "addr:postcode": null, "addr:streetnumber": null, "addr:district": null, "addr:housenumber": null, "wheelchair": null, "alt_name": null, "bus": null, "depot": null, "name:en": null, "network": null, "public_transport": null, "Floor": null, "payment:upi": null, "payment:upi_qr": null, "building:part": null, "landuse": null }, "geometry": { "type": "Polygon", "coordinates": [ [ [ 72.92565, 19.0293572 ], [ 72.9258735, 19.0290599 ], [ 72.9269451, 19.0296193 ], [ 72.9272554, 19.0299009 ], [ 72.9270692, 19.0302412 ], [ 72.92565, 19.0293572 ] ] ] } },
{ "type": "Feature", "properties": { "element": "way", "id": 858949792, "amenity": "parking", "name": null, "source": null, "capacity": "20", "fee": null, "parking": "underground", "tourism": null, "addr:street": null, "operator": "krish", "access": "private", "charge": null, "layer": "-1", "park_ride": null, "supervised": null, "surface": null, "level": null, "site": null, "type": null, "capacity:disabled": null, "note": null, "operator:type": "private", "maxstay": null, "opening_hours": null, "payment:cash": null, "payment:credit_cards": null, "building": null, "area": null, "parking:lane": null, "building:levels": null, "description": null, "payment:debit_cards": null, "covered": null, "addr:city": null, "addr:postcode": null, "addr:streetnumber": null, "addr:district": null, "addr:housenumber": null, "wheelchair": null, "alt_name": null, "bus": null, "depot": null, "name:en": null, "network": null, "public_transport": null, "Floor": null, "payment:upi": null, "payment:upi_qr": null, "building:part": null, "landuse": null }, "geometry": { "type": "Polygon", "coordinates": [ [ [ 72.8244922, 19.0732801 ], [ 72.8245171, 19.0731509 ], [ 72.8247933, 19.0731983 ], [ 72.8247684, 19.0733275 ], [ 72.8244922, 19.0732801 ] ] ] } },
{ "type": "Feature", "properties": { "element": "way", "id": 894906322, "amenity": "parking", "name": null, "source": null, "capacity": null, "fee": "no", "parking": "surface", "tourism": null, "addr:street": null, "operator": null, "access": "yes", "charge": null, "layer": null, "park_ride": null, "supervised": null, "surface": "asphalt", "level": null, "site": null, "type": null, "capacity:disabled": null, "note": null, "operator:type": null, "maxstay": null, "opening_hours": null, "payment:cash": null, "payment:credit_cards": null, "building": null, "area": null, "parking:lane": null, "building:levels": null, "description": null, "payment:debit_cards": null, "covered": null, "addr:city": null, "addr:postcode": null, "addr:streetnumber": null, "addr:district": null, "addr:housenumber": null, "wheelchair": null, "alt_name": null, "bus": null, "depot": null, "name:en": null, "network": null, "public_transport": null, "Floor": null, "payment:upi": null, "payment:upi_qr": null, "building:part": null, "landuse": null }, "geometry": { "type": "Polygon", "coordinates": [ [ [ 72.9151156, 19.0422835 ], [ 72.915086, 19.0417788 ], [ 72.91528, 19.0417631 ], [ 72.9153059, 19.0422696 ], [ 72.9151156, 19.0422835 ] ] ] } },
{ "type": "Feature", "properties": { "element": "way", "id": 894906323, "amenity": "parking", "name": null, "source": null, "capacity": null, "fee": null, "parking": "street_side", "tourism": null, "addr:street": null, "operator": "Doctor's Parking", "access": "private", "charge": null, "layer": null, "park_ride": null, "supervised": null, "surface": null, "level": null, "site": null, "type": null, "capacity:disabled": null, "note": null, "operator:type": null, "maxstay": null, "opening_hours": null, "payment:cash": null, "payment:credit_cards": null, "building": null, "area": null, "parking:lane": null, "building:levels": null, "description": null, "payment:debit_cards": null, "covered": null, "addr:city": null, "addr:postcode": null, "addr:streetnumber": null, "addr:district": null, "addr:housenumber": null, "wheelchair": null, "alt_name": null, "bus": null, "depot": null, "name:en": null, "network": null, "public_transport": null, "Floor": null, "payment:upi": null, "payment:upi_qr": null, "building:part": null, "landuse": null }, "geometry": { "type": "Polygon", "coordinates": [ [ [ 72.9137371, 19.0421376 ], [ 72.9138553, 19.0420712 ], [ 72.9139477, 19.0418512 ], [ 72.9138701, 19.041818 ], [ 72.9137648, 19.0419874 ], [ 72.9137288, 19.0420904 ], [ 72.9137371, 19.0421376 ] ] ] } },
{ "type": "Feature", "properties": { "element": "way", "id": 905319537, "amenity": "parking", "name": null, "source": null, "capacity": null, "fee": null, "parking": null, "tourism": null, "addr:street": null, "operator": null, "access": null, "charge": null, "layer": null, "park_ride": null, "supervised": null, "surface": null, "level": null, "site": null, "type": null, "capacity:disabled": null, "note": null, "operator:type": null, "maxstay": null, "opening_hours": null, "payment:cash": null, "payment:credit_cards": null, "building": null, "area": null, "parking:lane": null, "building:levels": null, "description": null, "payment:debit_cards": null, "covered": null, "addr:city": null, "addr:postcode": null, "addr:streetnumber": null, "addr:district": null, "addr:housenumber": null, "wheelchair": null, "alt_name": null, "bus": null, "depot": null, "name:en": null, "network": null, "public_transport": null, "Floor": null, "payment:upi": null, "payment:upi_qr": null, "building:part": null, "landuse": null }, "geometry": { "type": "Polygon", "coordinates": [ [ [ 72.9099056, 19.038154 ], [ 72.9100282, 19.0381949 ], [ 72.9099727, 19.0383436 ], [ 72.9099025, 19.0383558 ], [ 72.9098452, 19.0383156 ], [ 72.9099056, 19.038154 ] ] ] } },
{ "type": "Feature", "properties": { "element": "way", "id": 905319543, "amenity": "parking", "name": null, "source": null, "capacity": "7", "fee": "no", "parking": "surface", "tourism": null, "addr:street": null, "operator": "Sahkari Bhandar Parking Lot", "access": "customers", "charge": null, "layer": null, "park_ride": null, "supervised": null, "surface": "asphalt", "level": null, "site": null, "type": null, "capacity:disabled": null, "note": null, "operator:type": "business", "maxstay": null, "opening_hours": null, "payment:cash": null, "payment:credit_cards": null, "building": null, "area": null, "parking:lane": null, "building:levels": null, "description": null, "payment:debit_cards": null, "covered": null, "addr:city": null, "addr:postcode": null, "addr:streetnumber": null, "addr:district": null, "addr:housenumber": null, "wheelchair": null, "alt_name": null, "bus": null, "depot": null, "name:en": null, "network": null, "public_transport": null, "Floor": null, "payment:upi": null, "payment:upi_qr": null, "building:part": null, "landuse": null }, "geometry": { "type": "Polygon", "coordinates": [ [ [ 72.9203141, 19.0419881 ], [ 72.920387, 19.0419845 ], [ 72.9203832, 19.0419151 ], [ 72.9206137, 19.0419039 ], [ 72.9206094, 19.0418241 ], [ 72.920535, 19.0418277 ], [ 72.9205323, 19.041779 ], [ 72.9203032, 19.0417902 ], [ 72.9203141, 19.0419881 ] ] ] } },
{ "type": "Feature", "properties": { "element": "way", "id": 905716237, "amenity": "parking", "name": null, "source": null, "capacity": null, "fee": "no", "parking": "surface", "tourism": null, "addr:street": null, "operator": null, "access": "customers", "charge": null, "layer": null, "park_ride": null, "supervised": null, "surface": null, "level": null, "site": null, "type": null, "capacity:disabled": null, "note": null, "operator:type": null, "maxstay": null, "opening_hours": null, "payment:cash": null, "payment:credit_cards": null, "building": null, "area": null, "parking:lane": null, "building:levels": null, "description": null, "payment:debit_cards": null, "covered": null, "addr:city": null, "addr:postcode": null, "addr:streetnumber": null, "addr:district": null, "addr:housenumber": null, "wheelchair": null, "alt_name": null, "bus": null, "depot": null, "name:en": null, "network": null, "public_transport": null, "Floor": null, "payment:upi": null, "payment:upi_qr": null, "building:part": null, "landuse": null }, "geometry": { "type": "Polygon", "coordinates": [ [ [ 72.9255049, 19.0349671 ], [ 72.9258265, 19.0349561 ], [ 72.9258194, 19.0347679 ], [ 72.92597, 19.0347628 ], [ 72.9259797, 19.0350171 ], [ 72.9255074, 19.0350331 ], [ 72.9255049, 19.0349671 ] ] ] } },
{ "type": "Feature", "properties": { "element": "way", "id": 905716246, "amenity": "parking", "name": null, "source": null, "capacity": null, "fee": null, "parking": "street_side", "tourism": null, "addr:street": null, "operator": null, "access": null, "charge": null, "layer": null, "park_ride": null, "supervised": null, "surface": null, "level": null, "site": null, "type": null, "capacity:disabled": null, "note": null, "operator:type": null, "maxstay": null, "opening_hours": null, "payment:cash": null, "payment:credit_cards": null, "building": null, "area": null, "parking:lane": null, "building:levels": null, "description": null, "payment:debit_cards": null, "covered": null, "addr:city": null, "addr:postcode": null, "addr:streetnumber": null, "addr:district": null, "addr:housenumber": null, "wheelchair": null, "alt_name": null, "bus": null, "depot": null, "name:en": null, "network": null, "public_transport": null, "Floor": null, "payment:upi": null, "payment:upi_qr": null, "building:part": null, "landuse": null }, "geometry": { "type": "Polygon", "coordinates": [ [ [ 72.9269848, 19.0344905 ], [ 72.9269907, 19.0345824 ], [ 72.9265763, 19.0346061 ], [ 72.9265733, 19.0345596 ], [ 72.9265704, 19.0345141 ], [ 72.9269848, 19.0344905 ] ] ] } },
{ "type": "Feature", "properties": { "element": "way", "id": 905716265, "amenity": "parking", "name": null, "source": null, "capacity": null, "fee": null, "parking": "street_side", "tourism": null, "addr:street": null, "operator": null, "access": null, "charge": null, "layer": null, "park_ride": null, "supervised": null, "surface": null, "level": null, "site": null, "type": null, "capacity:disabled": null, "note": null, "operator:type": null, "maxstay": null, "opening_hours": null, "payment:cash": null, "payment:credit_cards": null, "building": null, "area": null, "parking:lane": null, "building:levels": null, "description": null, "payment:debit_cards": null, "covered": null, "addr:city": null, "addr:postcode": null, "addr:streetnumber": null, "addr:district": null, "addr:housenumber": null, "wheelchair": null, "alt_name": null, "bus": null, "depot": null, "name:en": null, "network": null, "public_transport": null, "Floor": null, "payment:upi": null, "payment:upi_qr": null, "building:part": null, "landuse": null }, "geometry": { "type": "Polygon", "coordinates": [ [ [ 72.9171006, 19.041849 ], [ 72.9178402, 19.0421181 ], [ 72.9177975, 19.0422228 ], [ 72.917058, 19.0419537 ], [ 72.9171006, 19.041849 ] ] ] } },
{ "type": "Feature", "properties": { "element": "way", "id": 906519818, "amenity": "parking", "name": null, "source": null, "capacity": null, "fee": "no", "parking": "surface", "tourism": null, "addr:street": null, "operator": null, "access": "customers", "charge": null, "layer": null, "park_ride": null, "supervised": null, "surface": null, "level": null, "site": null, "type": null, "capacity:disabled": null, "note": null, "operator:type": null, "maxstay": null, "opening_hours": null, "payment:cash": null, "payment:credit_cards": null, "building": null, "area": null, "parking:lane": null, "building:levels": null, "description": null, "payment:debit_cards": null, "covered": null, "addr:city": null, "addr:postcode": null, "addr:streetnumber": null, "addr:district": null, "addr:housenumber": null, "wheelchair": null, "alt_name": null, "bus": null, "depot": null, "name:en": null, "network": null, "public_transport": null, "Floor": null, "payment:upi": null, "payment:upi_qr": null, "building:part": null, "landuse": null }, "geometry": { "type": "Polygon", "coordinates": [ [ [ 72.9234636, 19.0343493 ], [ 72.9238516, 19.0343117 ], [ 72.9238605, 19.03422 ], [ 72.923909, 19.0341158 ], [ 72.9239001, 19.0340116 ], [ 72.9234019, 19.0340366 ], [ 72.9234636, 19.0343493 ] ] ] } },
{ "type": "Feature", "properties": { "element": "way", "id": 909482102, "amenity": "parking", "name": null, "source": null, "capacity": null, "fee": null, "parking": null, "tourism": null, "addr:street": null, "operator": null, "access": null, "charge": null, "layer": null, "park_ride": null, "supervised": null, "surface": null, "level": null, "site": null, "type": null, "capacity:disabled": null, "note": null, "operator:type": null, "maxstay": null, "opening_hours": null, "payment:cash": null, "payment:credit_cards": null, "building": null, "area": null, "parking:lane": null, "building:levels": null, "description": null, "payment:debit_cards": null, "covered": null, "addr:city": null, "addr:postcode": null, "addr:streetnumber": null, "addr:district": null, "addr:housenumber": null, "wheelchair": null, "alt_name": null, "bus": null, "depot": null, "name:en": null, "network": null, "public_transport": null, "Floor": null, "payment:upi": null, "payment:upi_qr": null, "building:part": null, "landuse": null }, "geometry": { "type": "Polygon", "coordinates": [ [ [ 72.838811, 19.0972409 ], [ 72.8381941, 19.0968253 ], [ 72.8385213, 19.0963766 ], [ 72.8389505, 19.0966478 ], [ 72.8389746, 19.0968785 ], [ 72.838811, 19.0972409 ] ] ] } },
{ "type": "Feature", "properties": { "element": "way", "id": 910325011, "amenity": "parking", "name": null, "source": null, "capacity": "15", "fee": "yes", "parking": "surface", "tourism": null, "addr:street": null, "operator": "parking", "access": "yes", "charge": "50", "layer": null, "park_ride": null, "supervised": null, "surface": null, "level": null, "site": null, "type": null, "capacity:disabled": "10", "note": null, "operator:type": null, "maxstay": null, "opening_hours": null, "payment:cash": "yes", "payment:credit_cards": null, "building": null, "area": null, "parking:lane": null, "building:levels": null, "description": null, "payment:debit_cards": "yes", "covered": null, "addr:city": null, "addr:postcode": null, "addr:streetnumber": null, "addr:district": null, "addr:housenumber": null, "wheelchair": null, "alt_name": null, "bus": null, "depot": null, "name:en": null, "network": null, "public_transport": null, "Floor": null, "payment:upi": null, "payment:upi_qr": null, "building:part": null, "landuse": null }, "geometry": { "type": "Polygon", "coordinates": [ [ [ 72.8265242, 19.0562459 ], [ 72.8262989, 19.0562358 ], [ 72.8263204, 19.056071 ], [ 72.8265403, 19.0560659 ], [ 72.8265242, 19.0562459 ] ] ] } },
{ "type": "Feature", "properties": { "element": "way", "id": 923047095, "amenity": "parking", "name": null, "source": null, "capacity": null, "fee": null, "parking": null, "tourism": null, "addr:street": null, "operator": null, "access": null, "charge": null, "layer": null, "park_ride": null, "supervised": null, "surface": null, "level": null, "site": null, "type": null, "capacity:disabled": null, "note": null, "operator:type": null, "maxstay": null, "opening_hours": null, "payment:cash": null, "payment:credit_cards": null, "building": null, "area": null, "parking:lane": null, "building:levels": null, "description": null, "payment:debit_cards": null, "covered": null, "addr:city": null, "addr:postcode": null, "addr:streetnumber": null, "addr:district": null, "addr:housenumber": null, "wheelchair": null, "alt_name": null, "bus": null, "depot": null, "name:en": null, "network": null, "public_transport": null, "Floor": null, "payment:upi": null, "payment:upi_qr": null, "building:part": null, "landuse": null }, "geometry": { "type": "Polygon", "coordinates": [ [ [ 72.8760337, 19.1027702 ], [ 72.8759402, 19.1028513 ], [ 72.8756542, 19.1029182 ], [ 72.8751547, 19.1029401 ], [ 72.8749515, 19.1030029 ], [ 72.8736717, 19.1030144 ], [ 72.873672, 19.1029699 ], [ 72.8736817, 19.1026776 ], [ 72.8738257, 19.102678 ], [ 72.8738257, 19.1028622 ], [ 72.8740736, 19.102861 ], [ 72.874075, 19.1029119 ], [ 72.874372, 19.1028894 ], [ 72.8743811, 19.1025305 ], [ 72.8744124, 19.1025222 ], [ 72.8746146, 19.1025201 ], [ 72.8746092, 19.1026803 ], [ 72.8760366, 19.1026987 ], [ 72.8760337, 19.1027702 ] ] ] } },
{ "type": "Feature", "properties": { "element": "way", "id": 930893345, "amenity": "parking", "name": null, "source": null, "capacity": null, "fee": "yes", "parking": "surface", "tourism": null, "addr:street": null, "operator": null, "access": "private", "charge": null, "layer": null, "park_ride": null, "supervised": null, "surface": null, "level": null, "site": null, "type": null, "capacity:disabled": null, "note": null, "operator:type": null, "maxstay": null, "opening_hours": null, "payment:cash": null, "payment:credit_cards": null, "building": null, "area": null, "parking:lane": null, "building:levels": null, "description": null, "payment:debit_cards": null, "covered": null, "addr:city": null, "addr:postcode": null, "addr:streetnumber": null, "addr:district": null, "addr:housenumber": null, "wheelchair": null, "alt_name": null, "bus": null, "depot": null, "name:en": null, "network": null, "public_transport": null, "Floor": null, "payment:upi": null, "payment:upi_qr": null, "building:part": null, "landuse": null }, "geometry": { "type": "Polygon", "coordinates": [ [ [ 72.9240546, 19.0320993 ], [ 72.9236029, 19.0320477 ], [ 72.9234705, 19.0325373 ], [ 72.9236321, 19.0326662 ], [ 72.9241247, 19.0327214 ], [ 72.9242201, 19.0321563 ], [ 72.9240546, 19.0320993 ] ] ] } },
{ "type": "Feature", "properties": { "element": "way", "id": 949061929, "amenity": "parking", "name": null, "source": null, "capacity": null, "fee": "yes", "parking": "surface", "tourism": null, "addr:street": null, "operator": "Airports Authority of India", "access": "yes", "charge": null, "layer": null, "park_ride": null, "supervised": null, "surface": null, "level": null, "site": null, "type": null, "capacity:disabled": null, "note": null, "operator:type": "government", "maxstay": null, "opening_hours": null, "payment:cash": null, "payment:credit_cards": null, "building": null, "area": null, "parking:lane": null, "building:levels": null, "description": null, "payment:debit_cards": null, "covered": null, "addr:city": null, "addr:postcode": null, "addr:streetnumber": null, "addr:district": null, "addr:housenumber": null, "wheelchair": null, "alt_name": null, "bus": null, "depot": null, "name:en": null, "network": null, "public_transport": null, "Floor": null, "payment:upi": null, "payment:upi_qr": null, "building:part": null, "landuse": null }, "geometry": { "type": "Polygon", "coordinates": [ [ [ 72.8270883, 19.1042468 ], [ 72.8276986, 19.1040943 ], [ 72.827854, 19.102804 ], [ 72.8272273, 19.1027741 ], [ 72.8271828, 19.1034466 ], [ 72.8269893, 19.1034351 ], [ 72.8269841, 19.1035144 ], [ 72.8269785, 19.1035994 ], [ 72.8271371, 19.1036088 ], [ 72.8271122, 19.1039467 ], [ 72.8270883, 19.1042468 ] ] ] } },
{ "type": "Feature", "properties": { "element": "way", "id": 959719186, "amenity": "parking", "name": null, "source": null, "capacity": null, "fee": null, "parking": null, "tourism": null, "addr:street": null, "operator": null, "access": null, "charge": null, "layer": null, "park_ride": null, "supervised": null, "surface": null, "level": null, "site": null, "type": null, "capacity:disabled": null, "note": null, "operator:type": null, "maxstay": null, "opening_hours": null, "payment:cash": null, "payment:credit_cards": null, "building": null, "area": null, "parking:lane": null, "building:levels": null, "description": null, "payment:debit_cards": null, "covered": null, "addr:city": null, "addr:postcode": null, "addr:streetnumber": null, "addr:district": null, "addr:housenumber": null, "wheelchair": null, "alt_name": null, "bus": null, "depot": null, "name:en": null, "network": null, "public_transport": null, "Floor": null, "payment:upi": null, "payment:upi_qr": null, "building:part": null, "landuse": null }, "geometry": { "type": "Polygon", "coordinates": [ [ [ 72.9022014, 19.1150554 ], [ 72.9023914, 19.1149618 ], [ 72.9024464, 19.1148922 ], [ 72.9024625, 19.114773 ], [ 72.9024464, 19.1147008 ], [ 72.902551, 19.1145475 ], [ 72.9026127, 19.1145488 ], [ 72.9026476, 19.1142434 ], [ 72.9026261, 19.114142 ], [ 72.902555, 19.1140153 ], [ 72.9024892, 19.1139627 ], [ 72.9022014, 19.1150554 ] ] ] } },
{ "type": "Feature", "properties": { "element": "way", "id": 975036877, "amenity": "parking", "name": null, "source": null, "capacity": null, "fee": null, "parking": null, "tourism": null, "addr:street": null, "operator": null, "access": null, "charge": null, "layer": null, "park_ride": null, "supervised": null, "surface": null, "level": null, "site": null, "type": null, "capacity:disabled": null, "note": null, "operator:type": null, "maxstay": null, "opening_hours": null, "payment:cash": null, "payment:credit_cards": null, "building": null, "area": null, "parking:lane": null, "building:levels": null, "description": null, "payment:debit_cards": null, "covered": null, "addr:city": null, "addr:postcode": null, "addr:streetnumber": null, "addr:district": null, "addr:housenumber": null, "wheelchair": null, "alt_name": null, "bus": null, "depot": null, "name:en": null, "network": null, "public_transport": null, "Floor": null, "payment:upi": null, "payment:upi_qr": null, "building:part": null, "landuse": null }, "geometry": { "type": "Polygon", "coordinates": [ [ [ 72.8253636, 19.2012249 ], [ 72.8252571, 19.2010684 ], [ 72.8253428, 19.2010146 ], [ 72.8254539, 19.201169 ], [ 72.8253636, 19.2012249 ] ] ] } },
{ "type": "Feature", "properties": { "element": "way", "id": 975036880, "amenity": "parking", "name": null, "source": null, "capacity": null, "fee": null, "parking": null, "tourism": null, "addr:street": null, "operator": null, "access": null, "charge": null, "layer": null, "park_ride": null, "supervised": null, "surface": null, "level": null, "site": null, "type": null, "capacity:disabled": null, "note": null, "operator:type": null, "maxstay": null, "opening_hours": null, "payment:cash": null, "payment:credit_cards": null, "building": null, "area": null, "parking:lane": null, "building:levels": null, "description": null, "payment:debit_cards": null, "covered": null, "addr:city": null, "addr:postcode": null, "addr:streetnumber": null, "addr:district": null, "addr:housenumber": null, "wheelchair": null, "alt_name": null, "bus": null, "depot": null, "name:en": null, "network": null, "public_transport": null, "Floor": null, "payment:upi": null, "payment:upi_qr": null, "building:part": null, "landuse": null }, "geometry": { "type": "Polygon", "coordinates": [ [ [ 72.827135, 19.2000315 ], [ 72.8272377, 19.199966 ], [ 72.827556, 19.2004642 ], [ 72.8274572, 19.2005272 ], [ 72.827135, 19.2000315 ] ] ] } },
{ "type": "Feature", "properties": { "element": "way", "id": 979610952, "amenity": "parking", "name": null, "source": null, "capacity": null, "fee": "no", "parking": "surface", "tourism": null, "addr:street": null, "operator": null, "access": "customers", "charge": null, "layer": null, "park_ride": null, "supervised": null, "surface": null, "level": null, "site": null, "type": null, "capacity:disabled": null, "note": null, "operator:type": null, "maxstay": null, "opening_hours": null, "payment:cash": null, "payment:credit_cards": null, "building": null, "area": null, "parking:lane": null, "building:levels": null, "description": null, "payment:debit_cards": null, "covered": null, "addr:city": null, "addr:postcode": null, "addr:streetnumber": null, "addr:district": null, "addr:housenumber": null, "wheelchair": null, "alt_name": null, "bus": null, "depot": null, "name:en": null, "network": null, "public_transport": null, "Floor": null, "payment:upi": null, "payment:upi_qr": null, "building:part": null, "landuse": null }, "geometry": { "type": "Polygon", "coordinates": [ [ [ 72.8572352, 19.0369655 ], [ 72.8575863, 19.037454 ], [ 72.8579717, 19.0373082 ], [ 72.8577519, 19.0367874 ], [ 72.8572352, 19.0369655 ] ] ] } },
{ "type": "Feature", "properties": { "element": "way", "id": 980647061, "amenity": "parking", "name": null, "source": null, "capacity": null, "fee": null, "parking": null, "tourism": null, "addr:street": null, "operator": null, "access": null, "charge": null, "layer": null, "park_ride": null, "supervised": null, "surface": null, "level": null, "site": null, "type": null, "capacity:disabled": null, "note": null, "operator:type": null, "maxstay": null, "opening_hours": null, "payment:cash": null, "payment:credit_cards": null, "building": null, "area": null, "parking:lane": null, "building:levels": null, "description": null, "payment:debit_cards": null, "covered": null, "addr:city": null, "addr:postcode": null, "addr:streetnumber": null, "addr:district": null, "addr:housenumber": null, "wheelchair": null, "alt_name": null, "bus": null, "depot": null, "name:en": null, "network": null, "public_transport": null, "Floor": null, "payment:upi": null, "payment:upi_qr": null, "building:part": null, "landuse": null }, "geometry": { "type": "Polygon", "coordinates": [ [ [ 72.8166258, 19.0169503 ], [ 72.817272, 19.0173145 ], [ 72.8173938, 19.0170608 ], [ 72.8167675, 19.0167224 ], [ 72.8166258, 19.0169503 ] ] ] } },
{ "type": "Feature", "properties": { "element": "way", "id": 981962245, "amenity": "parking", "name": null, "source": null, "capacity": null, "fee": null, "parking": null, "tourism": null, "addr:street": null, "operator": null, "access": null, "charge": null, "layer": null, "park_ride": null, "supervised": null, "surface": null, "level": null, "site": null, "type": null, "capacity:disabled": null, "note": null, "operator:type": null, "maxstay": null, "opening_hours": null, "payment:cash": null, "payment:credit_cards": null, "building": null, "area": null, "parking:lane": null, "building:levels": null, "description": null, "payment:debit_cards": null, "covered": null, "addr:city": null, "addr:postcode": null, "addr:streetnumber": null, "addr:district": null, "addr:housenumber": null, "wheelchair": null, "alt_name": null, "bus": null, "depot": null, "name:en": null, "network": null, "public_transport": null, "Floor": null, "payment:upi": null, "payment:upi_qr": null, "building:part": null, "landuse": null }, "geometry": { "type": "Polygon", "coordinates": [ [ [ 72.8313017, 19.0077572 ], [ 72.8316433, 19.007583 ], [ 72.8315992, 19.0075055 ], [ 72.8315238, 19.007544 ], [ 72.831456, 19.0074253 ], [ 72.8311898, 19.007561 ], [ 72.8313017, 19.0077572 ] ] ] } },
{ "type": "Feature", "properties": { "element": "way", "id": 981962249, "amenity": "parking", "name": null, "source": null, "capacity": null, "fee": null, "parking": null, "tourism": null, "addr:street": null, "operator": null, "access": "private", "charge": null, "layer": null, "park_ride": null, "supervised": null, "surface": null, "level": null, "site": null, "type": null, "capacity:disabled": null, "note": null, "operator:type": null, "maxstay": null, "opening_hours": null, "payment:cash": null, "payment:credit_cards": null, "building": null, "area": null, "parking:lane": null, "building:levels": null, "description": null, "payment:debit_cards": null, "covered": null, "addr:city": null, "addr:postcode": null, "addr:streetnumber": null, "addr:district": null, "addr:housenumber": null, "wheelchair": null, "alt_name": null, "bus": null, "depot": null, "name:en": null, "network": null, "public_transport": null, "Floor": null, "payment:upi": null, "payment:upi_qr": null, "building:part": null, "landuse": null }, "geometry": { "type": "Polygon", "coordinates": [ [ [ 72.8317782, 19.0082681 ], [ 72.8318439, 19.0082681 ], [ 72.8319606, 19.0081818 ], [ 72.8319593, 19.008121 ], [ 72.8317782, 19.0081235 ], [ 72.8317782, 19.0082681 ] ] ] } },
{ "type": "Feature", "properties": { "element": "way", "id": 982311424, "amenity": "parking", "name": "Runwal Elegante Public Parking", "source": null, "capacity": null, "fee": "yes", "parking": "multi-storey", "tourism": null, "addr:street": null, "operator": "MCGM", "access": "yes", "charge": null, "layer": null, "park_ride": null, "supervised": null, "surface": "concrete", "level": null, "site": null, "type": null, "capacity:disabled": null, "note": null, "operator:type": "public", "maxstay": null, "opening_hours": null, "payment:cash": null, "payment:credit_cards": null, "building": "parking", "area": null, "parking:lane": null, "building:levels": "5", "description": "Roof of Car Park forms Deck for the building and the clubhouse", "payment:debit_cards": null, "covered": "yes", "addr:city": null, "addr:postcode": null, "addr:streetnumber": null, "addr:district": null, "addr:housenumber": null, "wheelchair": null, "alt_name": null, "bus": null, "depot": null, "name:en": null, "network": null, "public_transport": null, "Floor": null, "payment:upi": null, "payment:upi_qr": null, "building:part": null, "landuse": null }, "geometry": { "type": "Polygon", "coordinates": [ [ [ 72.8288435, 19.1398796 ], [ 72.8288875, 19.1398753 ], [ 72.8289366, 19.1398862 ], [ 72.8289621, 19.1399211 ], [ 72.8289691, 19.1399651 ], [ 72.8289736, 19.139988 ], [ 72.8288931, 19.1412051 ], [ 72.8288751, 19.1412614 ], [ 72.8288602, 19.1413006 ], [ 72.8288419, 19.1413321 ], [ 72.8288237, 19.1413412 ], [ 72.8287851, 19.1413493 ], [ 72.8287422, 19.1413513 ], [ 72.8287078, 19.1413463 ], [ 72.8286424, 19.1413351 ], [ 72.8285683, 19.1413047 ], [ 72.8284825, 19.141251 ], [ 72.8283763, 19.141174 ], [ 72.8282872, 19.1410807 ], [ 72.8282096, 19.14094 ], [ 72.8281599, 19.1408001 ], [ 72.8281254, 19.1406338 ], [ 72.8281484, 19.1404892 ], [ 72.8281791, 19.1403875 ], [ 72.8282251, 19.1402929 ], [ 72.8282855, 19.1402085 ], [ 72.8283703, 19.140125 ], [ 72.8284693, 19.1400652 ], [ 72.8285391, 19.1400165 ], [ 72.828656, 19.1399598 ], [ 72.8287857, 19.1398932 ], [ 72.8288435, 19.1398796 ] ] ] } },
{ "type": "Feature", "properties": { "element": "way", "id": 999818344, "amenity": "parking", "name": null, "source": null, "capacity": null, "fee": null, "parking": null, "tourism": null, "addr:street": null, "operator": null, "access": null, "charge": null, "layer": null, "park_ride": null, "supervised": null, "surface": null, "level": null, "site": null, "type": null, "capacity:disabled": null, "note": null, "operator:type": null, "maxstay": null, "opening_hours": null, "payment:cash": null, "payment:credit_cards": null, "building": null, "area": null, "parking:lane": null, "building:levels": null, "description": null, "payment:debit_cards": null, "covered": null, "addr:city": null, "addr:postcode": null, "addr:streetnumber": null, "addr:district": null, "addr:housenumber": null, "wheelchair": null, "alt_name": null, "bus": null, "depot": null, "name:en": null, "network": null, "public_transport": null, "Floor": null, "payment:upi": null, "payment:upi_qr": null, "building:part": null, "landuse": null }, "geometry": { "type": "Polygon", "coordinates": [ [ [ 72.8282967, 19.0076594 ], [ 72.8286347, 19.007662 ], [ 72.8288627, 19.0074794 ], [ 72.8290746, 19.0074718 ], [ 72.8290665, 19.0082376 ], [ 72.8288427, 19.0082437 ], [ 72.8285918, 19.0082452 ], [ 72.8282967, 19.0076594 ] ] ] } },
{ "type": "Feature", "properties": { "element": "way", "id": 1009229731, "amenity": "parking", "name": null, "source": null, "capacity": null, "fee": null, "parking": null, "tourism": null, "addr:street": null, "operator": null, "access": null, "charge": null, "layer": null, "park_ride": null, "supervised": null, "surface": null, "level": null, "site": null, "type": null, "capacity:disabled": null, "note": null, "operator:type": null, "maxstay": null, "opening_hours": null, "payment:cash": null, "payment:credit_cards": null, "building": null, "area": null, "parking:lane": null, "building:levels": null, "description": null, "payment:debit_cards": null, "covered": null, "addr:city": null, "addr:postcode": null, "addr:streetnumber": null, "addr:district": null, "addr:housenumber": null, "wheelchair": null, "alt_name": null, "bus": null, "depot": null, "name:en": null, "network": null, "public_transport": null, "Floor": null, "payment:upi": null, "payment:upi_qr": null, "building:part": null, "landuse": null }, "geometry": { "type": "Polygon", "coordinates": [ [ [ 72.900483, 19.0487876 ], [ 72.9004971, 19.0496168 ], [ 72.9005609, 19.0497893 ], [ 72.9008156, 19.0500654 ], [ 72.9008183, 19.0499716 ], [ 72.9007003, 19.049708 ], [ 72.9006681, 19.0495051 ], [ 72.9006922, 19.0492998 ], [ 72.9007485, 19.0490691 ], [ 72.9008183, 19.0488409 ], [ 72.9008451, 19.0487851 ], [ 72.9007566, 19.0487572 ], [ 72.900483, 19.0487876 ] ] ] } },
{ "type": "Feature", "properties": { "element": "way", "id": 1009324325, "amenity": "parking", "name": null, "source": null, "capacity": null, "fee": null, "parking": null, "tourism": null, "addr:street": null, "operator": null, "access": null, "charge": null, "layer": null, "park_ride": null, "supervised": null, "surface": null, "level": null, "site": null, "type": null, "capacity:disabled": null, "note": null, "operator:type": null, "maxstay": null, "opening_hours": null, "payment:cash": null, "payment:credit_cards": null, "building": null, "area": null, "parking:lane": null, "building:levels": null, "description": null, "payment:debit_cards": null, "covered": null, "addr:city": null, "addr:postcode": null, "addr:streetnumber": null, "addr:district": null, "addr:housenumber": null, "wheelchair": null, "alt_name": null, "bus": null, "depot": null, "name:en": null, "network": null, "public_transport": null, "Floor": null, "payment:upi": null, "payment:upi_qr": null, "building:part": null, "landuse": null }, "geometry": { "type": "Polygon", "coordinates": [ [ [ 72.8228123, 18.9284042 ], [ 72.8232441, 18.9280862 ], [ 72.8234345, 18.927707 ], [ 72.8238172, 18.9273156 ], [ 72.8243322, 18.9270241 ], [ 72.8242989, 18.9269912 ], [ 72.8239991, 18.9270509 ], [ 72.8236809, 18.9271479 ], [ 72.8233939, 18.92731 ], [ 72.8231527, 18.927529 ], [ 72.8229697, 18.9277937 ], [ 72.8228543, 18.9280905 ], [ 72.8228123, 18.9284042 ] ] ] } },
{ "type": "Feature", "properties": { "element": "way", "id": 1009581728, "amenity": "parking", "name": null, "source": null, "capacity": null, "fee": null, "parking": null, "tourism": null, "addr:street": null, "operator": null, "access": "private", "charge": null, "layer": null, "park_ride": null, "supervised": null, "surface": null, "level": null, "site": null, "type": null, "capacity:disabled": null, "note": null, "operator:type": null, "maxstay": null, "opening_hours": null, "payment:cash": null, "payment:credit_cards": null, "building": null, "area": null, "parking:lane": null, "building:levels": null, "description": null, "payment:debit_cards": null, "covered": null, "addr:city": null, "addr:postcode": null, "addr:streetnumber": null, "addr:district": null, "addr:housenumber": null, "wheelchair": null, "alt_name": null, "bus": null, "depot": null, "name:en": null, "network": null, "public_transport": null, "Floor": null, "payment:upi": null, "payment:upi_qr": null, "building:part": null, "landuse": null }, "geometry": { "type": "Polygon", "coordinates": [ [ [ 72.8190456, 18.9163809 ], [ 72.8196157, 18.9170776 ], [ 72.8198459, 18.9169091 ], [ 72.819562, 18.9165622 ], [ 72.8192757, 18.9162123 ], [ 72.8190912, 18.9163477 ], [ 72.8190456, 18.9163809 ] ] ] } },
{ "type": "Feature", "properties": { "element": "way", "id": 1011032807, "amenity": "parking", "name": null, "source": null, "capacity": null, "fee": null, "parking": null, "tourism": null, "addr:street": null, "operator": null, "access": "private", "charge": null, "layer": null, "park_ride": null, "supervised": null, "surface": null, "level": null, "site": null, "type": null, "capacity:disabled": null, "note": null, "operator:type": null, "maxstay": null, "opening_hours": null, "payment:cash": null, "payment:credit_cards": null, "building": null, "area": null, "parking:lane": null, "building:levels": null, "description": null, "payment:debit_cards": null, "covered": null, "addr:city": null, "addr:postcode": null, "addr:streetnumber": null, "addr:district": null, "addr:housenumber": null, "wheelchair": null, "alt_name": null, "bus": null, "depot": null, "name:en": null, "network": null, "public_transport": null, "Floor": null, "payment:upi": null, "payment:upi_qr": null, "building:part": null, "landuse": null }, "geometry": { "type": "Polygon", "coordinates": [ [ [ 72.9138679, 19.0482043 ], [ 72.9138329, 19.0479512 ], [ 72.9133882, 19.0481836 ], [ 72.9132644, 19.0482743 ], [ 72.9138679, 19.0482043 ] ] ] } },
{ "type": "Feature", "properties": { "element": "way", "id": 1039904197, "amenity": "parking", "name": null, "source": null, "capacity": null, "fee": "yes", "parking": "multi-storey", "tourism": null, "addr:street": null, "operator": null, "access": "customers", "charge": null, "layer": "-1", "park_ride": null, "supervised": null, "surface": null, "level": "-1", "site": null, "type": null, "capacity:disabled": null, "note": null, "operator:type": null, "maxstay": null, "opening_hours": null, "payment:cash": null, "payment:credit_cards": null, "building": "parking", "area": null, "parking:lane": null, "building:levels": null, "description": null, "payment:debit_cards": null, "covered": null, "addr:city": null, "addr:postcode": null, "addr:streetnumber": null, "addr:district": null, "addr:housenumber": null, "wheelchair": null, "alt_name": null, "bus": null, "depot": null, "name:en": null, "network": null, "public_transport": null, "Floor": null, "payment:upi": null, "payment:upi_qr": null, "building:part": null, "landuse": null }, "geometry": { "type": "Polygon", "coordinates": [ [ [ 72.9154605, 19.0992901 ], [ 72.9154497, 19.0993383 ], [ 72.916021, 19.1000061 ], [ 72.9166192, 19.0996108 ], [ 72.9171315, 19.1000923 ], [ 72.9175928, 19.0997476 ], [ 72.9165736, 19.0984803 ], [ 72.9154605, 19.0992901 ] ] ] } },
{ "type": "Feature", "properties": { "element": "way", "id": 1041039769, "amenity": "parking", "name": null, "source": null, "capacity": null, "fee": "yes", "parking": "underground", "tourism": null, "addr:street": null, "operator": null, "access": "customers", "charge": null, "layer": "-1", "park_ride": null, "supervised": null, "surface": null, "level": null, "site": null, "type": null, "capacity:disabled": null, "note": null, "operator:type": null, "maxstay": null, "opening_hours": null, "payment:cash": null, "payment:credit_cards": null, "building": null, "area": null, "parking:lane": null, "building:levels": null, "description": null, "payment:debit_cards": null, "covered": null, "addr:city": null, "addr:postcode": null, "addr:streetnumber": null, "addr:district": null, "addr:housenumber": null, "wheelchair": null, "alt_name": null, "bus": null, "depot": null, "name:en": null, "network": null, "public_transport": null, "Floor": null, "payment:upi": null, "payment:upi_qr": null, "building:part": null, "landuse": null }, "geometry": { "type": "Polygon", "coordinates": [ [ [ 72.9032698, 19.0452673 ], [ 72.9032712, 19.0452778 ], [ 72.9033034, 19.0455234 ], [ 72.9029037, 19.0455639 ], [ 72.9028661, 19.0453416 ], [ 72.9028621, 19.045318 ], [ 72.9032698, 19.0452673 ] ] ] } },
{ "type": "Feature", "properties": { "element": "way", "id": 1041054999, "amenity": "parking", "name": null, "source": null, "capacity": null, "fee": "yes", "parking": "underground", "tourism": null, "addr:street": null, "operator": null, "access": "customers", "charge": null, "layer": "-1", "park_ride": null, "supervised": null, "surface": null, "level": null, "site": null, "type": null, "capacity:disabled": null, "note": null, "operator:type": null, "maxstay": null, "opening_hours": null, "payment:cash": null, "payment:credit_cards": null, "building": null, "area": null, "parking:lane": null, "building:levels": null, "description": null, "payment:debit_cards": null, "covered": null, "addr:city": null, "addr:postcode": null, "addr:streetnumber": null, "addr:district": null, "addr:housenumber": null, "wheelchair": null, "alt_name": null, "bus": null, "depot": null, "name:en": null, "network": null, "public_transport": null, "Floor": null, "payment:upi": null, "payment:upi_qr": null, "building:part": null, "landuse": null }, "geometry": { "type": "Polygon", "coordinates": [ [ [ 72.9019245, 19.0521269 ], [ 72.9015406, 19.0521245 ], [ 72.9015491, 19.0524776 ], [ 72.9019135, 19.0526041 ], [ 72.9019245, 19.0521269 ] ] ] } },
{ "type": "Feature", "properties": { "element": "way", "id": 1041055001, "amenity": "parking", "name": null, "source": null, "capacity": null, "fee": "yes", "parking": "surface", "tourism": null, "addr:street": null, "operator": null, "access": "customers", "charge": null, "layer": null, "park_ride": null, "supervised": null, "surface": null, "level": null, "site": null, "type": null, "capacity:disabled": null, "note": null, "operator:type": null, "maxstay": null, "opening_hours": null, "payment:cash": null, "payment:credit_cards": null, "building": null, "area": null, "parking:lane": null, "building:levels": null, "description": null, "payment:debit_cards": null, "covered": null, "addr:city": null, "addr:postcode": null, "addr:streetnumber": null, "addr:district": null, "addr:housenumber": null, "wheelchair": null, "alt_name": null, "bus": null, "depot": null, "name:en": null, "network": null, "public_transport": null, "Floor": null, "payment:upi": null, "payment:upi_qr": null, "building:part": null, "landuse": null }, "geometry": { "type": "Polygon", "coordinates": [ [ [ 72.901996, 19.0520887 ], [ 72.9019942, 19.0522814 ], [ 72.9019734, 19.0522812 ], [ 72.9019752, 19.0520885 ], [ 72.901996, 19.0520887 ] ] ] } },
{ "type": "Feature", "properties": { "element": "way", "id": 1041593394, "amenity": "parking", "name": null, "source": null, "capacity": null, "fee": "no", "parking": "street_side", "tourism": null, "addr:street": null, "operator": null, "access": "yes", "charge": null, "layer": null, "park_ride": null, "supervised": null, "surface": null, "level": null, "site": null, "type": null, "capacity:disabled": null, "note": null, "operator:type": null, "maxstay": null, "opening_hours": null, "payment:cash": null, "payment:credit_cards": null, "building": null, "area": null, "parking:lane": null, "building:levels": null, "description": null, "payment:debit_cards": null, "covered": null, "addr:city": null, "addr:postcode": null, "addr:streetnumber": null, "addr:district": null, "addr:housenumber": null, "wheelchair": null, "alt_name": null, "bus": null, "depot": null, "name:en": null, "network": null, "public_transport": null, "Floor": null, "payment:upi": null, "payment:upi_qr": null, "building:part": null, "landuse": null }, "geometry": { "type": "Polygon", "coordinates": [ [ [ 72.9254963, 19.0421985 ], [ 72.9254898, 19.0420883 ], [ 72.9257515, 19.0420744 ], [ 72.925758, 19.0421846 ], [ 72.9254963, 19.0421985 ] ] ] } },
{ "type": "Feature", "properties": { "element": "way", "id": 1050345055, "amenity": "parking", "name": null, "source": null, "capacity": null, "fee": null, "parking": null, "tourism": null, "addr:street": null, "operator": null, "access": null, "charge": null, "layer": null, "park_ride": null, "supervised": null, "surface": null, "level": null, "site": null, "type": null, "capacity:disabled": null, "note": null, "operator:type": null, "maxstay": null, "opening_hours": null, "payment:cash": null, "payment:credit_cards": null, "building": null, "area": null, "parking:lane": null, "building:levels": null, "description": null, "payment:debit_cards": null, "covered": null, "addr:city": null, "addr:postcode": null, "addr:streetnumber": null, "addr:district": null, "addr:housenumber": null, "wheelchair": null, "alt_name": null, "bus": null, "depot": null, "name:en": null, "network": null, "public_transport": null, "Floor": null, "payment:upi": null, "payment:upi_qr": null, "building:part": null, "landuse": null }, "geometry": { "type": "Polygon", "coordinates": [ [ [ 72.8109696, 18.8974608 ], [ 72.8111494, 18.8974329 ], [ 72.8112245, 18.8972223 ], [ 72.8109938, 18.8969482 ], [ 72.8106987, 18.897065 ], [ 72.8109696, 18.8974608 ] ] ] } },
{ "type": "Feature", "properties": { "element": "way", "id": 1052052203, "amenity": "parking", "name": null, "source": null, "capacity": null, "fee": null, "parking": null, "tourism": null, "addr:street": null, "operator": null, "access": "private", "charge": null, "layer": null, "park_ride": null, "supervised": null, "surface": null, "level": null, "site": null, "type": null, "capacity:disabled": null, "note": null, "operator:type": null, "maxstay": null, "opening_hours": null, "payment:cash": null, "payment:credit_cards": null, "building": null, "area": null, "parking:lane": null, "building:levels": null, "description": null, "payment:debit_cards": null, "covered": null, "addr:city": null, "addr:postcode": null, "addr:streetnumber": null, "addr:district": null, "addr:housenumber": null, "wheelchair": null, "alt_name": null, "bus": null, "depot": null, "name:en": null, "network": null, "public_transport": null, "Floor": null, "payment:upi": null, "payment:upi_qr": null, "building:part": null, "landuse": null }, "geometry": { "type": "Polygon", "coordinates": [ [ [ 72.8747982, 19.0482755 ], [ 72.8755251, 19.0488561 ], [ 72.875674, 19.0486894 ], [ 72.8749472, 19.0481088 ], [ 72.8747982, 19.0482755 ] ] ] } },
{ "type": "Feature", "properties": { "element": "way", "id": 1052052205, "amenity": "parking", "name": null, "source": null, "capacity": null, "fee": null, "parking": null, "tourism": null, "addr:street": null, "operator": null, "access": "private", "charge": null, "layer": null, "park_ride": null, "supervised": null, "surface": null, "level": null, "site": null, "type": null, "capacity:disabled": null, "note": null, "operator:type": null, "maxstay": null, "opening_hours": null, "payment:cash": null, "payment:credit_cards": null, "building": null, "area": null, "parking:lane": null, "building:levels": null, "description": null, "payment:debit_cards": null, "covered": null, "addr:city": null, "addr:postcode": null, "addr:streetnumber": null, "addr:district": null, "addr:housenumber": null, "wheelchair": null, "alt_name": null, "bus": null, "depot": null, "name:en": null, "network": null, "public_transport": null, "Floor": null, "payment:upi": null, "payment:upi_qr": null, "building:part": null, "landuse": null }, "geometry": { "type": "Polygon", "coordinates": [ [ [ 72.8734544, 19.0488396 ], [ 72.8734119, 19.048911 ], [ 72.8733677, 19.0489597 ], [ 72.8733038, 19.0489815 ], [ 72.8732369, 19.0489709 ], [ 72.8731841, 19.0489306 ], [ 72.873159, 19.048871 ], [ 72.8731682, 19.0488074 ], [ 72.8732479, 19.048832 ], [ 72.8733538, 19.0488054 ], [ 72.8734544, 19.0488396 ] ] ] } },
{ "type": "Feature", "properties": { "element": "way", "id": 1052761662, "amenity": "parking", "name": null, "source": null, "capacity": null, "fee": null, "parking": null, "tourism": null, "addr:street": null, "operator": null, "access": null, "charge": null, "layer": null, "park_ride": null, "supervised": null, "surface": null, "level": null, "site": null, "type": null, "capacity:disabled": null, "note": null, "operator:type": null, "maxstay": null, "opening_hours": null, "payment:cash": null, "payment:credit_cards": null, "building": null, "area": null, "parking:lane": null, "building:levels": null, "description": null, "payment:debit_cards": null, "covered": null, "addr:city": null, "addr:postcode": null, "addr:streetnumber": null, "addr:district": null, "addr:housenumber": null, "wheelchair": null, "alt_name": null, "bus": null, "depot": null, "name:en": null, "network": null, "public_transport": null, "Floor": null, "payment:upi": null, "payment:upi_qr": null, "building:part": null, "landuse": null }, "geometry": { "type": "Polygon", "coordinates": [ [ [ 72.834495, 18.9798647 ], [ 72.8343788, 18.9797916 ], [ 72.8342965, 18.9796849 ], [ 72.8342583, 18.9795579 ], [ 72.8342689, 18.9794263 ], [ 72.8342986, 18.9794435 ], [ 72.8343585, 18.9794782 ], [ 72.8345221, 18.979535 ], [ 72.8346471, 18.9795441 ], [ 72.8348467, 18.9795236 ], [ 72.835181, 18.9793826 ], [ 72.8351738, 18.9794941 ], [ 72.8350921, 18.9796533 ], [ 72.834967, 18.9797488 ], [ 72.8347842, 18.9798284 ], [ 72.834495, 18.9798647 ] ] ] } },
{ "type": "Feature", "properties": { "element": "way", "id": 1053913445, "amenity": "parking", "name": "LAKE AVENUE CHS LTD PARKING", "source": null, "capacity": "34", "fee": null, "parking": "multi-storey", "tourism": null, "addr:street": null, "operator": null, "access": "private", "charge": null, "layer": null, "park_ride": null, "supervised": null, "surface": null, "level": null, "site": null, "type": null, "capacity:disabled": null, "note": null, "operator:type": null, "maxstay": null, "opening_hours": null, "payment:cash": null, "payment:credit_cards": null, "building": "yes", "area": null, "parking:lane": null, "building:levels": null, "description": null, "payment:debit_cards": null, "covered": null, "addr:city": null, "addr:postcode": null, "addr:streetnumber": null, "addr:district": null, "addr:housenumber": null, "wheelchair": null, "alt_name": null, "bus": null, "depot": null, "name:en": null, "network": null, "public_transport": null, "Floor": null, "payment:upi": null, "payment:upi_qr": null, "building:part": null, "landuse": null }, "geometry": { "type": "Polygon", "coordinates": [ [ [ 72.8957341, 19.1240542 ], [ 72.8957189, 19.1239889 ], [ 72.8957797, 19.1239762 ], [ 72.8957949, 19.1240416 ], [ 72.8957341, 19.1240542 ] ] ] } },
{ "type": "Feature", "properties": { "element": "way", "id": 1053913446, "amenity": "parking", "name": "TATRAKSHAK PARKING", "source": null, "capacity": "34", "fee": null, "parking": "multi-storey", "tourism": null, "addr:street": null, "operator": null, "access": "private", "charge": null, "layer": null, "park_ride": null, "supervised": null, "surface": null, "level": null, "site": null, "type": null, "capacity:disabled": null, "note": null, "operator:type": null, "maxstay": null, "opening_hours": null, "payment:cash": null, "payment:credit_cards": null, "building": "yes", "area": null, "parking:lane": null, "building:levels": null, "description": null, "payment:debit_cards": null, "covered": null, "addr:city": null, "addr:postcode": null, "addr:streetnumber": null, "addr:district": null, "addr:housenumber": null, "wheelchair": null, "alt_name": null, "bus": null, "depot": null, "name:en": null, "network": null, "public_transport": null, "Floor": null, "payment:upi": null, "payment:upi_qr": null, "building:part": null, "landuse": null }, "geometry": { "type": "Polygon", "coordinates": [ [ [ 72.8956405, 19.1239523 ], [ 72.8956276, 19.1238905 ], [ 72.8956946, 19.1238779 ], [ 72.8957075, 19.1239398 ], [ 72.8956405, 19.1239523 ] ] ] } },
{ "type": "Feature", "properties": { "element": "way", "id": 1053913447, "amenity": "parking", "name": "LAKE SHORE HEIGHTS PARKING", "source": null, "capacity": "34", "fee": null, "parking": "multi-storey", "tourism": null, "addr:street": null, "operator": null, "access": "private", "charge": null, "layer": null, "park_ride": null, "supervised": null, "surface": null, "level": null, "site": null, "type": null, "capacity:disabled": null, "note": null, "operator:type": null, "maxstay": null, "opening_hours": null, "payment:cash": null, "payment:credit_cards": null, "building": "yes", "area": null, "parking:lane": null, "building:levels": null, "description": null, "payment:debit_cards": null, "covered": null, "addr:city": null, "addr:postcode": null, "addr:streetnumber": null, "addr:district": null, "addr:housenumber": null, "wheelchair": null, "alt_name": null, "bus": null, "depot": null, "name:en": null, "network": null, "public_transport": null, "Floor": null, "payment:upi": null, "payment:upi_qr": null, "building:part": null, "landuse": null }, "geometry": { "type": "Polygon", "coordinates": [ [ [ 72.8955735, 19.1239675 ], [ 72.8955594, 19.1239125 ], [ 72.8956196, 19.1238988 ], [ 72.8956337, 19.1239538 ], [ 72.8955735, 19.1239675 ] ] ] } },
{ "type": "Feature", "properties": { "element": "way", "id": 1068454335, "amenity": "parking", "name": null, "source": null, "capacity": null, "fee": null, "parking": "surface", "tourism": null, "addr:street": null, "operator": null, "access": "customers", "charge": null, "layer": null, "park_ride": null, "supervised": null, "surface": "paving_stones", "level": null, "site": null, "type": null, "capacity:disabled": null, "note": null, "operator:type": null, "maxstay": null, "opening_hours": null, "payment:cash": null, "payment:credit_cards": null, "building": null, "area": null, "parking:lane": null, "building:levels": null, "description": null, "payment:debit_cards": null, "covered": null, "addr:city": null, "addr:postcode": null, "addr:streetnumber": null, "addr:district": null, "addr:housenumber": null, "wheelchair": null, "alt_name": null, "bus": null, "depot": null, "name:en": null, "network": null, "public_transport": null, "Floor": null, "payment:upi": null, "payment:upi_qr": null, "building:part": null, "landuse": null }, "geometry": { "type": "Polygon", "coordinates": [ [ [ 72.830761, 19.0511683 ], [ 72.8309057, 19.050884 ], [ 72.8310828, 19.0509732 ], [ 72.8312689, 19.0510617 ], [ 72.8314719, 19.0511582 ], [ 72.8313275, 19.0514202 ], [ 72.8313107, 19.0514493 ], [ 72.8312724, 19.0514296 ], [ 72.8312502, 19.0514172 ], [ 72.830761, 19.0511683 ] ] ] } },
{ "type": "Feature", "properties": { "element": "way", "id": 1103993412, "amenity": "parking", "name": null, "source": null, "capacity": null, "fee": null, "parking": null, "tourism": null, "addr:street": null, "operator": null, "access": null, "charge": null, "layer": null, "park_ride": null, "supervised": null, "surface": null, "level": null, "site": null, "type": null, "capacity:disabled": null, "note": null, "operator:type": null, "maxstay": null, "opening_hours": null, "payment:cash": null, "payment:credit_cards": null, "building": null, "area": null, "parking:lane": null, "building:levels": null, "description": null, "payment:debit_cards": null, "covered": null, "addr:city": null, "addr:postcode": null, "addr:streetnumber": null, "addr:district": null, "addr:housenumber": null, "wheelchair": null, "alt_name": null, "bus": null, "depot": null, "name:en": null, "network": null, "public_transport": null, "Floor": null, "payment:upi": null, "payment:upi_qr": null, "building:part": null, "landuse": null }, "geometry": { "type": "Polygon", "coordinates": [ [ [ 72.8354659, 18.9783282 ], [ 72.8354981, 18.9783142 ], [ 72.8355195, 18.9782863 ], [ 72.8355437, 18.9782571 ], [ 72.8355638, 18.9782064 ], [ 72.8356322, 18.9781405 ], [ 72.8355128, 18.9780885 ], [ 72.8354981, 18.978077 ], [ 72.8353626, 18.9779401 ], [ 72.8352929, 18.9779274 ], [ 72.8352071, 18.9779337 ], [ 72.8351615, 18.9779794 ], [ 72.835191, 18.9780035 ], [ 72.8351574, 18.9780174 ], [ 72.835148, 18.9780491 ], [ 72.8351454, 18.9780796 ], [ 72.8352272, 18.9780897 ], [ 72.83525, 18.9781455 ], [ 72.8353358, 18.9782064 ], [ 72.8353881, 18.9782292 ], [ 72.835427, 18.9782673 ], [ 72.8354659, 18.9783282 ] ] ] } },
{ "type": "Feature", "properties": { "element": "way", "id": 1120635389, "amenity": "parking", "name": null, "source": null, "capacity": null, "fee": null, "parking": null, "tourism": null, "addr:street": null, "operator": null, "access": null, "charge": null, "layer": null, "park_ride": null, "supervised": null, "surface": null, "level": null, "site": null, "type": null, "capacity:disabled": null, "note": null, "operator:type": null, "maxstay": null, "opening_hours": null, "payment:cash": null, "payment:credit_cards": null, "building": null, "area": null, "parking:lane": null, "building:levels": null, "description": null, "payment:debit_cards": null, "covered": null, "addr:city": null, "addr:postcode": null, "addr:streetnumber": null, "addr:district": null, "addr:housenumber": null, "wheelchair": null, "alt_name": null, "bus": null, "depot": null, "name:en": null, "network": null, "public_transport": null, "Floor": null, "payment:upi": null, "payment:upi_qr": null, "building:part": null, "landuse": null }, "geometry": { "type": "Polygon", "coordinates": [ [ [ 72.9217838, 19.1395607 ], [ 72.9216859, 19.1396088 ], [ 72.9217343, 19.1397026 ], [ 72.9218288, 19.1396526 ], [ 72.9217838, 19.1395607 ] ] ] } },
{ "type": "Feature", "properties": { "element": "way", "id": 1120853238, "amenity": "parking", "name": null, "source": null, "capacity": null, "fee": null, "parking": null, "tourism": null, "addr:street": null, "operator": null, "access": null, "charge": null, "layer": null, "park_ride": null, "supervised": null, "surface": null, "level": null, "site": null, "type": null, "capacity:disabled": null, "note": null, "operator:type": null, "maxstay": null, "opening_hours": null, "payment:cash": null, "payment:credit_cards": null, "building": null, "area": null, "parking:lane": null, "building:levels": null, "description": null, "payment:debit_cards": null, "covered": null, "addr:city": null, "addr:postcode": null, "addr:streetnumber": null, "addr:district": null, "addr:housenumber": null, "wheelchair": null, "alt_name": null, "bus": null, "depot": null, "name:en": null, "network": null, "public_transport": null, "Floor": null, "payment:upi": null, "payment:upi_qr": null, "building:part": null, "landuse": null }, "geometry": { "type": "Polygon", "coordinates": [ [ [ 72.9335772, 19.1677402 ], [ 72.9335521, 19.1676871 ], [ 72.9333779, 19.1677565 ], [ 72.9330839, 19.1678763 ], [ 72.9331067, 19.1679308 ], [ 72.9335772, 19.1677402 ] ] ] } },
{ "type": "Feature", "properties": { "element": "way", "id": 1122490788, "amenity": "parking", "name": "C.S.I. Airport Cargo Complex Parking", "source": null, "capacity": null, "fee": null, "parking": "surface", "tourism": null, "addr:street": null, "operator": null, "access": "permit", "charge": null, "layer": null, "park_ride": null, "supervised": null, "surface": "concrete", "level": null, "site": null, "type": null, "capacity:disabled": null, "note": null, "operator:type": null, "maxstay": null, "opening_hours": "24/7", "payment:cash": null, "payment:credit_cards": null, "building": null, "area": null, "parking:lane": null, "building:levels": null, "description": null, "payment:debit_cards": null, "covered": null, "addr:city": "andheri", "addr:postcode": "400099", "addr:streetnumber": "2", "addr:district": null, "addr:housenumber": null, "wheelchair": null, "alt_name": null, "bus": null, "depot": null, "name:en": null, "network": null, "public_transport": null, "Floor": null, "payment:upi": null, "payment:upi_qr": null, "building:part": null, "landuse": null }, "geometry": { "type": "Polygon", "coordinates": [ [ [ 72.8678432, 19.0995043 ], [ 72.8675938, 19.0995905 ], [ 72.8675669, 19.099517 ], [ 72.8671767, 19.0995945 ], [ 72.8671458, 19.0996006 ], [ 72.8669956, 19.0993497 ], [ 72.8669769, 19.0992103 ], [ 72.8674597, 19.0992052 ], [ 72.8674945, 19.0994181 ], [ 72.8678513, 19.099375 ], [ 72.8678432, 19.0995043 ] ] ] } },
{ "type": "Feature", "properties": { "element": "way", "id": 1123649176, "amenity": "parking", "name": "MCGM Parking", "source": null, "capacity": null, "fee": null, "parking": null, "tourism": null, "addr:street": null, "operator": null, "access": null, "charge": null, "layer": null, "park_ride": null, "supervised": null, "surface": null, "level": null, "site": null, "type": null, "capacity:disabled": null, "note": null, "operator:type": null, "maxstay": null, "opening_hours": null, "payment:cash": null, "payment:credit_cards": null, "building": null, "area": null, "parking:lane": null, "building:levels": null, "description": null, "payment:debit_cards": null, "covered": null, "addr:city": null, "addr:postcode": null, "addr:streetnumber": null, "addr:district": null, "addr:housenumber": null, "wheelchair": null, "alt_name": null, "bus": null, "depot": null, "name:en": null, "network": null, "public_transport": null, "Floor": null, "payment:upi": null, "payment:upi_qr": null, "building:part": null, "landuse": null }, "geometry": { "type": "Polygon", "coordinates": [ [ [ 72.9459691, 19.179798 ], [ 72.9459156, 19.1797074 ], [ 72.9461959, 19.1796365 ], [ 72.9463957, 19.1799899 ], [ 72.94633, 19.1800209 ], [ 72.9461516, 19.1797058 ], [ 72.9459691, 19.179798 ] ] ] } },
{ "type": "Feature", "properties": { "element": "way", "id": 1158933424, "amenity": "parking", "name": null, "source": null, "capacity": null, "fee": null, "parking": null, "tourism": null, "addr:street": null, "operator": null, "access": null, "charge": null, "layer": null, "park_ride": null, "supervised": null, "surface": null, "level": null, "site": null, "type": null, "capacity:disabled": null, "note": null, "operator:type": null, "maxstay": null, "opening_hours": null, "payment:cash": null, "payment:credit_cards": null, "building": null, "area": null, "parking:lane": null, "building:levels": null, "description": null, "payment:debit_cards": null, "covered": null, "addr:city": null, "addr:postcode": null, "addr:streetnumber": null, "addr:district": null, "addr:housenumber": null, "wheelchair": null, "alt_name": null, "bus": null, "depot": null, "name:en": null, "network": null, "public_transport": null, "Floor": null, "payment:upi": null, "payment:upi_qr": null, "building:part": null, "landuse": null }, "geometry": { "type": "Polygon", "coordinates": [ [ [ 72.8636643, 19.232244 ], [ 72.8643456, 19.2317223 ], [ 72.8645119, 19.2318895 ], [ 72.8646862, 19.2317578 ], [ 72.8648391, 19.2319148 ], [ 72.8638628, 19.2327201 ], [ 72.8636482, 19.2324314 ], [ 72.8636643, 19.232244 ] ] ] } },
{ "type": "Feature", "properties": { "element": "way", "id": 1167126338, "amenity": "parking", "name": null, "source": null, "capacity": null, "fee": null, "parking": null, "tourism": null, "addr:street": null, "operator": null, "access": null, "charge": null, "layer": null, "park_ride": null, "supervised": null, "surface": null, "level": null, "site": null, "type": null, "capacity:disabled": null, "note": null, "operator:type": null, "maxstay": null, "opening_hours": null, "payment:cash": null, "payment:credit_cards": null, "building": null, "area": null, "parking:lane": null, "building:levels": null, "description": null, "payment:debit_cards": null, "covered": null, "addr:city": null, "addr:postcode": null, "addr:streetnumber": null, "addr:district": null, "addr:housenumber": null, "wheelchair": null, "alt_name": null, "bus": null, "depot": null, "name:en": null, "network": null, "public_transport": null, "Floor": null, "payment:upi": null, "payment:upi_qr": null, "building:part": null, "landuse": null }, "geometry": { "type": "Polygon", "coordinates": [ [ [ 72.9331621, 19.1625848 ], [ 72.9334677, 19.1626105 ], [ 72.9334885, 19.1629741 ], [ 72.933391, 19.1630082 ], [ 72.933391, 19.1631373 ], [ 72.9332435, 19.1631348 ], [ 72.9332274, 19.1632742 ], [ 72.9331416, 19.1632716 ], [ 72.9331565, 19.1628959 ], [ 72.9331621, 19.1625848 ] ] ] } },
{ "type": "Feature", "properties": { "element": "way", "id": 1170351949, "amenity": "parking", "name": null, "source": null, "capacity": null, "fee": null, "parking": null, "tourism": null, "addr:street": null, "operator": null, "access": null, "charge": null, "layer": null, "park_ride": null, "supervised": null, "surface": null, "level": null, "site": null, "type": null, "capacity:disabled": null, "note": null, "operator:type": null, "maxstay": null, "opening_hours": null, "payment:cash": null, "payment:credit_cards": null, "building": null, "area": null, "parking:lane": null, "building:levels": null, "description": null, "payment:debit_cards": null, "covered": null, "addr:city": null, "addr:postcode": null, "addr:streetnumber": null, "addr:district": null, "addr:housenumber": null, "wheelchair": null, "alt_name": null, "bus": null, "depot": null, "name:en": null, "network": null, "public_transport": null, "Floor": null, "payment:upi": null, "payment:upi_qr": null, "building:part": null, "landuse": null }, "geometry": { "type": "Polygon", "coordinates": [ [ [ 72.8315673, 19.105666 ], [ 72.8313598, 19.1055542 ], [ 72.8313678, 19.1055086 ], [ 72.8315663, 19.1051994 ], [ 72.8316253, 19.1051487 ], [ 72.8316468, 19.1051765 ], [ 72.8315985, 19.1056099 ], [ 72.8315673, 19.105666 ] ] ] } },
{ "type": "Feature", "properties": { "element": "way", "id": 1170388393, "amenity": "parking", "name": null, "source": null, "capacity": null, "fee": null, "parking": null, "tourism": null, "addr:street": null, "operator": null, "access": null, "charge": null, "layer": null, "park_ride": null, "supervised": null, "surface": null, "level": null, "site": null, "type": null, "capacity:disabled": null, "note": null, "operator:type": null, "maxstay": null, "opening_hours": null, "payment:cash": null, "payment:credit_cards": null, "building": null, "area": null, "parking:lane": null, "building:levels": null, "description": null, "payment:debit_cards": null, "covered": null, "addr:city": null, "addr:postcode": null, "addr:streetnumber": null, "addr:district": null, "addr:housenumber": null, "wheelchair": null, "alt_name": null, "bus": null, "depot": null, "name:en": null, "network": null, "public_transport": null, "Floor": null, "payment:upi": null, "payment:upi_qr": null, "building:part": null, "landuse": null }, "geometry": { "type": "Polygon", "coordinates": [ [ [ 72.8553486, 19.1496311 ], [ 72.8557516, 19.1496204 ], [ 72.8557087, 19.1481762 ], [ 72.8553057, 19.1481869 ], [ 72.8553486, 19.1496311 ] ] ] } },
{ "type": "Feature", "properties": { "element": "way", "id": 1170388394, "amenity": "parking", "name": null, "source": null, "capacity": null, "fee": null, "parking": null, "tourism": null, "addr:street": null, "operator": null, "access": null, "charge": null, "layer": null, "park_ride": null, "supervised": null, "surface": null, "level": null, "site": null, "type": null, "capacity:disabled": null, "note": null, "operator:type": null, "maxstay": null, "opening_hours": null, "payment:cash": null, "payment:credit_cards": null, "building": null, "area": null, "parking:lane": null, "building:levels": null, "description": null, "payment:debit_cards": null, "covered": null, "addr:city": null, "addr:postcode": null, "addr:streetnumber": null, "addr:district": null, "addr:housenumber": null, "wheelchair": null, "alt_name": null, "bus": null, "depot": null, "name:en": null, "network": null, "public_transport": null, "Floor": null, "payment:upi": null, "payment:upi_qr": null, "building:part": null, "landuse": null }, "geometry": { "type": "Polygon", "coordinates": [ [ [ 72.855438, 19.1469216 ], [ 72.8545403, 19.1469879 ], [ 72.8546208, 19.1479609 ], [ 72.8555185, 19.1478946 ], [ 72.855438, 19.1469216 ] ] ] } },
{ "type": "Feature", "properties": { "element": "way", "id": 1186891065, "amenity": "parking", "name": null, "source": null, "capacity": null, "fee": null, "parking": null, "tourism": null, "addr:street": null, "operator": null, "access": null, "charge": null, "layer": null, "park_ride": null, "supervised": null, "surface": null, "level": null, "site": null, "type": null, "capacity:disabled": null, "note": null, "operator:type": null, "maxstay": null, "opening_hours": null, "payment:cash": null, "payment:credit_cards": null, "building": null, "area": null, "parking:lane": null, "building:levels": null, "description": null, "payment:debit_cards": null, "covered": null, "addr:city": null, "addr:postcode": null, "addr:streetnumber": null, "addr:district": null, "addr:housenumber": null, "wheelchair": null, "alt_name": null, "bus": null, "depot": null, "name:en": null, "network": null, "public_transport": null, "Floor": null, "payment:upi": null, "payment:upi_qr": null, "building:part": null, "landuse": null }, "geometry": { "type": "Polygon", "coordinates": [ [ [ 72.8533298, 19.0414274 ], [ 72.8533218, 19.0410014 ], [ 72.8537321, 19.0409862 ], [ 72.8538099, 19.0410395 ], [ 72.8538336, 19.0411047 ], [ 72.8537723, 19.0411358 ], [ 72.8538394, 19.0413463 ], [ 72.8535497, 19.0414237 ], [ 72.853539, 19.0417824 ], [ 72.8533378, 19.0418356 ], [ 72.8533298, 19.0414274 ] ] ] } },
{ "type": "Feature", "properties": { "element": "way", "id": 1187675482, "amenity": "parking", "name": null, "source": null, "capacity": null, "fee": null, "parking": null, "tourism": null, "addr:street": null, "operator": null, "access": null, "charge": null, "layer": null, "park_ride": null, "supervised": null, "surface": null, "level": null, "site": null, "type": null, "capacity:disabled": null, "note": null, "operator:type": null, "maxstay": null, "opening_hours": null, "payment:cash": null, "payment:credit_cards": null, "building": null, "area": null, "parking:lane": null, "building:levels": null, "description": null, "payment:debit_cards": null, "covered": null, "addr:city": null, "addr:postcode": null, "addr:streetnumber": null, "addr:district": null, "addr:housenumber": null, "wheelchair": null, "alt_name": null, "bus": null, "depot": null, "name:en": null, "network": null, "public_transport": null, "Floor": null, "payment:upi": null, "payment:upi_qr": null, "building:part": null, "landuse": null }, "geometry": { "type": "Polygon", "coordinates": [ [ [ 72.9044259, 19.1394669 ], [ 72.9045617, 19.1393736 ], [ 72.9043901, 19.1391506 ], [ 72.9042542, 19.1392439 ], [ 72.9044259, 19.1394669 ] ] ] } },
{ "type": "Feature", "properties": { "element": "way", "id": 1187689752, "amenity": "parking", "name": null, "source": null, "capacity": null, "fee": null, "parking": null, "tourism": null, "addr:street": null, "operator": null, "access": null, "charge": null, "layer": null, "park_ride": null, "supervised": null, "surface": null, "level": null, "site": null, "type": null, "capacity:disabled": null, "note": null, "operator:type": null, "maxstay": null, "opening_hours": null, "payment:cash": null, "payment:credit_cards": null, "building": null, "area": null, "parking:lane": null, "building:levels": null, "description": null, "payment:debit_cards": null, "covered": null, "addr:city": null, "addr:postcode": null, "addr:streetnumber": null, "addr:district": null, "addr:housenumber": null, "wheelchair": null, "alt_name": null, "bus": null, "depot": null, "name:en": null, "network": null, "public_transport": null, "Floor": null, "payment:upi": null, "payment:upi_qr": null, "building:part": null, "landuse": null }, "geometry": { "type": "Polygon", "coordinates": [ [ [ 72.8864269, 19.1528329 ], [ 72.8864041, 19.1527975 ], [ 72.8864309, 19.1527595 ], [ 72.886793, 19.1526429 ], [ 72.8867756, 19.1529166 ], [ 72.8864658, 19.1528481 ], [ 72.8864269, 19.1528329 ] ] ] } },
{ "type": "Feature", "properties": { "element": "way", "id": 1189775839, "amenity": "parking", "name": null, "source": null, "capacity": null, "fee": "no", "parking": "sheds", "tourism": null, "addr:street": "Vitta Sanchay Parking Internal road", "operator": "Vitta Sanchay Society Parking Lot", "access": "private", "charge": null, "layer": null, "park_ride": null, "supervised": null, "surface": "concrete", "level": null, "site": null, "type": null, "capacity:disabled": null, "note": null, "operator:type": "private", "maxstay": null, "opening_hours": null, "payment:cash": null, "payment:credit_cards": null, "building": null, "area": null, "parking:lane": null, "building:levels": null, "description": null, "payment:debit_cards": null, "covered": null, "addr:city": "Mumbai", "addr:postcode": "400074", "addr:streetnumber": null, "addr:district": "Chembur", "addr:housenumber": "Vitta Sanchay Society", "wheelchair": null, "alt_name": null, "bus": null, "depot": null, "name:en": null, "network": null, "public_transport": null, "Floor": null, "payment:upi": null, "payment:upi_qr": null, "building:part": null, "landuse": null }, "geometry": { "type": "Polygon", "coordinates": [ [ [ 72.8872332, 19.0311775 ], [ 72.8872696, 19.0309349 ], [ 72.8872762, 19.0308982 ], [ 72.887576, 19.0308819 ], [ 72.8875661, 19.0309204 ], [ 72.8875159, 19.0311386 ], [ 72.8872332, 19.0311775 ] ] ] } },
{ "type": "Feature", "properties": { "element": "way", "id": 1189775841, "amenity": "parking", "name": null, "source": null, "capacity": "14", "fee": "no", "parking": "sheds", "tourism": null, "addr:street": "Vitta Sanchay Parking Internal road", "operator": "Vitta Sanchay Parking Lot", "access": "private", "charge": null, "layer": null, "park_ride": null, "supervised": null, "surface": "concrete", "level": null, "site": null, "type": null, "capacity:disabled": "21", "note": null, "operator:type": "private", "maxstay": null, "opening_hours": null, "payment:cash": null, "payment:credit_cards": null, "building": null, "area": null, "parking:lane": null, "building:levels": null, "description": null, "payment:debit_cards": null, "covered": null, "addr:city": "Mumbai", "addr:postcode": "400074", "addr:streetnumber": null, "addr:district": "Chembur", "addr:housenumber": "Vitta Sanchay Society", "wheelchair": null, "alt_name": null, "bus": null, "depot": null, "name:en": null, "network": null, "public_transport": null, "Floor": null, "payment:upi": null, "payment:upi_qr": null, "building:part": null, "landuse": null }, "geometry": { "type": "Polygon", "coordinates": [ [ [ 72.887656, 19.0299765 ], [ 72.8876977, 19.0299933 ], [ 72.8877999, 19.0300338 ], [ 72.8877855, 19.0300955 ], [ 72.8877183, 19.0304274 ], [ 72.8874398, 19.0304029 ], [ 72.887656, 19.0299765 ] ] ] } },
{ "type": "Feature", "properties": { "element": "way", "id": 1189933384, "amenity": "parking", "name": null, "source": null, "capacity": null, "fee": null, "parking": "sheds", "tourism": null, "addr:street": "RCF Road", "operator": "Vitta Sanchay Parking Lot", "access": "private", "charge": null, "layer": null, "park_ride": null, "supervised": null, "surface": "concrete", "level": null, "site": null, "type": null, "capacity:disabled": null, "note": null, "operator:type": "private", "maxstay": null, "opening_hours": null, "payment:cash": null, "payment:credit_cards": null, "building": null, "area": null, "parking:lane": null, "building:levels": null, "description": null, "payment:debit_cards": null, "covered": null, "addr:city": "Mumbai", "addr:postcode": "400074", "addr:streetnumber": null, "addr:district": "Chembur", "addr:housenumber": "Vitta Sanchay Society", "wheelchair": null, "alt_name": null, "bus": null, "depot": null, "name:en": null, "network": null, "public_transport": null, "Floor": null, "payment:upi": null, "payment:upi_qr": null, "building:part": null, "landuse": null }, "geometry": { "type": "Polygon", "coordinates": [ [ [ 72.8882223, 19.0308561 ], [ 72.8882971, 19.0308473 ], [ 72.8882763, 19.0307102 ], [ 72.8881975, 19.0307181 ], [ 72.8882223, 19.0308561 ] ] ] } },
{ "type": "Feature", "properties": { "element": "way", "id": 1189933385, "amenity": "parking", "name": null, "source": null, "capacity": "7", "fee": "no", "parking": "sheds", "tourism": null, "addr:street": "RCF Road", "operator": "Vitta Sanchay Parking Lot", "access": "private", "charge": null, "layer": null, "park_ride": null, "supervised": null, "surface": "concrete", "level": null, "site": null, "type": null, "capacity:disabled": "7", "note": null, "operator:type": "private", "maxstay": null, "opening_hours": null, "payment:cash": null, "payment:credit_cards": null, "building": null, "area": null, "parking:lane": null, "building:levels": null, "description": null, "payment:debit_cards": null, "covered": null, "addr:city": "Mumbai", "addr:postcode": "400074", "addr:streetnumber": null, "addr:district": "Chembur", "addr:housenumber": "Vitta Sanchay Society", "wheelchair": "yes", "alt_name": null, "bus": null, "depot": null, "name:en": null, "network": null, "public_transport": null, "Floor": null, "payment:upi": null, "payment:upi_qr": null, "building:part": null, "landuse": null }, "geometry": { "type": "Polygon", "coordinates": [ [ [ 72.8877842, 19.0296917 ], [ 72.8878761, 19.0297212 ], [ 72.8877472, 19.0299938 ], [ 72.8877058, 19.0299773 ], [ 72.8876641, 19.0299601 ], [ 72.8877842, 19.0296917 ] ] ] } },
{ "type": "Feature", "properties": { "element": "way", "id": 1191430868, "amenity": "parking", "name": null, "source": null, "capacity": "1", "fee": "no", "parking": "sheds", "tourism": null, "addr:street": "RCF Road", "operator": "Vitta Sanchay Society", "access": "private", "charge": null, "layer": null, "park_ride": null, "supervised": null, "surface": "concrete", "level": null, "site": null, "type": null, "capacity:disabled": "1", "note": null, "operator:type": "private", "maxstay": null, "opening_hours": null, "payment:cash": null, "payment:credit_cards": null, "building": null, "area": null, "parking:lane": null, "building:levels": null, "description": null, "payment:debit_cards": null, "covered": null, "addr:city": "Mumbai", "addr:postcode": "400074", "addr:streetnumber": null, "addr:district": "Chembur", "addr:housenumber": "Vitta Sanchay Society", "wheelchair": null, "alt_name": null, "bus": null, "depot": null, "name:en": null, "network": null, "public_transport": null, "Floor": null, "payment:upi": null, "payment:upi_qr": null, "building:part": null, "landuse": null }, "geometry": { "type": "Polygon", "coordinates": [ [ [ 72.8878084, 19.0296412 ], [ 72.8878976, 19.029679 ], [ 72.8878788, 19.0297143 ], [ 72.887788, 19.0296837 ], [ 72.8878084, 19.0296412 ] ] ] } },
{ "type": "Feature", "properties": { "element": "way", "id": 1213417805, "amenity": "parking", "name": null, "source": null, "capacity": null, "fee": null, "parking": null, "tourism": null, "addr:street": null, "operator": null, "access": null, "charge": null, "layer": null, "park_ride": null, "supervised": null, "surface": null, "level": null, "site": null, "type": null, "capacity:disabled": null, "note": null, "operator:type": null, "maxstay": null, "opening_hours": null, "payment:cash": null, "payment:credit_cards": null, "building": null, "area": null, "parking:lane": null, "building:levels": null, "description": "Student vehicle parking", "payment:debit_cards": null, "covered": null, "addr:city": null, "addr:postcode": null, "addr:streetnumber": null, "addr:district": null, "addr:housenumber": null, "wheelchair": null, "alt_name": null, "bus": null, "depot": null, "name:en": null, "network": null, "public_transport": null, "Floor": null, "payment:upi": null, "payment:upi_qr": null, "building:part": null, "landuse": null }, "geometry": { "type": "Polygon", "coordinates": [ [ [ 72.8889632, 19.0820224 ], [ 72.8891054, 19.0820895 ], [ 72.8892979, 19.0820616 ], [ 72.8893584, 19.0819538 ], [ 72.8893527, 19.0818222 ], [ 72.8889632, 19.0820224 ] ] ] } },
{ "type": "Feature", "properties": { "element": "way", "id": 1222759186, "amenity": "parking", "name": null, "source": null, "capacity": null, "fee": null, "parking": null, "tourism": null, "addr:street": null, "operator": null, "access": null, "charge": null, "layer": null, "park_ride": null, "supervised": null, "surface": null, "level": null, "site": null, "type": null, "capacity:disabled": null, "note": null, "operator:type": null, "maxstay": null, "opening_hours": null, "payment:cash": null, "payment:credit_cards": null, "building": null, "area": null, "parking:lane": null, "building:levels": null, "description": null, "payment:debit_cards": null, "covered": null, "addr:city": null, "addr:postcode": null, "addr:streetnumber": null, "addr:district": null, "addr:housenumber": null, "wheelchair": null, "alt_name": null, "bus": null, "depot": null, "name:en": null, "network": null, "public_transport": null, "Floor": null, "payment:upi": null, "payment:upi_qr": null, "building:part": null, "landuse": null }, "geometry": { "type": "Polygon", "coordinates": [ [ [ 72.8711772, 19.2633783 ], [ 72.8713606, 19.2637332 ], [ 72.8714988, 19.2637396 ], [ 72.8716596, 19.2637139 ], [ 72.8716097, 19.263575 ], [ 72.8716777, 19.2634488 ], [ 72.8717773, 19.2633355 ], [ 72.8716935, 19.2630789 ], [ 72.8711772, 19.2633783 ] ] ] } },
{ "type": "Feature", "properties": { "element": "way", "id": 1223709626, "amenity": "parking", "name": null, "source": null, "capacity": null, "fee": null, "parking": null, "tourism": null, "addr:street": null, "operator": null, "access": null, "charge": null, "layer": null, "park_ride": null, "supervised": null, "surface": null, "level": null, "site": null, "type": null, "capacity:disabled": null, "note": null, "operator:type": null, "maxstay": null, "opening_hours": null, "payment:cash": null, "payment:credit_cards": null, "building": null, "area": null, "parking:lane": null, "building:levels": null, "description": null, "payment:debit_cards": null, "covered": null, "addr:city": null, "addr:postcode": null, "addr:streetnumber": null, "addr:district": null, "addr:housenumber": null, "wheelchair": null, "alt_name": null, "bus": null, "depot": null, "name:en": null, "network": null, "public_transport": null, "Floor": null, "payment:upi": null, "payment:upi_qr": null, "building:part": null, "landuse": null }, "geometry": { "type": "Polygon", "coordinates": [ [ [ 72.8470439, 19.2555672 ], [ 72.8484413, 19.2551305 ], [ 72.8497551, 19.2561757 ], [ 72.8494451, 19.2563058 ], [ 72.8489531, 19.2562779 ], [ 72.8485053, 19.256394 ], [ 72.8483331, 19.2565334 ], [ 72.847905, 19.2564823 ], [ 72.847349, 19.2564405 ], [ 72.8470439, 19.2555672 ] ] ] } },
{ "type": "Feature", "properties": { "element": "way", "id": 1223716958, "amenity": "parking", "name": null, "source": null, "capacity": null, "fee": null, "parking": null, "tourism": null, "addr:street": null, "operator": null, "access": null, "charge": null, "layer": null, "park_ride": null, "supervised": null, "surface": null, "level": null, "site": null, "type": null, "capacity:disabled": null, "note": null, "operator:type": null, "maxstay": null, "opening_hours": null, "payment:cash": null, "payment:credit_cards": null, "building": null, "area": null, "parking:lane": null, "building:levels": null, "description": null, "payment:debit_cards": null, "covered": null, "addr:city": null, "addr:postcode": null, "addr:streetnumber": null, "addr:district": null, "addr:housenumber": null, "wheelchair": null, "alt_name": null, "bus": null, "depot": null, "name:en": null, "network": null, "public_transport": null, "Floor": null, "payment:upi": null, "payment:upi_qr": null, "building:part": null, "landuse": null }, "geometry": { "type": "Polygon", "coordinates": [ [ [ 72.8486987, 19.2543073 ], [ 72.8489221, 19.2539764 ], [ 72.8493072, 19.2541255 ], [ 72.8489529, 19.2544527 ], [ 72.8486987, 19.2543073 ] ] ] } },
{ "type": "Feature", "properties": { "element": "way", "id": 1232491383, "amenity": "parking", "name": "The only car place", "source": null, "capacity": null, "fee": null, "parking": null, "tourism": null, "addr:street": null, "operator": "Alice", "access": null, "charge": null, "layer": null, "park_ride": null, "supervised": null, "surface": null, "level": null, "site": null, "type": null, "capacity:disabled": null, "note": null, "operator:type": "governnment", "maxstay": null, "opening_hours": null, "payment:cash": null, "payment:credit_cards": null, "building": null, "area": null, "parking:lane": null, "building:levels": null, "description": "a huge parking space", "payment:debit_cards": null, "covered": null, "addr:city": null, "addr:postcode": null, "addr:streetnumber": null, "addr:district": null, "addr:housenumber": null, "wheelchair": null, "alt_name": null, "bus": null, "depot": null, "name:en": null, "network": null, "public_transport": null, "Floor": null, "payment:upi": null, "payment:upi_qr": null, "building:part": null, "landuse": null }, "geometry": { "type": "Polygon", "coordinates": [ [ [ 72.8677683, 19.0792092 ], [ 72.867719, 19.0791017 ], [ 72.8679185, 19.0790449 ], [ 72.8679443, 19.0791788 ], [ 72.8678542, 19.079193 ], [ 72.8677683, 19.0792092 ] ] ] } },
{ "type": "Feature", "properties": { "element": "way", "id": 1239406335, "amenity": "parking", "name": null, "source": null, "capacity": "50", "fee": null, "parking": "surface", "tourism": null, "addr:street": null, "operator": "NPCIL Parking", "access": "permissive", "charge": null, "layer": null, "park_ride": null, "supervised": null, "surface": "compacted", "level": null, "site": null, "type": null, "capacity:disabled": null, "note": null, "operator:type": "government", "maxstay": null, "opening_hours": null, "payment:cash": null, "payment:credit_cards": null, "building": null, "area": null, "parking:lane": null, "building:levels": null, "description": null, "payment:debit_cards": null, "covered": null, "addr:city": null, "addr:postcode": null, "addr:streetnumber": null, "addr:district": null, "addr:housenumber": null, "wheelchair": null, "alt_name": null, "bus": null, "depot": null, "name:en": null, "network": null, "public_transport": null, "Floor": null, "payment:upi": null, "payment:upi_qr": null, "building:part": null, "landuse": null }, "geometry": { "type": "Polygon", "coordinates": [ [ [ 72.9222893, 19.0347688 ], [ 72.9220389, 19.0349148 ], [ 72.9223143, 19.0357552 ], [ 72.9225773, 19.0357433 ], [ 72.9227985, 19.0356999 ], [ 72.9227275, 19.0346662 ], [ 72.9224938, 19.0347018 ], [ 72.9223853, 19.0347373 ], [ 72.9222893, 19.0347688 ] ] ] } },
{ "type": "Feature", "properties": { "element": "way", "id": 1243425881, "amenity": "parking", "name": null, "source": null, "capacity": null, "fee": null, "parking": null, "tourism": null, "addr:street": null, "operator": null, "access": null, "charge": null, "layer": null, "park_ride": null, "supervised": null, "surface": null, "level": null, "site": null, "type": null, "capacity:disabled": null, "note": null, "operator:type": null, "maxstay": null, "opening_hours": null, "payment:cash": null, "payment:credit_cards": null, "building": null, "area": null, "parking:lane": null, "building:levels": null, "description": null, "payment:debit_cards": null, "covered": null, "addr:city": null, "addr:postcode": null, "addr:streetnumber": null, "addr:district": null, "addr:housenumber": null, "wheelchair": null, "alt_name": null, "bus": null, "depot": null, "name:en": null, "network": null, "public_transport": null, "Floor": null, "payment:upi": null, "payment:upi_qr": null, "building:part": null, "landuse": null }, "geometry": { "type": "Polygon", "coordinates": [ [ [ 72.9483625, 19.17008 ], [ 72.9482567, 19.1699151 ], [ 72.9484178, 19.1697381 ], [ 72.9485602, 19.1700556 ], [ 72.9483625, 19.17008 ] ] ] } },
{ "type": "Feature", "properties": { "element": "way", "id": 1259167909, "amenity": "parking", "name": null, "source": null, "capacity": null, "fee": "no", "parking": "surface", "tourism": null, "addr:street": null, "operator": null, "access": "yes", "charge": null, "layer": null, "park_ride": null, "supervised": null, "surface": "paved", "level": null, "site": null, "type": null, "capacity:disabled": null, "note": null, "operator:type": null, "maxstay": null, "opening_hours": null, "payment:cash": null, "payment:credit_cards": null, "building": null, "area": null, "parking:lane": null, "building:levels": null, "description": null, "payment:debit_cards": null, "covered": null, "addr:city": null, "addr:postcode": null, "addr:streetnumber": null, "addr:district": null, "addr:housenumber": null, "wheelchair": null, "alt_name": null, "bus": null, "depot": null, "name:en": null, "network": null, "public_transport": null, "Floor": null, "payment:upi": null, "payment:upi_qr": null, "building:part": null, "landuse": null }, "geometry": { "type": "Polygon", "coordinates": [ [ [ 72.9348858, 19.0415134 ], [ 72.9349092, 19.0417017 ], [ 72.9342513, 19.0418125 ], [ 72.9342212, 19.0416115 ], [ 72.9348858, 19.0415134 ] ] ] } },
{ "type": "Feature", "properties": { "element": "way", "id": 1291854632, "amenity": "parking", "name": null, "source": null, "capacity": null, "fee": null, "parking": null, "tourism": null, "addr:street": null, "operator": null, "access": null, "charge": null, "layer": null, "park_ride": null, "supervised": null, "surface": null, "level": null, "site": null, "type": null, "capacity:disabled": null, "note": null, "operator:type": null, "maxstay": null, "opening_hours": null, "payment:cash": null, "payment:credit_cards": null, "building": null, "area": null, "parking:lane": null, "building:levels": null, "description": null, "payment:debit_cards": null, "covered": null, "addr:city": null, "addr:postcode": null, "addr:streetnumber": null, "addr:district": null, "addr:housenumber": null, "wheelchair": null, "alt_name": null, "bus": null, "depot": null, "name:en": null, "network": null, "public_transport": null, "Floor": null, "payment:upi": null, "payment:upi_qr": null, "building:part": null, "landuse": null }, "geometry": { "type": "Polygon", "coordinates": [ [ [ 72.8771773, 19.0496649 ], [ 72.877062, 19.049959 ], [ 72.8762975, 19.0494139 ], [ 72.8764259, 19.0491089 ], [ 72.8771773, 19.0496649 ] ] ] } },
{ "type": "Feature", "properties": { "element": "way", "id": 1330374274, "amenity": "parking", "name": null, "source": null, "capacity": null, "fee": null, "parking": null, "tourism": null, "addr:street": null, "operator": null, "access": null, "charge": null, "layer": null, "park_ride": null, "supervised": null, "surface": null, "level": null, "site": null, "type": null, "capacity:disabled": null, "note": null, "operator:type": null, "maxstay": null, "opening_hours": null, "payment:cash": null, "payment:credit_cards": null, "building": null, "area": null, "parking:lane": null, "building:levels": null, "description": null, "payment:debit_cards": null, "covered": null, "addr:city": null, "addr:postcode": null, "addr:streetnumber": null, "addr:district": null, "addr:housenumber": null, "wheelchair": null, "alt_name": null, "bus": null, "depot": null, "name:en": null, "network": null, "public_transport": null, "Floor": null, "payment:upi": null, "payment:upi_qr": null, "building:part": null, "landuse": null }, "geometry": { "type": "Polygon", "coordinates": [ [ [ 72.8222296, 18.9248384 ], [ 72.8222679, 18.9248081 ], [ 72.8214498, 18.923882 ], [ 72.8214115, 18.9239123 ], [ 72.8222296, 18.9248384 ] ] ] } },
{ "type": "Feature", "properties": { "element": "way", "id": 1330374275, "amenity": "parking", "name": null, "source": null, "capacity": null, "fee": null, "parking": null, "tourism": null, "addr:street": null, "operator": null, "access": null, "charge": null, "layer": null, "park_ride": null, "supervised": null, "surface": null, "level": null, "site": null, "type": null, "capacity:disabled": null, "note": null, "operator:type": null, "maxstay": null, "opening_hours": null, "payment:cash": null, "payment:credit_cards": null, "building": null, "area": null, "parking:lane": null, "building:levels": null, "description": null, "payment:debit_cards": null, "covered": null, "addr:city": null, "addr:postcode": null, "addr:streetnumber": null, "addr:district": null, "addr:housenumber": null, "wheelchair": null, "alt_name": null, "bus": null, "depot": null, "name:en": null, "network": null, "public_transport": null, "Floor": null, "payment:upi": null, "payment:upi_qr": null, "building:part": null, "landuse": null }, "geometry": { "type": "Polygon", "coordinates": [ [ [ 72.8213538, 18.9239491 ], [ 72.8213935, 18.9239177 ], [ 72.8222196, 18.9248514 ], [ 72.8221799, 18.9248828 ], [ 72.8213538, 18.9239491 ] ] ] } },
{ "type": "Feature", "properties": { "element": "way", "id": 1330412757, "amenity": "parking", "name": "MCGM Parking", "source": null, "capacity": null, "fee": null, "parking": null, "tourism": null, "addr:street": null, "operator": null, "access": null, "charge": null, "layer": null, "park_ride": null, "supervised": null, "surface": null, "level": null, "site": null, "type": null, "capacity:disabled": null, "note": null, "operator:type": null, "maxstay": null, "opening_hours": null, "payment:cash": null, "payment:credit_cards": null, "building": null, "area": null, "parking:lane": null, "building:levels": null, "description": null, "payment:debit_cards": null, "covered": null, "addr:city": null, "addr:postcode": null, "addr:streetnumber": null, "addr:district": null, "addr:housenumber": null, "wheelchair": null, "alt_name": null, "bus": null, "depot": null, "name:en": null, "network": null, "public_transport": null, "Floor": null, "payment:upi": null, "payment:upi_qr": null, "building:part": null, "landuse": null }, "geometry": { "type": "Polygon", "coordinates": [ [ [ 72.9188053, 19.0989673 ], [ 72.9188061, 19.0991542 ], [ 72.9200448, 19.0981233 ], [ 72.9197267, 19.0977222 ], [ 72.9190077, 19.0983452 ], [ 72.919081, 19.0986969 ], [ 72.9188053, 19.0989673 ] ] ] } },
{ "type": "Feature", "properties": { "element": "way", "id": 1330603445, "amenity": "parking", "name": null, "source": null, "capacity": null, "fee": null, "parking": null, "tourism": null, "addr:street": null, "operator": null, "access": null, "charge": null, "layer": null, "park_ride": null, "supervised": null, "surface": null, "level": null, "site": null, "type": null, "capacity:disabled": null, "note": null, "operator:type": null, "maxstay": null, "opening_hours": null, "payment:cash": null, "payment:credit_cards": null, "building": null, "area": null, "parking:lane": null, "building:levels": null, "description": null, "payment:debit_cards": null, "covered": null, "addr:city": null, "addr:postcode": null, "addr:streetnumber": null, "addr:district": null, "addr:housenumber": null, "wheelchair": null, "alt_name": null, "bus": null, "depot": null, "name:en": null, "network": null, "public_transport": null, "Floor": null, "payment:upi": null, "payment:upi_qr": null, "building:part": null, "landuse": null }, "geometry": { "type": "Polygon", "coordinates": [ [ [ 72.9121512, 19.0917876 ], [ 72.9121108, 19.0918054 ], [ 72.9120621, 19.0916546 ], [ 72.9119763, 19.0916647 ], [ 72.9118502, 19.0913656 ], [ 72.9120916, 19.0913149 ], [ 72.912105, 19.091614 ], [ 72.9121512, 19.0917876 ] ] ] } },
{ "type": "Feature", "properties": { "element": "way", "id": 1330631005, "amenity": "parking", "name": null, "source": null, "capacity": null, "fee": null, "parking": null, "tourism": null, "addr:street": null, "operator": null, "access": null, "charge": null, "layer": null, "park_ride": null, "supervised": null, "surface": null, "level": null, "site": null, "type": null, "capacity:disabled": null, "note": null, "operator:type": null, "maxstay": null, "opening_hours": null, "payment:cash": null, "payment:credit_cards": null, "building": null, "area": null, "parking:lane": null, "building:levels": null, "description": null, "payment:debit_cards": null, "covered": null, "addr:city": null, "addr:postcode": null, "addr:streetnumber": null, "addr:district": null, "addr:housenumber": null, "wheelchair": null, "alt_name": null, "bus": null, "depot": null, "name:en": null, "network": null, "public_transport": null, "Floor": null, "payment:upi": null, "payment:upi_qr": null, "building:part": null, "landuse": null }, "geometry": { "type": "Polygon", "coordinates": [ [ [ 72.9084988, 19.0850542 ], [ 72.9084143, 19.0851289 ], [ 72.9083271, 19.0851593 ], [ 72.9081594, 19.0850673 ], [ 72.9079409, 19.0849528 ], [ 72.9080696, 19.0847436 ], [ 72.908366, 19.0849059 ], [ 72.9083352, 19.0849578 ], [ 72.9084988, 19.0850542 ] ] ] } },
{ "type": "Feature", "properties": { "element": "way", "id": 1343414935, "amenity": "parking", "name": "MbPA Staff Car Parking", "source": null, "capacity": "50", "fee": "no", "parking": "surface", "tourism": null, "addr:street": "Reynolds Road", "operator": "Mumbai Port Authority", "access": "permit", "charge": null, "layer": null, "park_ride": null, "supervised": null, "surface": "compacted", "level": null, "site": null, "type": null, "capacity:disabled": "0", "note": null, "operator:type": "government", "maxstay": null, "opening_hours": null, "payment:cash": null, "payment:credit_cards": null, "building": null, "area": null, "parking:lane": null, "building:levels": null, "description": null, "payment:debit_cards": null, "covered": null, "addr:city": "Mumbai", "addr:postcode": "400037", "addr:streetnumber": null, "addr:district": "Mumbai", "addr:housenumber": "26 - 27", "wheelchair": null, "alt_name": null, "bus": null, "depot": null, "name:en": null, "network": null, "public_transport": null, "Floor": null, "payment:upi": null, "payment:upi_qr": null, "building:part": null, "landuse": null }, "geometry": { "type": "Polygon", "coordinates": [ [ [ 72.8565184, 19.0122244 ], [ 72.8566538, 19.0121596 ], [ 72.8568219, 19.0124805 ], [ 72.8570647, 19.0129632 ], [ 72.856934, 19.0130338 ], [ 72.8567207, 19.0126085 ], [ 72.8565184, 19.0122244 ] ] ] } },
{ "type": "Feature", "properties": { "element": "way", "id": 1360918638, "amenity": "parking", "name": "Mumbai Airport Bus Depot T1", "source": "Irasus Technologies Private Limited;JBM Green Energy Systems Private Limited", "capacity": null, "fee": null, "parking": null, "tourism": null, "addr:street": null, "operator": "Mumbai International Airport Limited", "access": "private", "charge": null, "layer": null, "park_ride": null, "supervised": null, "surface": null, "level": null, "site": null, "type": null, "capacity:disabled": null, "note": "Prospective editors are encouraged to contact the surveyors prior to editing.", "operator:type": null, "maxstay": null, "opening_hours": null, "payment:cash": null, "payment:credit_cards": null, "building": null, "area": null, "parking:lane": null, "building:levels": null, "description": null, "payment:debit_cards": null, "covered": null, "addr:city": null, "addr:postcode": null, "addr:streetnumber": null, "addr:district": null, "addr:housenumber": null, "wheelchair": null, "alt_name": "Mumbai Airport", "bus": "yes", "depot": "bus", "name:en": "Mumbai Airport Bus Depot T1", "network": "Internal Bus Service", "public_transport": "station", "Floor": null, "payment:upi": null, "payment:upi_qr": null, "building:part": null, "landuse": null }, "geometry": { "type": "Polygon", "coordinates": [ [ [ 72.8564961, 19.0910881 ], [ 72.8565512, 19.0909 ], [ 72.856672, 19.0908569 ], [ 72.8569184, 19.0908332 ], [ 72.8570392, 19.0908353 ], [ 72.8570071, 19.0913023 ], [ 72.8569105, 19.0912389 ], [ 72.8564961, 19.0910881 ] ] ] } },
{ "type": "Feature", "properties": { "element": "way", "id": 1360919353, "amenity": "parking", "name": "Mumbai Airport Bus Depot T2", "source": "Irasus Technologies Private Limited;JBM Green Energy Systems Private Limited", "capacity": null, "fee": null, "parking": null, "tourism": null, "addr:street": null, "operator": "Mumbai International Airport Limited", "access": "private", "charge": null, "layer": null, "park_ride": null, "supervised": null, "surface": null, "level": null, "site": null, "type": null, "capacity:disabled": null, "note": "Prospective editors are encouraged to contact the surveyors prior to editing.", "operator:type": null, "maxstay": null, "opening_hours": null, "payment:cash": null, "payment:credit_cards": null, "building": null, "area": null, "parking:lane": null, "building:levels": null, "description": null, "payment:debit_cards": null, "covered": null, "addr:city": null, "addr:postcode": null, "addr:streetnumber": null, "addr:district": null, "addr:housenumber": null, "wheelchair": null, "alt_name": "Mumbai Airport", "bus": null, "depot": null, "name:en": null, "network": "Internal Bus Service", "public_transport": null, "Floor": null, "payment:upi": null, "payment:upi_qr": null, "building:part": null, "landuse": null }, "geometry": { "type": "Polygon", "coordinates": [ [ [ 72.8731877, 19.0963816 ], [ 72.8731195, 19.0963347 ], [ 72.8730713, 19.0962676 ], [ 72.8730528, 19.0961898 ], [ 72.8730698, 19.0961375 ], [ 72.873111, 19.0961053 ], [ 72.8731692, 19.0960838 ], [ 72.873226, 19.0960878 ], [ 72.8732856, 19.0961361 ], [ 72.8734531, 19.0963615 ], [ 72.8735383, 19.0966244 ], [ 72.8734986, 19.0965735 ], [ 72.873385, 19.0964849 ], [ 72.8732686, 19.0964219 ], [ 72.8731877, 19.0963816 ] ] ] } },
{ "type": "Feature", "properties": { "element": "way", "id": 1361132211, "amenity": "parking", "name": null, "source": null, "capacity": null, "fee": null, "parking": null, "tourism": null, "addr:street": null, "operator": null, "access": null, "charge": null, "layer": null, "park_ride": null, "supervised": null, "surface": null, "level": null, "site": null, "type": null, "capacity:disabled": null, "note": null, "operator:type": null, "maxstay": null, "opening_hours": null, "payment:cash": null, "payment:credit_cards": null, "building": null, "area": null, "parking:lane": null, "building:levels": null, "description": null, "payment:debit_cards": null, "covered": null, "addr:city": null, "addr:postcode": null, "addr:streetnumber": null, "addr:district": null, "addr:housenumber": null, "wheelchair": null, "alt_name": null, "bus": null, "depot": null, "name:en": null, "network": null, "public_transport": null, "Floor": null, "payment:upi": null, "payment:upi_qr": null, "building:part": null, "landuse": null }, "geometry": { "type": "Polygon", "coordinates": [ [ [ 72.8503846, 19.0612396 ], [ 72.8499689, 19.060911 ], [ 72.8503846, 19.0609109 ], [ 72.8503846, 19.0612396 ] ] ] } },
{ "type": "Feature", "properties": { "element": "way", "id": 1363030276, "amenity": "parking", "name": null, "source": null, "capacity": null, "fee": null, "parking": null, "tourism": null, "addr:street": null, "operator": null, "access": null, "charge": null, "layer": null, "park_ride": null, "supervised": null, "surface": null, "level": null, "site": null, "type": null, "capacity:disabled": null, "note": null, "operator:type": null, "maxstay": null, "opening_hours": null, "payment:cash": null, "payment:credit_cards": null, "building": null, "area": null, "parking:lane": null, "building:levels": null, "description": null, "payment:debit_cards": null, "covered": null, "addr:city": null, "addr:postcode": null, "addr:streetnumber": null, "addr:district": null, "addr:housenumber": null, "wheelchair": null, "alt_name": null, "bus": null, "depot": null, "name:en": null, "network": null, "public_transport": null, "Floor": null, "payment:upi": null, "payment:upi_qr": null, "building:part": null, "landuse": null }, "geometry": { "type": "Polygon", "coordinates": [ [ [ 72.804742, 18.8992942 ], [ 72.8048493, 18.8990642 ], [ 72.8052662, 18.8992383 ], [ 72.8051588, 18.8994683 ], [ 72.8050963, 18.8994422 ], [ 72.804742, 18.8992942 ] ] ] } },
{ "type": "Feature", "properties": { "element": "way", "id": 1380646636, "amenity": "parking", "name": null, "source": null, "capacity": null, "fee": null, "parking": null, "tourism": null, "addr:street": null, "operator": null, "access": null, "charge": null, "layer": null, "park_ride": null, "supervised": null, "surface": null, "level": null, "site": null, "type": null, "capacity:disabled": null, "note": null, "operator:type": null, "maxstay": null, "opening_hours": null, "payment:cash": null, "payment:credit_cards": null, "building": null, "area": null, "parking:lane": null, "building:levels": null, "description": null, "payment:debit_cards": null, "covered": null, "addr:city": null, "addr:postcode": null, "addr:streetnumber": null, "addr:district": null, "addr:housenumber": null, "wheelchair": null, "alt_name": null, "bus": null, "depot": null, "name:en": null, "network": null, "public_transport": null, "Floor": null, "payment:upi": null, "payment:upi_qr": null, "building:part": null, "landuse": null }, "geometry": { "type": "Polygon", "coordinates": [ [ [ 72.8276996, 19.0470778 ], [ 72.8277056, 19.0468567 ], [ 72.8279625, 19.0468629 ], [ 72.8279597, 19.0469678 ], [ 72.8275775, 19.0473034 ], [ 72.8275838, 19.047075 ], [ 72.8276996, 19.0470778 ] ] ] } },
{ "type": "Feature", "properties": { "element": "way", "id": 1382534681, "amenity": "parking", "name": null, "source": null, "capacity": null, "fee": null, "parking": "surface", "tourism": null, "addr:street": null, "operator": "BMC Parking", "access": null, "charge": null, "layer": null, "park_ride": null, "supervised": null, "surface": null, "level": null, "site": null, "type": null, "capacity:disabled": null, "note": null, "operator:type": "public", "maxstay": null, "opening_hours": null, "payment:cash": null, "payment:credit_cards": null, "building": null, "area": null, "parking:lane": null, "building:levels": null, "description": null, "payment:debit_cards": null, "covered": null, "addr:city": null, "addr:postcode": null, "addr:streetnumber": null, "addr:district": null, "addr:housenumber": null, "wheelchair": null, "alt_name": null, "bus": null, "depot": null, "name:en": null, "network": null, "public_transport": null, "Floor": null, "payment:upi": null, "payment:upi_qr": null, "building:part": null, "landuse": null }, "geometry": { "type": "Polygon", "coordinates": [ [ [ 72.832234, 18.9255332 ], [ 72.8321786, 18.9255112 ], [ 72.8321213, 18.9254706 ], [ 72.8320898, 18.9254068 ], [ 72.8320684, 18.9253264 ], [ 72.8320824, 18.9252444 ], [ 72.8321249, 18.9251769 ], [ 72.8321722, 18.925122 ], [ 72.8322248, 18.9250958 ], [ 72.8322951, 18.9250955 ], [ 72.8323518, 18.9251358 ], [ 72.8324056, 18.9252018 ], [ 72.8324317, 18.9252927 ], [ 72.8324359, 18.9253681 ], [ 72.8324255, 18.9254164 ], [ 72.8323986, 18.9254745 ], [ 72.8323925, 18.9254472 ], [ 72.8323608, 18.9253942 ], [ 72.8322211, 18.9252031 ], [ 72.8322021, 18.9252091 ], [ 72.832229, 18.9254934 ], [ 72.8322614, 18.9255354 ], [ 72.832234, 18.9255332 ] ] ] } },
{ "type": "Feature", "properties": { "element": "way", "id": 1387806475, "amenity": "parking", "name": "MCGM Pay And Park", "source": null, "capacity": null, "fee": "yes", "parking": null, "tourism": null, "addr:street": null, "operator": null, "access": null, "charge": null, "layer": null, "park_ride": null, "supervised": null, "surface": null, "level": null, "site": null, "type": null, "capacity:disabled": null, "note": null, "operator:type": null, "maxstay": null, "opening_hours": null, "payment:cash": null, "payment:credit_cards": null, "building": null, "area": null, "parking:lane": null, "building:levels": null, "description": null, "payment:debit_cards": null, "covered": null, "addr:city": null, "addr:postcode": null, "addr:streetnumber": null, "addr:district": null, "addr:housenumber": null, "wheelchair": null, "alt_name": null, "bus": null, "depot": null, "name:en": null, "network": null, "public_transport": null, "Floor": null, "payment:upi": null, "payment:upi_qr": null, "building:part": null, "landuse": null }, "geometry": { "type": "Polygon", "coordinates": [ [ [ 72.9371219, 19.1686343 ], [ 72.9369607, 19.168709 ], [ 72.9367146, 19.1681659 ], [ 72.9368712, 19.168105 ], [ 72.9371219, 19.1686343 ] ] ] } },
{ "type": "Feature", "properties": { "element": "way", "id": 1388711554, "amenity": "parking", "name": null, "source": null, "capacity": null, "fee": "no", "parking": "surface", "tourism": null, "addr:street": null, "operator": "Somaiya Vidyavihar", "access": null, "charge": null, "layer": null, "park_ride": null, "supervised": null, "surface": "ground", "level": null, "site": null, "type": null, "capacity:disabled": null, "note": null, "operator:type": "private", "maxstay": null, "opening_hours": null, "payment:cash": null, "payment:credit_cards": null, "building": null, "area": null, "parking:lane": null, "building:levels": null, "description": null, "payment:debit_cards": null, "covered": null, "addr:city": null, "addr:postcode": null, "addr:streetnumber": null, "addr:district": null, "addr:housenumber": null, "wheelchair": null, "alt_name": null, "bus": null, "depot": null, "name:en": null, "network": null, "public_transport": null, "Floor": null, "payment:upi": null, "payment:upi_qr": null, "building:part": null, "landuse": null }, "geometry": { "type": "Polygon", "coordinates": [ [ [ 72.8993884, 19.0758945 ], [ 72.8997498, 19.0757782 ], [ 72.900011, 19.0757982 ], [ 72.9000873, 19.0759146 ], [ 72.9002403, 19.0758318 ], [ 72.9001572, 19.0756678 ], [ 72.9000404, 19.0754748 ], [ 72.8999588, 19.0753667 ], [ 72.8998659, 19.0753419 ], [ 72.8992698, 19.0756675 ], [ 72.8993884, 19.0758945 ] ] ] } },
{ "type": "Feature", "properties": { "element": "way", "id": 1389532178, "amenity": "parking", "name": null, "source": null, "capacity": null, "fee": null, "parking": null, "tourism": null, "addr:street": null, "operator": null, "access": "private", "charge": null, "layer": null, "park_ride": null, "supervised": null, "surface": null, "level": null, "site": null, "type": null, "capacity:disabled": null, "note": null, "operator:type": null, "maxstay": null, "opening_hours": null, "payment:cash": null, "payment:credit_cards": null, "building": null, "area": null, "parking:lane": null, "building:levels": null, "description": null, "payment:debit_cards": null, "covered": null, "addr:city": null, "addr:postcode": null, "addr:streetnumber": null, "addr:district": null, "addr:housenumber": null, "wheelchair": null, "alt_name": null, "bus": null, "depot": null, "name:en": null, "network": null, "public_transport": null, "Floor": null, "payment:upi": null, "payment:upi_qr": null, "building:part": null, "landuse": null }, "geometry": { "type": "Polygon", "coordinates": [ [ [ 72.8532161, 19.2203536 ], [ 72.8532227, 19.2202601 ], [ 72.8531061, 19.2200669 ], [ 72.85298, 19.220087 ], [ 72.8529918, 19.2201216 ], [ 72.8530438, 19.2201126 ], [ 72.8530922, 19.2202248 ], [ 72.853079, 19.2202795 ], [ 72.8532161, 19.2203536 ] ] ] } },
{ "type": "Feature", "properties": { "element": "way", "id": 1390040853, "amenity": "parking", "name": null, "source": null, "capacity": null, "fee": "no", "parking": null, "tourism": null, "addr:street": null, "operator": "Somaiya Vidyavihar", "access": null, "charge": null, "layer": null, "park_ride": null, "supervised": null, "surface": "concrete", "level": null, "site": null, "type": null, "capacity:disabled": null, "note": null, "operator:type": null, "maxstay": null, "opening_hours": null, "payment:cash": null, "payment:credit_cards": null, "building": null, "area": null, "parking:lane": null, "building:levels": null, "description": null, "payment:debit_cards": null, "covered": null, "addr:city": null, "addr:postcode": null, "addr:streetnumber": null, "addr:district": null, "addr:housenumber": null, "wheelchair": null, "alt_name": null, "bus": null, "depot": null, "name:en": null, "network": null, "public_transport": null, "Floor": null, "payment:upi": null, "payment:upi_qr": null, "building:part": null, "landuse": null }, "geometry": { "type": "Polygon", "coordinates": [ [ [ 72.8996535, 19.0723423 ], [ 72.8998218, 19.0724381 ], [ 72.9000297, 19.072443 ], [ 72.9001049, 19.0722653 ], [ 72.8998863, 19.0721741 ], [ 72.8998092, 19.0723117 ], [ 72.8997921, 19.0723324 ], [ 72.8996923, 19.0722822 ], [ 72.8996691, 19.0723139 ], [ 72.8996535, 19.0723423 ] ] ] } },
{ "type": "Feature", "properties": { "element": "way", "id": 1411419304, "amenity": "parking", "name": null, "source": null, "capacity": null, "fee": null, "parking": null, "tourism": null, "addr:street": null, "operator": null, "access": "private", "charge": null, "layer": null, "park_ride": null, "supervised": null, "surface": null, "level": null, "site": null, "type": null, "capacity:disabled": null, "note": null, "operator:type": null, "maxstay": null, "opening_hours": null, "payment:cash": null, "payment:credit_cards": null, "building": null, "area": null, "parking:lane": null, "building:levels": null, "description": null, "payment:debit_cards": null, "covered": null, "addr:city": null, "addr:postcode": null, "addr:streetnumber": null, "addr:district": null, "addr:housenumber": null, "wheelchair": null, "alt_name": null, "bus": null, "depot": null, "name:en": null, "network": null, "public_transport": null, "Floor": null, "payment:upi": null, "payment:upi_qr": null, "building:part": null, "landuse": null }, "geometry": { "type": "Polygon", "coordinates": [ [ [ 72.8755385, 19.0965388 ], [ 72.8756323, 19.0963614 ], [ 72.8757732, 19.0961561 ], [ 72.8758724, 19.0960737 ], [ 72.8759314, 19.0960573 ], [ 72.8759931, 19.0960737 ], [ 72.876032, 19.0961232 ], [ 72.8760454, 19.0961865 ], [ 72.8760213, 19.09626 ], [ 72.8759609, 19.0963221 ], [ 72.8758925, 19.0963614 ], [ 72.8756967, 19.0964438 ], [ 72.8755935, 19.0965034 ], [ 72.8755385, 19.0965388 ] ] ] } },
{ "type": "Feature", "properties": { "element": "way", "id": 1411467114, "amenity": "parking", "name": null, "source": null, "capacity": null, "fee": null, "parking": null, "tourism": null, "addr:street": null, "operator": null, "access": null, "charge": null, "layer": null, "park_ride": null, "supervised": null, "surface": null, "level": null, "site": null, "type": null, "capacity:disabled": null, "note": null, "operator:type": null, "maxstay": null, "opening_hours": null, "payment:cash": null, "payment:credit_cards": null, "building": null, "area": null, "parking:lane": null, "building:levels": null, "description": null, "payment:debit_cards": null, "covered": null, "addr:city": null, "addr:postcode": null, "addr:streetnumber": null, "addr:district": null, "addr:housenumber": null, "wheelchair": null, "alt_name": null, "bus": null, "depot": null, "name:en": null, "network": null, "public_transport": null, "Floor": null, "payment:upi": null, "payment:upi_qr": null, "building:part": null, "landuse": null }, "geometry": { "type": "Polygon", "coordinates": [ [ [ 72.8943374, 19.0906844 ], [ 72.8944373, 19.0907953 ], [ 72.8944105, 19.0910006 ], [ 72.8937909, 19.0907294 ], [ 72.893799, 19.0906593 ], [ 72.8943374, 19.0906844 ] ] ] } },
{ "type": "Feature", "properties": { "element": "way", "id": 1419908752, "amenity": "parking", "name": null, "source": null, "capacity": null, "fee": "yes", "parking": "surface", "tourism": null, "addr:street": null, "operator": null, "access": "customers", "charge": null, "layer": null, "park_ride": null, "supervised": null, "surface": null, "level": null, "site": null, "type": null, "capacity:disabled": null, "note": null, "operator:type": null, "maxstay": null, "opening_hours": null, "payment:cash": null, "payment:credit_cards": null, "building": null, "area": null, "parking:lane": null, "building:levels": null, "description": null, "payment:debit_cards": null, "covered": null, "addr:city": null, "addr:postcode": null, "addr:streetnumber": null, "addr:district": null, "addr:housenumber": null, "wheelchair": null, "alt_name": null, "bus": null, "depot": null, "name:en": null, "network": null, "public_transport": null, "Floor": null, "payment:upi": null, "payment:upi_qr": null, "building:part": null, "landuse": null }, "geometry": { "type": "Polygon", "coordinates": [ [ [ 72.8262491, 19.0054718 ], [ 72.8262589, 19.0049263 ], [ 72.8271741, 19.0049217 ], [ 72.8271972, 19.0054626 ], [ 72.8262491, 19.0054718 ] ] ] } },
{ "type": "Feature", "properties": { "element": "way", "id": 1429909783, "amenity": "parking", "name": null, "source": null, "capacity": null, "fee": "no", "parking": "multi-storey", "tourism": null, "addr:street": null, "operator": null, "access": "private", "charge": null, "layer": null, "park_ride": null, "supervised": null, "surface": null, "level": null, "site": null, "type": null, "capacity:disabled": null, "note": null, "operator:type": null, "maxstay": null, "opening_hours": null, "payment:cash": null, "payment:credit_cards": null, "building": null, "area": null, "parking:lane": null, "building:levels": "3-6", "description": null, "payment:debit_cards": null, "covered": null, "addr:city": null, "addr:postcode": null, "addr:streetnumber": null, "addr:district": null, "addr:housenumber": null, "wheelchair": null, "alt_name": null, "bus": null, "depot": null, "name:en": null, "network": null, "public_transport": null, "Floor": null, "payment:upi": null, "payment:upi_qr": null, "building:part": null, "landuse": null }, "geometry": { "type": "Polygon", "coordinates": [ [ [ 72.830572, 19.0113272 ], [ 72.830629, 19.0111937 ], [ 72.8302864, 19.0110482 ], [ 72.8303303, 19.0108568 ], [ 72.8303938, 19.010676 ], [ 72.8304916, 19.0107066 ], [ 72.8305719, 19.0104775 ], [ 72.8305772, 19.0099268 ], [ 72.8305252, 19.0096905 ], [ 72.8307426, 19.0096967 ], [ 72.8310603, 19.0101282 ], [ 72.8308057, 19.0102658 ], [ 72.8310894, 19.0106785 ], [ 72.8313048, 19.0109918 ], [ 72.8314917, 19.0111337 ], [ 72.8311961, 19.0112202 ], [ 72.8311229, 19.0113826 ], [ 72.8310143, 19.0113388 ], [ 72.8309649, 19.0114472 ], [ 72.830572, 19.0113272 ] ] ] } },
{ "type": "Feature", "properties": { "element": "way", "id": 1431104816, "amenity": "parking", "name": "BMC Pay & Park - Lower Parel", "source": null, "capacity": "300", "fee": "yes", "parking": "multi-storey", "tourism": null, "addr:street": null, "operator": "BMC", "access": "yes", "charge": null, "layer": null, "park_ride": null, "supervised": null, "surface": "concrete", "level": "-4", "site": null, "type": null, "capacity:disabled": null, "note": null, "operator:type": "public", "maxstay": null, "opening_hours": null, "payment:cash": "yes", "payment:credit_cards": null, "building": "yes", "area": null, "parking:lane": null, "building:levels": "3", "description": null, "payment:debit_cards": null, "covered": null, "addr:city": null, "addr:postcode": null, "addr:streetnumber": null, "addr:district": null, "addr:housenumber": null, "wheelchair": null, "alt_name": null, "bus": null, "depot": null, "name:en": null, "network": null, "public_transport": null, "Floor": "-1", "payment:upi": "yes", "payment:upi_qr": "yes", "building:part": null, "landuse": null }, "geometry": { "type": "Polygon", "coordinates": [ [ [ 72.8305222, 19.0045656 ], [ 72.8302417, 19.0046935 ], [ 72.8298677, 19.00395 ], [ 72.8301649, 19.0038158 ], [ 72.8303718, 19.0042499 ], [ 72.8304858, 19.0044891 ], [ 72.8305222, 19.0045656 ] ] ] } },
{ "type": "Feature", "properties": { "element": "way", "id": 1462326615, "amenity": "parking", "name": null, "source": null, "capacity": "250", "fee": null, "parking": "surface", "tourism": null, "addr:street": null, "operator": "DCSEM", "access": "permissive", "charge": null, "layer": null, "park_ride": null, "supervised": null, "surface": "paved", "level": null, "site": null, "type": null, "capacity:disabled": null, "note": null, "operator:type": "government", "maxstay": null, "opening_hours": null, "payment:cash": null, "payment:credit_cards": null, "building": null, "area": null, "parking:lane": null, "building:levels": null, "description": null, "payment:debit_cards": null, "covered": null, "addr:city": null, "addr:postcode": null, "addr:streetnumber": null, "addr:district": null, "addr:housenumber": null, "wheelchair": null, "alt_name": null, "bus": null, "depot": null, "name:en": null, "network": null, "public_transport": null, "Floor": null, "payment:upi": null, "payment:upi_qr": null, "building:part": null, "landuse": null }, "geometry": { "type": "Polygon", "coordinates": [ [ [ 72.9403461, 19.038419 ], [ 72.9406782, 19.0385441 ], [ 72.9412647, 19.037786 ], [ 72.9413997, 19.0374843 ], [ 72.9412102, 19.037342 ], [ 72.9407431, 19.0380068 ], [ 72.9404914, 19.0382889 ], [ 72.9403461, 19.038419 ] ] ] } },
{ "type": "Feature", "properties": { "element": "way", "id": 1463026804, "amenity": "parking", "name": null, "source": null, "capacity": null, "fee": null, "parking": null, "tourism": null, "addr:street": null, "operator": null, "access": null, "charge": null, "layer": null, "park_ride": null, "supervised": null, "surface": null, "level": null, "site": null, "type": null, "capacity:disabled": null, "note": null, "operator:type": null, "maxstay": null, "opening_hours": null, "payment:cash": null, "payment:credit_cards": null, "building": null, "area": null, "parking:lane": null, "building:levels": null, "description": null, "payment:debit_cards": null, "covered": null, "addr:city": null, "addr:postcode": null, "addr:streetnumber": null, "addr:district": null, "addr:housenumber": null, "wheelchair": null, "alt_name": null, "bus": null, "depot": null, "name:en": null, "network": null, "public_transport": null, "Floor": null, "payment:upi": null, "payment:upi_qr": null, "building:part": null, "landuse": null }, "geometry": { "type": "Polygon", "coordinates": [ [ [ 72.8190692, 18.9910212 ], [ 72.8192286, 18.990747 ], [ 72.8195147, 18.9908988 ], [ 72.8194006, 18.9911367 ], [ 72.8190692, 18.9910212 ] ] ] } },
{ "type": "Feature", "properties": { "element": "way", "id": 1505475161, "amenity": "parking", "name": null, "source": null, "capacity": null, "fee": null, "parking": null, "tourism": null, "addr:street": null, "operator": null, "access": null, "charge": null, "layer": null, "park_ride": null, "supervised": null, "surface": null, "level": null, "site": null, "type": null, "capacity:disabled": null, "note": null, "operator:type": null, "maxstay": null, "opening_hours": null, "payment:cash": null, "payment:credit_cards": null, "building": null, "area": null, "parking:lane": null, "building:levels": null, "description": null, "payment:debit_cards": null, "covered": null, "addr:city": null, "addr:postcode": null, "addr:streetnumber": null, "addr:district": null, "addr:housenumber": null, "wheelchair": null, "alt_name": null, "bus": null, "depot": null, "name:en": null, "network": null, "public_transport": null, "Floor": null, "payment:upi": null, "payment:upi_qr": null, "building:part": null, "landuse": null }, "geometry": { "type": "Polygon", "coordinates": [ [ [ 72.9119334, 19.1131936 ], [ 72.9120541, 19.1130129 ], [ 72.9123234, 19.1131735 ], [ 72.9122028, 19.1133542 ], [ 72.9119334, 19.1131936 ] ] ] } },
{ "type": "Feature", "properties": { "element": "way", "id": 1507508170, "amenity": "parking", "name": null, "source": null, "capacity": null, "fee": null, "parking": "multi-storey", "tourism": null, "addr:street": null, "operator": null, "access": null, "charge": null, "layer": null, "park_ride": null, "supervised": null, "surface": null, "level": "0;1", "site": null, "type": null, "capacity:disabled": null, "note": null, "operator:type": null, "maxstay": null, "opening_hours": null, "payment:cash": null, "payment:credit_cards": null, "building": null, "area": null, "parking:lane": null, "building:levels": "3", "description": null, "payment:debit_cards": null, "covered": null, "addr:city": null, "addr:postcode": null, "addr:streetnumber": null, "addr:district": null, "addr:housenumber": null, "wheelchair": null, "alt_name": null, "bus": null, "depot": null, "name:en": null, "network": null, "public_transport": null, "Floor": null, "payment:upi": null, "payment:upi_qr": null, "building:part": "parking", "landuse": null }, "geometry": { "type": "Polygon", "coordinates": [ [ [ 72.8255922, 19.1448331 ], [ 72.8257193, 19.144589 ], [ 72.8259933, 19.1447164 ], [ 72.8258662, 19.1449605 ], [ 72.8255922, 19.1448331 ] ] ] } },
{ "type": "Feature", "properties": { "element": "way", "id": 1521344359, "amenity": "parking", "name": null, "source": null, "capacity": null, "fee": null, "parking": "surface", "tourism": null, "addr:street": null, "operator": null, "access": "private", "charge": null, "layer": null, "park_ride": null, "supervised": null, "surface": null, "level": null, "site": null, "type": null, "capacity:disabled": null, "note": null, "operator:type": null, "maxstay": null, "opening_hours": null, "payment:cash": null, "payment:credit_cards": null, "building": null, "area": null, "parking:lane": null, "building:levels": null, "description": null, "payment:debit_cards": null, "covered": null, "addr:city": null, "addr:postcode": null, "addr:streetnumber": null, "addr:district": null, "addr:housenumber": null, "wheelchair": null, "alt_name": null, "bus": null, "depot": null, "name:en": null, "network": null, "public_transport": null, "Floor": null, "payment:upi": null, "payment:upi_qr": null, "building:part": null, "landuse": null }, "geometry": { "type": "Polygon", "coordinates": [ [ [ 72.9149456, 19.1332534 ], [ 72.91528, 19.1332799 ], [ 72.9152925, 19.1331758 ], [ 72.9151979, 19.1331657 ], [ 72.9152011, 19.1331313 ], [ 72.9149605, 19.1331091 ], [ 72.9149456, 19.1332534 ] ] ] } },
{ "type": "Feature", "properties": { "element": "way", "id": 1523993876, "amenity": "parking", "name": null, "source": null, "capacity": null, "fee": null, "parking": "street_side", "tourism": null, "addr:street": null, "operator": null, "access": null, "charge": null, "layer": null, "park_ride": null, "supervised": null, "surface": null, "level": null, "site": null, "type": null, "capacity:disabled": null, "note": null, "operator:type": null, "maxstay": null, "opening_hours": null, "payment:cash": null, "payment:credit_cards": null, "building": null, "area": null, "parking:lane": null, "building:levels": null, "description": null, "payment:debit_cards": null, "covered": null, "addr:city": null, "addr:postcode": null, "addr:streetnumber": null, "addr:district": null, "addr:housenumber": null, "wheelchair": null, "alt_name": null, "bus": null, "depot": null, "name:en": null, "network": null, "public_transport": null, "Floor": null, "payment:upi": null, "payment:upi_qr": null, "building:part": null, "landuse": null }, "geometry": { "type": "Polygon", "coordinates": [ [ [ 72.8292749, 19.0039204 ], [ 72.8294389, 19.0038534 ], [ 72.8294636, 19.0039045 ], [ 72.8293016, 19.0039821 ], [ 72.8292749, 19.0039204 ] ] ] } },
{ "type": "Feature", "properties": { "element": "way", "id": 1524526830, "amenity": "parking", "name": null, "source": null, "capacity": null, "fee": null, "parking": "surface", "tourism": null, "addr:street": null, "operator": null, "access": null, "charge": null, "layer": null, "park_ride": null, "supervised": null, "surface": null, "level": null, "site": null, "type": null, "capacity:disabled": null, "note": null, "operator:type": null, "maxstay": null, "opening_hours": null, "payment:cash": null, "payment:credit_cards": null, "building": null, "area": null, "parking:lane": null, "building:levels": null, "description": null, "payment:debit_cards": null, "covered": null, "addr:city": null, "addr:postcode": null, "addr:streetnumber": null, "addr:district": null, "addr:housenumber": null, "wheelchair": null, "alt_name": null, "bus": null, "depot": null, "name:en": null, "network": null, "public_transport": null, "Floor": null, "payment:upi": null, "payment:upi_qr": null, "building:part": null, "landuse": null }, "geometry": { "type": "Polygon", "coordinates": [ [ [ 72.9168249, 19.1296568 ], [ 72.9161919, 19.1299714 ], [ 72.9160309, 19.1299645 ], [ 72.9160455, 19.1295808 ], [ 72.9168285, 19.1296101 ], [ 72.9168249, 19.1296568 ] ] ] } },
{ "type": "Feature", "properties": { "element": "way", "id": 1525017455, "amenity": "parking", "name": null, "source": null, "capacity": null, "fee": null, "parking": "surface", "tourism": null, "addr:street": null, "operator": null, "access": null, "charge": null, "layer": null, "park_ride": null, "supervised": null, "surface": null, "level": null, "site": null, "type": null, "capacity:disabled": null, "note": null, "operator:type": null, "maxstay": null, "opening_hours": null, "payment:cash": null, "payment:credit_cards": null, "building": null, "area": null, "parking:lane": null, "building:levels": null, "description": null, "payment:debit_cards": null, "covered": null, "addr:city": null, "addr:postcode": null, "addr:streetnumber": null, "addr:district": null, "addr:housenumber": null, "wheelchair": null, "alt_name": null, "bus": null, "depot": null, "name:en": null, "network": null, "public_transport": null, "Floor": null, "payment:upi": null, "payment:upi_qr": null, "building:part": null, "landuse": null }, "geometry": { "type": "Polygon", "coordinates": [ [ [ 72.9190428, 19.1283417 ], [ 72.9190749, 19.128128 ], [ 72.9188669, 19.1278382 ], [ 72.9188515, 19.1278212 ], [ 72.9187987, 19.128299 ], [ 72.9188283, 19.1283042 ], [ 72.9190428, 19.1283417 ] ] ] } },
{ "type": "Feature", "properties": { "element": "way", "id": 1525133956, "amenity": "parking", "name": null, "source": null, "capacity": null, "fee": null, "parking": "surface", "tourism": null, "addr:street": null, "operator": null, "access": "permit", "charge": null, "layer": null, "park_ride": null, "supervised": null, "surface": null, "level": null, "site": null, "type": null, "capacity:disabled": null, "note": null, "operator:type": null, "maxstay": null, "opening_hours": null, "payment:cash": null, "payment:credit_cards": null, "building": null, "area": null, "parking:lane": null, "building:levels": null, "description": null, "payment:debit_cards": null, "covered": null, "addr:city": null, "addr:postcode": null, "addr:streetnumber": null, "addr:district": null, "addr:housenumber": null, "wheelchair": null, "alt_name": null, "bus": null, "depot": null, "name:en": null, "network": null, "public_transport": null, "Floor": null, "payment:upi": null, "payment:upi_qr": null, "building:part": null, "landuse": "garages" }, "geometry": { "type": "Polygon", "coordinates": [ [ [ 72.9192575, 19.1298151 ], [ 72.9192311, 19.1300963 ], [ 72.9190231, 19.1300788 ], [ 72.9190495, 19.1297977 ], [ 72.9192575, 19.1298151 ] ] ] } },
{ "type": "Feature", "properties": { "element": "way", "id": 1526167378, "amenity": "parking", "name": null, "source": null, "capacity": null, "fee": "yes", "parking": "surface", "tourism": null, "addr:street": null, "operator": null, "access": "customers", "charge": null, "layer": null, "park_ride": null, "supervised": null, "surface": null, "level": null, "site": null, "type": null, "capacity:disabled": null, "note": null, "operator:type": null, "maxstay": null, "opening_hours": null, "payment:cash": "yes", "payment:credit_cards": null, "building": null, "area": null, "parking:lane": null, "building:levels": null, "description": null, "payment:debit_cards": null, "covered": null, "addr:city": null, "addr:postcode": null, "addr:streetnumber": null, "addr:district": null, "addr:housenumber": null, "wheelchair": null, "alt_name": null, "bus": null, "depot": null, "name:en": null, "network": null, "public_transport": null, "Floor": null, "payment:upi": "yes", "payment:upi_qr": null, "building:part": null, "landuse": null }, "geometry": { "type": "Polygon", "coordinates": [ [ [ 72.8389544, 19.0605944 ], [ 72.8390242, 19.0606008 ], [ 72.8389777, 19.0611625 ], [ 72.8389612, 19.0611625 ], [ 72.8387983, 19.0611625 ], [ 72.8388325, 19.0608273 ], [ 72.8389407, 19.060751 ], [ 72.8389544, 19.0605944 ] ] ] } },
{ "type": "Feature", "properties": { "element": "way", "id": 1532386558, "amenity": "parking", "name": null, "source": null, "capacity": null, "fee": "no", "parking": "surface", "tourism": null, "addr:street": null, "operator": "D-Mart", "access": "customers", "charge": null, "layer": null, "park_ride": null, "supervised": null, "surface": null, "level": null, "site": null, "type": null, "capacity:disabled": null, "note": null, "operator:type": null, "maxstay": null, "opening_hours": null, "payment:cash": null, "payment:credit_cards": null, "building": null, "area": null, "parking:lane": null, "building:levels": null, "description": null, "payment:debit_cards": null, "covered": null, "addr:city": null, "addr:postcode": null, "addr:streetnumber": null, "addr:district": null, "addr:housenumber": null, "wheelchair": null, "alt_name": null, "bus": null, "depot": null, "name:en": null, "network": null, "public_transport": null, "Floor": null, "payment:upi": null, "payment:upi_qr": null, "building:part": null, "landuse": null }, "geometry": { "type": "Polygon", "coordinates": [ [ [ 72.8106681, 19.136526 ], [ 72.8105833, 19.1364771 ], [ 72.8104918, 19.1366185 ], [ 72.8105765, 19.1366674 ], [ 72.8106681, 19.136526 ] ] ] } }
]
}
