{
"type": "FeatureCollection",
"name": "banks",
"crs": { "type": "name", "properties": { "name": "urn:ogc:def:crs:OGC:1.3:CRS84" } },
"features": [
{ "type": "Feature", "properties": { "element": "node", "id": 459663557, "amenity": "bank", "atm": "yes", "brand": "Bank of India", "brand:wikidata": "Q2004439", "name": "Bank of India", "operator": "Bank of India", "brand:wikipedia": null, "short_name": null, "website": null, "name:en": null, "old_name": null, "addr:housename": null, "addr:postcode": null, "addr:street": null, "alt_name": null, "source": null, "building": null, "addr:housenumber": null, "wikidata": null, "wikipedia": null, "level": null, "branch": null, "check_date": null, "addr:city": null, "wikimedia_commons": null, "brand:en": null, "brand:hi": null, "brand:kn": null, "brand:pa": null, "brand:pnb": null, "brand:ur": null, "brand:wikipedia:pa": null, "name:hi": null, "name:kn": null, "name:pa": null, "name:pnb": null, "name:ur": null, "addr:suburb": null, "note": null, "phone": null, "addr:unit": null, "addr:district": null, "opening_hours": null, "email": null, "fax": null, "addr:city:ur": null, "contact:fax": null, "operator:ur": null, "short_name:ur": null, "description": null, "fixme": null, "check_date:opening_hours": null, "drive_through": null, "highway": null, "traffic_signals": null, "traffic_signals:direction": null, "name:zh": null, "air_conditioning": null, "wheelchair": null, "contact:phone": null, "not:brand:wikidata": null, "opening_hours:covid19": null, "name:mr": null, "internet_access": null, "internet_access:fee": null, "payment:cash": null, "payment:credit_cards": null, "payment:debit_cards": null, "opening_hours:signed": null, "official_name": null, "bank": null, "contact:email": null, "opening_hours:drive_through": null, "addr:floor": null, "building:levels": null }, "geometry": { "type": "Point", "coordinates": [ 72.7980122, 18.9545114 ] } },
{ "type": "Feature", "properties": { "element": "node", "id": 632349479, "amenity": "bank", "atm": null, "brand": null, "brand:wikidata": null, "name": "Central Bank", "operator": null, "brand:wikipedia": null, "short_name": null, "website": null, "name:en": null, "old_name": null, "addr:housename": null, "addr:postcode": null, "addr:street": null, "alt_name": null, "source": null, "building": null, "addr:housenumber": null, "wikidata": null, "wikipedia": null, "level": null, "branch": null, "check_date": null, "addr:city": null, "wikimedia_commons": null, "brand:en": null, "brand:hi": null, "brand:kn": null, "brand:pa": null, "brand:pnb": null, "brand:ur": null, "brand:wikipedia:pa": null, "name:hi": null, "name:kn": null, "name:pa": null, "name:pnb": null, "name:ur": null, "addr:suburb": null, "note": null, "phone": null, "addr:unit": null, "addr:district": null, "opening_hours": null, "email": null, "fax": null, "addr:city:ur": null, "contact:fax": null, "operator:ur": null, "short_name:ur": null, "description": null, "fixme": null, "check_date:opening_hours": null, "drive_through": null, "highway": null, "traffic_signals": null, "traffic_signals:direction": null, "name:zh": null, "air_conditioning": null, "wheelchair": null, "contact:phone": null, "not:brand:wikidata": null, "opening_hours:covid19": null, "name:mr": null, "internet_access": null, "internet_access:fee": null, "payment:cash": null, "payment:credit_cards": null, "payment:debit_cards": null, "opening_hours:signed": null, "official_name": null, "bank": null, "contact:email": null, "opening_hours:drive_through": null, "addr:floor": null, "building:levels": null }, "geometry": { "type": "Point", "coordinates": [ 72.9319048, 19.042572 ] } },
{ "type": "Feature", "properties": { "element": "node", "id": 984980710, "amenity": "bank", "atm": "yes", "brand": "HDFC Bank", "brand:wikidata": "Q631047", "name": "HDFC Bank", "operator": null, "brand:wikipedia": "en:HDFC Bank", "short_name": "HDFC", "website": "https://www.hdfcbank.com", "name:en": null, "old_name": null, "addr:housename": null, "addr:postcode": null, "addr:street": null, "alt_name": null, "source": null, "building": null, "addr:housenumber": null, "wikidata": null, "wikipedia": null, "level": null, "branch": null, "check_date": null, "addr:city": null, "wikimedia_commons": null, "brand:en": null, "brand:hi": null, "brand:kn": null, "brand:pa": null, "brand:pnb": null, "brand:ur": null, "brand:wikipedia:pa": null, "name:hi": null, "name:kn": null, "name:pa": null, "name:pnb": null, "name:ur": null, "addr:suburb": null, "note": null, "phone": null, "addr:unit": null, "addr:district": null, "opening_hours": null, "email": null, "fax": null, "addr:city:ur": null, "contact:fax": null, "operator:ur": null, "short_name:ur": null, "description": null, "fixme": null, "check_date:opening_hours": null, "drive_through": null, "highway": null, "traffic_signals": null, "traffic_signals:direction": null, "name:zh": null, "air_conditioning": null, "wheelchair": null, "contact:phone": null, "not:brand:wikidata": null, "opening_hours:covid19": null, "name:mr": null, "internet_access": null, "internet_access:fee": null, "payment:cash": null, "payment:credit_cards": null, "payment:debit_cards": null, "opening_hours:signed": null, "official_name": null, "bank": null, "contact:email": null, "opening_hours:drive_through": null, "addr:floor": null, "building:levels": null }, "geometry": { "type": "Point", "coordinates": [ 72.8505568, 19.1653161 ] } },
{ "type": "Feature", "properties": { "element": "node", "id": 1157166467, "amenity": "bank", "atm": "yes", "brand": null, "brand:wikidata": null, "name": "The Saraswat Bank", "operator": null, "brand:wikipedia": null, "short_name": null, "website": null, "name:en": null, "old_name": null, "addr:housename": null, "addr:postcode": null, "addr:street": null, "alt_name": null, "source": null, "building": null, "addr:housenumber": null, "wikidata": null, "wikipedia": null, "level": null, "branch": null, "check_date": null, "addr:city": null, "wikimedia_commons": null, "brand:en": null, "brand:hi": null, "brand:kn": null, "brand:pa": null, "brand:pnb": null, "brand:ur": null, "brand:wikipedia:pa": null, "name:hi": null, "name:kn": null, "name:pa": null, "name:pnb": null, "name:ur": null, "addr:suburb": null, "note": null, "phone": null, "addr:unit": null, "addr:district": null, "opening_hours": null, "email": null, "fax": null, "addr:city:ur": null, "contact:fax": null, "operator:ur": null, "short_name:ur": null, "description": null, "fixme": null, "check_date:opening_hours": null, "drive_through": null, "highway": null, "traffic_signals": null, "traffic_signals:direction": null, "name:zh": null, "air_conditioning": null, "wheelchair": null, "contact:phone": null, "not:brand:wikidata": null, "opening_hours:covid19": null, "name:mr": null, "internet_access": null, "internet_access:fee": null, "payment:cash": null, "payment:credit_cards": null, "payment:debit_cards": null, "opening_hours:signed": null, "official_name": null, "bank": null, "contact:email": null, "opening_hours:drive_through": null, "addr:floor": null, "building:levels": null }, "geometry": { "type": "Point", "coordinates": [ 72.8511801, 19.1668344 ] } },
{ "type": "Feature", "properties": { "element": "node", "id": 1157169624, "amenity": "bank", "atm": "yes", "brand": "State Bank of India", "brand:wikidata": "Q1340361", "name": "State Bank of India", "operator": null, "brand:wikipedia": "en:State Bank of India", "short_name": "SBI", "website": "https://www.sbi.co.in", "name:en": null, "old_name": null, "addr:housename": null, "addr:postcode": null, "addr:street": null, "alt_name": null, "source": null, "building": null, "addr:housenumber": null, "wikidata": null, "wikipedia": null, "level": null, "branch": null, "check_date": null, "addr:city": null, "wikimedia_commons": null, "brand:en": null, "brand:hi": null, "brand:kn": null, "brand:pa": null, "brand:pnb": null, "brand:ur": null, "brand:wikipedia:pa": null, "name:hi": null, "name:kn": null, "name:pa": null, "name:pnb": null, "name:ur": null, "addr:suburb": null, "note": null, "phone": null, "addr:unit": null, "addr:district": null, "opening_hours": null, "email": null, "fax": null, "addr:city:ur": null, "contact:fax": null, "operator:ur": null, "short_name:ur": null, "description": null, "fixme": null, "check_date:opening_hours": null, "drive_through": null, "highway": null, "traffic_signals": null, "traffic_signals:direction": null, "name:zh": null, "air_conditioning": null, "wheelchair": null, "contact:phone": null, "not:brand:wikidata": null, "opening_hours:covid19": null, "name:mr": null, "internet_access": null, "internet_access:fee": null, "payment:cash": null, "payment:credit_cards": null, "payment:debit_cards": null, "opening_hours:signed": null, "official_name": null, "bank": null, "contact:email": null, "opening_hours:drive_through": null, "addr:floor": null, "building:levels": null }, "geometry": { "type": "Point", "coordinates": [ 72.8527984, 19.1636394 ] } },
{ "type": "Feature", "properties": { "element": "node", "id": 1157169630, "amenity": "bank", "atm": "yes", "brand": "IDBI Bank", "brand:wikidata": "Q3633485", "name": "IDBI Bank", "operator": null, "brand:wikipedia": "en:IDBI Bank", "short_name": "IDBI", "website": "https://www.idbi.com", "name:en": "IDBI Bank", "old_name": "Industrial Development Bank of India", "addr:housename": null, "addr:postcode": null, "addr:street": null, "alt_name": null, "source": null, "building": null, "addr:housenumber": null, "wikidata": null, "wikipedia": null, "level": null, "branch": null, "check_date": null, "addr:city": null, "wikimedia_commons": null, "brand:en": null, "brand:hi": null, "brand:kn": null, "brand:pa": null, "brand:pnb": null, "brand:ur": null, "brand:wikipedia:pa": null, "name:hi": null, "name:kn": null, "name:pa": null, "name:pnb": null, "name:ur": null, "addr:suburb": null, "note": null, "phone": null, "addr:unit": null, "addr:district": null, "opening_hours": null, "email": null, "fax": null, "addr:city:ur": null, "contact:fax": null, "operator:ur": null, "short_name:ur": null, "description": null, "fixme": null, "check_date:opening_hours": null, "drive_through": null, "highway": null, "traffic_signals": null, "traffic_signals:direction": null, "name:zh": null, "air_conditioning": null, "wheelchair": null, "contact:phone": null, "not:brand:wikidata": null, "opening_hours:covid19": null, "name:mr": null, "internet_access": null, "internet_access:fee": null, "payment:cash": null, "payment:credit_cards": null, "payment:debit_cards": null, "opening_hours:signed": null, "official_name": null, "bank": null, "contact:email": null, "opening_hours:drive_through": null, "addr:floor": null, "building:levels": null }, "geometry": { "type": "Point", "coordinates": [ 72.8527627, 19.1640284 ] } },
{ "type": "Feature", "properties": { "element": "node", "id": 1160824876, "amenity": "bank", "atm": "yes", "brand": "Bank of Baroda", "brand:wikidata": "Q2003797", "name": "Bank of Baroda", "operator": null, "brand:wikipedia": "en:Bank of Baroda", "short_name": "BoB", "website": "http://www.bankofbaroda.com", "name:en": "Bank of Baroda", "old_name": null, "addr:housename": null, "addr:postcode": null, "addr:street": null, "alt_name": null, "source": null, "building": null, "addr:housenumber": null, "wikidata": null, "wikipedia": null, "level": null, "branch": null, "check_date": null, "addr:city": null, "wikimedia_commons": null, "brand:en": null, "brand:hi": null, "brand:kn": null, "brand:pa": null, "brand:pnb": null, "brand:ur": null, "brand:wikipedia:pa": null, "name:hi": null, "name:kn": null, "name:pa": null, "name:pnb": null, "name:ur": null, "addr:suburb": null, "note": null, "phone": null, "addr:unit": null, "addr:district": null, "opening_hours": null, "email": null, "fax": null, "addr:city:ur": null, "contact:fax": null, "operator:ur": null, "short_name:ur": null, "description": null, "fixme": null, "check_date:opening_hours": null, "drive_through": null, "highway": null, "traffic_signals": null, "traffic_signals:direction": null, "name:zh": null, "air_conditioning": null, "wheelchair": null, "contact:phone": null, "not:brand:wikidata": null, "opening_hours:covid19": null, "name:mr": null, "internet_access": null, "internet_access:fee": null, "payment:cash": null, "payment:credit_cards": null, "payment:debit_cards": null, "opening_hours:signed": null, "official_name": null, "bank": null, "contact:email": null, "opening_hours:drive_through": null, "addr:floor": null, "building:levels": null }, "geometry": { "type": "Point", "coordinates": [ 72.8532876, 19.1644308 ] } },
{ "type": "Feature", "properties": { "element": "node", "id": 1169398226, "amenity": "bank", "atm": "yes", "brand": "Axis Bank", "brand:wikidata": "Q2003549", "name": "Axis Bank", "operator": null, "brand:wikipedia": "en:Axis Bank", "short_name": null, "website": "https://www.axisbank.com", "name:en": "Axis Bank", "old_name": null, "addr:housename": null, "addr:postcode": null, "addr:street": null, "alt_name": null, "source": null, "building": null, "addr:housenumber": null, "wikidata": null, "wikipedia": null, "level": null, "branch": null, "check_date": null, "addr:city": null, "wikimedia_commons": null, "brand:en": null, "brand:hi": null, "brand:kn": null, "brand:pa": null, "brand:pnb": null, "brand:ur": null, "brand:wikipedia:pa": null, "name:hi": null, "name:kn": null, "name:pa": null, "name:pnb": null, "name:ur": null, "addr:suburb": null, "note": null, "phone": null, "addr:unit": null, "addr:district": null, "opening_hours": null, "email": null, "fax": null, "addr:city:ur": null, "contact:fax": null, "operator:ur": null, "short_name:ur": null, "description": null, "fixme": null, "check_date:opening_hours": null, "drive_through": null, "highway": null, "traffic_signals": null, "traffic_signals:direction": null, "name:zh": null, "air_conditioning": null, "wheelchair": null, "contact:phone": null, "not:brand:wikidata": null, "opening_hours:covid19": null, "name:mr": null, "internet_access": null, "internet_access:fee": null, "payment:cash": null, "payment:credit_cards": null, "payment:debit_cards": null, "opening_hours:signed": null, "official_name": null, "bank": null, "contact:email": null, "opening_hours:drive_through": null, "addr:floor": null, "building:levels": null }, "geometry": { "type": "Point", "coordinates": [ 72.8512763, 19.1632134 ] } },
{ "type": "Feature", "properties": { "element": "node", "id": 1345329167, "amenity": "bank", "atm": null, "brand": null, "brand:wikidata": null, "name": "HDFC Bank Sahar Road", "operator": "HDFC", "brand:wikipedia": null, "short_name": null, "website": null, "name:en": null, "old_name": null, "addr:housename": null, "addr:postcode": null, "addr:street": null, "alt_name": null, "source": null, "building": null, "addr:housenumber": null, "wikidata": null, "wikipedia": null, "level": null, "branch": null, "check_date": null, "addr:city": null, "wikimedia_commons": null, "brand:en": null, "brand:hi": null, "brand:kn": null, "brand:pa": null, "brand:pnb": null, "brand:ur": null, "brand:wikipedia:pa": null, "name:hi": null, "name:kn": null, "name:pa": null, "name:pnb": null, "name:ur": null, "addr:suburb": null, "note": null, "phone": null, "addr:unit": null, "addr:district": null, "opening_hours": null, "email": null, "fax": null, "addr:city:ur": null, "contact:fax": null, "operator:ur": null, "short_name:ur": null, "description": null, "fixme": null, "check_date:opening_hours": null, "drive_through": null, "highway": null, "traffic_signals": null, "traffic_signals:direction": null, "name:zh": null, "air_conditioning": null, "wheelchair": null, "contact:phone": null, "not:brand:wikidata": null, "opening_hours:covid19": null, "name:mr": null, "internet_access": null, "internet_access:fee": null, "payment:cash": null, "payment:credit_cards": null, "payment:debit_cards": null, "opening_hours:signed": null, "official_name": null, "bank": null, "contact:email": null, "opening_hours:drive_through": null, "addr:floor": null, "building:levels": null }, "geometry": { "type": "Point", "coordinates": [ 72.8529733, 19.1092917 ] } },
{ "type": "Feature", "properties": { "element": "node", "id": 1351234040, "amenity": "bank", "atm": null, "brand": null, "brand:wikidata": null, "name": "sngc bank", "operator": null, "brand:wikipedia": null, "short_name": null, "website": null, "name:en": null, "old_name": null, "addr:housename": null, "addr:postcode": null, "addr:street": null, "alt_name": null, "source": null, "building": null, "addr:housenumber": null, "wikidata": null, "wikipedia": null, "level": null, "branch": null, "check_date": null, "addr:city": null, "wikimedia_commons": null, "brand:en": null, "brand:hi": null, "brand:kn": null, "brand:pa": null, "brand:pnb": null, "brand:ur": null, "brand:wikipedia:pa": null, "name:hi": null, "name:kn": null, "name:pa": null, "name:pnb": null, "name:ur": null, "addr:suburb": null, "note": null, "phone": null, "addr:unit": null, "addr:district": null, "opening_hours": null, "email": null, "fax": null, "addr:city:ur": null, "contact:fax": null, "operator:ur": null, "short_name:ur": null, "description": null, "fixme": null, "check_date:opening_hours": null, "drive_through": null, "highway": null, "traffic_signals": null, "traffic_signals:direction": null, "name:zh": null, "air_conditioning": null, "wheelchair": null, "contact:phone": null, "not:brand:wikidata": null, "opening_hours:covid19": null, "name:mr": null, "internet_access": null, "internet_access:fee": null, "payment:cash": null, "payment:credit_cards": null, "payment:debit_cards": null, "opening_hours:signed": null, "official_name": null, "bank": null, "contact:email": null, "opening_hours:drive_through": null, "addr:floor": null, "building:levels": null }, "geometry": { "type": "Point", "coordinates": [ 72.9072261, 19.0615199 ] } },
{ "type": "Feature", "properties": { "element": "node", "id": 1360134313, "amenity": "bank", "atm": "yes", "brand": "Bank of Maharashtra", "brand:wikidata": "Q2004304", "name": "Bank of Maharashtra", "operator": null, "brand:wikipedia": "en:Bank of Maharashtra", "short_name": null, "website": "https://www.bankofmaharashtra.in/", "name:en": "Bank of Maharashtra", "old_name": null, "addr:housename": null, "addr:postcode": null, "addr:street": null, "alt_name": null, "source": null, "building": null, "addr:housenumber": null, "wikidata": null, "wikipedia": null, "level": null, "branch": null, "check_date": null, "addr:city": null, "wikimedia_commons": null, "brand:en": null, "brand:hi": null, "brand:kn": null, "brand:pa": null, "brand:pnb": null, "brand:ur": null, "brand:wikipedia:pa": null, "name:hi": null, "name:kn": null, "name:pa": null, "name:pnb": null, "name:ur": null, "addr:suburb": null, "note": null, "phone": null, "addr:unit": null, "addr:district": null, "opening_hours": null, "email": null, "fax": null, "addr:city:ur": null, "contact:fax": null, "operator:ur": null, "short_name:ur": null, "description": null, "fixme": null, "check_date:opening_hours": null, "drive_through": null, "highway": null, "traffic_signals": null, "traffic_signals:direction": null, "name:zh": null, "air_conditioning": null, "wheelchair": null, "contact:phone": null, "not:brand:wikidata": null, "opening_hours:covid19": null, "name:mr": null, "internet_access": null, "internet_access:fee": null, "payment:cash": null, "payment:credit_cards": null, "payment:debit_cards": null, "opening_hours:signed": null, "official_name": null, "bank": null, "contact:email": null, "opening_hours:drive_through": null, "addr:floor": null, "building:levels": null }, "geometry": { "type": "Point", "coordinates": [ 72.8468381, 19.1665882 ] } },
{ "type": "Feature", "properties": { "element": "node", "id": 1366956273, "amenity": "bank", "atm": null, "brand": null, "brand:wikidata": null, "name": "kokan bank", "operator": null, "brand:wikipedia": null, "short_name": null, "website": null, "name:en": null, "old_name": null, "addr:housename": null, "addr:postcode": null, "addr:street": null, "alt_name": null, "source": null, "building": null, "addr:housenumber": null, "wikidata": null, "wikipedia": null, "level": null, "branch": null, "check_date": null, "addr:city": null, "wikimedia_commons": null, "brand:en": null, "brand:hi": null, "brand:kn": null, "brand:pa": null, "brand:pnb": null, "brand:ur": null, "brand:wikipedia:pa": null, "name:hi": null, "name:kn": null, "name:pa": null, "name:pnb": null, "name:ur": null, "addr:suburb": null, "note": null, "phone": null, "addr:unit": null, "addr:district": null, "opening_hours": null, "email": null, "fax": null, "addr:city:ur": null, "contact:fax": null, "operator:ur": null, "short_name:ur": null, "description": null, "fixme": null, "check_date:opening_hours": null, "drive_through": null, "highway": null, "traffic_signals": null, "traffic_signals:direction": null, "name:zh": null, "air_conditioning": null, "wheelchair": null, "contact:phone": null, "not:brand:wikidata": null, "opening_hours:covid19": null, "name:mr": null, "internet_access": null, "internet_access:fee": null, "payment:cash": null, "payment:credit_cards": null, "payment:debit_cards": null, "opening_hours:signed": null, "official_name": null, "bank": null, "contact:email": null, "opening_hours:drive_through": null, "addr:floor": null, "building:levels": null }, "geometry": { "type": "Point", "coordinates": [ 72.920407, 19.0666595 ] } },
{ "type": "Feature", "properties": { "element": "node", "id": 1398701316, "amenity": "bank", "atm": "yes", "brand": null, "brand:wikidata": null, "name": "ICICI", "operator": null, "brand:wikipedia": null, "short_name": null, "website": null, "name:en": null, "old_name": null, "addr:housename": null, "addr:postcode": null, "addr:street": null, "alt_name": null, "source": null, "building": null, "addr:housenumber": null, "wikidata": null, "wikipedia": null, "level": null, "branch": null, "check_date": null, "addr:city": null, "wikimedia_commons": null, "brand:en": null, "brand:hi": null, "brand:kn": null, "brand:pa": null, "brand:pnb": null, "brand:ur": null, "brand:wikipedia:pa": null, "name:hi": null, "name:kn": null, "name:pa": null, "name:pnb": null, "name:ur": null, "addr:suburb": null, "note": null, "phone": null, "addr:unit": null, "addr:district": null, "opening_hours": null, "email": null, "fax": null, "addr:city:ur": null, "contact:fax": null, "operator:ur": null, "short_name:ur": null, "description": null, "fixme": null, "check_date:opening_hours": null, "drive_through": null, "highway": null, "traffic_signals": null, "traffic_signals:direction": null, "name:zh": null, "air_conditioning": null, "wheelchair": null, "contact:phone": null, "not:brand:wikidata": null, "opening_hours:covid19": null, "name:mr": null, "internet_access": null, "internet_access:fee": null, "payment:cash": null, "payment:credit_cards": null, "payment:debit_cards": null, "opening_hours:signed": null, "official_name": null, "bank": null, "contact:email": null, "opening_hours:drive_through": null, "addr:floor": null, "building:levels": null }, "geometry": { "type": "Point", "coordinates": [ 72.8985383, 19.0603483 ] } },
{ "type": "Feature", "properties": { "element": "node", "id": 1416471635, "amenity": "bank", "atm": "yes", "brand": null, "brand:wikidata": null, "name": "New India Cop Bank", "operator": null, "brand:wikipedia": null, "short_name": null, "website": null, "name:en": null, "old_name": null, "addr:housename": "Charkop Shivam Cop.Hsg.Soc", "addr:postcode": "400067", "addr:street": null, "alt_name": null, "source": null, "building": null, "addr:housenumber": null, "wikidata": null, "wikipedia": null, "level": null, "branch": null, "check_date": null, "addr:city": null, "wikimedia_commons": null, "brand:en": null, "brand:hi": null, "brand:kn": null, "brand:pa": null, "brand:pnb": null, "brand:ur": null, "brand:wikipedia:pa": null, "name:hi": null, "name:kn": null, "name:pa": null, "name:pnb": null, "name:ur": null, "addr:suburb": null, "note": null, "phone": null, "addr:unit": null, "addr:district": null, "opening_hours": null, "email": null, "fax": null, "addr:city:ur": null, "contact:fax": null, "operator:ur": null, "short_name:ur": null, "description": null, "fixme": null, "check_date:opening_hours": null, "drive_through": null, "highway": null, "traffic_signals": null, "traffic_signals:direction": null, "name:zh": null, "air_conditioning": null, "wheelchair": null, "contact:phone": null, "not:brand:wikidata": null, "opening_hours:covid19": null, "name:mr": null, "internet_access": null, "internet_access:fee": null, "payment:cash": null, "payment:credit_cards": null, "payment:debit_cards": null, "opening_hours:signed": null, "official_name": null, "bank": null, "contact:email": null, "opening_hours:drive_through": null, "addr:floor": null, "building:levels": null }, "geometry": { "type": "Point", "coordinates": [ 72.8205614, 19.2094472 ] } },
{ "type": "Feature", "properties": { "element": "node", "id": 1416514165, "amenity": "bank", "atm": "yes", "brand": "Axis Bank", "brand:wikidata": "Q2003549", "name": "Axis Bank", "operator": null, "brand:wikipedia": "en:Axis Bank", "short_name": null, "website": "https://www.axisbank.com", "name:en": "Axis Bank", "old_name": null, "addr:housename": null, "addr:postcode": null, "addr:street": null, "alt_name": null, "source": null, "building": null, "addr:housenumber": null, "wikidata": null, "wikipedia": null, "level": null, "branch": null, "check_date": null, "addr:city": null, "wikimedia_commons": null, "brand:en": null, "brand:hi": null, "brand:kn": null, "brand:pa": null, "brand:pnb": null, "brand:ur": null, "brand:wikipedia:pa": null, "name:hi": null, "name:kn": null, "name:pa": null, "name:pnb": null, "name:ur": null, "addr:suburb": null, "note": null, "phone": null, "addr:unit": null, "addr:district": null, "opening_hours": null, "email": null, "fax": null, "addr:city:ur": null, "contact:fax": null, "operator:ur": null, "short_name:ur": null, "description": null, "fixme": null, "check_date:opening_hours": null, "drive_through": null, "highway": null, "traffic_signals": null, "traffic_signals:direction": null, "name:zh": null, "air_conditioning": null, "wheelchair": null, "contact:phone": null, "not:brand:wikidata": null, "opening_hours:covid19": null, "name:mr": null, "internet_access": null, "internet_access:fee": null, "payment:cash": null, "payment:credit_cards": null, "payment:debit_cards": null, "opening_hours:signed": null, "official_name": null, "bank": null, "contact:email": null, "opening_hours:drive_through": null, "addr:floor": null, "building:levels": null }, "geometry": { "type": "Point", "coordinates": [ 72.8429872, 19.2126591 ] } },
{ "type": "Feature", "properties": { "element": "node", "id": 1501518125, "amenity": "bank", "atm": "yes", "brand": "Citibank", "brand:wikidata": "Q857063", "name": "Citibank", "operator": null, "brand:wikipedia": "en:Citibank", "short_name": "Citi", "website": null, "name:en": null, "old_name": null, "addr:housename": null, "addr:postcode": null, "addr:street": null, "alt_name": null, "source": null, "building": null, "addr:housenumber": null, "wikidata": null, "wikipedia": null, "level": null, "branch": null, "check_date": null, "addr:city": null, "wikimedia_commons": null, "brand:en": null, "brand:hi": null, "brand:kn": null, "brand:pa": null, "brand:pnb": null, "brand:ur": null, "brand:wikipedia:pa": null, "name:hi": null, "name:kn": null, "name:pa": null, "name:pnb": null, "name:ur": null, "addr:suburb": null, "note": null, "phone": null, "addr:unit": null, "addr:district": null, "opening_hours": null, "email": null, "fax": null, "addr:city:ur": null, "contact:fax": null, "operator:ur": null, "short_name:ur": null, "description": null, "fixme": null, "check_date:opening_hours": null, "drive_through": null, "highway": null, "traffic_signals": null, "traffic_signals:direction": null, "name:zh": null, "air_conditioning": null, "wheelchair": null, "contact:phone": null, "not:brand:wikidata": null, "opening_hours:covid19": null, "name:mr": null, "internet_access": null, "internet_access:fee": null, "payment:cash": null, "payment:credit_cards": null, "payment:debit_cards": null, "opening_hours:signed": null, "official_name": null, "bank": null, "contact:email": null, "opening_hours:drive_through": null, "addr:floor": null, "building:levels": null }, "geometry": { "type": "Point", "coordinates": [ 72.8343432, 19.0714915 ] } },
{ "type": "Feature", "properties": { "element": "node", "id": 1501518150, "amenity": "bank", "atm": "yes", "brand": "ICICI Bank", "brand:wikidata": "Q1653258", "name": "ICICI Bank", "operator": null, "brand:wikipedia": null, "short_name": "ICICI", "website": "https://www.icicibank.com", "name:en": "ICICI Bank", "old_name": null, "addr:housename": null, "addr:postcode": "400054", "addr:street": "Linking Road", "alt_name": null, "source": null, "building": null, "addr:housenumber": null, "wikidata": null, "wikipedia": null, "level": null, "branch": null, "check_date": null, "addr:city": null, "wikimedia_commons": null, "brand:en": null, "brand:hi": null, "brand:kn": null, "brand:pa": null, "brand:pnb": null, "brand:ur": null, "brand:wikipedia:pa": null, "name:hi": null, "name:kn": null, "name:pa": null, "name:pnb": null, "name:ur": null, "addr:suburb": null, "note": null, "phone": null, "addr:unit": null, "addr:district": null, "opening_hours": null, "email": null, "fax": null, "addr:city:ur": null, "contact:fax": null, "operator:ur": null, "short_name:ur": null, "description": null, "fixme": null, "check_date:opening_hours": null, "drive_through": null, "highway": null, "traffic_signals": null, "traffic_signals:direction": null, "name:zh": null, "air_conditioning": null, "wheelchair": null, "contact:phone": null, "not:brand:wikidata": null, "opening_hours:covid19": null, "name:mr": null, "internet_access": null, "internet_access:fee": null, "payment:cash": null, "payment:credit_cards": null, "payment:debit_cards": null, "opening_hours:signed": null, "official_name": null, "bank": null, "contact:email": null, "opening_hours:drive_through": null, "addr:floor": null, "building:levels": null }, "geometry": { "type": "Point", "coordinates": [ 72.8344746, 19.0758592 ] } },
{ "type": "Feature", "properties": { "element": "node", "id": 1501518157, "amenity": "bank", "atm": "yes", "brand": "IDBI Bank", "brand:wikidata": "Q3633485", "name": "IDBI Bank", "operator": null, "brand:wikipedia": "en:IDBI Bank", "short_name": "IDBI", "website": "https://www.idbi.com", "name:en": "IDBI Bank", "old_name": "Industrial Development Bank of India", "addr:housename": null, "addr:postcode": "400052", "addr:street": null, "alt_name": null, "source": null, "building": null, "addr:housenumber": null, "wikidata": null, "wikipedia": null, "level": null, "branch": null, "check_date": null, "addr:city": null, "wikimedia_commons": null, "brand:en": null, "brand:hi": null, "brand:kn": null, "brand:pa": null, "brand:pnb": null, "brand:ur": null, "brand:wikipedia:pa": null, "name:hi": null, "name:kn": null, "name:pa": null, "name:pnb": null, "name:ur": null, "addr:suburb": null, "note": null, "phone": null, "addr:unit": null, "addr:district": null, "opening_hours": null, "email": null, "fax": null, "addr:city:ur": null, "contact:fax": null, "operator:ur": null, "short_name:ur": null, "description": null, "fixme": null, "check_date:opening_hours": null, "drive_through": null, "highway": null, "traffic_signals": null, "traffic_signals:direction": null, "name:zh": null, "air_conditioning": null, "wheelchair": null, "contact:phone": null, "not:brand:wikidata": null, "opening_hours:covid19": null, "name:mr": null, "internet_access": null, "internet_access:fee": null, "payment:cash": null, "payment:credit_cards": null, "payment:debit_cards": null, "opening_hours:signed": null, "official_name": null, "bank": null, "contact:email": null, "opening_hours:drive_through": null, "addr:floor": null, "building:levels": null }, "geometry": { "type": "Point", "coordinates": [ 72.8337907, 19.0752179 ] } },
{ "type": "Feature", "properties": { "element": "node", "id": 1514451614, "amenity": "bank", "atm": "yes", "brand": "Indian Overseas Bank", "brand:wikidata": "Q2003611", "name": "Indian Overseas Bank", "operator": null, "brand:wikipedia": "en:Indian Overseas Bank", "short_name": "IOB", "website": "https://www.iob.in", "name:en": "Indian Overseas Bank", "old_name": null, "addr:housename": null, "addr:postcode": null, "addr:street": null, "alt_name": null, "source": null, "building": null, "addr:housenumber": null, "wikidata": null, "wikipedia": null, "level": null, "branch": null, "check_date": null, "addr:city": null, "wikimedia_commons": null, "brand:en": null, "brand:hi": null, "brand:kn": null, "brand:pa": null, "brand:pnb": null, "brand:ur": null, "brand:wikipedia:pa": null, "name:hi": null, "name:kn": null, "name:pa": null, "name:pnb": null, "name:ur": null, "addr:suburb": null, "note": null, "phone": null, "addr:unit": null, "addr:district": null, "opening_hours": null, "email": null, "fax": null, "addr:city:ur": null, "contact:fax": null, "operator:ur": null, "short_name:ur": null, "description": null, "fixme": null, "check_date:opening_hours": null, "drive_through": null, "highway": null, "traffic_signals": null, "traffic_signals:direction": null, "name:zh": null, "air_conditioning": null, "wheelchair": null, "contact:phone": null, "not:brand:wikidata": null, "opening_hours:covid19": null, "name:mr": null, "internet_access": null, "internet_access:fee": null, "payment:cash": null, "payment:credit_cards": null, "payment:debit_cards": null, "opening_hours:signed": null, "official_name": null, "bank": null, "contact:email": null, "opening_hours:drive_through": null, "addr:floor": null, "building:levels": null }, "geometry": { "type": "Point", "coordinates": [ 72.8260154, 19.0744557 ] } },
{ "type": "Feature", "properties": { "element": "node", "id": 1573743430, "amenity": "bank", "atm": null, "brand": "Allahabad Bank", "brand:wikidata": "Q2018840", "name": "Allahabad Bank", "operator": null, "brand:wikipedia": "en:Allahabad Bank", "short_name": null, "website": "https://www.allahabadbank.in", "name:en": "Allahabad Bank", "old_name": null, "addr:housename": null, "addr:postcode": null, "addr:street": null, "alt_name": null, "source": null, "building": null, "addr:housenumber": null, "wikidata": null, "wikipedia": null, "level": null, "branch": null, "check_date": null, "addr:city": null, "wikimedia_commons": null, "brand:en": null, "brand:hi": null, "brand:kn": null, "brand:pa": null, "brand:pnb": null, "brand:ur": null, "brand:wikipedia:pa": null, "name:hi": null, "name:kn": null, "name:pa": null, "name:pnb": null, "name:ur": null, "addr:suburb": null, "note": null, "phone": null, "addr:unit": null, "addr:district": null, "opening_hours": null, "email": null, "fax": null, "addr:city:ur": null, "contact:fax": null, "operator:ur": null, "short_name:ur": null, "description": null, "fixme": null, "check_date:opening_hours": null, "drive_through": null, "highway": null, "traffic_signals": null, "traffic_signals:direction": null, "name:zh": null, "air_conditioning": null, "wheelchair": null, "contact:phone": null, "not:brand:wikidata": null, "opening_hours:covid19": null, "name:mr": null, "internet_access": null, "internet_access:fee": null, "payment:cash": null, "payment:credit_cards": null, "payment:debit_cards": null, "opening_hours:signed": null, "official_name": null, "bank": null, "contact:email": null, "opening_hours:drive_through": null, "addr:floor": null, "building:levels": null }, "geometry": { "type": "Point", "coordinates": [ 72.8576013, 19.0216329 ] } },
{ "type": "Feature", "properties": { "element": "node", "id": 1573917606, "amenity": "bank", "atm": "yes", "brand": "Bank of India", "brand:wikidata": "Q2004439", "name": "Bank of India", "operator": null, "brand:wikipedia": "en:Bank of India", "short_name": "BoI", "website": "https://www.bankofindia.co.in/", "name:en": "Bank of India", "old_name": null, "addr:housename": "Pardhi House", "addr:postcode": "400057", "addr:street": "Hanuman Road,M.g. Road", "alt_name": null, "source": null, "building": null, "addr:housenumber": null, "wikidata": null, "wikipedia": null, "level": null, "branch": null, "check_date": null, "addr:city": null, "wikimedia_commons": null, "brand:en": null, "brand:hi": null, "brand:kn": null, "brand:pa": null, "brand:pnb": null, "brand:ur": null, "brand:wikipedia:pa": null, "name:hi": null, "name:kn": null, "name:pa": null, "name:pnb": null, "name:ur": null, "addr:suburb": null, "note": null, "phone": null, "addr:unit": null, "addr:district": null, "opening_hours": null, "email": null, "fax": null, "addr:city:ur": null, "contact:fax": null, "operator:ur": null, "short_name:ur": null, "description": null, "fixme": null, "check_date:opening_hours": null, "drive_through": null, "highway": null, "traffic_signals": null, "traffic_signals:direction": null, "name:zh": null, "air_conditioning": null, "wheelchair": null, "contact:phone": null, "not:brand:wikidata": null, "opening_hours:covid19": null, "name:mr": null, "internet_access": null, "internet_access:fee": null, "payment:cash": null, "payment:credit_cards": null, "payment:debit_cards": null, "opening_hours:signed": null, "official_name": null, "bank": null, "contact:email": null, "opening_hours:drive_through": null, "addr:floor": null, "building:levels": null }, "geometry": { "type": "Point", "coordinates": [ 72.8467877, 19.1031465 ] } },
{ "type": "Feature", "properties": { "element": "node", "id": 1575306449, "amenity": "bank", "atm": "yes", "brand": null, "brand:wikidata": null, "name": "Cosmos Bank", "operator": null, "brand:wikipedia": null, "short_name": null, "website": null, "name:en": null, "old_name": null, "addr:housename": "Saraswati Niwas", "addr:postcode": "400057", "addr:street": "Hanuman Road", "alt_name": null, "source": null, "building": null, "addr:housenumber": null, "wikidata": null, "wikipedia": null, "level": null, "branch": null, "check_date": null, "addr:city": null, "wikimedia_commons": null, "brand:en": null, "brand:hi": null, "brand:kn": null, "brand:pa": null, "brand:pnb": null, "brand:ur": null, "brand:wikipedia:pa": null, "name:hi": null, "name:kn": null, "name:pa": null, "name:pnb": null, "name:ur": null, "addr:suburb": null, "note": null, "phone": null, "addr:unit": null, "addr:district": null, "opening_hours": null, "email": null, "fax": null, "addr:city:ur": null, "contact:fax": null, "operator:ur": null, "short_name:ur": null, "description": null, "fixme": null, "check_date:opening_hours": null, "drive_through": null, "highway": null, "traffic_signals": null, "traffic_signals:direction": null, "name:zh": null, "air_conditioning": null, "wheelchair": null, "contact:phone": null, "not:brand:wikidata": null, "opening_hours:covid19": null, "name:mr": null, "internet_access": null, "internet_access:fee": null, "payment:cash": null, "payment:credit_cards": null, "payment:debit_cards": null, "opening_hours:signed": null, "official_name": null, "bank": null, "contact:email": null, "opening_hours:drive_through": null, "addr:floor": null, "building:levels": null }, "geometry": { "type": "Point", "coordinates": [ 72.8473563, 19.1030478 ] } },
{ "type": "Feature", "properties": { "element": "node", "id": 1576633589, "amenity": "bank", "atm": null, "brand": null, "brand:wikidata": null, "name": "Pen Urban Bank", "operator": null, "brand:wikipedia": null, "short_name": null, "website": null, "name:en": null, "old_name": null, "addr:housename": "Prabhat Apt.", "addr:postcode": "400057", "addr:street": "Hanuman Road", "alt_name": null, "source": null, "building": null, "addr:housenumber": null, "wikidata": null, "wikipedia": null, "level": null, "branch": null, "check_date": null, "addr:city": null, "wikimedia_commons": null, "brand:en": null, "brand:hi": null, "brand:kn": null, "brand:pa": null, "brand:pnb": null, "brand:ur": null, "brand:wikipedia:pa": null, "name:hi": null, "name:kn": null, "name:pa": null, "name:pnb": null, "name:ur": null, "addr:suburb": null, "note": null, "phone": null, "addr:unit": null, "addr:district": null, "opening_hours": null, "email": null, "fax": null, "addr:city:ur": null, "contact:fax": null, "operator:ur": null, "short_name:ur": null, "description": null, "fixme": null, "check_date:opening_hours": null, "drive_through": null, "highway": null, "traffic_signals": null, "traffic_signals:direction": null, "name:zh": null, "air_conditioning": null, "wheelchair": null, "contact:phone": null, "not:brand:wikidata": null, "opening_hours:covid19": null, "name:mr": null, "internet_access": null, "internet_access:fee": null, "payment:cash": null, "payment:credit_cards": null, "payment:debit_cards": null, "opening_hours:signed": null, "official_name": null, "bank": null, "contact:email": null, "opening_hours:drive_through": null, "addr:floor": null, "building:levels": null }, "geometry": { "type": "Point", "coordinates": [ 72.8484426, 19.103182 ] } },
{ "type": "Feature", "properties": { "element": "node", "id": 1577704949, "amenity": "bank", "atm": null, "brand": null, "brand:wikidata": null, "name": "ING Vaisya", "operator": null, "brand:wikipedia": null, "short_name": null, "website": null, "name:en": null, "old_name": null, "addr:housename": "Gloddiola", "addr:postcode": "400057", "addr:street": "Hanuman Road", "alt_name": null, "source": null, "building": null, "addr:housenumber": null, "wikidata": null, "wikipedia": null, "level": null, "branch": null, "check_date": null, "addr:city": null, "wikimedia_commons": null, "brand:en": null, "brand:hi": null, "brand:kn": null, "brand:pa": null, "brand:pnb": null, "brand:ur": null, "brand:wikipedia:pa": null, "name:hi": null, "name:kn": null, "name:pa": null, "name:pnb": null, "name:ur": null, "addr:suburb": null, "note": null, "phone": null, "addr:unit": null, "addr:district": null, "opening_hours": null, "email": null, "fax": null, "addr:city:ur": null, "contact:fax": null, "operator:ur": null, "short_name:ur": null, "description": null, "fixme": null, "check_date:opening_hours": null, "drive_through": null, "highway": null, "traffic_signals": null, "traffic_signals:direction": null, "name:zh": null, "air_conditioning": null, "wheelchair": null, "contact:phone": null, "not:brand:wikidata": null, "opening_hours:covid19": null, "name:mr": null, "internet_access": null, "internet_access:fee": null, "payment:cash": null, "payment:credit_cards": null, "payment:debit_cards": null, "opening_hours:signed": null, "official_name": null, "bank": null, "contact:email": null, "opening_hours:drive_through": null, "addr:floor": null, "building:levels": null }, "geometry": { "type": "Point", "coordinates": [ 72.8485851, 19.1034694 ] } },
{ "type": "Feature", "properties": { "element": "node", "id": 1577946978, "amenity": "bank", "atm": "yes", "brand": null, "brand:wikidata": null, "name": "Janata Sahakari Bank", "operator": null, "brand:wikipedia": null, "short_name": null, "website": null, "name:en": null, "old_name": null, "addr:housename": "Shree Kunj Premises", "addr:postcode": "400057", "addr:street": "Hanuman Road", "alt_name": null, "source": null, "building": null, "addr:housenumber": null, "wikidata": null, "wikipedia": null, "level": null, "branch": null, "check_date": null, "addr:city": null, "wikimedia_commons": null, "brand:en": null, "brand:hi": null, "brand:kn": null, "brand:pa": null, "brand:pnb": null, "brand:ur": null, "brand:wikipedia:pa": null, "name:hi": null, "name:kn": null, "name:pa": null, "name:pnb": null, "name:ur": null, "addr:suburb": null, "note": null, "phone": null, "addr:unit": null, "addr:district": null, "opening_hours": null, "email": null, "fax": null, "addr:city:ur": null, "contact:fax": null, "operator:ur": null, "short_name:ur": null, "description": null, "fixme": null, "check_date:opening_hours": null, "drive_through": null, "highway": null, "traffic_signals": null, "traffic_signals:direction": null, "name:zh": null, "air_conditioning": null, "wheelchair": null, "contact:phone": null, "not:brand:wikidata": null, "opening_hours:covid19": null, "name:mr": null, "internet_access": null, "internet_access:fee": null, "payment:cash": null, "payment:credit_cards": null, "payment:debit_cards": null, "opening_hours:signed": null, "official_name": null, "bank": null, "contact:email": null, "opening_hours:drive_through": null, "addr:floor": null, "building:levels": null }, "geometry": { "type": "Point", "coordinates": [ 72.8498185, 19.1036259 ] } },
{ "type": "Feature", "properties": { "element": "node", "id": 1577992597, "amenity": "bank", "atm": null, "brand": "Punjab National Bank", "brand:wikidata": "Q2743499", "name": "Punjab National Bank", "operator": null, "brand:wikipedia": "en:Punjab National Bank", "short_name": "PNB", "website": "https://www.pnbindia.in", "name:en": "Punjab National Bank", "old_name": null, "addr:housename": "Deshastha Hrigvedi Brahman Sangh", "addr:postcode": "400057", "addr:street": "Hanuman Road", "alt_name": null, "source": null, "building": null, "addr:housenumber": null, "wikidata": null, "wikipedia": null, "level": null, "branch": null, "check_date": null, "addr:city": null, "wikimedia_commons": null, "brand:en": null, "brand:hi": null, "brand:kn": null, "brand:pa": null, "brand:pnb": null, "brand:ur": null, "brand:wikipedia:pa": null, "name:hi": null, "name:kn": null, "name:pa": null, "name:pnb": null, "name:ur": null, "addr:suburb": null, "note": null, "phone": null, "addr:unit": null, "addr:district": null, "opening_hours": null, "email": null, "fax": null, "addr:city:ur": null, "contact:fax": null, "operator:ur": null, "short_name:ur": null, "description": null, "fixme": null, "check_date:opening_hours": null, "drive_through": null, "highway": null, "traffic_signals": null, "traffic_signals:direction": null, "name:zh": null, "air_conditioning": null, "wheelchair": null, "contact:phone": null, "not:brand:wikidata": null, "opening_hours:covid19": null, "name:mr": null, "internet_access": null, "internet_access:fee": null, "payment:cash": null, "payment:credit_cards": null, "payment:debit_cards": null, "opening_hours:signed": null, "official_name": null, "bank": null, "contact:email": null, "opening_hours:drive_through": null, "addr:floor": null, "building:levels": null }, "geometry": { "type": "Point", "coordinates": [ 72.8503066, 19.1036737 ] } },
{ "type": "Feature", "properties": { "element": "node", "id": 1579242356, "amenity": "bank", "atm": "yes", "brand": "ICICI Bank", "brand:wikidata": "Q1653258", "name": "ICICI Bank", "operator": null, "brand:wikipedia": "en:ICICI Bank", "short_name": "ICICI", "website": "https://www.icicibank.com", "name:en": "ICICI Bank", "old_name": null, "addr:housename": "Kadamgiri Complex Co.Op.HSG.Soc.", "addr:postcode": "400057", "addr:street": "Hanuman Road", "alt_name": null, "source": null, "building": null, "addr:housenumber": null, "wikidata": null, "wikipedia": null, "level": null, "branch": null, "check_date": null, "addr:city": null, "wikimedia_commons": null, "brand:en": null, "brand:hi": null, "brand:kn": null, "brand:pa": null, "brand:pnb": null, "brand:ur": null, "brand:wikipedia:pa": null, "name:hi": null, "name:kn": null, "name:pa": null, "name:pnb": null, "name:ur": null, "addr:suburb": null, "note": null, "phone": null, "addr:unit": null, "addr:district": null, "opening_hours": null, "email": null, "fax": null, "addr:city:ur": null, "contact:fax": null, "operator:ur": null, "short_name:ur": null, "description": null, "fixme": null, "check_date:opening_hours": null, "drive_through": null, "highway": null, "traffic_signals": null, "traffic_signals:direction": null, "name:zh": null, "air_conditioning": null, "wheelchair": null, "contact:phone": null, "not:brand:wikidata": null, "opening_hours:covid19": null, "name:mr": null, "internet_access": null, "internet_access:fee": null, "payment:cash": null, "payment:credit_cards": null, "payment:debit_cards": null, "opening_hours:signed": null, "official_name": null, "bank": null, "contact:email": null, "opening_hours:drive_through": null, "addr:floor": null, "building:levels": null }, "geometry": { "type": "Point", "coordinates": [ 72.8514734, 19.1038462 ] } },
{ "type": "Feature", "properties": { "element": "node", "id": 1579243979, "amenity": "bank", "atm": "yes", "brand": "Corporation Bank", "brand:wikidata": "Q2003387", "name": "Corporation Bank", "operator": null, "brand:wikipedia": "en:Corporation Bank", "short_name": null, "website": "https://corpbank.com/", "name:en": "Corporation Bank", "old_name": null, "addr:housename": "Kadamgiri Complex Co.Op.HSG.Soc.", "addr:postcode": "400057", "addr:street": "Hanuman Road", "alt_name": null, "source": null, "building": null, "addr:housenumber": null, "wikidata": null, "wikipedia": null, "level": null, "branch": null, "check_date": null, "addr:city": null, "wikimedia_commons": null, "brand:en": null, "brand:hi": null, "brand:kn": null, "brand:pa": null, "brand:pnb": null, "brand:ur": null, "brand:wikipedia:pa": null, "name:hi": null, "name:kn": null, "name:pa": null, "name:pnb": null, "name:ur": null, "addr:suburb": null, "note": null, "phone": null, "addr:unit": null, "addr:district": null, "opening_hours": null, "email": null, "fax": null, "addr:city:ur": null, "contact:fax": null, "operator:ur": null, "short_name:ur": null, "description": null, "fixme": null, "check_date:opening_hours": null, "drive_through": null, "highway": null, "traffic_signals": null, "traffic_signals:direction": null, "name:zh": null, "air_conditioning": null, "wheelchair": null, "contact:phone": null, "not:brand:wikidata": null, "opening_hours:covid19": null, "name:mr": null, "internet_access": null, "internet_access:fee": null, "payment:cash": null, "payment:credit_cards": null, "payment:debit_cards": null, "opening_hours:signed": null, "official_name": null, "bank": null, "contact:email": null, "opening_hours:drive_through": null, "addr:floor": null, "building:levels": null }, "geometry": { "type": "Point", "coordinates": [ 72.8517658, 19.1038664 ] } },
{ "type": "Feature", "properties": { "element": "node", "id": 1579246326, "amenity": "bank", "atm": "yes", "brand": "Karnataka Bank", "brand:wikidata": "Q2042632", "name": "Karnataka Bank", "operator": null, "brand:wikipedia": "en:Karnataka Bank", "short_name": null, "website": null, "name:en": null, "old_name": null, "addr:housename": "Kadamgiri Complex Co.Op.HSG.Soc.", "addr:postcode": "400057", "addr:street": "Hanuman Road", "alt_name": null, "source": null, "building": null, "addr:housenumber": null, "wikidata": null, "wikipedia": null, "level": null, "branch": null, "check_date": null, "addr:city": null, "wikimedia_commons": null, "brand:en": null, "brand:hi": null, "brand:kn": null, "brand:pa": null, "brand:pnb": null, "brand:ur": null, "brand:wikipedia:pa": null, "name:hi": null, "name:kn": null, "name:pa": null, "name:pnb": null, "name:ur": null, "addr:suburb": null, "note": null, "phone": null, "addr:unit": null, "addr:district": null, "opening_hours": null, "email": null, "fax": null, "addr:city:ur": null, "contact:fax": null, "operator:ur": null, "short_name:ur": null, "description": null, "fixme": null, "check_date:opening_hours": null, "drive_through": null, "highway": null, "traffic_signals": null, "traffic_signals:direction": null, "name:zh": null, "air_conditioning": null, "wheelchair": null, "contact:phone": null, "not:brand:wikidata": null, "opening_hours:covid19": null, "name:mr": null, "internet_access": null, "internet_access:fee": null, "payment:cash": null, "payment:credit_cards": null, "payment:debit_cards": null, "opening_hours:signed": null, "official_name": null, "bank": null, "contact:email": null, "opening_hours:drive_through": null, "addr:floor": null, "building:levels": null }, "geometry": { "type": "Point", "coordinates": [ 72.8513421, 19.1038384 ] } },
{ "type": "Feature", "properties": { "element": "node", "id": 1579287602, "amenity": "bank", "atm": null, "brand": "Kotak Mahindra Bank", "brand:wikidata": "Q2040404", "name": "Kotak Mahindra Bank", "operator": null, "brand:wikipedia": "en:Kotak Mahindra Bank", "short_name": null, "website": "https://www.kotak.com/", "name:en": "Kotak Mahindra Bank", "old_name": null, "addr:housename": "Moreshwar", "addr:postcode": "400057", "addr:street": "Hanuman Road", "alt_name": null, "source": null, "building": null, "addr:housenumber": null, "wikidata": null, "wikipedia": null, "level": null, "branch": null, "check_date": null, "addr:city": null, "wikimedia_commons": null, "brand:en": null, "brand:hi": null, "brand:kn": null, "brand:pa": null, "brand:pnb": null, "brand:ur": null, "brand:wikipedia:pa": null, "name:hi": null, "name:kn": null, "name:pa": null, "name:pnb": null, "name:ur": null, "addr:suburb": null, "note": null, "phone": null, "addr:unit": null, "addr:district": null, "opening_hours": null, "email": null, "fax": null, "addr:city:ur": null, "contact:fax": null, "operator:ur": null, "short_name:ur": null, "description": null, "fixme": null, "check_date:opening_hours": null, "drive_through": null, "highway": null, "traffic_signals": null, "traffic_signals:direction": null, "name:zh": null, "air_conditioning": null, "wheelchair": null, "contact:phone": null, "not:brand:wikidata": null, "opening_hours:covid19": null, "name:mr": null, "internet_access": null, "internet_access:fee": null, "payment:cash": null, "payment:credit_cards": null, "payment:debit_cards": null, "opening_hours:signed": null, "official_name": null, "bank": null, "contact:email": null, "opening_hours:drive_through": null, "addr:floor": null, "building:levels": null }, "geometry": { "type": "Point", "coordinates": [ 72.8522718, 19.1038874 ] } },
{ "type": "Feature", "properties": { "element": "node", "id": 1651421868, "amenity": "bank", "atm": "yes", "brand": "State Bank of India", "brand:wikidata": "Q1340361", "name": "State Bank of India", "operator": null, "brand:wikipedia": "en:State Bank of India", "short_name": "SBI", "website": null, "name:en": null, "old_name": null, "addr:housename": null, "addr:postcode": null, "addr:street": null, "alt_name": "SBI", "source": null, "building": null, "addr:housenumber": null, "wikidata": null, "wikipedia": null, "level": null, "branch": null, "check_date": null, "addr:city": null, "wikimedia_commons": null, "brand:en": null, "brand:hi": null, "brand:kn": null, "brand:pa": null, "brand:pnb": null, "brand:ur": null, "brand:wikipedia:pa": null, "name:hi": null, "name:kn": null, "name:pa": null, "name:pnb": null, "name:ur": null, "addr:suburb": null, "note": null, "phone": null, "addr:unit": null, "addr:district": null, "opening_hours": null, "email": null, "fax": null, "addr:city:ur": null, "contact:fax": null, "operator:ur": null, "short_name:ur": null, "description": null, "fixme": null, "check_date:opening_hours": null, "drive_through": null, "highway": null, "traffic_signals": null, "traffic_signals:direction": null, "name:zh": null, "air_conditioning": null, "wheelchair": null, "contact:phone": null, "not:brand:wikidata": null, "opening_hours:covid19": null, "name:mr": null, "internet_access": null, "internet_access:fee": null, "payment:cash": null, "payment:credit_cards": null, "payment:debit_cards": null, "opening_hours:signed": null, "official_name": null, "bank": null, "contact:email": null, "opening_hours:drive_through": null, "addr:floor": null, "building:levels": null }, "geometry": { "type": "Point", "coordinates": [ 72.9001315, 19.0596131 ] } },
{ "type": "Feature", "properties": { "element": "node", "id": 1803672128, "amenity": "bank", "atm": "yes", "brand": "Union Bank of India", "brand:wikidata": "Q2004078", "name": "Union Bank of India", "operator": null, "brand:wikipedia": "en:Union Bank of India", "short_name": "UBI", "website": "https://www.unionbankofindia.co.in/", "name:en": "Union Bank of India", "old_name": null, "addr:housename": "Union Bank of India", "addr:postcode": "400057", "addr:street": "Tejpal Scheme Road 3", "alt_name": null, "source": "Swati Sanghavi", "building": null, "addr:housenumber": null, "wikidata": null, "wikipedia": null, "level": null, "branch": null, "check_date": null, "addr:city": null, "wikimedia_commons": null, "brand:en": null, "brand:hi": null, "brand:kn": null, "brand:pa": null, "brand:pnb": null, "brand:ur": null, "brand:wikipedia:pa": null, "name:hi": null, "name:kn": null, "name:pa": null, "name:pnb": null, "name:ur": null, "addr:suburb": null, "note": null, "phone": null, "addr:unit": null, "addr:district": null, "opening_hours": null, "email": null, "fax": null, "addr:city:ur": null, "contact:fax": null, "operator:ur": null, "short_name:ur": null, "description": null, "fixme": null, "check_date:opening_hours": null, "drive_through": null, "highway": null, "traffic_signals": null, "traffic_signals:direction": null, "name:zh": null, "air_conditioning": null, "wheelchair": null, "contact:phone": null, "not:brand:wikidata": null, "opening_hours:covid19": null, "name:mr": null, "internet_access": null, "internet_access:fee": null, "payment:cash": null, "payment:credit_cards": null, "payment:debit_cards": null, "opening_hours:signed": null, "official_name": null, "bank": null, "contact:email": null, "opening_hours:drive_through": null, "addr:floor": null, "building:levels": null }, "geometry": { "type": "Point", "coordinates": [ 72.8497841, 19.1080126 ] } },
{ "type": "Feature", "properties": { "element": "node", "id": 1855812193, "amenity": "bank", "atm": "yes", "brand": "State Bank of India", "brand:wikidata": "Q1340361", "name": "State Bank of India", "operator": null, "brand:wikipedia": "en:State Bank of India", "short_name": "SBI", "website": null, "name:en": null, "old_name": null, "addr:housename": null, "addr:postcode": null, "addr:street": null, "alt_name": null, "source": null, "building": null, "addr:housenumber": null, "wikidata": null, "wikipedia": null, "level": null, "branch": null, "check_date": null, "addr:city": null, "wikimedia_commons": null, "brand:en": null, "brand:hi": null, "brand:kn": null, "brand:pa": null, "brand:pnb": null, "brand:ur": null, "brand:wikipedia:pa": null, "name:hi": null, "name:kn": null, "name:pa": null, "name:pnb": null, "name:ur": null, "addr:suburb": null, "note": null, "phone": null, "addr:unit": null, "addr:district": null, "opening_hours": null, "email": null, "fax": null, "addr:city:ur": null, "contact:fax": null, "operator:ur": null, "short_name:ur": null, "description": null, "fixme": null, "check_date:opening_hours": null, "drive_through": null, "highway": null, "traffic_signals": null, "traffic_signals:direction": null, "name:zh": null, "air_conditioning": null, "wheelchair": null, "contact:phone": null, "not:brand:wikidata": null, "opening_hours:covid19": null, "name:mr": null, "internet_access": null, "internet_access:fee": null, "payment:cash": null, "payment:credit_cards": null, "payment:debit_cards": null, "opening_hours:signed": null, "official_name": null, "bank": null, "contact:email": null, "opening_hours:drive_through": null, "addr:floor": null, "building:levels": null }, "geometry": { "type": "Point", "coordinates": [ 72.9162941, 19.1251505 ] } },
{ "type": "Feature", "properties": { "element": "node", "id": 1855812196, "amenity": "bank", "atm": "yes", "brand": "South Indian Bank", "brand:wikidata": "Q2044973", "name": "South Indian Bank", "operator": null, "brand:wikipedia": null, "short_name": null, "website": null, "name:en": null, "old_name": null, "addr:housename": null, "addr:postcode": null, "addr:street": null, "alt_name": null, "source": null, "building": null, "addr:housenumber": null, "wikidata": null, "wikipedia": null, "level": null, "branch": null, "check_date": null, "addr:city": null, "wikimedia_commons": null, "brand:en": null, "brand:hi": null, "brand:kn": null, "brand:pa": null, "brand:pnb": null, "brand:ur": null, "brand:wikipedia:pa": null, "name:hi": null, "name:kn": null, "name:pa": null, "name:pnb": null, "name:ur": null, "addr:suburb": null, "note": null, "phone": null, "addr:unit": null, "addr:district": null, "opening_hours": null, "email": null, "fax": null, "addr:city:ur": null, "contact:fax": null, "operator:ur": null, "short_name:ur": null, "description": null, "fixme": null, "check_date:opening_hours": null, "drive_through": null, "highway": null, "traffic_signals": null, "traffic_signals:direction": null, "name:zh": null, "air_conditioning": null, "wheelchair": null, "contact:phone": null, "not:brand:wikidata": null, "opening_hours:covid19": null, "name:mr": null, "internet_access": null, "internet_access:fee": null, "payment:cash": null, "payment:credit_cards": null, "payment:debit_cards": null, "opening_hours:signed": null, "official_name": null, "bank": null, "contact:email": null, "opening_hours:drive_through": null, "addr:floor": null, "building:levels": null }, "geometry": { "type": "Point", "coordinates": [ 72.9168507, 19.1241767 ] } },
{ "type": "Feature", "properties": { "element": "node", "id": 2068377754, "amenity": "bank", "atm": "yes", "brand": "HDFC Bank", "brand:wikidata": "Q631047", "name": "HDFC Bank", "operator": null, "brand:wikipedia": "en:HDFC Bank", "short_name": "HDFC", "website": "https://www.hdfcbank.com", "name:en": null, "old_name": null, "addr:housename": null, "addr:postcode": null, "addr:street": null, "alt_name": null, "source": null, "building": "commercial", "addr:housenumber": null, "wikidata": null, "wikipedia": null, "level": null, "branch": null, "check_date": null, "addr:city": null, "wikimedia_commons": null, "brand:en": null, "brand:hi": null, "brand:kn": null, "brand:pa": null, "brand:pnb": null, "brand:ur": null, "brand:wikipedia:pa": null, "name:hi": null, "name:kn": null, "name:pa": null, "name:pnb": null, "name:ur": null, "addr:suburb": null, "note": null, "phone": null, "addr:unit": null, "addr:district": null, "opening_hours": null, "email": null, "fax": null, "addr:city:ur": null, "contact:fax": null, "operator:ur": null, "short_name:ur": null, "description": null, "fixme": null, "check_date:opening_hours": null, "drive_through": null, "highway": null, "traffic_signals": null, "traffic_signals:direction": null, "name:zh": null, "air_conditioning": null, "wheelchair": null, "contact:phone": null, "not:brand:wikidata": null, "opening_hours:covid19": null, "name:mr": null, "internet_access": null, "internet_access:fee": null, "payment:cash": null, "payment:credit_cards": null, "payment:debit_cards": null, "opening_hours:signed": null, "official_name": null, "bank": null, "contact:email": null, "opening_hours:drive_through": null, "addr:floor": null, "building:levels": null }, "geometry": { "type": "Point", "coordinates": [ 72.8294018, 19.0613796 ] } },
{ "type": "Feature", "properties": { "element": "node", "id": 2071265014, "amenity": "bank", "atm": "yes", "brand": "Kotak Mahindra Bank", "brand:wikidata": "Q2040404", "name": "Kotak Mahindra Bank", "operator": null, "brand:wikipedia": "en:Kotak Mahindra Bank", "short_name": null, "website": "https://www.kotak.com/", "name:en": "Kotak Mahindra Bank", "old_name": null, "addr:housename": "Raheja Classique", "addr:postcode": "400053", "addr:street": "New Link Road, Andheri West", "alt_name": null, "source": "personal field trip. I work here.", "building": null, "addr:housenumber": "Kotak Mahindra Bank", "wikidata": null, "wikipedia": null, "level": null, "branch": null, "check_date": null, "addr:city": null, "wikimedia_commons": null, "brand:en": null, "brand:hi": null, "brand:kn": null, "brand:pa": null, "brand:pnb": null, "brand:ur": null, "brand:wikipedia:pa": null, "name:hi": null, "name:kn": null, "name:pa": null, "name:pnb": null, "name:ur": null, "addr:suburb": null, "note": null, "phone": null, "addr:unit": null, "addr:district": null, "opening_hours": null, "email": null, "fax": null, "addr:city:ur": null, "contact:fax": null, "operator:ur": null, "short_name:ur": null, "description": null, "fixme": null, "check_date:opening_hours": null, "drive_through": null, "highway": null, "traffic_signals": null, "traffic_signals:direction": null, "name:zh": null, "air_conditioning": null, "wheelchair": null, "contact:phone": null, "not:brand:wikidata": null, "opening_hours:covid19": null, "name:mr": null, "internet_access": null, "internet_access:fee": null, "payment:cash": null, "payment:credit_cards": null, "payment:debit_cards": null, "opening_hours:signed": null, "official_name": null, "bank": null, "contact:email": null, "opening_hours:drive_through": null, "addr:floor": null, "building:levels": null }, "geometry": { "type": "Point", "coordinates": [ 72.8312872, 19.1403763 ] } },
{ "type": "Feature", "properties": { "element": "node", "id": 2071265558, "amenity": "bank", "atm": "yes", "brand": "State Bank of India", "brand:wikidata": "Q1340361", "name": "State Bank of India", "operator": null, "brand:wikipedia": "en:State Bank of India", "short_name": "SBI", "website": null, "name:en": null, "old_name": null, "addr:housename": "Raheja Classique", "addr:postcode": "400053", "addr:street": "New Link Road, Andheri West", "alt_name": null, "source": "personal field trip, I work in this building.", "building": null, "addr:housenumber": "State bank of India", "wikidata": null, "wikipedia": null, "level": null, "branch": null, "check_date": null, "addr:city": null, "wikimedia_commons": null, "brand:en": null, "brand:hi": null, "brand:kn": null, "brand:pa": null, "brand:pnb": null, "brand:ur": null, "brand:wikipedia:pa": null, "name:hi": null, "name:kn": null, "name:pa": null, "name:pnb": null, "name:ur": null, "addr:suburb": null, "note": null, "phone": null, "addr:unit": null, "addr:district": null, "opening_hours": null, "email": null, "fax": null, "addr:city:ur": null, "contact:fax": null, "operator:ur": null, "short_name:ur": null, "description": null, "fixme": null, "check_date:opening_hours": null, "drive_through": null, "highway": null, "traffic_signals": null, "traffic_signals:direction": null, "name:zh": null, "air_conditioning": null, "wheelchair": null, "contact:phone": null, "not:brand:wikidata": null, "opening_hours:covid19": null, "name:mr": null, "internet_access": null, "internet_access:fee": null, "payment:cash": null, "payment:credit_cards": null, "payment:debit_cards": null, "opening_hours:signed": null, "official_name": null, "bank": null, "contact:email": null, "opening_hours:drive_through": null, "addr:floor": null, "building:levels": null }, "geometry": { "type": "Point", "coordinates": [ 72.8312817, 19.140617 ] } },
{ "type": "Feature", "properties": { "element": "node", "id": 2071438253, "amenity": "bank", "atm": "yes", "brand": "ICICI", "brand:wikidata": "Q1653258", "name": "ICICI Bank", "operator": null, "brand:wikipedia": null, "short_name": "ICICI", "website": "https://www.icicibank.com", "name:en": "ICICI Bank", "old_name": null, "addr:housename": null, "addr:postcode": "400061", "addr:street": null, "alt_name": null, "source": "field trip. I live closeby.", "building": null, "addr:housenumber": null, "wikidata": "Q1653258", "wikipedia": "en:ICICI Bank", "level": null, "branch": null, "check_date": null, "addr:city": null, "wikimedia_commons": null, "brand:en": null, "brand:hi": null, "brand:kn": null, "brand:pa": null, "brand:pnb": null, "brand:ur": null, "brand:wikipedia:pa": null, "name:hi": null, "name:kn": null, "name:pa": null, "name:pnb": null, "name:ur": null, "addr:suburb": null, "note": null, "phone": null, "addr:unit": null, "addr:district": null, "opening_hours": null, "email": null, "fax": null, "addr:city:ur": null, "contact:fax": null, "operator:ur": null, "short_name:ur": null, "description": null, "fixme": null, "check_date:opening_hours": null, "drive_through": null, "highway": null, "traffic_signals": null, "traffic_signals:direction": null, "name:zh": null, "air_conditioning": null, "wheelchair": null, "contact:phone": null, "not:brand:wikidata": null, "opening_hours:covid19": null, "name:mr": null, "internet_access": null, "internet_access:fee": null, "payment:cash": null, "payment:credit_cards": null, "payment:debit_cards": null, "opening_hours:signed": null, "official_name": null, "bank": null, "contact:email": null, "opening_hours:drive_through": null, "addr:floor": null, "building:levels": null }, "geometry": { "type": "Point", "coordinates": [ 72.8111328, 19.1370795 ] } },
{ "type": "Feature", "properties": { "element": "node", "id": 2074174740, "amenity": "bank", "atm": "yes", "brand": "IndusInd Bank", "brand:wikidata": null, "name": "IndusInd Bank", "operator": null, "brand:wikipedia": null, "short_name": null, "website": null, "name:en": null, "old_name": null, "addr:housename": "Gopi Chambers", "addr:postcode": "400053", "addr:street": "New Link Road, Andheri West", "alt_name": null, "source": null, "building": null, "addr:housenumber": "1st Floor", "wikidata": null, "wikipedia": null, "level": "0", "branch": null, "check_date": null, "addr:city": null, "wikimedia_commons": null, "brand:en": null, "brand:hi": null, "brand:kn": null, "brand:pa": null, "brand:pnb": null, "brand:ur": null, "brand:wikipedia:pa": null, "name:hi": null, "name:kn": null, "name:pa": null, "name:pnb": null, "name:ur": null, "addr:suburb": null, "note": null, "phone": null, "addr:unit": null, "addr:district": null, "opening_hours": null, "email": null, "fax": null, "addr:city:ur": null, "contact:fax": null, "operator:ur": null, "short_name:ur": null, "description": null, "fixme": null, "check_date:opening_hours": null, "drive_through": null, "highway": null, "traffic_signals": null, "traffic_signals:direction": null, "name:zh": null, "air_conditioning": null, "wheelchair": null, "contact:phone": null, "not:brand:wikidata": null, "opening_hours:covid19": null, "name:mr": null, "internet_access": null, "internet_access:fee": null, "payment:cash": null, "payment:credit_cards": null, "payment:debit_cards": null, "opening_hours:signed": null, "official_name": null, "bank": null, "contact:email": null, "opening_hours:drive_through": null, "addr:floor": null, "building:levels": null }, "geometry": { "type": "Point", "coordinates": [ 72.8320291, 19.1395374 ] } },
{ "type": "Feature", "properties": { "element": "node", "id": 2125166461, "amenity": "bank", "atm": "yes", "brand": "Standard Chartered", "brand:wikidata": "Q548278", "name": "Standard Chartered", "operator": null, "brand:wikipedia": null, "short_name": null, "website": null, "name:en": null, "old_name": null, "addr:housename": null, "addr:postcode": null, "addr:street": null, "alt_name": null, "source": null, "building": null, "addr:housenumber": null, "wikidata": null, "wikipedia": null, "level": null, "branch": null, "check_date": null, "addr:city": null, "wikimedia_commons": null, "brand:en": null, "brand:hi": null, "brand:kn": null, "brand:pa": null, "brand:pnb": null, "brand:ur": null, "brand:wikipedia:pa": null, "name:hi": null, "name:kn": null, "name:pa": null, "name:pnb": null, "name:ur": null, "addr:suburb": null, "note": null, "phone": null, "addr:unit": null, "addr:district": null, "opening_hours": null, "email": null, "fax": null, "addr:city:ur": null, "contact:fax": null, "operator:ur": null, "short_name:ur": null, "description": null, "fixme": null, "check_date:opening_hours": null, "drive_through": null, "highway": null, "traffic_signals": null, "traffic_signals:direction": null, "name:zh": null, "air_conditioning": null, "wheelchair": null, "contact:phone": null, "not:brand:wikidata": null, "opening_hours:covid19": null, "name:mr": null, "internet_access": null, "internet_access:fee": null, "payment:cash": null, "payment:credit_cards": null, "payment:debit_cards": null, "opening_hours:signed": null, "official_name": null, "bank": null, "contact:email": null, "opening_hours:drive_through": null, "addr:floor": null, "building:levels": null }, "geometry": { "type": "Point", "coordinates": [ 72.829096, 19.1468347 ] } },
{ "type": "Feature", "properties": { "element": "node", "id": 2125237550, "amenity": "bank", "atm": "yes", "brand": "HDFC Bank", "brand:wikidata": "Q631047", "name": "HDFC Bank", "operator": null, "brand:wikipedia": "en:HDFC Bank", "short_name": "HDFC", "website": "https://www.hdfcbank.com", "name:en": null, "old_name": null, "addr:housename": null, "addr:postcode": null, "addr:street": null, "alt_name": null, "source": null, "building": null, "addr:housenumber": null, "wikidata": null, "wikipedia": null, "level": null, "branch": null, "check_date": null, "addr:city": null, "wikimedia_commons": null, "brand:en": null, "brand:hi": null, "brand:kn": null, "brand:pa": null, "brand:pnb": null, "brand:ur": null, "brand:wikipedia:pa": null, "name:hi": null, "name:kn": null, "name:pa": null, "name:pnb": null, "name:ur": null, "addr:suburb": null, "note": null, "phone": null, "addr:unit": null, "addr:district": null, "opening_hours": null, "email": null, "fax": null, "addr:city:ur": null, "contact:fax": null, "operator:ur": null, "short_name:ur": null, "description": null, "fixme": null, "check_date:opening_hours": null, "drive_through": null, "highway": null, "traffic_signals": null, "traffic_signals:direction": null, "name:zh": null, "air_conditioning": null, "wheelchair": null, "contact:phone": null, "not:brand:wikidata": null, "opening_hours:covid19": null, "name:mr": null, "internet_access": null, "internet_access:fee": null, "payment:cash": null, "payment:credit_cards": null, "payment:debit_cards": null, "opening_hours:signed": null, "official_name": null, "bank": null, "contact:email": null, "opening_hours:drive_through": null, "addr:floor": null, "building:levels": null }, "geometry": { "type": "Point", "coordinates": [ 72.8253328, 19.1394357 ] } },
{ "type": "Feature", "properties": { "element": "node", "id": 2125326736, "amenity": "bank", "atm": null, "brand": "United Bank of India", "brand:wikidata": "Q2003237", "name": "United Bank of India", "operator": null, "brand:wikipedia": "en:United Bank of India", "short_name": "UBI", "website": "http://www.unitedbankofindia.com", "name:en": "United Bank of India", "old_name": null, "addr:housename": null, "addr:postcode": null, "addr:street": null, "alt_name": null, "source": null, "building": null, "addr:housenumber": null, "wikidata": null, "wikipedia": null, "level": null, "branch": null, "check_date": null, "addr:city": null, "wikimedia_commons": null, "brand:en": null, "brand:hi": null, "brand:kn": null, "brand:pa": null, "brand:pnb": null, "brand:ur": null, "brand:wikipedia:pa": null, "name:hi": null, "name:kn": null, "name:pa": null, "name:pnb": null, "name:ur": null, "addr:suburb": null, "note": null, "phone": null, "addr:unit": null, "addr:district": null, "opening_hours": null, "email": null, "fax": null, "addr:city:ur": null, "contact:fax": null, "operator:ur": null, "short_name:ur": null, "description": null, "fixme": null, "check_date:opening_hours": null, "drive_through": null, "highway": null, "traffic_signals": null, "traffic_signals:direction": null, "name:zh": null, "air_conditioning": null, "wheelchair": null, "contact:phone": null, "not:brand:wikidata": null, "opening_hours:covid19": null, "name:mr": null, "internet_access": null, "internet_access:fee": null, "payment:cash": null, "payment:credit_cards": null, "payment:debit_cards": null, "opening_hours:signed": null, "official_name": null, "bank": null, "contact:email": null, "opening_hours:drive_through": null, "addr:floor": null, "building:levels": null }, "geometry": { "type": "Point", "coordinates": [ 72.8224506, 19.1251136 ] } },
{ "type": "Feature", "properties": { "element": "node", "id": 2125326742, "amenity": "bank", "atm": "yes", "brand": "IDBI", "brand:wikidata": "Q3633485", "name": "IDBI Bank", "operator": null, "brand:wikipedia": "en:IDBI Bank", "short_name": "IDBI", "website": "https://www.idbi.com", "name:en": "IDBI Bank", "old_name": "Industrial Development Bank of India", "addr:housename": null, "addr:postcode": null, "addr:street": null, "alt_name": null, "source": null, "building": null, "addr:housenumber": null, "wikidata": null, "wikipedia": null, "level": null, "branch": null, "check_date": null, "addr:city": null, "wikimedia_commons": null, "brand:en": null, "brand:hi": null, "brand:kn": null, "brand:pa": null, "brand:pnb": null, "brand:ur": null, "brand:wikipedia:pa": null, "name:hi": null, "name:kn": null, "name:pa": null, "name:pnb": null, "name:ur": null, "addr:suburb": null, "note": null, "phone": null, "addr:unit": null, "addr:district": null, "opening_hours": null, "email": null, "fax": null, "addr:city:ur": null, "contact:fax": null, "operator:ur": null, "short_name:ur": null, "description": null, "fixme": null, "check_date:opening_hours": null, "drive_through": null, "highway": null, "traffic_signals": null, "traffic_signals:direction": null, "name:zh": null, "air_conditioning": null, "wheelchair": null, "contact:phone": null, "not:brand:wikidata": null, "opening_hours:covid19": null, "name:mr": null, "internet_access": null, "internet_access:fee": null, "payment:cash": null, "payment:credit_cards": null, "payment:debit_cards": null, "opening_hours:signed": null, "official_name": null, "bank": null, "contact:email": null, "opening_hours:drive_through": null, "addr:floor": null, "building:levels": null }, "geometry": { "type": "Point", "coordinates": [ 72.8221112, 19.1256889 ] } },
{ "type": "Feature", "properties": { "element": "node", "id": 2131202830, "amenity": "bank", "atm": "yes", "brand": "HDFC", "brand:wikidata": "Q631047", "name": "HDFC Bank", "operator": null, "brand:wikipedia": "en:HDFC Bank", "short_name": "HDFC", "website": "https://www.hdfcbank.com", "name:en": null, "old_name": null, "addr:housename": null, "addr:postcode": null, "addr:street": null, "alt_name": null, "source": null, "building": null, "addr:housenumber": null, "wikidata": null, "wikipedia": null, "level": null, "branch": "Versova", "check_date": null, "addr:city": null, "wikimedia_commons": null, "brand:en": null, "brand:hi": null, "brand:kn": null, "brand:pa": null, "brand:pnb": null, "brand:ur": null, "brand:wikipedia:pa": null, "name:hi": null, "name:kn": null, "name:pa": null, "name:pnb": null, "name:ur": null, "addr:suburb": null, "note": null, "phone": null, "addr:unit": null, "addr:district": null, "opening_hours": null, "email": null, "fax": null, "addr:city:ur": null, "contact:fax": null, "operator:ur": null, "short_name:ur": null, "description": null, "fixme": null, "check_date:opening_hours": null, "drive_through": null, "highway": null, "traffic_signals": null, "traffic_signals:direction": null, "name:zh": null, "air_conditioning": null, "wheelchair": null, "contact:phone": null, "not:brand:wikidata": null, "opening_hours:covid19": null, "name:mr": null, "internet_access": null, "internet_access:fee": null, "payment:cash": null, "payment:credit_cards": null, "payment:debit_cards": null, "opening_hours:signed": null, "official_name": null, "bank": null, "contact:email": null, "opening_hours:drive_through": null, "addr:floor": null, "building:levels": null }, "geometry": { "type": "Point", "coordinates": [ 72.8256117, 19.1214881 ] } },
{ "type": "Feature", "properties": { "element": "node", "id": 2148660912, "amenity": "bank", "atm": null, "brand": "Yes Bank", "brand:wikidata": "Q2040394", "name": "Yes Bank", "operator": null, "brand:wikipedia": "en:Yes Bank", "short_name": null, "website": "https://www.yesbank.in", "name:en": "YES Bank", "old_name": null, "addr:housename": null, "addr:postcode": null, "addr:street": null, "alt_name": null, "source": null, "building": null, "addr:housenumber": null, "wikidata": null, "wikipedia": null, "level": null, "branch": null, "check_date": null, "addr:city": null, "wikimedia_commons": null, "brand:en": null, "brand:hi": null, "brand:kn": null, "brand:pa": null, "brand:pnb": null, "brand:ur": null, "brand:wikipedia:pa": null, "name:hi": null, "name:kn": null, "name:pa": null, "name:pnb": null, "name:ur": null, "addr:suburb": null, "note": null, "phone": null, "addr:unit": null, "addr:district": null, "opening_hours": null, "email": null, "fax": null, "addr:city:ur": null, "contact:fax": null, "operator:ur": null, "short_name:ur": null, "description": null, "fixme": null, "check_date:opening_hours": null, "drive_through": null, "highway": null, "traffic_signals": null, "traffic_signals:direction": null, "name:zh": null, "air_conditioning": null, "wheelchair": null, "contact:phone": null, "not:brand:wikidata": null, "opening_hours:covid19": null, "name:mr": null, "internet_access": null, "internet_access:fee": null, "payment:cash": null, "payment:credit_cards": null, "payment:debit_cards": null, "opening_hours:signed": null, "official_name": null, "bank": null, "contact:email": null, "opening_hours:drive_through": null, "addr:floor": null, "building:levels": null }, "geometry": { "type": "Point", "coordinates": [ 72.8255181, 19.132851 ] } },
{ "type": "Feature", "properties": { "element": "node", "id": 2166796344, "amenity": "bank", "atm": null, "brand": "Deutsche Bank", "brand:wikidata": "Q66048", "name": "Deutsche Bank", "operator": null, "brand:wikipedia": "en:Deutsche Bank", "short_name": null, "website": null, "name:en": null, "old_name": null, "addr:housename": null, "addr:postcode": null, "addr:street": null, "alt_name": null, "source": null, "building": null, "addr:housenumber": null, "wikidata": null, "wikipedia": null, "level": null, "branch": null, "check_date": "2026-01-18", "addr:city": null, "wikimedia_commons": null, "brand:en": null, "brand:hi": null, "brand:kn": null, "brand:pa": null, "brand:pnb": null, "brand:ur": null, "brand:wikipedia:pa": null, "name:hi": null, "name:kn": null, "name:pa": null, "name:pnb": null, "name:ur": null, "addr:suburb": null, "note": null, "phone": null, "addr:unit": null, "addr:district": null, "opening_hours": null, "email": null, "fax": null, "addr:city:ur": null, "contact:fax": null, "operator:ur": null, "short_name:ur": null, "description": null, "fixme": null, "check_date:opening_hours": null, "drive_through": null, "highway": null, "traffic_signals": null, "traffic_signals:direction": null, "name:zh": null, "air_conditioning": null, "wheelchair": null, "contact:phone": null, "not:brand:wikidata": null, "opening_hours:covid19": null, "name:mr": null, "internet_access": null, "internet_access:fee": null, "payment:cash": null, "payment:credit_cards": null, "payment:debit_cards": null, "opening_hours:signed": null, "official_name": null, "bank": null, "contact:email": null, "opening_hours:drive_through": null, "addr:floor": null, "building:levels": null }, "geometry": { "type": "Point", "coordinates": [ 72.8327115, 18.9383276 ] } },
{ "type": "Feature", "properties": { "element": "node", "id": 2166796346, "amenity": "bank", "atm": null, "brand": "Vijaya Bank", "brand:wikidata": "Q2003171", "name": "Vijaya Bank", "operator": null, "brand:wikipedia": "en:Vijaya Bank", "short_name": null, "website": null, "name:en": null, "old_name": null, "addr:housename": null, "addr:postcode": null, "addr:street": null, "alt_name": null, "source": null, "building": null, "addr:housenumber": null, "wikidata": null, "wikipedia": null, "level": null, "branch": null, "check_date": null, "addr:city": null, "wikimedia_commons": null, "brand:en": null, "brand:hi": null, "brand:kn": null, "brand:pa": null, "brand:pnb": null, "brand:ur": null, "brand:wikipedia:pa": null, "name:hi": null, "name:kn": null, "name:pa": null, "name:pnb": null, "name:ur": null, "addr:suburb": null, "note": null, "phone": null, "addr:unit": null, "addr:district": null, "opening_hours": null, "email": null, "fax": null, "addr:city:ur": null, "contact:fax": null, "operator:ur": null, "short_name:ur": null, "description": null, "fixme": null, "check_date:opening_hours": null, "drive_through": null, "highway": null, "traffic_signals": null, "traffic_signals:direction": null, "name:zh": null, "air_conditioning": null, "wheelchair": null, "contact:phone": null, "not:brand:wikidata": null, "opening_hours:covid19": null, "name:mr": null, "internet_access": null, "internet_access:fee": null, "payment:cash": null, "payment:credit_cards": null, "payment:debit_cards": null, "opening_hours:signed": null, "official_name": null, "bank": null, "contact:email": null, "opening_hours:drive_through": null, "addr:floor": null, "building:levels": null }, "geometry": { "type": "Point", "coordinates": [ 72.8331562, 18.9377203 ] } },
{ "type": "Feature", "properties": { "element": "node", "id": 2166856493, "amenity": "bank", "atm": null, "brand": "ABN AMRO", "brand:wikidata": "Q287471", "name": "ABN AMRO", "operator": null, "brand:wikipedia": "en:ABN AMRO", "short_name": null, "website": null, "name:en": null, "old_name": null, "addr:housename": null, "addr:postcode": null, "addr:street": null, "alt_name": null, "source": null, "building": null, "addr:housenumber": null, "wikidata": null, "wikipedia": null, "level": null, "branch": null, "check_date": null, "addr:city": null, "wikimedia_commons": null, "brand:en": null, "brand:hi": null, "brand:kn": null, "brand:pa": null, "brand:pnb": null, "brand:ur": null, "brand:wikipedia:pa": null, "name:hi": null, "name:kn": null, "name:pa": null, "name:pnb": null, "name:ur": null, "addr:suburb": null, "note": null, "phone": null, "addr:unit": null, "addr:district": null, "opening_hours": null, "email": null, "fax": null, "addr:city:ur": null, "contact:fax": null, "operator:ur": null, "short_name:ur": null, "description": null, "fixme": null, "check_date:opening_hours": null, "drive_through": null, "highway": null, "traffic_signals": null, "traffic_signals:direction": null, "name:zh": null, "air_conditioning": null, "wheelchair": null, "contact:phone": null, "not:brand:wikidata": null, "opening_hours:covid19": null, "name:mr": null, "internet_access": null, "internet_access:fee": null, "payment:cash": null, "payment:credit_cards": null, "payment:debit_cards": null, "opening_hours:signed": null, "official_name": null, "bank": null, "contact:email": null, "opening_hours:drive_through": null, "addr:floor": null, "building:levels": null }, "geometry": { "type": "Point", "coordinates": [ 72.8336634, 18.9323293 ] } },
{ "type": "Feature", "properties": { "element": "node", "id": 2166856495, "amenity": "bank", "atm": "yes", "brand": "HSBC", "brand:wikidata": "Q190464", "name": "HSBC", "operator": null, "brand:wikipedia": null, "short_name": null, "website": null, "name:en": null, "old_name": null, "addr:housename": null, "addr:postcode": null, "addr:street": "Veer Nariman Road", "alt_name": null, "source": null, "building": null, "addr:housenumber": null, "wikidata": null, "wikipedia": null, "level": null, "branch": null, "check_date": null, "addr:city": "Mumbai", "wikimedia_commons": null, "brand:en": null, "brand:hi": null, "brand:kn": null, "brand:pa": null, "brand:pnb": null, "brand:ur": null, "brand:wikipedia:pa": null, "name:hi": null, "name:kn": null, "name:pa": null, "name:pnb": null, "name:ur": null, "addr:suburb": null, "note": null, "phone": null, "addr:unit": null, "addr:district": null, "opening_hours": null, "email": null, "fax": null, "addr:city:ur": null, "contact:fax": null, "operator:ur": null, "short_name:ur": null, "description": null, "fixme": null, "check_date:opening_hours": null, "drive_through": null, "highway": null, "traffic_signals": null, "traffic_signals:direction": null, "name:zh": null, "air_conditioning": null, "wheelchair": null, "contact:phone": null, "not:brand:wikidata": null, "opening_hours:covid19": null, "name:mr": null, "internet_access": null, "internet_access:fee": null, "payment:cash": null, "payment:credit_cards": null, "payment:debit_cards": null, "opening_hours:signed": null, "official_name": null, "bank": null, "contact:email": null, "opening_hours:drive_through": null, "addr:floor": null, "building:levels": null }, "geometry": { "type": "Point", "coordinates": [ 72.8334299, 18.9323128 ] } },
{ "type": "Feature", "properties": { "element": "node", "id": 2166856496, "amenity": "bank", "atm": null, "brand": "Indian Overseas Bank", "brand:wikidata": "Q2003611", "name": "Indian Overseas Bank", "operator": null, "brand:wikipedia": "en:Indian Overseas Bank", "short_name": "IOB", "website": "https://www.iob.in", "name:en": "Indian Overseas Bank", "old_name": null, "addr:housename": null, "addr:postcode": null, "addr:street": null, "alt_name": null, "source": null, "building": null, "addr:housenumber": null, "wikidata": null, "wikipedia": null, "level": null, "branch": null, "check_date": null, "addr:city": null, "wikimedia_commons": null, "brand:en": null, "brand:hi": null, "brand:kn": null, "brand:pa": null, "brand:pnb": null, "brand:ur": null, "brand:wikipedia:pa": null, "name:hi": null, "name:kn": null, "name:pa": null, "name:pnb": null, "name:ur": null, "addr:suburb": null, "note": null, "phone": null, "addr:unit": null, "addr:district": null, "opening_hours": null, "email": null, "fax": null, "addr:city:ur": null, "contact:fax": null, "operator:ur": null, "short_name:ur": null, "description": null, "fixme": null, "check_date:opening_hours": null, "drive_through": null, "highway": null, "traffic_signals": null, "traffic_signals:direction": null, "name:zh": null, "air_conditioning": null, "wheelchair": null, "contact:phone": null, "not:brand:wikidata": null, "opening_hours:covid19": null, "name:mr": null, "internet_access": null, "internet_access:fee": null, "payment:cash": null, "payment:credit_cards": null, "payment:debit_cards": null, "opening_hours:signed": null, "official_name": null, "bank": null, "contact:email": null, "opening_hours:drive_through": null, "addr:floor": null, "building:levels": null }, "geometry": { "type": "Point", "coordinates": [ 72.8342104, 18.9323112 ] } },
{ "type": "Feature", "properties": { "element": "node", "id": 2166856499, "amenity": "bank", "atm": null, "brand": "Punjab National Bank", "brand:wikidata": "Q2743499", "name": "Punjab National Bank", "operator": null, "brand:wikipedia": null, "short_name": "PNB", "website": "https://www.pnbindia.in", "name:en": "Punjab National Bank", "old_name": null, "addr:housename": null, "addr:postcode": null, "addr:street": null, "alt_name": null, "source": null, "building": null, "addr:housenumber": null, "wikidata": null, "wikipedia": null, "level": null, "branch": null, "check_date": null, "addr:city": null, "wikimedia_commons": "Category:Punjab National Bank", "brand:en": null, "brand:hi": null, "brand:kn": null, "brand:pa": null, "brand:pnb": null, "brand:ur": null, "brand:wikipedia:pa": null, "name:hi": null, "name:kn": null, "name:pa": null, "name:pnb": null, "name:ur": null, "addr:suburb": null, "note": null, "phone": null, "addr:unit": null, "addr:district": null, "opening_hours": null, "email": null, "fax": null, "addr:city:ur": null, "contact:fax": null, "operator:ur": null, "short_name:ur": null, "description": null, "fixme": null, "check_date:opening_hours": null, "drive_through": null, "highway": null, "traffic_signals": null, "traffic_signals:direction": null, "name:zh": null, "air_conditioning": null, "wheelchair": null, "contact:phone": null, "not:brand:wikidata": null, "opening_hours:covid19": null, "name:mr": null, "internet_access": null, "internet_access:fee": null, "payment:cash": null, "payment:credit_cards": null, "payment:debit_cards": null, "opening_hours:signed": null, "official_name": null, "bank": null, "contact:email": null, "opening_hours:drive_through": null, "addr:floor": null, "building:levels": null }, "geometry": { "type": "Point", "coordinates": [ 72.8339437, 18.9323575 ] } },
{ "type": "Feature", "properties": { "element": "node", "id": 2166856503, "amenity": "bank", "atm": null, "brand": null, "brand:wikidata": null, "name": "Zorastrian Bank", "operator": null, "brand:wikipedia": null, "short_name": null, "website": null, "name:en": null, "old_name": null, "addr:housename": null, "addr:postcode": null, "addr:street": null, "alt_name": null, "source": null, "building": null, "addr:housenumber": null, "wikidata": null, "wikipedia": null, "level": null, "branch": null, "check_date": null, "addr:city": null, "wikimedia_commons": null, "brand:en": null, "brand:hi": null, "brand:kn": null, "brand:pa": null, "brand:pnb": null, "brand:ur": null, "brand:wikipedia:pa": null, "name:hi": null, "name:kn": null, "name:pa": null, "name:pnb": null, "name:ur": null, "addr:suburb": null, "note": null, "phone": null, "addr:unit": null, "addr:district": null, "opening_hours": null, "email": null, "fax": null, "addr:city:ur": null, "contact:fax": null, "operator:ur": null, "short_name:ur": null, "description": null, "fixme": null, "check_date:opening_hours": null, "drive_through": null, "highway": null, "traffic_signals": null, "traffic_signals:direction": null, "name:zh": null, "air_conditioning": null, "wheelchair": null, "contact:phone": null, "not:brand:wikidata": null, "opening_hours:covid19": null, "name:mr": null, "internet_access": null, "internet_access:fee": null, "payment:cash": null, "payment:credit_cards": null, "payment:debit_cards": null, "opening_hours:signed": null, "official_name": null, "bank": null, "contact:email": null, "opening_hours:drive_through": null, "addr:floor": null, "building:levels": null }, "geometry": { "type": "Point", "coordinates": [ 72.8356936, 18.9347594 ] } },
{ "type": "Feature", "properties": { "element": "node", "id": 2167547603, "amenity": "bank", "atm": null, "brand": null, "brand:wikidata": null, "name": "Bank National de Paris", "operator": null, "brand:wikipedia": null, "short_name": null, "website": null, "name:en": null, "old_name": null, "addr:housename": null, "addr:postcode": null, "addr:street": null, "alt_name": null, "source": null, "building": null, "addr:housenumber": null, "wikidata": null, "wikipedia": null, "level": null, "branch": null, "check_date": null, "addr:city": null, "wikimedia_commons": null, "brand:en": null, "brand:hi": null, "brand:kn": null, "brand:pa": null, "brand:pnb": null, "brand:ur": null, "brand:wikipedia:pa": null, "name:hi": null, "name:kn": null, "name:pa": null, "name:pnb": null, "name:ur": null, "addr:suburb": null, "note": null, "phone": null, "addr:unit": null, "addr:district": null, "opening_hours": null, "email": null, "fax": null, "addr:city:ur": null, "contact:fax": null, "operator:ur": null, "short_name:ur": null, "description": null, "fixme": null, "check_date:opening_hours": null, "drive_through": null, "highway": null, "traffic_signals": null, "traffic_signals:direction": null, "name:zh": null, "air_conditioning": null, "wheelchair": null, "contact:phone": null, "not:brand:wikidata": null, "opening_hours:covid19": null, "name:mr": null, "internet_access": null, "internet_access:fee": null, "payment:cash": null, "payment:credit_cards": null, "payment:debit_cards": null, "opening_hours:signed": null, "official_name": null, "bank": null, "contact:email": null, "opening_hours:drive_through": null, "addr:floor": null, "building:levels": null }, "geometry": { "type": "Point", "coordinates": [ 72.835429, 18.9334797 ] } },
{ "type": "Feature", "properties": { "element": "node", "id": 2167547604, "amenity": "bank", "atm": null, "brand": null, "brand:wikidata": null, "name": "Bank of Tokyo", "operator": null, "brand:wikipedia": null, "short_name": null, "website": null, "name:en": null, "old_name": null, "addr:housename": null, "addr:postcode": null, "addr:street": null, "alt_name": null, "source": null, "building": null, "addr:housenumber": null, "wikidata": null, "wikipedia": null, "level": null, "branch": null, "check_date": null, "addr:city": null, "wikimedia_commons": null, "brand:en": null, "brand:hi": null, "brand:kn": null, "brand:pa": null, "brand:pnb": null, "brand:ur": null, "brand:wikipedia:pa": null, "name:hi": null, "name:kn": null, "name:pa": null, "name:pnb": null, "name:ur": null, "addr:suburb": null, "note": null, "phone": null, "addr:unit": null, "addr:district": null, "opening_hours": null, "email": null, "fax": null, "addr:city:ur": null, "contact:fax": null, "operator:ur": null, "short_name:ur": null, "description": null, "fixme": null, "check_date:opening_hours": null, "drive_through": null, "highway": null, "traffic_signals": null, "traffic_signals:direction": null, "name:zh": null, "air_conditioning": null, "wheelchair": null, "contact:phone": null, "not:brand:wikidata": null, "opening_hours:covid19": null, "name:mr": null, "internet_access": null, "internet_access:fee": null, "payment:cash": null, "payment:credit_cards": null, "payment:debit_cards": null, "opening_hours:signed": null, "official_name": null, "bank": null, "contact:email": null, "opening_hours:drive_through": null, "addr:floor": null, "building:levels": null }, "geometry": { "type": "Point", "coordinates": [ 72.8348465, 18.9337367 ] } },
{ "type": "Feature", "properties": { "element": "node", "id": 2167547605, "amenity": "bank", "atm": null, "brand": "Canara Bank", "brand:wikidata": "Q2003777", "name": "Canara Bank", "operator": null, "brand:wikipedia": "en:Canara Bank", "short_name": null, "website": "https://www.canarabank.com/", "name:en": "Canara Bank", "old_name": null, "addr:housename": null, "addr:postcode": null, "addr:street": null, "alt_name": null, "source": null, "building": null, "addr:housenumber": null, "wikidata": null, "wikipedia": null, "level": null, "branch": null, "check_date": null, "addr:city": null, "wikimedia_commons": null, "brand:en": "Canara Bank", "brand:hi": "केनरा बैंक", "brand:kn": "ಕೆನರಾ ಬ್ಯಾಂಕ್", "brand:pa": "ਕੇਨਰਾ ਬੈਂਕ", "brand:pnb": "کینرا بینک", "brand:ur": "کینرا بینک", "brand:wikipedia:pa": "ਕੇਨਰਾ ਬੈਂਕ", "name:hi": "केनरा बैंक", "name:kn": "ಕೆನರಾ ಬ್ಯಾಂಕ್", "name:pa": "ਕੇਨਰਾ ਬੈਂਕ", "name:pnb": "کینرا بینک", "name:ur": "کینرا بینک", "addr:suburb": null, "note": null, "phone": null, "addr:unit": null, "addr:district": null, "opening_hours": null, "email": null, "fax": null, "addr:city:ur": null, "contact:fax": null, "operator:ur": null, "short_name:ur": null, "description": null, "fixme": null, "check_date:opening_hours": null, "drive_through": null, "highway": null, "traffic_signals": null, "traffic_signals:direction": null, "name:zh": null, "air_conditioning": null, "wheelchair": null, "contact:phone": null, "not:brand:wikidata": null, "opening_hours:covid19": null, "name:mr": null, "internet_access": null, "internet_access:fee": null, "payment:cash": null, "payment:credit_cards": null, "payment:debit_cards": null, "opening_hours:signed": null, "official_name": null, "bank": null, "contact:email": null, "opening_hours:drive_through": null, "addr:floor": null, "building:levels": null }, "geometry": { "type": "Point", "coordinates": [ 72.8343471, 18.92813 ] } },
{ "type": "Feature", "properties": { "element": "node", "id": 2168552195, "amenity": "bank", "atm": null, "brand": "Standard Chartered", "brand:wikidata": "Q548278", "name": "Standard Chartered", "operator": null, "brand:wikipedia": null, "short_name": null, "website": null, "name:en": null, "old_name": null, "addr:housename": null, "addr:postcode": null, "addr:street": null, "alt_name": null, "source": null, "building": null, "addr:housenumber": null, "wikidata": null, "wikipedia": null, "level": null, "branch": null, "check_date": null, "addr:city": null, "wikimedia_commons": null, "brand:en": null, "brand:hi": null, "brand:kn": null, "brand:pa": null, "brand:pnb": null, "brand:ur": null, "brand:wikipedia:pa": null, "name:hi": null, "name:kn": null, "name:pa": null, "name:pnb": null, "name:ur": null, "addr:suburb": null, "note": null, "phone": null, "addr:unit": null, "addr:district": null, "opening_hours": null, "email": null, "fax": null, "addr:city:ur": null, "contact:fax": null, "operator:ur": null, "short_name:ur": null, "description": null, "fixme": null, "check_date:opening_hours": null, "drive_through": null, "highway": null, "traffic_signals": null, "traffic_signals:direction": null, "name:zh": null, "air_conditioning": null, "wheelchair": null, "contact:phone": null, "not:brand:wikidata": null, "opening_hours:covid19": null, "name:mr": null, "internet_access": null, "internet_access:fee": null, "payment:cash": null, "payment:credit_cards": null, "payment:debit_cards": null, "opening_hours:signed": null, "official_name": null, "bank": null, "contact:email": null, "opening_hours:drive_through": null, "addr:floor": null, "building:levels": null }, "geometry": { "type": "Point", "coordinates": [ 72.8321546, 18.9325713 ] } },
{ "type": "Feature", "properties": { "element": "node", "id": 2168597659, "amenity": "bank", "atm": null, "brand": "Allahabad Bank", "brand:wikidata": "Q2018840", "name": "Allahabad Bank", "operator": null, "brand:wikipedia": "en:Allahabad Bank", "short_name": null, "website": "https://www.allahabadbank.in", "name:en": "Allahabad Bank", "old_name": null, "addr:housename": null, "addr:postcode": null, "addr:street": null, "alt_name": null, "source": null, "building": null, "addr:housenumber": null, "wikidata": null, "wikipedia": null, "level": null, "branch": null, "check_date": null, "addr:city": null, "wikimedia_commons": null, "brand:en": null, "brand:hi": null, "brand:kn": null, "brand:pa": null, "brand:pnb": null, "brand:ur": null, "brand:wikipedia:pa": null, "name:hi": null, "name:kn": null, "name:pa": null, "name:pnb": null, "name:ur": null, "addr:suburb": null, "note": null, "phone": null, "addr:unit": null, "addr:district": null, "opening_hours": null, "email": null, "fax": null, "addr:city:ur": null, "contact:fax": null, "operator:ur": null, "short_name:ur": null, "description": null, "fixme": null, "check_date:opening_hours": null, "drive_through": null, "highway": null, "traffic_signals": null, "traffic_signals:direction": null, "name:zh": null, "air_conditioning": null, "wheelchair": null, "contact:phone": null, "not:brand:wikidata": null, "opening_hours:covid19": null, "name:mr": null, "internet_access": null, "internet_access:fee": null, "payment:cash": null, "payment:credit_cards": null, "payment:debit_cards": null, "opening_hours:signed": null, "official_name": null, "bank": null, "contact:email": null, "opening_hours:drive_through": null, "addr:floor": null, "building:levels": null }, "geometry": { "type": "Point", "coordinates": [ 72.8354289, 18.9312413 ] } },
{ "type": "Feature", "properties": { "element": "node", "id": 2168597681, "amenity": "bank", "atm": null, "brand": "Bank of Maharashtra", "brand:wikidata": "Q2004304", "name": "Bank of Maharashtra", "operator": null, "brand:wikipedia": "en:Bank of Maharashtra", "short_name": null, "website": "https://www.bankofmaharashtra.in/", "name:en": "Bank of Maharashtra", "old_name": null, "addr:housename": null, "addr:postcode": null, "addr:street": null, "alt_name": null, "source": null, "building": null, "addr:housenumber": null, "wikidata": null, "wikipedia": null, "level": null, "branch": null, "check_date": null, "addr:city": null, "wikimedia_commons": null, "brand:en": null, "brand:hi": null, "brand:kn": null, "brand:pa": null, "brand:pnb": null, "brand:ur": null, "brand:wikipedia:pa": null, "name:hi": null, "name:kn": null, "name:pa": null, "name:pnb": null, "name:ur": null, "addr:suburb": null, "note": null, "phone": null, "addr:unit": null, "addr:district": null, "opening_hours": null, "email": null, "fax": null, "addr:city:ur": null, "contact:fax": null, "operator:ur": null, "short_name:ur": null, "description": null, "fixme": null, "check_date:opening_hours": null, "drive_through": null, "highway": null, "traffic_signals": null, "traffic_signals:direction": null, "name:zh": null, "air_conditioning": null, "wheelchair": null, "contact:phone": null, "not:brand:wikidata": null, "opening_hours:covid19": null, "name:mr": null, "internet_access": null, "internet_access:fee": null, "payment:cash": null, "payment:credit_cards": null, "payment:debit_cards": null, "opening_hours:signed": null, "official_name": null, "bank": null, "contact:email": null, "opening_hours:drive_through": null, "addr:floor": null, "building:levels": null }, "geometry": { "type": "Point", "coordinates": [ 72.8341517, 18.9305587 ] } },
{ "type": "Feature", "properties": { "element": "node", "id": 2168597685, "amenity": "bank", "atm": null, "brand": null, "brand:wikidata": null, "name": "Reserve Bank of India", "operator": null, "brand:wikipedia": null, "short_name": null, "website": null, "name:en": null, "old_name": null, "addr:housename": null, "addr:postcode": null, "addr:street": null, "alt_name": null, "source": null, "building": null, "addr:housenumber": null, "wikidata": "Q944085", "wikipedia": "en:Reserve Bank of India", "level": null, "branch": null, "check_date": null, "addr:city": null, "wikimedia_commons": null, "brand:en": null, "brand:hi": null, "brand:kn": null, "brand:pa": null, "brand:pnb": null, "brand:ur": null, "brand:wikipedia:pa": null, "name:hi": null, "name:kn": null, "name:pa": null, "name:pnb": null, "name:ur": null, "addr:suburb": null, "note": null, "phone": null, "addr:unit": null, "addr:district": null, "opening_hours": null, "email": null, "fax": null, "addr:city:ur": null, "contact:fax": null, "operator:ur": null, "short_name:ur": null, "description": null, "fixme": null, "check_date:opening_hours": null, "drive_through": null, "highway": null, "traffic_signals": null, "traffic_signals:direction": null, "name:zh": null, "air_conditioning": null, "wheelchair": null, "contact:phone": null, "not:brand:wikidata": null, "opening_hours:covid19": null, "name:mr": null, "internet_access": null, "internet_access:fee": null, "payment:cash": null, "payment:credit_cards": null, "payment:debit_cards": null, "opening_hours:signed": null, "official_name": null, "bank": null, "contact:email": null, "opening_hours:drive_through": null, "addr:floor": null, "building:levels": null }, "geometry": { "type": "Point", "coordinates": [ 72.8369772, 18.9327876 ] } },
{ "type": "Feature", "properties": { "element": "node", "id": 2168597692, "amenity": "bank", "atm": null, "brand": "State Bank of India", "brand:wikidata": "Q1340361", "name": "State Bank of India", "operator": null, "brand:wikipedia": "en:State Bank of India", "short_name": "SBI", "website": null, "name:en": null, "old_name": null, "addr:housename": null, "addr:postcode": null, "addr:street": null, "alt_name": null, "source": null, "building": null, "addr:housenumber": null, "wikidata": null, "wikipedia": null, "level": null, "branch": null, "check_date": null, "addr:city": null, "wikimedia_commons": null, "brand:en": null, "brand:hi": null, "brand:kn": null, "brand:pa": null, "brand:pnb": null, "brand:ur": null, "brand:wikipedia:pa": null, "name:hi": null, "name:kn": null, "name:pa": null, "name:pnb": null, "name:ur": null, "addr:suburb": null, "note": null, "phone": null, "addr:unit": null, "addr:district": null, "opening_hours": null, "email": null, "fax": null, "addr:city:ur": null, "contact:fax": null, "operator:ur": null, "short_name:ur": null, "description": null, "fixme": null, "check_date:opening_hours": null, "drive_through": null, "highway": null, "traffic_signals": null, "traffic_signals:direction": null, "name:zh": null, "air_conditioning": null, "wheelchair": null, "contact:phone": null, "not:brand:wikidata": null, "opening_hours:covid19": null, "name:mr": null, "internet_access": null, "internet_access:fee": null, "payment:cash": null, "payment:credit_cards": null, "payment:debit_cards": null, "opening_hours:signed": null, "official_name": null, "bank": null, "contact:email": null, "opening_hours:drive_through": null, "addr:floor": null, "building:levels": null }, "geometry": { "type": "Point", "coordinates": [ 72.8346779, 18.9310454 ] } },
{ "type": "Feature", "properties": { "element": "node", "id": 2168597698, "amenity": "bank", "atm": null, "brand": "State Bank of India", "brand:wikidata": "Q1340361", "name": "State Bank of India", "operator": null, "brand:wikipedia": "en:State Bank of India", "short_name": "SBI", "website": null, "name:en": null, "old_name": null, "addr:housename": null, "addr:postcode": null, "addr:street": null, "alt_name": null, "source": null, "building": null, "addr:housenumber": null, "wikidata": null, "wikipedia": null, "level": null, "branch": null, "check_date": null, "addr:city": null, "wikimedia_commons": null, "brand:en": null, "brand:hi": null, "brand:kn": null, "brand:pa": null, "brand:pnb": null, "brand:ur": null, "brand:wikipedia:pa": null, "name:hi": null, "name:kn": null, "name:pa": null, "name:pnb": null, "name:ur": null, "addr:suburb": null, "note": null, "phone": null, "addr:unit": null, "addr:district": null, "opening_hours": null, "email": null, "fax": null, "addr:city:ur": null, "contact:fax": null, "operator:ur": null, "short_name:ur": null, "description": null, "fixme": null, "check_date:opening_hours": null, "drive_through": null, "highway": null, "traffic_signals": null, "traffic_signals:direction": null, "name:zh": null, "air_conditioning": null, "wheelchair": null, "contact:phone": null, "not:brand:wikidata": null, "opening_hours:covid19": null, "name:mr": null, "internet_access": null, "internet_access:fee": null, "payment:cash": null, "payment:credit_cards": null, "payment:debit_cards": null, "opening_hours:signed": null, "official_name": null, "bank": null, "contact:email": null, "opening_hours:drive_through": null, "addr:floor": null, "building:levels": null }, "geometry": { "type": "Point", "coordinates": [ 72.834342, 18.9310858 ] } },
{ "type": "Feature", "properties": { "element": "node", "id": 2168654399, "amenity": "bank", "atm": null, "brand": "Canara Bank", "brand:wikidata": "Q2003777", "name": "Canara Bank", "operator": null, "brand:wikipedia": null, "short_name": null, "website": null, "name:en": "Canara Bank", "old_name": null, "addr:housename": null, "addr:postcode": null, "addr:street": null, "alt_name": null, "source": null, "building": null, "addr:housenumber": null, "wikidata": null, "wikipedia": null, "level": null, "branch": null, "check_date": null, "addr:city": null, "wikimedia_commons": "Category:Syndicate Bank", "brand:en": "Canara Bank", "brand:hi": "केनरा बैंक", "brand:kn": "ಕೆನರಾ ಬ್ಯಾಂಕ್", "brand:pa": "ਕੇਨਰਾ ਬੈਂਕ", "brand:pnb": "کینرا بینک", "brand:ur": "کینرا بینک", "brand:wikipedia:pa": null, "name:hi": "केनरा बैंक", "name:kn": "ಕೆನರಾ ಬ್ಯಾಂಕ್", "name:pa": "ਕੇਨਰਾ ਬੈਂਕ", "name:pnb": "کینرا بینک", "name:ur": "کینرا بینک", "addr:suburb": null, "note": null, "phone": null, "addr:unit": null, "addr:district": null, "opening_hours": null, "email": null, "fax": null, "addr:city:ur": null, "contact:fax": null, "operator:ur": null, "short_name:ur": null, "description": null, "fixme": null, "check_date:opening_hours": null, "drive_through": null, "highway": null, "traffic_signals": null, "traffic_signals:direction": null, "name:zh": null, "air_conditioning": null, "wheelchair": null, "contact:phone": null, "not:brand:wikidata": null, "opening_hours:covid19": null, "name:mr": null, "internet_access": null, "internet_access:fee": null, "payment:cash": null, "payment:credit_cards": null, "payment:debit_cards": null, "opening_hours:signed": null, "official_name": null, "bank": null, "contact:email": null, "opening_hours:drive_through": null, "addr:floor": null, "building:levels": null }, "geometry": { "type": "Point", "coordinates": [ 72.8351006, 18.9332287 ] } },
{ "type": "Feature", "properties": { "element": "node", "id": 2168853713, "amenity": "bank", "atm": null, "brand": null, "brand:wikidata": null, "name": "Bank of Rajasthan", "operator": null, "brand:wikipedia": null, "short_name": null, "website": null, "name:en": null, "old_name": null, "addr:housename": null, "addr:postcode": null, "addr:street": null, "alt_name": null, "source": null, "building": null, "addr:housenumber": null, "wikidata": null, "wikipedia": null, "level": null, "branch": null, "check_date": null, "addr:city": null, "wikimedia_commons": null, "brand:en": null, "brand:hi": null, "brand:kn": null, "brand:pa": null, "brand:pnb": null, "brand:ur": null, "brand:wikipedia:pa": null, "name:hi": null, "name:kn": null, "name:pa": null, "name:pnb": null, "name:ur": null, "addr:suburb": null, "note": null, "phone": null, "addr:unit": null, "addr:district": null, "opening_hours": null, "email": null, "fax": null, "addr:city:ur": null, "contact:fax": null, "operator:ur": null, "short_name:ur": null, "description": null, "fixme": null, "check_date:opening_hours": null, "drive_through": null, "highway": null, "traffic_signals": null, "traffic_signals:direction": null, "name:zh": null, "air_conditioning": null, "wheelchair": null, "contact:phone": null, "not:brand:wikidata": null, "opening_hours:covid19": null, "name:mr": null, "internet_access": null, "internet_access:fee": null, "payment:cash": null, "payment:credit_cards": null, "payment:debit_cards": null, "opening_hours:signed": null, "official_name": null, "bank": null, "contact:email": null, "opening_hours:drive_through": null, "addr:floor": null, "building:levels": null }, "geometry": { "type": "Point", "coordinates": [ 72.8328438, 18.9336784 ] } },
{ "type": "Feature", "properties": { "element": "node", "id": 2169130410, "amenity": "bank", "atm": null, "brand": null, "brand:wikidata": null, "name": "American Express Bank", "operator": null, "brand:wikipedia": null, "short_name": null, "website": null, "name:en": null, "old_name": null, "addr:housename": null, "addr:postcode": null, "addr:street": null, "alt_name": null, "source": null, "building": null, "addr:housenumber": null, "wikidata": null, "wikipedia": null, "level": null, "branch": null, "check_date": null, "addr:city": null, "wikimedia_commons": null, "brand:en": null, "brand:hi": null, "brand:kn": null, "brand:pa": null, "brand:pnb": null, "brand:ur": null, "brand:wikipedia:pa": null, "name:hi": null, "name:kn": null, "name:pa": null, "name:pnb": null, "name:ur": null, "addr:suburb": null, "note": null, "phone": null, "addr:unit": null, "addr:district": null, "opening_hours": null, "email": null, "fax": null, "addr:city:ur": null, "contact:fax": null, "operator:ur": null, "short_name:ur": null, "description": null, "fixme": null, "check_date:opening_hours": null, "drive_through": null, "highway": null, "traffic_signals": null, "traffic_signals:direction": null, "name:zh": null, "air_conditioning": null, "wheelchair": null, "contact:phone": null, "not:brand:wikidata": null, "opening_hours:covid19": null, "name:mr": null, "internet_access": null, "internet_access:fee": null, "payment:cash": null, "payment:credit_cards": null, "payment:debit_cards": null, "opening_hours:signed": null, "official_name": null, "bank": null, "contact:email": null, "opening_hours:drive_through": null, "addr:floor": null, "building:levels": null }, "geometry": { "type": "Point", "coordinates": [ 72.8315526, 18.9333406 ] } },
{ "type": "Feature", "properties": { "element": "node", "id": 2173557095, "amenity": "bank", "atm": "yes", "brand": "Kotak Mahindra Bank", "brand:wikidata": "Q2040404", "name": "Kotak Mahindra Bank", "operator": "Kotak Mahindra", "brand:wikipedia": null, "short_name": null, "website": null, "name:en": null, "old_name": null, "addr:housename": "Makar Mahal", "addr:postcode": "400050", "addr:street": "Perry Road", "alt_name": null, "source": null, "building": null, "addr:housenumber": null, "wikidata": null, "wikipedia": null, "level": null, "branch": null, "check_date": null, "addr:city": "Mumbai", "wikimedia_commons": null, "brand:en": null, "brand:hi": null, "brand:kn": null, "brand:pa": null, "brand:pnb": null, "brand:ur": null, "brand:wikipedia:pa": null, "name:hi": null, "name:kn": null, "name:pa": null, "name:pnb": null, "name:ur": null, "addr:suburb": null, "note": null, "phone": null, "addr:unit": null, "addr:district": null, "opening_hours": null, "email": null, "fax": null, "addr:city:ur": null, "contact:fax": null, "operator:ur": null, "short_name:ur": null, "description": null, "fixme": null, "check_date:opening_hours": null, "drive_through": null, "highway": null, "traffic_signals": null, "traffic_signals:direction": null, "name:zh": null, "air_conditioning": null, "wheelchair": null, "contact:phone": null, "not:brand:wikidata": null, "opening_hours:covid19": null, "name:mr": null, "internet_access": null, "internet_access:fee": null, "payment:cash": null, "payment:credit_cards": null, "payment:debit_cards": null, "opening_hours:signed": null, "official_name": null, "bank": null, "contact:email": null, "opening_hours:drive_through": null, "addr:floor": null, "building:levels": null }, "geometry": { "type": "Point", "coordinates": [ 72.8292949, 19.0596816 ] } },
{ "type": "Feature", "properties": { "element": "node", "id": 2173585904, "amenity": "bank", "atm": "yes", "brand": "HSBC", "brand:wikidata": "Q190464", "name": "HSBC", "operator": null, "brand:wikipedia": null, "short_name": null, "website": null, "name:en": null, "old_name": null, "addr:housename": null, "addr:postcode": "400050", "addr:street": "Dr. BR Ambedkar Road", "alt_name": null, "source": null, "building": null, "addr:housenumber": null, "wikidata": null, "wikipedia": null, "level": null, "branch": null, "check_date": null, "addr:city": "Mumbai", "wikimedia_commons": null, "brand:en": null, "brand:hi": null, "brand:kn": null, "brand:pa": null, "brand:pnb": null, "brand:ur": null, "brand:wikipedia:pa": null, "name:hi": null, "name:kn": null, "name:pa": null, "name:pnb": null, "name:ur": null, "addr:suburb": "Bandra West", "note": null, "phone": null, "addr:unit": null, "addr:district": null, "opening_hours": null, "email": null, "fax": null, "addr:city:ur": null, "contact:fax": null, "operator:ur": null, "short_name:ur": null, "description": null, "fixme": null, "check_date:opening_hours": null, "drive_through": null, "highway": null, "traffic_signals": null, "traffic_signals:direction": null, "name:zh": null, "air_conditioning": null, "wheelchair": null, "contact:phone": null, "not:brand:wikidata": null, "opening_hours:covid19": null, "name:mr": null, "internet_access": null, "internet_access:fee": null, "payment:cash": null, "payment:credit_cards": null, "payment:debit_cards": null, "opening_hours:signed": null, "official_name": null, "bank": null, "contact:email": null, "opening_hours:drive_through": null, "addr:floor": null, "building:levels": null }, "geometry": { "type": "Point", "coordinates": [ 72.8294526, 19.0603513 ] } },
{ "type": "Feature", "properties": { "element": "node", "id": 2181459990, "amenity": "bank", "atm": "yes", "brand": "Bank of Baroda", "brand:wikidata": "Q2003797", "name": "Bank of Baroda", "operator": null, "brand:wikipedia": "en:Bank of Baroda", "short_name": "BoB", "website": "http://www.bankofbaroda.com", "name:en": "Bank of Baroda", "old_name": null, "addr:housename": null, "addr:postcode": null, "addr:street": null, "alt_name": null, "source": null, "building": null, "addr:housenumber": null, "wikidata": null, "wikipedia": null, "level": null, "branch": null, "check_date": null, "addr:city": null, "wikimedia_commons": null, "brand:en": null, "brand:hi": null, "brand:kn": null, "brand:pa": null, "brand:pnb": null, "brand:ur": null, "brand:wikipedia:pa": null, "name:hi": null, "name:kn": null, "name:pa": null, "name:pnb": null, "name:ur": null, "addr:suburb": null, "note": null, "phone": null, "addr:unit": null, "addr:district": null, "opening_hours": null, "email": null, "fax": null, "addr:city:ur": null, "contact:fax": null, "operator:ur": null, "short_name:ur": null, "description": null, "fixme": null, "check_date:opening_hours": null, "drive_through": null, "highway": null, "traffic_signals": null, "traffic_signals:direction": null, "name:zh": null, "air_conditioning": null, "wheelchair": null, "contact:phone": null, "not:brand:wikidata": null, "opening_hours:covid19": null, "name:mr": null, "internet_access": null, "internet_access:fee": null, "payment:cash": null, "payment:credit_cards": null, "payment:debit_cards": null, "opening_hours:signed": null, "official_name": null, "bank": null, "contact:email": null, "opening_hours:drive_through": null, "addr:floor": null, "building:levels": null }, "geometry": { "type": "Point", "coordinates": [ 72.8268395, 19.1401975 ] } },
{ "type": "Feature", "properties": { "element": "node", "id": 2186668925, "amenity": "bank", "atm": null, "brand": null, "brand:wikidata": null, "name": "Shamrao Viththal Cooperative Bank", "operator": null, "brand:wikipedia": null, "short_name": null, "website": null, "name:en": null, "old_name": null, "addr:housename": null, "addr:postcode": null, "addr:street": null, "alt_name": null, "source": null, "building": null, "addr:housenumber": null, "wikidata": null, "wikipedia": null, "level": null, "branch": null, "check_date": null, "addr:city": null, "wikimedia_commons": null, "brand:en": null, "brand:hi": null, "brand:kn": null, "brand:pa": null, "brand:pnb": null, "brand:ur": null, "brand:wikipedia:pa": null, "name:hi": null, "name:kn": null, "name:pa": null, "name:pnb": null, "name:ur": null, "addr:suburb": null, "note": null, "phone": null, "addr:unit": null, "addr:district": null, "opening_hours": null, "email": null, "fax": null, "addr:city:ur": null, "contact:fax": null, "operator:ur": null, "short_name:ur": null, "description": null, "fixme": null, "check_date:opening_hours": null, "drive_through": null, "highway": null, "traffic_signals": null, "traffic_signals:direction": null, "name:zh": null, "air_conditioning": null, "wheelchair": null, "contact:phone": null, "not:brand:wikidata": null, "opening_hours:covid19": null, "name:mr": null, "internet_access": null, "internet_access:fee": null, "payment:cash": null, "payment:credit_cards": null, "payment:debit_cards": null, "opening_hours:signed": null, "official_name": null, "bank": null, "contact:email": null, "opening_hours:drive_through": null, "addr:floor": null, "building:levels": null }, "geometry": { "type": "Point", "coordinates": [ 72.8273474, 19.1327516 ] } },
{ "type": "Feature", "properties": { "element": "node", "id": 2188840265, "amenity": "bank", "atm": null, "brand": null, "brand:wikidata": null, "name": "Jankalyan Sahkari Bank Ltd", "operator": null, "brand:wikipedia": null, "short_name": null, "website": null, "name:en": null, "old_name": null, "addr:housename": null, "addr:postcode": null, "addr:street": null, "alt_name": null, "source": null, "building": null, "addr:housenumber": null, "wikidata": null, "wikipedia": null, "level": null, "branch": null, "check_date": null, "addr:city": null, "wikimedia_commons": null, "brand:en": null, "brand:hi": null, "brand:kn": null, "brand:pa": null, "brand:pnb": null, "brand:ur": null, "brand:wikipedia:pa": null, "name:hi": null, "name:kn": null, "name:pa": null, "name:pnb": null, "name:ur": null, "addr:suburb": null, "note": null, "phone": null, "addr:unit": null, "addr:district": null, "opening_hours": null, "email": null, "fax": null, "addr:city:ur": null, "contact:fax": null, "operator:ur": null, "short_name:ur": null, "description": null, "fixme": null, "check_date:opening_hours": null, "drive_through": null, "highway": null, "traffic_signals": null, "traffic_signals:direction": null, "name:zh": null, "air_conditioning": null, "wheelchair": null, "contact:phone": null, "not:brand:wikidata": null, "opening_hours:covid19": null, "name:mr": null, "internet_access": null, "internet_access:fee": null, "payment:cash": null, "payment:credit_cards": null, "payment:debit_cards": null, "opening_hours:signed": null, "official_name": null, "bank": null, "contact:email": null, "opening_hours:drive_through": null, "addr:floor": null, "building:levels": null }, "geometry": { "type": "Point", "coordinates": [ 72.8671624, 19.1068579 ] } },
{ "type": "Feature", "properties": { "element": "node", "id": 2189176387, "amenity": "bank", "atm": "yes", "brand": "Deutsche Bank", "brand:wikidata": "Q66048", "name": "Deutsche Bank", "operator": null, "brand:wikipedia": "en:Deutsche Bank", "short_name": null, "website": null, "name:en": null, "old_name": null, "addr:housename": null, "addr:postcode": null, "addr:street": null, "alt_name": null, "source": null, "building": null, "addr:housenumber": null, "wikidata": null, "wikipedia": null, "level": null, "branch": null, "check_date": null, "addr:city": null, "wikimedia_commons": null, "brand:en": null, "brand:hi": null, "brand:kn": null, "brand:pa": null, "brand:pnb": null, "brand:ur": null, "brand:wikipedia:pa": null, "name:hi": null, "name:kn": null, "name:pa": null, "name:pnb": null, "name:ur": null, "addr:suburb": null, "note": null, "phone": null, "addr:unit": null, "addr:district": null, "opening_hours": null, "email": null, "fax": null, "addr:city:ur": null, "contact:fax": null, "operator:ur": null, "short_name:ur": null, "description": null, "fixme": null, "check_date:opening_hours": null, "drive_through": null, "highway": null, "traffic_signals": null, "traffic_signals:direction": null, "name:zh": null, "air_conditioning": null, "wheelchair": null, "contact:phone": null, "not:brand:wikidata": null, "opening_hours:covid19": null, "name:mr": null, "internet_access": null, "internet_access:fee": null, "payment:cash": null, "payment:credit_cards": null, "payment:debit_cards": null, "opening_hours:signed": null, "official_name": null, "bank": null, "contact:email": null, "opening_hours:drive_through": null, "addr:floor": null, "building:levels": null }, "geometry": { "type": "Point", "coordinates": [ 72.833753, 18.9365589 ] } },
{ "type": "Feature", "properties": { "element": "node", "id": 2189176388, "amenity": "bank", "atm": "yes", "brand": "ICICI Bank", "brand:wikidata": "Q1653258", "name": "ICICI Bank", "operator": null, "brand:wikipedia": null, "short_name": "ICICI", "website": null, "name:en": null, "old_name": null, "addr:housename": null, "addr:postcode": null, "addr:street": null, "alt_name": null, "source": null, "building": null, "addr:housenumber": null, "wikidata": null, "wikipedia": null, "level": null, "branch": null, "check_date": null, "addr:city": null, "wikimedia_commons": null, "brand:en": null, "brand:hi": null, "brand:kn": null, "brand:pa": null, "brand:pnb": null, "brand:ur": null, "brand:wikipedia:pa": null, "name:hi": null, "name:kn": null, "name:pa": null, "name:pnb": null, "name:ur": null, "addr:suburb": null, "note": null, "phone": null, "addr:unit": null, "addr:district": null, "opening_hours": null, "email": null, "fax": null, "addr:city:ur": null, "contact:fax": null, "operator:ur": null, "short_name:ur": null, "description": null, "fixme": null, "check_date:opening_hours": null, "drive_through": null, "highway": null, "traffic_signals": null, "traffic_signals:direction": null, "name:zh": null, "air_conditioning": null, "wheelchair": null, "contact:phone": null, "not:brand:wikidata": null, "opening_hours:covid19": null, "name:mr": null, "internet_access": null, "internet_access:fee": null, "payment:cash": null, "payment:credit_cards": null, "payment:debit_cards": null, "opening_hours:signed": null, "official_name": null, "bank": null, "contact:email": null, "opening_hours:drive_through": null, "addr:floor": null, "building:levels": null }, "geometry": { "type": "Point", "coordinates": [ 72.8334156, 18.9358085 ] } },
{ "type": "Feature", "properties": { "element": "node", "id": 2296930090, "amenity": "bank", "atm": null, "brand": "IDBI", "brand:wikidata": "Q3633485", "name": "IDBI Bank", "operator": "IDBI Bank", "brand:wikipedia": "en:IDBI Bank", "short_name": "IDBI", "website": "https://www.idbi.com", "name:en": "IDBI Bank", "old_name": "Industrial Development Bank of India", "addr:housename": null, "addr:postcode": null, "addr:street": null, "alt_name": null, "source": null, "building": null, "addr:housenumber": null, "wikidata": null, "wikipedia": null, "level": null, "branch": null, "check_date": null, "addr:city": null, "wikimedia_commons": null, "brand:en": null, "brand:hi": null, "brand:kn": null, "brand:pa": null, "brand:pnb": null, "brand:ur": null, "brand:wikipedia:pa": null, "name:hi": null, "name:kn": null, "name:pa": null, "name:pnb": null, "name:ur": null, "addr:suburb": null, "note": null, "phone": null, "addr:unit": null, "addr:district": null, "opening_hours": null, "email": null, "fax": null, "addr:city:ur": null, "contact:fax": null, "operator:ur": null, "short_name:ur": null, "description": null, "fixme": null, "check_date:opening_hours": null, "drive_through": null, "highway": null, "traffic_signals": null, "traffic_signals:direction": null, "name:zh": null, "air_conditioning": null, "wheelchair": null, "contact:phone": null, "not:brand:wikidata": null, "opening_hours:covid19": null, "name:mr": null, "internet_access": null, "internet_access:fee": null, "payment:cash": null, "payment:credit_cards": null, "payment:debit_cards": null, "opening_hours:signed": null, "official_name": null, "bank": null, "contact:email": null, "opening_hours:drive_through": null, "addr:floor": null, "building:levels": null }, "geometry": { "type": "Point", "coordinates": [ 72.9572656, 19.1695747 ] } },
{ "type": "Feature", "properties": { "element": "node", "id": 2296930091, "amenity": "bank", "atm": null, "brand": null, "brand:wikidata": "Q1340361", "name": "State Bank of India, Mulund E", "operator": "State Bank of India", "brand:wikipedia": "en:State Bank of India", "short_name": "SBI", "website": null, "name:en": null, "old_name": null, "addr:housename": null, "addr:postcode": null, "addr:street": null, "alt_name": null, "source": null, "building": null, "addr:housenumber": null, "wikidata": null, "wikipedia": null, "level": null, "branch": null, "check_date": null, "addr:city": null, "wikimedia_commons": null, "brand:en": null, "brand:hi": null, "brand:kn": null, "brand:pa": null, "brand:pnb": null, "brand:ur": null, "brand:wikipedia:pa": null, "name:hi": null, "name:kn": null, "name:pa": null, "name:pnb": null, "name:ur": null, "addr:suburb": null, "note": null, "phone": null, "addr:unit": null, "addr:district": null, "opening_hours": null, "email": null, "fax": null, "addr:city:ur": null, "contact:fax": null, "operator:ur": null, "short_name:ur": null, "description": null, "fixme": null, "check_date:opening_hours": null, "drive_through": null, "highway": null, "traffic_signals": null, "traffic_signals:direction": null, "name:zh": null, "air_conditioning": null, "wheelchair": null, "contact:phone": null, "not:brand:wikidata": null, "opening_hours:covid19": null, "name:mr": null, "internet_access": null, "internet_access:fee": null, "payment:cash": null, "payment:credit_cards": null, "payment:debit_cards": null, "opening_hours:signed": null, "official_name": null, "bank": null, "contact:email": null, "opening_hours:drive_through": null, "addr:floor": null, "building:levels": null }, "geometry": { "type": "Point", "coordinates": [ 72.955753, 19.1701837 ] } },
{ "type": "Feature", "properties": { "element": "node", "id": 2313088123, "amenity": "bank", "atm": "yes", "brand": null, "brand:wikidata": "Q1340361", "name": "State Bank of India", "operator": null, "brand:wikipedia": "en:State Bank of India", "short_name": "SBI", "website": null, "name:en": null, "old_name": null, "addr:housename": "State Bank of India", "addr:postcode": "400087", "addr:street": "Vihar Lake Marg", "alt_name": null, "source": null, "building": null, "addr:housenumber": null, "wikidata": null, "wikipedia": null, "level": null, "branch": null, "check_date": null, "addr:city": "NITIE PO, Powai, Mumbai", "wikimedia_commons": null, "brand:en": null, "brand:hi": null, "brand:kn": null, "brand:pa": null, "brand:pnb": null, "brand:ur": null, "brand:wikipedia:pa": null, "name:hi": null, "name:kn": null, "name:pa": null, "name:pnb": null, "name:ur": null, "addr:suburb": null, "note": "Branch Code: 09055", "phone": "022-28575099", "addr:unit": null, "addr:district": null, "opening_hours": null, "email": null, "fax": null, "addr:city:ur": null, "contact:fax": null, "operator:ur": null, "short_name:ur": null, "description": null, "fixme": null, "check_date:opening_hours": null, "drive_through": null, "highway": null, "traffic_signals": null, "traffic_signals:direction": null, "name:zh": null, "air_conditioning": null, "wheelchair": null, "contact:phone": null, "not:brand:wikidata": null, "opening_hours:covid19": null, "name:mr": null, "internet_access": null, "internet_access:fee": null, "payment:cash": null, "payment:credit_cards": null, "payment:debit_cards": null, "opening_hours:signed": null, "official_name": null, "bank": null, "contact:email": null, "opening_hours:drive_through": null, "addr:floor": null, "building:levels": null }, "geometry": { "type": "Point", "coordinates": [ 72.9005482, 19.1352428 ] } },
{ "type": "Feature", "properties": { "element": "node", "id": 2319384840, "amenity": "bank", "atm": "yes", "brand": "HDFC", "brand:wikidata": "Q631047", "name": "HDFC Bank", "operator": null, "brand:wikipedia": "en:HDFC Bank", "short_name": "HDFC", "website": "https://www.hdfcbank.com", "name:en": null, "old_name": null, "addr:housename": null, "addr:postcode": null, "addr:street": null, "alt_name": null, "source": null, "building": null, "addr:housenumber": null, "wikidata": null, "wikipedia": null, "level": null, "branch": null, "check_date": null, "addr:city": null, "wikimedia_commons": null, "brand:en": null, "brand:hi": null, "brand:kn": null, "brand:pa": null, "brand:pnb": null, "brand:ur": null, "brand:wikipedia:pa": null, "name:hi": null, "name:kn": null, "name:pa": null, "name:pnb": null, "name:ur": null, "addr:suburb": null, "note": null, "phone": null, "addr:unit": null, "addr:district": null, "opening_hours": null, "email": null, "fax": null, "addr:city:ur": null, "contact:fax": null, "operator:ur": null, "short_name:ur": null, "description": null, "fixme": null, "check_date:opening_hours": null, "drive_through": null, "highway": null, "traffic_signals": null, "traffic_signals:direction": null, "name:zh": null, "air_conditioning": null, "wheelchair": null, "contact:phone": null, "not:brand:wikidata": null, "opening_hours:covid19": null, "name:mr": null, "internet_access": null, "internet_access:fee": null, "payment:cash": null, "payment:credit_cards": null, "payment:debit_cards": null, "opening_hours:signed": null, "official_name": null, "bank": null, "contact:email": null, "opening_hours:drive_through": null, "addr:floor": null, "building:levels": null }, "geometry": { "type": "Point", "coordinates": [ 72.9002908, 19.0584544 ] } },
{ "type": "Feature", "properties": { "element": "node", "id": 2366680453, "amenity": "bank", "atm": null, "brand": null, "brand:wikidata": null, "name": "oroental Bank Of Commerce", "operator": null, "brand:wikipedia": null, "short_name": null, "website": null, "name:en": null, "old_name": null, "addr:housename": null, "addr:postcode": null, "addr:street": null, "alt_name": null, "source": null, "building": "apartments", "addr:housenumber": null, "wikidata": null, "wikipedia": null, "level": null, "branch": null, "check_date": null, "addr:city": null, "wikimedia_commons": null, "brand:en": null, "brand:hi": null, "brand:kn": null, "brand:pa": null, "brand:pnb": null, "brand:ur": null, "brand:wikipedia:pa": null, "name:hi": null, "name:kn": null, "name:pa": null, "name:pnb": null, "name:ur": null, "addr:suburb": null, "note": null, "phone": null, "addr:unit": null, "addr:district": null, "opening_hours": null, "email": null, "fax": null, "addr:city:ur": null, "contact:fax": null, "operator:ur": null, "short_name:ur": null, "description": null, "fixme": null, "check_date:opening_hours": null, "drive_through": null, "highway": null, "traffic_signals": null, "traffic_signals:direction": null, "name:zh": null, "air_conditioning": null, "wheelchair": null, "contact:phone": null, "not:brand:wikidata": null, "opening_hours:covid19": null, "name:mr": null, "internet_access": null, "internet_access:fee": null, "payment:cash": null, "payment:credit_cards": null, "payment:debit_cards": null, "opening_hours:signed": null, "official_name": null, "bank": null, "contact:email": null, "opening_hours:drive_through": null, "addr:floor": null, "building:levels": null }, "geometry": { "type": "Point", "coordinates": [ 72.8311691, 19.1653937 ] } },
{ "type": "Feature", "properties": { "element": "node", "id": 2368204850, "amenity": "bank", "atm": null, "brand": "ICICI", "brand:wikidata": "Q1653258", "name": "ICICI Bank", "operator": null, "brand:wikipedia": null, "short_name": "ICICI", "website": "https://www.icicibank.com", "name:en": "ICICI Bank", "old_name": null, "addr:housename": null, "addr:postcode": null, "addr:street": null, "alt_name": null, "source": null, "building": null, "addr:housenumber": null, "wikidata": "Q1653258", "wikipedia": "en:ICICI Bank", "level": null, "branch": null, "check_date": null, "addr:city": null, "wikimedia_commons": null, "brand:en": null, "brand:hi": null, "brand:kn": null, "brand:pa": null, "brand:pnb": null, "brand:ur": null, "brand:wikipedia:pa": null, "name:hi": null, "name:kn": null, "name:pa": null, "name:pnb": null, "name:ur": null, "addr:suburb": null, "note": null, "phone": null, "addr:unit": null, "addr:district": null, "opening_hours": null, "email": null, "fax": null, "addr:city:ur": null, "contact:fax": null, "operator:ur": null, "short_name:ur": null, "description": null, "fixme": null, "check_date:opening_hours": null, "drive_through": null, "highway": null, "traffic_signals": null, "traffic_signals:direction": null, "name:zh": null, "air_conditioning": null, "wheelchair": null, "contact:phone": null, "not:brand:wikidata": null, "opening_hours:covid19": null, "name:mr": null, "internet_access": null, "internet_access:fee": null, "payment:cash": null, "payment:credit_cards": null, "payment:debit_cards": null, "opening_hours:signed": null, "official_name": null, "bank": null, "contact:email": null, "opening_hours:drive_through": null, "addr:floor": null, "building:levels": null }, "geometry": { "type": "Point", "coordinates": [ 72.829182, 19.1123097 ] } },
{ "type": "Feature", "properties": { "element": "node", "id": 2397247529, "amenity": "bank", "atm": null, "brand": "RBL Bank", "brand:wikidata": "Q13120398", "name": "RBL Bank", "operator": null, "brand:wikipedia": "en:RBL Bank", "short_name": "RBL", "website": "https://www.rblbank.com", "name:en": "RBL Bank", "old_name": "Ratnakar Bank Limited", "addr:housename": null, "addr:postcode": null, "addr:street": null, "alt_name": "RBL Bank Limited", "source": null, "building": null, "addr:housenumber": null, "wikidata": null, "wikipedia": null, "level": null, "branch": null, "check_date": null, "addr:city": null, "wikimedia_commons": null, "brand:en": null, "brand:hi": null, "brand:kn": null, "brand:pa": null, "brand:pnb": null, "brand:ur": null, "brand:wikipedia:pa": null, "name:hi": null, "name:kn": null, "name:pa": null, "name:pnb": null, "name:ur": null, "addr:suburb": null, "note": null, "phone": null, "addr:unit": null, "addr:district": null, "opening_hours": null, "email": null, "fax": null, "addr:city:ur": null, "contact:fax": null, "operator:ur": null, "short_name:ur": null, "description": null, "fixme": null, "check_date:opening_hours": null, "drive_through": null, "highway": null, "traffic_signals": null, "traffic_signals:direction": null, "name:zh": null, "air_conditioning": null, "wheelchair": null, "contact:phone": null, "not:brand:wikidata": null, "opening_hours:covid19": null, "name:mr": null, "internet_access": null, "internet_access:fee": null, "payment:cash": null, "payment:credit_cards": null, "payment:debit_cards": null, "opening_hours:signed": null, "official_name": null, "bank": null, "contact:email": null, "opening_hours:drive_through": null, "addr:floor": null, "building:levels": null }, "geometry": { "type": "Point", "coordinates": [ 72.8471442, 19.1745705 ] } },
{ "type": "Feature", "properties": { "element": "node", "id": 2414363400, "amenity": "bank", "atm": null, "brand": "Axis Bank", "brand:wikidata": "Q2003549", "name": "Axis Bank", "operator": null, "brand:wikipedia": "en:Axis Bank", "short_name": null, "website": "https://www.axisbank.com", "name:en": "Axis Bank", "old_name": null, "addr:housename": "New Siddharth CHS Ltd", "addr:postcode": null, "addr:street": null, "alt_name": null, "source": null, "building": null, "addr:housenumber": null, "wikidata": null, "wikipedia": null, "level": null, "branch": null, "check_date": null, "addr:city": "Mumbai", "wikimedia_commons": null, "brand:en": null, "brand:hi": null, "brand:kn": null, "brand:pa": null, "brand:pnb": null, "brand:ur": null, "brand:wikipedia:pa": null, "name:hi": null, "name:kn": null, "name:pa": null, "name:pnb": null, "name:ur": null, "addr:suburb": null, "note": null, "phone": null, "addr:unit": "Ground Floor", "addr:district": null, "opening_hours": null, "email": null, "fax": null, "addr:city:ur": null, "contact:fax": null, "operator:ur": null, "short_name:ur": null, "description": null, "fixme": null, "check_date:opening_hours": null, "drive_through": null, "highway": null, "traffic_signals": null, "traffic_signals:direction": null, "name:zh": null, "air_conditioning": null, "wheelchair": null, "contact:phone": null, "not:brand:wikidata": null, "opening_hours:covid19": null, "name:mr": null, "internet_access": null, "internet_access:fee": null, "payment:cash": null, "payment:credit_cards": null, "payment:debit_cards": null, "opening_hours:signed": null, "official_name": null, "bank": null, "contact:email": null, "opening_hours:drive_through": null, "addr:floor": null, "building:levels": null }, "geometry": { "type": "Point", "coordinates": [ 72.8207416, 19.1283801 ] } },
{ "type": "Feature", "properties": { "element": "node", "id": 2457605418, "amenity": "bank", "atm": "yes", "brand": null, "brand:wikidata": null, "name": "North Kanara Bank", "operator": null, "brand:wikipedia": null, "short_name": null, "website": null, "name:en": null, "old_name": null, "addr:housename": null, "addr:postcode": null, "addr:street": null, "alt_name": null, "source": null, "building": null, "addr:housenumber": null, "wikidata": null, "wikipedia": null, "level": null, "branch": null, "check_date": null, "addr:city": null, "wikimedia_commons": null, "brand:en": null, "brand:hi": null, "brand:kn": null, "brand:pa": null, "brand:pnb": null, "brand:ur": null, "brand:wikipedia:pa": null, "name:hi": null, "name:kn": null, "name:pa": null, "name:pnb": null, "name:ur": null, "addr:suburb": null, "note": null, "phone": null, "addr:unit": null, "addr:district": null, "opening_hours": null, "email": null, "fax": null, "addr:city:ur": null, "contact:fax": null, "operator:ur": null, "short_name:ur": null, "description": null, "fixme": null, "check_date:opening_hours": null, "drive_through": null, "highway": null, "traffic_signals": null, "traffic_signals:direction": null, "name:zh": null, "air_conditioning": null, "wheelchair": null, "contact:phone": null, "not:brand:wikidata": null, "opening_hours:covid19": null, "name:mr": null, "internet_access": null, "internet_access:fee": null, "payment:cash": null, "payment:credit_cards": null, "payment:debit_cards": null, "opening_hours:signed": null, "official_name": null, "bank": null, "contact:email": null, "opening_hours:drive_through": null, "addr:floor": null, "building:levels": null }, "geometry": { "type": "Point", "coordinates": [ 72.8172841, 18.9581972 ] } },
{ "type": "Feature", "properties": { "element": "node", "id": 2457605420, "amenity": "bank", "atm": "yes", "brand": "ICICI Bank", "brand:wikidata": "Q1653258", "name": "ICICI Bank", "operator": null, "brand:wikipedia": null, "short_name": "ICICI", "website": null, "name:en": null, "old_name": null, "addr:housename": null, "addr:postcode": null, "addr:street": null, "alt_name": null, "source": null, "building": null, "addr:housenumber": null, "wikidata": null, "wikipedia": null, "level": null, "branch": null, "check_date": "2026-03-20", "addr:city": null, "wikimedia_commons": null, "brand:en": null, "brand:hi": null, "brand:kn": null, "brand:pa": null, "brand:pnb": null, "brand:ur": null, "brand:wikipedia:pa": null, "name:hi": null, "name:kn": null, "name:pa": null, "name:pnb": null, "name:ur": null, "addr:suburb": null, "note": null, "phone": null, "addr:unit": null, "addr:district": null, "opening_hours": null, "email": null, "fax": null, "addr:city:ur": null, "contact:fax": null, "operator:ur": null, "short_name:ur": null, "description": null, "fixme": null, "check_date:opening_hours": null, "drive_through": null, "highway": null, "traffic_signals": null, "traffic_signals:direction": null, "name:zh": null, "air_conditioning": null, "wheelchair": null, "contact:phone": null, "not:brand:wikidata": null, "opening_hours:covid19": null, "name:mr": null, "internet_access": null, "internet_access:fee": null, "payment:cash": null, "payment:credit_cards": null, "payment:debit_cards": null, "opening_hours:signed": null, "official_name": null, "bank": null, "contact:email": null, "opening_hours:drive_through": null, "addr:floor": null, "building:levels": null }, "geometry": { "type": "Point", "coordinates": [ 72.8170226, 18.9587891 ] } },
{ "type": "Feature", "properties": { "element": "node", "id": 2502769609, "amenity": "bank", "atm": "yes", "brand": null, "brand:wikidata": null, "name": "ICICI Bank, Wagle Estate Branch", "operator": null, "brand:wikipedia": null, "short_name": null, "website": null, "name:en": null, "old_name": null, "addr:housename": null, "addr:postcode": null, "addr:street": null, "alt_name": null, "source": null, "building": null, "addr:housenumber": null, "wikidata": null, "wikipedia": null, "level": null, "branch": null, "check_date": null, "addr:city": null, "wikimedia_commons": null, "brand:en": null, "brand:hi": null, "brand:kn": null, "brand:pa": null, "brand:pnb": null, "brand:ur": null, "brand:wikipedia:pa": null, "name:hi": null, "name:kn": null, "name:pa": null, "name:pnb": null, "name:ur": null, "addr:suburb": null, "note": null, "phone": null, "addr:unit": null, "addr:district": null, "opening_hours": null, "email": null, "fax": null, "addr:city:ur": null, "contact:fax": null, "operator:ur": null, "short_name:ur": null, "description": null, "fixme": null, "check_date:opening_hours": null, "drive_through": null, "highway": null, "traffic_signals": null, "traffic_signals:direction": null, "name:zh": null, "air_conditioning": null, "wheelchair": null, "contact:phone": null, "not:brand:wikidata": null, "opening_hours:covid19": null, "name:mr": null, "internet_access": null, "internet_access:fee": null, "payment:cash": null, "payment:credit_cards": null, "payment:debit_cards": null, "opening_hours:signed": null, "official_name": null, "bank": null, "contact:email": null, "opening_hours:drive_through": null, "addr:floor": null, "building:levels": null }, "geometry": { "type": "Point", "coordinates": [ 72.9477664, 19.1950412 ] } },
{ "type": "Feature", "properties": { "element": "node", "id": 2610566388, "amenity": "bank", "atm": null, "brand": "Bank of Baroda", "brand:wikidata": "Q2003797", "name": "Bank of Baroda", "operator": null, "brand:wikipedia": "en:Bank of Baroda", "short_name": null, "website": null, "name:en": null, "old_name": null, "addr:housename": null, "addr:postcode": null, "addr:street": null, "alt_name": null, "source": null, "building": null, "addr:housenumber": null, "wikidata": null, "wikipedia": null, "level": null, "branch": null, "check_date": null, "addr:city": null, "wikimedia_commons": null, "brand:en": null, "brand:hi": null, "brand:kn": null, "brand:pa": null, "brand:pnb": null, "brand:ur": null, "brand:wikipedia:pa": null, "name:hi": null, "name:kn": null, "name:pa": null, "name:pnb": null, "name:ur": null, "addr:suburb": null, "note": null, "phone": null, "addr:unit": null, "addr:district": null, "opening_hours": null, "email": null, "fax": null, "addr:city:ur": null, "contact:fax": null, "operator:ur": null, "short_name:ur": null, "description": null, "fixme": null, "check_date:opening_hours": null, "drive_through": null, "highway": null, "traffic_signals": null, "traffic_signals:direction": null, "name:zh": null, "air_conditioning": null, "wheelchair": null, "contact:phone": null, "not:brand:wikidata": null, "opening_hours:covid19": null, "name:mr": null, "internet_access": null, "internet_access:fee": null, "payment:cash": null, "payment:credit_cards": null, "payment:debit_cards": null, "opening_hours:signed": null, "official_name": null, "bank": null, "contact:email": null, "opening_hours:drive_through": null, "addr:floor": null, "building:levels": null }, "geometry": { "type": "Point", "coordinates": [ 72.8271477, 19.0545517 ] } },
{ "type": "Feature", "properties": { "element": "node", "id": 2680353849, "amenity": "bank", "atm": "yes", "brand": "Axis Bank", "brand:wikidata": "Q2003549", "name": "Axis Bank", "operator": null, "brand:wikipedia": "en:Axis Bank", "short_name": null, "website": "https://www.axisbank.com", "name:en": "Axis Bank", "old_name": null, "addr:housename": null, "addr:postcode": null, "addr:street": null, "alt_name": null, "source": null, "building": null, "addr:housenumber": null, "wikidata": null, "wikipedia": null, "level": null, "branch": null, "check_date": null, "addr:city": null, "wikimedia_commons": null, "brand:en": null, "brand:hi": null, "brand:kn": null, "brand:pa": null, "brand:pnb": null, "brand:ur": null, "brand:wikipedia:pa": null, "name:hi": null, "name:kn": null, "name:pa": null, "name:pnb": null, "name:ur": null, "addr:suburb": null, "note": null, "phone": null, "addr:unit": null, "addr:district": null, "opening_hours": null, "email": null, "fax": null, "addr:city:ur": null, "contact:fax": null, "operator:ur": null, "short_name:ur": null, "description": null, "fixme": null, "check_date:opening_hours": null, "drive_through": null, "highway": null, "traffic_signals": null, "traffic_signals:direction": null, "name:zh": null, "air_conditioning": null, "wheelchair": null, "contact:phone": null, "not:brand:wikidata": null, "opening_hours:covid19": null, "name:mr": null, "internet_access": null, "internet_access:fee": null, "payment:cash": null, "payment:credit_cards": null, "payment:debit_cards": null, "opening_hours:signed": null, "official_name": null, "bank": null, "contact:email": null, "opening_hours:drive_through": null, "addr:floor": null, "building:levels": null }, "geometry": { "type": "Point", "coordinates": [ 72.8342617, 19.0708008 ] } },
{ "type": "Feature", "properties": { "element": "node", "id": 2726744170, "amenity": "bank", "atm": "yes", "brand": "Bank of Baroda", "brand:wikidata": "Q2003797", "name": "Bank of Baroda", "operator": null, "brand:wikipedia": "en:Bank of Baroda", "short_name": "BoB", "website": "http://www.bankofbaroda.com", "name:en": "Bank of Baroda", "old_name": null, "addr:housename": null, "addr:postcode": "400016", "addr:street": "Taikalwadi Marg", "alt_name": null, "source": null, "building": null, "addr:housenumber": null, "wikidata": null, "wikipedia": null, "level": null, "branch": null, "check_date": null, "addr:city": "mumbai", "wikimedia_commons": null, "brand:en": null, "brand:hi": null, "brand:kn": null, "brand:pa": null, "brand:pnb": null, "brand:ur": null, "brand:wikipedia:pa": null, "name:hi": null, "name:kn": null, "name:pa": null, "name:pnb": null, "name:ur": null, "addr:suburb": null, "note": null, "phone": null, "addr:unit": null, "addr:district": "Mumbai", "opening_hours": "24/7", "email": null, "fax": null, "addr:city:ur": null, "contact:fax": null, "operator:ur": null, "short_name:ur": null, "description": null, "fixme": null, "check_date:opening_hours": null, "drive_through": null, "highway": null, "traffic_signals": null, "traffic_signals:direction": null, "name:zh": null, "air_conditioning": null, "wheelchair": null, "contact:phone": null, "not:brand:wikidata": null, "opening_hours:covid19": null, "name:mr": null, "internet_access": null, "internet_access:fee": null, "payment:cash": null, "payment:credit_cards": null, "payment:debit_cards": null, "opening_hours:signed": null, "official_name": null, "bank": null, "contact:email": null, "opening_hours:drive_through": null, "addr:floor": null, "building:levels": null }, "geometry": { "type": "Point", "coordinates": [ 72.8412815, 19.028724 ] } },
{ "type": "Feature", "properties": { "element": "node", "id": 2726744681, "amenity": "bank", "atm": null, "brand": "HDFC Bank", "brand:wikidata": "Q631047", "name": "HDFC Bank", "operator": null, "brand:wikipedia": "en:HDFC Bank", "short_name": "HDFC", "website": "https://www.hdfcbank.com", "name:en": null, "old_name": null, "addr:housename": null, "addr:postcode": null, "addr:street": null, "alt_name": null, "source": null, "building": null, "addr:housenumber": null, "wikidata": null, "wikipedia": null, "level": null, "branch": null, "check_date": null, "addr:city": null, "wikimedia_commons": null, "brand:en": null, "brand:hi": null, "brand:kn": null, "brand:pa": null, "brand:pnb": null, "brand:ur": null, "brand:wikipedia:pa": null, "name:hi": null, "name:kn": null, "name:pa": null, "name:pnb": null, "name:ur": null, "addr:suburb": null, "note": null, "phone": null, "addr:unit": null, "addr:district": null, "opening_hours": null, "email": null, "fax": null, "addr:city:ur": null, "contact:fax": null, "operator:ur": null, "short_name:ur": null, "description": null, "fixme": null, "check_date:opening_hours": null, "drive_through": null, "highway": null, "traffic_signals": null, "traffic_signals:direction": null, "name:zh": null, "air_conditioning": null, "wheelchair": null, "contact:phone": null, "not:brand:wikidata": null, "opening_hours:covid19": null, "name:mr": null, "internet_access": null, "internet_access:fee": null, "payment:cash": null, "payment:credit_cards": null, "payment:debit_cards": null, "opening_hours:signed": null, "official_name": null, "bank": null, "contact:email": null, "opening_hours:drive_through": null, "addr:floor": null, "building:levels": null }, "geometry": { "type": "Point", "coordinates": [ 72.8415329, 19.0297486 ] } },
{ "type": "Feature", "properties": { "element": "node", "id": 2726757528, "amenity": "bank", "atm": null, "brand": "Bank of India", "brand:wikidata": "Q2004439", "name": "Bank of India", "operator": null, "brand:wikipedia": "en:Bank of India", "short_name": "BoI", "website": "https://www.bankofindia.co.in/", "name:en": "Bank of India", "old_name": null, "addr:housename": null, "addr:postcode": null, "addr:street": null, "alt_name": null, "source": null, "building": null, "addr:housenumber": null, "wikidata": null, "wikipedia": null, "level": null, "branch": null, "check_date": null, "addr:city": null, "wikimedia_commons": null, "brand:en": null, "brand:hi": null, "brand:kn": null, "brand:pa": null, "brand:pnb": null, "brand:ur": null, "brand:wikipedia:pa": null, "name:hi": null, "name:kn": null, "name:pa": null, "name:pnb": null, "name:ur": null, "addr:suburb": null, "note": null, "phone": null, "addr:unit": null, "addr:district": null, "opening_hours": null, "email": null, "fax": null, "addr:city:ur": null, "contact:fax": null, "operator:ur": null, "short_name:ur": null, "description": null, "fixme": null, "check_date:opening_hours": null, "drive_through": null, "highway": null, "traffic_signals": null, "traffic_signals:direction": null, "name:zh": null, "air_conditioning": null, "wheelchair": null, "contact:phone": null, "not:brand:wikidata": null, "opening_hours:covid19": null, "name:mr": null, "internet_access": null, "internet_access:fee": null, "payment:cash": null, "payment:credit_cards": null, "payment:debit_cards": null, "opening_hours:signed": null, "official_name": null, "bank": null, "contact:email": null, "opening_hours:drive_through": null, "addr:floor": null, "building:levels": null }, "geometry": { "type": "Point", "coordinates": [ 72.8416356, 19.0300983 ] } },
{ "type": "Feature", "properties": { "element": "node", "id": 2822421687, "amenity": "bank", "atm": "yes", "brand": "Axis Bank", "brand:wikidata": "Q2003549", "name": "Axis Bank", "operator": "AXIS Bank", "brand:wikipedia": "en:Axis Bank", "short_name": null, "website": "https://www.axisbank.com", "name:en": "Axis Bank", "old_name": null, "addr:housename": null, "addr:postcode": "400101", "addr:street": null, "alt_name": null, "source": null, "building": null, "addr:housenumber": null, "wikidata": null, "wikipedia": null, "level": null, "branch": null, "check_date": null, "addr:city": null, "wikimedia_commons": null, "brand:en": null, "brand:hi": null, "brand:kn": null, "brand:pa": null, "brand:pnb": null, "brand:ur": null, "brand:wikipedia:pa": null, "name:hi": null, "name:kn": null, "name:pa": null, "name:pnb": null, "name:ur": null, "addr:suburb": null, "note": null, "phone": null, "addr:unit": null, "addr:district": null, "opening_hours": null, "email": null, "fax": null, "addr:city:ur": null, "contact:fax": null, "operator:ur": null, "short_name:ur": null, "description": null, "fixme": null, "check_date:opening_hours": null, "drive_through": null, "highway": null, "traffic_signals": null, "traffic_signals:direction": null, "name:zh": null, "air_conditioning": null, "wheelchair": null, "contact:phone": null, "not:brand:wikidata": null, "opening_hours:covid19": null, "name:mr": null, "internet_access": null, "internet_access:fee": null, "payment:cash": null, "payment:credit_cards": null, "payment:debit_cards": null, "opening_hours:signed": null, "official_name": null, "bank": null, "contact:email": null, "opening_hours:drive_through": null, "addr:floor": null, "building:levels": null }, "geometry": { "type": "Point", "coordinates": [ 72.8745388, 19.2126317 ] } },
{ "type": "Feature", "properties": { "element": "node", "id": 2851477524, "amenity": "bank", "atm": "yes", "brand": "Federal Bank", "brand:wikidata": "Q2044983", "name": "Federal Bank", "operator": null, "brand:wikipedia": "en:Federal Bank", "short_name": null, "website": "https://www.federalbank.co.in", "name:en": "Federal Bank", "old_name": null, "addr:housename": null, "addr:postcode": null, "addr:street": "St John Baptist Road", "alt_name": null, "source": null, "building": null, "addr:housenumber": null, "wikidata": null, "wikipedia": null, "level": null, "branch": null, "check_date": "2023-10-20", "addr:city": null, "wikimedia_commons": null, "brand:en": null, "brand:hi": null, "brand:kn": null, "brand:pa": null, "brand:pnb": null, "brand:ur": null, "brand:wikipedia:pa": null, "name:hi": null, "name:kn": null, "name:pa": null, "name:pnb": null, "name:ur": null, "addr:suburb": null, "note": null, "phone": null, "addr:unit": null, "addr:district": null, "opening_hours": null, "email": null, "fax": null, "addr:city:ur": null, "contact:fax": null, "operator:ur": null, "short_name:ur": null, "description": null, "fixme": null, "check_date:opening_hours": null, "drive_through": null, "highway": null, "traffic_signals": null, "traffic_signals:direction": null, "name:zh": null, "air_conditioning": null, "wheelchair": null, "contact:phone": null, "not:brand:wikidata": null, "opening_hours:covid19": null, "name:mr": null, "internet_access": null, "internet_access:fee": null, "payment:cash": null, "payment:credit_cards": null, "payment:debit_cards": null, "opening_hours:signed": null, "official_name": null, "bank": null, "contact:email": null, "opening_hours:drive_through": null, "addr:floor": null, "building:levels": null }, "geometry": { "type": "Point", "coordinates": [ 72.8260458, 19.0485821 ] } },
{ "type": "Feature", "properties": { "element": "node", "id": 2851478746, "amenity": "bank", "atm": "yes", "brand": "Union Bank of India", "brand:wikidata": "Q2004078", "name": "Union Bank of India", "operator": null, "brand:wikipedia": null, "short_name": null, "website": "https://www.unionbankofindia.co.in/", "name:en": "Union Bank of India", "old_name": null, "addr:housename": null, "addr:postcode": null, "addr:street": null, "alt_name": null, "source": null, "building": null, "addr:housenumber": null, "wikidata": null, "wikipedia": null, "level": null, "branch": null, "check_date": null, "addr:city": null, "wikimedia_commons": null, "brand:en": null, "brand:hi": null, "brand:kn": null, "brand:pa": null, "brand:pnb": null, "brand:ur": null, "brand:wikipedia:pa": null, "name:hi": null, "name:kn": null, "name:pa": null, "name:pnb": null, "name:ur": null, "addr:suburb": null, "note": null, "phone": null, "addr:unit": null, "addr:district": null, "opening_hours": null, "email": null, "fax": null, "addr:city:ur": null, "contact:fax": null, "operator:ur": null, "short_name:ur": null, "description": null, "fixme": null, "check_date:opening_hours": null, "drive_through": null, "highway": null, "traffic_signals": null, "traffic_signals:direction": null, "name:zh": null, "air_conditioning": null, "wheelchair": null, "contact:phone": null, "not:brand:wikidata": null, "opening_hours:covid19": null, "name:mr": null, "internet_access": null, "internet_access:fee": null, "payment:cash": null, "payment:credit_cards": null, "payment:debit_cards": null, "opening_hours:signed": null, "official_name": null, "bank": null, "contact:email": null, "opening_hours:drive_through": null, "addr:floor": null, "building:levels": null }, "geometry": { "type": "Point", "coordinates": [ 72.8242758, 19.0526188 ] } },
{ "type": "Feature", "properties": { "element": "node", "id": 2851478747, "amenity": "bank", "atm": "yes", "brand": "HDFC Bank", "brand:wikidata": "Q631047", "name": "HDFC Bank", "operator": null, "brand:wikipedia": "en:HDFC Bank", "short_name": "HDFC", "website": "https://www.hdfcbank.com", "name:en": null, "old_name": null, "addr:housename": null, "addr:postcode": null, "addr:street": null, "alt_name": null, "source": null, "building": null, "addr:housenumber": null, "wikidata": null, "wikipedia": null, "level": null, "branch": null, "check_date": null, "addr:city": null, "wikimedia_commons": null, "brand:en": null, "brand:hi": null, "brand:kn": null, "brand:pa": null, "brand:pnb": null, "brand:ur": null, "brand:wikipedia:pa": null, "name:hi": null, "name:kn": null, "name:pa": null, "name:pnb": null, "name:ur": null, "addr:suburb": null, "note": null, "phone": null, "addr:unit": null, "addr:district": null, "opening_hours": null, "email": null, "fax": null, "addr:city:ur": null, "contact:fax": null, "operator:ur": null, "short_name:ur": null, "description": null, "fixme": null, "check_date:opening_hours": null, "drive_through": null, "highway": null, "traffic_signals": null, "traffic_signals:direction": null, "name:zh": null, "air_conditioning": null, "wheelchair": null, "contact:phone": null, "not:brand:wikidata": null, "opening_hours:covid19": null, "name:mr": null, "internet_access": null, "internet_access:fee": null, "payment:cash": null, "payment:credit_cards": null, "payment:debit_cards": null, "opening_hours:signed": null, "official_name": null, "bank": null, "contact:email": null, "opening_hours:drive_through": null, "addr:floor": null, "building:levels": null }, "geometry": { "type": "Point", "coordinates": [ 72.8243008, 19.0528346 ] } },
{ "type": "Feature", "properties": { "element": "node", "id": 2930722460, "amenity": "bank", "atm": "yes", "brand": "State Bank of India", "brand:wikidata": "Q1340361", "name": "State Bank of India", "operator": null, "brand:wikipedia": "en:State Bank of India", "short_name": "SBI", "website": null, "name:en": null, "old_name": null, "addr:housename": null, "addr:postcode": "400089", "addr:street": "Jagannath Shankarsheth Marg", "alt_name": null, "source": null, "building": null, "addr:housenumber": null, "wikidata": null, "wikipedia": null, "level": null, "branch": null, "check_date": null, "addr:city": "mumbai", "wikimedia_commons": null, "brand:en": null, "brand:hi": null, "brand:kn": null, "brand:pa": null, "brand:pnb": null, "brand:ur": null, "brand:wikipedia:pa": null, "name:hi": null, "name:kn": null, "name:pa": null, "name:pnb": null, "name:ur": null, "addr:suburb": null, "note": null, "phone": null, "addr:unit": null, "addr:district": null, "opening_hours": null, "email": null, "fax": null, "addr:city:ur": null, "contact:fax": null, "operator:ur": null, "short_name:ur": null, "description": null, "fixme": null, "check_date:opening_hours": null, "drive_through": null, "highway": null, "traffic_signals": null, "traffic_signals:direction": null, "name:zh": null, "air_conditioning": null, "wheelchair": null, "contact:phone": null, "not:brand:wikidata": null, "opening_hours:covid19": null, "name:mr": null, "internet_access": null, "internet_access:fee": null, "payment:cash": null, "payment:credit_cards": null, "payment:debit_cards": null, "opening_hours:signed": null, "official_name": null, "bank": null, "contact:email": null, "opening_hours:drive_through": null, "addr:floor": null, "building:levels": null }, "geometry": { "type": "Point", "coordinates": [ 72.8257347, 18.9530814 ] } },
{ "type": "Feature", "properties": { "element": "node", "id": 2930724985, "amenity": "bank", "atm": "yes", "brand": null, "brand:wikidata": "Q3595747", "name": "Dena Bank", "operator": null, "brand:wikipedia": "en:Dena Bank", "short_name": null, "website": "http://www.denabank.com", "name:en": "Dena Bank", "old_name": null, "addr:housename": null, "addr:postcode": null, "addr:street": "Road No. 9", "alt_name": null, "source": null, "building": null, "addr:housenumber": "1215", "wikidata": null, "wikipedia": null, "level": null, "branch": null, "check_date": null, "addr:city": null, "wikimedia_commons": null, "brand:en": null, "brand:hi": null, "brand:kn": null, "brand:pa": null, "brand:pnb": null, "brand:ur": null, "brand:wikipedia:pa": null, "name:hi": null, "name:kn": null, "name:pa": null, "name:pnb": null, "name:ur": null, "addr:suburb": null, "note": null, "phone": null, "addr:unit": null, "addr:district": null, "opening_hours": null, "email": null, "fax": null, "addr:city:ur": null, "contact:fax": null, "operator:ur": null, "short_name:ur": null, "description": null, "fixme": null, "check_date:opening_hours": null, "drive_through": null, "highway": null, "traffic_signals": null, "traffic_signals:direction": null, "name:zh": null, "air_conditioning": null, "wheelchair": null, "contact:phone": null, "not:brand:wikidata": null, "opening_hours:covid19": null, "name:mr": null, "internet_access": null, "internet_access:fee": null, "payment:cash": null, "payment:credit_cards": null, "payment:debit_cards": null, "opening_hours:signed": null, "official_name": null, "bank": null, "contact:email": null, "opening_hours:drive_through": null, "addr:floor": null, "building:levels": null }, "geometry": { "type": "Point", "coordinates": [ 72.9264967, 19.0639515 ] } },
{ "type": "Feature", "properties": { "element": "node", "id": 3125292401, "amenity": "bank", "atm": "yes", "brand": null, "brand:wikidata": "Q3595747", "name": "Dena Bank", "operator": null, "brand:wikipedia": "en:Dena Bank", "short_name": null, "website": "http://www.denabank.com", "name:en": "Dena Bank", "old_name": null, "addr:housename": null, "addr:postcode": "400074", "addr:street": "Bhikaji Damaji Patil Marg (Corridor Road)", "alt_name": null, "source": null, "building": null, "addr:housenumber": null, "wikidata": null, "wikipedia": null, "level": null, "branch": null, "check_date": null, "addr:city": "Mumbai", "wikimedia_commons": null, "brand:en": null, "brand:hi": null, "brand:kn": null, "brand:pa": null, "brand:pnb": null, "brand:ur": null, "brand:wikipedia:pa": null, "name:hi": null, "name:kn": null, "name:pa": null, "name:pnb": null, "name:ur": null, "addr:suburb": null, "note": null, "phone": null, "addr:unit": null, "addr:district": null, "opening_hours": "8:15-14:15", "email": null, "fax": null, "addr:city:ur": null, "contact:fax": null, "operator:ur": null, "short_name:ur": null, "description": null, "fixme": null, "check_date:opening_hours": null, "drive_through": null, "highway": null, "traffic_signals": null, "traffic_signals:direction": null, "name:zh": null, "air_conditioning": null, "wheelchair": null, "contact:phone": null, "not:brand:wikidata": null, "opening_hours:covid19": null, "name:mr": null, "internet_access": null, "internet_access:fee": null, "payment:cash": null, "payment:credit_cards": null, "payment:debit_cards": null, "opening_hours:signed": null, "official_name": null, "bank": null, "contact:email": null, "opening_hours:drive_through": null, "addr:floor": null, "building:levels": null }, "geometry": { "type": "Point", "coordinates": [ 72.8976141, 19.0280238 ] } },
{ "type": "Feature", "properties": { "element": "node", "id": 3195574836, "amenity": "bank", "atm": null, "brand": "Citibank", "brand:wikidata": "Q857063", "name": "Citibank", "operator": null, "brand:wikipedia": "en:Citibank", "short_name": "Citi", "website": null, "name:en": null, "old_name": null, "addr:housename": null, "addr:postcode": null, "addr:street": null, "alt_name": null, "source": null, "building": null, "addr:housenumber": null, "wikidata": null, "wikipedia": null, "level": null, "branch": null, "check_date": null, "addr:city": null, "wikimedia_commons": null, "brand:en": null, "brand:hi": null, "brand:kn": null, "brand:pa": null, "brand:pnb": null, "brand:ur": null, "brand:wikipedia:pa": null, "name:hi": null, "name:kn": null, "name:pa": null, "name:pnb": null, "name:ur": null, "addr:suburb": null, "note": null, "phone": null, "addr:unit": null, "addr:district": null, "opening_hours": null, "email": null, "fax": null, "addr:city:ur": null, "contact:fax": null, "operator:ur": null, "short_name:ur": null, "description": null, "fixme": null, "check_date:opening_hours": null, "drive_through": null, "highway": null, "traffic_signals": null, "traffic_signals:direction": null, "name:zh": null, "air_conditioning": null, "wheelchair": null, "contact:phone": null, "not:brand:wikidata": null, "opening_hours:covid19": null, "name:mr": null, "internet_access": null, "internet_access:fee": null, "payment:cash": null, "payment:credit_cards": null, "payment:debit_cards": null, "opening_hours:signed": null, "official_name": null, "bank": null, "contact:email": null, "opening_hours:drive_through": null, "addr:floor": null, "building:levels": null }, "geometry": { "type": "Point", "coordinates": [ 72.8341148, 19.0716568 ] } },
{ "type": "Feature", "properties": { "element": "node", "id": 3195592887, "amenity": "bank", "atm": null, "brand": "Union Bank of India", "brand:wikidata": "Q2004078", "name": "Union Bank of India", "operator": null, "brand:wikipedia": "en:Union Bank of India", "short_name": "UBI", "website": "https://www.unionbankofindia.co.in/", "name:en": "Union Bank of India", "old_name": null, "addr:housename": null, "addr:postcode": null, "addr:street": null, "alt_name": null, "source": null, "building": null, "addr:housenumber": null, "wikidata": null, "wikipedia": null, "level": null, "branch": null, "check_date": null, "addr:city": null, "wikimedia_commons": null, "brand:en": null, "brand:hi": null, "brand:kn": null, "brand:pa": null, "brand:pnb": null, "brand:ur": null, "brand:wikipedia:pa": null, "name:hi": null, "name:kn": null, "name:pa": null, "name:pnb": null, "name:ur": null, "addr:suburb": null, "note": null, "phone": null, "addr:unit": null, "addr:district": null, "opening_hours": null, "email": null, "fax": null, "addr:city:ur": null, "contact:fax": null, "operator:ur": null, "short_name:ur": null, "description": null, "fixme": null, "check_date:opening_hours": null, "drive_through": null, "highway": null, "traffic_signals": null, "traffic_signals:direction": null, "name:zh": null, "air_conditioning": null, "wheelchair": null, "contact:phone": null, "not:brand:wikidata": null, "opening_hours:covid19": null, "name:mr": null, "internet_access": null, "internet_access:fee": null, "payment:cash": null, "payment:credit_cards": null, "payment:debit_cards": null, "opening_hours:signed": null, "official_name": null, "bank": null, "contact:email": null, "opening_hours:drive_through": null, "addr:floor": null, "building:levels": null }, "geometry": { "type": "Point", "coordinates": [ 72.8297487, 19.1111725 ] } },
{ "type": "Feature", "properties": { "element": "node", "id": 3201090477, "amenity": "bank", "atm": "yes", "brand": null, "brand:wikidata": "Q2003387", "name": "Corporation Bank", "operator": null, "brand:wikipedia": "en:Corporation Bank", "short_name": null, "website": "https://corpbank.com/", "name:en": "Corporation Bank", "old_name": null, "addr:housename": null, "addr:postcode": null, "addr:street": null, "alt_name": null, "source": null, "building": null, "addr:housenumber": null, "wikidata": null, "wikipedia": null, "level": null, "branch": null, "check_date": null, "addr:city": null, "wikimedia_commons": null, "brand:en": null, "brand:hi": null, "brand:kn": null, "brand:pa": null, "brand:pnb": null, "brand:ur": null, "brand:wikipedia:pa": null, "name:hi": null, "name:kn": null, "name:pa": null, "name:pnb": null, "name:ur": null, "addr:suburb": null, "note": null, "phone": null, "addr:unit": null, "addr:district": null, "opening_hours": null, "email": null, "fax": null, "addr:city:ur": null, "contact:fax": null, "operator:ur": null, "short_name:ur": null, "description": null, "fixme": null, "check_date:opening_hours": null, "drive_through": null, "highway": null, "traffic_signals": null, "traffic_signals:direction": null, "name:zh": null, "air_conditioning": null, "wheelchair": null, "contact:phone": null, "not:brand:wikidata": null, "opening_hours:covid19": null, "name:mr": null, "internet_access": null, "internet_access:fee": null, "payment:cash": null, "payment:credit_cards": null, "payment:debit_cards": null, "opening_hours:signed": null, "official_name": null, "bank": null, "contact:email": null, "opening_hours:drive_through": null, "addr:floor": null, "building:levels": null }, "geometry": { "type": "Point", "coordinates": [ 72.8306408, 19.1143522 ] } },
{ "type": "Feature", "properties": { "element": "node", "id": 3202765969, "amenity": "bank", "atm": "yes", "brand": null, "brand:wikidata": null, "name": null, "operator": "all", "brand:wikipedia": null, "short_name": null, "website": null, "name:en": null, "old_name": null, "addr:housename": null, "addr:postcode": "400043", "addr:street": "P.L. Lokhande Marg", "alt_name": null, "source": null, "building": null, "addr:housenumber": "4", "wikidata": null, "wikipedia": null, "level": null, "branch": null, "check_date": null, "addr:city": "mumbai", "wikimedia_commons": null, "brand:en": null, "brand:hi": null, "brand:kn": null, "brand:pa": null, "brand:pnb": null, "brand:ur": null, "brand:wikipedia:pa": null, "name:hi": null, "name:kn": null, "name:pa": null, "name:pnb": null, "name:ur": null, "addr:suburb": null, "note": null, "phone": null, "addr:unit": null, "addr:district": null, "opening_hours": "0:00-24:00", "email": null, "fax": null, "addr:city:ur": null, "contact:fax": null, "operator:ur": null, "short_name:ur": null, "description": null, "fixme": null, "check_date:opening_hours": null, "drive_through": null, "highway": null, "traffic_signals": null, "traffic_signals:direction": null, "name:zh": null, "air_conditioning": null, "wheelchair": null, "contact:phone": null, "not:brand:wikidata": null, "opening_hours:covid19": null, "name:mr": null, "internet_access": null, "internet_access:fee": null, "payment:cash": null, "payment:credit_cards": null, "payment:debit_cards": null, "opening_hours:signed": null, "official_name": null, "bank": null, "contact:email": null, "opening_hours:drive_through": null, "addr:floor": null, "building:levels": null }, "geometry": { "type": "Point", "coordinates": [ 72.9190945, 19.0605001 ] } },
{ "type": "Feature", "properties": { "element": "node", "id": 3202766974, "amenity": "bank", "atm": "yes", "brand": null, "brand:wikidata": null, "name": "bank of narayana guru", "operator": "Hemant", "brand:wikipedia": null, "short_name": null, "website": null, "name:en": null, "old_name": null, "addr:housename": null, "addr:postcode": "400089", "addr:street": "P.L. Lokhande Marg", "alt_name": null, "source": null, "building": null, "addr:housenumber": "45", "wikidata": null, "wikipedia": null, "level": null, "branch": null, "check_date": null, "addr:city": "Mumbai", "wikimedia_commons": null, "brand:en": null, "brand:hi": null, "brand:kn": null, "brand:pa": null, "brand:pnb": null, "brand:ur": null, "brand:wikipedia:pa": null, "name:hi": null, "name:kn": null, "name:pa": null, "name:pnb": null, "name:ur": null, "addr:suburb": null, "note": null, "phone": null, "addr:unit": null, "addr:district": null, "opening_hours": null, "email": null, "fax": null, "addr:city:ur": null, "contact:fax": null, "operator:ur": null, "short_name:ur": null, "description": null, "fixme": null, "check_date:opening_hours": null, "drive_through": null, "highway": null, "traffic_signals": null, "traffic_signals:direction": null, "name:zh": null, "air_conditioning": null, "wheelchair": null, "contact:phone": null, "not:brand:wikidata": null, "opening_hours:covid19": null, "name:mr": null, "internet_access": null, "internet_access:fee": null, "payment:cash": null, "payment:credit_cards": null, "payment:debit_cards": null, "opening_hours:signed": null, "official_name": null, "bank": null, "contact:email": null, "opening_hours:drive_through": null, "addr:floor": null, "building:levels": null }, "geometry": { "type": "Point", "coordinates": [ 72.9091625, 19.0611372 ] } },
{ "type": "Feature", "properties": { "element": "node", "id": 3202767480, "amenity": "bank", "atm": "yes", "brand": null, "brand:wikidata": null, "name": "badhoda bank", "operator": null, "brand:wikipedia": null, "short_name": null, "website": null, "name:en": null, "old_name": null, "addr:housename": null, "addr:postcode": null, "addr:street": "govandi", "alt_name": null, "source": null, "building": null, "addr:housenumber": "400043", "wikidata": null, "wikipedia": null, "level": null, "branch": null, "check_date": null, "addr:city": "mumbai", "wikimedia_commons": null, "brand:en": null, "brand:hi": null, "brand:kn": null, "brand:pa": null, "brand:pnb": null, "brand:ur": null, "brand:wikipedia:pa": null, "name:hi": null, "name:kn": null, "name:pa": null, "name:pnb": null, "name:ur": null, "addr:suburb": null, "note": null, "phone": null, "addr:unit": null, "addr:district": null, "opening_hours": null, "email": null, "fax": null, "addr:city:ur": null, "contact:fax": null, "operator:ur": null, "short_name:ur": null, "description": null, "fixme": null, "check_date:opening_hours": null, "drive_through": null, "highway": null, "traffic_signals": null, "traffic_signals:direction": null, "name:zh": null, "air_conditioning": null, "wheelchair": null, "contact:phone": null, "not:brand:wikidata": null, "opening_hours:covid19": null, "name:mr": null, "internet_access": null, "internet_access:fee": null, "payment:cash": null, "payment:credit_cards": null, "payment:debit_cards": null, "opening_hours:signed": null, "official_name": null, "bank": null, "contact:email": null, "opening_hours:drive_through": null, "addr:floor": null, "building:levels": null }, "geometry": { "type": "Point", "coordinates": [ 72.8302774, 18.9563402 ] } },
{ "type": "Feature", "properties": { "element": "node", "id": 3202949536, "amenity": "bank", "atm": "yes", "brand": null, "brand:wikidata": null, "name": "lena bank", "operator": "safiya", "brand:wikipedia": null, "short_name": null, "website": null, "name:en": null, "old_name": null, "addr:housename": null, "addr:postcode": "400043", "addr:street": "Plot No.2", "alt_name": null, "source": null, "building": null, "addr:housenumber": null, "wikidata": null, "wikipedia": null, "level": null, "branch": null, "check_date": null, "addr:city": "mumbai", "wikimedia_commons": null, "brand:en": null, "brand:hi": null, "brand:kn": null, "brand:pa": null, "brand:pnb": null, "brand:ur": null, "brand:wikipedia:pa": null, "name:hi": null, "name:kn": null, "name:pa": null, "name:pnb": null, "name:ur": null, "addr:suburb": null, "note": null, "phone": null, "addr:unit": null, "addr:district": null, "opening_hours": null, "email": null, "fax": null, "addr:city:ur": null, "contact:fax": null, "operator:ur": null, "short_name:ur": null, "description": null, "fixme": null, "check_date:opening_hours": null, "drive_through": null, "highway": null, "traffic_signals": null, "traffic_signals:direction": null, "name:zh": null, "air_conditioning": null, "wheelchair": null, "contact:phone": null, "not:brand:wikidata": null, "opening_hours:covid19": null, "name:mr": null, "internet_access": null, "internet_access:fee": null, "payment:cash": null, "payment:credit_cards": null, "payment:debit_cards": null, "opening_hours:signed": null, "official_name": null, "bank": null, "contact:email": null, "opening_hours:drive_through": null, "addr:floor": null, "building:levels": null }, "geometry": { "type": "Point", "coordinates": [ 72.9288398, 19.0631512 ] } },
{ "type": "Feature", "properties": { "element": "node", "id": 3210487879, "amenity": "bank", "atm": null, "brand": null, "brand:wikidata": null, "name": null, "operator": null, "brand:wikipedia": null, "short_name": null, "website": null, "name:en": null, "old_name": null, "addr:housename": null, "addr:postcode": null, "addr:street": null, "alt_name": null, "source": null, "building": null, "addr:housenumber": null, "wikidata": null, "wikipedia": null, "level": null, "branch": null, "check_date": null, "addr:city": null, "wikimedia_commons": null, "brand:en": null, "brand:hi": null, "brand:kn": null, "brand:pa": null, "brand:pnb": null, "brand:ur": null, "brand:wikipedia:pa": null, "name:hi": null, "name:kn": null, "name:pa": null, "name:pnb": null, "name:ur": null, "addr:suburb": null, "note": null, "phone": null, "addr:unit": null, "addr:district": null, "opening_hours": null, "email": null, "fax": null, "addr:city:ur": null, "contact:fax": null, "operator:ur": null, "short_name:ur": null, "description": null, "fixme": null, "check_date:opening_hours": null, "drive_through": null, "highway": null, "traffic_signals": null, "traffic_signals:direction": null, "name:zh": null, "air_conditioning": null, "wheelchair": null, "contact:phone": null, "not:brand:wikidata": null, "opening_hours:covid19": null, "name:mr": null, "internet_access": null, "internet_access:fee": null, "payment:cash": null, "payment:credit_cards": null, "payment:debit_cards": null, "opening_hours:signed": null, "official_name": null, "bank": null, "contact:email": null, "opening_hours:drive_through": null, "addr:floor": null, "building:levels": null }, "geometry": { "type": "Point", "coordinates": [ 72.9182739, 19.0842612 ] } },
{ "type": "Feature", "properties": { "element": "node", "id": 3213765399, "amenity": "bank", "atm": "yes", "brand": "State Bank of India", "brand:wikidata": "Q1340361", "name": "state Bank of India", "operator": null, "brand:wikipedia": "en:State Bank of India", "short_name": "SBI", "website": null, "name:en": null, "old_name": null, "addr:housename": null, "addr:postcode": "400043", "addr:street": "Jeejabai Bhosle Marg", "alt_name": null, "source": null, "building": null, "addr:housenumber": "room no:10,line no:p,plot no:12", "wikidata": null, "wikipedia": null, "level": null, "branch": null, "check_date": null, "addr:city": "mumbai", "wikimedia_commons": null, "brand:en": null, "brand:hi": null, "brand:kn": null, "brand:pa": null, "brand:pnb": null, "brand:ur": null, "brand:wikipedia:pa": null, "name:hi": null, "name:kn": null, "name:pa": null, "name:pnb": null, "name:ur": null, "addr:suburb": null, "note": null, "phone": null, "addr:unit": null, "addr:district": null, "opening_hours": "0:00-24:00", "email": null, "fax": null, "addr:city:ur": null, "contact:fax": null, "operator:ur": null, "short_name:ur": null, "description": null, "fixme": null, "check_date:opening_hours": null, "drive_through": null, "highway": null, "traffic_signals": null, "traffic_signals:direction": null, "name:zh": null, "air_conditioning": null, "wheelchair": null, "contact:phone": null, "not:brand:wikidata": null, "opening_hours:covid19": null, "name:mr": null, "internet_access": null, "internet_access:fee": null, "payment:cash": null, "payment:credit_cards": null, "payment:debit_cards": null, "opening_hours:signed": null, "official_name": null, "bank": null, "contact:email": null, "opening_hours:drive_through": null, "addr:floor": null, "building:levels": null }, "geometry": { "type": "Point", "coordinates": [ 72.92471, 19.0608964 ] } },
{ "type": "Feature", "properties": { "element": "node", "id": 3214396698, "amenity": "bank", "atm": "no", "brand": null, "brand:wikidata": "Q1340361", "name": "State Bank of India Specialised NRI Branch", "operator": "State Bank of India", "brand:wikipedia": null, "short_name": null, "website": "https://www.sbi.co.in/", "name:en": null, "old_name": null, "addr:housename": null, "addr:postcode": "400071", "addr:street": "V N Purav Marg", "alt_name": null, "source": null, "building": null, "addr:housenumber": "Plot No 1, Hotel Bahri Residency", "wikidata": null, "wikipedia": null, "level": null, "branch": null, "check_date": null, "addr:city": "Mumbai", "wikimedia_commons": null, "brand:en": null, "brand:hi": null, "brand:kn": null, "brand:pa": null, "brand:pnb": null, "brand:ur": null, "brand:wikipedia:pa": null, "name:hi": null, "name:kn": null, "name:pa": null, "name:pnb": null, "name:ur": null, "addr:suburb": null, "note": null, "phone": "+91 22 25214446", "addr:unit": null, "addr:district": null, "opening_hours": "Mo-Fr 10:00-16:00;Sa 10:00-13:00", "email": "sbi.16228@sbi.co.in", "fax": "+91 22 25214460", "addr:city:ur": null, "contact:fax": null, "operator:ur": null, "short_name:ur": null, "description": null, "fixme": null, "check_date:opening_hours": null, "drive_through": null, "highway": null, "traffic_signals": null, "traffic_signals:direction": null, "name:zh": null, "air_conditioning": null, "wheelchair": null, "contact:phone": null, "not:brand:wikidata": null, "opening_hours:covid19": null, "name:mr": null, "internet_access": null, "internet_access:fee": null, "payment:cash": null, "payment:credit_cards": null, "payment:debit_cards": null, "opening_hours:signed": null, "official_name": null, "bank": null, "contact:email": null, "opening_hours:drive_through": null, "addr:floor": null, "building:levels": null }, "geometry": { "type": "Point", "coordinates": [ 72.9011295, 19.0518251 ] } },
{ "type": "Feature", "properties": { "element": "node", "id": 3215227340, "amenity": "bank", "atm": "yes", "brand": "Indian Overseas Bank", "brand:wikidata": "Q2003611", "name": "Indian Overseas Bank", "operator": "Indian Overseas Bank", "brand:wikipedia": null, "short_name": "IOB", "website": "https://www.iob.in", "name:en": null, "old_name": null, "addr:housename": null, "addr:postcode": "400089", "addr:street": null, "alt_name": null, "source": null, "building": null, "addr:housenumber": null, "wikidata": null, "wikipedia": null, "level": null, "branch": null, "check_date": null, "addr:city": "Mumbai", "wikimedia_commons": null, "brand:en": null, "brand:hi": null, "brand:kn": null, "brand:pa": null, "brand:pnb": null, "brand:ur": "انڈین اوورسیز بینک", "brand:wikipedia:pa": null, "name:hi": null, "name:kn": null, "name:pa": null, "name:pnb": null, "name:ur": "انڈین اوورسیز بینک", "addr:suburb": null, "note": null, "phone": "+91 22 25258093", "addr:unit": null, "addr:district": null, "opening_hours": "Mo-Fr 08:00-14:00; Sa 08:00-11:00", "email": "iob0487@iob.in", "fax": null, "addr:city:ur": "ممبئی", "contact:fax": "+91 22 25254944", "operator:ur": "انڈین اوورسیز بینک", "short_name:ur": "آئی او بی", "description": null, "fixme": null, "check_date:opening_hours": null, "drive_through": null, "highway": null, "traffic_signals": null, "traffic_signals:direction": null, "name:zh": null, "air_conditioning": null, "wheelchair": null, "contact:phone": null, "not:brand:wikidata": null, "opening_hours:covid19": null, "name:mr": null, "internet_access": null, "internet_access:fee": null, "payment:cash": null, "payment:credit_cards": null, "payment:debit_cards": null, "opening_hours:signed": null, "official_name": null, "bank": null, "contact:email": null, "opening_hours:drive_through": null, "addr:floor": null, "building:levels": null }, "geometry": { "type": "Point", "coordinates": [ 72.9062425, 19.068094 ] } },
{ "type": "Feature", "properties": { "element": "node", "id": 3218583001, "amenity": "bank", "atm": null, "brand": null, "brand:wikidata": null, "name": "kocan bank", "operator": null, "brand:wikipedia": null, "short_name": null, "website": null, "name:en": null, "old_name": null, "addr:housename": null, "addr:postcode": null, "addr:street": null, "alt_name": null, "source": null, "building": null, "addr:housenumber": null, "wikidata": null, "wikipedia": null, "level": null, "branch": null, "check_date": null, "addr:city": null, "wikimedia_commons": null, "brand:en": null, "brand:hi": null, "brand:kn": null, "brand:pa": null, "brand:pnb": null, "brand:ur": null, "brand:wikipedia:pa": null, "name:hi": null, "name:kn": null, "name:pa": null, "name:pnb": null, "name:ur": null, "addr:suburb": null, "note": null, "phone": null, "addr:unit": null, "addr:district": null, "opening_hours": null, "email": null, "fax": null, "addr:city:ur": null, "contact:fax": null, "operator:ur": null, "short_name:ur": null, "description": null, "fixme": null, "check_date:opening_hours": null, "drive_through": null, "highway": null, "traffic_signals": null, "traffic_signals:direction": null, "name:zh": null, "air_conditioning": null, "wheelchair": null, "contact:phone": null, "not:brand:wikidata": null, "opening_hours:covid19": null, "name:mr": null, "internet_access": null, "internet_access:fee": null, "payment:cash": null, "payment:credit_cards": null, "payment:debit_cards": null, "opening_hours:signed": null, "official_name": null, "bank": null, "contact:email": null, "opening_hours:drive_through": null, "addr:floor": null, "building:levels": null }, "geometry": { "type": "Point", "coordinates": [ 72.9195092, 19.0649816 ] } },
{ "type": "Feature", "properties": { "element": "node", "id": 3218618160, "amenity": "bank", "atm": "yes", "brand": null, "brand:wikidata": null, "name": "THE HINDUSTHAN CO-OP.BANK LTD MUMBAI", "operator": "9;00am to 5;00pm and sater day is half day so timing 9;30am to 1;00 pm", "brand:wikipedia": null, "short_name": null, "website": null, "name:en": null, "old_name": null, "addr:housename": null, "addr:postcode": "400009", "addr:street": null, "alt_name": null, "source": null, "building": null, "addr:housenumber": null, "wikidata": null, "wikipedia": null, "level": null, "branch": null, "check_date": null, "addr:city": "mumbai", "wikimedia_commons": null, "brand:en": null, "brand:hi": null, "brand:kn": null, "brand:pa": null, "brand:pnb": null, "brand:ur": null, "brand:wikipedia:pa": null, "name:hi": null, "name:kn": null, "name:pa": null, "name:pnb": null, "name:ur": null, "addr:suburb": null, "note": null, "phone": null, "addr:unit": null, "addr:district": null, "opening_hours": null, "email": null, "fax": null, "addr:city:ur": null, "contact:fax": null, "operator:ur": null, "short_name:ur": null, "description": "ho;4/A devi galli Baburao Bobade Marg,Lokhand Bazaar", "fixme": "incorrect addr:housenumber information moved to description for now", "check_date:opening_hours": null, "drive_through": null, "highway": null, "traffic_signals": null, "traffic_signals:direction": null, "name:zh": null, "air_conditioning": null, "wheelchair": null, "contact:phone": null, "not:brand:wikidata": null, "opening_hours:covid19": null, "name:mr": null, "internet_access": null, "internet_access:fee": null, "payment:cash": null, "payment:credit_cards": null, "payment:debit_cards": null, "opening_hours:signed": null, "official_name": null, "bank": null, "contact:email": null, "opening_hours:drive_through": null, "addr:floor": null, "building:levels": null }, "geometry": { "type": "Point", "coordinates": [ 72.9192119, 19.0644541 ] } },
{ "type": "Feature", "properties": { "element": "node", "id": 3218626830, "amenity": "bank", "atm": null, "brand": null, "brand:wikidata": null, "name": "FRB EASY BANKING", "operator": "PREAM SHARMA COMMUNICATION", "brand:wikipedia": null, "short_name": null, "website": null, "name:en": null, "old_name": null, "addr:housename": null, "addr:postcode": null, "addr:street": null, "alt_name": null, "source": null, "building": null, "addr:housenumber": null, "wikidata": null, "wikipedia": null, "level": null, "branch": null, "check_date": null, "addr:city": null, "wikimedia_commons": null, "brand:en": null, "brand:hi": null, "brand:kn": null, "brand:pa": null, "brand:pnb": null, "brand:ur": null, "brand:wikipedia:pa": null, "name:hi": null, "name:kn": null, "name:pa": null, "name:pnb": null, "name:ur": null, "addr:suburb": null, "note": null, "phone": null, "addr:unit": null, "addr:district": null, "opening_hours": null, "email": null, "fax": null, "addr:city:ur": null, "contact:fax": null, "operator:ur": null, "short_name:ur": null, "description": null, "fixme": "please verify \"bank\"", "check_date:opening_hours": null, "drive_through": null, "highway": null, "traffic_signals": null, "traffic_signals:direction": null, "name:zh": null, "air_conditioning": null, "wheelchair": null, "contact:phone": null, "not:brand:wikidata": null, "opening_hours:covid19": null, "name:mr": null, "internet_access": null, "internet_access:fee": null, "payment:cash": null, "payment:credit_cards": null, "payment:debit_cards": null, "opening_hours:signed": null, "official_name": null, "bank": null, "contact:email": null, "opening_hours:drive_through": null, "addr:floor": null, "building:levels": null }, "geometry": { "type": "Point", "coordinates": [ 72.9193476, 19.0643299 ] } },
{ "type": "Feature", "properties": { "element": "node", "id": 3218920533, "amenity": "bank", "atm": null, "brand": null, "brand:wikidata": "Q2003789", "name": "Indian Bank", "operator": null, "brand:wikipedia": "en:Indian Bank", "short_name": null, "website": "https://www.indianbank.in/", "name:en": "Indian Bank", "old_name": null, "addr:housename": null, "addr:postcode": null, "addr:street": null, "alt_name": null, "source": null, "building": null, "addr:housenumber": null, "wikidata": null, "wikipedia": null, "level": null, "branch": null, "check_date": null, "addr:city": null, "wikimedia_commons": null, "brand:en": null, "brand:hi": null, "brand:kn": null, "brand:pa": null, "brand:pnb": null, "brand:ur": null, "brand:wikipedia:pa": null, "name:hi": null, "name:kn": null, "name:pa": null, "name:pnb": null, "name:ur": null, "addr:suburb": null, "note": null, "phone": null, "addr:unit": null, "addr:district": null, "opening_hours": null, "email": null, "fax": null, "addr:city:ur": null, "contact:fax": null, "operator:ur": null, "short_name:ur": null, "description": null, "fixme": null, "check_date:opening_hours": null, "drive_through": null, "highway": null, "traffic_signals": null, "traffic_signals:direction": null, "name:zh": null, "air_conditioning": null, "wheelchair": null, "contact:phone": null, "not:brand:wikidata": null, "opening_hours:covid19": null, "name:mr": null, "internet_access": null, "internet_access:fee": null, "payment:cash": null, "payment:credit_cards": null, "payment:debit_cards": null, "opening_hours:signed": null, "official_name": null, "bank": null, "contact:email": null, "opening_hours:drive_through": null, "addr:floor": null, "building:levels": null }, "geometry": { "type": "Point", "coordinates": [ 72.9011599, 19.0621202 ] } },
{ "type": "Feature", "properties": { "element": "node", "id": 3224623804, "amenity": "bank", "atm": "yes", "brand": "Bank of Baroda", "brand:wikidata": "Q2003797", "name": "Bank of Baroda", "operator": null, "brand:wikipedia": "en:Dena Bank", "short_name": null, "website": "http://www.denabank.com", "name:en": "Dena Bank", "old_name": null, "addr:housename": null, "addr:postcode": "400081", "addr:street": "Mahatma Phule Marg", "alt_name": null, "source": null, "building": null, "addr:housenumber": null, "wikidata": null, "wikipedia": null, "level": null, "branch": null, "check_date": null, "addr:city": "Mulund (East)", "wikimedia_commons": null, "brand:en": null, "brand:hi": null, "brand:kn": null, "brand:pa": null, "brand:pnb": null, "brand:ur": null, "brand:wikipedia:pa": null, "name:hi": null, "name:kn": null, "name:pa": null, "name:pnb": null, "name:ur": null, "addr:suburb": null, "note": null, "phone": null, "addr:unit": null, "addr:district": null, "opening_hours": null, "email": null, "fax": null, "addr:city:ur": null, "contact:fax": null, "operator:ur": null, "short_name:ur": null, "description": null, "fixme": null, "check_date:opening_hours": null, "drive_through": null, "highway": null, "traffic_signals": null, "traffic_signals:direction": null, "name:zh": null, "air_conditioning": null, "wheelchair": null, "contact:phone": null, "not:brand:wikidata": null, "opening_hours:covid19": null, "name:mr": null, "internet_access": null, "internet_access:fee": null, "payment:cash": null, "payment:credit_cards": null, "payment:debit_cards": null, "opening_hours:signed": null, "official_name": null, "bank": null, "contact:email": null, "opening_hours:drive_through": null, "addr:floor": null, "building:levels": null }, "geometry": { "type": "Point", "coordinates": [ 72.9587213, 19.1720301 ] } },
{ "type": "Feature", "properties": { "element": "node", "id": 3224692236, "amenity": "bank", "atm": "yes", "brand": "Axis Bank", "brand:wikidata": "Q2003549", "name": "Axis Bank", "operator": null, "brand:wikipedia": "en:Axis Bank", "short_name": null, "website": "https://www.axisbank.com", "name:en": "Axis Bank", "old_name": null, "addr:housename": null, "addr:postcode": "400081", "addr:street": "Mahatma Phule Marg", "alt_name": null, "source": null, "building": null, "addr:housenumber": null, "wikidata": null, "wikipedia": null, "level": null, "branch": null, "check_date": null, "addr:city": "Mulund (East)", "wikimedia_commons": null, "brand:en": null, "brand:hi": null, "brand:kn": null, "brand:pa": null, "brand:pnb": null, "brand:ur": null, "brand:wikipedia:pa": null, "name:hi": null, "name:kn": null, "name:pa": null, "name:pnb": null, "name:ur": null, "addr:suburb": null, "note": null, "phone": null, "addr:unit": null, "addr:district": null, "opening_hours": null, "email": null, "fax": null, "addr:city:ur": null, "contact:fax": null, "operator:ur": null, "short_name:ur": null, "description": null, "fixme": null, "check_date:opening_hours": null, "drive_through": null, "highway": null, "traffic_signals": null, "traffic_signals:direction": null, "name:zh": null, "air_conditioning": null, "wheelchair": null, "contact:phone": null, "not:brand:wikidata": null, "opening_hours:covid19": null, "name:mr": null, "internet_access": null, "internet_access:fee": null, "payment:cash": null, "payment:credit_cards": null, "payment:debit_cards": null, "opening_hours:signed": null, "official_name": null, "bank": null, "contact:email": null, "opening_hours:drive_through": null, "addr:floor": null, "building:levels": null }, "geometry": { "type": "Point", "coordinates": [ 72.9594585, 19.1719172 ] } },
{ "type": "Feature", "properties": { "element": "node", "id": 3235946455, "amenity": "bank", "atm": "yes", "brand": null, "brand:wikidata": "Q3595747", "name": "Dena Bank", "operator": null, "brand:wikipedia": "en:Dena Bank", "short_name": null, "website": "http://www.denabank.com", "name:en": "Dena Bank", "old_name": null, "addr:housename": null, "addr:postcode": "400080", "addr:street": "Mahatma Gandhi Road", "alt_name": null, "source": null, "building": null, "addr:housenumber": null, "wikidata": null, "wikipedia": null, "level": null, "branch": null, "check_date": null, "addr:city": "Mulund (West)", "wikimedia_commons": null, "brand:en": null, "brand:hi": null, "brand:kn": null, "brand:pa": null, "brand:pnb": null, "brand:ur": null, "brand:wikipedia:pa": null, "name:hi": null, "name:kn": null, "name:pa": null, "name:pnb": null, "name:ur": null, "addr:suburb": null, "note": null, "phone": null, "addr:unit": null, "addr:district": null, "opening_hours": null, "email": null, "fax": null, "addr:city:ur": null, "contact:fax": null, "operator:ur": null, "short_name:ur": null, "description": null, "fixme": null, "check_date:opening_hours": null, "drive_through": null, "highway": null, "traffic_signals": null, "traffic_signals:direction": null, "name:zh": null, "air_conditioning": null, "wheelchair": null, "contact:phone": null, "not:brand:wikidata": null, "opening_hours:covid19": null, "name:mr": null, "internet_access": null, "internet_access:fee": null, "payment:cash": null, "payment:credit_cards": null, "payment:debit_cards": null, "opening_hours:signed": null, "official_name": null, "bank": null, "contact:email": null, "opening_hours:drive_through": null, "addr:floor": null, "building:levels": null }, "geometry": { "type": "Point", "coordinates": [ 72.9534865, 19.1746833 ] } },
{ "type": "Feature", "properties": { "element": "node", "id": 3235952462, "amenity": "bank", "atm": "yes", "brand": null, "brand:wikidata": null, "name": "Cyndicate Bank", "operator": null, "brand:wikipedia": null, "short_name": null, "website": null, "name:en": null, "old_name": null, "addr:housename": null, "addr:postcode": null, "addr:street": "Subhash Chandra Bose Road", "alt_name": null, "source": null, "building": null, "addr:housenumber": null, "wikidata": null, "wikipedia": null, "level": null, "branch": null, "check_date": null, "addr:city": "Mulund (West)", "wikimedia_commons": null, "brand:en": null, "brand:hi": null, "brand:kn": null, "brand:pa": null, "brand:pnb": null, "brand:ur": null, "brand:wikipedia:pa": null, "name:hi": null, "name:kn": null, "name:pa": null, "name:pnb": null, "name:ur": null, "addr:suburb": null, "note": null, "phone": null, "addr:unit": null, "addr:district": null, "opening_hours": null, "email": null, "fax": null, "addr:city:ur": null, "contact:fax": null, "operator:ur": null, "short_name:ur": null, "description": null, "fixme": null, "check_date:opening_hours": null, "drive_through": null, "highway": null, "traffic_signals": null, "traffic_signals:direction": null, "name:zh": null, "air_conditioning": null, "wheelchair": null, "contact:phone": null, "not:brand:wikidata": null, "opening_hours:covid19": null, "name:mr": null, "internet_access": null, "internet_access:fee": null, "payment:cash": null, "payment:credit_cards": null, "payment:debit_cards": null, "opening_hours:signed": null, "official_name": null, "bank": null, "contact:email": null, "opening_hours:drive_through": null, "addr:floor": null, "building:levels": null }, "geometry": { "type": "Point", "coordinates": [ 72.9544214, 19.1753828 ] } },
{ "type": "Feature", "properties": { "element": "node", "id": 3235952463, "amenity": "bank", "atm": "yes", "brand": null, "brand:wikidata": null, "name": "Sarswat Bank", "operator": null, "brand:wikipedia": null, "short_name": null, "website": null, "name:en": null, "old_name": null, "addr:housename": null, "addr:postcode": "400080", "addr:street": "Subhash Chandra Bose Road", "alt_name": null, "source": null, "building": null, "addr:housenumber": null, "wikidata": null, "wikipedia": null, "level": null, "branch": null, "check_date": null, "addr:city": "Mulund (West)", "wikimedia_commons": null, "brand:en": null, "brand:hi": null, "brand:kn": null, "brand:pa": null, "brand:pnb": null, "brand:ur": null, "brand:wikipedia:pa": null, "name:hi": null, "name:kn": null, "name:pa": null, "name:pnb": null, "name:ur": null, "addr:suburb": null, "note": null, "phone": null, "addr:unit": null, "addr:district": null, "opening_hours": null, "email": null, "fax": null, "addr:city:ur": null, "contact:fax": null, "operator:ur": null, "short_name:ur": null, "description": null, "fixme": null, "check_date:opening_hours": null, "drive_through": null, "highway": null, "traffic_signals": null, "traffic_signals:direction": null, "name:zh": null, "air_conditioning": null, "wheelchair": null, "contact:phone": null, "not:brand:wikidata": null, "opening_hours:covid19": null, "name:mr": null, "internet_access": null, "internet_access:fee": null, "payment:cash": null, "payment:credit_cards": null, "payment:debit_cards": null, "opening_hours:signed": null, "official_name": null, "bank": null, "contact:email": null, "opening_hours:drive_through": null, "addr:floor": null, "building:levels": null }, "geometry": { "type": "Point", "coordinates": [ 72.9544804, 19.1753632 ] } },
{ "type": "Feature", "properties": { "element": "node", "id": 3242698781, "amenity": "bank", "atm": null, "brand": "Kotak Mahindra Bank", "brand:wikidata": "Q2040404", "name": "Kotak Mahindra Bank", "operator": null, "brand:wikipedia": "en:Kotak Mahindra Bank", "short_name": null, "website": "https://www.kotak.com/", "name:en": "Kotak Mahindra Bank", "old_name": null, "addr:housename": null, "addr:postcode": null, "addr:street": null, "alt_name": null, "source": null, "building": null, "addr:housenumber": null, "wikidata": null, "wikipedia": null, "level": null, "branch": null, "check_date": null, "addr:city": null, "wikimedia_commons": null, "brand:en": null, "brand:hi": null, "brand:kn": null, "brand:pa": null, "brand:pnb": null, "brand:ur": null, "brand:wikipedia:pa": null, "name:hi": null, "name:kn": null, "name:pa": null, "name:pnb": null, "name:ur": null, "addr:suburb": null, "note": null, "phone": null, "addr:unit": null, "addr:district": null, "opening_hours": null, "email": null, "fax": null, "addr:city:ur": null, "contact:fax": null, "operator:ur": null, "short_name:ur": null, "description": null, "fixme": null, "check_date:opening_hours": null, "drive_through": null, "highway": null, "traffic_signals": null, "traffic_signals:direction": null, "name:zh": null, "air_conditioning": null, "wheelchair": null, "contact:phone": null, "not:brand:wikidata": null, "opening_hours:covid19": null, "name:mr": null, "internet_access": null, "internet_access:fee": null, "payment:cash": null, "payment:credit_cards": null, "payment:debit_cards": null, "opening_hours:signed": null, "official_name": null, "bank": null, "contact:email": null, "opening_hours:drive_through": null, "addr:floor": null, "building:levels": null }, "geometry": { "type": "Point", "coordinates": [ 72.8501392, 19.1149202 ] } },
{ "type": "Feature", "properties": { "element": "node", "id": 3293516345, "amenity": "bank", "atm": null, "brand": "Yes Bank", "brand:wikidata": "Q2040394", "name": "Yes Bank", "operator": null, "brand:wikipedia": "en:Yes Bank", "short_name": null, "website": "https://www.yesbank.in", "name:en": "YES Bank", "old_name": null, "addr:housename": null, "addr:postcode": null, "addr:street": null, "alt_name": null, "source": null, "building": null, "addr:housenumber": null, "wikidata": null, "wikipedia": null, "level": null, "branch": null, "check_date": null, "addr:city": null, "wikimedia_commons": null, "brand:en": null, "brand:hi": null, "brand:kn": null, "brand:pa": null, "brand:pnb": null, "brand:ur": null, "brand:wikipedia:pa": null, "name:hi": null, "name:kn": null, "name:pa": null, "name:pnb": null, "name:ur": null, "addr:suburb": null, "note": null, "phone": null, "addr:unit": null, "addr:district": null, "opening_hours": null, "email": null, "fax": null, "addr:city:ur": null, "contact:fax": null, "operator:ur": null, "short_name:ur": null, "description": null, "fixme": null, "check_date:opening_hours": null, "drive_through": null, "highway": null, "traffic_signals": null, "traffic_signals:direction": null, "name:zh": null, "air_conditioning": null, "wheelchair": null, "contact:phone": null, "not:brand:wikidata": null, "opening_hours:covid19": null, "name:mr": null, "internet_access": null, "internet_access:fee": null, "payment:cash": null, "payment:credit_cards": null, "payment:debit_cards": null, "opening_hours:signed": null, "official_name": null, "bank": null, "contact:email": null, "opening_hours:drive_through": null, "addr:floor": null, "building:levels": null }, "geometry": { "type": "Point", "coordinates": [ 72.8318195, 19.1404836 ] } },
{ "type": "Feature", "properties": { "element": "node", "id": 3305729037, "amenity": "bank", "atm": "yes", "brand": null, "brand:wikidata": null, "name": "New India Co-Operative Bank Ltd", "operator": null, "brand:wikipedia": null, "short_name": null, "website": null, "name:en": null, "old_name": null, "addr:housename": null, "addr:postcode": null, "addr:street": null, "alt_name": null, "source": null, "building": null, "addr:housenumber": null, "wikidata": null, "wikipedia": null, "level": null, "branch": null, "check_date": null, "addr:city": null, "wikimedia_commons": null, "brand:en": null, "brand:hi": null, "brand:kn": null, "brand:pa": null, "brand:pnb": null, "brand:ur": null, "brand:wikipedia:pa": null, "name:hi": null, "name:kn": null, "name:pa": null, "name:pnb": null, "name:ur": null, "addr:suburb": null, "note": null, "phone": null, "addr:unit": null, "addr:district": null, "opening_hours": null, "email": null, "fax": null, "addr:city:ur": null, "contact:fax": null, "operator:ur": null, "short_name:ur": null, "description": null, "fixme": null, "check_date:opening_hours": null, "drive_through": null, "highway": null, "traffic_signals": null, "traffic_signals:direction": null, "name:zh": null, "air_conditioning": null, "wheelchair": null, "contact:phone": null, "not:brand:wikidata": null, "opening_hours:covid19": null, "name:mr": null, "internet_access": null, "internet_access:fee": null, "payment:cash": null, "payment:credit_cards": null, "payment:debit_cards": null, "opening_hours:signed": null, "official_name": null, "bank": null, "contact:email": null, "opening_hours:drive_through": null, "addr:floor": null, "building:levels": null }, "geometry": { "type": "Point", "coordinates": [ 72.8319183, 19.1407938 ] } },
{ "type": "Feature", "properties": { "element": "node", "id": 3306535077, "amenity": "bank", "atm": "yes", "brand": "HDFC Bank", "brand:wikidata": "Q631047", "name": "HDFC Bank", "operator": null, "brand:wikipedia": "en:HDFC Bank", "short_name": "HDFC", "website": "https://www.hdfcbank.com", "name:en": null, "old_name": null, "addr:housename": null, "addr:postcode": null, "addr:street": null, "alt_name": null, "source": null, "building": null, "addr:housenumber": null, "wikidata": null, "wikipedia": null, "level": null, "branch": null, "check_date": "2026-03-12", "addr:city": null, "wikimedia_commons": null, "brand:en": null, "brand:hi": null, "brand:kn": null, "brand:pa": null, "brand:pnb": null, "brand:ur": null, "brand:wikipedia:pa": null, "name:hi": null, "name:kn": null, "name:pa": null, "name:pnb": null, "name:ur": null, "addr:suburb": null, "note": null, "phone": null, "addr:unit": null, "addr:district": null, "opening_hours": null, "email": null, "fax": null, "addr:city:ur": null, "contact:fax": null, "operator:ur": null, "short_name:ur": null, "description": null, "fixme": null, "check_date:opening_hours": null, "drive_through": null, "highway": null, "traffic_signals": null, "traffic_signals:direction": null, "name:zh": null, "air_conditioning": null, "wheelchair": null, "contact:phone": null, "not:brand:wikidata": null, "opening_hours:covid19": null, "name:mr": null, "internet_access": null, "internet_access:fee": null, "payment:cash": null, "payment:credit_cards": null, "payment:debit_cards": null, "opening_hours:signed": null, "official_name": null, "bank": null, "contact:email": null, "opening_hours:drive_through": null, "addr:floor": null, "building:levels": null }, "geometry": { "type": "Point", "coordinates": [ 72.8324272, 18.9248221 ] } },
{ "type": "Feature", "properties": { "element": "node", "id": 3333491792, "amenity": "bank", "atm": "yes", "brand": null, "brand:wikidata": null, "name": "RBS Office", "operator": null, "brand:wikipedia": null, "short_name": null, "website": null, "name:en": null, "old_name": null, "addr:housename": null, "addr:postcode": null, "addr:street": null, "alt_name": null, "source": null, "building": null, "addr:housenumber": null, "wikidata": null, "wikipedia": null, "level": null, "branch": null, "check_date": null, "addr:city": null, "wikimedia_commons": null, "brand:en": null, "brand:hi": null, "brand:kn": null, "brand:pa": null, "brand:pnb": null, "brand:ur": null, "brand:wikipedia:pa": null, "name:hi": null, "name:kn": null, "name:pa": null, "name:pnb": null, "name:ur": null, "addr:suburb": null, "note": "414, Empire Complex, Senapati Bapat Marg, Lower Parel (W) Mumbai, Maharashtra 400013", "phone": null, "addr:unit": null, "addr:district": null, "opening_hours": null, "email": null, "fax": null, "addr:city:ur": null, "contact:fax": null, "operator:ur": null, "short_name:ur": null, "description": null, "fixme": null, "check_date:opening_hours": null, "drive_through": null, "highway": null, "traffic_signals": null, "traffic_signals:direction": null, "name:zh": null, "air_conditioning": null, "wheelchair": null, "contact:phone": null, "not:brand:wikidata": null, "opening_hours:covid19": null, "name:mr": null, "internet_access": null, "internet_access:fee": null, "payment:cash": null, "payment:credit_cards": null, "payment:debit_cards": null, "opening_hours:signed": null, "official_name": null, "bank": null, "contact:email": null, "opening_hours:drive_through": null, "addr:floor": null, "building:levels": null }, "geometry": { "type": "Point", "coordinates": [ 72.8277738, 19.0010949 ] } },
{ "type": "Feature", "properties": { "element": "node", "id": 3333491946, "amenity": "bank", "atm": "no", "brand": "Kotak Mahindra Bank", "brand:wikidata": "Q2040404", "name": "Kotak Mahindra Bank", "operator": null, "brand:wikipedia": "en:Kotak Mahindra Bank", "short_name": null, "website": "https://www.kotak.com/", "name:en": "Kotak Mahindra Bank", "old_name": null, "addr:housename": null, "addr:postcode": null, "addr:street": null, "alt_name": null, "source": null, "building": null, "addr:housenumber": null, "wikidata": null, "wikipedia": null, "level": null, "branch": null, "check_date": null, "addr:city": null, "wikimedia_commons": null, "brand:en": null, "brand:hi": null, "brand:kn": null, "brand:pa": null, "brand:pnb": null, "brand:ur": null, "brand:wikipedia:pa": null, "name:hi": null, "name:kn": null, "name:pa": null, "name:pnb": null, "name:ur": null, "addr:suburb": null, "note": null, "phone": null, "addr:unit": null, "addr:district": null, "opening_hours": null, "email": null, "fax": null, "addr:city:ur": null, "contact:fax": null, "operator:ur": null, "short_name:ur": null, "description": null, "fixme": null, "check_date:opening_hours": null, "drive_through": null, "highway": null, "traffic_signals": null, "traffic_signals:direction": null, "name:zh": null, "air_conditioning": null, "wheelchair": null, "contact:phone": null, "not:brand:wikidata": null, "opening_hours:covid19": null, "name:mr": null, "internet_access": null, "internet_access:fee": null, "payment:cash": null, "payment:credit_cards": null, "payment:debit_cards": null, "opening_hours:signed": null, "official_name": null, "bank": null, "contact:email": null, "opening_hours:drive_through": null, "addr:floor": null, "building:levels": null }, "geometry": { "type": "Point", "coordinates": [ 72.8275541, 18.9987452 ] } },
{ "type": "Feature", "properties": { "element": "node", "id": 3366416121, "amenity": "bank", "atm": "no", "brand": "Corporation Bank", "brand:wikidata": "Q2003387", "name": "Corporation Bank", "operator": null, "brand:wikipedia": "en:Corporation Bank", "short_name": null, "website": "https://corpbank.com/", "name:en": "Corporation Bank", "old_name": null, "addr:housename": null, "addr:postcode": null, "addr:street": null, "alt_name": null, "source": null, "building": null, "addr:housenumber": null, "wikidata": null, "wikipedia": null, "level": null, "branch": null, "check_date": "2026-03-12", "addr:city": null, "wikimedia_commons": null, "brand:en": null, "brand:hi": null, "brand:kn": null, "brand:pa": null, "brand:pnb": null, "brand:ur": null, "brand:wikipedia:pa": null, "name:hi": null, "name:kn": null, "name:pa": null, "name:pnb": null, "name:ur": null, "addr:suburb": null, "note": null, "phone": null, "addr:unit": null, "addr:district": null, "opening_hours": null, "email": null, "fax": null, "addr:city:ur": null, "contact:fax": null, "operator:ur": null, "short_name:ur": null, "description": null, "fixme": null, "check_date:opening_hours": null, "drive_through": null, "highway": null, "traffic_signals": null, "traffic_signals:direction": null, "name:zh": null, "air_conditioning": null, "wheelchair": null, "contact:phone": null, "not:brand:wikidata": null, "opening_hours:covid19": null, "name:mr": null, "internet_access": null, "internet_access:fee": null, "payment:cash": null, "payment:credit_cards": null, "payment:debit_cards": null, "opening_hours:signed": null, "official_name": null, "bank": null, "contact:email": null, "opening_hours:drive_through": null, "addr:floor": null, "building:levels": null }, "geometry": { "type": "Point", "coordinates": [ 72.8338049, 18.9289343 ] } },
{ "type": "Feature", "properties": { "element": "node", "id": 3366416124, "amenity": "bank", "atm": "yes", "brand": "Canara Bank", "brand:wikidata": "Q2003777", "name": "Canara Bank", "operator": null, "brand:wikipedia": "en:Canara Bank", "short_name": null, "website": "https://www.canarabank.com/", "name:en": "Canara Bank", "old_name": null, "addr:housename": null, "addr:postcode": null, "addr:street": null, "alt_name": null, "source": null, "building": null, "addr:housenumber": null, "wikidata": null, "wikipedia": null, "level": null, "branch": null, "check_date": "2026-03-12", "addr:city": null, "wikimedia_commons": null, "brand:en": "Canara Bank", "brand:hi": "केनरा बैंक", "brand:kn": "ಕೆನರಾ ಬ್ಯಾಂಕ್", "brand:pa": "ਕੇਨਰਾ ਬੈਂਕ", "brand:pnb": "کینرا بینک", "brand:ur": "کینرا بینک", "brand:wikipedia:pa": "ਕੇਨਰਾ ਬੈਂਕ", "name:hi": "केनरा बैंक", "name:kn": "ಕೆನರಾ ಬ್ಯಾಂಕ್", "name:pa": "ਕੇਨਰਾ ਬੈਂਕ", "name:pnb": "کینرا بینک", "name:ur": "کینرا بینک", "addr:suburb": null, "note": null, "phone": null, "addr:unit": null, "addr:district": null, "opening_hours": null, "email": null, "fax": null, "addr:city:ur": null, "contact:fax": null, "operator:ur": null, "short_name:ur": null, "description": null, "fixme": null, "check_date:opening_hours": null, "drive_through": null, "highway": null, "traffic_signals": null, "traffic_signals:direction": null, "name:zh": null, "air_conditioning": null, "wheelchair": null, "contact:phone": null, "not:brand:wikidata": null, "opening_hours:covid19": null, "name:mr": null, "internet_access": null, "internet_access:fee": null, "payment:cash": null, "payment:credit_cards": null, "payment:debit_cards": null, "opening_hours:signed": null, "official_name": null, "bank": null, "contact:email": null, "opening_hours:drive_through": null, "addr:floor": null, "building:levels": null }, "geometry": { "type": "Point", "coordinates": [ 72.8337851, 18.9290532 ] } },
{ "type": "Feature", "properties": { "element": "node", "id": 3366427604, "amenity": "bank", "atm": null, "brand": null, "brand:wikidata": "Q6479935", "name": "Lakshmi Vilas Bank", "operator": null, "brand:wikipedia": "en:Lakshmi Vilas Bank", "short_name": null, "website": "https://www.lvbank.com", "name:en": "Lakshmi Vilas Bank", "old_name": null, "addr:housename": "Bharat House", "addr:postcode": "400023", "addr:street": "Mumbai Samachar Marg", "alt_name": null, "source": null, "building": null, "addr:housenumber": null, "wikidata": null, "wikipedia": null, "level": null, "branch": null, "check_date": "2026-03-12", "addr:city": "Mumbai", "wikimedia_commons": null, "brand:en": null, "brand:hi": null, "brand:kn": null, "brand:pa": null, "brand:pnb": null, "brand:ur": null, "brand:wikipedia:pa": null, "name:hi": null, "name:kn": null, "name:pa": null, "name:pnb": null, "name:ur": null, "addr:suburb": null, "note": null, "phone": null, "addr:unit": null, "addr:district": null, "opening_hours": null, "email": null, "fax": null, "addr:city:ur": null, "contact:fax": null, "operator:ur": null, "short_name:ur": null, "description": null, "fixme": null, "check_date:opening_hours": null, "drive_through": null, "highway": null, "traffic_signals": null, "traffic_signals:direction": null, "name:zh": null, "air_conditioning": null, "wheelchair": null, "contact:phone": null, "not:brand:wikidata": null, "opening_hours:covid19": null, "name:mr": null, "internet_access": null, "internet_access:fee": null, "payment:cash": null, "payment:credit_cards": null, "payment:debit_cards": null, "opening_hours:signed": null, "official_name": null, "bank": null, "contact:email": null, "opening_hours:drive_through": null, "addr:floor": null, "building:levels": null }, "geometry": { "type": "Point", "coordinates": [ 72.8337873, 18.9285401 ] } },
{ "type": "Feature", "properties": { "element": "node", "id": 3484977398, "amenity": "bank", "atm": "yes", "brand": null, "brand:wikidata": null, "name": "Saraswat Bank", "operator": null, "brand:wikipedia": null, "short_name": null, "website": null, "name:en": null, "old_name": null, "addr:housename": null, "addr:postcode": null, "addr:street": "Behind Vasant Sagar Complex", "alt_name": null, "source": null, "building": null, "addr:housenumber": null, "wikidata": null, "wikipedia": null, "level": null, "branch": null, "check_date": null, "addr:city": "Mumbai", "wikimedia_commons": null, "brand:en": null, "brand:hi": null, "brand:kn": null, "brand:pa": null, "brand:pnb": null, "brand:ur": null, "brand:wikipedia:pa": null, "name:hi": null, "name:kn": null, "name:pa": null, "name:pnb": null, "name:ur": null, "addr:suburb": null, "note": null, "phone": null, "addr:unit": null, "addr:district": null, "opening_hours": null, "email": null, "fax": null, "addr:city:ur": null, "contact:fax": null, "operator:ur": null, "short_name:ur": null, "description": null, "fixme": null, "check_date:opening_hours": null, "drive_through": null, "highway": null, "traffic_signals": null, "traffic_signals:direction": null, "name:zh": null, "air_conditioning": null, "wheelchair": null, "contact:phone": null, "not:brand:wikidata": null, "opening_hours:covid19": null, "name:mr": null, "internet_access": null, "internet_access:fee": null, "payment:cash": null, "payment:credit_cards": null, "payment:debit_cards": null, "opening_hours:signed": null, "official_name": null, "bank": null, "contact:email": null, "opening_hours:drive_through": null, "addr:floor": null, "building:levels": null }, "geometry": { "type": "Point", "coordinates": [ 72.8745359, 19.2092394 ] } },
{ "type": "Feature", "properties": { "element": "node", "id": 3512350293, "amenity": "bank", "atm": null, "brand": "Axis Bank", "brand:wikidata": "Q2003549", "name": "Axis Bank", "operator": "Axis Bank", "brand:wikipedia": "en:Axis Bank", "short_name": null, "website": "https://www.axisbank.com", "name:en": null, "old_name": null, "addr:housename": null, "addr:postcode": "400050", "addr:street": "Turner Road (Gurunanak Marg)", "alt_name": null, "source": null, "building": null, "addr:housenumber": null, "wikidata": null, "wikipedia": null, "level": null, "branch": null, "check_date": null, "addr:city": "Mumbai", "wikimedia_commons": null, "brand:en": null, "brand:hi": null, "brand:kn": null, "brand:pa": null, "brand:pnb": null, "brand:ur": null, "brand:wikipedia:pa": null, "name:hi": null, "name:kn": null, "name:pa": null, "name:pnb": null, "name:ur": null, "addr:suburb": null, "note": null, "phone": null, "addr:unit": null, "addr:district": null, "opening_hours": null, "email": null, "fax": null, "addr:city:ur": null, "contact:fax": null, "operator:ur": null, "short_name:ur": null, "description": null, "fixme": null, "check_date:opening_hours": null, "drive_through": null, "highway": null, "traffic_signals": null, "traffic_signals:direction": null, "name:zh": null, "air_conditioning": null, "wheelchair": null, "contact:phone": null, "not:brand:wikidata": null, "opening_hours:covid19": null, "name:mr": null, "internet_access": null, "internet_access:fee": null, "payment:cash": null, "payment:credit_cards": null, "payment:debit_cards": null, "opening_hours:signed": null, "official_name": null, "bank": null, "contact:email": null, "opening_hours:drive_through": null, "addr:floor": null, "building:levels": null }, "geometry": { "type": "Point", "coordinates": [ 72.8297667, 19.0596854 ] } },
{ "type": "Feature", "properties": { "element": "node", "id": 3518548898, "amenity": "bank", "atm": null, "brand": null, "brand:wikidata": null, "name": "Apna Janta Sahakari Bank", "operator": null, "brand:wikipedia": null, "short_name": null, "website": null, "name:en": null, "old_name": null, "addr:housename": null, "addr:postcode": null, "addr:street": null, "alt_name": null, "source": null, "building": null, "addr:housenumber": null, "wikidata": null, "wikipedia": null, "level": null, "branch": null, "check_date": null, "addr:city": "Mumbai", "wikimedia_commons": null, "brand:en": null, "brand:hi": null, "brand:kn": null, "brand:pa": null, "brand:pnb": null, "brand:ur": null, "brand:wikipedia:pa": null, "name:hi": null, "name:kn": null, "name:pa": null, "name:pnb": null, "name:ur": null, "addr:suburb": null, "note": null, "phone": null, "addr:unit": null, "addr:district": null, "opening_hours": null, "email": null, "fax": null, "addr:city:ur": null, "contact:fax": null, "operator:ur": null, "short_name:ur": null, "description": null, "fixme": null, "check_date:opening_hours": null, "drive_through": null, "highway": null, "traffic_signals": null, "traffic_signals:direction": null, "name:zh": null, "air_conditioning": null, "wheelchair": null, "contact:phone": null, "not:brand:wikidata": null, "opening_hours:covid19": null, "name:mr": null, "internet_access": null, "internet_access:fee": null, "payment:cash": null, "payment:credit_cards": null, "payment:debit_cards": null, "opening_hours:signed": null, "official_name": null, "bank": null, "contact:email": null, "opening_hours:drive_through": null, "addr:floor": null, "building:levels": null }, "geometry": { "type": "Point", "coordinates": [ 72.9034373, 19.1135753 ] } },
{ "type": "Feature", "properties": { "element": "node", "id": 3524849445, "amenity": "bank", "atm": null, "brand": null, "brand:wikidata": null, "name": "Oriental Bank Of Conmerce", "operator": null, "brand:wikipedia": null, "short_name": null, "website": null, "name:en": null, "old_name": null, "addr:housename": "Sakharam Kirpa", "addr:postcode": "400028", "addr:street": "Gokhale Road North, Amarhind Mandal", "alt_name": null, "source": null, "building": null, "addr:housenumber": "255", "wikidata": null, "wikipedia": null, "level": null, "branch": null, "check_date": null, "addr:city": "Mumbai", "wikimedia_commons": null, "brand:en": null, "brand:hi": null, "brand:kn": null, "brand:pa": null, "brand:pnb": null, "brand:ur": null, "brand:wikipedia:pa": null, "name:hi": null, "name:kn": null, "name:pa": null, "name:pnb": null, "name:ur": null, "addr:suburb": null, "note": null, "phone": null, "addr:unit": null, "addr:district": null, "opening_hours": null, "email": null, "fax": null, "addr:city:ur": null, "contact:fax": null, "operator:ur": null, "short_name:ur": null, "description": null, "fixme": null, "check_date:opening_hours": null, "drive_through": null, "highway": null, "traffic_signals": null, "traffic_signals:direction": null, "name:zh": null, "air_conditioning": null, "wheelchair": null, "contact:phone": null, "not:brand:wikidata": null, "opening_hours:covid19": null, "name:mr": null, "internet_access": null, "internet_access:fee": null, "payment:cash": null, "payment:credit_cards": null, "payment:debit_cards": null, "opening_hours:signed": null, "official_name": null, "bank": null, "contact:email": null, "opening_hours:drive_through": null, "addr:floor": null, "building:levels": null }, "geometry": { "type": "Point", "coordinates": [ 72.8370142, 19.0208616 ] } },
{ "type": "Feature", "properties": { "element": "node", "id": 3529548084, "amenity": "bank", "atm": "yes", "brand": "State Bank of India", "brand:wikidata": "Q1340361", "name": "State Bank of India", "operator": null, "brand:wikipedia": "en:State Bank of India", "short_name": "SBI", "website": "https://www.sbi.co.in", "name:en": null, "old_name": null, "addr:housename": null, "addr:postcode": "400088", "addr:street": "Sion Trombay Road, Deonar", "alt_name": null, "source": null, "building": null, "addr:housenumber": null, "wikidata": null, "wikipedia": null, "level": null, "branch": null, "check_date": null, "addr:city": null, "wikimedia_commons": null, "brand:en": null, "brand:hi": null, "brand:kn": null, "brand:pa": null, "brand:pnb": null, "brand:ur": null, "brand:wikipedia:pa": null, "name:hi": null, "name:kn": null, "name:pa": null, "name:pnb": null, "name:ur": null, "addr:suburb": null, "note": null, "phone": "+912225580005", "addr:unit": null, "addr:district": null, "opening_hours": "09:30-15:30", "email": null, "fax": null, "addr:city:ur": null, "contact:fax": null, "operator:ur": null, "short_name:ur": null, "description": null, "fixme": null, "check_date:opening_hours": "2023-06-15", "drive_through": "no", "highway": null, "traffic_signals": null, "traffic_signals:direction": null, "name:zh": null, "air_conditioning": null, "wheelchair": null, "contact:phone": null, "not:brand:wikidata": null, "opening_hours:covid19": null, "name:mr": null, "internet_access": null, "internet_access:fee": null, "payment:cash": null, "payment:credit_cards": null, "payment:debit_cards": null, "opening_hours:signed": null, "official_name": null, "bank": null, "contact:email": null, "opening_hours:drive_through": null, "addr:floor": null, "building:levels": null }, "geometry": { "type": "Point", "coordinates": [ 72.9098852, 19.0460083 ] } },
{ "type": "Feature", "properties": { "element": "node", "id": 3529572268, "amenity": "bank", "atm": null, "brand": null, "brand:wikidata": null, "name": "vijya bank", "operator": null, "brand:wikipedia": null, "short_name": null, "website": null, "name:en": null, "old_name": null, "addr:housename": null, "addr:postcode": null, "addr:street": null, "alt_name": null, "source": null, "building": null, "addr:housenumber": null, "wikidata": null, "wikipedia": null, "level": null, "branch": null, "check_date": null, "addr:city": null, "wikimedia_commons": null, "brand:en": null, "brand:hi": null, "brand:kn": null, "brand:pa": null, "brand:pnb": null, "brand:ur": null, "brand:wikipedia:pa": null, "name:hi": null, "name:kn": null, "name:pa": null, "name:pnb": null, "name:ur": null, "addr:suburb": null, "note": null, "phone": null, "addr:unit": null, "addr:district": null, "opening_hours": null, "email": null, "fax": null, "addr:city:ur": null, "contact:fax": null, "operator:ur": null, "short_name:ur": null, "description": null, "fixme": null, "check_date:opening_hours": null, "drive_through": null, "highway": null, "traffic_signals": null, "traffic_signals:direction": null, "name:zh": null, "air_conditioning": null, "wheelchair": null, "contact:phone": null, "not:brand:wikidata": null, "opening_hours:covid19": null, "name:mr": null, "internet_access": null, "internet_access:fee": null, "payment:cash": null, "payment:credit_cards": null, "payment:debit_cards": null, "opening_hours:signed": null, "official_name": null, "bank": null, "contact:email": null, "opening_hours:drive_through": null, "addr:floor": null, "building:levels": null }, "geometry": { "type": "Point", "coordinates": [ 72.8967036, 19.0607666 ] } },
{ "type": "Feature", "properties": { "element": "node", "id": 3532111661, "amenity": "bank", "atm": "yes", "brand": "State Bank of India", "brand:wikidata": "Q1340361", "name": "State Bank of India", "operator": null, "brand:wikipedia": "en:State Bank of India", "short_name": "SBI", "website": null, "name:en": null, "old_name": null, "addr:housename": null, "addr:postcode": null, "addr:street": null, "alt_name": null, "source": null, "building": null, "addr:housenumber": null, "wikidata": null, "wikipedia": null, "level": null, "branch": null, "check_date": null, "addr:city": null, "wikimedia_commons": null, "brand:en": null, "brand:hi": null, "brand:kn": null, "brand:pa": null, "brand:pnb": null, "brand:ur": null, "brand:wikipedia:pa": null, "name:hi": null, "name:kn": null, "name:pa": null, "name:pnb": null, "name:ur": null, "addr:suburb": null, "note": null, "phone": null, "addr:unit": null, "addr:district": null, "opening_hours": null, "email": null, "fax": null, "addr:city:ur": null, "contact:fax": null, "operator:ur": null, "short_name:ur": null, "description": null, "fixme": null, "check_date:opening_hours": null, "drive_through": null, "highway": null, "traffic_signals": null, "traffic_signals:direction": null, "name:zh": null, "air_conditioning": null, "wheelchair": null, "contact:phone": null, "not:brand:wikidata": null, "opening_hours:covid19": null, "name:mr": null, "internet_access": null, "internet_access:fee": null, "payment:cash": null, "payment:credit_cards": null, "payment:debit_cards": null, "opening_hours:signed": null, "official_name": null, "bank": null, "contact:email": null, "opening_hours:drive_through": null, "addr:floor": null, "building:levels": null }, "geometry": { "type": "Point", "coordinates": [ 72.8804604, 19.0627501 ] } },
{ "type": "Feature", "properties": { "element": "node", "id": 3532122516, "amenity": "bank", "atm": "yes", "brand": "Allahabad Bank", "brand:wikidata": "Q2018840", "name": "Allahabad Bank", "operator": null, "brand:wikipedia": "en:Allahabad Bank", "short_name": null, "website": "https://www.allahabadbank.in", "name:en": "Allahabad Bank", "old_name": null, "addr:housename": null, "addr:postcode": null, "addr:street": null, "alt_name": null, "source": null, "building": null, "addr:housenumber": null, "wikidata": null, "wikipedia": null, "level": null, "branch": null, "check_date": null, "addr:city": null, "wikimedia_commons": null, "brand:en": null, "brand:hi": null, "brand:kn": null, "brand:pa": null, "brand:pnb": null, "brand:ur": null, "brand:wikipedia:pa": null, "name:hi": null, "name:kn": null, "name:pa": null, "name:pnb": null, "name:ur": null, "addr:suburb": null, "note": null, "phone": null, "addr:unit": null, "addr:district": null, "opening_hours": null, "email": null, "fax": null, "addr:city:ur": null, "contact:fax": null, "operator:ur": null, "short_name:ur": null, "description": null, "fixme": null, "check_date:opening_hours": null, "drive_through": null, "highway": null, "traffic_signals": null, "traffic_signals:direction": null, "name:zh": null, "air_conditioning": null, "wheelchair": null, "contact:phone": null, "not:brand:wikidata": null, "opening_hours:covid19": null, "name:mr": null, "internet_access": null, "internet_access:fee": null, "payment:cash": null, "payment:credit_cards": null, "payment:debit_cards": null, "opening_hours:signed": null, "official_name": null, "bank": null, "contact:email": null, "opening_hours:drive_through": null, "addr:floor": null, "building:levels": null }, "geometry": { "type": "Point", "coordinates": [ 72.8842194, 19.0637716 ] } },
{ "type": "Feature", "properties": { "element": "node", "id": 3532124715, "amenity": "bank", "atm": null, "brand": null, "brand:wikidata": null, "name": "noor communication", "operator": null, "brand:wikipedia": null, "short_name": null, "website": null, "name:en": null, "old_name": null, "addr:housename": null, "addr:postcode": null, "addr:street": null, "alt_name": null, "source": null, "building": null, "addr:housenumber": null, "wikidata": null, "wikipedia": null, "level": null, "branch": null, "check_date": null, "addr:city": null, "wikimedia_commons": null, "brand:en": null, "brand:hi": null, "brand:kn": null, "brand:pa": null, "brand:pnb": null, "brand:ur": null, "brand:wikipedia:pa": null, "name:hi": null, "name:kn": null, "name:pa": null, "name:pnb": null, "name:ur": null, "addr:suburb": null, "note": null, "phone": null, "addr:unit": null, "addr:district": null, "opening_hours": null, "email": null, "fax": null, "addr:city:ur": null, "contact:fax": null, "operator:ur": null, "short_name:ur": null, "description": null, "fixme": null, "check_date:opening_hours": null, "drive_through": null, "highway": null, "traffic_signals": null, "traffic_signals:direction": null, "name:zh": null, "air_conditioning": null, "wheelchair": null, "contact:phone": null, "not:brand:wikidata": null, "opening_hours:covid19": null, "name:mr": null, "internet_access": null, "internet_access:fee": null, "payment:cash": null, "payment:credit_cards": null, "payment:debit_cards": null, "opening_hours:signed": null, "official_name": null, "bank": null, "contact:email": null, "opening_hours:drive_through": null, "addr:floor": null, "building:levels": null }, "geometry": { "type": "Point", "coordinates": [ 72.8781281, 19.0692808 ] } },
{ "type": "Feature", "properties": { "element": "node", "id": 3534557308, "amenity": "bank", "atm": null, "brand": null, "brand:wikidata": "Q3595747", "name": "Dena Bank", "operator": null, "brand:wikipedia": "en:Dena Bank", "short_name": null, "website": "http://www.denabank.com", "name:en": "Dena Bank", "old_name": null, "addr:housename": null, "addr:postcode": null, "addr:street": null, "alt_name": null, "source": null, "building": null, "addr:housenumber": null, "wikidata": null, "wikipedia": null, "level": null, "branch": null, "check_date": null, "addr:city": null, "wikimedia_commons": null, "brand:en": null, "brand:hi": null, "brand:kn": null, "brand:pa": null, "brand:pnb": null, "brand:ur": null, "brand:wikipedia:pa": null, "name:hi": null, "name:kn": null, "name:pa": null, "name:pnb": null, "name:ur": null, "addr:suburb": null, "note": null, "phone": null, "addr:unit": null, "addr:district": null, "opening_hours": null, "email": null, "fax": null, "addr:city:ur": null, "contact:fax": null, "operator:ur": null, "short_name:ur": null, "description": null, "fixme": null, "check_date:opening_hours": null, "drive_through": null, "highway": null, "traffic_signals": null, "traffic_signals:direction": null, "name:zh": null, "air_conditioning": null, "wheelchair": null, "contact:phone": null, "not:brand:wikidata": null, "opening_hours:covid19": null, "name:mr": null, "internet_access": null, "internet_access:fee": null, "payment:cash": null, "payment:credit_cards": null, "payment:debit_cards": null, "opening_hours:signed": null, "official_name": null, "bank": null, "contact:email": null, "opening_hours:drive_through": null, "addr:floor": null, "building:levels": null }, "geometry": { "type": "Point", "coordinates": [ 72.8982348, 19.0532017 ] } },
{ "type": "Feature", "properties": { "element": "node", "id": 3534574621, "amenity": "bank", "atm": "yes", "brand": "ING", "brand:wikidata": "Q645708", "name": "ING", "operator": null, "brand:wikipedia": null, "short_name": null, "website": null, "name:en": null, "old_name": null, "addr:housename": null, "addr:postcode": null, "addr:street": null, "alt_name": null, "source": null, "building": null, "addr:housenumber": null, "wikidata": null, "wikipedia": null, "level": null, "branch": null, "check_date": null, "addr:city": null, "wikimedia_commons": null, "brand:en": null, "brand:hi": null, "brand:kn": null, "brand:pa": null, "brand:pnb": null, "brand:ur": null, "brand:wikipedia:pa": null, "name:hi": null, "name:kn": null, "name:pa": null, "name:pnb": null, "name:ur": null, "addr:suburb": null, "note": null, "phone": null, "addr:unit": null, "addr:district": null, "opening_hours": null, "email": null, "fax": null, "addr:city:ur": null, "contact:fax": null, "operator:ur": null, "short_name:ur": null, "description": null, "fixme": null, "check_date:opening_hours": null, "drive_through": null, "highway": null, "traffic_signals": null, "traffic_signals:direction": null, "name:zh": null, "air_conditioning": null, "wheelchair": null, "contact:phone": null, "not:brand:wikidata": null, "opening_hours:covid19": null, "name:mr": null, "internet_access": null, "internet_access:fee": null, "payment:cash": null, "payment:credit_cards": null, "payment:debit_cards": null, "opening_hours:signed": null, "official_name": null, "bank": null, "contact:email": null, "opening_hours:drive_through": null, "addr:floor": null, "building:levels": null }, "geometry": { "type": "Point", "coordinates": [ 72.8987155, 19.0584653 ] } },
{ "type": "Feature", "properties": { "element": "node", "id": 3554043837, "amenity": "bank", "atm": null, "brand": null, "brand:wikidata": "Q3595747", "name": "Dena Bank", "operator": "unknown", "brand:wikipedia": "en:Dena Bank", "short_name": null, "website": "http://www.denabank.com", "name:en": "Dena Bank", "old_name": null, "addr:housename": null, "addr:postcode": "400078", "addr:street": "Lal Bahadur Shastri Marg", "alt_name": null, "source": null, "building": null, "addr:housenumber": "Dena bank", "wikidata": null, "wikipedia": null, "level": null, "branch": "unknown", "check_date": null, "addr:city": "mumbai", "wikimedia_commons": null, "brand:en": null, "brand:hi": null, "brand:kn": null, "brand:pa": null, "brand:pnb": null, "brand:ur": null, "brand:wikipedia:pa": null, "name:hi": null, "name:kn": null, "name:pa": null, "name:pnb": null, "name:ur": null, "addr:suburb": null, "note": null, "phone": null, "addr:unit": null, "addr:district": null, "opening_hours": "10:00-15:30", "email": null, "fax": null, "addr:city:ur": null, "contact:fax": null, "operator:ur": null, "short_name:ur": null, "description": null, "fixme": null, "check_date:opening_hours": null, "drive_through": null, "highway": null, "traffic_signals": null, "traffic_signals:direction": null, "name:zh": null, "air_conditioning": null, "wheelchair": null, "contact:phone": null, "not:brand:wikidata": null, "opening_hours:covid19": null, "name:mr": null, "internet_access": null, "internet_access:fee": null, "payment:cash": null, "payment:credit_cards": null, "payment:debit_cards": null, "opening_hours:signed": null, "official_name": null, "bank": null, "contact:email": null, "opening_hours:drive_through": null, "addr:floor": null, "building:levels": null }, "geometry": { "type": "Point", "coordinates": [ 72.9342532, 19.1445069 ] } },
{ "type": "Feature", "properties": { "element": "node", "id": 3587223727, "amenity": "bank", "atm": null, "brand": "ICICI", "brand:wikidata": "Q1653258", "name": "ICICI Bank", "operator": null, "brand:wikipedia": null, "short_name": "ICICI", "website": "https://www.icicibank.com", "name:en": "ICICI Bank", "old_name": null, "addr:housename": null, "addr:postcode": null, "addr:street": null, "alt_name": null, "source": null, "building": null, "addr:housenumber": null, "wikidata": "Q1653258", "wikipedia": "en:ICICI Bank", "level": null, "branch": null, "check_date": null, "addr:city": null, "wikimedia_commons": null, "brand:en": null, "brand:hi": null, "brand:kn": null, "brand:pa": null, "brand:pnb": null, "brand:ur": null, "brand:wikipedia:pa": null, "name:hi": null, "name:kn": null, "name:pa": null, "name:pnb": null, "name:ur": null, "addr:suburb": null, "note": null, "phone": null, "addr:unit": null, "addr:district": null, "opening_hours": null, "email": null, "fax": null, "addr:city:ur": null, "contact:fax": null, "operator:ur": null, "short_name:ur": null, "description": null, "fixme": null, "check_date:opening_hours": null, "drive_through": null, "highway": null, "traffic_signals": null, "traffic_signals:direction": null, "name:zh": null, "air_conditioning": null, "wheelchair": null, "contact:phone": null, "not:brand:wikidata": null, "opening_hours:covid19": null, "name:mr": null, "internet_access": null, "internet_access:fee": null, "payment:cash": null, "payment:credit_cards": null, "payment:debit_cards": null, "opening_hours:signed": null, "official_name": null, "bank": null, "contact:email": null, "opening_hours:drive_through": null, "addr:floor": null, "building:levels": null }, "geometry": { "type": "Point", "coordinates": [ 72.9220859, 19.1065343 ] } },
{ "type": "Feature", "properties": { "element": "node", "id": 3602055066, "amenity": "bank", "atm": "yes", "brand": null, "brand:wikidata": "Q2003797", "name": "Bank of Baroda", "operator": null, "brand:wikipedia": "en:Bank of Baroda", "short_name": "BoB", "website": "http://www.bankofbaroda.com", "name:en": "Bank of Baroda", "old_name": null, "addr:housename": null, "addr:postcode": null, "addr:street": null, "alt_name": null, "source": null, "building": null, "addr:housenumber": null, "wikidata": null, "wikipedia": null, "level": null, "branch": null, "check_date": null, "addr:city": null, "wikimedia_commons": null, "brand:en": null, "brand:hi": null, "brand:kn": null, "brand:pa": null, "brand:pnb": null, "brand:ur": null, "brand:wikipedia:pa": null, "name:hi": null, "name:kn": null, "name:pa": null, "name:pnb": null, "name:ur": null, "addr:suburb": null, "note": null, "phone": null, "addr:unit": null, "addr:district": null, "opening_hours": null, "email": null, "fax": null, "addr:city:ur": null, "contact:fax": null, "operator:ur": null, "short_name:ur": null, "description": null, "fixme": null, "check_date:opening_hours": null, "drive_through": null, "highway": null, "traffic_signals": null, "traffic_signals:direction": null, "name:zh": null, "air_conditioning": null, "wheelchair": null, "contact:phone": null, "not:brand:wikidata": null, "opening_hours:covid19": null, "name:mr": null, "internet_access": null, "internet_access:fee": null, "payment:cash": null, "payment:credit_cards": null, "payment:debit_cards": null, "opening_hours:signed": null, "official_name": null, "bank": null, "contact:email": null, "opening_hours:drive_through": null, "addr:floor": null, "building:levels": null }, "geometry": { "type": "Point", "coordinates": [ 72.8953411, 19.1001424 ] } },
{ "type": "Feature", "properties": { "element": "node", "id": 3602161433, "amenity": "bank", "atm": null, "brand": null, "brand:wikidata": null, "name": "mutual fund", "operator": null, "brand:wikipedia": null, "short_name": null, "website": null, "name:en": null, "old_name": null, "addr:housename": null, "addr:postcode": null, "addr:street": null, "alt_name": null, "source": null, "building": null, "addr:housenumber": null, "wikidata": null, "wikipedia": null, "level": null, "branch": null, "check_date": null, "addr:city": null, "wikimedia_commons": null, "brand:en": null, "brand:hi": null, "brand:kn": null, "brand:pa": null, "brand:pnb": null, "brand:ur": null, "brand:wikipedia:pa": null, "name:hi": null, "name:kn": null, "name:pa": null, "name:pnb": null, "name:ur": null, "addr:suburb": null, "note": null, "phone": null, "addr:unit": null, "addr:district": null, "opening_hours": null, "email": null, "fax": null, "addr:city:ur": null, "contact:fax": null, "operator:ur": null, "short_name:ur": null, "description": null, "fixme": null, "check_date:opening_hours": null, "drive_through": null, "highway": null, "traffic_signals": null, "traffic_signals:direction": null, "name:zh": null, "air_conditioning": null, "wheelchair": null, "contact:phone": null, "not:brand:wikidata": null, "opening_hours:covid19": null, "name:mr": null, "internet_access": null, "internet_access:fee": null, "payment:cash": null, "payment:credit_cards": null, "payment:debit_cards": null, "opening_hours:signed": null, "official_name": null, "bank": null, "contact:email": null, "opening_hours:drive_through": null, "addr:floor": null, "building:levels": null }, "geometry": { "type": "Point", "coordinates": [ 72.9253513, 19.110703 ] } },
{ "type": "Feature", "properties": { "element": "node", "id": 3602161434, "amenity": "bank", "atm": null, "brand": "HDFC", "brand:wikidata": "Q631047", "name": "hdfc bank", "operator": null, "brand:wikipedia": "en:HDFC Bank", "short_name": "HDFC", "website": "https://www.hdfcbank.com", "name:en": null, "old_name": null, "addr:housename": null, "addr:postcode": null, "addr:street": null, "alt_name": null, "source": null, "building": null, "addr:housenumber": null, "wikidata": null, "wikipedia": null, "level": null, "branch": null, "check_date": null, "addr:city": null, "wikimedia_commons": null, "brand:en": null, "brand:hi": null, "brand:kn": null, "brand:pa": null, "brand:pnb": null, "brand:ur": null, "brand:wikipedia:pa": null, "name:hi": null, "name:kn": null, "name:pa": null, "name:pnb": null, "name:ur": null, "addr:suburb": null, "note": null, "phone": null, "addr:unit": null, "addr:district": null, "opening_hours": null, "email": null, "fax": null, "addr:city:ur": null, "contact:fax": null, "operator:ur": null, "short_name:ur": null, "description": null, "fixme": null, "check_date:opening_hours": null, "drive_through": null, "highway": null, "traffic_signals": null, "traffic_signals:direction": null, "name:zh": null, "air_conditioning": null, "wheelchair": null, "contact:phone": null, "not:brand:wikidata": null, "opening_hours:covid19": null, "name:mr": null, "internet_access": null, "internet_access:fee": null, "payment:cash": null, "payment:credit_cards": null, "payment:debit_cards": null, "opening_hours:signed": null, "official_name": null, "bank": null, "contact:email": null, "opening_hours:drive_through": null, "addr:floor": null, "building:levels": null }, "geometry": { "type": "Point", "coordinates": [ 72.9252936, 19.1105658 ] } },
{ "type": "Feature", "properties": { "element": "node", "id": 3602843667, "amenity": "bank", "atm": null, "brand": null, "brand:wikidata": null, "name": "Jankalyan Sahakari bank", "operator": null, "brand:wikipedia": null, "short_name": null, "website": null, "name:en": null, "old_name": null, "addr:housename": null, "addr:postcode": null, "addr:street": "Eastern Expressway", "alt_name": null, "source": null, "building": null, "addr:housenumber": null, "wikidata": null, "wikipedia": null, "level": null, "branch": null, "check_date": null, "addr:city": null, "wikimedia_commons": null, "brand:en": null, "brand:hi": null, "brand:kn": null, "brand:pa": null, "brand:pnb": null, "brand:ur": null, "brand:wikipedia:pa": null, "name:hi": null, "name:kn": null, "name:pa": null, "name:pnb": null, "name:ur": null, "addr:suburb": null, "note": null, "phone": null, "addr:unit": null, "addr:district": null, "opening_hours": null, "email": null, "fax": null, "addr:city:ur": null, "contact:fax": null, "operator:ur": null, "short_name:ur": null, "description": null, "fixme": null, "check_date:opening_hours": null, "drive_through": null, "highway": null, "traffic_signals": null, "traffic_signals:direction": null, "name:zh": null, "air_conditioning": null, "wheelchair": null, "contact:phone": null, "not:brand:wikidata": null, "opening_hours:covid19": null, "name:mr": null, "internet_access": null, "internet_access:fee": null, "payment:cash": null, "payment:credit_cards": null, "payment:debit_cards": null, "opening_hours:signed": null, "official_name": null, "bank": null, "contact:email": null, "opening_hours:drive_through": null, "addr:floor": null, "building:levels": null }, "geometry": { "type": "Point", "coordinates": [ 72.9366231, 19.1173138 ] } },
{ "type": "Feature", "properties": { "element": "node", "id": 3602868335, "amenity": "bank", "atm": null, "brand": "State Bank of India", "brand:wikidata": "Q1340361", "name": "State Bank of India", "operator": null, "brand:wikipedia": "en:State Bank of India", "short_name": "SBI", "website": null, "name:en": null, "old_name": null, "addr:housename": null, "addr:postcode": null, "addr:street": null, "alt_name": null, "source": null, "building": null, "addr:housenumber": null, "wikidata": null, "wikipedia": null, "level": null, "branch": null, "check_date": null, "addr:city": null, "wikimedia_commons": null, "brand:en": null, "brand:hi": null, "brand:kn": null, "brand:pa": null, "brand:pnb": null, "brand:ur": null, "brand:wikipedia:pa": null, "name:hi": null, "name:kn": null, "name:pa": null, "name:pnb": null, "name:ur": null, "addr:suburb": null, "note": null, "phone": null, "addr:unit": null, "addr:district": null, "opening_hours": null, "email": null, "fax": null, "addr:city:ur": null, "contact:fax": null, "operator:ur": null, "short_name:ur": null, "description": null, "fixme": null, "check_date:opening_hours": null, "drive_through": null, "highway": null, "traffic_signals": null, "traffic_signals:direction": null, "name:zh": null, "air_conditioning": null, "wheelchair": null, "contact:phone": null, "not:brand:wikidata": null, "opening_hours:covid19": null, "name:mr": null, "internet_access": null, "internet_access:fee": null, "payment:cash": null, "payment:credit_cards": null, "payment:debit_cards": null, "opening_hours:signed": null, "official_name": null, "bank": null, "contact:email": null, "opening_hours:drive_through": null, "addr:floor": null, "building:levels": null }, "geometry": { "type": "Point", "coordinates": [ 72.9386605, 19.120212 ] } },
{ "type": "Feature", "properties": { "element": "node", "id": 3632361087, "amenity": "bank", "atm": null, "brand": "Axis Bank", "brand:wikidata": "Q2003549", "name": "Axis Bank", "operator": null, "brand:wikipedia": "en:Axis Bank", "short_name": null, "website": null, "name:en": null, "old_name": null, "addr:housename": null, "addr:postcode": null, "addr:street": null, "alt_name": null, "source": null, "building": null, "addr:housenumber": null, "wikidata": null, "wikipedia": null, "level": null, "branch": null, "check_date": "2026-03-21", "addr:city": null, "wikimedia_commons": null, "brand:en": null, "brand:hi": null, "brand:kn": null, "brand:pa": null, "brand:pnb": null, "brand:ur": null, "brand:wikipedia:pa": null, "name:hi": null, "name:kn": null, "name:pa": null, "name:pnb": null, "name:ur": null, "addr:suburb": null, "note": null, "phone": null, "addr:unit": null, "addr:district": null, "opening_hours": null, "email": null, "fax": null, "addr:city:ur": null, "contact:fax": null, "operator:ur": null, "short_name:ur": null, "description": null, "fixme": null, "check_date:opening_hours": null, "drive_through": null, "highway": null, "traffic_signals": null, "traffic_signals:direction": null, "name:zh": null, "air_conditioning": null, "wheelchair": null, "contact:phone": null, "not:brand:wikidata": null, "opening_hours:covid19": null, "name:mr": null, "internet_access": null, "internet_access:fee": null, "payment:cash": null, "payment:credit_cards": null, "payment:debit_cards": null, "opening_hours:signed": null, "official_name": null, "bank": null, "contact:email": null, "opening_hours:drive_through": null, "addr:floor": null, "building:levels": null }, "geometry": { "type": "Point", "coordinates": [ 72.8522968, 19.0808842 ] } },
{ "type": "Feature", "properties": { "element": "node", "id": 3878645356, "amenity": "bank", "atm": "yes", "brand": "Axis Bank", "brand:wikidata": null, "name": "Axis Bank", "operator": "Private", "brand:wikipedia": null, "short_name": null, "website": null, "name:en": null, "old_name": null, "addr:housename": null, "addr:postcode": null, "addr:street": "Pedder Road (Gopalrao Deshmukh Marg)", "alt_name": null, "source": null, "building": null, "addr:housenumber": null, "wikidata": null, "wikipedia": null, "level": "0", "branch": "Pedder Road Branch", "check_date": "2023-10-19", "addr:city": null, "wikimedia_commons": null, "brand:en": null, "brand:hi": null, "brand:kn": null, "brand:pa": null, "brand:pnb": null, "brand:ur": null, "brand:wikipedia:pa": null, "name:hi": null, "name:kn": null, "name:pa": null, "name:pnb": null, "name:ur": null, "addr:suburb": null, "note": null, "phone": null, "addr:unit": null, "addr:district": null, "opening_hours": "Mo-Sa 09:30-15:30; PH closed", "email": null, "fax": null, "addr:city:ur": null, "contact:fax": null, "operator:ur": null, "short_name:ur": null, "description": null, "fixme": null, "check_date:opening_hours": null, "drive_through": null, "highway": "traffic_signals", "traffic_signals": "signal", "traffic_signals:direction": "forward", "name:zh": null, "air_conditioning": null, "wheelchair": null, "contact:phone": null, "not:brand:wikidata": null, "opening_hours:covid19": null, "name:mr": null, "internet_access": null, "internet_access:fee": null, "payment:cash": null, "payment:credit_cards": null, "payment:debit_cards": null, "opening_hours:signed": null, "official_name": null, "bank": null, "contact:email": null, "opening_hours:drive_through": null, "addr:floor": null, "building:levels": null }, "geometry": { "type": "Point", "coordinates": [ 72.8090317, 18.9740459 ] } },
{ "type": "Feature", "properties": { "element": "node", "id": 3945482603, "amenity": "bank", "atm": null, "brand": null, "brand:wikidata": "Q5266685", "name": "DCB Bank", "operator": null, "brand:wikipedia": "en:DCB Bank", "short_name": null, "website": "https://www.dcbbank.com", "name:en": "DCB Bank", "old_name": null, "addr:housename": null, "addr:postcode": null, "addr:street": null, "alt_name": null, "source": null, "building": null, "addr:housenumber": null, "wikidata": null, "wikipedia": null, "level": null, "branch": null, "check_date": null, "addr:city": null, "wikimedia_commons": null, "brand:en": null, "brand:hi": null, "brand:kn": null, "brand:pa": null, "brand:pnb": null, "brand:ur": null, "brand:wikipedia:pa": null, "name:hi": null, "name:kn": null, "name:pa": null, "name:pnb": null, "name:ur": null, "addr:suburb": null, "note": null, "phone": null, "addr:unit": null, "addr:district": null, "opening_hours": null, "email": null, "fax": null, "addr:city:ur": null, "contact:fax": null, "operator:ur": null, "short_name:ur": null, "description": null, "fixme": null, "check_date:opening_hours": null, "drive_through": null, "highway": null, "traffic_signals": null, "traffic_signals:direction": null, "name:zh": null, "air_conditioning": null, "wheelchair": null, "contact:phone": null, "not:brand:wikidata": null, "opening_hours:covid19": null, "name:mr": null, "internet_access": null, "internet_access:fee": null, "payment:cash": null, "payment:credit_cards": null, "payment:debit_cards": null, "opening_hours:signed": null, "official_name": null, "bank": null, "contact:email": null, "opening_hours:drive_through": null, "addr:floor": null, "building:levels": null }, "geometry": { "type": "Point", "coordinates": [ 72.8140757, 19.1347673 ] } },
{ "type": "Feature", "properties": { "element": "node", "id": 3951524189, "amenity": "bank", "atm": "yes", "brand": "Bank of India", "brand:wikidata": "Q2004439", "name": "Bank of India", "operator": null, "brand:wikipedia": "en:Bank of India", "short_name": "BoI", "website": "https://www.bankofindia.co.in/", "name:en": "Bank of India", "old_name": null, "addr:housename": null, "addr:postcode": null, "addr:street": null, "alt_name": null, "source": null, "building": null, "addr:housenumber": null, "wikidata": null, "wikipedia": null, "level": null, "branch": null, "check_date": null, "addr:city": null, "wikimedia_commons": null, "brand:en": null, "brand:hi": null, "brand:kn": null, "brand:pa": null, "brand:pnb": null, "brand:ur": null, "brand:wikipedia:pa": null, "name:hi": null, "name:kn": null, "name:pa": null, "name:pnb": null, "name:ur": null, "addr:suburb": null, "note": null, "phone": null, "addr:unit": null, "addr:district": null, "opening_hours": null, "email": null, "fax": null, "addr:city:ur": null, "contact:fax": null, "operator:ur": null, "short_name:ur": null, "description": null, "fixme": null, "check_date:opening_hours": null, "drive_through": null, "highway": null, "traffic_signals": null, "traffic_signals:direction": null, "name:zh": null, "air_conditioning": null, "wheelchair": null, "contact:phone": null, "not:brand:wikidata": null, "opening_hours:covid19": null, "name:mr": null, "internet_access": null, "internet_access:fee": null, "payment:cash": null, "payment:credit_cards": null, "payment:debit_cards": null, "opening_hours:signed": null, "official_name": null, "bank": null, "contact:email": null, "opening_hours:drive_through": null, "addr:floor": null, "building:levels": null }, "geometry": { "type": "Point", "coordinates": [ 72.8395752, 19.1013189 ] } },
{ "type": "Feature", "properties": { "element": "node", "id": 3951538081, "amenity": "bank", "atm": "yes", "brand": "HDFC Bank", "brand:wikidata": "Q631047", "name": "HDFC Bank", "operator": null, "brand:wikipedia": "en:HDFC Bank", "short_name": "HDFC", "website": "https://www.hdfcbank.com", "name:en": null, "old_name": null, "addr:housename": null, "addr:postcode": null, "addr:street": null, "alt_name": null, "source": null, "building": null, "addr:housenumber": null, "wikidata": null, "wikipedia": null, "level": null, "branch": null, "check_date": null, "addr:city": null, "wikimedia_commons": null, "brand:en": null, "brand:hi": null, "brand:kn": null, "brand:pa": null, "brand:pnb": null, "brand:ur": null, "brand:wikipedia:pa": null, "name:hi": null, "name:kn": null, "name:pa": null, "name:pnb": null, "name:ur": null, "addr:suburb": null, "note": null, "phone": null, "addr:unit": null, "addr:district": null, "opening_hours": null, "email": null, "fax": null, "addr:city:ur": null, "contact:fax": null, "operator:ur": null, "short_name:ur": null, "description": null, "fixme": null, "check_date:opening_hours": null, "drive_through": null, "highway": null, "traffic_signals": null, "traffic_signals:direction": null, "name:zh": null, "air_conditioning": null, "wheelchair": null, "contact:phone": null, "not:brand:wikidata": null, "opening_hours:covid19": null, "name:mr": null, "internet_access": null, "internet_access:fee": null, "payment:cash": null, "payment:credit_cards": null, "payment:debit_cards": null, "opening_hours:signed": null, "official_name": null, "bank": null, "contact:email": null, "opening_hours:drive_through": null, "addr:floor": null, "building:levels": null }, "geometry": { "type": "Point", "coordinates": [ 72.8379271, 19.0864743 ] } },
{ "type": "Feature", "properties": { "element": "node", "id": 3951540038, "amenity": "bank", "atm": null, "brand": "ICICI Bank", "brand:wikidata": "Q1653258", "name": "ICICI Bank", "operator": null, "brand:wikipedia": "en:ICICI Bank", "short_name": "ICICI", "website": "https://www.icicibank.com", "name:en": "ICICI Bank", "old_name": null, "addr:housename": null, "addr:postcode": null, "addr:street": null, "alt_name": null, "source": null, "building": null, "addr:housenumber": null, "wikidata": null, "wikipedia": null, "level": null, "branch": null, "check_date": null, "addr:city": null, "wikimedia_commons": null, "brand:en": null, "brand:hi": null, "brand:kn": null, "brand:pa": null, "brand:pnb": null, "brand:ur": null, "brand:wikipedia:pa": null, "name:hi": null, "name:kn": null, "name:pa": null, "name:pnb": null, "name:ur": null, "addr:suburb": null, "note": null, "phone": null, "addr:unit": null, "addr:district": null, "opening_hours": null, "email": null, "fax": null, "addr:city:ur": null, "contact:fax": null, "operator:ur": null, "short_name:ur": null, "description": null, "fixme": null, "check_date:opening_hours": null, "drive_through": null, "highway": null, "traffic_signals": null, "traffic_signals:direction": null, "name:zh": null, "air_conditioning": null, "wheelchair": null, "contact:phone": null, "not:brand:wikidata": null, "opening_hours:covid19": null, "name:mr": null, "internet_access": null, "internet_access:fee": null, "payment:cash": null, "payment:credit_cards": null, "payment:debit_cards": null, "opening_hours:signed": null, "official_name": null, "bank": null, "contact:email": null, "opening_hours:drive_through": null, "addr:floor": null, "building:levels": null }, "geometry": { "type": "Point", "coordinates": [ 72.8378884, 19.0847091 ] } },
{ "type": "Feature", "properties": { "element": "node", "id": 3951540700, "amenity": "bank", "atm": "yes", "brand": "Standard Chartered", "brand:wikidata": "Q548278", "name": "Standard Chartered", "operator": null, "brand:wikipedia": "en:Standard Chartered", "short_name": null, "website": null, "name:en": null, "old_name": null, "addr:housename": null, "addr:postcode": null, "addr:street": null, "alt_name": null, "source": null, "building": null, "addr:housenumber": null, "wikidata": null, "wikipedia": null, "level": null, "branch": null, "check_date": null, "addr:city": null, "wikimedia_commons": null, "brand:en": null, "brand:hi": null, "brand:kn": null, "brand:pa": null, "brand:pnb": null, "brand:ur": null, "brand:wikipedia:pa": null, "name:hi": null, "name:kn": null, "name:pa": null, "name:pnb": null, "name:ur": null, "addr:suburb": null, "note": null, "phone": null, "addr:unit": null, "addr:district": null, "opening_hours": null, "email": null, "fax": null, "addr:city:ur": null, "contact:fax": null, "operator:ur": null, "short_name:ur": null, "description": null, "fixme": null, "check_date:opening_hours": null, "drive_through": null, "highway": null, "traffic_signals": null, "traffic_signals:direction": null, "name:zh": null, "air_conditioning": null, "wheelchair": null, "contact:phone": null, "not:brand:wikidata": null, "opening_hours:covid19": null, "name:mr": null, "internet_access": null, "internet_access:fee": null, "payment:cash": null, "payment:credit_cards": null, "payment:debit_cards": null, "opening_hours:signed": null, "official_name": null, "bank": null, "contact:email": null, "opening_hours:drive_through": null, "addr:floor": null, "building:levels": null }, "geometry": { "type": "Point", "coordinates": [ 72.8377844, 19.0839979 ] } },
{ "type": "Feature", "properties": { "element": "node", "id": 3951814358, "amenity": "bank", "atm": "yes", "brand": null, "brand:wikidata": null, "name": "Thane Bharat  Sahkari Bank", "operator": null, "brand:wikipedia": null, "short_name": null, "website": null, "name:en": null, "old_name": null, "addr:housename": null, "addr:postcode": null, "addr:street": "Mahatma Gandhi Road", "alt_name": null, "source": null, "building": null, "addr:housenumber": null, "wikidata": null, "wikipedia": null, "level": null, "branch": null, "check_date": null, "addr:city": "Mulund (West)", "wikimedia_commons": null, "brand:en": null, "brand:hi": null, "brand:kn": null, "brand:pa": null, "brand:pnb": null, "brand:ur": null, "brand:wikipedia:pa": null, "name:hi": null, "name:kn": null, "name:pa": null, "name:pnb": null, "name:ur": null, "addr:suburb": null, "note": null, "phone": null, "addr:unit": null, "addr:district": null, "opening_hours": null, "email": null, "fax": null, "addr:city:ur": null, "contact:fax": null, "operator:ur": null, "short_name:ur": null, "description": null, "fixme": null, "check_date:opening_hours": null, "drive_through": null, "highway": null, "traffic_signals": null, "traffic_signals:direction": null, "name:zh": null, "air_conditioning": null, "wheelchair": null, "contact:phone": null, "not:brand:wikidata": null, "opening_hours:covid19": null, "name:mr": null, "internet_access": null, "internet_access:fee": null, "payment:cash": null, "payment:credit_cards": null, "payment:debit_cards": null, "opening_hours:signed": null, "official_name": null, "bank": null, "contact:email": null, "opening_hours:drive_through": null, "addr:floor": null, "building:levels": null }, "geometry": { "type": "Point", "coordinates": [ 72.954918, 19.1736871 ] } },
{ "type": "Feature", "properties": { "element": "node", "id": 3979085054, "amenity": "bank", "atm": "yes", "brand": "ICICI", "brand:wikidata": "Q1653258", "name": "ICICI Bank", "operator": null, "brand:wikipedia": null, "short_name": "ICICI", "website": "https://www.icicibank.com", "name:en": "ICICI Bank", "old_name": null, "addr:housename": null, "addr:postcode": null, "addr:street": null, "alt_name": null, "source": null, "building": null, "addr:housenumber": null, "wikidata": "Q1653258", "wikipedia": "en:ICICI Bank", "level": null, "branch": null, "check_date": null, "addr:city": null, "wikimedia_commons": null, "brand:en": null, "brand:hi": null, "brand:kn": null, "brand:pa": null, "brand:pnb": null, "brand:ur": null, "brand:wikipedia:pa": null, "name:hi": null, "name:kn": null, "name:pa": null, "name:pnb": null, "name:ur": null, "addr:suburb": null, "note": null, "phone": null, "addr:unit": null, "addr:district": null, "opening_hours": null, "email": null, "fax": null, "addr:city:ur": null, "contact:fax": null, "operator:ur": null, "short_name:ur": null, "description": null, "fixme": null, "check_date:opening_hours": null, "drive_through": null, "highway": null, "traffic_signals": null, "traffic_signals:direction": null, "name:zh": null, "air_conditioning": null, "wheelchair": null, "contact:phone": null, "not:brand:wikidata": null, "opening_hours:covid19": null, "name:mr": null, "internet_access": null, "internet_access:fee": null, "payment:cash": null, "payment:credit_cards": null, "payment:debit_cards": null, "opening_hours:signed": null, "official_name": null, "bank": null, "contact:email": null, "opening_hours:drive_through": null, "addr:floor": null, "building:levels": null }, "geometry": { "type": "Point", "coordinates": [ 72.8422843, 19.113826 ] } },
{ "type": "Feature", "properties": { "element": "node", "id": 3979245839, "amenity": "bank", "atm": "yes", "brand": "State Bank of India", "brand:wikidata": "Q1340361", "name": "State Bank of India", "operator": null, "brand:wikipedia": "en:State Bank of India", "short_name": "SBI", "website": null, "name:en": null, "old_name": null, "addr:housename": null, "addr:postcode": null, "addr:street": null, "alt_name": null, "source": null, "building": null, "addr:housenumber": null, "wikidata": null, "wikipedia": null, "level": null, "branch": null, "check_date": null, "addr:city": null, "wikimedia_commons": null, "brand:en": null, "brand:hi": null, "brand:kn": null, "brand:pa": null, "brand:pnb": null, "brand:ur": null, "brand:wikipedia:pa": null, "name:hi": null, "name:kn": null, "name:pa": null, "name:pnb": null, "name:ur": null, "addr:suburb": null, "note": null, "phone": null, "addr:unit": null, "addr:district": null, "opening_hours": null, "email": null, "fax": null, "addr:city:ur": null, "contact:fax": null, "operator:ur": null, "short_name:ur": null, "description": null, "fixme": null, "check_date:opening_hours": null, "drive_through": null, "highway": null, "traffic_signals": null, "traffic_signals:direction": null, "name:zh": null, "air_conditioning": null, "wheelchair": null, "contact:phone": null, "not:brand:wikidata": null, "opening_hours:covid19": null, "name:mr": null, "internet_access": null, "internet_access:fee": null, "payment:cash": null, "payment:credit_cards": null, "payment:debit_cards": null, "opening_hours:signed": null, "official_name": null, "bank": null, "contact:email": null, "opening_hours:drive_through": null, "addr:floor": null, "building:levels": null }, "geometry": { "type": "Point", "coordinates": [ 72.8258542, 19.1213038 ] } },
{ "type": "Feature", "properties": { "element": "node", "id": 3980133296, "amenity": "bank", "atm": null, "brand": "Bank of Maharashtra", "brand:wikidata": "Q2004304", "name": "Bank of Maharashtra", "operator": null, "brand:wikipedia": "en:Bank of Maharashtra", "short_name": null, "website": "https://www.bankofmaharashtra.in/", "name:en": "Bank of Maharashtra", "old_name": null, "addr:housename": null, "addr:postcode": null, "addr:street": null, "alt_name": null, "source": null, "building": null, "addr:housenumber": null, "wikidata": null, "wikipedia": null, "level": null, "branch": null, "check_date": null, "addr:city": null, "wikimedia_commons": null, "brand:en": null, "brand:hi": null, "brand:kn": null, "brand:pa": null, "brand:pnb": null, "brand:ur": null, "brand:wikipedia:pa": null, "name:hi": null, "name:kn": null, "name:pa": null, "name:pnb": null, "name:ur": null, "addr:suburb": null, "note": null, "phone": null, "addr:unit": null, "addr:district": null, "opening_hours": null, "email": null, "fax": null, "addr:city:ur": null, "contact:fax": null, "operator:ur": null, "short_name:ur": null, "description": null, "fixme": null, "check_date:opening_hours": null, "drive_through": null, "highway": null, "traffic_signals": null, "traffic_signals:direction": null, "name:zh": null, "air_conditioning": null, "wheelchair": null, "contact:phone": null, "not:brand:wikidata": null, "opening_hours:covid19": null, "name:mr": null, "internet_access": null, "internet_access:fee": null, "payment:cash": null, "payment:credit_cards": null, "payment:debit_cards": null, "opening_hours:signed": null, "official_name": null, "bank": null, "contact:email": null, "opening_hours:drive_through": null, "addr:floor": null, "building:levels": null }, "geometry": { "type": "Point", "coordinates": [ 72.8188091, 19.1300795 ] } },
{ "type": "Feature", "properties": { "element": "node", "id": 3984000685, "amenity": "bank", "atm": null, "brand": null, "brand:wikidata": null, "name": "Greater Bank", "operator": null, "brand:wikipedia": null, "short_name": null, "website": null, "name:en": null, "old_name": null, "addr:housename": null, "addr:postcode": null, "addr:street": null, "alt_name": null, "source": null, "building": null, "addr:housenumber": null, "wikidata": null, "wikipedia": null, "level": null, "branch": null, "check_date": null, "addr:city": null, "wikimedia_commons": null, "brand:en": null, "brand:hi": null, "brand:kn": null, "brand:pa": null, "brand:pnb": null, "brand:ur": null, "brand:wikipedia:pa": null, "name:hi": null, "name:kn": null, "name:pa": null, "name:pnb": null, "name:ur": null, "addr:suburb": null, "note": null, "phone": null, "addr:unit": null, "addr:district": null, "opening_hours": null, "email": null, "fax": null, "addr:city:ur": null, "contact:fax": null, "operator:ur": null, "short_name:ur": null, "description": null, "fixme": null, "check_date:opening_hours": null, "drive_through": null, "highway": null, "traffic_signals": null, "traffic_signals:direction": null, "name:zh": null, "air_conditioning": null, "wheelchair": null, "contact:phone": null, "not:brand:wikidata": null, "opening_hours:covid19": null, "name:mr": null, "internet_access": null, "internet_access:fee": null, "payment:cash": null, "payment:credit_cards": null, "payment:debit_cards": null, "opening_hours:signed": null, "official_name": null, "bank": null, "contact:email": null, "opening_hours:drive_through": null, "addr:floor": null, "building:levels": null }, "geometry": { "type": "Point", "coordinates": [ 72.821481, 19.1274776 ] } },
{ "type": "Feature", "properties": { "element": "node", "id": 4014544589, "amenity": "bank", "atm": null, "brand": "Bank of Baroda", "brand:wikidata": "Q2003797", "name": "Bank of Baroda", "operator": null, "brand:wikipedia": "en:Bank of Baroda", "short_name": "BoB", "website": "http://www.bankofbaroda.com", "name:en": "Bank of Baroda", "old_name": null, "addr:housename": null, "addr:postcode": null, "addr:street": null, "alt_name": null, "source": null, "building": null, "addr:housenumber": null, "wikidata": null, "wikipedia": null, "level": null, "branch": null, "check_date": null, "addr:city": null, "wikimedia_commons": null, "brand:en": null, "brand:hi": null, "brand:kn": null, "brand:pa": null, "brand:pnb": null, "brand:ur": null, "brand:wikipedia:pa": null, "name:hi": null, "name:kn": null, "name:pa": null, "name:pnb": null, "name:ur": null, "addr:suburb": null, "note": null, "phone": null, "addr:unit": null, "addr:district": null, "opening_hours": null, "email": null, "fax": null, "addr:city:ur": null, "contact:fax": null, "operator:ur": null, "short_name:ur": null, "description": null, "fixme": null, "check_date:opening_hours": null, "drive_through": null, "highway": null, "traffic_signals": null, "traffic_signals:direction": null, "name:zh": null, "air_conditioning": null, "wheelchair": null, "contact:phone": null, "not:brand:wikidata": null, "opening_hours:covid19": null, "name:mr": null, "internet_access": null, "internet_access:fee": null, "payment:cash": null, "payment:credit_cards": null, "payment:debit_cards": null, "opening_hours:signed": null, "official_name": null, "bank": null, "contact:email": null, "opening_hours:drive_through": null, "addr:floor": null, "building:levels": null }, "geometry": { "type": "Point", "coordinates": [ 72.8296766, 19.0605321 ] } },
{ "type": "Feature", "properties": { "element": "node", "id": 4044345928, "amenity": "bank", "atm": "yes", "brand": "Axis Bank", "brand:wikidata": "Q2003549", "name": "Axis Bank", "operator": "Axis Bank", "brand:wikipedia": "en:Axis Bank", "short_name": null, "website": "https://www.axisbank.com", "name:en": "Axis Bank", "old_name": null, "addr:housename": null, "addr:postcode": "400005", "addr:street": "GD Somani Road", "alt_name": null, "source": null, "building": null, "addr:housenumber": null, "wikidata": null, "wikipedia": null, "level": null, "branch": null, "check_date": "2026-03-12", "addr:city": "Mumbai", "wikimedia_commons": null, "brand:en": null, "brand:hi": null, "brand:kn": null, "brand:pa": null, "brand:pnb": null, "brand:ur": null, "brand:wikipedia:pa": null, "name:hi": null, "name:kn": null, "name:pa": null, "name:pnb": null, "name:ur": null, "addr:suburb": null, "note": null, "phone": null, "addr:unit": null, "addr:district": null, "opening_hours": null, "email": null, "fax": null, "addr:city:ur": null, "contact:fax": null, "operator:ur": null, "short_name:ur": null, "description": null, "fixme": null, "check_date:opening_hours": null, "drive_through": "no", "highway": null, "traffic_signals": null, "traffic_signals:direction": null, "name:zh": null, "air_conditioning": null, "wheelchair": null, "contact:phone": null, "not:brand:wikidata": null, "opening_hours:covid19": null, "name:mr": null, "internet_access": null, "internet_access:fee": null, "payment:cash": null, "payment:credit_cards": null, "payment:debit_cards": null, "opening_hours:signed": null, "official_name": null, "bank": null, "contact:email": null, "opening_hours:drive_through": null, "addr:floor": null, "building:levels": null }, "geometry": { "type": "Point", "coordinates": [ 72.8199822, 18.9157448 ] } },
{ "type": "Feature", "properties": { "element": "node", "id": 4044345934, "amenity": "bank", "atm": "yes", "brand": "Kotak Mahindra Bank", "brand:wikidata": "Q2040404", "name": "Kotak Mahindra Bank", "operator": "Kotak Mahindra Bank", "brand:wikipedia": null, "short_name": null, "website": null, "name:en": null, "old_name": null, "addr:housename": null, "addr:postcode": "400005", "addr:street": "GD Somani Road", "alt_name": null, "source": null, "building": null, "addr:housenumber": "625", "wikidata": null, "wikipedia": null, "level": null, "branch": null, "check_date": "2026-03-12", "addr:city": "Mumbai", "wikimedia_commons": null, "brand:en": null, "brand:hi": null, "brand:kn": null, "brand:pa": null, "brand:pnb": null, "brand:ur": null, "brand:wikipedia:pa": null, "name:hi": null, "name:kn": null, "name:pa": null, "name:pnb": null, "name:ur": null, "addr:suburb": null, "note": null, "phone": null, "addr:unit": null, "addr:district": null, "opening_hours": null, "email": null, "fax": null, "addr:city:ur": null, "contact:fax": null, "operator:ur": null, "short_name:ur": null, "description": null, "fixme": null, "check_date:opening_hours": null, "drive_through": "no", "highway": null, "traffic_signals": null, "traffic_signals:direction": null, "name:zh": null, "air_conditioning": null, "wheelchair": null, "contact:phone": null, "not:brand:wikidata": null, "opening_hours:covid19": null, "name:mr": null, "internet_access": null, "internet_access:fee": null, "payment:cash": null, "payment:credit_cards": null, "payment:debit_cards": null, "opening_hours:signed": null, "official_name": null, "bank": null, "contact:email": null, "opening_hours:drive_through": null, "addr:floor": null, "building:levels": null }, "geometry": { "type": "Point", "coordinates": [ 72.8194113, 18.9161396 ] } },
{ "type": "Feature", "properties": { "element": "node", "id": 4137656290, "amenity": "bank", "atm": "yes", "brand": "Union Bank of India", "brand:wikidata": "Q2004078", "name": "Union Bank of India", "operator": null, "brand:wikipedia": "en:Union Bank of India", "short_name": "UBI", "website": "https://www.unionbankofindia.co.in/", "name:en": "Union Bank of India", "old_name": null, "addr:housename": null, "addr:postcode": null, "addr:street": null, "alt_name": null, "source": null, "building": null, "addr:housenumber": null, "wikidata": null, "wikipedia": null, "level": null, "branch": null, "check_date": null, "addr:city": null, "wikimedia_commons": null, "brand:en": null, "brand:hi": null, "brand:kn": null, "brand:pa": null, "brand:pnb": null, "brand:ur": null, "brand:wikipedia:pa": null, "name:hi": null, "name:kn": null, "name:pa": null, "name:pnb": null, "name:ur": null, "addr:suburb": null, "note": null, "phone": null, "addr:unit": null, "addr:district": null, "opening_hours": null, "email": null, "fax": null, "addr:city:ur": null, "contact:fax": null, "operator:ur": null, "short_name:ur": null, "description": null, "fixme": null, "check_date:opening_hours": null, "drive_through": null, "highway": null, "traffic_signals": null, "traffic_signals:direction": null, "name:zh": null, "air_conditioning": null, "wheelchair": null, "contact:phone": null, "not:brand:wikidata": null, "opening_hours:covid19": null, "name:mr": null, "internet_access": null, "internet_access:fee": null, "payment:cash": null, "payment:credit_cards": null, "payment:debit_cards": null, "opening_hours:signed": null, "official_name": null, "bank": null, "contact:email": null, "opening_hours:drive_through": null, "addr:floor": null, "building:levels": null }, "geometry": { "type": "Point", "coordinates": [ 72.8393956, 19.1947225 ] } },
{ "type": "Feature", "properties": { "element": "node", "id": 4137663922, "amenity": "bank", "atm": null, "brand": "Punjab National Bank", "brand:wikidata": "Q2743499", "name": "Punjab National Bank", "operator": null, "brand:wikipedia": null, "short_name": "PNB", "website": "https://www.pnbindia.in", "name:en": "Punjab National Bank", "old_name": null, "addr:housename": null, "addr:postcode": null, "addr:street": null, "alt_name": null, "source": null, "building": null, "addr:housenumber": null, "wikidata": null, "wikipedia": null, "level": null, "branch": null, "check_date": null, "addr:city": null, "wikimedia_commons": "Category:Punjab National Bank", "brand:en": null, "brand:hi": null, "brand:kn": null, "brand:pa": null, "brand:pnb": null, "brand:ur": null, "brand:wikipedia:pa": null, "name:hi": null, "name:kn": null, "name:pa": null, "name:pnb": null, "name:ur": null, "addr:suburb": null, "note": null, "phone": null, "addr:unit": null, "addr:district": null, "opening_hours": null, "email": null, "fax": null, "addr:city:ur": null, "contact:fax": null, "operator:ur": null, "short_name:ur": null, "description": null, "fixme": null, "check_date:opening_hours": null, "drive_through": null, "highway": null, "traffic_signals": null, "traffic_signals:direction": null, "name:zh": null, "air_conditioning": null, "wheelchair": null, "contact:phone": null, "not:brand:wikidata": null, "opening_hours:covid19": null, "name:mr": null, "internet_access": null, "internet_access:fee": null, "payment:cash": null, "payment:credit_cards": null, "payment:debit_cards": null, "opening_hours:signed": null, "official_name": null, "bank": null, "contact:email": null, "opening_hours:drive_through": null, "addr:floor": null, "building:levels": null }, "geometry": { "type": "Point", "coordinates": [ 72.8388756, 19.1949548 ] } },
{ "type": "Feature", "properties": { "element": "node", "id": 4137664042, "amenity": "bank", "atm": "yes", "brand": "Axis Bank", "brand:wikidata": "Q2003549", "name": "Axis Bank", "operator": null, "brand:wikipedia": "en:Axis Bank", "short_name": null, "website": "https://www.axisbank.com", "name:en": "Axis Bank", "old_name": null, "addr:housename": null, "addr:postcode": null, "addr:street": null, "alt_name": null, "source": null, "building": null, "addr:housenumber": null, "wikidata": null, "wikipedia": null, "level": null, "branch": null, "check_date": null, "addr:city": null, "wikimedia_commons": null, "brand:en": null, "brand:hi": null, "brand:kn": null, "brand:pa": null, "brand:pnb": null, "brand:ur": null, "brand:wikipedia:pa": null, "name:hi": null, "name:kn": null, "name:pa": null, "name:pnb": null, "name:ur": null, "addr:suburb": null, "note": null, "phone": null, "addr:unit": null, "addr:district": null, "opening_hours": null, "email": null, "fax": null, "addr:city:ur": null, "contact:fax": null, "operator:ur": null, "short_name:ur": null, "description": null, "fixme": null, "check_date:opening_hours": null, "drive_through": null, "highway": null, "traffic_signals": null, "traffic_signals:direction": null, "name:zh": null, "air_conditioning": null, "wheelchair": null, "contact:phone": null, "not:brand:wikidata": null, "opening_hours:covid19": null, "name:mr": null, "internet_access": null, "internet_access:fee": null, "payment:cash": null, "payment:credit_cards": null, "payment:debit_cards": null, "opening_hours:signed": null, "official_name": null, "bank": null, "contact:email": null, "opening_hours:drive_through": null, "addr:floor": null, "building:levels": null }, "geometry": { "type": "Point", "coordinates": [ 72.8389973, 19.1959914 ] } },
{ "type": "Feature", "properties": { "element": "node", "id": 4258412111, "amenity": "bank", "atm": null, "brand": null, "brand:wikidata": null, "name": "union bank", "operator": null, "brand:wikipedia": null, "short_name": null, "website": null, "name:en": null, "old_name": null, "addr:housename": null, "addr:postcode": null, "addr:street": null, "alt_name": null, "source": null, "building": null, "addr:housenumber": null, "wikidata": null, "wikipedia": null, "level": null, "branch": null, "check_date": null, "addr:city": null, "wikimedia_commons": null, "brand:en": null, "brand:hi": null, "brand:kn": null, "brand:pa": null, "brand:pnb": null, "brand:ur": null, "brand:wikipedia:pa": null, "name:hi": null, "name:kn": null, "name:pa": null, "name:pnb": null, "name:ur": null, "addr:suburb": null, "note": null, "phone": null, "addr:unit": null, "addr:district": null, "opening_hours": null, "email": null, "fax": null, "addr:city:ur": null, "contact:fax": null, "operator:ur": null, "short_name:ur": null, "description": null, "fixme": null, "check_date:opening_hours": null, "drive_through": null, "highway": null, "traffic_signals": null, "traffic_signals:direction": null, "name:zh": null, "air_conditioning": null, "wheelchair": null, "contact:phone": null, "not:brand:wikidata": null, "opening_hours:covid19": null, "name:mr": null, "internet_access": null, "internet_access:fee": null, "payment:cash": null, "payment:credit_cards": null, "payment:debit_cards": null, "opening_hours:signed": null, "official_name": null, "bank": null, "contact:email": null, "opening_hours:drive_through": null, "addr:floor": null, "building:levels": null }, "geometry": { "type": "Point", "coordinates": [ 72.9253412, 19.1100307 ] } },
{ "type": "Feature", "properties": { "element": "node", "id": 4303141075, "amenity": "bank", "atm": "yes", "brand": "ICICI Bank", "brand:wikidata": "Q1653258", "name": "ICICI Bank", "operator": null, "brand:wikipedia": "en:ICICI Bank", "short_name": "ICICI", "website": "https://www.icicibank.com", "name:en": "ICICI Bank", "old_name": null, "addr:housename": null, "addr:postcode": "400050", "addr:street": "RK Patkar Marg (Waterfield Road)", "alt_name": null, "source": null, "building": null, "addr:housenumber": null, "wikidata": null, "wikipedia": null, "level": null, "branch": null, "check_date": null, "addr:city": "Bandra, Mumbai", "wikimedia_commons": null, "brand:en": null, "brand:hi": null, "brand:kn": null, "brand:pa": null, "brand:pnb": null, "brand:ur": null, "brand:wikipedia:pa": null, "name:hi": null, "name:kn": null, "name:pa": null, "name:pnb": null, "name:ur": null, "addr:suburb": null, "note": null, "phone": null, "addr:unit": null, "addr:district": null, "opening_hours": null, "email": null, "fax": null, "addr:city:ur": null, "contact:fax": null, "operator:ur": null, "short_name:ur": null, "description": null, "fixme": null, "check_date:opening_hours": null, "drive_through": "no", "highway": null, "traffic_signals": null, "traffic_signals:direction": null, "name:zh": null, "air_conditioning": null, "wheelchair": null, "contact:phone": null, "not:brand:wikidata": null, "opening_hours:covid19": null, "name:mr": null, "internet_access": null, "internet_access:fee": null, "payment:cash": null, "payment:credit_cards": null, "payment:debit_cards": null, "opening_hours:signed": null, "official_name": null, "bank": null, "contact:email": null, "opening_hours:drive_through": null, "addr:floor": null, "building:levels": null }, "geometry": { "type": "Point", "coordinates": [ 72.8345604, 19.0605673 ] } },
{ "type": "Feature", "properties": { "element": "node", "id": 4303151062, "amenity": "bank", "atm": "yes", "brand": "Allahabad Bank", "brand:wikidata": "Q2018840", "name": "Allahabad Bank", "operator": null, "brand:wikipedia": "en:Allahabad Bank", "short_name": null, "website": "https://www.allahabadbank.in", "name:en": "Allahabad Bank", "old_name": null, "addr:housename": null, "addr:postcode": "400050", "addr:street": "RK Patkar Marg (Waterfield Road)", "alt_name": null, "source": null, "building": null, "addr:housenumber": null, "wikidata": null, "wikipedia": null, "level": null, "branch": null, "check_date": null, "addr:city": "Bandra, Mumbai", "wikimedia_commons": null, "brand:en": null, "brand:hi": null, "brand:kn": null, "brand:pa": null, "brand:pnb": null, "brand:ur": null, "brand:wikipedia:pa": null, "name:hi": null, "name:kn": null, "name:pa": null, "name:pnb": null, "name:ur": null, "addr:suburb": null, "note": null, "phone": null, "addr:unit": null, "addr:district": null, "opening_hours": null, "email": null, "fax": null, "addr:city:ur": null, "contact:fax": null, "operator:ur": null, "short_name:ur": null, "description": null, "fixme": null, "check_date:opening_hours": null, "drive_through": "no", "highway": null, "traffic_signals": null, "traffic_signals:direction": null, "name:zh": null, "air_conditioning": null, "wheelchair": null, "contact:phone": null, "not:brand:wikidata": null, "opening_hours:covid19": null, "name:mr": null, "internet_access": null, "internet_access:fee": null, "payment:cash": null, "payment:credit_cards": null, "payment:debit_cards": null, "opening_hours:signed": null, "official_name": null, "bank": null, "contact:email": null, "opening_hours:drive_through": null, "addr:floor": null, "building:levels": null }, "geometry": { "type": "Point", "coordinates": [ 72.8342493, 19.0606848 ] } },
{ "type": "Feature", "properties": { "element": "node", "id": 4303174219, "amenity": "bank", "atm": "yes", "brand": "Bank of Baroda", "brand:wikidata": "Q2003797", "name": "Bank of Baroda", "operator": null, "brand:wikipedia": "en:Bank of Baroda", "short_name": "BoB", "website": "http://www.bankofbaroda.com", "name:en": "Bank of Baroda", "old_name": null, "addr:housename": null, "addr:postcode": "400050", "addr:street": "Turner Road (Gurunanak Marg)", "alt_name": null, "source": null, "building": null, "addr:housenumber": null, "wikidata": null, "wikipedia": null, "level": null, "branch": null, "check_date": null, "addr:city": "Bandra, Mumbai", "wikimedia_commons": null, "brand:en": null, "brand:hi": null, "brand:kn": null, "brand:pa": null, "brand:pnb": null, "brand:ur": null, "brand:wikipedia:pa": null, "name:hi": null, "name:kn": null, "name:pa": null, "name:pnb": null, "name:ur": null, "addr:suburb": null, "note": null, "phone": null, "addr:unit": null, "addr:district": null, "opening_hours": null, "email": null, "fax": null, "addr:city:ur": null, "contact:fax": null, "operator:ur": null, "short_name:ur": null, "description": null, "fixme": null, "check_date:opening_hours": null, "drive_through": null, "highway": null, "traffic_signals": null, "traffic_signals:direction": null, "name:zh": null, "air_conditioning": null, "wheelchair": null, "contact:phone": null, "not:brand:wikidata": null, "opening_hours:covid19": null, "name:mr": null, "internet_access": null, "internet_access:fee": null, "payment:cash": null, "payment:credit_cards": null, "payment:debit_cards": null, "opening_hours:signed": null, "official_name": null, "bank": null, "contact:email": null, "opening_hours:drive_through": null, "addr:floor": null, "building:levels": null }, "geometry": { "type": "Point", "coordinates": [ 72.8364242, 19.0596845 ] } },
{ "type": "Feature", "properties": { "element": "node", "id": 4303174323, "amenity": "bank", "atm": "yes", "brand": "State Bank of India", "brand:wikidata": "Q1340361", "name": "State Bank of India", "operator": null, "brand:wikipedia": "en:State Bank of India", "short_name": "SBI", "website": null, "name:en": null, "old_name": null, "addr:housename": null, "addr:postcode": "400050", "addr:street": "Turner Road (Gurunanak Marg)", "alt_name": null, "source": null, "building": null, "addr:housenumber": null, "wikidata": null, "wikipedia": null, "level": null, "branch": null, "check_date": null, "addr:city": "Bandra, Mumbai", "wikimedia_commons": null, "brand:en": null, "brand:hi": null, "brand:kn": null, "brand:pa": null, "brand:pnb": null, "brand:ur": null, "brand:wikipedia:pa": null, "name:hi": null, "name:kn": null, "name:pa": null, "name:pnb": null, "name:ur": null, "addr:suburb": null, "note": null, "phone": null, "addr:unit": null, "addr:district": null, "opening_hours": null, "email": null, "fax": null, "addr:city:ur": null, "contact:fax": null, "operator:ur": null, "short_name:ur": null, "description": null, "fixme": null, "check_date:opening_hours": null, "drive_through": "no", "highway": null, "traffic_signals": null, "traffic_signals:direction": null, "name:zh": null, "air_conditioning": null, "wheelchair": null, "contact:phone": null, "not:brand:wikidata": null, "opening_hours:covid19": null, "name:mr": null, "internet_access": null, "internet_access:fee": null, "payment:cash": null, "payment:credit_cards": null, "payment:debit_cards": null, "opening_hours:signed": null, "official_name": null, "bank": null, "contact:email": null, "opening_hours:drive_through": null, "addr:floor": null, "building:levels": null }, "geometry": { "type": "Point", "coordinates": [ 72.8359267, 19.0591089 ] } },
{ "type": "Feature", "properties": { "element": "node", "id": 4309831195, "amenity": "bank", "atm": null, "brand": "Central Bank of India", "brand:wikidata": "Q2007090", "name": "Central Bank of India", "operator": null, "brand:wikipedia": "en:Central Bank of India", "short_name": null, "website": "https://www.centralbankofindia.co.in", "name:en": null, "old_name": null, "addr:housename": null, "addr:postcode": "400050", "addr:street": "Manuel Gonsalves Road", "alt_name": null, "source": null, "building": null, "addr:housenumber": null, "wikidata": null, "wikipedia": null, "level": null, "branch": null, "check_date": null, "addr:city": "Mumbai", "wikimedia_commons": null, "brand:en": null, "brand:hi": null, "brand:kn": null, "brand:pa": null, "brand:pnb": null, "brand:ur": null, "brand:wikipedia:pa": null, "name:hi": null, "name:kn": null, "name:pa": null, "name:pnb": null, "name:ur": null, "addr:suburb": null, "note": null, "phone": null, "addr:unit": null, "addr:district": null, "opening_hours": null, "email": null, "fax": null, "addr:city:ur": null, "contact:fax": null, "operator:ur": null, "short_name:ur": null, "description": null, "fixme": null, "check_date:opening_hours": null, "drive_through": null, "highway": null, "traffic_signals": null, "traffic_signals:direction": null, "name:zh": null, "air_conditioning": null, "wheelchair": null, "contact:phone": null, "not:brand:wikidata": null, "opening_hours:covid19": null, "name:mr": null, "internet_access": null, "internet_access:fee": null, "payment:cash": null, "payment:credit_cards": null, "payment:debit_cards": null, "opening_hours:signed": null, "official_name": null, "bank": null, "contact:email": null, "opening_hours:drive_through": null, "addr:floor": null, "building:levels": null }, "geometry": { "type": "Point", "coordinates": [ 72.8293916, 19.0569252 ] } },
{ "type": "Feature", "properties": { "element": "node", "id": 4312866252, "amenity": "bank", "atm": "yes", "brand": "Standard Chartered", "brand:wikidata": "Q548278", "name": "Standard Chartered", "operator": null, "brand:wikipedia": "en:Standard Chartered", "short_name": null, "website": null, "name:en": null, "old_name": null, "addr:housename": null, "addr:postcode": null, "addr:street": null, "alt_name": null, "source": null, "building": null, "addr:housenumber": null, "wikidata": null, "wikipedia": null, "level": null, "branch": null, "check_date": null, "addr:city": null, "wikimedia_commons": null, "brand:en": null, "brand:hi": null, "brand:kn": null, "brand:pa": null, "brand:pnb": null, "brand:ur": null, "brand:wikipedia:pa": null, "name:hi": null, "name:kn": null, "name:pa": null, "name:pnb": null, "name:ur": null, "addr:suburb": null, "note": null, "phone": null, "addr:unit": null, "addr:district": null, "opening_hours": null, "email": null, "fax": null, "addr:city:ur": null, "contact:fax": null, "operator:ur": null, "short_name:ur": null, "description": null, "fixme": null, "check_date:opening_hours": null, "drive_through": null, "highway": null, "traffic_signals": null, "traffic_signals:direction": null, "name:zh": null, "air_conditioning": null, "wheelchair": null, "contact:phone": null, "not:brand:wikidata": null, "opening_hours:covid19": null, "name:mr": null, "internet_access": null, "internet_access:fee": null, "payment:cash": null, "payment:credit_cards": null, "payment:debit_cards": null, "opening_hours:signed": null, "official_name": null, "bank": null, "contact:email": null, "opening_hours:drive_through": null, "addr:floor": null, "building:levels": null }, "geometry": { "type": "Point", "coordinates": [ 72.8342693, 19.0586883 ] } },
{ "type": "Feature", "properties": { "element": "node", "id": 4326460089, "amenity": "bank", "atm": null, "brand": "Punjab National Bank", "brand:wikidata": "Q2743499", "name": "Punjab National Bank", "operator": "Punjab National Bank", "brand:wikipedia": null, "short_name": "PNB", "website": "https://www.pnbindia.in", "name:en": "Punjab National Bank", "old_name": null, "addr:housename": null, "addr:postcode": null, "addr:street": null, "alt_name": null, "source": null, "building": null, "addr:housenumber": null, "wikidata": null, "wikipedia": null, "level": null, "branch": null, "check_date": null, "addr:city": null, "wikimedia_commons": "Category:Punjab National Bank", "brand:en": null, "brand:hi": null, "brand:kn": null, "brand:pa": null, "brand:pnb": null, "brand:ur": null, "brand:wikipedia:pa": null, "name:hi": null, "name:kn": null, "name:pa": null, "name:pnb": null, "name:ur": null, "addr:suburb": null, "note": null, "phone": null, "addr:unit": null, "addr:district": null, "opening_hours": null, "email": null, "fax": null, "addr:city:ur": null, "contact:fax": null, "operator:ur": null, "short_name:ur": null, "description": null, "fixme": null, "check_date:opening_hours": null, "drive_through": null, "highway": null, "traffic_signals": null, "traffic_signals:direction": null, "name:zh": null, "air_conditioning": null, "wheelchair": null, "contact:phone": null, "not:brand:wikidata": null, "opening_hours:covid19": null, "name:mr": null, "internet_access": null, "internet_access:fee": null, "payment:cash": null, "payment:credit_cards": null, "payment:debit_cards": null, "opening_hours:signed": null, "official_name": null, "bank": null, "contact:email": null, "opening_hours:drive_through": null, "addr:floor": null, "building:levels": null }, "geometry": { "type": "Point", "coordinates": [ 72.8880894, 19.0979687 ] } },
{ "type": "Feature", "properties": { "element": "node", "id": 4326907789, "amenity": "bank", "atm": null, "brand": null, "brand:wikidata": "Q2004304", "name": "Bank of Maharashtra", "operator": null, "brand:wikipedia": "en:Bank of Maharashtra", "short_name": null, "website": "https://www.bankofmaharashtra.in/", "name:en": "Bank of Maharashtra", "old_name": null, "addr:housename": null, "addr:postcode": null, "addr:street": null, "alt_name": null, "source": null, "building": null, "addr:housenumber": null, "wikidata": null, "wikipedia": null, "level": null, "branch": null, "check_date": null, "addr:city": null, "wikimedia_commons": null, "brand:en": null, "brand:hi": null, "brand:kn": null, "brand:pa": null, "brand:pnb": null, "brand:ur": null, "brand:wikipedia:pa": null, "name:hi": null, "name:kn": null, "name:pa": null, "name:pnb": null, "name:ur": null, "addr:suburb": null, "note": null, "phone": null, "addr:unit": null, "addr:district": null, "opening_hours": null, "email": null, "fax": null, "addr:city:ur": null, "contact:fax": null, "operator:ur": null, "short_name:ur": null, "description": null, "fixme": null, "check_date:opening_hours": null, "drive_through": null, "highway": null, "traffic_signals": null, "traffic_signals:direction": null, "name:zh": null, "air_conditioning": null, "wheelchair": null, "contact:phone": null, "not:brand:wikidata": null, "opening_hours:covid19": null, "name:mr": null, "internet_access": null, "internet_access:fee": null, "payment:cash": null, "payment:credit_cards": null, "payment:debit_cards": null, "opening_hours:signed": null, "official_name": null, "bank": null, "contact:email": null, "opening_hours:drive_through": null, "addr:floor": null, "building:levels": null }, "geometry": { "type": "Point", "coordinates": [ 72.8818341, 19.1072479 ] } },
{ "type": "Feature", "properties": { "element": "node", "id": 4341088612, "amenity": "bank", "atm": null, "brand": "IndusInd Bank", "brand:wikidata": "Q2040323", "name": "IndusInd Bank", "operator": null, "brand:wikipedia": "en:IndusInd Bank", "short_name": null, "website": "https://www.indusind.com", "name:en": "IndusInd Bank", "old_name": null, "addr:housename": null, "addr:postcode": null, "addr:street": "Swatantrya Veer Savarkar Marg", "alt_name": null, "source": null, "building": null, "addr:housenumber": null, "wikidata": null, "wikipedia": null, "level": null, "branch": null, "check_date": null, "addr:city": null, "wikimedia_commons": null, "brand:en": null, "brand:hi": null, "brand:kn": null, "brand:pa": null, "brand:pnb": null, "brand:ur": null, "brand:wikipedia:pa": null, "name:hi": null, "name:kn": null, "name:pa": null, "name:pnb": null, "name:ur": null, "addr:suburb": null, "note": null, "phone": null, "addr:unit": null, "addr:district": null, "opening_hours": "24/7", "email": null, "fax": null, "addr:city:ur": null, "contact:fax": null, "operator:ur": null, "short_name:ur": null, "description": null, "fixme": null, "check_date:opening_hours": null, "drive_through": null, "highway": null, "traffic_signals": null, "traffic_signals:direction": null, "name:zh": null, "air_conditioning": null, "wheelchair": null, "contact:phone": null, "not:brand:wikidata": null, "opening_hours:covid19": null, "name:mr": null, "internet_access": null, "internet_access:fee": null, "payment:cash": null, "payment:credit_cards": null, "payment:debit_cards": null, "opening_hours:signed": null, "official_name": null, "bank": null, "contact:email": null, "opening_hours:drive_through": null, "addr:floor": null, "building:levels": null }, "geometry": { "type": "Point", "coordinates": [ 72.8384805, 19.0333179 ] } },
{ "type": "Feature", "properties": { "element": "node", "id": 4343231498, "amenity": "bank", "atm": "yes", "brand": "Bank of Baroda", "brand:wikidata": "Q2003797", "name": "Bank of Baroda", "operator": null, "brand:wikipedia": "en:Bank of Baroda", "short_name": "BoB", "website": "http://www.bankofbaroda.com", "name:en": "Bank of Baroda", "old_name": null, "addr:housename": null, "addr:postcode": "400067", "addr:street": "Datta Mandir Road", "alt_name": null, "source": null, "building": null, "addr:housenumber": null, "wikidata": null, "wikipedia": null, "level": null, "branch": null, "check_date": null, "addr:city": "Mumbai", "wikimedia_commons": null, "brand:en": null, "brand:hi": null, "brand:kn": null, "brand:pa": null, "brand:pnb": null, "brand:ur": null, "brand:wikipedia:pa": null, "name:hi": null, "name:kn": null, "name:pa": null, "name:pnb": null, "name:ur": null, "addr:suburb": null, "note": null, "phone": null, "addr:unit": null, "addr:district": null, "opening_hours": null, "email": null, "fax": null, "addr:city:ur": null, "contact:fax": null, "operator:ur": null, "short_name:ur": null, "description": null, "fixme": null, "check_date:opening_hours": null, "drive_through": "no", "highway": null, "traffic_signals": null, "traffic_signals:direction": null, "name:zh": null, "air_conditioning": null, "wheelchair": null, "contact:phone": null, "not:brand:wikidata": null, "opening_hours:covid19": null, "name:mr": null, "internet_access": null, "internet_access:fee": null, "payment:cash": null, "payment:credit_cards": null, "payment:debit_cards": null, "opening_hours:signed": null, "official_name": null, "bank": null, "contact:email": null, "opening_hours:drive_through": null, "addr:floor": null, "building:levels": null }, "geometry": { "type": "Point", "coordinates": [ 72.8363683, 19.2102745 ] } },
{ "type": "Feature", "properties": { "element": "node", "id": 4350842789, "amenity": "bank", "atm": "yes", "brand": "Union Bank of India", "brand:wikidata": "Q2004078", "name": "Union Bank of India", "operator": null, "brand:wikipedia": "en:Union Bank of India", "short_name": "UBI", "website": "https://www.unionbankofindia.co.in/", "name:en": "Union Bank of India", "old_name": null, "addr:housename": null, "addr:postcode": "400050", "addr:street": "Ramdas Naik Road", "alt_name": null, "source": null, "building": null, "addr:housenumber": null, "wikidata": null, "wikipedia": null, "level": null, "branch": null, "check_date": null, "addr:city": "Bandra, Mumbai", "wikimedia_commons": null, "brand:en": null, "brand:hi": null, "brand:kn": null, "brand:pa": null, "brand:pnb": null, "brand:ur": null, "brand:wikipedia:pa": null, "name:hi": null, "name:kn": null, "name:pa": null, "name:pnb": null, "name:ur": null, "addr:suburb": null, "note": null, "phone": null, "addr:unit": null, "addr:district": null, "opening_hours": null, "email": null, "fax": null, "addr:city:ur": null, "contact:fax": null, "operator:ur": null, "short_name:ur": null, "description": null, "fixme": null, "check_date:opening_hours": null, "drive_through": null, "highway": null, "traffic_signals": null, "traffic_signals:direction": null, "name:zh": null, "air_conditioning": null, "wheelchair": null, "contact:phone": null, "not:brand:wikidata": null, "opening_hours:covid19": null, "name:mr": null, "internet_access": null, "internet_access:fee": null, "payment:cash": null, "payment:credit_cards": null, "payment:debit_cards": null, "opening_hours:signed": null, "official_name": null, "bank": null, "contact:email": null, "opening_hours:drive_through": null, "addr:floor": null, "building:levels": null }, "geometry": { "type": "Point", "coordinates": [ 72.831638, 19.0555538 ] } },
{ "type": "Feature", "properties": { "element": "node", "id": 4385124118, "amenity": "bank", "atm": "yes", "brand": "Union Bank of India", "brand:wikidata": "Q2004078", "name": "Union Bank of India", "operator": null, "brand:wikipedia": null, "short_name": null, "website": null, "name:en": null, "old_name": null, "addr:housename": null, "addr:postcode": "400050", "addr:street": "Turner Road (Gurunanak Marg)", "alt_name": null, "source": null, "building": null, "addr:housenumber": null, "wikidata": null, "wikipedia": null, "level": null, "branch": null, "check_date": null, "addr:city": "Bandra, Mumbai", "wikimedia_commons": null, "brand:en": null, "brand:hi": null, "brand:kn": null, "brand:pa": null, "brand:pnb": null, "brand:ur": null, "brand:wikipedia:pa": null, "name:hi": null, "name:kn": null, "name:pa": null, "name:pnb": null, "name:ur": null, "addr:suburb": null, "note": null, "phone": null, "addr:unit": null, "addr:district": null, "opening_hours": null, "email": null, "fax": null, "addr:city:ur": null, "contact:fax": null, "operator:ur": null, "short_name:ur": null, "description": null, "fixme": null, "check_date:opening_hours": null, "drive_through": null, "highway": null, "traffic_signals": null, "traffic_signals:direction": null, "name:zh": null, "air_conditioning": null, "wheelchair": null, "contact:phone": null, "not:brand:wikidata": null, "opening_hours:covid19": null, "name:mr": null, "internet_access": null, "internet_access:fee": null, "payment:cash": null, "payment:credit_cards": null, "payment:debit_cards": null, "opening_hours:signed": null, "official_name": null, "bank": null, "contact:email": null, "opening_hours:drive_through": null, "addr:floor": null, "building:levels": null }, "geometry": { "type": "Point", "coordinates": [ 72.8352337, 19.0594484 ] } },
{ "type": "Feature", "properties": { "element": "node", "id": 4396299490, "amenity": "bank", "atm": null, "brand": null, "brand:wikidata": null, "name": null, "operator": null, "brand:wikipedia": null, "short_name": null, "website": null, "name:en": "Greater Bombay Bank", "old_name": null, "addr:housename": null, "addr:postcode": null, "addr:street": null, "alt_name": null, "source": null, "building": null, "addr:housenumber": null, "wikidata": null, "wikipedia": null, "level": null, "branch": null, "check_date": null, "addr:city": null, "wikimedia_commons": null, "brand:en": null, "brand:hi": null, "brand:kn": null, "brand:pa": null, "brand:pnb": null, "brand:ur": null, "brand:wikipedia:pa": null, "name:hi": null, "name:kn": null, "name:pa": null, "name:pnb": null, "name:ur": null, "addr:suburb": null, "note": null, "phone": null, "addr:unit": null, "addr:district": null, "opening_hours": null, "email": null, "fax": null, "addr:city:ur": null, "contact:fax": null, "operator:ur": null, "short_name:ur": null, "description": null, "fixme": null, "check_date:opening_hours": null, "drive_through": null, "highway": null, "traffic_signals": null, "traffic_signals:direction": null, "name:zh": null, "air_conditioning": null, "wheelchair": null, "contact:phone": null, "not:brand:wikidata": null, "opening_hours:covid19": null, "name:mr": null, "internet_access": null, "internet_access:fee": null, "payment:cash": null, "payment:credit_cards": null, "payment:debit_cards": null, "opening_hours:signed": null, "official_name": null, "bank": null, "contact:email": null, "opening_hours:drive_through": null, "addr:floor": null, "building:levels": null }, "geometry": { "type": "Point", "coordinates": [ 72.8640931, 19.1072595 ] } },
{ "type": "Feature", "properties": { "element": "node", "id": 4412722495, "amenity": "bank", "atm": null, "brand": null, "brand:wikidata": null, "name": null, "operator": null, "brand:wikipedia": null, "short_name": null, "website": null, "name:en": "Kotak Mahindra 27 BKC", "old_name": null, "addr:housename": null, "addr:postcode": "400051", "addr:street": null, "alt_name": null, "source": null, "building": null, "addr:housenumber": "27", "wikidata": null, "wikipedia": null, "level": null, "branch": null, "check_date": null, "addr:city": null, "wikimedia_commons": null, "brand:en": null, "brand:hi": null, "brand:kn": null, "brand:pa": null, "brand:pnb": null, "brand:ur": null, "brand:wikipedia:pa": null, "name:hi": null, "name:kn": null, "name:pa": null, "name:pnb": null, "name:ur": null, "addr:suburb": null, "note": null, "phone": null, "addr:unit": null, "addr:district": null, "opening_hours": null, "email": null, "fax": null, "addr:city:ur": null, "contact:fax": null, "operator:ur": null, "short_name:ur": null, "description": null, "fixme": null, "check_date:opening_hours": null, "drive_through": null, "highway": null, "traffic_signals": null, "traffic_signals:direction": null, "name:zh": null, "air_conditioning": null, "wheelchair": null, "contact:phone": null, "not:brand:wikidata": null, "opening_hours:covid19": null, "name:mr": null, "internet_access": null, "internet_access:fee": null, "payment:cash": null, "payment:credit_cards": null, "payment:debit_cards": null, "opening_hours:signed": null, "official_name": null, "bank": null, "contact:email": null, "opening_hours:drive_through": null, "addr:floor": null, "building:levels": null }, "geometry": { "type": "Point", "coordinates": [ 72.8641566, 19.0621137 ] } },
{ "type": "Feature", "properties": { "element": "node", "id": 4416529689, "amenity": "bank", "atm": null, "brand": null, "brand:wikidata": null, "name": null, "operator": null, "brand:wikipedia": null, "short_name": null, "website": null, "name:en": "Abduyuay Co Op Bank", "old_name": null, "addr:housename": null, "addr:postcode": "400001", "addr:street": "Perin Nariman Street", "alt_name": null, "source": null, "building": null, "addr:housenumber": "240", "wikidata": null, "wikipedia": null, "level": null, "branch": null, "check_date": null, "addr:city": null, "wikimedia_commons": null, "brand:en": null, "brand:hi": null, "brand:kn": null, "brand:pa": null, "brand:pnb": null, "brand:ur": null, "brand:wikipedia:pa": null, "name:hi": null, "name:kn": null, "name:pa": null, "name:pnb": null, "name:ur": null, "addr:suburb": null, "note": null, "phone": null, "addr:unit": null, "addr:district": null, "opening_hours": null, "email": null, "fax": null, "addr:city:ur": null, "contact:fax": null, "operator:ur": null, "short_name:ur": null, "description": null, "fixme": null, "check_date:opening_hours": null, "drive_through": null, "highway": null, "traffic_signals": null, "traffic_signals:direction": null, "name:zh": null, "air_conditioning": null, "wheelchair": null, "contact:phone": null, "not:brand:wikidata": null, "opening_hours:covid19": null, "name:mr": null, "internet_access": null, "internet_access:fee": null, "payment:cash": null, "payment:credit_cards": null, "payment:debit_cards": null, "opening_hours:signed": null, "official_name": null, "bank": null, "contact:email": null, "opening_hours:drive_through": null, "addr:floor": null, "building:levels": null }, "geometry": { "type": "Point", "coordinates": [ 72.8356775, 18.9348271 ] } },
{ "type": "Feature", "properties": { "element": "node", "id": 4454435389, "amenity": "bank", "atm": null, "brand": "Axis Bank", "brand:wikidata": "Q2003549", "name": "Axis Bank", "operator": null, "brand:wikipedia": "en:Axis Bank", "short_name": null, "website": "https://www.axisbank.com", "name:en": "Axis Bank", "old_name": null, "addr:housename": null, "addr:postcode": null, "addr:street": null, "alt_name": null, "source": null, "building": null, "addr:housenumber": null, "wikidata": null, "wikipedia": null, "level": null, "branch": null, "check_date": null, "addr:city": null, "wikimedia_commons": null, "brand:en": null, "brand:hi": null, "brand:kn": null, "brand:pa": null, "brand:pnb": null, "brand:ur": null, "brand:wikipedia:pa": null, "name:hi": null, "name:kn": null, "name:pa": null, "name:pnb": null, "name:ur": null, "addr:suburb": null, "note": null, "phone": null, "addr:unit": null, "addr:district": null, "opening_hours": null, "email": null, "fax": null, "addr:city:ur": null, "contact:fax": null, "operator:ur": null, "short_name:ur": null, "description": null, "fixme": null, "check_date:opening_hours": null, "drive_through": null, "highway": null, "traffic_signals": null, "traffic_signals:direction": null, "name:zh": null, "air_conditioning": null, "wheelchair": null, "contact:phone": null, "not:brand:wikidata": null, "opening_hours:covid19": null, "name:mr": null, "internet_access": null, "internet_access:fee": null, "payment:cash": null, "payment:credit_cards": null, "payment:debit_cards": null, "opening_hours:signed": null, "official_name": null, "bank": null, "contact:email": null, "opening_hours:drive_through": null, "addr:floor": null, "building:levels": null }, "geometry": { "type": "Point", "coordinates": [ 72.8238866, 18.9425503 ] } },
{ "type": "Feature", "properties": { "element": "node", "id": 4484203195, "amenity": "bank", "atm": null, "brand": null, "brand:wikidata": null, "name": null, "operator": null, "brand:wikipedia": null, "short_name": null, "website": null, "name:en": null, "old_name": null, "addr:housename": null, "addr:postcode": null, "addr:street": null, "alt_name": null, "source": null, "building": null, "addr:housenumber": null, "wikidata": null, "wikipedia": null, "level": null, "branch": null, "check_date": null, "addr:city": null, "wikimedia_commons": null, "brand:en": null, "brand:hi": null, "brand:kn": null, "brand:pa": null, "brand:pnb": null, "brand:ur": null, "brand:wikipedia:pa": null, "name:hi": null, "name:kn": null, "name:pa": null, "name:pnb": null, "name:ur": null, "addr:suburb": null, "note": null, "phone": null, "addr:unit": null, "addr:district": null, "opening_hours": null, "email": null, "fax": null, "addr:city:ur": null, "contact:fax": null, "operator:ur": null, "short_name:ur": null, "description": null, "fixme": null, "check_date:opening_hours": null, "drive_through": null, "highway": null, "traffic_signals": null, "traffic_signals:direction": null, "name:zh": null, "air_conditioning": null, "wheelchair": null, "contact:phone": null, "not:brand:wikidata": null, "opening_hours:covid19": null, "name:mr": null, "internet_access": null, "internet_access:fee": null, "payment:cash": null, "payment:credit_cards": null, "payment:debit_cards": null, "opening_hours:signed": null, "official_name": null, "bank": null, "contact:email": null, "opening_hours:drive_through": null, "addr:floor": null, "building:levels": null }, "geometry": { "type": "Point", "coordinates": [ 72.9286681, 19.1182272 ] } },
{ "type": "Feature", "properties": { "element": "node", "id": 4498884752, "amenity": "bank", "atm": "yes", "brand": "State Bank of India", "brand:wikidata": "Q1340361", "name": "State Bank of India", "operator": null, "brand:wikipedia": "en:State Bank of India", "short_name": "SBI", "website": null, "name:en": null, "old_name": null, "addr:housename": null, "addr:postcode": "400095", "addr:street": null, "alt_name": null, "source": null, "building": null, "addr:housenumber": null, "wikidata": null, "wikipedia": null, "level": null, "branch": null, "check_date": null, "addr:city": "Mumbai", "wikimedia_commons": null, "brand:en": null, "brand:hi": null, "brand:kn": null, "brand:pa": null, "brand:pnb": null, "brand:ur": null, "brand:wikipedia:pa": null, "name:hi": null, "name:kn": null, "name:pa": null, "name:pnb": null, "name:ur": null, "addr:suburb": null, "note": null, "phone": null, "addr:unit": null, "addr:district": null, "opening_hours": null, "email": null, "fax": null, "addr:city:ur": null, "contact:fax": null, "operator:ur": null, "short_name:ur": null, "description": null, "fixme": null, "check_date:opening_hours": null, "drive_through": "no", "highway": null, "traffic_signals": null, "traffic_signals:direction": null, "name:zh": null, "air_conditioning": null, "wheelchair": null, "contact:phone": null, "not:brand:wikidata": null, "opening_hours:covid19": null, "name:mr": null, "internet_access": null, "internet_access:fee": null, "payment:cash": null, "payment:credit_cards": null, "payment:debit_cards": null, "opening_hours:signed": null, "official_name": null, "bank": null, "contact:email": null, "opening_hours:drive_through": null, "addr:floor": null, "building:levels": null }, "geometry": { "type": "Point", "coordinates": [ 72.8213427, 19.2009533 ] } },
{ "type": "Feature", "properties": { "element": "node", "id": 4513420193, "amenity": "bank", "atm": null, "brand": null, "brand:wikidata": null, "name": null, "operator": null, "brand:wikipedia": null, "short_name": null, "website": null, "name:en": "Dhanlaxmi bank (western Union)", "old_name": null, "addr:housename": null, "addr:postcode": null, "addr:street": null, "alt_name": null, "source": null, "building": null, "addr:housenumber": null, "wikidata": null, "wikipedia": null, "level": null, "branch": null, "check_date": "2026-03-20", "addr:city": null, "wikimedia_commons": null, "brand:en": null, "brand:hi": null, "brand:kn": null, "brand:pa": null, "brand:pnb": null, "brand:ur": null, "brand:wikipedia:pa": null, "name:hi": null, "name:kn": null, "name:pa": null, "name:pnb": null, "name:ur": null, "addr:suburb": null, "note": null, "phone": null, "addr:unit": null, "addr:district": null, "opening_hours": null, "email": null, "fax": null, "addr:city:ur": null, "contact:fax": null, "operator:ur": null, "short_name:ur": null, "description": null, "fixme": null, "check_date:opening_hours": null, "drive_through": null, "highway": null, "traffic_signals": null, "traffic_signals:direction": null, "name:zh": null, "air_conditioning": null, "wheelchair": null, "contact:phone": null, "not:brand:wikidata": null, "opening_hours:covid19": null, "name:mr": null, "internet_access": null, "internet_access:fee": null, "payment:cash": null, "payment:credit_cards": null, "payment:debit_cards": null, "opening_hours:signed": null, "official_name": null, "bank": null, "contact:email": null, "opening_hours:drive_through": null, "addr:floor": null, "building:levels": null }, "geometry": { "type": "Point", "coordinates": [ 72.8194252, 18.9655394 ] } },
{ "type": "Feature", "properties": { "element": "node", "id": 4564918990, "amenity": "bank", "atm": null, "brand": null, "brand:wikidata": null, "name": null, "operator": null, "brand:wikipedia": null, "short_name": null, "website": null, "name:en": "Mitradham", "old_name": null, "addr:housename": null, "addr:postcode": null, "addr:street": null, "alt_name": null, "source": null, "building": null, "addr:housenumber": null, "wikidata": null, "wikipedia": null, "level": null, "branch": null, "check_date": "2026-03-20", "addr:city": null, "wikimedia_commons": null, "brand:en": null, "brand:hi": null, "brand:kn": null, "brand:pa": null, "brand:pnb": null, "brand:ur": null, "brand:wikipedia:pa": null, "name:hi": null, "name:kn": null, "name:pa": null, "name:pnb": null, "name:ur": null, "addr:suburb": null, "note": null, "phone": null, "addr:unit": null, "addr:district": null, "opening_hours": null, "email": null, "fax": null, "addr:city:ur": null, "contact:fax": null, "operator:ur": null, "short_name:ur": null, "description": null, "fixme": null, "check_date:opening_hours": null, "drive_through": null, "highway": null, "traffic_signals": null, "traffic_signals:direction": null, "name:zh": null, "air_conditioning": null, "wheelchair": null, "contact:phone": null, "not:brand:wikidata": null, "opening_hours:covid19": null, "name:mr": null, "internet_access": null, "internet_access:fee": null, "payment:cash": null, "payment:credit_cards": null, "payment:debit_cards": null, "opening_hours:signed": null, "official_name": null, "bank": null, "contact:email": null, "opening_hours:drive_through": null, "addr:floor": null, "building:levels": null }, "geometry": { "type": "Point", "coordinates": [ 72.8392569, 19.0069934 ] } },
{ "type": "Feature", "properties": { "element": "node", "id": 4564949289, "amenity": "bank", "atm": null, "brand": "State Bank of India", "brand:wikidata": "Q1340361", "name": "State Bank of India", "operator": "SBI", "brand:wikipedia": null, "short_name": "SBI", "website": null, "name:en": "SBI", "old_name": null, "addr:housename": null, "addr:postcode": "400012", "addr:street": "Elphinstone Bridge", "alt_name": null, "source": null, "building": null, "addr:housenumber": null, "wikidata": null, "wikipedia": null, "level": null, "branch": null, "check_date": "2026-03-20", "addr:city": null, "wikimedia_commons": null, "brand:en": null, "brand:hi": null, "brand:kn": null, "brand:pa": null, "brand:pnb": null, "brand:ur": null, "brand:wikipedia:pa": null, "name:hi": null, "name:kn": null, "name:pa": null, "name:pnb": null, "name:ur": null, "addr:suburb": null, "note": null, "phone": null, "addr:unit": null, "addr:district": null, "opening_hours": "24/7", "email": null, "fax": null, "addr:city:ur": null, "contact:fax": null, "operator:ur": null, "short_name:ur": null, "description": null, "fixme": null, "check_date:opening_hours": null, "drive_through": null, "highway": null, "traffic_signals": null, "traffic_signals:direction": null, "name:zh": null, "air_conditioning": null, "wheelchair": null, "contact:phone": null, "not:brand:wikidata": null, "opening_hours:covid19": null, "name:mr": null, "internet_access": null, "internet_access:fee": null, "payment:cash": null, "payment:credit_cards": null, "payment:debit_cards": null, "opening_hours:signed": null, "official_name": null, "bank": null, "contact:email": null, "opening_hours:drive_through": null, "addr:floor": null, "building:levels": null }, "geometry": { "type": "Point", "coordinates": [ 72.8392164, 19.0070037 ] } },
{ "type": "Feature", "properties": { "element": "node", "id": 4574503391, "amenity": "bank", "atm": null, "brand": null, "brand:wikidata": null, "name": null, "operator": null, "brand:wikipedia": null, "short_name": null, "website": null, "name:en": "State bank of Patalai", "old_name": null, "addr:housename": null, "addr:postcode": null, "addr:street": null, "alt_name": null, "source": null, "building": null, "addr:housenumber": null, "wikidata": null, "wikipedia": null, "level": null, "branch": null, "check_date": "2026-03-12", "addr:city": null, "wikimedia_commons": null, "brand:en": null, "brand:hi": null, "brand:kn": null, "brand:pa": null, "brand:pnb": null, "brand:ur": null, "brand:wikipedia:pa": null, "name:hi": null, "name:kn": null, "name:pa": null, "name:pnb": null, "name:ur": null, "addr:suburb": null, "note": null, "phone": null, "addr:unit": null, "addr:district": null, "opening_hours": null, "email": null, "fax": null, "addr:city:ur": null, "contact:fax": null, "operator:ur": null, "short_name:ur": null, "description": null, "fixme": null, "check_date:opening_hours": null, "drive_through": null, "highway": null, "traffic_signals": null, "traffic_signals:direction": null, "name:zh": null, "air_conditioning": null, "wheelchair": null, "contact:phone": null, "not:brand:wikidata": null, "opening_hours:covid19": null, "name:mr": null, "internet_access": null, "internet_access:fee": null, "payment:cash": null, "payment:credit_cards": null, "payment:debit_cards": null, "opening_hours:signed": null, "official_name": null, "bank": null, "contact:email": null, "opening_hours:drive_through": null, "addr:floor": null, "building:levels": null }, "geometry": { "type": "Point", "coordinates": [ 72.8264532, 18.9206952 ] } },
{ "type": "Feature", "properties": { "element": "node", "id": 4590507805, "amenity": "bank", "atm": "yes", "brand": "Yes Bank", "brand:wikidata": "Q2040394", "name": "Yes Bank", "operator": null, "brand:wikipedia": "en:Yes Bank", "short_name": null, "website": "https://www.yesbank.in", "name:en": "YES Bank", "old_name": null, "addr:housename": null, "addr:postcode": "400050", "addr:street": "Gurunanak Marg", "alt_name": null, "source": null, "building": null, "addr:housenumber": null, "wikidata": null, "wikipedia": null, "level": null, "branch": null, "check_date": null, "addr:city": "Bandra, Mumbai", "wikimedia_commons": null, "brand:en": null, "brand:hi": null, "brand:kn": null, "brand:pa": null, "brand:pnb": null, "brand:ur": null, "brand:wikipedia:pa": null, "name:hi": null, "name:kn": null, "name:pa": null, "name:pnb": null, "name:ur": null, "addr:suburb": null, "note": null, "phone": null, "addr:unit": null, "addr:district": null, "opening_hours": null, "email": null, "fax": null, "addr:city:ur": null, "contact:fax": null, "operator:ur": null, "short_name:ur": null, "description": null, "fixme": null, "check_date:opening_hours": null, "drive_through": null, "highway": null, "traffic_signals": null, "traffic_signals:direction": null, "name:zh": null, "air_conditioning": null, "wheelchair": null, "contact:phone": null, "not:brand:wikidata": null, "opening_hours:covid19": null, "name:mr": null, "internet_access": null, "internet_access:fee": null, "payment:cash": null, "payment:credit_cards": null, "payment:debit_cards": null, "opening_hours:signed": null, "official_name": null, "bank": null, "contact:email": null, "opening_hours:drive_through": null, "addr:floor": null, "building:levels": null }, "geometry": { "type": "Point", "coordinates": [ 72.8327302, 19.0595684 ] } },
{ "type": "Feature", "properties": { "element": "node", "id": 4590912465, "amenity": "bank", "atm": "yes", "brand": "ICICI Bank", "brand:wikidata": "Q1653258", "name": "ICICI Bank", "operator": null, "brand:wikipedia": null, "short_name": "ICICI", "website": "https://www.icicibank.com", "name:en": "ICICI Bank", "old_name": null, "addr:housename": null, "addr:postcode": null, "addr:street": null, "alt_name": null, "source": null, "building": null, "addr:housenumber": null, "wikidata": null, "wikipedia": null, "level": null, "branch": "Versova Link Road", "check_date": null, "addr:city": null, "wikimedia_commons": null, "brand:en": null, "brand:hi": null, "brand:kn": null, "brand:pa": null, "brand:pnb": null, "brand:ur": null, "brand:wikipedia:pa": null, "name:hi": null, "name:kn": null, "name:pa": null, "name:pnb": null, "name:ur": null, "addr:suburb": null, "note": null, "phone": null, "addr:unit": null, "addr:district": null, "opening_hours": null, "email": null, "fax": null, "addr:city:ur": null, "contact:fax": null, "operator:ur": null, "short_name:ur": null, "description": null, "fixme": null, "check_date:opening_hours": null, "drive_through": null, "highway": null, "traffic_signals": null, "traffic_signals:direction": null, "name:zh": null, "air_conditioning": null, "wheelchair": null, "contact:phone": null, "not:brand:wikidata": null, "opening_hours:covid19": null, "name:mr": null, "internet_access": null, "internet_access:fee": null, "payment:cash": null, "payment:credit_cards": null, "payment:debit_cards": null, "opening_hours:signed": null, "official_name": null, "bank": null, "contact:email": null, "opening_hours:drive_through": null, "addr:floor": null, "building:levels": null }, "geometry": { "type": "Point", "coordinates": [ 72.8205629, 19.1264842 ] } },
{ "type": "Feature", "properties": { "element": "node", "id": 4621599021, "amenity": "bank", "atm": null, "brand": null, "brand:wikidata": null, "name": null, "operator": null, "brand:wikipedia": null, "short_name": null, "website": null, "name:en": "HDFC Bank", "old_name": null, "addr:housename": null, "addr:postcode": null, "addr:street": "Chatrapati Shivaji Road", "alt_name": null, "source": null, "building": null, "addr:housenumber": null, "wikidata": null, "wikipedia": null, "level": null, "branch": null, "check_date": null, "addr:city": null, "wikimedia_commons": null, "brand:en": null, "brand:hi": null, "brand:kn": null, "brand:pa": null, "brand:pnb": null, "brand:ur": null, "brand:wikipedia:pa": null, "name:hi": null, "name:kn": null, "name:pa": null, "name:pnb": null, "name:ur": null, "addr:suburb": null, "note": null, "phone": null, "addr:unit": null, "addr:district": null, "opening_hours": null, "email": null, "fax": null, "addr:city:ur": null, "contact:fax": null, "operator:ur": null, "short_name:ur": null, "description": null, "fixme": null, "check_date:opening_hours": null, "drive_through": null, "highway": null, "traffic_signals": null, "traffic_signals:direction": null, "name:zh": null, "air_conditioning": null, "wheelchair": null, "contact:phone": null, "not:brand:wikidata": null, "opening_hours:covid19": null, "name:mr": null, "internet_access": null, "internet_access:fee": null, "payment:cash": null, "payment:credit_cards": null, "payment:debit_cards": null, "opening_hours:signed": null, "official_name": null, "bank": null, "contact:email": null, "opening_hours:drive_through": null, "addr:floor": null, "building:levels": null }, "geometry": { "type": "Point", "coordinates": [ 72.864465, 19.2546099 ] } },
{ "type": "Feature", "properties": { "element": "node", "id": 4624928647, "amenity": "bank", "atm": null, "brand": "ING", "brand:wikidata": "Q645708", "name": "ING", "operator": null, "brand:wikipedia": null, "short_name": null, "website": null, "name:en": null, "old_name": null, "addr:housename": null, "addr:postcode": null, "addr:street": null, "alt_name": null, "source": null, "building": null, "addr:housenumber": null, "wikidata": null, "wikipedia": null, "level": null, "branch": null, "check_date": null, "addr:city": null, "wikimedia_commons": null, "brand:en": null, "brand:hi": null, "brand:kn": null, "brand:pa": null, "brand:pnb": null, "brand:ur": null, "brand:wikipedia:pa": null, "name:hi": null, "name:kn": null, "name:pa": null, "name:pnb": null, "name:ur": null, "addr:suburb": null, "note": "Name to be checked, added on basis of an osm note.", "phone": null, "addr:unit": null, "addr:district": null, "opening_hours": null, "email": null, "fax": null, "addr:city:ur": null, "contact:fax": null, "operator:ur": null, "short_name:ur": null, "description": null, "fixme": null, "check_date:opening_hours": null, "drive_through": null, "highway": null, "traffic_signals": null, "traffic_signals:direction": null, "name:zh": null, "air_conditioning": null, "wheelchair": null, "contact:phone": null, "not:brand:wikidata": null, "opening_hours:covid19": null, "name:mr": null, "internet_access": null, "internet_access:fee": null, "payment:cash": null, "payment:credit_cards": null, "payment:debit_cards": null, "opening_hours:signed": null, "official_name": null, "bank": null, "contact:email": null, "opening_hours:drive_through": null, "addr:floor": null, "building:levels": null }, "geometry": { "type": "Point", "coordinates": [ 72.8743666, 19.2100644 ] } },
{ "type": "Feature", "properties": { "element": "node", "id": 4640238826, "amenity": "bank", "atm": null, "brand": "Yes Bank", "brand:wikidata": "Q2040394", "name": "Yes Bank", "operator": null, "brand:wikipedia": null, "short_name": null, "website": null, "name:en": null, "old_name": null, "addr:housename": null, "addr:postcode": null, "addr:street": null, "alt_name": null, "source": null, "building": null, "addr:housenumber": null, "wikidata": null, "wikipedia": null, "level": null, "branch": null, "check_date": null, "addr:city": null, "wikimedia_commons": null, "brand:en": null, "brand:hi": null, "brand:kn": null, "brand:pa": null, "brand:pnb": null, "brand:ur": null, "brand:wikipedia:pa": null, "name:hi": null, "name:kn": null, "name:pa": null, "name:pnb": null, "name:ur": null, "addr:suburb": null, "note": null, "phone": null, "addr:unit": null, "addr:district": null, "opening_hours": null, "email": null, "fax": null, "addr:city:ur": null, "contact:fax": null, "operator:ur": null, "short_name:ur": null, "description": null, "fixme": null, "check_date:opening_hours": null, "drive_through": null, "highway": null, "traffic_signals": null, "traffic_signals:direction": null, "name:zh": null, "air_conditioning": null, "wheelchair": null, "contact:phone": null, "not:brand:wikidata": null, "opening_hours:covid19": null, "name:mr": null, "internet_access": null, "internet_access:fee": null, "payment:cash": null, "payment:credit_cards": null, "payment:debit_cards": null, "opening_hours:signed": null, "official_name": null, "bank": null, "contact:email": null, "opening_hours:drive_through": null, "addr:floor": null, "building:levels": null }, "geometry": { "type": "Point", "coordinates": [ 72.8356023, 19.0098685 ] } },
{ "type": "Feature", "properties": { "element": "node", "id": 4650900015, "amenity": "bank", "atm": "no", "brand": null, "brand:wikidata": null, "name": "Model Co-operative Bank", "operator": null, "brand:wikipedia": null, "short_name": null, "website": null, "name:en": null, "old_name": null, "addr:housename": null, "addr:postcode": null, "addr:street": null, "alt_name": null, "source": null, "building": null, "addr:housenumber": null, "wikidata": null, "wikipedia": null, "level": null, "branch": null, "check_date": null, "addr:city": null, "wikimedia_commons": null, "brand:en": null, "brand:hi": null, "brand:kn": null, "brand:pa": null, "brand:pnb": null, "brand:ur": null, "brand:wikipedia:pa": null, "name:hi": null, "name:kn": null, "name:pa": null, "name:pnb": null, "name:ur": null, "addr:suburb": null, "note": null, "phone": null, "addr:unit": null, "addr:district": null, "opening_hours": null, "email": null, "fax": null, "addr:city:ur": null, "contact:fax": null, "operator:ur": null, "short_name:ur": null, "description": null, "fixme": null, "check_date:opening_hours": null, "drive_through": null, "highway": null, "traffic_signals": null, "traffic_signals:direction": null, "name:zh": null, "air_conditioning": null, "wheelchair": null, "contact:phone": null, "not:brand:wikidata": null, "opening_hours:covid19": null, "name:mr": null, "internet_access": null, "internet_access:fee": null, "payment:cash": null, "payment:credit_cards": null, "payment:debit_cards": null, "opening_hours:signed": null, "official_name": null, "bank": null, "contact:email": null, "opening_hours:drive_through": null, "addr:floor": null, "building:levels": null }, "geometry": { "type": "Point", "coordinates": [ 72.8390181, 19.1958489 ] } },
{ "type": "Feature", "properties": { "element": "node", "id": 4650922200, "amenity": "bank", "atm": null, "brand": null, "brand:wikidata": "Q3595747", "name": "Dena Bank", "operator": null, "brand:wikipedia": "en:Dena Bank", "short_name": null, "website": "http://www.denabank.com", "name:en": "Dena Bank", "old_name": null, "addr:housename": null, "addr:postcode": null, "addr:street": null, "alt_name": null, "source": null, "building": null, "addr:housenumber": null, "wikidata": null, "wikipedia": null, "level": null, "branch": null, "check_date": null, "addr:city": null, "wikimedia_commons": null, "brand:en": null, "brand:hi": null, "brand:kn": null, "brand:pa": null, "brand:pnb": null, "brand:ur": null, "brand:wikipedia:pa": null, "name:hi": null, "name:kn": null, "name:pa": null, "name:pnb": null, "name:ur": null, "addr:suburb": null, "note": null, "phone": null, "addr:unit": null, "addr:district": null, "opening_hours": null, "email": null, "fax": null, "addr:city:ur": null, "contact:fax": null, "operator:ur": null, "short_name:ur": null, "description": null, "fixme": null, "check_date:opening_hours": null, "drive_through": null, "highway": null, "traffic_signals": null, "traffic_signals:direction": null, "name:zh": null, "air_conditioning": null, "wheelchair": null, "contact:phone": null, "not:brand:wikidata": null, "opening_hours:covid19": null, "name:mr": null, "internet_access": null, "internet_access:fee": null, "payment:cash": null, "payment:credit_cards": null, "payment:debit_cards": null, "opening_hours:signed": null, "official_name": null, "bank": null, "contact:email": null, "opening_hours:drive_through": null, "addr:floor": null, "building:levels": null }, "geometry": { "type": "Point", "coordinates": [ 72.8397241, 19.193399 ] } },
{ "type": "Feature", "properties": { "element": "node", "id": 4683305101, "amenity": "bank", "atm": "yes", "brand": null, "brand:wikidata": null, "name": "Axis Bank ATM", "operator": null, "brand:wikipedia": null, "short_name": null, "website": null, "name:en": null, "old_name": null, "addr:housename": null, "addr:postcode": null, "addr:street": null, "alt_name": null, "source": null, "building": null, "addr:housenumber": null, "wikidata": null, "wikipedia": null, "level": null, "branch": null, "check_date": null, "addr:city": null, "wikimedia_commons": null, "brand:en": null, "brand:hi": null, "brand:kn": null, "brand:pa": null, "brand:pnb": null, "brand:ur": null, "brand:wikipedia:pa": null, "name:hi": null, "name:kn": null, "name:pa": null, "name:pnb": null, "name:ur": null, "addr:suburb": null, "note": null, "phone": null, "addr:unit": null, "addr:district": null, "opening_hours": null, "email": null, "fax": null, "addr:city:ur": null, "contact:fax": null, "operator:ur": null, "short_name:ur": null, "description": null, "fixme": null, "check_date:opening_hours": null, "drive_through": null, "highway": null, "traffic_signals": null, "traffic_signals:direction": null, "name:zh": null, "air_conditioning": null, "wheelchair": null, "contact:phone": null, "not:brand:wikidata": null, "opening_hours:covid19": null, "name:mr": null, "internet_access": null, "internet_access:fee": null, "payment:cash": null, "payment:credit_cards": null, "payment:debit_cards": null, "opening_hours:signed": null, "official_name": null, "bank": null, "contact:email": null, "opening_hours:drive_through": null, "addr:floor": null, "building:levels": null }, "geometry": { "type": "Point", "coordinates": [ 72.8611948, 19.107509 ] } },
{ "type": "Feature", "properties": { "element": "node", "id": 4683432441, "amenity": "bank", "atm": "yes", "brand": null, "brand:wikidata": null, "name": "Bassein Catholic Bank", "operator": null, "brand:wikipedia": null, "short_name": null, "website": null, "name:en": null, "old_name": null, "addr:housename": null, "addr:postcode": null, "addr:street": "JB Nagar Road", "alt_name": null, "source": null, "building": null, "addr:housenumber": null, "wikidata": null, "wikipedia": null, "level": null, "branch": null, "check_date": null, "addr:city": null, "wikimedia_commons": null, "brand:en": null, "brand:hi": null, "brand:kn": null, "brand:pa": null, "brand:pnb": null, "brand:ur": null, "brand:wikipedia:pa": null, "name:hi": null, "name:kn": null, "name:pa": null, "name:pnb": null, "name:ur": null, "addr:suburb": null, "note": null, "phone": null, "addr:unit": null, "addr:district": null, "opening_hours": null, "email": null, "fax": null, "addr:city:ur": null, "contact:fax": null, "operator:ur": null, "short_name:ur": null, "description": null, "fixme": null, "check_date:opening_hours": null, "drive_through": null, "highway": null, "traffic_signals": null, "traffic_signals:direction": null, "name:zh": null, "air_conditioning": null, "wheelchair": null, "contact:phone": null, "not:brand:wikidata": null, "opening_hours:covid19": null, "name:mr": null, "internet_access": null, "internet_access:fee": null, "payment:cash": null, "payment:credit_cards": null, "payment:debit_cards": null, "opening_hours:signed": null, "official_name": null, "bank": null, "contact:email": null, "opening_hours:drive_through": null, "addr:floor": null, "building:levels": null }, "geometry": { "type": "Point", "coordinates": [ 72.8643018, 19.1072531 ] } },
{ "type": "Feature", "properties": { "element": "node", "id": 4683432701, "amenity": "bank", "atm": "yes", "brand": "Canara Bank", "brand:wikidata": "Q2003777", "name": "Canara Bank", "operator": null, "brand:wikipedia": "en:Canara Bank", "short_name": null, "website": "https://www.canarabank.com/", "name:en": null, "old_name": null, "addr:housename": null, "addr:postcode": null, "addr:street": "JB Nagar Road", "alt_name": null, "source": null, "building": null, "addr:housenumber": null, "wikidata": null, "wikipedia": null, "level": null, "branch": null, "check_date": null, "addr:city": null, "wikimedia_commons": null, "brand:en": null, "brand:hi": null, "brand:kn": null, "brand:pa": "ਕੇਨਰਾ ਬੈਂਕ", "brand:pnb": null, "brand:ur": "کینرا بینک", "brand:wikipedia:pa": "ਕੇਨਰਾ ਬੈਂਕ", "name:hi": null, "name:kn": null, "name:pa": "ਕੇਨਰਾ ਬੈਂਕ", "name:pnb": null, "name:ur": "کینرا بینک", "addr:suburb": null, "note": null, "phone": null, "addr:unit": null, "addr:district": null, "opening_hours": null, "email": null, "fax": null, "addr:city:ur": null, "contact:fax": null, "operator:ur": null, "short_name:ur": null, "description": null, "fixme": null, "check_date:opening_hours": null, "drive_through": null, "highway": null, "traffic_signals": null, "traffic_signals:direction": null, "name:zh": null, "air_conditioning": null, "wheelchair": null, "contact:phone": null, "not:brand:wikidata": null, "opening_hours:covid19": null, "name:mr": null, "internet_access": null, "internet_access:fee": null, "payment:cash": null, "payment:credit_cards": null, "payment:debit_cards": null, "opening_hours:signed": null, "official_name": null, "bank": null, "contact:email": null, "opening_hours:drive_through": null, "addr:floor": null, "building:levels": null }, "geometry": { "type": "Point", "coordinates": [ 72.863941, 19.1070614 ] } },
{ "type": "Feature", "properties": { "element": "node", "id": 4683441200, "amenity": "bank", "atm": "yes", "brand": null, "brand:wikidata": null, "name": "Greater Bombay Co-operative Bank", "operator": null, "brand:wikipedia": null, "short_name": null, "website": null, "name:en": null, "old_name": null, "addr:housename": null, "addr:postcode": null, "addr:street": "JB Nagar Road", "alt_name": null, "source": null, "building": null, "addr:housenumber": null, "wikidata": null, "wikipedia": null, "level": null, "branch": null, "check_date": null, "addr:city": null, "wikimedia_commons": null, "brand:en": null, "brand:hi": null, "brand:kn": null, "brand:pa": null, "brand:pnb": null, "brand:ur": null, "brand:wikipedia:pa": null, "name:hi": null, "name:kn": null, "name:pa": null, "name:pnb": null, "name:ur": null, "addr:suburb": null, "note": null, "phone": null, "addr:unit": null, "addr:district": null, "opening_hours": null, "email": null, "fax": null, "addr:city:ur": null, "contact:fax": null, "operator:ur": null, "short_name:ur": null, "description": null, "fixme": null, "check_date:opening_hours": null, "drive_through": null, "highway": null, "traffic_signals": null, "traffic_signals:direction": null, "name:zh": null, "air_conditioning": null, "wheelchair": null, "contact:phone": null, "not:brand:wikidata": null, "opening_hours:covid19": null, "name:mr": null, "internet_access": null, "internet_access:fee": null, "payment:cash": null, "payment:credit_cards": null, "payment:debit_cards": null, "opening_hours:signed": null, "official_name": null, "bank": null, "contact:email": null, "opening_hours:drive_through": null, "addr:floor": null, "building:levels": null }, "geometry": { "type": "Point", "coordinates": [ 72.864003, 19.1072757 ] } },
{ "type": "Feature", "properties": { "element": "node", "id": 4683441296, "amenity": "bank", "atm": "yes", "brand": "Punjab National Bank", "brand:wikidata": "Q2743499", "name": "Punjab National Bank", "operator": null, "brand:wikipedia": "en:Punjab National Bank", "short_name": "PNB", "website": "https://www.pnbindia.in", "name:en": "Punjab National Bank", "old_name": null, "addr:housename": null, "addr:postcode": null, "addr:street": "JB Nagar Road", "alt_name": null, "source": null, "building": null, "addr:housenumber": null, "wikidata": null, "wikipedia": null, "level": null, "branch": null, "check_date": null, "addr:city": null, "wikimedia_commons": null, "brand:en": null, "brand:hi": null, "brand:kn": null, "brand:pa": null, "brand:pnb": null, "brand:ur": null, "brand:wikipedia:pa": null, "name:hi": null, "name:kn": null, "name:pa": null, "name:pnb": null, "name:ur": null, "addr:suburb": null, "note": null, "phone": null, "addr:unit": null, "addr:district": null, "opening_hours": null, "email": null, "fax": null, "addr:city:ur": null, "contact:fax": null, "operator:ur": null, "short_name:ur": null, "description": null, "fixme": null, "check_date:opening_hours": null, "drive_through": null, "highway": null, "traffic_signals": null, "traffic_signals:direction": null, "name:zh": null, "air_conditioning": null, "wheelchair": null, "contact:phone": null, "not:brand:wikidata": null, "opening_hours:covid19": null, "name:mr": null, "internet_access": null, "internet_access:fee": null, "payment:cash": null, "payment:credit_cards": null, "payment:debit_cards": null, "opening_hours:signed": null, "official_name": null, "bank": null, "contact:email": null, "opening_hours:drive_through": null, "addr:floor": null, "building:levels": null }, "geometry": { "type": "Point", "coordinates": [ 72.8639437, 19.1074162 ] } },
{ "type": "Feature", "properties": { "element": "node", "id": 4713077091, "amenity": "bank", "atm": null, "brand": "Indian Bank", "brand:wikidata": "Q2003789", "name": "Indian Bank", "operator": null, "brand:wikipedia": null, "short_name": null, "website": null, "name:en": "Indian bank", "old_name": null, "addr:housename": null, "addr:postcode": null, "addr:street": "Sonawala Road", "alt_name": null, "source": null, "building": null, "addr:housenumber": null, "wikidata": null, "wikipedia": null, "level": null, "branch": null, "check_date": null, "addr:city": null, "wikimedia_commons": null, "brand:en": null, "brand:hi": null, "brand:kn": null, "brand:pa": null, "brand:pnb": null, "brand:ur": null, "brand:wikipedia:pa": null, "name:hi": null, "name:kn": null, "name:pa": null, "name:pnb": null, "name:ur": null, "addr:suburb": null, "note": null, "phone": null, "addr:unit": null, "addr:district": null, "opening_hours": null, "email": null, "fax": null, "addr:city:ur": null, "contact:fax": null, "operator:ur": null, "short_name:ur": null, "description": null, "fixme": null, "check_date:opening_hours": null, "drive_through": null, "highway": null, "traffic_signals": null, "traffic_signals:direction": null, "name:zh": null, "air_conditioning": null, "wheelchair": null, "contact:phone": null, "not:brand:wikidata": null, "opening_hours:covid19": null, "name:mr": null, "internet_access": null, "internet_access:fee": null, "payment:cash": null, "payment:credit_cards": null, "payment:debit_cards": null, "opening_hours:signed": null, "official_name": null, "bank": null, "contact:email": null, "opening_hours:drive_through": null, "addr:floor": null, "building:levels": null }, "geometry": { "type": "Point", "coordinates": [ 72.8507723, 19.1606673 ] } },
{ "type": "Feature", "properties": { "element": "node", "id": 4821879685, "amenity": "bank", "atm": "yes", "brand": "Indian Bank", "brand:wikidata": "Q2003789", "name": "Indian Bank", "operator": null, "brand:wikipedia": "en:Indian Bank", "short_name": null, "website": "https://www.indianbank.in/", "name:en": "Indian Bank", "old_name": null, "addr:housename": null, "addr:postcode": null, "addr:street": null, "alt_name": null, "source": null, "building": null, "addr:housenumber": null, "wikidata": null, "wikipedia": null, "level": null, "branch": null, "check_date": null, "addr:city": null, "wikimedia_commons": null, "brand:en": null, "brand:hi": null, "brand:kn": null, "brand:pa": null, "brand:pnb": null, "brand:ur": null, "brand:wikipedia:pa": null, "name:hi": null, "name:kn": null, "name:pa": null, "name:pnb": null, "name:ur": null, "addr:suburb": null, "note": null, "phone": null, "addr:unit": null, "addr:district": null, "opening_hours": null, "email": null, "fax": null, "addr:city:ur": null, "contact:fax": null, "operator:ur": null, "short_name:ur": null, "description": null, "fixme": null, "check_date:opening_hours": null, "drive_through": null, "highway": null, "traffic_signals": null, "traffic_signals:direction": null, "name:zh": null, "air_conditioning": null, "wheelchair": null, "contact:phone": null, "not:brand:wikidata": null, "opening_hours:covid19": null, "name:mr": null, "internet_access": null, "internet_access:fee": null, "payment:cash": null, "payment:credit_cards": null, "payment:debit_cards": null, "opening_hours:signed": null, "official_name": null, "bank": null, "contact:email": null, "opening_hours:drive_through": null, "addr:floor": null, "building:levels": null }, "geometry": { "type": "Point", "coordinates": [ 72.8454626, 19.0397947 ] } },
{ "type": "Feature", "properties": { "element": "node", "id": 4839324926, "amenity": "bank", "atm": null, "brand": "Western Union", "brand:wikidata": "Q861042", "name": "Western Union", "operator": null, "brand:wikipedia": null, "short_name": null, "website": null, "name:en": "Western Union", "old_name": null, "addr:housename": null, "addr:postcode": null, "addr:street": null, "alt_name": null, "source": null, "building": null, "addr:housenumber": null, "wikidata": null, "wikipedia": null, "level": null, "branch": null, "check_date": null, "addr:city": null, "wikimedia_commons": null, "brand:en": null, "brand:hi": null, "brand:kn": null, "brand:pa": null, "brand:pnb": null, "brand:ur": null, "brand:wikipedia:pa": null, "name:hi": null, "name:kn": null, "name:pa": null, "name:pnb": null, "name:ur": null, "addr:suburb": null, "note": null, "phone": null, "addr:unit": null, "addr:district": null, "opening_hours": null, "email": null, "fax": null, "addr:city:ur": null, "contact:fax": null, "operator:ur": null, "short_name:ur": null, "description": null, "fixme": null, "check_date:opening_hours": null, "drive_through": null, "highway": null, "traffic_signals": null, "traffic_signals:direction": null, "name:zh": null, "air_conditioning": null, "wheelchair": null, "contact:phone": null, "not:brand:wikidata": null, "opening_hours:covid19": null, "name:mr": null, "internet_access": null, "internet_access:fee": null, "payment:cash": null, "payment:credit_cards": null, "payment:debit_cards": null, "opening_hours:signed": null, "official_name": null, "bank": null, "contact:email": null, "opening_hours:drive_through": null, "addr:floor": null, "building:levels": null }, "geometry": { "type": "Point", "coordinates": [ 72.8314591, 18.9206019 ] } },
{ "type": "Feature", "properties": { "element": "node", "id": 4844717534, "amenity": "bank", "atm": null, "brand": null, "brand:wikidata": null, "name": null, "operator": null, "brand:wikipedia": null, "short_name": null, "website": null, "name:en": null, "old_name": null, "addr:housename": null, "addr:postcode": null, "addr:street": null, "alt_name": null, "source": null, "building": null, "addr:housenumber": null, "wikidata": null, "wikipedia": null, "level": null, "branch": null, "check_date": null, "addr:city": null, "wikimedia_commons": null, "brand:en": null, "brand:hi": null, "brand:kn": null, "brand:pa": null, "brand:pnb": null, "brand:ur": null, "brand:wikipedia:pa": null, "name:hi": null, "name:kn": null, "name:pa": null, "name:pnb": null, "name:ur": null, "addr:suburb": null, "note": null, "phone": null, "addr:unit": null, "addr:district": null, "opening_hours": null, "email": null, "fax": null, "addr:city:ur": null, "contact:fax": null, "operator:ur": null, "short_name:ur": null, "description": null, "fixme": null, "check_date:opening_hours": null, "drive_through": null, "highway": null, "traffic_signals": null, "traffic_signals:direction": null, "name:zh": null, "air_conditioning": null, "wheelchair": null, "contact:phone": null, "not:brand:wikidata": null, "opening_hours:covid19": null, "name:mr": null, "internet_access": null, "internet_access:fee": null, "payment:cash": null, "payment:credit_cards": null, "payment:debit_cards": null, "opening_hours:signed": null, "official_name": null, "bank": null, "contact:email": null, "opening_hours:drive_through": null, "addr:floor": null, "building:levels": null }, "geometry": { "type": "Point", "coordinates": [ 72.8209545, 18.9552415 ] } },
{ "type": "Feature", "properties": { "element": "node", "id": 4846878575, "amenity": "bank", "atm": "yes", "brand": "Axis Bank", "brand:wikidata": "Q2003549", "name": "Axis Bank", "operator": null, "brand:wikipedia": "en:Axis Bank", "short_name": null, "website": "https://www.axisbank.com", "name:en": "Axis Bank", "old_name": null, "addr:housename": null, "addr:postcode": null, "addr:street": null, "alt_name": null, "source": null, "building": null, "addr:housenumber": null, "wikidata": null, "wikipedia": null, "level": null, "branch": null, "check_date": null, "addr:city": null, "wikimedia_commons": null, "brand:en": null, "brand:hi": null, "brand:kn": null, "brand:pa": null, "brand:pnb": null, "brand:ur": null, "brand:wikipedia:pa": null, "name:hi": null, "name:kn": null, "name:pa": null, "name:pnb": null, "name:ur": null, "addr:suburb": null, "note": null, "phone": null, "addr:unit": null, "addr:district": null, "opening_hours": null, "email": null, "fax": null, "addr:city:ur": null, "contact:fax": null, "operator:ur": null, "short_name:ur": null, "description": null, "fixme": null, "check_date:opening_hours": null, "drive_through": null, "highway": null, "traffic_signals": null, "traffic_signals:direction": null, "name:zh": null, "air_conditioning": null, "wheelchair": null, "contact:phone": null, "not:brand:wikidata": null, "opening_hours:covid19": null, "name:mr": null, "internet_access": null, "internet_access:fee": null, "payment:cash": null, "payment:credit_cards": null, "payment:debit_cards": null, "opening_hours:signed": null, "official_name": null, "bank": null, "contact:email": null, "opening_hours:drive_through": null, "addr:floor": null, "building:levels": null }, "geometry": { "type": "Point", "coordinates": [ 72.8418734, 19.0395733 ] } },
{ "type": "Feature", "properties": { "element": "node", "id": 4846908728, "amenity": "bank", "atm": "yes", "brand": null, "brand:wikidata": null, "name": "Punjab & Maharashtra Co-operative Bank", "operator": null, "brand:wikipedia": null, "short_name": null, "website": null, "name:en": null, "old_name": null, "addr:housename": null, "addr:postcode": null, "addr:street": null, "alt_name": null, "source": null, "building": null, "addr:housenumber": null, "wikidata": null, "wikipedia": null, "level": null, "branch": null, "check_date": "2026-03-20", "addr:city": null, "wikimedia_commons": null, "brand:en": null, "brand:hi": null, "brand:kn": null, "brand:pa": null, "brand:pnb": null, "brand:ur": null, "brand:wikipedia:pa": null, "name:hi": null, "name:kn": null, "name:pa": null, "name:pnb": null, "name:ur": null, "addr:suburb": null, "note": null, "phone": null, "addr:unit": null, "addr:district": null, "opening_hours": null, "email": null, "fax": null, "addr:city:ur": null, "contact:fax": null, "operator:ur": null, "short_name:ur": null, "description": null, "fixme": null, "check_date:opening_hours": null, "drive_through": null, "highway": null, "traffic_signals": null, "traffic_signals:direction": null, "name:zh": null, "air_conditioning": null, "wheelchair": null, "contact:phone": null, "not:brand:wikidata": null, "opening_hours:covid19": null, "name:mr": null, "internet_access": null, "internet_access:fee": null, "payment:cash": null, "payment:credit_cards": null, "payment:debit_cards": null, "opening_hours:signed": null, "official_name": null, "bank": null, "contact:email": null, "opening_hours:drive_through": null, "addr:floor": null, "building:levels": null }, "geometry": { "type": "Point", "coordinates": [ 72.8610144, 19.0354533 ] } },
{ "type": "Feature", "properties": { "element": "node", "id": 4848773728, "amenity": "bank", "atm": "yes", "brand": "Karnataka Bank", "brand:wikidata": "Q2042632", "name": "Karnataka Bank", "operator": null, "brand:wikipedia": null, "short_name": null, "website": null, "name:en": null, "old_name": null, "addr:housename": null, "addr:postcode": null, "addr:street": null, "alt_name": null, "source": null, "building": null, "addr:housenumber": null, "wikidata": null, "wikipedia": null, "level": null, "branch": "Sion (E)", "check_date": "2026-03-20", "addr:city": null, "wikimedia_commons": null, "brand:en": null, "brand:hi": null, "brand:kn": null, "brand:pa": null, "brand:pnb": null, "brand:ur": null, "brand:wikipedia:pa": null, "name:hi": null, "name:kn": null, "name:pa": null, "name:pnb": null, "name:ur": null, "addr:suburb": null, "note": null, "phone": null, "addr:unit": null, "addr:district": null, "opening_hours": null, "email": null, "fax": null, "addr:city:ur": null, "contact:fax": null, "operator:ur": null, "short_name:ur": null, "description": null, "fixme": null, "check_date:opening_hours": null, "drive_through": null, "highway": null, "traffic_signals": null, "traffic_signals:direction": null, "name:zh": null, "air_conditioning": null, "wheelchair": null, "contact:phone": null, "not:brand:wikidata": null, "opening_hours:covid19": null, "name:mr": null, "internet_access": null, "internet_access:fee": null, "payment:cash": null, "payment:credit_cards": null, "payment:debit_cards": null, "opening_hours:signed": null, "official_name": null, "bank": null, "contact:email": null, "opening_hours:drive_through": null, "addr:floor": null, "building:levels": null }, "geometry": { "type": "Point", "coordinates": [ 72.8614005, 19.035845 ] } },
{ "type": "Feature", "properties": { "element": "node", "id": 4874452534, "amenity": "bank", "atm": "yes", "brand": null, "brand:wikidata": "Q3595747", "name": "Dena Bank", "operator": null, "brand:wikipedia": "en:Dena Bank", "short_name": null, "website": "http://www.denabank.com", "name:en": "Dena Bank", "old_name": null, "addr:housename": null, "addr:postcode": null, "addr:street": "Mahatma Gandhi Road", "alt_name": null, "source": null, "building": null, "addr:housenumber": null, "wikidata": null, "wikipedia": null, "level": null, "branch": null, "check_date": null, "addr:city": null, "wikimedia_commons": null, "brand:en": null, "brand:hi": null, "brand:kn": null, "brand:pa": null, "brand:pnb": null, "brand:ur": null, "brand:wikipedia:pa": null, "name:hi": null, "name:kn": null, "name:pa": null, "name:pnb": null, "name:ur": null, "addr:suburb": null, "note": null, "phone": null, "addr:unit": null, "addr:district": null, "opening_hours": null, "email": null, "fax": null, "addr:city:ur": null, "contact:fax": null, "operator:ur": null, "short_name:ur": null, "description": null, "fixme": null, "check_date:opening_hours": null, "drive_through": null, "highway": null, "traffic_signals": null, "traffic_signals:direction": null, "name:zh": null, "air_conditioning": null, "wheelchair": null, "contact:phone": null, "not:brand:wikidata": null, "opening_hours:covid19": null, "name:mr": null, "internet_access": null, "internet_access:fee": null, "payment:cash": null, "payment:credit_cards": null, "payment:debit_cards": null, "opening_hours:signed": null, "official_name": null, "bank": null, "contact:email": null, "opening_hours:drive_through": null, "addr:floor": null, "building:levels": null }, "geometry": { "type": "Point", "coordinates": [ 72.8493806, 19.2042481 ] } },
{ "type": "Feature", "properties": { "element": "node", "id": 4909995120, "amenity": "bank", "atm": "yes", "brand": "Indian Bank", "brand:wikidata": "Q2003789", "name": "Indian Bank", "operator": null, "brand:wikipedia": "en:Indian Bank", "short_name": null, "website": "https://www.indianbank.in/", "name:en": "Indian Bank", "old_name": null, "addr:housename": null, "addr:postcode": null, "addr:street": null, "alt_name": null, "source": null, "building": null, "addr:housenumber": null, "wikidata": null, "wikipedia": null, "level": null, "branch": null, "check_date": null, "addr:city": null, "wikimedia_commons": null, "brand:en": null, "brand:hi": null, "brand:kn": null, "brand:pa": null, "brand:pnb": null, "brand:ur": null, "brand:wikipedia:pa": null, "name:hi": null, "name:kn": null, "name:pa": null, "name:pnb": null, "name:ur": null, "addr:suburb": null, "note": null, "phone": null, "addr:unit": null, "addr:district": null, "opening_hours": null, "email": null, "fax": null, "addr:city:ur": null, "contact:fax": null, "operator:ur": null, "short_name:ur": null, "description": null, "fixme": null, "check_date:opening_hours": null, "drive_through": null, "highway": null, "traffic_signals": null, "traffic_signals:direction": null, "name:zh": null, "air_conditioning": null, "wheelchair": null, "contact:phone": null, "not:brand:wikidata": null, "opening_hours:covid19": null, "name:mr": null, "internet_access": null, "internet_access:fee": null, "payment:cash": null, "payment:credit_cards": null, "payment:debit_cards": null, "opening_hours:signed": null, "official_name": null, "bank": null, "contact:email": null, "opening_hours:drive_through": null, "addr:floor": null, "building:levels": null }, "geometry": { "type": "Point", "coordinates": [ 72.8413985, 19.2027664 ] } },
{ "type": "Feature", "properties": { "element": "node", "id": 4922989526, "amenity": "bank", "atm": "yes", "brand": null, "brand:wikidata": null, "name": "Dena Bank", "operator": "Dena Bank", "brand:wikipedia": null, "short_name": null, "website": null, "name:en": null, "old_name": null, "addr:housename": null, "addr:postcode": "400036", "addr:street": "Napean Sea Road", "alt_name": null, "source": null, "building": null, "addr:housenumber": null, "wikidata": null, "wikipedia": null, "level": null, "branch": null, "check_date": null, "addr:city": "Mumbai", "wikimedia_commons": null, "brand:en": null, "brand:hi": null, "brand:kn": null, "brand:pa": null, "brand:pnb": null, "brand:ur": null, "brand:wikipedia:pa": null, "name:hi": null, "name:kn": null, "name:pa": null, "name:pnb": null, "name:ur": null, "addr:suburb": null, "note": null, "phone": null, "addr:unit": null, "addr:district": null, "opening_hours": "Mo-Sa 09:00-15:30", "email": null, "fax": null, "addr:city:ur": null, "contact:fax": null, "operator:ur": null, "short_name:ur": null, "description": null, "fixme": null, "check_date:opening_hours": null, "drive_through": "no", "highway": null, "traffic_signals": null, "traffic_signals:direction": null, "name:zh": null, "air_conditioning": null, "wheelchair": null, "contact:phone": null, "not:brand:wikidata": null, "opening_hours:covid19": null, "name:mr": null, "internet_access": null, "internet_access:fee": null, "payment:cash": null, "payment:credit_cards": null, "payment:debit_cards": null, "opening_hours:signed": null, "official_name": null, "bank": null, "contact:email": null, "opening_hours:drive_through": null, "addr:floor": null, "building:levels": null }, "geometry": { "type": "Point", "coordinates": [ 72.8011417, 18.9601616 ] } },
{ "type": "Feature", "properties": { "element": "node", "id": 5038350524, "amenity": "bank", "atm": null, "brand": null, "brand:wikidata": null, "name": null, "operator": null, "brand:wikipedia": null, "short_name": null, "website": null, "name:en": null, "old_name": null, "addr:housename": null, "addr:postcode": null, "addr:street": null, "alt_name": null, "source": null, "building": null, "addr:housenumber": null, "wikidata": null, "wikipedia": null, "level": null, "branch": null, "check_date": null, "addr:city": null, "wikimedia_commons": null, "brand:en": null, "brand:hi": null, "brand:kn": null, "brand:pa": null, "brand:pnb": null, "brand:ur": null, "brand:wikipedia:pa": null, "name:hi": null, "name:kn": null, "name:pa": null, "name:pnb": null, "name:ur": null, "addr:suburb": null, "note": null, "phone": null, "addr:unit": null, "addr:district": null, "opening_hours": null, "email": null, "fax": null, "addr:city:ur": null, "contact:fax": null, "operator:ur": null, "short_name:ur": null, "description": null, "fixme": null, "check_date:opening_hours": null, "drive_through": null, "highway": null, "traffic_signals": null, "traffic_signals:direction": null, "name:zh": "換錢的珠寶店", "air_conditioning": null, "wheelchair": null, "contact:phone": null, "not:brand:wikidata": null, "opening_hours:covid19": null, "name:mr": null, "internet_access": null, "internet_access:fee": null, "payment:cash": null, "payment:credit_cards": null, "payment:debit_cards": null, "opening_hours:signed": null, "official_name": null, "bank": null, "contact:email": null, "opening_hours:drive_through": null, "addr:floor": null, "building:levels": null }, "geometry": { "type": "Point", "coordinates": [ 72.8373314, 18.9618234 ] } },
{ "type": "Feature", "properties": { "element": "node", "id": 5083628481, "amenity": "bank", "atm": "yes", "brand": null, "brand:wikidata": null, "name": "Union Bank", "operator": null, "brand:wikipedia": null, "short_name": null, "website": null, "name:en": null, "old_name": null, "addr:housename": null, "addr:postcode": null, "addr:street": null, "alt_name": null, "source": null, "building": null, "addr:housenumber": null, "wikidata": null, "wikipedia": null, "level": null, "branch": null, "check_date": null, "addr:city": null, "wikimedia_commons": null, "brand:en": null, "brand:hi": null, "brand:kn": null, "brand:pa": null, "brand:pnb": null, "brand:ur": null, "brand:wikipedia:pa": null, "name:hi": null, "name:kn": null, "name:pa": null, "name:pnb": null, "name:ur": null, "addr:suburb": null, "note": null, "phone": null, "addr:unit": null, "addr:district": null, "opening_hours": null, "email": null, "fax": null, "addr:city:ur": null, "contact:fax": null, "operator:ur": null, "short_name:ur": null, "description": null, "fixme": null, "check_date:opening_hours": null, "drive_through": null, "highway": null, "traffic_signals": null, "traffic_signals:direction": null, "name:zh": null, "air_conditioning": null, "wheelchair": null, "contact:phone": null, "not:brand:wikidata": null, "opening_hours:covid19": null, "name:mr": null, "internet_access": null, "internet_access:fee": null, "payment:cash": null, "payment:credit_cards": null, "payment:debit_cards": null, "opening_hours:signed": null, "official_name": null, "bank": null, "contact:email": null, "opening_hours:drive_through": null, "addr:floor": null, "building:levels": null }, "geometry": { "type": "Point", "coordinates": [ 72.8415847, 19.2043168 ] } },
{ "type": "Feature", "properties": { "element": "node", "id": 5085177321, "amenity": "bank", "atm": null, "brand": "Axis Bank", "brand:wikidata": "Q2003549", "name": "Axis Bank", "operator": null, "brand:wikipedia": null, "short_name": null, "website": "https://www.axisbank.com/", "name:en": "Axis Bank", "old_name": null, "addr:housename": null, "addr:postcode": null, "addr:street": "Nesbit Road", "alt_name": null, "source": null, "building": null, "addr:housenumber": null, "wikidata": null, "wikipedia": null, "level": null, "branch": null, "check_date": null, "addr:city": null, "wikimedia_commons": null, "brand:en": null, "brand:hi": null, "brand:kn": null, "brand:pa": null, "brand:pnb": null, "brand:ur": null, "brand:wikipedia:pa": null, "name:hi": null, "name:kn": null, "name:pa": null, "name:pnb": null, "name:ur": null, "addr:suburb": null, "note": null, "phone": null, "addr:unit": null, "addr:district": null, "opening_hours": null, "email": null, "fax": null, "addr:city:ur": null, "contact:fax": null, "operator:ur": null, "short_name:ur": null, "description": null, "fixme": null, "check_date:opening_hours": null, "drive_through": null, "highway": null, "traffic_signals": null, "traffic_signals:direction": null, "name:zh": null, "air_conditioning": null, "wheelchair": null, "contact:phone": null, "not:brand:wikidata": null, "opening_hours:covid19": null, "name:mr": null, "internet_access": null, "internet_access:fee": null, "payment:cash": null, "payment:credit_cards": null, "payment:debit_cards": null, "opening_hours:signed": null, "official_name": null, "bank": null, "contact:email": null, "opening_hours:drive_through": null, "addr:floor": null, "building:levels": null }, "geometry": { "type": "Point", "coordinates": [ 72.8417713, 18.9684855 ] } },
{ "type": "Feature", "properties": { "element": "node", "id": 5085177521, "amenity": "bank", "atm": null, "brand": "HDFC Bank", "brand:wikidata": "Q631047", "name": "HDFC Bank", "operator": null, "brand:wikipedia": null, "short_name": "HDFC", "website": null, "name:en": "HDFC Bank", "old_name": null, "addr:housename": null, "addr:postcode": null, "addr:street": "Nesbit Road", "alt_name": null, "source": null, "building": null, "addr:housenumber": null, "wikidata": null, "wikipedia": null, "level": null, "branch": null, "check_date": null, "addr:city": null, "wikimedia_commons": null, "brand:en": null, "brand:hi": null, "brand:kn": null, "brand:pa": null, "brand:pnb": null, "brand:ur": null, "brand:wikipedia:pa": null, "name:hi": null, "name:kn": null, "name:pa": null, "name:pnb": null, "name:ur": null, "addr:suburb": null, "note": null, "phone": null, "addr:unit": null, "addr:district": null, "opening_hours": null, "email": null, "fax": null, "addr:city:ur": null, "contact:fax": null, "operator:ur": null, "short_name:ur": null, "description": null, "fixme": null, "check_date:opening_hours": null, "drive_through": null, "highway": null, "traffic_signals": null, "traffic_signals:direction": null, "name:zh": null, "air_conditioning": null, "wheelchair": null, "contact:phone": null, "not:brand:wikidata": null, "opening_hours:covid19": null, "name:mr": null, "internet_access": null, "internet_access:fee": null, "payment:cash": null, "payment:credit_cards": null, "payment:debit_cards": null, "opening_hours:signed": null, "official_name": null, "bank": null, "contact:email": null, "opening_hours:drive_through": null, "addr:floor": null, "building:levels": null }, "geometry": { "type": "Point", "coordinates": [ 72.8411249, 18.9684642 ] } },
{ "type": "Feature", "properties": { "element": "node", "id": 5158410257, "amenity": "bank", "atm": "yes", "brand": "State Bank of India", "brand:wikidata": "Q1340361", "name": "State Bank of India", "operator": "SBI", "brand:wikipedia": null, "short_name": "SBI", "website": null, "name:en": null, "old_name": null, "addr:housename": null, "addr:postcode": "400067", "addr:street": "Irani Wadi Road No 3", "alt_name": null, "source": null, "building": null, "addr:housenumber": null, "wikidata": null, "wikipedia": null, "level": null, "branch": null, "check_date": null, "addr:city": "Kandivali (West)", "wikimedia_commons": null, "brand:en": null, "brand:hi": null, "brand:kn": null, "brand:pa": null, "brand:pnb": null, "brand:ur": null, "brand:wikipedia:pa": null, "name:hi": null, "name:kn": null, "name:pa": null, "name:pnb": null, "name:ur": null, "addr:suburb": null, "note": null, "phone": null, "addr:unit": null, "addr:district": "mumbai", "opening_hours": "Mo-Fr 09:00-18:00", "email": null, "fax": null, "addr:city:ur": null, "contact:fax": null, "operator:ur": null, "short_name:ur": null, "description": null, "fixme": null, "check_date:opening_hours": null, "drive_through": "no", "highway": null, "traffic_signals": null, "traffic_signals:direction": null, "name:zh": null, "air_conditioning": "yes", "wheelchair": null, "contact:phone": null, "not:brand:wikidata": null, "opening_hours:covid19": null, "name:mr": null, "internet_access": null, "internet_access:fee": null, "payment:cash": null, "payment:credit_cards": null, "payment:debit_cards": null, "opening_hours:signed": null, "official_name": null, "bank": null, "contact:email": null, "opening_hours:drive_through": null, "addr:floor": null, "building:levels": null }, "geometry": { "type": "Point", "coordinates": [ 72.8392504, 19.2028218 ] } },
{ "type": "Feature", "properties": { "element": "node", "id": 5185427021, "amenity": "bank", "atm": null, "brand": null, "brand:wikidata": null, "name": null, "operator": null, "brand:wikipedia": null, "short_name": null, "website": null, "name:en": "Punjab bank", "old_name": null, "addr:housename": null, "addr:postcode": null, "addr:street": "Maharashtra", "alt_name": null, "source": null, "building": null, "addr:housenumber": "400050", "wikidata": null, "wikipedia": null, "level": null, "branch": null, "check_date": null, "addr:city": null, "wikimedia_commons": null, "brand:en": null, "brand:hi": null, "brand:kn": null, "brand:pa": null, "brand:pnb": null, "brand:ur": null, "brand:wikipedia:pa": null, "name:hi": null, "name:kn": null, "name:pa": null, "name:pnb": null, "name:ur": null, "addr:suburb": null, "note": null, "phone": null, "addr:unit": null, "addr:district": null, "opening_hours": null, "email": null, "fax": null, "addr:city:ur": null, "contact:fax": null, "operator:ur": null, "short_name:ur": null, "description": null, "fixme": null, "check_date:opening_hours": null, "drive_through": null, "highway": null, "traffic_signals": null, "traffic_signals:direction": null, "name:zh": null, "air_conditioning": null, "wheelchair": null, "contact:phone": null, "not:brand:wikidata": null, "opening_hours:covid19": null, "name:mr": null, "internet_access": null, "internet_access:fee": null, "payment:cash": null, "payment:credit_cards": null, "payment:debit_cards": null, "opening_hours:signed": null, "official_name": null, "bank": null, "contact:email": null, "opening_hours:drive_through": null, "addr:floor": null, "building:levels": null }, "geometry": { "type": "Point", "coordinates": [ 72.8334568, 19.0681994 ] } },
{ "type": "Feature", "properties": { "element": "node", "id": 5219090121, "amenity": "bank", "atm": null, "brand": "Bank of Maharashtra", "brand:wikidata": "Q2004304", "name": "Bank of Maharashtra", "operator": null, "brand:wikipedia": null, "short_name": null, "website": null, "name:en": "Bank of Maharashtra", "old_name": null, "addr:housename": null, "addr:postcode": null, "addr:street": "Mamledar wadi Road", "alt_name": null, "source": null, "building": null, "addr:housenumber": null, "wikidata": null, "wikipedia": null, "level": null, "branch": null, "check_date": null, "addr:city": null, "wikimedia_commons": null, "brand:en": null, "brand:hi": null, "brand:kn": null, "brand:pa": null, "brand:pnb": null, "brand:ur": null, "brand:wikipedia:pa": null, "name:hi": null, "name:kn": null, "name:pa": null, "name:pnb": null, "name:ur": null, "addr:suburb": null, "note": null, "phone": null, "addr:unit": null, "addr:district": null, "opening_hours": null, "email": null, "fax": null, "addr:city:ur": null, "contact:fax": null, "operator:ur": null, "short_name:ur": null, "description": null, "fixme": null, "check_date:opening_hours": null, "drive_through": null, "highway": null, "traffic_signals": null, "traffic_signals:direction": null, "name:zh": null, "air_conditioning": null, "wheelchair": null, "contact:phone": null, "not:brand:wikidata": null, "opening_hours:covid19": null, "name:mr": null, "internet_access": null, "internet_access:fee": null, "payment:cash": null, "payment:credit_cards": null, "payment:debit_cards": null, "opening_hours:signed": null, "official_name": null, "bank": null, "contact:email": null, "opening_hours:drive_through": null, "addr:floor": null, "building:levels": null }, "geometry": { "type": "Point", "coordinates": [ 72.8431282, 19.1874618 ] } },
{ "type": "Feature", "properties": { "element": "node", "id": 5236295949, "amenity": "bank", "atm": "yes", "brand": "HDFC Bank", "brand:wikidata": "Q631047", "name": "HDFC Bank", "operator": null, "brand:wikipedia": null, "short_name": "HDFC", "website": null, "name:en": null, "old_name": null, "addr:housename": null, "addr:postcode": null, "addr:street": null, "alt_name": null, "source": null, "building": null, "addr:housenumber": null, "wikidata": null, "wikipedia": null, "level": null, "branch": null, "check_date": null, "addr:city": null, "wikimedia_commons": null, "brand:en": null, "brand:hi": null, "brand:kn": null, "brand:pa": null, "brand:pnb": null, "brand:ur": null, "brand:wikipedia:pa": null, "name:hi": null, "name:kn": null, "name:pa": null, "name:pnb": null, "name:ur": null, "addr:suburb": null, "note": null, "phone": null, "addr:unit": null, "addr:district": null, "opening_hours": null, "email": null, "fax": null, "addr:city:ur": null, "contact:fax": null, "operator:ur": null, "short_name:ur": null, "description": null, "fixme": null, "check_date:opening_hours": null, "drive_through": null, "highway": null, "traffic_signals": null, "traffic_signals:direction": null, "name:zh": null, "air_conditioning": null, "wheelchair": null, "contact:phone": null, "not:brand:wikidata": null, "opening_hours:covid19": null, "name:mr": null, "internet_access": null, "internet_access:fee": null, "payment:cash": null, "payment:credit_cards": null, "payment:debit_cards": null, "opening_hours:signed": null, "official_name": null, "bank": null, "contact:email": null, "opening_hours:drive_through": null, "addr:floor": null, "building:levels": null }, "geometry": { "type": "Point", "coordinates": [ 72.8481913, 19.1989353 ] } },
{ "type": "Feature", "properties": { "element": "node", "id": 5236295950, "amenity": "bank", "atm": "yes", "brand": "Kotak Mahindra Bank", "brand:wikidata": "Q2040404", "name": "Kotak Mahindra Bank", "operator": null, "brand:wikipedia": null, "short_name": null, "website": null, "name:en": null, "old_name": null, "addr:housename": null, "addr:postcode": null, "addr:street": null, "alt_name": null, "source": null, "building": null, "addr:housenumber": null, "wikidata": null, "wikipedia": null, "level": null, "branch": null, "check_date": null, "addr:city": null, "wikimedia_commons": null, "brand:en": null, "brand:hi": null, "brand:kn": null, "brand:pa": null, "brand:pnb": null, "brand:ur": null, "brand:wikipedia:pa": null, "name:hi": null, "name:kn": null, "name:pa": null, "name:pnb": null, "name:ur": null, "addr:suburb": null, "note": null, "phone": null, "addr:unit": null, "addr:district": null, "opening_hours": null, "email": null, "fax": null, "addr:city:ur": null, "contact:fax": null, "operator:ur": null, "short_name:ur": null, "description": null, "fixme": null, "check_date:opening_hours": null, "drive_through": null, "highway": null, "traffic_signals": null, "traffic_signals:direction": null, "name:zh": null, "air_conditioning": null, "wheelchair": null, "contact:phone": null, "not:brand:wikidata": null, "opening_hours:covid19": null, "name:mr": null, "internet_access": null, "internet_access:fee": null, "payment:cash": null, "payment:credit_cards": null, "payment:debit_cards": null, "opening_hours:signed": null, "official_name": null, "bank": null, "contact:email": null, "opening_hours:drive_through": null, "addr:floor": null, "building:levels": null }, "geometry": { "type": "Point", "coordinates": [ 72.8482082, 19.1989959 ] } },
{ "type": "Feature", "properties": { "element": "node", "id": 5236297491, "amenity": "bank", "atm": "yes", "brand": "Bank of Baroda", "brand:wikidata": "Q2003797", "name": "Bank of Baroda", "operator": null, "brand:wikipedia": null, "short_name": null, "website": null, "name:en": null, "old_name": null, "addr:housename": null, "addr:postcode": null, "addr:street": null, "alt_name": null, "source": null, "building": null, "addr:housenumber": null, "wikidata": null, "wikipedia": null, "level": null, "branch": null, "check_date": null, "addr:city": null, "wikimedia_commons": null, "brand:en": null, "brand:hi": null, "brand:kn": null, "brand:pa": null, "brand:pnb": null, "brand:ur": null, "brand:wikipedia:pa": null, "name:hi": null, "name:kn": null, "name:pa": null, "name:pnb": null, "name:ur": null, "addr:suburb": null, "note": null, "phone": null, "addr:unit": null, "addr:district": null, "opening_hours": null, "email": null, "fax": null, "addr:city:ur": null, "contact:fax": null, "operator:ur": null, "short_name:ur": null, "description": null, "fixme": null, "check_date:opening_hours": null, "drive_through": null, "highway": null, "traffic_signals": null, "traffic_signals:direction": null, "name:zh": null, "air_conditioning": null, "wheelchair": null, "contact:phone": null, "not:brand:wikidata": null, "opening_hours:covid19": null, "name:mr": null, "internet_access": null, "internet_access:fee": null, "payment:cash": null, "payment:credit_cards": null, "payment:debit_cards": null, "opening_hours:signed": null, "official_name": null, "bank": null, "contact:email": null, "opening_hours:drive_through": null, "addr:floor": null, "building:levels": null }, "geometry": { "type": "Point", "coordinates": [ 72.8486557, 19.198706 ] } },
{ "type": "Feature", "properties": { "element": "node", "id": 5236297827, "amenity": "bank", "atm": "yes", "brand": "State Bank of India", "brand:wikidata": "Q1340361", "name": "State Bank of India", "operator": "State Bank of India", "brand:wikipedia": null, "short_name": "SBI", "website": null, "name:en": null, "old_name": null, "addr:housename": null, "addr:postcode": null, "addr:street": null, "alt_name": null, "source": null, "building": null, "addr:housenumber": null, "wikidata": null, "wikipedia": null, "level": null, "branch": null, "check_date": null, "addr:city": null, "wikimedia_commons": null, "brand:en": null, "brand:hi": null, "brand:kn": null, "brand:pa": null, "brand:pnb": null, "brand:ur": null, "brand:wikipedia:pa": null, "name:hi": null, "name:kn": null, "name:pa": null, "name:pnb": null, "name:ur": null, "addr:suburb": null, "note": null, "phone": null, "addr:unit": null, "addr:district": null, "opening_hours": null, "email": null, "fax": null, "addr:city:ur": null, "contact:fax": null, "operator:ur": null, "short_name:ur": null, "description": null, "fixme": null, "check_date:opening_hours": null, "drive_through": null, "highway": null, "traffic_signals": null, "traffic_signals:direction": null, "name:zh": null, "air_conditioning": null, "wheelchair": null, "contact:phone": null, "not:brand:wikidata": null, "opening_hours:covid19": null, "name:mr": null, "internet_access": null, "internet_access:fee": null, "payment:cash": null, "payment:credit_cards": null, "payment:debit_cards": null, "opening_hours:signed": null, "official_name": null, "bank": null, "contact:email": null, "opening_hours:drive_through": null, "addr:floor": null, "building:levels": null }, "geometry": { "type": "Point", "coordinates": [ 72.8482288, 19.1990695 ] } },
{ "type": "Feature", "properties": { "element": "node", "id": 5236304708, "amenity": "bank", "atm": null, "brand": "ICICI Bank", "brand:wikidata": "Q1653258", "name": "ICICI Bank", "operator": null, "brand:wikipedia": null, "short_name": "ICICI", "website": null, "name:en": null, "old_name": null, "addr:housename": null, "addr:postcode": null, "addr:street": null, "alt_name": null, "source": null, "building": null, "addr:housenumber": null, "wikidata": null, "wikipedia": null, "level": null, "branch": null, "check_date": null, "addr:city": null, "wikimedia_commons": null, "brand:en": null, "brand:hi": null, "brand:kn": null, "brand:pa": null, "brand:pnb": null, "brand:ur": null, "brand:wikipedia:pa": null, "name:hi": null, "name:kn": null, "name:pa": null, "name:pnb": null, "name:ur": null, "addr:suburb": null, "note": null, "phone": null, "addr:unit": null, "addr:district": null, "opening_hours": null, "email": null, "fax": null, "addr:city:ur": null, "contact:fax": null, "operator:ur": null, "short_name:ur": null, "description": null, "fixme": null, "check_date:opening_hours": null, "drive_through": null, "highway": null, "traffic_signals": null, "traffic_signals:direction": null, "name:zh": null, "air_conditioning": null, "wheelchair": null, "contact:phone": null, "not:brand:wikidata": null, "opening_hours:covid19": null, "name:mr": null, "internet_access": null, "internet_access:fee": null, "payment:cash": null, "payment:credit_cards": null, "payment:debit_cards": null, "opening_hours:signed": null, "official_name": null, "bank": null, "contact:email": null, "opening_hours:drive_through": null, "addr:floor": null, "building:levels": null }, "geometry": { "type": "Point", "coordinates": [ 72.847674, 19.2011225 ] } },
{ "type": "Feature", "properties": { "element": "node", "id": 5238415227, "amenity": "bank", "atm": null, "brand": "Union Bank of India", "brand:wikidata": "Q2004078", "name": "Union Bank of India", "operator": null, "brand:wikipedia": null, "short_name": null, "website": null, "name:en": null, "old_name": null, "addr:housename": null, "addr:postcode": "400050", "addr:street": "St Sebastian Road", "alt_name": null, "source": null, "building": null, "addr:housenumber": null, "wikidata": null, "wikipedia": null, "level": null, "branch": null, "check_date": null, "addr:city": "Mumbai", "wikimedia_commons": null, "brand:en": null, "brand:hi": null, "brand:kn": null, "brand:pa": null, "brand:pnb": null, "brand:ur": null, "brand:wikipedia:pa": null, "name:hi": null, "name:kn": null, "name:pa": null, "name:pnb": null, "name:ur": null, "addr:suburb": null, "note": null, "phone": null, "addr:unit": null, "addr:district": null, "opening_hours": null, "email": null, "fax": null, "addr:city:ur": null, "contact:fax": null, "operator:ur": null, "short_name:ur": null, "description": null, "fixme": null, "check_date:opening_hours": null, "drive_through": null, "highway": null, "traffic_signals": null, "traffic_signals:direction": null, "name:zh": null, "air_conditioning": null, "wheelchair": null, "contact:phone": null, "not:brand:wikidata": null, "opening_hours:covid19": null, "name:mr": null, "internet_access": null, "internet_access:fee": null, "payment:cash": null, "payment:credit_cards": null, "payment:debit_cards": null, "opening_hours:signed": null, "official_name": null, "bank": null, "contact:email": null, "opening_hours:drive_through": null, "addr:floor": null, "building:levels": null }, "geometry": { "type": "Point", "coordinates": [ 72.8250811, 19.0513608 ] } },
{ "type": "Feature", "properties": { "element": "node", "id": 5256641024, "amenity": "bank", "atm": "yes", "brand": "Bank of India", "brand:wikidata": "Q2004439", "name": "Bank of India", "operator": "Bank of India", "brand:wikipedia": "en:Bank of India", "short_name": null, "website": "https://www.bankofindia.co.in/", "name:en": null, "old_name": null, "addr:housename": null, "addr:postcode": "400050", "addr:street": "St John Baptist Road", "alt_name": null, "source": null, "building": null, "addr:housenumber": null, "wikidata": null, "wikipedia": null, "level": null, "branch": null, "check_date": null, "addr:city": "Mumbai", "wikimedia_commons": null, "brand:en": null, "brand:hi": null, "brand:kn": null, "brand:pa": null, "brand:pnb": null, "brand:ur": null, "brand:wikipedia:pa": null, "name:hi": null, "name:kn": null, "name:pa": null, "name:pnb": null, "name:ur": null, "addr:suburb": null, "note": null, "phone": null, "addr:unit": null, "addr:district": null, "opening_hours": null, "email": null, "fax": null, "addr:city:ur": null, "contact:fax": null, "operator:ur": null, "short_name:ur": null, "description": null, "fixme": null, "check_date:opening_hours": null, "drive_through": null, "highway": null, "traffic_signals": null, "traffic_signals:direction": null, "name:zh": null, "air_conditioning": null, "wheelchair": null, "contact:phone": null, "not:brand:wikidata": null, "opening_hours:covid19": null, "name:mr": null, "internet_access": null, "internet_access:fee": null, "payment:cash": null, "payment:credit_cards": null, "payment:debit_cards": null, "opening_hours:signed": null, "official_name": null, "bank": null, "contact:email": null, "opening_hours:drive_through": null, "addr:floor": null, "building:levels": null }, "geometry": { "type": "Point", "coordinates": [ 72.8260689, 19.0482585 ] } },
{ "type": "Feature", "properties": { "element": "node", "id": 5268302360, "amenity": "bank", "atm": "yes", "brand": "ICICI Bank", "brand:wikidata": "Q1653258", "name": "ICICI Bank", "operator": null, "brand:wikipedia": null, "short_name": "ICICI", "website": null, "name:en": null, "old_name": null, "addr:housename": null, "addr:postcode": null, "addr:street": null, "alt_name": null, "source": null, "building": null, "addr:housenumber": null, "wikidata": null, "wikipedia": null, "level": null, "branch": null, "check_date": null, "addr:city": null, "wikimedia_commons": null, "brand:en": null, "brand:hi": null, "brand:kn": null, "brand:pa": null, "brand:pnb": null, "brand:ur": null, "brand:wikipedia:pa": null, "name:hi": null, "name:kn": null, "name:pa": null, "name:pnb": null, "name:ur": null, "addr:suburb": null, "note": null, "phone": null, "addr:unit": null, "addr:district": null, "opening_hours": null, "email": null, "fax": null, "addr:city:ur": null, "contact:fax": null, "operator:ur": null, "short_name:ur": null, "description": null, "fixme": null, "check_date:opening_hours": null, "drive_through": "yes", "highway": null, "traffic_signals": null, "traffic_signals:direction": null, "name:zh": null, "air_conditioning": null, "wheelchair": null, "contact:phone": null, "not:brand:wikidata": null, "opening_hours:covid19": null, "name:mr": null, "internet_access": null, "internet_access:fee": null, "payment:cash": null, "payment:credit_cards": null, "payment:debit_cards": null, "opening_hours:signed": null, "official_name": null, "bank": null, "contact:email": null, "opening_hours:drive_through": null, "addr:floor": null, "building:levels": null }, "geometry": { "type": "Point", "coordinates": [ 72.8691082, 19.2100034 ] } },
{ "type": "Feature", "properties": { "element": "node", "id": 5268302361, "amenity": "bank", "atm": "yes", "brand": "HDFC Bank", "brand:wikidata": "Q631047", "name": "HDFC Bank", "operator": null, "brand:wikipedia": null, "short_name": "HDFC", "website": null, "name:en": null, "old_name": null, "addr:housename": null, "addr:postcode": null, "addr:street": null, "alt_name": null, "source": null, "building": null, "addr:housenumber": null, "wikidata": null, "wikipedia": null, "level": null, "branch": null, "check_date": null, "addr:city": null, "wikimedia_commons": null, "brand:en": null, "brand:hi": null, "brand:kn": null, "brand:pa": null, "brand:pnb": null, "brand:ur": null, "brand:wikipedia:pa": null, "name:hi": null, "name:kn": null, "name:pa": null, "name:pnb": null, "name:ur": null, "addr:suburb": null, "note": null, "phone": null, "addr:unit": null, "addr:district": null, "opening_hours": null, "email": null, "fax": null, "addr:city:ur": null, "contact:fax": null, "operator:ur": null, "short_name:ur": null, "description": null, "fixme": null, "check_date:opening_hours": null, "drive_through": null, "highway": null, "traffic_signals": null, "traffic_signals:direction": null, "name:zh": null, "air_conditioning": null, "wheelchair": null, "contact:phone": null, "not:brand:wikidata": null, "opening_hours:covid19": null, "name:mr": null, "internet_access": null, "internet_access:fee": null, "payment:cash": null, "payment:credit_cards": null, "payment:debit_cards": null, "opening_hours:signed": null, "official_name": null, "bank": null, "contact:email": null, "opening_hours:drive_through": null, "addr:floor": null, "building:levels": null }, "geometry": { "type": "Point", "coordinates": [ 72.8690249, 19.2098116 ] } },
{ "type": "Feature", "properties": { "element": "node", "id": 5268302362, "amenity": "bank", "atm": "yes", "brand": "Yes Bank", "brand:wikidata": "Q2040394", "name": "Yes Bank", "operator": null, "brand:wikipedia": null, "short_name": null, "website": null, "name:en": null, "old_name": null, "addr:housename": null, "addr:postcode": null, "addr:street": null, "alt_name": null, "source": null, "building": null, "addr:housenumber": null, "wikidata": null, "wikipedia": null, "level": null, "branch": null, "check_date": null, "addr:city": null, "wikimedia_commons": null, "brand:en": null, "brand:hi": null, "brand:kn": null, "brand:pa": null, "brand:pnb": null, "brand:ur": null, "brand:wikipedia:pa": null, "name:hi": null, "name:kn": null, "name:pa": null, "name:pnb": null, "name:ur": null, "addr:suburb": null, "note": null, "phone": null, "addr:unit": null, "addr:district": null, "opening_hours": null, "email": null, "fax": null, "addr:city:ur": null, "contact:fax": null, "operator:ur": null, "short_name:ur": null, "description": null, "fixme": null, "check_date:opening_hours": null, "drive_through": null, "highway": null, "traffic_signals": null, "traffic_signals:direction": null, "name:zh": null, "air_conditioning": null, "wheelchair": null, "contact:phone": null, "not:brand:wikidata": null, "opening_hours:covid19": null, "name:mr": null, "internet_access": null, "internet_access:fee": null, "payment:cash": null, "payment:credit_cards": null, "payment:debit_cards": null, "opening_hours:signed": null, "official_name": null, "bank": null, "contact:email": null, "opening_hours:drive_through": null, "addr:floor": null, "building:levels": null }, "geometry": { "type": "Point", "coordinates": [ 72.8690406, 19.2098946 ] } },
{ "type": "Feature", "properties": { "element": "node", "id": 5268302363, "amenity": "bank", "atm": "yes", "brand": "Bank of Maharashtra", "brand:wikidata": "Q2004304", "name": "Bank of Maharashtra", "operator": null, "brand:wikipedia": null, "short_name": null, "website": null, "name:en": null, "old_name": null, "addr:housename": null, "addr:postcode": null, "addr:street": null, "alt_name": null, "source": null, "building": null, "addr:housenumber": null, "wikidata": null, "wikipedia": null, "level": null, "branch": null, "check_date": null, "addr:city": null, "wikimedia_commons": null, "brand:en": null, "brand:hi": null, "brand:kn": null, "brand:pa": null, "brand:pnb": null, "brand:ur": null, "brand:wikipedia:pa": null, "name:hi": null, "name:kn": null, "name:pa": null, "name:pnb": null, "name:ur": null, "addr:suburb": null, "note": null, "phone": null, "addr:unit": null, "addr:district": null, "opening_hours": null, "email": null, "fax": null, "addr:city:ur": null, "contact:fax": null, "operator:ur": null, "short_name:ur": null, "description": null, "fixme": null, "check_date:opening_hours": null, "drive_through": null, "highway": null, "traffic_signals": null, "traffic_signals:direction": null, "name:zh": null, "air_conditioning": null, "wheelchair": null, "contact:phone": null, "not:brand:wikidata": null, "opening_hours:covid19": null, "name:mr": null, "internet_access": null, "internet_access:fee": null, "payment:cash": null, "payment:credit_cards": null, "payment:debit_cards": null, "opening_hours:signed": null, "official_name": null, "bank": null, "contact:email": null, "opening_hours:drive_through": null, "addr:floor": null, "building:levels": null }, "geometry": { "type": "Point", "coordinates": [ 72.8690164, 19.2097668 ] } },
{ "type": "Feature", "properties": { "element": "node", "id": 5268302364, "amenity": "bank", "atm": "yes", "brand": "Canara Bank", "brand:wikidata": "Q2003777", "name": "Canara Bank", "operator": null, "brand:wikipedia": "en:Canara Bank", "short_name": null, "website": null, "name:en": "Canara Bank", "old_name": null, "addr:housename": null, "addr:postcode": null, "addr:street": null, "alt_name": null, "source": null, "building": null, "addr:housenumber": null, "wikidata": null, "wikipedia": null, "level": null, "branch": null, "check_date": null, "addr:city": null, "wikimedia_commons": null, "brand:en": "Canara Bank", "brand:hi": "केनरा बैंक", "brand:kn": "ಕೆನರಾ ಬ್ಯಾಂಕ್", "brand:pa": "ਕੇਨਰਾ ਬੈਂਕ", "brand:pnb": "کینرا بینک", "brand:ur": "کینرا بینک", "brand:wikipedia:pa": "ਕੇਨਰਾ ਬੈਂਕ", "name:hi": "केनरा बैंक", "name:kn": "ಕೆನರಾ ಬ್ಯಾಂಕ್", "name:pa": "ਕੇਨਰਾ ਬੈਂਕ", "name:pnb": "کینرا بینک", "name:ur": "کینرا بینک", "addr:suburb": null, "note": null, "phone": null, "addr:unit": null, "addr:district": null, "opening_hours": null, "email": null, "fax": null, "addr:city:ur": null, "contact:fax": null, "operator:ur": null, "short_name:ur": null, "description": null, "fixme": null, "check_date:opening_hours": null, "drive_through": null, "highway": null, "traffic_signals": null, "traffic_signals:direction": null, "name:zh": null, "air_conditioning": null, "wheelchair": null, "contact:phone": null, "not:brand:wikidata": null, "opening_hours:covid19": null, "name:mr": null, "internet_access": null, "internet_access:fee": null, "payment:cash": null, "payment:credit_cards": null, "payment:debit_cards": null, "opening_hours:signed": null, "official_name": null, "bank": null, "contact:email": null, "opening_hours:drive_through": null, "addr:floor": null, "building:levels": null }, "geometry": { "type": "Point", "coordinates": [ 72.8690353, 19.2098667 ] } },
{ "type": "Feature", "properties": { "element": "node", "id": 5268302365, "amenity": "bank", "atm": "yes", "brand": "State Bank of India", "brand:wikidata": "Q1340361", "name": "State Bank of India", "operator": null, "brand:wikipedia": null, "short_name": "SBI", "website": null, "name:en": null, "old_name": null, "addr:housename": null, "addr:postcode": null, "addr:street": null, "alt_name": null, "source": null, "building": null, "addr:housenumber": null, "wikidata": null, "wikipedia": null, "level": null, "branch": null, "check_date": null, "addr:city": null, "wikimedia_commons": null, "brand:en": null, "brand:hi": null, "brand:kn": null, "brand:pa": null, "brand:pnb": null, "brand:ur": null, "brand:wikipedia:pa": null, "name:hi": null, "name:kn": null, "name:pa": null, "name:pnb": null, "name:ur": null, "addr:suburb": null, "note": null, "phone": null, "addr:unit": null, "addr:district": null, "opening_hours": "9:00 - 15:00", "email": null, "fax": null, "addr:city:ur": null, "contact:fax": null, "operator:ur": null, "short_name:ur": null, "description": null, "fixme": null, "check_date:opening_hours": null, "drive_through": null, "highway": null, "traffic_signals": null, "traffic_signals:direction": null, "name:zh": null, "air_conditioning": null, "wheelchair": null, "contact:phone": null, "not:brand:wikidata": null, "opening_hours:covid19": null, "name:mr": null, "internet_access": null, "internet_access:fee": null, "payment:cash": null, "payment:credit_cards": null, "payment:debit_cards": null, "opening_hours:signed": null, "official_name": null, "bank": null, "contact:email": null, "opening_hours:drive_through": null, "addr:floor": null, "building:levels": null }, "geometry": { "type": "Point", "coordinates": [ 72.8710472, 19.2113199 ] } },
{ "type": "Feature", "properties": { "element": "node", "id": 5291105323, "amenity": "bank", "atm": null, "brand": null, "brand:wikidata": null, "name": null, "operator": null, "brand:wikipedia": null, "short_name": null, "website": null, "name:en": "Deutsche Bank Mumbai", "old_name": null, "addr:housename": null, "addr:postcode": null, "addr:street": null, "alt_name": null, "source": null, "building": null, "addr:housenumber": null, "wikidata": null, "wikipedia": null, "level": null, "branch": null, "check_date": null, "addr:city": null, "wikimedia_commons": null, "brand:en": null, "brand:hi": null, "brand:kn": null, "brand:pa": null, "brand:pnb": null, "brand:ur": null, "brand:wikipedia:pa": null, "name:hi": null, "name:kn": null, "name:pa": null, "name:pnb": null, "name:ur": null, "addr:suburb": null, "note": null, "phone": null, "addr:unit": null, "addr:district": null, "opening_hours": null, "email": null, "fax": null, "addr:city:ur": null, "contact:fax": null, "operator:ur": null, "short_name:ur": null, "description": null, "fixme": null, "check_date:opening_hours": null, "drive_through": null, "highway": null, "traffic_signals": null, "traffic_signals:direction": null, "name:zh": null, "air_conditioning": null, "wheelchair": null, "contact:phone": null, "not:brand:wikidata": null, "opening_hours:covid19": null, "name:mr": null, "internet_access": null, "internet_access:fee": null, "payment:cash": null, "payment:credit_cards": null, "payment:debit_cards": null, "opening_hours:signed": null, "official_name": null, "bank": null, "contact:email": null, "opening_hours:drive_through": null, "addr:floor": null, "building:levels": null }, "geometry": { "type": "Point", "coordinates": [ 72.8372917, 19.0724588 ] } },
{ "type": "Feature", "properties": { "element": "node", "id": 5346702817, "amenity": "bank", "atm": "separate", "brand": "ICICI Bank", "brand:wikidata": "Q1653258", "name": "ICICI Bank", "operator": null, "brand:wikipedia": "en:ICICI Bank", "short_name": "ICICI", "website": null, "name:en": null, "old_name": null, "addr:housename": null, "addr:postcode": "400050", "addr:street": "29th Road", "alt_name": null, "source": null, "building": null, "addr:housenumber": null, "wikidata": null, "wikipedia": null, "level": null, "branch": "Pali Naka", "check_date": null, "addr:city": "Mumbai", "wikimedia_commons": null, "brand:en": null, "brand:hi": null, "brand:kn": null, "brand:pa": null, "brand:pnb": null, "brand:ur": null, "brand:wikipedia:pa": null, "name:hi": null, "name:kn": null, "name:pa": null, "name:pnb": null, "name:ur": null, "addr:suburb": "Bandra", "note": null, "phone": null, "addr:unit": null, "addr:district": null, "opening_hours": null, "email": null, "fax": null, "addr:city:ur": null, "contact:fax": null, "operator:ur": null, "short_name:ur": null, "description": null, "fixme": null, "check_date:opening_hours": null, "drive_through": "no", "highway": null, "traffic_signals": null, "traffic_signals:direction": null, "name:zh": null, "air_conditioning": null, "wheelchair": null, "contact:phone": null, "not:brand:wikidata": null, "opening_hours:covid19": null, "name:mr": null, "internet_access": null, "internet_access:fee": null, "payment:cash": null, "payment:credit_cards": null, "payment:debit_cards": null, "opening_hours:signed": null, "official_name": null, "bank": null, "contact:email": null, "opening_hours:drive_through": null, "addr:floor": null, "building:levels": null }, "geometry": { "type": "Point", "coordinates": [ 72.8296689, 19.0615913 ] } },
{ "type": "Feature", "properties": { "element": "node", "id": 5506320971, "amenity": "bank", "atm": null, "brand": null, "brand:wikidata": null, "name": "FAB (First Abu Dhabi Bank)", "operator": null, "brand:wikipedia": null, "short_name": null, "website": null, "name:en": null, "old_name": null, "addr:housename": null, "addr:postcode": null, "addr:street": null, "alt_name": null, "source": null, "building": null, "addr:housenumber": null, "wikidata": null, "wikipedia": null, "level": null, "branch": null, "check_date": null, "addr:city": null, "wikimedia_commons": null, "brand:en": null, "brand:hi": null, "brand:kn": null, "brand:pa": null, "brand:pnb": null, "brand:ur": null, "brand:wikipedia:pa": null, "name:hi": null, "name:kn": null, "name:pa": null, "name:pnb": null, "name:ur": null, "addr:suburb": null, "note": null, "phone": null, "addr:unit": null, "addr:district": null, "opening_hours": null, "email": null, "fax": null, "addr:city:ur": null, "contact:fax": null, "operator:ur": null, "short_name:ur": null, "description": null, "fixme": null, "check_date:opening_hours": null, "drive_through": null, "highway": null, "traffic_signals": null, "traffic_signals:direction": null, "name:zh": null, "air_conditioning": null, "wheelchair": null, "contact:phone": null, "not:brand:wikidata": null, "opening_hours:covid19": null, "name:mr": null, "internet_access": null, "internet_access:fee": null, "payment:cash": null, "payment:credit_cards": null, "payment:debit_cards": null, "opening_hours:signed": null, "official_name": null, "bank": null, "contact:email": null, "opening_hours:drive_through": null, "addr:floor": null, "building:levels": null }, "geometry": { "type": "Point", "coordinates": [ 72.8682768, 19.068694 ] } },
{ "type": "Feature", "properties": { "element": "node", "id": 5506321249, "amenity": "bank", "atm": null, "brand": "Bandhan Bank", "brand:wikidata": "Q19882235", "name": "Bandhan Bank", "operator": null, "brand:wikipedia": null, "short_name": null, "website": null, "name:en": null, "old_name": null, "addr:housename": null, "addr:postcode": null, "addr:street": null, "alt_name": null, "source": null, "building": null, "addr:housenumber": null, "wikidata": null, "wikipedia": null, "level": null, "branch": null, "check_date": null, "addr:city": null, "wikimedia_commons": null, "brand:en": null, "brand:hi": null, "brand:kn": null, "brand:pa": null, "brand:pnb": null, "brand:ur": null, "brand:wikipedia:pa": null, "name:hi": null, "name:kn": null, "name:pa": null, "name:pnb": null, "name:ur": null, "addr:suburb": null, "note": null, "phone": null, "addr:unit": null, "addr:district": null, "opening_hours": null, "email": null, "fax": null, "addr:city:ur": null, "contact:fax": null, "operator:ur": null, "short_name:ur": null, "description": null, "fixme": null, "check_date:opening_hours": null, "drive_through": null, "highway": null, "traffic_signals": null, "traffic_signals:direction": null, "name:zh": null, "air_conditioning": null, "wheelchair": null, "contact:phone": null, "not:brand:wikidata": null, "opening_hours:covid19": null, "name:mr": null, "internet_access": null, "internet_access:fee": null, "payment:cash": null, "payment:credit_cards": null, "payment:debit_cards": null, "opening_hours:signed": null, "official_name": null, "bank": null, "contact:email": null, "opening_hours:drive_through": null, "addr:floor": null, "building:levels": null }, "geometry": { "type": "Point", "coordinates": [ 72.8683636, 19.0687576 ] } },
{ "type": "Feature", "properties": { "element": "node", "id": 5506321254, "amenity": "bank", "atm": "yes", "brand": "Allahabad Bank", "brand:wikidata": "Q2018840", "name": "Allahabad Bank", "operator": null, "brand:wikipedia": null, "short_name": null, "website": null, "name:en": null, "old_name": null, "addr:housename": null, "addr:postcode": null, "addr:street": null, "alt_name": null, "source": null, "building": null, "addr:housenumber": null, "wikidata": null, "wikipedia": null, "level": null, "branch": null, "check_date": null, "addr:city": null, "wikimedia_commons": null, "brand:en": null, "brand:hi": null, "brand:kn": null, "brand:pa": null, "brand:pnb": null, "brand:ur": null, "brand:wikipedia:pa": null, "name:hi": null, "name:kn": null, "name:pa": null, "name:pnb": null, "name:ur": null, "addr:suburb": null, "note": null, "phone": null, "addr:unit": null, "addr:district": null, "opening_hours": "Mo-Sa 10:00-16:00", "email": null, "fax": null, "addr:city:ur": null, "contact:fax": null, "operator:ur": null, "short_name:ur": null, "description": null, "fixme": null, "check_date:opening_hours": null, "drive_through": null, "highway": null, "traffic_signals": null, "traffic_signals:direction": null, "name:zh": null, "air_conditioning": null, "wheelchair": null, "contact:phone": null, "not:brand:wikidata": null, "opening_hours:covid19": null, "name:mr": null, "internet_access": null, "internet_access:fee": null, "payment:cash": null, "payment:credit_cards": null, "payment:debit_cards": null, "opening_hours:signed": null, "official_name": null, "bank": null, "contact:email": null, "opening_hours:drive_through": null, "addr:floor": null, "building:levels": null }, "geometry": { "type": "Point", "coordinates": [ 72.859304, 19.0653042 ] } },
{ "type": "Feature", "properties": { "element": "node", "id": 5592598716, "amenity": "bank", "atm": null, "brand": null, "brand:wikidata": null, "name": "Cosmos Bank", "operator": null, "brand:wikipedia": null, "short_name": null, "website": null, "name:en": null, "old_name": null, "addr:housename": null, "addr:postcode": null, "addr:street": null, "alt_name": null, "source": null, "building": null, "addr:housenumber": null, "wikidata": null, "wikipedia": null, "level": null, "branch": null, "check_date": null, "addr:city": null, "wikimedia_commons": null, "brand:en": null, "brand:hi": null, "brand:kn": null, "brand:pa": null, "brand:pnb": null, "brand:ur": null, "brand:wikipedia:pa": null, "name:hi": null, "name:kn": null, "name:pa": null, "name:pnb": null, "name:ur": null, "addr:suburb": null, "note": null, "phone": null, "addr:unit": null, "addr:district": null, "opening_hours": null, "email": null, "fax": null, "addr:city:ur": null, "contact:fax": null, "operator:ur": null, "short_name:ur": null, "description": null, "fixme": null, "check_date:opening_hours": null, "drive_through": null, "highway": null, "traffic_signals": null, "traffic_signals:direction": null, "name:zh": null, "air_conditioning": null, "wheelchair": null, "contact:phone": null, "not:brand:wikidata": null, "opening_hours:covid19": null, "name:mr": null, "internet_access": null, "internet_access:fee": null, "payment:cash": null, "payment:credit_cards": null, "payment:debit_cards": null, "opening_hours:signed": null, "official_name": null, "bank": null, "contact:email": null, "opening_hours:drive_through": null, "addr:floor": null, "building:levels": null }, "geometry": { "type": "Point", "coordinates": [ 72.8484045, 19.1998766 ] } },
{ "type": "Feature", "properties": { "element": "node", "id": 5609861204, "amenity": "bank", "atm": null, "brand": "IDBI Bank", "brand:wikidata": "Q3633485", "name": "IDBI Bank", "operator": null, "brand:wikipedia": null, "short_name": "IDBI", "website": null, "name:en": null, "old_name": null, "addr:housename": null, "addr:postcode": null, "addr:street": null, "alt_name": null, "source": null, "building": null, "addr:housenumber": null, "wikidata": null, "wikipedia": null, "level": null, "branch": null, "check_date": null, "addr:city": null, "wikimedia_commons": null, "brand:en": null, "brand:hi": null, "brand:kn": null, "brand:pa": null, "brand:pnb": null, "brand:ur": null, "brand:wikipedia:pa": null, "name:hi": null, "name:kn": null, "name:pa": null, "name:pnb": null, "name:ur": null, "addr:suburb": null, "note": null, "phone": null, "addr:unit": null, "addr:district": null, "opening_hours": null, "email": null, "fax": null, "addr:city:ur": null, "contact:fax": null, "operator:ur": null, "short_name:ur": null, "description": null, "fixme": null, "check_date:opening_hours": null, "drive_through": null, "highway": null, "traffic_signals": null, "traffic_signals:direction": null, "name:zh": null, "air_conditioning": null, "wheelchair": null, "contact:phone": null, "not:brand:wikidata": null, "opening_hours:covid19": null, "name:mr": null, "internet_access": null, "internet_access:fee": null, "payment:cash": null, "payment:credit_cards": null, "payment:debit_cards": null, "opening_hours:signed": null, "official_name": null, "bank": null, "contact:email": null, "opening_hours:drive_through": null, "addr:floor": null, "building:levels": null }, "geometry": { "type": "Point", "coordinates": [ 72.8717234, 19.2120177 ] } },
{ "type": "Feature", "properties": { "element": "node", "id": 5609870264, "amenity": "bank", "atm": null, "brand": "Kotak Mahindra Bank", "brand:wikidata": "Q2040404", "name": "Kotak Mahindra Bank", "operator": null, "brand:wikipedia": null, "short_name": null, "website": null, "name:en": null, "old_name": null, "addr:housename": null, "addr:postcode": null, "addr:street": null, "alt_name": null, "source": null, "building": null, "addr:housenumber": null, "wikidata": null, "wikipedia": null, "level": null, "branch": null, "check_date": null, "addr:city": null, "wikimedia_commons": null, "brand:en": null, "brand:hi": null, "brand:kn": null, "brand:pa": null, "brand:pnb": null, "brand:ur": null, "brand:wikipedia:pa": null, "name:hi": null, "name:kn": null, "name:pa": null, "name:pnb": null, "name:ur": null, "addr:suburb": null, "note": null, "phone": null, "addr:unit": null, "addr:district": null, "opening_hours": null, "email": null, "fax": null, "addr:city:ur": null, "contact:fax": null, "operator:ur": null, "short_name:ur": null, "description": null, "fixme": null, "check_date:opening_hours": null, "drive_through": null, "highway": null, "traffic_signals": null, "traffic_signals:direction": null, "name:zh": null, "air_conditioning": null, "wheelchair": null, "contact:phone": null, "not:brand:wikidata": null, "opening_hours:covid19": null, "name:mr": null, "internet_access": null, "internet_access:fee": null, "payment:cash": null, "payment:credit_cards": null, "payment:debit_cards": null, "opening_hours:signed": null, "official_name": null, "bank": null, "contact:email": null, "opening_hours:drive_through": null, "addr:floor": null, "building:levels": null }, "geometry": { "type": "Point", "coordinates": [ 72.8733634, 19.2104247 ] } },
{ "type": "Feature", "properties": { "element": "node", "id": 5641941123, "amenity": "bank", "atm": null, "brand": null, "brand:wikidata": null, "name": null, "operator": null, "brand:wikipedia": null, "short_name": null, "website": null, "name:en": "Karur Vysya Bank", "old_name": null, "addr:housename": null, "addr:postcode": null, "addr:street": null, "alt_name": null, "source": null, "building": null, "addr:housenumber": null, "wikidata": null, "wikipedia": null, "level": null, "branch": null, "check_date": null, "addr:city": null, "wikimedia_commons": null, "brand:en": null, "brand:hi": null, "brand:kn": null, "brand:pa": null, "brand:pnb": null, "brand:ur": null, "brand:wikipedia:pa": null, "name:hi": null, "name:kn": null, "name:pa": null, "name:pnb": null, "name:ur": null, "addr:suburb": null, "note": null, "phone": null, "addr:unit": null, "addr:district": null, "opening_hours": null, "email": null, "fax": null, "addr:city:ur": null, "contact:fax": null, "operator:ur": null, "short_name:ur": null, "description": null, "fixme": null, "check_date:opening_hours": null, "drive_through": null, "highway": null, "traffic_signals": null, "traffic_signals:direction": null, "name:zh": null, "air_conditioning": null, "wheelchair": null, "contact:phone": null, "not:brand:wikidata": null, "opening_hours:covid19": null, "name:mr": null, "internet_access": null, "internet_access:fee": null, "payment:cash": null, "payment:credit_cards": null, "payment:debit_cards": null, "opening_hours:signed": null, "official_name": null, "bank": null, "contact:email": null, "opening_hours:drive_through": null, "addr:floor": null, "building:levels": null }, "geometry": { "type": "Point", "coordinates": [ 72.9516832, 19.1725889 ] } },
{ "type": "Feature", "properties": { "element": "node", "id": 5641941124, "amenity": "bank", "atm": null, "brand": null, "brand:wikidata": null, "name": null, "operator": null, "brand:wikipedia": null, "short_name": null, "website": null, "name:en": "SVC Bank", "old_name": null, "addr:housename": null, "addr:postcode": null, "addr:street": null, "alt_name": null, "source": null, "building": null, "addr:housenumber": null, "wikidata": null, "wikipedia": null, "level": null, "branch": null, "check_date": null, "addr:city": null, "wikimedia_commons": null, "brand:en": null, "brand:hi": null, "brand:kn": null, "brand:pa": null, "brand:pnb": null, "brand:ur": null, "brand:wikipedia:pa": null, "name:hi": null, "name:kn": null, "name:pa": null, "name:pnb": null, "name:ur": null, "addr:suburb": null, "note": null, "phone": null, "addr:unit": null, "addr:district": null, "opening_hours": null, "email": null, "fax": null, "addr:city:ur": null, "contact:fax": null, "operator:ur": null, "short_name:ur": null, "description": null, "fixme": null, "check_date:opening_hours": null, "drive_through": null, "highway": null, "traffic_signals": null, "traffic_signals:direction": null, "name:zh": null, "air_conditioning": null, "wheelchair": null, "contact:phone": null, "not:brand:wikidata": null, "opening_hours:covid19": null, "name:mr": null, "internet_access": null, "internet_access:fee": null, "payment:cash": null, "payment:credit_cards": null, "payment:debit_cards": null, "opening_hours:signed": null, "official_name": null, "bank": null, "contact:email": null, "opening_hours:drive_through": null, "addr:floor": null, "building:levels": null }, "geometry": { "type": "Point", "coordinates": [ 72.9525227, 19.1718092 ] } },
{ "type": "Feature", "properties": { "element": "node", "id": 5641941324, "amenity": "bank", "atm": null, "brand": null, "brand:wikidata": null, "name": null, "operator": null, "brand:wikipedia": null, "short_name": null, "website": null, "name:en": "Canara Bank", "old_name": null, "addr:housename": null, "addr:postcode": null, "addr:street": null, "alt_name": null, "source": null, "building": null, "addr:housenumber": null, "wikidata": null, "wikipedia": null, "level": null, "branch": null, "check_date": null, "addr:city": null, "wikimedia_commons": null, "brand:en": null, "brand:hi": null, "brand:kn": null, "brand:pa": null, "brand:pnb": null, "brand:ur": null, "brand:wikipedia:pa": null, "name:hi": null, "name:kn": null, "name:pa": null, "name:pnb": null, "name:ur": null, "addr:suburb": null, "note": null, "phone": null, "addr:unit": null, "addr:district": null, "opening_hours": null, "email": null, "fax": null, "addr:city:ur": null, "contact:fax": null, "operator:ur": null, "short_name:ur": null, "description": null, "fixme": null, "check_date:opening_hours": null, "drive_through": null, "highway": null, "traffic_signals": null, "traffic_signals:direction": null, "name:zh": null, "air_conditioning": null, "wheelchair": null, "contact:phone": null, "not:brand:wikidata": null, "opening_hours:covid19": null, "name:mr": null, "internet_access": null, "internet_access:fee": null, "payment:cash": null, "payment:credit_cards": null, "payment:debit_cards": null, "opening_hours:signed": null, "official_name": null, "bank": null, "contact:email": null, "opening_hours:drive_through": null, "addr:floor": null, "building:levels": null }, "geometry": { "type": "Point", "coordinates": [ 72.9523598, 19.1717768 ] } },
{ "type": "Feature", "properties": { "element": "node", "id": 5646143121, "amenity": "bank", "atm": null, "brand": null, "brand:wikidata": null, "name": null, "operator": null, "brand:wikipedia": null, "short_name": null, "website": null, "name:en": "New India Co. Op.  Bank", "old_name": null, "addr:housename": null, "addr:postcode": null, "addr:street": null, "alt_name": null, "source": null, "building": null, "addr:housenumber": null, "wikidata": null, "wikipedia": null, "level": null, "branch": null, "check_date": null, "addr:city": null, "wikimedia_commons": null, "brand:en": null, "brand:hi": null, "brand:kn": null, "brand:pa": null, "brand:pnb": null, "brand:ur": null, "brand:wikipedia:pa": null, "name:hi": null, "name:kn": null, "name:pa": null, "name:pnb": null, "name:ur": null, "addr:suburb": null, "note": null, "phone": null, "addr:unit": null, "addr:district": null, "opening_hours": null, "email": null, "fax": null, "addr:city:ur": null, "contact:fax": null, "operator:ur": null, "short_name:ur": null, "description": null, "fixme": null, "check_date:opening_hours": null, "drive_through": null, "highway": null, "traffic_signals": null, "traffic_signals:direction": null, "name:zh": null, "air_conditioning": null, "wheelchair": null, "contact:phone": null, "not:brand:wikidata": null, "opening_hours:covid19": null, "name:mr": null, "internet_access": null, "internet_access:fee": null, "payment:cash": null, "payment:credit_cards": null, "payment:debit_cards": null, "opening_hours:signed": null, "official_name": null, "bank": null, "contact:email": null, "opening_hours:drive_through": null, "addr:floor": null, "building:levels": null }, "geometry": { "type": "Point", "coordinates": [ 72.9582143, 19.1717386 ] } },
{ "type": "Feature", "properties": { "element": "node", "id": 5674545821, "amenity": "bank", "atm": null, "brand": null, "brand:wikidata": null, "name": null, "operator": null, "brand:wikipedia": null, "short_name": null, "website": null, "name:en": "FirstRand Bank, India branch", "old_name": null, "addr:housename": null, "addr:postcode": null, "addr:street": null, "alt_name": null, "source": null, "building": null, "addr:housenumber": null, "wikidata": null, "wikipedia": null, "level": null, "branch": null, "check_date": null, "addr:city": null, "wikimedia_commons": null, "brand:en": null, "brand:hi": null, "brand:kn": null, "brand:pa": null, "brand:pnb": null, "brand:ur": null, "brand:wikipedia:pa": null, "name:hi": null, "name:kn": null, "name:pa": null, "name:pnb": null, "name:ur": null, "addr:suburb": null, "note": null, "phone": null, "addr:unit": null, "addr:district": null, "opening_hours": null, "email": null, "fax": null, "addr:city:ur": null, "contact:fax": null, "operator:ur": null, "short_name:ur": null, "description": null, "fixme": null, "check_date:opening_hours": null, "drive_through": null, "highway": null, "traffic_signals": null, "traffic_signals:direction": null, "name:zh": null, "air_conditioning": null, "wheelchair": null, "contact:phone": null, "not:brand:wikidata": null, "opening_hours:covid19": null, "name:mr": null, "internet_access": null, "internet_access:fee": null, "payment:cash": null, "payment:credit_cards": null, "payment:debit_cards": null, "opening_hours:signed": null, "official_name": null, "bank": null, "contact:email": null, "opening_hours:drive_through": null, "addr:floor": null, "building:levels": null }, "geometry": { "type": "Point", "coordinates": [ 72.8690268, 19.0688867 ] } },
{ "type": "Feature", "properties": { "element": "node", "id": 5867113900, "amenity": "bank", "atm": null, "brand": "ICICI Bank", "brand:wikidata": "Q1653258", "name": "ICICI Bank", "operator": null, "brand:wikipedia": "en:ICICI Bank", "short_name": "ICICI", "website": null, "name:en": null, "old_name": null, "addr:housename": null, "addr:postcode": null, "addr:street": null, "alt_name": null, "source": null, "building": null, "addr:housenumber": null, "wikidata": null, "wikipedia": null, "level": null, "branch": null, "check_date": null, "addr:city": null, "wikimedia_commons": null, "brand:en": null, "brand:hi": null, "brand:kn": null, "brand:pa": null, "brand:pnb": null, "brand:ur": null, "brand:wikipedia:pa": null, "name:hi": null, "name:kn": null, "name:pa": null, "name:pnb": null, "name:ur": null, "addr:suburb": null, "note": null, "phone": null, "addr:unit": null, "addr:district": null, "opening_hours": null, "email": null, "fax": null, "addr:city:ur": null, "contact:fax": null, "operator:ur": null, "short_name:ur": null, "description": null, "fixme": null, "check_date:opening_hours": null, "drive_through": null, "highway": null, "traffic_signals": null, "traffic_signals:direction": null, "name:zh": null, "air_conditioning": null, "wheelchair": null, "contact:phone": null, "not:brand:wikidata": null, "opening_hours:covid19": null, "name:mr": null, "internet_access": null, "internet_access:fee": null, "payment:cash": null, "payment:credit_cards": null, "payment:debit_cards": null, "opening_hours:signed": null, "official_name": null, "bank": null, "contact:email": null, "opening_hours:drive_through": null, "addr:floor": null, "building:levels": null }, "geometry": { "type": "Point", "coordinates": [ 72.8521472, 19.060363 ] } },
{ "type": "Feature", "properties": { "element": "node", "id": 5890154781, "amenity": "bank", "atm": null, "brand": "State Bank of India", "brand:wikidata": "Q1340361", "name": "State Bank of India", "operator": null, "brand:wikipedia": "en:State Bank of India", "short_name": "SBI", "website": null, "name:en": null, "old_name": null, "addr:housename": null, "addr:postcode": null, "addr:street": null, "alt_name": null, "source": null, "building": null, "addr:housenumber": null, "wikidata": null, "wikipedia": null, "level": null, "branch": null, "check_date": null, "addr:city": null, "wikimedia_commons": null, "brand:en": null, "brand:hi": null, "brand:kn": null, "brand:pa": null, "brand:pnb": null, "brand:ur": null, "brand:wikipedia:pa": null, "name:hi": null, "name:kn": null, "name:pa": null, "name:pnb": null, "name:ur": null, "addr:suburb": null, "note": null, "phone": null, "addr:unit": null, "addr:district": null, "opening_hours": null, "email": null, "fax": null, "addr:city:ur": null, "contact:fax": null, "operator:ur": null, "short_name:ur": null, "description": null, "fixme": null, "check_date:opening_hours": null, "drive_through": null, "highway": null, "traffic_signals": null, "traffic_signals:direction": null, "name:zh": null, "air_conditioning": null, "wheelchair": null, "contact:phone": null, "not:brand:wikidata": null, "opening_hours:covid19": null, "name:mr": null, "internet_access": null, "internet_access:fee": null, "payment:cash": null, "payment:credit_cards": null, "payment:debit_cards": null, "opening_hours:signed": null, "official_name": null, "bank": null, "contact:email": null, "opening_hours:drive_through": null, "addr:floor": null, "building:levels": null }, "geometry": { "type": "Point", "coordinates": [ 72.8366779, 19.0841424 ] } },
{ "type": "Feature", "properties": { "element": "node", "id": 6052290387, "amenity": "bank", "atm": null, "brand": null, "brand:wikidata": null, "name": null, "operator": null, "brand:wikipedia": null, "short_name": null, "website": null, "name:en": "SBI", "old_name": null, "addr:housename": null, "addr:postcode": null, "addr:street": null, "alt_name": null, "source": null, "building": null, "addr:housenumber": null, "wikidata": null, "wikipedia": null, "level": null, "branch": null, "check_date": null, "addr:city": null, "wikimedia_commons": null, "brand:en": null, "brand:hi": null, "brand:kn": null, "brand:pa": null, "brand:pnb": null, "brand:ur": null, "brand:wikipedia:pa": null, "name:hi": null, "name:kn": null, "name:pa": null, "name:pnb": null, "name:ur": null, "addr:suburb": null, "note": null, "phone": null, "addr:unit": null, "addr:district": null, "opening_hours": null, "email": null, "fax": null, "addr:city:ur": null, "contact:fax": null, "operator:ur": null, "short_name:ur": null, "description": null, "fixme": null, "check_date:opening_hours": null, "drive_through": null, "highway": null, "traffic_signals": null, "traffic_signals:direction": null, "name:zh": null, "air_conditioning": null, "wheelchair": null, "contact:phone": null, "not:brand:wikidata": null, "opening_hours:covid19": null, "name:mr": null, "internet_access": null, "internet_access:fee": null, "payment:cash": null, "payment:credit_cards": null, "payment:debit_cards": null, "opening_hours:signed": null, "official_name": null, "bank": null, "contact:email": null, "opening_hours:drive_through": null, "addr:floor": null, "building:levels": null }, "geometry": { "type": "Point", "coordinates": [ 72.9441507, 19.1612083 ] } },
{ "type": "Feature", "properties": { "element": "node", "id": 6052842885, "amenity": "bank", "atm": null, "brand": null, "brand:wikidata": null, "name": null, "operator": null, "brand:wikipedia": null, "short_name": null, "website": null, "name:en": "NKGSB Bank", "old_name": null, "addr:housename": null, "addr:postcode": null, "addr:street": null, "alt_name": null, "source": null, "building": null, "addr:housenumber": null, "wikidata": null, "wikipedia": null, "level": null, "branch": null, "check_date": null, "addr:city": null, "wikimedia_commons": null, "brand:en": null, "brand:hi": null, "brand:kn": null, "brand:pa": null, "brand:pnb": null, "brand:ur": null, "brand:wikipedia:pa": null, "name:hi": null, "name:kn": null, "name:pa": null, "name:pnb": null, "name:ur": null, "addr:suburb": null, "note": null, "phone": null, "addr:unit": null, "addr:district": null, "opening_hours": null, "email": null, "fax": null, "addr:city:ur": null, "contact:fax": null, "operator:ur": null, "short_name:ur": null, "description": null, "fixme": null, "check_date:opening_hours": null, "drive_through": null, "highway": null, "traffic_signals": null, "traffic_signals:direction": null, "name:zh": null, "air_conditioning": null, "wheelchair": null, "contact:phone": null, "not:brand:wikidata": null, "opening_hours:covid19": null, "name:mr": null, "internet_access": null, "internet_access:fee": null, "payment:cash": null, "payment:credit_cards": null, "payment:debit_cards": null, "opening_hours:signed": null, "official_name": null, "bank": null, "contact:email": null, "opening_hours:drive_through": null, "addr:floor": null, "building:levels": null }, "geometry": { "type": "Point", "coordinates": [ 72.9441944, 19.1611776 ] } },
{ "type": "Feature", "properties": { "element": "node", "id": 6066150031, "amenity": "bank", "atm": "yes", "brand": null, "brand:wikidata": null, "name": "SVC Bank", "operator": null, "brand:wikipedia": null, "short_name": null, "website": null, "name:en": null, "old_name": null, "addr:housename": null, "addr:postcode": "400101", "addr:street": null, "alt_name": null, "source": null, "building": null, "addr:housenumber": null, "wikidata": null, "wikipedia": null, "level": null, "branch": null, "check_date": null, "addr:city": null, "wikimedia_commons": null, "brand:en": null, "brand:hi": null, "brand:kn": null, "brand:pa": null, "brand:pnb": null, "brand:ur": null, "brand:wikipedia:pa": null, "name:hi": null, "name:kn": null, "name:pa": null, "name:pnb": null, "name:ur": null, "addr:suburb": null, "note": null, "phone": null, "addr:unit": null, "addr:district": null, "opening_hours": null, "email": null, "fax": null, "addr:city:ur": null, "contact:fax": null, "operator:ur": null, "short_name:ur": null, "description": null, "fixme": null, "check_date:opening_hours": null, "drive_through": "yes", "highway": null, "traffic_signals": null, "traffic_signals:direction": null, "name:zh": null, "air_conditioning": null, "wheelchair": null, "contact:phone": null, "not:brand:wikidata": null, "opening_hours:covid19": null, "name:mr": null, "internet_access": null, "internet_access:fee": null, "payment:cash": null, "payment:credit_cards": null, "payment:debit_cards": null, "opening_hours:signed": null, "official_name": null, "bank": null, "contact:email": null, "opening_hours:drive_through": null, "addr:floor": null, "building:levels": null }, "geometry": { "type": "Point", "coordinates": [ 72.8696053, 19.2105537 ] } },
{ "type": "Feature", "properties": { "element": "node", "id": 6127387623, "amenity": "bank", "atm": null, "brand": "Corporation Bank", "brand:wikidata": "Q2003387", "name": "Corporation Bank", "operator": null, "brand:wikipedia": null, "short_name": null, "website": null, "name:en": null, "old_name": null, "addr:housename": null, "addr:postcode": null, "addr:street": null, "alt_name": null, "source": null, "building": null, "addr:housenumber": null, "wikidata": null, "wikipedia": null, "level": null, "branch": null, "check_date": null, "addr:city": null, "wikimedia_commons": null, "brand:en": null, "brand:hi": null, "brand:kn": null, "brand:pa": null, "brand:pnb": null, "brand:ur": null, "brand:wikipedia:pa": null, "name:hi": null, "name:kn": null, "name:pa": null, "name:pnb": null, "name:ur": null, "addr:suburb": null, "note": null, "phone": null, "addr:unit": null, "addr:district": null, "opening_hours": null, "email": null, "fax": null, "addr:city:ur": null, "contact:fax": null, "operator:ur": null, "short_name:ur": null, "description": null, "fixme": null, "check_date:opening_hours": null, "drive_through": null, "highway": null, "traffic_signals": null, "traffic_signals:direction": null, "name:zh": null, "air_conditioning": null, "wheelchair": null, "contact:phone": null, "not:brand:wikidata": null, "opening_hours:covid19": null, "name:mr": null, "internet_access": null, "internet_access:fee": null, "payment:cash": null, "payment:credit_cards": null, "payment:debit_cards": null, "opening_hours:signed": null, "official_name": null, "bank": null, "contact:email": null, "opening_hours:drive_through": null, "addr:floor": null, "building:levels": null }, "geometry": { "type": "Point", "coordinates": [ 72.8443961, 19.2057495 ] } },
{ "type": "Feature", "properties": { "element": "node", "id": 6230994886, "amenity": "bank", "atm": null, "brand": null, "brand:wikidata": null, "name": null, "operator": null, "brand:wikipedia": null, "short_name": null, "website": null, "name:en": "Mahindra Bank", "old_name": null, "addr:housename": null, "addr:postcode": null, "addr:street": null, "alt_name": null, "source": null, "building": null, "addr:housenumber": null, "wikidata": null, "wikipedia": null, "level": null, "branch": null, "check_date": null, "addr:city": null, "wikimedia_commons": null, "brand:en": null, "brand:hi": null, "brand:kn": null, "brand:pa": null, "brand:pnb": null, "brand:ur": null, "brand:wikipedia:pa": null, "name:hi": null, "name:kn": null, "name:pa": null, "name:pnb": null, "name:ur": null, "addr:suburb": null, "note": null, "phone": null, "addr:unit": null, "addr:district": null, "opening_hours": null, "email": null, "fax": null, "addr:city:ur": null, "contact:fax": null, "operator:ur": null, "short_name:ur": null, "description": null, "fixme": null, "check_date:opening_hours": null, "drive_through": null, "highway": null, "traffic_signals": null, "traffic_signals:direction": null, "name:zh": null, "air_conditioning": null, "wheelchair": null, "contact:phone": null, "not:brand:wikidata": null, "opening_hours:covid19": null, "name:mr": null, "internet_access": null, "internet_access:fee": null, "payment:cash": null, "payment:credit_cards": null, "payment:debit_cards": null, "opening_hours:signed": null, "official_name": null, "bank": null, "contact:email": null, "opening_hours:drive_through": null, "addr:floor": null, "building:levels": null }, "geometry": { "type": "Point", "coordinates": [ 72.9090124, 19.1156865 ] } },
{ "type": "Feature", "properties": { "element": "node", "id": 6230994889, "amenity": "bank", "atm": null, "brand": "ICICI Bank", "brand:wikidata": "Q1653258", "name": "ICICI Bank", "operator": null, "brand:wikipedia": null, "short_name": "ICICI", "website": null, "name:en": "ICICI Bank", "old_name": null, "addr:housename": null, "addr:postcode": null, "addr:street": null, "alt_name": null, "source": null, "building": null, "addr:housenumber": null, "wikidata": null, "wikipedia": null, "level": null, "branch": null, "check_date": null, "addr:city": null, "wikimedia_commons": null, "brand:en": null, "brand:hi": null, "brand:kn": null, "brand:pa": null, "brand:pnb": null, "brand:ur": null, "brand:wikipedia:pa": null, "name:hi": null, "name:kn": null, "name:pa": null, "name:pnb": null, "name:ur": null, "addr:suburb": null, "note": null, "phone": null, "addr:unit": null, "addr:district": null, "opening_hours": null, "email": null, "fax": null, "addr:city:ur": null, "contact:fax": null, "operator:ur": null, "short_name:ur": null, "description": null, "fixme": null, "check_date:opening_hours": null, "drive_through": null, "highway": null, "traffic_signals": null, "traffic_signals:direction": null, "name:zh": null, "air_conditioning": null, "wheelchair": null, "contact:phone": null, "not:brand:wikidata": null, "opening_hours:covid19": null, "name:mr": null, "internet_access": null, "internet_access:fee": null, "payment:cash": null, "payment:credit_cards": null, "payment:debit_cards": null, "opening_hours:signed": null, "official_name": null, "bank": null, "contact:email": null, "opening_hours:drive_through": null, "addr:floor": null, "building:levels": null }, "geometry": { "type": "Point", "coordinates": [ 72.9093109, 19.1158669 ] } },
{ "type": "Feature", "properties": { "element": "node", "id": 6230994986, "amenity": "bank", "atm": null, "brand": "Axis Bank", "brand:wikidata": "Q2003549", "name": "Axis Bank", "operator": null, "brand:wikipedia": null, "short_name": null, "website": null, "name:en": "Axis Bank", "old_name": null, "addr:housename": null, "addr:postcode": null, "addr:street": null, "alt_name": null, "source": null, "building": null, "addr:housenumber": null, "wikidata": null, "wikipedia": null, "level": null, "branch": null, "check_date": null, "addr:city": null, "wikimedia_commons": null, "brand:en": null, "brand:hi": null, "brand:kn": null, "brand:pa": null, "brand:pnb": null, "brand:ur": null, "brand:wikipedia:pa": null, "name:hi": null, "name:kn": null, "name:pa": null, "name:pnb": null, "name:ur": null, "addr:suburb": null, "note": null, "phone": null, "addr:unit": null, "addr:district": null, "opening_hours": null, "email": null, "fax": null, "addr:city:ur": null, "contact:fax": null, "operator:ur": null, "short_name:ur": null, "description": null, "fixme": null, "check_date:opening_hours": null, "drive_through": null, "highway": null, "traffic_signals": null, "traffic_signals:direction": null, "name:zh": null, "air_conditioning": null, "wheelchair": null, "contact:phone": null, "not:brand:wikidata": null, "opening_hours:covid19": null, "name:mr": null, "internet_access": null, "internet_access:fee": null, "payment:cash": null, "payment:credit_cards": null, "payment:debit_cards": null, "opening_hours:signed": null, "official_name": null, "bank": null, "contact:email": null, "opening_hours:drive_through": null, "addr:floor": null, "building:levels": null }, "geometry": { "type": "Point", "coordinates": [ 72.9089981, 19.1161546 ] } },
{ "type": "Feature", "properties": { "element": "node", "id": 6233043685, "amenity": "bank", "atm": null, "brand": "State Bank of India", "brand:wikidata": "Q1340361", "name": "State Bank of India", "operator": null, "brand:wikipedia": null, "short_name": "SBI", "website": null, "name:en": "State Bank of India", "old_name": null, "addr:housename": null, "addr:postcode": null, "addr:street": null, "alt_name": null, "source": null, "building": null, "addr:housenumber": null, "wikidata": null, "wikipedia": null, "level": null, "branch": null, "check_date": null, "addr:city": null, "wikimedia_commons": null, "brand:en": null, "brand:hi": null, "brand:kn": null, "brand:pa": null, "brand:pnb": null, "brand:ur": null, "brand:wikipedia:pa": null, "name:hi": null, "name:kn": null, "name:pa": null, "name:pnb": null, "name:ur": null, "addr:suburb": null, "note": null, "phone": null, "addr:unit": null, "addr:district": null, "opening_hours": null, "email": null, "fax": null, "addr:city:ur": null, "contact:fax": null, "operator:ur": null, "short_name:ur": null, "description": null, "fixme": null, "check_date:opening_hours": null, "drive_through": null, "highway": null, "traffic_signals": null, "traffic_signals:direction": null, "name:zh": null, "air_conditioning": null, "wheelchair": null, "contact:phone": null, "not:brand:wikidata": null, "opening_hours:covid19": null, "name:mr": null, "internet_access": null, "internet_access:fee": null, "payment:cash": null, "payment:credit_cards": null, "payment:debit_cards": null, "opening_hours:signed": null, "official_name": null, "bank": null, "contact:email": null, "opening_hours:drive_through": null, "addr:floor": null, "building:levels": null }, "geometry": { "type": "Point", "coordinates": [ 72.9091364, 19.1162542 ] } },
{ "type": "Feature", "properties": { "element": "node", "id": 6233043688, "amenity": "bank", "atm": null, "brand": null, "brand:wikidata": null, "name": null, "operator": null, "brand:wikipedia": null, "short_name": null, "website": null, "name:en": "HSBC Bank", "old_name": null, "addr:housename": null, "addr:postcode": null, "addr:street": null, "alt_name": null, "source": null, "building": null, "addr:housenumber": null, "wikidata": null, "wikipedia": null, "level": null, "branch": null, "check_date": null, "addr:city": null, "wikimedia_commons": null, "brand:en": null, "brand:hi": null, "brand:kn": null, "brand:pa": null, "brand:pnb": null, "brand:ur": null, "brand:wikipedia:pa": null, "name:hi": null, "name:kn": null, "name:pa": null, "name:pnb": null, "name:ur": null, "addr:suburb": null, "note": null, "phone": null, "addr:unit": null, "addr:district": null, "opening_hours": null, "email": null, "fax": null, "addr:city:ur": null, "contact:fax": null, "operator:ur": null, "short_name:ur": null, "description": null, "fixme": null, "check_date:opening_hours": null, "drive_through": null, "highway": null, "traffic_signals": null, "traffic_signals:direction": null, "name:zh": null, "air_conditioning": null, "wheelchair": null, "contact:phone": null, "not:brand:wikidata": null, "opening_hours:covid19": null, "name:mr": null, "internet_access": null, "internet_access:fee": null, "payment:cash": null, "payment:credit_cards": null, "payment:debit_cards": null, "opening_hours:signed": null, "official_name": null, "bank": null, "contact:email": null, "opening_hours:drive_through": null, "addr:floor": null, "building:levels": null }, "geometry": { "type": "Point", "coordinates": [ 72.9096699, 19.1161368 ] } },
{ "type": "Feature", "properties": { "element": "node", "id": 6233043787, "amenity": "bank", "atm": null, "brand": "HDFC Bank", "brand:wikidata": "Q631047", "name": "HDFC Bank", "operator": null, "brand:wikipedia": null, "short_name": "HDFC", "website": null, "name:en": "HDFC Bank", "old_name": null, "addr:housename": null, "addr:postcode": null, "addr:street": null, "alt_name": null, "source": null, "building": null, "addr:housenumber": null, "wikidata": null, "wikipedia": null, "level": null, "branch": null, "check_date": null, "addr:city": null, "wikimedia_commons": null, "brand:en": null, "brand:hi": null, "brand:kn": null, "brand:pa": null, "brand:pnb": null, "brand:ur": null, "brand:wikipedia:pa": null, "name:hi": null, "name:kn": null, "name:pa": null, "name:pnb": null, "name:ur": null, "addr:suburb": null, "note": null, "phone": null, "addr:unit": null, "addr:district": null, "opening_hours": null, "email": null, "fax": null, "addr:city:ur": null, "contact:fax": null, "operator:ur": null, "short_name:ur": null, "description": null, "fixme": null, "check_date:opening_hours": null, "drive_through": null, "highway": null, "traffic_signals": null, "traffic_signals:direction": null, "name:zh": null, "air_conditioning": null, "wheelchair": null, "contact:phone": null, "not:brand:wikidata": null, "opening_hours:covid19": null, "name:mr": null, "internet_access": null, "internet_access:fee": null, "payment:cash": null, "payment:credit_cards": null, "payment:debit_cards": null, "opening_hours:signed": null, "official_name": null, "bank": null, "contact:email": null, "opening_hours:drive_through": null, "addr:floor": null, "building:levels": null }, "geometry": { "type": "Point", "coordinates": [ 72.9099178, 19.1162935 ] } },
{ "type": "Feature", "properties": { "element": "node", "id": 6381032025, "amenity": "bank", "atm": "yes", "brand": "State Bank of India", "brand:wikidata": "Q1340361", "name": "State Bank of India", "operator": null, "brand:wikipedia": "en:State Bank of India", "short_name": "SBI", "website": null, "name:en": null, "old_name": null, "addr:housename": null, "addr:postcode": null, "addr:street": null, "alt_name": null, "source": null, "building": null, "addr:housenumber": null, "wikidata": null, "wikipedia": null, "level": null, "branch": null, "check_date": null, "addr:city": null, "wikimedia_commons": null, "brand:en": null, "brand:hi": null, "brand:kn": null, "brand:pa": null, "brand:pnb": null, "brand:ur": null, "brand:wikipedia:pa": null, "name:hi": null, "name:kn": null, "name:pa": null, "name:pnb": null, "name:ur": null, "addr:suburb": null, "note": null, "phone": null, "addr:unit": null, "addr:district": null, "opening_hours": null, "email": null, "fax": null, "addr:city:ur": null, "contact:fax": null, "operator:ur": null, "short_name:ur": null, "description": null, "fixme": null, "check_date:opening_hours": null, "drive_through": null, "highway": null, "traffic_signals": null, "traffic_signals:direction": null, "name:zh": null, "air_conditioning": null, "wheelchair": null, "contact:phone": null, "not:brand:wikidata": null, "opening_hours:covid19": null, "name:mr": null, "internet_access": null, "internet_access:fee": null, "payment:cash": null, "payment:credit_cards": null, "payment:debit_cards": null, "opening_hours:signed": null, "official_name": null, "bank": null, "contact:email": null, "opening_hours:drive_through": null, "addr:floor": null, "building:levels": null }, "geometry": { "type": "Point", "coordinates": [ 72.9718018, 19.17502 ] } },
{ "type": "Feature", "properties": { "element": "node", "id": 6488201822, "amenity": "bank", "atm": null, "brand": "IDFC First Bank", "brand:wikidata": "Q22031467", "name": "IDFC First Bank", "operator": null, "brand:wikipedia": null, "short_name": null, "website": null, "name:en": null, "old_name": null, "addr:housename": null, "addr:postcode": null, "addr:street": null, "alt_name": null, "source": null, "building": null, "addr:housenumber": null, "wikidata": null, "wikipedia": null, "level": null, "branch": null, "check_date": null, "addr:city": null, "wikimedia_commons": null, "brand:en": null, "brand:hi": null, "brand:kn": null, "brand:pa": null, "brand:pnb": null, "brand:ur": null, "brand:wikipedia:pa": null, "name:hi": null, "name:kn": null, "name:pa": null, "name:pnb": null, "name:ur": null, "addr:suburb": null, "note": null, "phone": null, "addr:unit": null, "addr:district": null, "opening_hours": null, "email": null, "fax": null, "addr:city:ur": null, "contact:fax": null, "operator:ur": null, "short_name:ur": null, "description": null, "fixme": null, "check_date:opening_hours": null, "drive_through": null, "highway": null, "traffic_signals": null, "traffic_signals:direction": null, "name:zh": null, "air_conditioning": null, "wheelchair": null, "contact:phone": null, "not:brand:wikidata": null, "opening_hours:covid19": null, "name:mr": null, "internet_access": null, "internet_access:fee": null, "payment:cash": null, "payment:credit_cards": null, "payment:debit_cards": null, "opening_hours:signed": null, "official_name": null, "bank": null, "contact:email": null, "opening_hours:drive_through": null, "addr:floor": null, "building:levels": null }, "geometry": { "type": "Point", "coordinates": [ 72.9003251, 19.0555171 ] } },
{ "type": "Feature", "properties": { "element": "node", "id": 6608966495, "amenity": "bank", "atm": null, "brand": "State Bank of India", "brand:wikidata": "Q1340361", "name": "State Bank of India", "operator": null, "brand:wikipedia": "en:State Bank of India", "short_name": "SBI", "website": null, "name:en": null, "old_name": null, "addr:housename": null, "addr:postcode": null, "addr:street": null, "alt_name": null, "source": null, "building": null, "addr:housenumber": null, "wikidata": null, "wikipedia": null, "level": null, "branch": null, "check_date": null, "addr:city": null, "wikimedia_commons": null, "brand:en": null, "brand:hi": null, "brand:kn": null, "brand:pa": null, "brand:pnb": null, "brand:ur": null, "brand:wikipedia:pa": null, "name:hi": null, "name:kn": null, "name:pa": null, "name:pnb": null, "name:ur": null, "addr:suburb": null, "note": null, "phone": null, "addr:unit": null, "addr:district": null, "opening_hours": null, "email": null, "fax": null, "addr:city:ur": null, "contact:fax": null, "operator:ur": null, "short_name:ur": null, "description": null, "fixme": null, "check_date:opening_hours": null, "drive_through": null, "highway": null, "traffic_signals": null, "traffic_signals:direction": null, "name:zh": null, "air_conditioning": null, "wheelchair": null, "contact:phone": null, "not:brand:wikidata": null, "opening_hours:covid19": null, "name:mr": null, "internet_access": null, "internet_access:fee": null, "payment:cash": null, "payment:credit_cards": null, "payment:debit_cards": null, "opening_hours:signed": null, "official_name": null, "bank": null, "contact:email": null, "opening_hours:drive_through": null, "addr:floor": null, "building:levels": null }, "geometry": { "type": "Point", "coordinates": [ 72.8101721, 18.9574536 ] } },
{ "type": "Feature", "properties": { "element": "node", "id": 6795476295, "amenity": "bank", "atm": null, "brand": "Jana Small Finance Bank", "brand:wikidata": "Q65122274", "name": "Jana Small Finance Bank", "operator": null, "brand:wikipedia": null, "short_name": null, "website": null, "name:en": "Jana Small Finance Bank", "old_name": null, "addr:housename": null, "addr:postcode": null, "addr:street": null, "alt_name": null, "source": null, "building": null, "addr:housenumber": null, "wikidata": null, "wikipedia": null, "level": null, "branch": null, "check_date": null, "addr:city": null, "wikimedia_commons": null, "brand:en": null, "brand:hi": null, "brand:kn": null, "brand:pa": null, "brand:pnb": null, "brand:ur": null, "brand:wikipedia:pa": null, "name:hi": null, "name:kn": null, "name:pa": null, "name:pnb": null, "name:ur": null, "addr:suburb": null, "note": null, "phone": null, "addr:unit": null, "addr:district": null, "opening_hours": "Mo-Su 10:00-18:00", "email": null, "fax": null, "addr:city:ur": null, "contact:fax": null, "operator:ur": null, "short_name:ur": null, "description": null, "fixme": null, "check_date:opening_hours": null, "drive_through": null, "highway": null, "traffic_signals": null, "traffic_signals:direction": null, "name:zh": null, "air_conditioning": null, "wheelchair": null, "contact:phone": null, "not:brand:wikidata": null, "opening_hours:covid19": null, "name:mr": null, "internet_access": null, "internet_access:fee": null, "payment:cash": null, "payment:credit_cards": null, "payment:debit_cards": null, "opening_hours:signed": null, "official_name": null, "bank": null, "contact:email": null, "opening_hours:drive_through": null, "addr:floor": null, "building:levels": null }, "geometry": { "type": "Point", "coordinates": [ 72.9077358, 19.115198 ] } },
{ "type": "Feature", "properties": { "element": "node", "id": 6795659086, "amenity": "bank", "atm": null, "brand": null, "brand:wikidata": null, "name": null, "operator": null, "brand:wikipedia": null, "short_name": null, "website": null, "name:en": "Credit Suisse", "old_name": null, "addr:housename": null, "addr:postcode": null, "addr:street": null, "alt_name": null, "source": null, "building": null, "addr:housenumber": null, "wikidata": null, "wikipedia": null, "level": null, "branch": null, "check_date": null, "addr:city": null, "wikimedia_commons": null, "brand:en": null, "brand:hi": null, "brand:kn": null, "brand:pa": null, "brand:pnb": null, "brand:ur": null, "brand:wikipedia:pa": null, "name:hi": null, "name:kn": null, "name:pa": null, "name:pnb": null, "name:ur": null, "addr:suburb": null, "note": null, "phone": null, "addr:unit": null, "addr:district": null, "opening_hours": null, "email": null, "fax": null, "addr:city:ur": null, "contact:fax": null, "operator:ur": null, "short_name:ur": null, "description": null, "fixme": null, "check_date:opening_hours": null, "drive_through": null, "highway": null, "traffic_signals": null, "traffic_signals:direction": null, "name:zh": null, "air_conditioning": null, "wheelchair": null, "contact:phone": null, "not:brand:wikidata": null, "opening_hours:covid19": null, "name:mr": null, "internet_access": null, "internet_access:fee": null, "payment:cash": null, "payment:credit_cards": null, "payment:debit_cards": null, "opening_hours:signed": null, "official_name": null, "bank": null, "contact:email": null, "opening_hours:drive_through": null, "addr:floor": null, "building:levels": null }, "geometry": { "type": "Point", "coordinates": [ 72.909414, 19.1158291 ] } },
{ "type": "Feature", "properties": { "element": "node", "id": 6796939953, "amenity": "bank", "atm": null, "brand": "Kotak Mahindra Bank", "brand:wikidata": "Q2040404", "name": "Kotak Mahindra Bank", "operator": null, "brand:wikipedia": "en:Kotak Mahindra Bank", "short_name": null, "website": null, "name:en": null, "old_name": null, "addr:housename": null, "addr:postcode": null, "addr:street": null, "alt_name": null, "source": null, "building": null, "addr:housenumber": null, "wikidata": null, "wikipedia": null, "level": null, "branch": null, "check_date": null, "addr:city": null, "wikimedia_commons": null, "brand:en": null, "brand:hi": null, "brand:kn": null, "brand:pa": null, "brand:pnb": null, "brand:ur": null, "brand:wikipedia:pa": null, "name:hi": null, "name:kn": null, "name:pa": null, "name:pnb": null, "name:ur": null, "addr:suburb": null, "note": null, "phone": null, "addr:unit": null, "addr:district": null, "opening_hours": null, "email": null, "fax": null, "addr:city:ur": null, "contact:fax": null, "operator:ur": null, "short_name:ur": null, "description": null, "fixme": null, "check_date:opening_hours": null, "drive_through": null, "highway": null, "traffic_signals": null, "traffic_signals:direction": null, "name:zh": null, "air_conditioning": null, "wheelchair": null, "contact:phone": null, "not:brand:wikidata": null, "opening_hours:covid19": null, "name:mr": null, "internet_access": null, "internet_access:fee": null, "payment:cash": null, "payment:credit_cards": null, "payment:debit_cards": null, "opening_hours:signed": null, "official_name": null, "bank": null, "contact:email": null, "opening_hours:drive_through": null, "addr:floor": null, "building:levels": null }, "geometry": { "type": "Point", "coordinates": [ 72.9088465, 19.11559 ] } },
{ "type": "Feature", "properties": { "element": "node", "id": 6799614988, "amenity": "bank", "atm": null, "brand": null, "brand:wikidata": null, "name": null, "operator": null, "brand:wikipedia": null, "short_name": null, "website": null, "name:en": "UCO Bank (Supreme Infrastructure Ltd.)", "old_name": null, "addr:housename": null, "addr:postcode": "400076", "addr:street": "Apna Bazar", "alt_name": null, "source": null, "building": null, "addr:housenumber": "94/C", "wikidata": null, "wikipedia": null, "level": null, "branch": null, "check_date": null, "addr:city": null, "wikimedia_commons": null, "brand:en": null, "brand:hi": null, "brand:kn": null, "brand:pa": null, "brand:pnb": null, "brand:ur": null, "brand:wikipedia:pa": null, "name:hi": null, "name:kn": null, "name:pa": null, "name:pnb": null, "name:ur": null, "addr:suburb": null, "note": null, "phone": null, "addr:unit": null, "addr:district": null, "opening_hours": null, "email": null, "fax": null, "addr:city:ur": null, "contact:fax": null, "operator:ur": null, "short_name:ur": null, "description": null, "fixme": null, "check_date:opening_hours": null, "drive_through": null, "highway": null, "traffic_signals": null, "traffic_signals:direction": null, "name:zh": null, "air_conditioning": null, "wheelchair": null, "contact:phone": null, "not:brand:wikidata": null, "opening_hours:covid19": null, "name:mr": null, "internet_access": null, "internet_access:fee": null, "payment:cash": null, "payment:credit_cards": null, "payment:debit_cards": null, "opening_hours:signed": null, "official_name": null, "bank": null, "contact:email": null, "opening_hours:drive_through": null, "addr:floor": null, "building:levels": null }, "geometry": { "type": "Point", "coordinates": [ 72.9176276, 19.1255622 ] } },
{ "type": "Feature", "properties": { "element": "node", "id": 6799616186, "amenity": "bank", "atm": null, "brand": "ICICI Bank", "brand:wikidata": "Q1653258", "name": "ICICI Bank", "operator": null, "brand:wikipedia": null, "short_name": "ICICI", "website": null, "name:en": "ICICI", "old_name": null, "addr:housename": null, "addr:postcode": "400076", "addr:street": "Apna bazar", "alt_name": null, "source": null, "building": null, "addr:housenumber": null, "wikidata": null, "wikipedia": null, "level": null, "branch": null, "check_date": null, "addr:city": null, "wikimedia_commons": null, "brand:en": null, "brand:hi": null, "brand:kn": null, "brand:pa": null, "brand:pnb": null, "brand:ur": null, "brand:wikipedia:pa": null, "name:hi": null, "name:kn": null, "name:pa": null, "name:pnb": null, "name:ur": null, "addr:suburb": null, "note": null, "phone": null, "addr:unit": null, "addr:district": null, "opening_hours": null, "email": null, "fax": null, "addr:city:ur": null, "contact:fax": null, "operator:ur": null, "short_name:ur": null, "description": null, "fixme": null, "check_date:opening_hours": null, "drive_through": null, "highway": null, "traffic_signals": null, "traffic_signals:direction": null, "name:zh": null, "air_conditioning": null, "wheelchair": null, "contact:phone": null, "not:brand:wikidata": null, "opening_hours:covid19": null, "name:mr": null, "internet_access": null, "internet_access:fee": null, "payment:cash": null, "payment:credit_cards": null, "payment:debit_cards": null, "opening_hours:signed": null, "official_name": null, "bank": null, "contact:email": null, "opening_hours:drive_through": null, "addr:floor": null, "building:levels": null }, "geometry": { "type": "Point", "coordinates": [ 72.9178937, 19.1253133 ] } },
{ "type": "Feature", "properties": { "element": "node", "id": 6802053484, "amenity": "bank", "atm": null, "brand": "Andhra Bank", "brand:wikidata": "Q2003476", "name": "Andhra Bank", "operator": null, "brand:wikipedia": null, "short_name": null, "website": null, "name:en": null, "old_name": null, "addr:housename": null, "addr:postcode": null, "addr:street": null, "alt_name": null, "source": null, "building": null, "addr:housenumber": null, "wikidata": null, "wikipedia": null, "level": null, "branch": null, "check_date": null, "addr:city": null, "wikimedia_commons": null, "brand:en": null, "brand:hi": null, "brand:kn": null, "brand:pa": null, "brand:pnb": null, "brand:ur": null, "brand:wikipedia:pa": null, "name:hi": null, "name:kn": null, "name:pa": null, "name:pnb": null, "name:ur": null, "addr:suburb": null, "note": null, "phone": null, "addr:unit": null, "addr:district": null, "opening_hours": null, "email": null, "fax": null, "addr:city:ur": null, "contact:fax": null, "operator:ur": null, "short_name:ur": null, "description": null, "fixme": null, "check_date:opening_hours": null, "drive_through": null, "highway": null, "traffic_signals": null, "traffic_signals:direction": null, "name:zh": null, "air_conditioning": null, "wheelchair": null, "contact:phone": null, "not:brand:wikidata": null, "opening_hours:covid19": null, "name:mr": null, "internet_access": null, "internet_access:fee": null, "payment:cash": null, "payment:credit_cards": null, "payment:debit_cards": null, "opening_hours:signed": null, "official_name": null, "bank": null, "contact:email": null, "opening_hours:drive_through": null, "addr:floor": null, "building:levels": null }, "geometry": { "type": "Point", "coordinates": [ 72.9076284, 19.1176428 ] } },
{ "type": "Feature", "properties": { "element": "node", "id": 6802059739, "amenity": "bank", "atm": null, "brand": null, "brand:wikidata": null, "name": "State Bank Of India", "operator": null, "brand:wikipedia": null, "short_name": null, "website": null, "name:en": null, "old_name": null, "addr:housename": null, "addr:postcode": null, "addr:street": null, "alt_name": null, "source": null, "building": null, "addr:housenumber": null, "wikidata": null, "wikipedia": null, "level": null, "branch": null, "check_date": null, "addr:city": null, "wikimedia_commons": null, "brand:en": null, "brand:hi": null, "brand:kn": null, "brand:pa": null, "brand:pnb": null, "brand:ur": null, "brand:wikipedia:pa": null, "name:hi": null, "name:kn": null, "name:pa": null, "name:pnb": null, "name:ur": null, "addr:suburb": null, "note": null, "phone": null, "addr:unit": null, "addr:district": null, "opening_hours": null, "email": null, "fax": null, "addr:city:ur": null, "contact:fax": null, "operator:ur": null, "short_name:ur": null, "description": null, "fixme": null, "check_date:opening_hours": null, "drive_through": null, "highway": null, "traffic_signals": null, "traffic_signals:direction": null, "name:zh": null, "air_conditioning": null, "wheelchair": null, "contact:phone": null, "not:brand:wikidata": null, "opening_hours:covid19": null, "name:mr": null, "internet_access": null, "internet_access:fee": null, "payment:cash": null, "payment:credit_cards": null, "payment:debit_cards": null, "opening_hours:signed": null, "official_name": null, "bank": null, "contact:email": null, "opening_hours:drive_through": null, "addr:floor": null, "building:levels": null }, "geometry": { "type": "Point", "coordinates": [ 72.9526989, 19.1728559 ] } },
{ "type": "Feature", "properties": { "element": "node", "id": 6914500985, "amenity": "bank", "atm": null, "brand": null, "brand:wikidata": null, "name": null, "operator": null, "brand:wikipedia": null, "short_name": null, "website": null, "name:en": "ICICI Prudential mutual funds", "old_name": null, "addr:housename": null, "addr:postcode": null, "addr:street": null, "alt_name": null, "source": null, "building": null, "addr:housenumber": null, "wikidata": null, "wikipedia": null, "level": null, "branch": null, "check_date": null, "addr:city": null, "wikimedia_commons": null, "brand:en": null, "brand:hi": null, "brand:kn": null, "brand:pa": null, "brand:pnb": null, "brand:ur": null, "brand:wikipedia:pa": null, "name:hi": null, "name:kn": null, "name:pa": null, "name:pnb": null, "name:ur": null, "addr:suburb": null, "note": null, "phone": null, "addr:unit": null, "addr:district": null, "opening_hours": null, "email": null, "fax": null, "addr:city:ur": null, "contact:fax": null, "operator:ur": null, "short_name:ur": null, "description": null, "fixme": null, "check_date:opening_hours": null, "drive_through": null, "highway": null, "traffic_signals": null, "traffic_signals:direction": null, "name:zh": null, "air_conditioning": null, "wheelchair": null, "contact:phone": null, "not:brand:wikidata": null, "opening_hours:covid19": null, "name:mr": null, "internet_access": null, "internet_access:fee": null, "payment:cash": null, "payment:credit_cards": null, "payment:debit_cards": null, "opening_hours:signed": null, "official_name": null, "bank": null, "contact:email": null, "opening_hours:drive_through": null, "addr:floor": null, "building:levels": null }, "geometry": { "type": "Point", "coordinates": [ 72.90506, 19.1182894 ] } },
{ "type": "Feature", "properties": { "element": "node", "id": 7046917434, "amenity": "bank", "atm": "yes", "brand": "Syndicate Bank", "brand:wikidata": null, "name": "Syndicate Bank", "operator": null, "brand:wikipedia": null, "short_name": null, "website": null, "name:en": null, "old_name": null, "addr:housename": null, "addr:postcode": null, "addr:street": "Pedder Road (Gopalrao Deshmukh Marg)", "alt_name": null, "source": null, "building": null, "addr:housenumber": null, "wikidata": null, "wikipedia": null, "level": null, "branch": null, "check_date": null, "addr:city": null, "wikimedia_commons": null, "brand:en": null, "brand:hi": null, "brand:kn": null, "brand:pa": null, "brand:pnb": null, "brand:ur": null, "brand:wikipedia:pa": null, "name:hi": null, "name:kn": null, "name:pa": null, "name:pnb": null, "name:ur": null, "addr:suburb": null, "note": null, "phone": null, "addr:unit": null, "addr:district": null, "opening_hours": "Mo-Sa 09:00-15:00; PH closed", "email": null, "fax": null, "addr:city:ur": null, "contact:fax": null, "operator:ur": null, "short_name:ur": null, "description": null, "fixme": null, "check_date:opening_hours": null, "drive_through": null, "highway": null, "traffic_signals": null, "traffic_signals:direction": null, "name:zh": null, "air_conditioning": null, "wheelchair": null, "contact:phone": null, "not:brand:wikidata": null, "opening_hours:covid19": null, "name:mr": null, "internet_access": null, "internet_access:fee": null, "payment:cash": null, "payment:credit_cards": null, "payment:debit_cards": null, "opening_hours:signed": null, "official_name": null, "bank": null, "contact:email": null, "opening_hours:drive_through": null, "addr:floor": null, "building:levels": null }, "geometry": { "type": "Point", "coordinates": [ 72.8090463, 18.9738655 ] } },
{ "type": "Feature", "properties": { "element": "node", "id": 7158055669, "amenity": "bank", "atm": null, "brand": "Oriental Bank of Commerce", "brand:wikidata": null, "name": null, "operator": null, "brand:wikipedia": null, "short_name": null, "website": null, "name:en": null, "old_name": null, "addr:housename": null, "addr:postcode": null, "addr:street": null, "alt_name": null, "source": null, "building": null, "addr:housenumber": null, "wikidata": null, "wikipedia": null, "level": null, "branch": "Four Bungalow, Andheri (W)", "check_date": null, "addr:city": null, "wikimedia_commons": null, "brand:en": null, "brand:hi": null, "brand:kn": null, "brand:pa": null, "brand:pnb": null, "brand:ur": null, "brand:wikipedia:pa": null, "name:hi": null, "name:kn": null, "name:pa": null, "name:pnb": null, "name:ur": null, "addr:suburb": null, "note": null, "phone": null, "addr:unit": null, "addr:district": null, "opening_hours": null, "email": null, "fax": null, "addr:city:ur": null, "contact:fax": null, "operator:ur": null, "short_name:ur": null, "description": null, "fixme": null, "check_date:opening_hours": null, "drive_through": null, "highway": null, "traffic_signals": null, "traffic_signals:direction": null, "name:zh": null, "air_conditioning": null, "wheelchair": null, "contact:phone": null, "not:brand:wikidata": null, "opening_hours:covid19": null, "name:mr": null, "internet_access": null, "internet_access:fee": null, "payment:cash": null, "payment:credit_cards": null, "payment:debit_cards": null, "opening_hours:signed": null, "official_name": null, "bank": null, "contact:email": null, "opening_hours:drive_through": null, "addr:floor": null, "building:levels": null }, "geometry": { "type": "Point", "coordinates": [ 72.8251642, 19.1347426 ] } },
{ "type": "Feature", "properties": { "element": "node", "id": 7229757870, "amenity": "bank", "atm": null, "brand": "Bank of Maharashtra", "brand:wikidata": "Q2004304", "name": "Bank of Maharashtra", "operator": null, "brand:wikipedia": "en:Bank of Maharashtra", "short_name": null, "website": null, "name:en": null, "old_name": null, "addr:housename": null, "addr:postcode": null, "addr:street": null, "alt_name": null, "source": null, "building": null, "addr:housenumber": null, "wikidata": null, "wikipedia": null, "level": null, "branch": null, "check_date": null, "addr:city": null, "wikimedia_commons": null, "brand:en": null, "brand:hi": null, "brand:kn": null, "brand:pa": null, "brand:pnb": null, "brand:ur": null, "brand:wikipedia:pa": null, "name:hi": null, "name:kn": null, "name:pa": null, "name:pnb": null, "name:ur": null, "addr:suburb": null, "note": null, "phone": null, "addr:unit": null, "addr:district": null, "opening_hours": null, "email": null, "fax": null, "addr:city:ur": null, "contact:fax": null, "operator:ur": null, "short_name:ur": null, "description": null, "fixme": null, "check_date:opening_hours": null, "drive_through": null, "highway": null, "traffic_signals": null, "traffic_signals:direction": null, "name:zh": null, "air_conditioning": null, "wheelchair": null, "contact:phone": null, "not:brand:wikidata": null, "opening_hours:covid19": null, "name:mr": null, "internet_access": null, "internet_access:fee": null, "payment:cash": null, "payment:credit_cards": null, "payment:debit_cards": null, "opening_hours:signed": null, "official_name": null, "bank": null, "contact:email": null, "opening_hours:drive_through": null, "addr:floor": null, "building:levels": null }, "geometry": { "type": "Point", "coordinates": [ 72.8475504, 19.0581597 ] } },
{ "type": "Feature", "properties": { "element": "node", "id": 7425718017, "amenity": "bank", "atm": null, "brand": "ICICI Bank", "brand:wikidata": "Q1653258", "name": "ICICI Bank", "operator": null, "brand:wikipedia": "en:ICICI Bank", "short_name": "ICICI", "website": null, "name:en": null, "old_name": null, "addr:housename": null, "addr:postcode": null, "addr:street": null, "alt_name": null, "source": null, "building": null, "addr:housenumber": null, "wikidata": null, "wikipedia": null, "level": "0", "branch": "Lokhandwala Market", "check_date": null, "addr:city": null, "wikimedia_commons": null, "brand:en": null, "brand:hi": null, "brand:kn": null, "brand:pa": null, "brand:pnb": null, "brand:ur": null, "brand:wikipedia:pa": null, "name:hi": null, "name:kn": null, "name:pa": null, "name:pnb": null, "name:ur": null, "addr:suburb": null, "note": null, "phone": null, "addr:unit": null, "addr:district": null, "opening_hours": null, "email": null, "fax": null, "addr:city:ur": null, "contact:fax": null, "operator:ur": null, "short_name:ur": null, "description": null, "fixme": null, "check_date:opening_hours": null, "drive_through": null, "highway": null, "traffic_signals": null, "traffic_signals:direction": null, "name:zh": null, "air_conditioning": null, "wheelchair": "no", "contact:phone": null, "not:brand:wikidata": null, "opening_hours:covid19": null, "name:mr": null, "internet_access": null, "internet_access:fee": null, "payment:cash": null, "payment:credit_cards": null, "payment:debit_cards": null, "opening_hours:signed": null, "official_name": null, "bank": null, "contact:email": null, "opening_hours:drive_through": null, "addr:floor": null, "building:levels": null }, "geometry": { "type": "Point", "coordinates": [ 72.8262041, 19.1403389 ] } },
{ "type": "Feature", "properties": { "element": "node", "id": 7425718026, "amenity": "bank", "atm": null, "brand": "HDFC Bank", "brand:wikidata": "Q631047", "name": "HDFC Bank", "operator": null, "brand:wikipedia": "en:HDFC Bank", "short_name": null, "website": null, "name:en": null, "old_name": null, "addr:housename": null, "addr:postcode": null, "addr:street": null, "alt_name": null, "source": null, "building": null, "addr:housenumber": null, "wikidata": null, "wikipedia": null, "level": null, "branch": null, "check_date": null, "addr:city": null, "wikimedia_commons": null, "brand:en": null, "brand:hi": null, "brand:kn": null, "brand:pa": null, "brand:pnb": null, "brand:ur": null, "brand:wikipedia:pa": null, "name:hi": null, "name:kn": null, "name:pa": null, "name:pnb": null, "name:ur": null, "addr:suburb": null, "note": null, "phone": null, "addr:unit": null, "addr:district": null, "opening_hours": null, "email": null, "fax": null, "addr:city:ur": null, "contact:fax": null, "operator:ur": null, "short_name:ur": null, "description": null, "fixme": null, "check_date:opening_hours": null, "drive_through": null, "highway": null, "traffic_signals": null, "traffic_signals:direction": null, "name:zh": null, "air_conditioning": null, "wheelchair": null, "contact:phone": null, "not:brand:wikidata": null, "opening_hours:covid19": null, "name:mr": null, "internet_access": null, "internet_access:fee": null, "payment:cash": null, "payment:credit_cards": null, "payment:debit_cards": null, "opening_hours:signed": null, "official_name": null, "bank": null, "contact:email": null, "opening_hours:drive_through": null, "addr:floor": null, "building:levels": null }, "geometry": { "type": "Point", "coordinates": [ 72.8241513, 19.1467711 ] } },
{ "type": "Feature", "properties": { "element": "node", "id": 7425718030, "amenity": "bank", "atm": null, "brand": "IndusInd Bank", "brand:wikidata": "Q2040323", "name": "IndusInd Bank", "operator": null, "brand:wikipedia": null, "short_name": null, "website": null, "name:en": null, "old_name": null, "addr:housename": null, "addr:postcode": null, "addr:street": null, "alt_name": null, "source": null, "building": null, "addr:housenumber": null, "wikidata": null, "wikipedia": null, "level": null, "branch": null, "check_date": null, "addr:city": null, "wikimedia_commons": null, "brand:en": null, "brand:hi": null, "brand:kn": null, "brand:pa": null, "brand:pnb": null, "brand:ur": null, "brand:wikipedia:pa": null, "name:hi": null, "name:kn": null, "name:pa": null, "name:pnb": null, "name:ur": null, "addr:suburb": null, "note": null, "phone": null, "addr:unit": null, "addr:district": null, "opening_hours": null, "email": null, "fax": null, "addr:city:ur": null, "contact:fax": null, "operator:ur": null, "short_name:ur": null, "description": null, "fixme": null, "check_date:opening_hours": null, "drive_through": null, "highway": null, "traffic_signals": null, "traffic_signals:direction": null, "name:zh": null, "air_conditioning": null, "wheelchair": null, "contact:phone": null, "not:brand:wikidata": null, "opening_hours:covid19": null, "name:mr": null, "internet_access": null, "internet_access:fee": null, "payment:cash": null, "payment:credit_cards": null, "payment:debit_cards": null, "opening_hours:signed": null, "official_name": null, "bank": null, "contact:email": null, "opening_hours:drive_through": null, "addr:floor": null, "building:levels": null }, "geometry": { "type": "Point", "coordinates": [ 72.8228859, 19.1472341 ] } },
{ "type": "Feature", "properties": { "element": "node", "id": 7484275077, "amenity": "bank", "atm": null, "brand": "Bank of Baroda", "brand:wikidata": "Q2003797", "name": "Bank of Baroda", "operator": null, "brand:wikipedia": "en:Bank of Baroda", "short_name": null, "website": null, "name:en": null, "old_name": null, "addr:housename": null, "addr:postcode": "400068", "addr:street": "Anand Nagar Road", "alt_name": null, "source": null, "building": null, "addr:housenumber": null, "wikidata": null, "wikipedia": null, "level": null, "branch": null, "check_date": null, "addr:city": "MUMBAI", "wikimedia_commons": null, "brand:en": null, "brand:hi": null, "brand:kn": null, "brand:pa": null, "brand:pnb": null, "brand:ur": null, "brand:wikipedia:pa": null, "name:hi": null, "name:kn": null, "name:pa": null, "name:pnb": null, "name:ur": null, "addr:suburb": null, "note": null, "phone": null, "addr:unit": null, "addr:district": null, "opening_hours": "Mo-Fr 09:00-17:00", "email": null, "fax": null, "addr:city:ur": null, "contact:fax": null, "operator:ur": null, "short_name:ur": null, "description": null, "fixme": null, "check_date:opening_hours": null, "drive_through": null, "highway": null, "traffic_signals": null, "traffic_signals:direction": null, "name:zh": null, "air_conditioning": null, "wheelchair": null, "contact:phone": null, "not:brand:wikidata": null, "opening_hours:covid19": null, "name:mr": null, "internet_access": null, "internet_access:fee": null, "payment:cash": null, "payment:credit_cards": null, "payment:debit_cards": null, "opening_hours:signed": null, "official_name": null, "bank": null, "contact:email": null, "opening_hours:drive_through": null, "addr:floor": null, "building:levels": null }, "geometry": { "type": "Point", "coordinates": [ 72.864618, 19.2552562 ] } },
{ "type": "Feature", "properties": { "element": "node", "id": 7626670561, "amenity": "bank", "atm": "yes", "brand": "State Bank of India", "brand:wikidata": "Q1340361", "name": "State Bank of India", "operator": null, "brand:wikipedia": "en:State Bank of India", "short_name": null, "website": null, "name:en": null, "old_name": null, "addr:housename": null, "addr:postcode": null, "addr:street": null, "alt_name": null, "source": null, "building": null, "addr:housenumber": null, "wikidata": null, "wikipedia": null, "level": null, "branch": null, "check_date": null, "addr:city": null, "wikimedia_commons": null, "brand:en": null, "brand:hi": null, "brand:kn": null, "brand:pa": null, "brand:pnb": null, "brand:ur": null, "brand:wikipedia:pa": null, "name:hi": null, "name:kn": null, "name:pa": null, "name:pnb": null, "name:ur": null, "addr:suburb": null, "note": null, "phone": null, "addr:unit": null, "addr:district": null, "opening_hours": null, "email": null, "fax": null, "addr:city:ur": null, "contact:fax": null, "operator:ur": null, "short_name:ur": null, "description": null, "fixme": null, "check_date:opening_hours": null, "drive_through": "no", "highway": null, "traffic_signals": null, "traffic_signals:direction": null, "name:zh": null, "air_conditioning": null, "wheelchair": null, "contact:phone": null, "not:brand:wikidata": null, "opening_hours:covid19": null, "name:mr": null, "internet_access": null, "internet_access:fee": null, "payment:cash": null, "payment:credit_cards": null, "payment:debit_cards": null, "opening_hours:signed": null, "official_name": null, "bank": null, "contact:email": null, "opening_hours:drive_through": null, "addr:floor": null, "building:levels": null }, "geometry": { "type": "Point", "coordinates": [ 72.9222728, 19.04195 ] } },
{ "type": "Feature", "properties": { "element": "node", "id": 7842942530, "amenity": "bank", "atm": null, "brand": null, "brand:wikidata": null, "name": "Citizen Credit Co-op Bank", "operator": null, "brand:wikipedia": null, "short_name": null, "website": null, "name:en": null, "old_name": null, "addr:housename": null, "addr:postcode": null, "addr:street": "Perry Road", "alt_name": null, "source": null, "building": null, "addr:housenumber": null, "wikidata": null, "wikipedia": null, "level": null, "branch": null, "check_date": null, "addr:city": null, "wikimedia_commons": null, "brand:en": null, "brand:hi": null, "brand:kn": null, "brand:pa": null, "brand:pnb": null, "brand:ur": null, "brand:wikipedia:pa": null, "name:hi": null, "name:kn": null, "name:pa": null, "name:pnb": null, "name:ur": null, "addr:suburb": null, "note": null, "phone": null, "addr:unit": null, "addr:district": null, "opening_hours": "Mo-Fr 9:15-13:00", "email": null, "fax": null, "addr:city:ur": null, "contact:fax": null, "operator:ur": null, "short_name:ur": null, "description": null, "fixme": null, "check_date:opening_hours": null, "drive_through": null, "highway": null, "traffic_signals": null, "traffic_signals:direction": null, "name:zh": null, "air_conditioning": null, "wheelchair": null, "contact:phone": "02226430802", "not:brand:wikidata": null, "opening_hours:covid19": null, "name:mr": null, "internet_access": null, "internet_access:fee": null, "payment:cash": null, "payment:credit_cards": null, "payment:debit_cards": null, "opening_hours:signed": null, "official_name": null, "bank": null, "contact:email": null, "opening_hours:drive_through": null, "addr:floor": null, "building:levels": null }, "geometry": { "type": "Point", "coordinates": [ 72.8290268, 19.059488 ] } },
{ "type": "Feature", "properties": { "element": "node", "id": 7925356116, "amenity": "bank", "atm": null, "brand": "Corporation Bank", "brand:wikidata": "Q2003387", "name": "Corporation Bank", "operator": null, "brand:wikipedia": "en:Corporation Bank", "short_name": null, "website": null, "name:en": null, "old_name": null, "addr:housename": null, "addr:postcode": null, "addr:street": null, "alt_name": null, "source": null, "building": null, "addr:housenumber": null, "wikidata": null, "wikipedia": null, "level": null, "branch": null, "check_date": "2026-03-12", "addr:city": null, "wikimedia_commons": null, "brand:en": null, "brand:hi": null, "brand:kn": null, "brand:pa": null, "brand:pnb": null, "brand:ur": null, "brand:wikipedia:pa": null, "name:hi": null, "name:kn": null, "name:pa": null, "name:pnb": null, "name:ur": null, "addr:suburb": null, "note": null, "phone": null, "addr:unit": null, "addr:district": null, "opening_hours": null, "email": null, "fax": null, "addr:city:ur": null, "contact:fax": null, "operator:ur": null, "short_name:ur": null, "description": null, "fixme": null, "check_date:opening_hours": null, "drive_through": null, "highway": null, "traffic_signals": null, "traffic_signals:direction": null, "name:zh": null, "air_conditioning": null, "wheelchair": null, "contact:phone": null, "not:brand:wikidata": "Q2004078", "opening_hours:covid19": null, "name:mr": null, "internet_access": null, "internet_access:fee": null, "payment:cash": null, "payment:credit_cards": null, "payment:debit_cards": null, "opening_hours:signed": null, "official_name": null, "bank": null, "contact:email": null, "opening_hours:drive_through": null, "addr:floor": null, "building:levels": null }, "geometry": { "type": "Point", "coordinates": [ 72.8318235, 18.9437972 ] } },
{ "type": "Feature", "properties": { "element": "node", "id": 8399715871, "amenity": "bank", "atm": "yes", "brand": null, "brand:wikidata": null, "name": "Dena Bank", "operator": "Government of India", "brand:wikipedia": null, "short_name": null, "website": null, "name:en": null, "old_name": null, "addr:housename": null, "addr:postcode": "400067", "addr:street": "Jivdeep CHS, sector 5 Charkop,", "alt_name": null, "source": null, "building": null, "addr:housenumber": "Road no 4,", "wikidata": null, "wikipedia": null, "level": null, "branch": null, "check_date": null, "addr:city": "Mumbai", "wikimedia_commons": null, "brand:en": null, "brand:hi": null, "brand:kn": null, "brand:pa": null, "brand:pnb": null, "brand:ur": null, "brand:wikipedia:pa": null, "name:hi": null, "name:kn": null, "name:pa": null, "name:pnb": null, "name:ur": null, "addr:suburb": null, "note": null, "phone": null, "addr:unit": null, "addr:district": null, "opening_hours": "Mo-Fr 09:00-17:00", "email": null, "fax": null, "addr:city:ur": null, "contact:fax": null, "operator:ur": null, "short_name:ur": null, "description": null, "fixme": null, "check_date:opening_hours": null, "drive_through": null, "highway": null, "traffic_signals": null, "traffic_signals:direction": null, "name:zh": null, "air_conditioning": null, "wheelchair": null, "contact:phone": null, "not:brand:wikidata": null, "opening_hours:covid19": "off", "name:mr": null, "internet_access": null, "internet_access:fee": null, "payment:cash": null, "payment:credit_cards": null, "payment:debit_cards": null, "opening_hours:signed": null, "official_name": null, "bank": null, "contact:email": null, "opening_hours:drive_through": null, "addr:floor": null, "building:levels": null }, "geometry": { "type": "Point", "coordinates": [ 72.8252245, 19.2153382 ] } },
{ "type": "Feature", "properties": { "element": "node", "id": 8448096886, "amenity": "bank", "atm": null, "brand": "State Bank of India", "brand:wikidata": "Q1340361", "name": "State Bank of India", "operator": null, "brand:wikipedia": null, "short_name": "SBI", "website": null, "name:en": null, "old_name": null, "addr:housename": null, "addr:postcode": "400099", "addr:street": null, "alt_name": null, "source": null, "building": null, "addr:housenumber": null, "wikidata": null, "wikipedia": null, "level": null, "branch": null, "check_date": null, "addr:city": "mumbai", "wikimedia_commons": null, "brand:en": null, "brand:hi": null, "brand:kn": null, "brand:pa": null, "brand:pnb": null, "brand:ur": null, "brand:wikipedia:pa": null, "name:hi": null, "name:kn": null, "name:pa": null, "name:pnb": null, "name:ur": null, "addr:suburb": null, "note": null, "phone": null, "addr:unit": null, "addr:district": null, "opening_hours": "Mo-Sa 10:00-04:00", "email": null, "fax": null, "addr:city:ur": null, "contact:fax": null, "operator:ur": null, "short_name:ur": null, "description": null, "fixme": null, "check_date:opening_hours": null, "drive_through": null, "highway": null, "traffic_signals": null, "traffic_signals:direction": null, "name:zh": null, "air_conditioning": null, "wheelchair": null, "contact:phone": null, "not:brand:wikidata": null, "opening_hours:covid19": null, "name:mr": null, "internet_access": null, "internet_access:fee": null, "payment:cash": null, "payment:credit_cards": null, "payment:debit_cards": null, "opening_hours:signed": null, "official_name": null, "bank": null, "contact:email": null, "opening_hours:drive_through": null, "addr:floor": null, "building:levels": null }, "geometry": { "type": "Point", "coordinates": [ 72.8655063, 19.0962481 ] } },
{ "type": "Feature", "properties": { "element": "node", "id": 8473218127, "amenity": "bank", "atm": null, "brand": "ICICI Bank", "brand:wikidata": "Q1653258", "name": "ICICI Bank", "operator": null, "brand:wikipedia": "en:ICICI Bank", "short_name": "ICICI", "website": null, "name:en": null, "old_name": null, "addr:housename": null, "addr:postcode": "400077", "addr:street": "Janata Society Road", "alt_name": null, "source": null, "building": null, "addr:housenumber": "Shop No 3 & 4, Plot No 296, Jai Kisan Chs, Pant Nagar, Ghatkopar East,", "wikidata": null, "wikipedia": null, "level": null, "branch": null, "check_date": null, "addr:city": "Mumbai", "wikimedia_commons": null, "brand:en": null, "brand:hi": null, "brand:kn": null, "brand:pa": null, "brand:pnb": null, "brand:ur": null, "brand:wikipedia:pa": null, "name:hi": null, "name:kn": null, "name:pa": null, "name:pnb": null, "name:ur": null, "addr:suburb": null, "note": null, "phone": null, "addr:unit": null, "addr:district": null, "opening_hours": null, "email": null, "fax": null, "addr:city:ur": null, "contact:fax": null, "operator:ur": null, "short_name:ur": null, "description": null, "fixme": null, "check_date:opening_hours": null, "drive_through": null, "highway": null, "traffic_signals": null, "traffic_signals:direction": null, "name:zh": null, "air_conditioning": null, "wheelchair": null, "contact:phone": null, "not:brand:wikidata": null, "opening_hours:covid19": null, "name:mr": null, "internet_access": null, "internet_access:fee": null, "payment:cash": null, "payment:credit_cards": null, "payment:debit_cards": null, "opening_hours:signed": null, "official_name": null, "bank": null, "contact:email": null, "opening_hours:drive_through": null, "addr:floor": null, "building:levels": null }, "geometry": { "type": "Point", "coordinates": [ 72.9094371, 19.0789855 ] } },
{ "type": "Feature", "properties": { "element": "node", "id": 8718465671, "amenity": "bank", "atm": "yes", "brand": "Bank of India", "brand:wikidata": "Q2004439", "name": "Bank of India", "operator": null, "brand:wikipedia": "en:Bank of India", "short_name": null, "website": null, "name:en": null, "old_name": null, "addr:housename": null, "addr:postcode": "400008", "addr:street": null, "alt_name": null, "source": null, "building": null, "addr:housenumber": null, "wikidata": null, "wikipedia": null, "level": null, "branch": null, "check_date": null, "addr:city": "Mumbai", "wikimedia_commons": null, "brand:en": null, "brand:hi": null, "brand:kn": null, "brand:pa": null, "brand:pnb": null, "brand:ur": null, "brand:wikipedia:pa": null, "name:hi": null, "name:kn": null, "name:pa": null, "name:pnb": null, "name:ur": null, "addr:suburb": null, "note": null, "phone": null, "addr:unit": null, "addr:district": null, "opening_hours": null, "email": null, "fax": null, "addr:city:ur": null, "contact:fax": null, "operator:ur": null, "short_name:ur": null, "description": null, "fixme": null, "check_date:opening_hours": null, "drive_through": null, "highway": null, "traffic_signals": null, "traffic_signals:direction": null, "name:zh": null, "air_conditioning": null, "wheelchair": null, "contact:phone": null, "not:brand:wikidata": null, "opening_hours:covid19": null, "name:mr": null, "internet_access": null, "internet_access:fee": null, "payment:cash": null, "payment:credit_cards": null, "payment:debit_cards": null, "opening_hours:signed": null, "official_name": null, "bank": null, "contact:email": null, "opening_hours:drive_through": null, "addr:floor": null, "building:levels": null }, "geometry": { "type": "Point", "coordinates": [ 72.8331718, 18.9665015 ] } },
{ "type": "Feature", "properties": { "element": "node", "id": 8839016426, "amenity": "bank", "atm": "yes", "brand": "Bank of Baroda", "brand:wikidata": "Q2003797", "name": "Bank of Baroda", "operator": null, "brand:wikipedia": "en:Bank of Baroda", "short_name": null, "website": null, "name:en": null, "old_name": null, "addr:housename": null, "addr:postcode": null, "addr:street": null, "alt_name": null, "source": null, "building": null, "addr:housenumber": null, "wikidata": null, "wikipedia": null, "level": null, "branch": null, "check_date": null, "addr:city": null, "wikimedia_commons": null, "brand:en": null, "brand:hi": null, "brand:kn": null, "brand:pa": null, "brand:pnb": null, "brand:ur": null, "brand:wikipedia:pa": null, "name:hi": null, "name:kn": null, "name:pa": null, "name:pnb": null, "name:ur": null, "addr:suburb": null, "note": null, "phone": null, "addr:unit": null, "addr:district": null, "opening_hours": null, "email": null, "fax": null, "addr:city:ur": null, "contact:fax": null, "operator:ur": null, "short_name:ur": null, "description": null, "fixme": null, "check_date:opening_hours": null, "drive_through": null, "highway": null, "traffic_signals": null, "traffic_signals:direction": null, "name:zh": null, "air_conditioning": null, "wheelchair": null, "contact:phone": null, "not:brand:wikidata": null, "opening_hours:covid19": null, "name:mr": null, "internet_access": null, "internet_access:fee": null, "payment:cash": null, "payment:credit_cards": null, "payment:debit_cards": null, "opening_hours:signed": null, "official_name": null, "bank": null, "contact:email": null, "opening_hours:drive_through": null, "addr:floor": null, "building:levels": null }, "geometry": { "type": "Point", "coordinates": [ 72.8227002, 18.957899 ] } },
{ "type": "Feature", "properties": { "element": "node", "id": 8981778718, "amenity": "bank", "atm": null, "brand": "HDFC Bank", "brand:wikidata": "Q631047", "name": "HDFC Bank", "operator": null, "brand:wikipedia": null, "short_name": "HDFC", "website": null, "name:en": null, "old_name": null, "addr:housename": null, "addr:postcode": "400058", "addr:street": null, "alt_name": null, "source": null, "building": null, "addr:housenumber": null, "wikidata": null, "wikipedia": null, "level": null, "branch": null, "check_date": null, "addr:city": null, "wikimedia_commons": null, "brand:en": null, "brand:hi": null, "brand:kn": null, "brand:pa": null, "brand:pnb": null, "brand:ur": null, "brand:wikipedia:pa": null, "name:hi": null, "name:kn": null, "name:pa": null, "name:pnb": null, "name:ur": null, "addr:suburb": null, "note": null, "phone": null, "addr:unit": null, "addr:district": null, "opening_hours": null, "email": null, "fax": null, "addr:city:ur": null, "contact:fax": null, "operator:ur": null, "short_name:ur": null, "description": null, "fixme": null, "check_date:opening_hours": null, "drive_through": null, "highway": null, "traffic_signals": null, "traffic_signals:direction": null, "name:zh": null, "air_conditioning": null, "wheelchair": null, "contact:phone": null, "not:brand:wikidata": null, "opening_hours:covid19": null, "name:mr": null, "internet_access": null, "internet_access:fee": null, "payment:cash": null, "payment:credit_cards": null, "payment:debit_cards": null, "opening_hours:signed": null, "official_name": null, "bank": null, "contact:email": null, "opening_hours:drive_through": null, "addr:floor": null, "building:levels": null }, "geometry": { "type": "Point", "coordinates": [ 72.8387941, 19.1263963 ] } },
{ "type": "Feature", "properties": { "element": "node", "id": 9042224334, "amenity": "bank", "atm": null, "brand": null, "brand:wikidata": null, "name": "ICICI", "operator": null, "brand:wikipedia": null, "short_name": null, "website": null, "name:en": null, "old_name": null, "addr:housename": null, "addr:postcode": null, "addr:street": null, "alt_name": null, "source": null, "building": null, "addr:housenumber": null, "wikidata": null, "wikipedia": null, "level": null, "branch": null, "check_date": null, "addr:city": null, "wikimedia_commons": null, "brand:en": null, "brand:hi": null, "brand:kn": null, "brand:pa": null, "brand:pnb": null, "brand:ur": null, "brand:wikipedia:pa": null, "name:hi": null, "name:kn": null, "name:pa": null, "name:pnb": null, "name:ur": null, "addr:suburb": null, "note": null, "phone": null, "addr:unit": null, "addr:district": null, "opening_hours": null, "email": null, "fax": null, "addr:city:ur": null, "contact:fax": null, "operator:ur": null, "short_name:ur": null, "description": null, "fixme": null, "check_date:opening_hours": null, "drive_through": null, "highway": null, "traffic_signals": null, "traffic_signals:direction": null, "name:zh": null, "air_conditioning": null, "wheelchair": null, "contact:phone": null, "not:brand:wikidata": null, "opening_hours:covid19": null, "name:mr": null, "internet_access": null, "internet_access:fee": null, "payment:cash": null, "payment:credit_cards": null, "payment:debit_cards": null, "opening_hours:signed": null, "official_name": null, "bank": null, "contact:email": null, "opening_hours:drive_through": null, "addr:floor": null, "building:levels": null }, "geometry": { "type": "Point", "coordinates": [ 72.9601413, 19.1659918 ] } },
{ "type": "Feature", "properties": { "element": "node", "id": 9047334658, "amenity": "bank", "atm": null, "brand": "ICICI Bank", "brand:wikidata": null, "name": "ICICI Bank", "operator": null, "brand:wikipedia": null, "short_name": null, "website": null, "name:en": null, "old_name": null, "addr:housename": null, "addr:postcode": null, "addr:street": null, "alt_name": null, "source": null, "building": null, "addr:housenumber": null, "wikidata": null, "wikipedia": null, "level": null, "branch": null, "check_date": null, "addr:city": null, "wikimedia_commons": null, "brand:en": null, "brand:hi": null, "brand:kn": null, "brand:pa": null, "brand:pnb": null, "brand:ur": null, "brand:wikipedia:pa": null, "name:hi": null, "name:kn": null, "name:pa": null, "name:pnb": null, "name:ur": null, "addr:suburb": null, "note": null, "phone": null, "addr:unit": null, "addr:district": null, "opening_hours": null, "email": null, "fax": null, "addr:city:ur": null, "contact:fax": null, "operator:ur": null, "short_name:ur": null, "description": null, "fixme": null, "check_date:opening_hours": null, "drive_through": null, "highway": null, "traffic_signals": null, "traffic_signals:direction": null, "name:zh": null, "air_conditioning": null, "wheelchair": null, "contact:phone": null, "not:brand:wikidata": null, "opening_hours:covid19": null, "name:mr": null, "internet_access": null, "internet_access:fee": null, "payment:cash": null, "payment:credit_cards": null, "payment:debit_cards": null, "opening_hours:signed": null, "official_name": null, "bank": null, "contact:email": null, "opening_hours:drive_through": null, "addr:floor": null, "building:levels": null }, "geometry": { "type": "Point", "coordinates": [ 72.9502404, 19.1727237 ] } },
{ "type": "Feature", "properties": { "element": "node", "id": 9115783841, "amenity": "bank", "atm": null, "brand": "RBL Bank", "brand:wikidata": "Q13120398", "name": "RBL Bank", "operator": null, "brand:wikipedia": null, "short_name": null, "website": null, "name:en": null, "old_name": null, "addr:housename": null, "addr:postcode": null, "addr:street": null, "alt_name": null, "source": null, "building": null, "addr:housenumber": null, "wikidata": null, "wikipedia": null, "level": null, "branch": null, "check_date": null, "addr:city": null, "wikimedia_commons": null, "brand:en": null, "brand:hi": null, "brand:kn": null, "brand:pa": null, "brand:pnb": null, "brand:ur": null, "brand:wikipedia:pa": null, "name:hi": null, "name:kn": null, "name:pa": null, "name:pnb": null, "name:ur": null, "addr:suburb": null, "note": null, "phone": null, "addr:unit": null, "addr:district": null, "opening_hours": null, "email": null, "fax": null, "addr:city:ur": null, "contact:fax": null, "operator:ur": null, "short_name:ur": null, "description": null, "fixme": null, "check_date:opening_hours": null, "drive_through": null, "highway": null, "traffic_signals": null, "traffic_signals:direction": null, "name:zh": null, "air_conditioning": null, "wheelchair": null, "contact:phone": null, "not:brand:wikidata": null, "opening_hours:covid19": null, "name:mr": null, "internet_access": null, "internet_access:fee": null, "payment:cash": null, "payment:credit_cards": null, "payment:debit_cards": null, "opening_hours:signed": null, "official_name": null, "bank": null, "contact:email": null, "opening_hours:drive_through": null, "addr:floor": null, "building:levels": null }, "geometry": { "type": "Point", "coordinates": [ 72.8412507, 19.2236967 ] } },
{ "type": "Feature", "properties": { "element": "node", "id": 9118087831, "amenity": "bank", "atm": null, "brand": "UCO Bank", "brand:wikidata": "Q2005310", "name": "UCO Bank", "operator": null, "brand:wikipedia": null, "short_name": null, "website": null, "name:en": null, "old_name": null, "addr:housename": null, "addr:postcode": null, "addr:street": null, "alt_name": null, "source": null, "building": null, "addr:housenumber": null, "wikidata": null, "wikipedia": null, "level": null, "branch": null, "check_date": null, "addr:city": null, "wikimedia_commons": null, "brand:en": null, "brand:hi": null, "brand:kn": null, "brand:pa": null, "brand:pnb": null, "brand:ur": null, "brand:wikipedia:pa": null, "name:hi": null, "name:kn": null, "name:pa": null, "name:pnb": null, "name:ur": null, "addr:suburb": null, "note": null, "phone": null, "addr:unit": null, "addr:district": null, "opening_hours": null, "email": null, "fax": null, "addr:city:ur": null, "contact:fax": null, "operator:ur": null, "short_name:ur": null, "description": null, "fixme": null, "check_date:opening_hours": null, "drive_through": null, "highway": null, "traffic_signals": null, "traffic_signals:direction": null, "name:zh": null, "air_conditioning": null, "wheelchair": null, "contact:phone": null, "not:brand:wikidata": null, "opening_hours:covid19": null, "name:mr": null, "internet_access": null, "internet_access:fee": null, "payment:cash": null, "payment:credit_cards": null, "payment:debit_cards": null, "opening_hours:signed": null, "official_name": null, "bank": null, "contact:email": null, "opening_hours:drive_through": null, "addr:floor": null, "building:levels": null }, "geometry": { "type": "Point", "coordinates": [ 72.8254672, 19.1287614 ] } },
{ "type": "Feature", "properties": { "element": "node", "id": 9118087861, "amenity": "bank", "atm": null, "brand": "State Bank of India", "brand:wikidata": "Q1340361", "name": "State Bank of India", "operator": null, "brand:wikipedia": null, "short_name": "SBI", "website": null, "name:en": null, "old_name": null, "addr:housename": null, "addr:postcode": null, "addr:street": null, "alt_name": null, "source": null, "building": null, "addr:housenumber": null, "wikidata": null, "wikipedia": null, "level": null, "branch": "Versova", "check_date": "2025-10-18", "addr:city": null, "wikimedia_commons": null, "brand:en": null, "brand:hi": null, "brand:kn": null, "brand:pa": null, "brand:pnb": null, "brand:ur": null, "brand:wikipedia:pa": null, "name:hi": null, "name:kn": null, "name:pa": null, "name:pnb": null, "name:ur": null, "addr:suburb": null, "note": null, "phone": null, "addr:unit": null, "addr:district": null, "opening_hours": "Mo-Sa 09:00-16:00", "email": null, "fax": null, "addr:city:ur": null, "contact:fax": null, "operator:ur": null, "short_name:ur": null, "description": null, "fixme": null, "check_date:opening_hours": null, "drive_through": null, "highway": null, "traffic_signals": null, "traffic_signals:direction": null, "name:zh": null, "air_conditioning": null, "wheelchair": null, "contact:phone": null, "not:brand:wikidata": null, "opening_hours:covid19": null, "name:mr": null, "internet_access": null, "internet_access:fee": null, "payment:cash": null, "payment:credit_cards": null, "payment:debit_cards": null, "opening_hours:signed": null, "official_name": null, "bank": null, "contact:email": null, "opening_hours:drive_through": null, "addr:floor": null, "building:levels": null }, "geometry": { "type": "Point", "coordinates": [ 72.8237765, 19.1295027 ] } },
{ "type": "Feature", "properties": { "element": "node", "id": 9122423232, "amenity": "bank", "atm": null, "brand": "Canara Bank", "brand:wikidata": null, "name": null, "operator": null, "brand:wikipedia": null, "short_name": null, "website": null, "name:en": null, "old_name": null, "addr:housename": null, "addr:postcode": null, "addr:street": null, "alt_name": null, "source": null, "building": null, "addr:housenumber": null, "wikidata": null, "wikipedia": null, "level": null, "branch": "Versova", "check_date": null, "addr:city": null, "wikimedia_commons": null, "brand:en": null, "brand:hi": null, "brand:kn": null, "brand:pa": null, "brand:pnb": null, "brand:ur": null, "brand:wikipedia:pa": null, "name:hi": null, "name:kn": null, "name:pa": null, "name:pnb": null, "name:ur": null, "addr:suburb": null, "note": null, "phone": null, "addr:unit": null, "addr:district": null, "opening_hours": null, "email": null, "fax": null, "addr:city:ur": null, "contact:fax": null, "operator:ur": null, "short_name:ur": null, "description": null, "fixme": null, "check_date:opening_hours": null, "drive_through": null, "highway": null, "traffic_signals": null, "traffic_signals:direction": null, "name:zh": null, "air_conditioning": null, "wheelchair": null, "contact:phone": null, "not:brand:wikidata": null, "opening_hours:covid19": null, "name:mr": null, "internet_access": null, "internet_access:fee": null, "payment:cash": null, "payment:credit_cards": null, "payment:debit_cards": null, "opening_hours:signed": null, "official_name": null, "bank": null, "contact:email": null, "opening_hours:drive_through": null, "addr:floor": null, "building:levels": null }, "geometry": { "type": "Point", "coordinates": [ 72.817868, 19.1296329 ] } },
{ "type": "Feature", "properties": { "element": "node", "id": 9124396662, "amenity": "bank", "atm": null, "brand": "IDFC First Bank", "brand:wikidata": "Q22031467", "name": "IDFC First Bank", "operator": null, "brand:wikipedia": null, "short_name": null, "website": null, "name:en": null, "old_name": null, "addr:housename": null, "addr:postcode": null, "addr:street": null, "alt_name": null, "source": null, "building": null, "addr:housenumber": null, "wikidata": null, "wikipedia": null, "level": "0", "branch": "Andheri West", "check_date": null, "addr:city": null, "wikimedia_commons": null, "brand:en": null, "brand:hi": null, "brand:kn": null, "brand:pa": null, "brand:pnb": null, "brand:ur": null, "brand:wikipedia:pa": null, "name:hi": null, "name:kn": null, "name:pa": null, "name:pnb": null, "name:ur": null, "addr:suburb": null, "note": null, "phone": null, "addr:unit": null, "addr:district": null, "opening_hours": null, "email": null, "fax": null, "addr:city:ur": null, "contact:fax": null, "operator:ur": null, "short_name:ur": null, "description": null, "fixme": null, "check_date:opening_hours": null, "drive_through": null, "highway": null, "traffic_signals": null, "traffic_signals:direction": null, "name:zh": null, "air_conditioning": null, "wheelchair": "limited", "contact:phone": null, "not:brand:wikidata": null, "opening_hours:covid19": null, "name:mr": null, "internet_access": null, "internet_access:fee": null, "payment:cash": null, "payment:credit_cards": null, "payment:debit_cards": null, "opening_hours:signed": null, "official_name": null, "bank": null, "contact:email": null, "opening_hours:drive_through": null, "addr:floor": null, "building:levels": null }, "geometry": { "type": "Point", "coordinates": [ 72.8258548, 19.1317076 ] } },
{ "type": "Feature", "properties": { "element": "node", "id": 9124396670, "amenity": "bank", "atm": null, "brand": "IndusInd Bank", "brand:wikidata": "Q2040323", "name": "IndusInd Bank", "operator": null, "brand:wikipedia": null, "short_name": null, "website": null, "name:en": null, "old_name": null, "addr:housename": null, "addr:postcode": null, "addr:street": null, "alt_name": null, "source": null, "building": null, "addr:housenumber": null, "wikidata": null, "wikipedia": null, "level": "0", "branch": null, "check_date": null, "addr:city": null, "wikimedia_commons": null, "brand:en": null, "brand:hi": null, "brand:kn": null, "brand:pa": null, "brand:pnb": null, "brand:ur": null, "brand:wikipedia:pa": null, "name:hi": null, "name:kn": null, "name:pa": null, "name:pnb": null, "name:ur": null, "addr:suburb": null, "note": null, "phone": null, "addr:unit": null, "addr:district": null, "opening_hours": null, "email": null, "fax": null, "addr:city:ur": null, "contact:fax": null, "operator:ur": null, "short_name:ur": null, "description": null, "fixme": null, "check_date:opening_hours": null, "drive_through": null, "highway": null, "traffic_signals": null, "traffic_signals:direction": null, "name:zh": null, "air_conditioning": null, "wheelchair": "limited", "contact:phone": null, "not:brand:wikidata": null, "opening_hours:covid19": null, "name:mr": null, "internet_access": null, "internet_access:fee": null, "payment:cash": null, "payment:credit_cards": null, "payment:debit_cards": null, "opening_hours:signed": null, "official_name": null, "bank": null, "contact:email": null, "opening_hours:drive_through": null, "addr:floor": null, "building:levels": null }, "geometry": { "type": "Point", "coordinates": [ 72.8258606, 19.1316188 ] } },
{ "type": "Feature", "properties": { "element": "node", "id": 9125877270, "amenity": "bank", "atm": null, "brand": "Union Bank of India", "brand:wikidata": "Q2004078", "name": "Union Bank of India", "operator": null, "brand:wikipedia": null, "short_name": null, "website": null, "name:en": null, "old_name": null, "addr:housename": null, "addr:postcode": null, "addr:street": null, "alt_name": null, "source": null, "building": null, "addr:housenumber": null, "wikidata": null, "wikipedia": null, "level": null, "branch": null, "check_date": null, "addr:city": null, "wikimedia_commons": null, "brand:en": null, "brand:hi": null, "brand:kn": null, "brand:pa": null, "brand:pnb": null, "brand:ur": null, "brand:wikipedia:pa": null, "name:hi": null, "name:kn": null, "name:pa": null, "name:pnb": null, "name:ur": null, "addr:suburb": null, "note": null, "phone": null, "addr:unit": null, "addr:district": null, "opening_hours": null, "email": null, "fax": null, "addr:city:ur": null, "contact:fax": null, "operator:ur": null, "short_name:ur": null, "description": null, "fixme": null, "check_date:opening_hours": null, "drive_through": null, "highway": null, "traffic_signals": null, "traffic_signals:direction": null, "name:zh": null, "air_conditioning": null, "wheelchair": null, "contact:phone": null, "not:brand:wikidata": null, "opening_hours:covid19": null, "name:mr": null, "internet_access": null, "internet_access:fee": null, "payment:cash": null, "payment:credit_cards": null, "payment:debit_cards": null, "opening_hours:signed": null, "official_name": null, "bank": null, "contact:email": null, "opening_hours:drive_through": null, "addr:floor": null, "building:levels": null }, "geometry": { "type": "Point", "coordinates": [ 72.8254735, 19.1376115 ] } },
{ "type": "Feature", "properties": { "element": "node", "id": 9125877272, "amenity": "bank", "atm": null, "brand": "Kotak Mahindra Bank", "brand:wikidata": "Q2040404", "name": "Kotak Mahindra Bank", "operator": null, "brand:wikipedia": null, "short_name": null, "website": null, "name:en": null, "old_name": null, "addr:housename": null, "addr:postcode": null, "addr:street": null, "alt_name": null, "source": null, "building": null, "addr:housenumber": null, "wikidata": null, "wikipedia": null, "level": null, "branch": null, "check_date": null, "addr:city": null, "wikimedia_commons": null, "brand:en": null, "brand:hi": null, "brand:kn": null, "brand:pa": null, "brand:pnb": null, "brand:ur": null, "brand:wikipedia:pa": null, "name:hi": null, "name:kn": null, "name:pa": null, "name:pnb": null, "name:ur": null, "addr:suburb": null, "note": null, "phone": null, "addr:unit": null, "addr:district": null, "opening_hours": null, "email": null, "fax": null, "addr:city:ur": null, "contact:fax": null, "operator:ur": null, "short_name:ur": null, "description": null, "fixme": null, "check_date:opening_hours": null, "drive_through": null, "highway": null, "traffic_signals": null, "traffic_signals:direction": null, "name:zh": null, "air_conditioning": null, "wheelchair": null, "contact:phone": null, "not:brand:wikidata": null, "opening_hours:covid19": null, "name:mr": null, "internet_access": null, "internet_access:fee": null, "payment:cash": null, "payment:credit_cards": null, "payment:debit_cards": null, "opening_hours:signed": null, "official_name": null, "bank": null, "contact:email": null, "opening_hours:drive_through": null, "addr:floor": null, "building:levels": null }, "geometry": { "type": "Point", "coordinates": [ 72.8254745, 19.1376954 ] } },
{ "type": "Feature", "properties": { "element": "node", "id": 9125877274, "amenity": "bank", "atm": null, "brand": "Bank of Baroda", "brand:wikidata": "Q2003797", "name": "Bank of Baroda", "operator": null, "brand:wikipedia": null, "short_name": null, "website": null, "name:en": null, "old_name": null, "addr:housename": null, "addr:postcode": null, "addr:street": null, "alt_name": null, "source": null, "building": null, "addr:housenumber": null, "wikidata": null, "wikipedia": null, "level": null, "branch": "Lokhandwala Complex", "check_date": null, "addr:city": null, "wikimedia_commons": null, "brand:en": null, "brand:hi": null, "brand:kn": null, "brand:pa": null, "brand:pnb": null, "brand:ur": null, "brand:wikipedia:pa": null, "name:hi": null, "name:kn": null, "name:pa": null, "name:pnb": null, "name:ur": null, "addr:suburb": null, "note": null, "phone": null, "addr:unit": null, "addr:district": null, "opening_hours": null, "email": null, "fax": null, "addr:city:ur": null, "contact:fax": null, "operator:ur": null, "short_name:ur": null, "description": null, "fixme": null, "check_date:opening_hours": null, "drive_through": null, "highway": null, "traffic_signals": null, "traffic_signals:direction": null, "name:zh": null, "air_conditioning": null, "wheelchair": null, "contact:phone": null, "not:brand:wikidata": null, "opening_hours:covid19": null, "name:mr": null, "internet_access": null, "internet_access:fee": null, "payment:cash": null, "payment:credit_cards": null, "payment:debit_cards": null, "opening_hours:signed": null, "official_name": null, "bank": null, "contact:email": null, "opening_hours:drive_through": null, "addr:floor": null, "building:levels": null }, "geometry": { "type": "Point", "coordinates": [ 72.8254797, 19.1373751 ] } },
{ "type": "Feature", "properties": { "element": "node", "id": 9129138274, "amenity": "bank", "atm": null, "brand": null, "brand:wikidata": null, "name": "New India Co -op Bank", "operator": null, "brand:wikipedia": null, "short_name": null, "website": null, "name:en": null, "old_name": null, "addr:housename": null, "addr:postcode": "400077", "addr:street": "Derasar Lane", "alt_name": null, "source": null, "building": null, "addr:housenumber": null, "wikidata": null, "wikipedia": null, "level": null, "branch": null, "check_date": null, "addr:city": "Mumbai", "wikimedia_commons": null, "brand:en": null, "brand:hi": null, "brand:kn": null, "brand:pa": null, "brand:pnb": null, "brand:ur": null, "brand:wikipedia:pa": null, "name:hi": null, "name:kn": null, "name:pa": null, "name:pnb": null, "name:ur": null, "addr:suburb": null, "note": null, "phone": null, "addr:unit": null, "addr:district": null, "opening_hours": null, "email": null, "fax": null, "addr:city:ur": null, "contact:fax": null, "operator:ur": null, "short_name:ur": null, "description": null, "fixme": null, "check_date:opening_hours": null, "drive_through": null, "highway": null, "traffic_signals": null, "traffic_signals:direction": null, "name:zh": null, "air_conditioning": null, "wheelchair": null, "contact:phone": null, "not:brand:wikidata": null, "opening_hours:covid19": null, "name:mr": null, "internet_access": null, "internet_access:fee": null, "payment:cash": null, "payment:credit_cards": null, "payment:debit_cards": null, "opening_hours:signed": null, "official_name": null, "bank": null, "contact:email": null, "opening_hours:drive_through": null, "addr:floor": null, "building:levels": null }, "geometry": { "type": "Point", "coordinates": [ 72.9075151, 19.0817351 ] } },
{ "type": "Feature", "properties": { "element": "node", "id": 9129138276, "amenity": "bank", "atm": null, "brand": null, "brand:wikidata": null, "name": "Arihant Co-op Bank", "operator": null, "brand:wikipedia": null, "short_name": null, "website": null, "name:en": null, "old_name": null, "addr:housename": null, "addr:postcode": "400077", "addr:street": "Ratilal Mehta Marg", "alt_name": null, "source": null, "building": null, "addr:housenumber": "161", "wikidata": null, "wikipedia": null, "level": null, "branch": null, "check_date": null, "addr:city": "Mumbai", "wikimedia_commons": null, "brand:en": null, "brand:hi": null, "brand:kn": null, "brand:pa": null, "brand:pnb": null, "brand:ur": null, "brand:wikipedia:pa": null, "name:hi": null, "name:kn": null, "name:pa": null, "name:pnb": null, "name:ur": null, "addr:suburb": null, "note": null, "phone": null, "addr:unit": null, "addr:district": null, "opening_hours": null, "email": null, "fax": null, "addr:city:ur": null, "contact:fax": null, "operator:ur": null, "short_name:ur": null, "description": null, "fixme": null, "check_date:opening_hours": null, "drive_through": null, "highway": null, "traffic_signals": null, "traffic_signals:direction": null, "name:zh": null, "air_conditioning": null, "wheelchair": null, "contact:phone": null, "not:brand:wikidata": null, "opening_hours:covid19": null, "name:mr": null, "internet_access": null, "internet_access:fee": null, "payment:cash": null, "payment:credit_cards": null, "payment:debit_cards": null, "opening_hours:signed": null, "official_name": null, "bank": null, "contact:email": null, "opening_hours:drive_through": null, "addr:floor": null, "building:levels": null }, "geometry": { "type": "Point", "coordinates": [ 72.9084542, 19.0809527 ] } },
{ "type": "Feature", "properties": { "element": "node", "id": 9132850202, "amenity": "bank", "atm": null, "brand": "Apna Sahakari Bank Limited", "brand:wikidata": null, "name": null, "operator": null, "brand:wikipedia": null, "short_name": null, "website": null, "name:en": null, "old_name": null, "addr:housename": null, "addr:postcode": null, "addr:street": null, "alt_name": null, "source": null, "building": null, "addr:housenumber": null, "wikidata": null, "wikipedia": null, "level": null, "branch": null, "check_date": null, "addr:city": null, "wikimedia_commons": null, "brand:en": null, "brand:hi": null, "brand:kn": null, "brand:pa": null, "brand:pnb": null, "brand:ur": null, "brand:wikipedia:pa": null, "name:hi": null, "name:kn": null, "name:pa": null, "name:pnb": null, "name:ur": null, "addr:suburb": null, "note": null, "phone": null, "addr:unit": null, "addr:district": null, "opening_hours": null, "email": null, "fax": null, "addr:city:ur": null, "contact:fax": null, "operator:ur": null, "short_name:ur": null, "description": null, "fixme": null, "check_date:opening_hours": null, "drive_through": null, "highway": null, "traffic_signals": null, "traffic_signals:direction": null, "name:zh": null, "air_conditioning": null, "wheelchair": null, "contact:phone": null, "not:brand:wikidata": null, "opening_hours:covid19": null, "name:mr": null, "internet_access": null, "internet_access:fee": null, "payment:cash": null, "payment:credit_cards": null, "payment:debit_cards": null, "opening_hours:signed": null, "official_name": null, "bank": null, "contact:email": null, "opening_hours:drive_through": null, "addr:floor": null, "building:levels": null }, "geometry": { "type": "Point", "coordinates": [ 72.8325622, 19.1279491 ] } },
{ "type": "Feature", "properties": { "element": "node", "id": 9132850203, "amenity": "bank", "atm": null, "brand": "Bank of Baroda", "brand:wikidata": "Q2003797", "name": "Bank of Baroda", "operator": null, "brand:wikipedia": null, "short_name": null, "website": null, "name:en": null, "old_name": null, "addr:housename": null, "addr:postcode": null, "addr:street": null, "alt_name": null, "source": null, "building": null, "addr:housenumber": null, "wikidata": null, "wikipedia": null, "level": null, "branch": "Versova", "check_date": null, "addr:city": null, "wikimedia_commons": null, "brand:en": null, "brand:hi": null, "brand:kn": null, "brand:pa": null, "brand:pnb": null, "brand:ur": null, "brand:wikipedia:pa": null, "name:hi": null, "name:kn": null, "name:pa": null, "name:pnb": null, "name:ur": null, "addr:suburb": null, "note": null, "phone": null, "addr:unit": null, "addr:district": null, "opening_hours": null, "email": null, "fax": null, "addr:city:ur": null, "contact:fax": null, "operator:ur": null, "short_name:ur": null, "description": null, "fixme": null, "check_date:opening_hours": null, "drive_through": null, "highway": null, "traffic_signals": null, "traffic_signals:direction": null, "name:zh": null, "air_conditioning": null, "wheelchair": "limited", "contact:phone": null, "not:brand:wikidata": null, "opening_hours:covid19": null, "name:mr": null, "internet_access": null, "internet_access:fee": null, "payment:cash": null, "payment:credit_cards": null, "payment:debit_cards": null, "opening_hours:signed": null, "official_name": null, "bank": null, "contact:email": null, "opening_hours:drive_through": null, "addr:floor": null, "building:levels": null }, "geometry": { "type": "Point", "coordinates": [ 72.8325354, 19.1276017 ] } },
{ "type": "Feature", "properties": { "element": "node", "id": 9134213521, "amenity": "bank", "atm": null, "brand": null, "brand:wikidata": null, "name": "Induslnd Bank", "operator": null, "brand:wikipedia": null, "short_name": null, "website": null, "name:en": null, "old_name": null, "addr:housename": null, "addr:postcode": "400077", "addr:street": "vallabh baug ext.road", "alt_name": null, "source": null, "building": null, "addr:housenumber": null, "wikidata": null, "wikipedia": null, "level": null, "branch": null, "check_date": null, "addr:city": "Mumbai", "wikimedia_commons": null, "brand:en": null, "brand:hi": null, "brand:kn": null, "brand:pa": null, "brand:pnb": null, "brand:ur": null, "brand:wikipedia:pa": null, "name:hi": null, "name:kn": null, "name:pa": null, "name:pnb": null, "name:ur": null, "addr:suburb": null, "note": null, "phone": null, "addr:unit": null, "addr:district": null, "opening_hours": null, "email": null, "fax": null, "addr:city:ur": null, "contact:fax": null, "operator:ur": null, "short_name:ur": null, "description": null, "fixme": null, "check_date:opening_hours": null, "drive_through": null, "highway": null, "traffic_signals": null, "traffic_signals:direction": null, "name:zh": null, "air_conditioning": null, "wheelchair": null, "contact:phone": null, "not:brand:wikidata": null, "opening_hours:covid19": null, "name:mr": null, "internet_access": null, "internet_access:fee": null, "payment:cash": null, "payment:credit_cards": null, "payment:debit_cards": null, "opening_hours:signed": null, "official_name": null, "bank": null, "contact:email": null, "opening_hours:drive_through": null, "addr:floor": null, "building:levels": null }, "geometry": { "type": "Point", "coordinates": [ 72.9095734, 19.0786964 ] } },
{ "type": "Feature", "properties": { "element": "node", "id": 9134855264, "amenity": "bank", "atm": null, "brand": "State Bank of India", "brand:wikidata": "Q1340361", "name": "State Bank of India", "operator": null, "brand:wikipedia": null, "short_name": "SBI", "website": null, "name:en": null, "old_name": null, "addr:housename": null, "addr:postcode": null, "addr:street": null, "alt_name": null, "source": null, "building": null, "addr:housenumber": null, "wikidata": null, "wikipedia": null, "level": null, "branch": "Veera Desai Road", "check_date": null, "addr:city": null, "wikimedia_commons": null, "brand:en": null, "brand:hi": null, "brand:kn": null, "brand:pa": null, "brand:pnb": null, "brand:ur": null, "brand:wikipedia:pa": null, "name:hi": null, "name:kn": null, "name:pa": null, "name:pnb": null, "name:ur": null, "addr:suburb": null, "note": null, "phone": null, "addr:unit": null, "addr:district": null, "opening_hours": null, "email": null, "fax": null, "addr:city:ur": null, "contact:fax": null, "operator:ur": null, "short_name:ur": null, "description": null, "fixme": null, "check_date:opening_hours": null, "drive_through": null, "highway": null, "traffic_signals": null, "traffic_signals:direction": null, "name:zh": null, "air_conditioning": null, "wheelchair": "no", "contact:phone": null, "not:brand:wikidata": null, "opening_hours:covid19": null, "name:mr": null, "internet_access": null, "internet_access:fee": null, "payment:cash": null, "payment:credit_cards": null, "payment:debit_cards": null, "opening_hours:signed": null, "official_name": null, "bank": null, "contact:email": null, "opening_hours:drive_through": null, "addr:floor": null, "building:levels": null }, "geometry": { "type": "Point", "coordinates": [ 72.835117, 19.13171 ] } },
{ "type": "Feature", "properties": { "element": "node", "id": 9137876886, "amenity": "bank", "atm": null, "brand": "HDFC Bank", "brand:wikidata": "Q631047", "name": "HDFC Bank", "operator": null, "brand:wikipedia": null, "short_name": "HDFC", "website": null, "name:en": null, "old_name": null, "addr:housename": null, "addr:postcode": null, "addr:street": null, "alt_name": null, "source": null, "building": null, "addr:housenumber": null, "wikidata": null, "wikipedia": null, "level": null, "branch": "Juhu Gulmohar Road", "check_date": null, "addr:city": null, "wikimedia_commons": null, "brand:en": null, "brand:hi": null, "brand:kn": null, "brand:pa": null, "brand:pnb": null, "brand:ur": null, "brand:wikipedia:pa": null, "name:hi": null, "name:kn": null, "name:pa": null, "name:pnb": null, "name:ur": null, "addr:suburb": null, "note": null, "phone": null, "addr:unit": null, "addr:district": null, "opening_hours": null, "email": null, "fax": null, "addr:city:ur": null, "contact:fax": null, "operator:ur": null, "short_name:ur": null, "description": null, "fixme": null, "check_date:opening_hours": null, "drive_through": null, "highway": null, "traffic_signals": null, "traffic_signals:direction": null, "name:zh": null, "air_conditioning": null, "wheelchair": null, "contact:phone": null, "not:brand:wikidata": null, "opening_hours:covid19": null, "name:mr": null, "internet_access": null, "internet_access:fee": null, "payment:cash": null, "payment:credit_cards": null, "payment:debit_cards": null, "opening_hours:signed": null, "official_name": null, "bank": null, "contact:email": null, "opening_hours:drive_through": null, "addr:floor": null, "building:levels": null }, "geometry": { "type": "Point", "coordinates": [ 72.8333607, 19.1162324 ] } },
{ "type": "Feature", "properties": { "element": "node", "id": 9137876891, "amenity": "bank", "atm": null, "brand": "IDFC First Bank", "brand:wikidata": "Q22031467", "name": "IDFC First Bank", "operator": null, "brand:wikipedia": null, "short_name": null, "website": null, "name:en": null, "old_name": null, "addr:housename": null, "addr:postcode": null, "addr:street": null, "alt_name": null, "source": null, "building": null, "addr:housenumber": null, "wikidata": null, "wikipedia": null, "level": null, "branch": null, "check_date": null, "addr:city": null, "wikimedia_commons": null, "brand:en": null, "brand:hi": null, "brand:kn": null, "brand:pa": null, "brand:pnb": null, "brand:ur": null, "brand:wikipedia:pa": null, "name:hi": null, "name:kn": null, "name:pa": null, "name:pnb": null, "name:ur": null, "addr:suburb": null, "note": null, "phone": null, "addr:unit": null, "addr:district": null, "opening_hours": null, "email": null, "fax": null, "addr:city:ur": null, "contact:fax": null, "operator:ur": null, "short_name:ur": null, "description": null, "fixme": null, "check_date:opening_hours": null, "drive_through": null, "highway": null, "traffic_signals": null, "traffic_signals:direction": null, "name:zh": null, "air_conditioning": null, "wheelchair": null, "contact:phone": null, "not:brand:wikidata": null, "opening_hours:covid19": null, "name:mr": null, "internet_access": null, "internet_access:fee": null, "payment:cash": null, "payment:credit_cards": null, "payment:debit_cards": null, "opening_hours:signed": null, "official_name": null, "bank": null, "contact:email": null, "opening_hours:drive_through": null, "addr:floor": null, "building:levels": null }, "geometry": { "type": "Point", "coordinates": [ 72.8326257, 19.1162509 ] } },
{ "type": "Feature", "properties": { "element": "node", "id": 9137876892, "amenity": "bank", "atm": null, "brand": "Axis Bank", "brand:wikidata": "Q2003549", "name": "Axis Bank", "operator": null, "brand:wikipedia": null, "short_name": null, "website": null, "name:en": null, "old_name": null, "addr:housename": null, "addr:postcode": null, "addr:street": null, "alt_name": null, "source": null, "building": null, "addr:housenumber": null, "wikidata": null, "wikipedia": null, "level": null, "branch": "Vile Parle", "check_date": null, "addr:city": null, "wikimedia_commons": null, "brand:en": null, "brand:hi": null, "brand:kn": null, "brand:pa": null, "brand:pnb": null, "brand:ur": null, "brand:wikipedia:pa": null, "name:hi": null, "name:kn": null, "name:pa": null, "name:pnb": null, "name:ur": null, "addr:suburb": null, "note": null, "phone": null, "addr:unit": null, "addr:district": null, "opening_hours": null, "email": null, "fax": null, "addr:city:ur": null, "contact:fax": null, "operator:ur": null, "short_name:ur": null, "description": null, "fixme": null, "check_date:opening_hours": null, "drive_through": null, "highway": null, "traffic_signals": null, "traffic_signals:direction": null, "name:zh": null, "air_conditioning": null, "wheelchair": null, "contact:phone": null, "not:brand:wikidata": null, "opening_hours:covid19": null, "name:mr": null, "internet_access": null, "internet_access:fee": null, "payment:cash": null, "payment:credit_cards": null, "payment:debit_cards": null, "opening_hours:signed": null, "official_name": null, "bank": null, "contact:email": null, "opening_hours:drive_through": null, "addr:floor": null, "building:levels": null }, "geometry": { "type": "Point", "coordinates": [ 72.8310596, 19.1159014 ] } },
{ "type": "Feature", "properties": { "element": "node", "id": 9139716434, "amenity": "bank", "atm": null, "brand": "State Bank of India", "brand:wikidata": null, "name": null, "operator": null, "brand:wikipedia": null, "short_name": null, "website": null, "name:en": null, "old_name": null, "addr:housename": null, "addr:postcode": null, "addr:street": null, "alt_name": null, "source": null, "building": null, "addr:housenumber": null, "wikidata": null, "wikipedia": null, "level": null, "branch": "Oshiwara", "check_date": null, "addr:city": null, "wikimedia_commons": null, "brand:en": null, "brand:hi": null, "brand:kn": null, "brand:pa": null, "brand:pnb": null, "brand:ur": null, "brand:wikipedia:pa": null, "name:hi": null, "name:kn": null, "name:pa": null, "name:pnb": null, "name:ur": null, "addr:suburb": null, "note": null, "phone": null, "addr:unit": null, "addr:district": null, "opening_hours": null, "email": null, "fax": null, "addr:city:ur": null, "contact:fax": null, "operator:ur": null, "short_name:ur": null, "description": null, "fixme": null, "check_date:opening_hours": null, "drive_through": null, "highway": null, "traffic_signals": null, "traffic_signals:direction": null, "name:zh": null, "air_conditioning": null, "wheelchair": null, "contact:phone": null, "not:brand:wikidata": null, "opening_hours:covid19": null, "name:mr": null, "internet_access": null, "internet_access:fee": null, "payment:cash": null, "payment:credit_cards": null, "payment:debit_cards": null, "opening_hours:signed": null, "official_name": null, "bank": null, "contact:email": null, "opening_hours:drive_through": null, "addr:floor": null, "building:levels": null }, "geometry": { "type": "Point", "coordinates": [ 72.8202515, 19.1407097 ] } },
{ "type": "Feature", "properties": { "element": "node", "id": 9141480144, "amenity": "bank", "atm": null, "brand": "Kotak Mahindra Bank", "brand:wikidata": "Q2040404", "name": "Kotak Mahindra Bank", "operator": null, "brand:wikipedia": null, "short_name": null, "website": null, "name:en": null, "old_name": null, "addr:housename": null, "addr:postcode": null, "addr:street": null, "alt_name": null, "source": null, "building": null, "addr:housenumber": null, "wikidata": null, "wikipedia": null, "level": null, "branch": null, "check_date": null, "addr:city": null, "wikimedia_commons": null, "brand:en": null, "brand:hi": null, "brand:kn": null, "brand:pa": null, "brand:pnb": null, "brand:ur": null, "brand:wikipedia:pa": null, "name:hi": null, "name:kn": null, "name:pa": null, "name:pnb": null, "name:ur": null, "addr:suburb": null, "note": null, "phone": null, "addr:unit": null, "addr:district": null, "opening_hours": null, "email": null, "fax": null, "addr:city:ur": null, "contact:fax": null, "operator:ur": null, "short_name:ur": null, "description": null, "fixme": null, "check_date:opening_hours": null, "drive_through": null, "highway": null, "traffic_signals": null, "traffic_signals:direction": null, "name:zh": null, "air_conditioning": null, "wheelchair": null, "contact:phone": null, "not:brand:wikidata": null, "opening_hours:covid19": null, "name:mr": null, "internet_access": null, "internet_access:fee": null, "payment:cash": null, "payment:credit_cards": null, "payment:debit_cards": null, "opening_hours:signed": null, "official_name": null, "bank": null, "contact:email": null, "opening_hours:drive_through": null, "addr:floor": null, "building:levels": null }, "geometry": { "type": "Point", "coordinates": [ 72.8263743, 19.1289263 ] } },
{ "type": "Feature", "properties": { "element": "node", "id": 9141480148, "amenity": "bank", "atm": null, "brand": "Karnataka Bank", "brand:wikidata": "Q2042632", "name": "Karnataka Bank", "operator": null, "brand:wikipedia": null, "short_name": null, "website": null, "name:en": null, "old_name": null, "addr:housename": null, "addr:postcode": null, "addr:street": null, "alt_name": null, "source": null, "building": null, "addr:housenumber": null, "wikidata": null, "wikipedia": null, "level": null, "branch": "Andheri West", "check_date": null, "addr:city": null, "wikimedia_commons": null, "brand:en": null, "brand:hi": null, "brand:kn": null, "brand:pa": null, "brand:pnb": null, "brand:ur": null, "brand:wikipedia:pa": null, "name:hi": null, "name:kn": null, "name:pa": null, "name:pnb": null, "name:ur": null, "addr:suburb": null, "note": null, "phone": null, "addr:unit": null, "addr:district": null, "opening_hours": null, "email": null, "fax": null, "addr:city:ur": null, "contact:fax": null, "operator:ur": null, "short_name:ur": null, "description": null, "fixme": null, "check_date:opening_hours": null, "drive_through": null, "highway": null, "traffic_signals": null, "traffic_signals:direction": null, "name:zh": null, "air_conditioning": null, "wheelchair": null, "contact:phone": null, "not:brand:wikidata": null, "opening_hours:covid19": null, "name:mr": null, "internet_access": null, "internet_access:fee": null, "payment:cash": null, "payment:credit_cards": null, "payment:debit_cards": null, "opening_hours:signed": null, "official_name": null, "bank": null, "contact:email": null, "opening_hours:drive_through": null, "addr:floor": null, "building:levels": null }, "geometry": { "type": "Point", "coordinates": [ 72.8268402, 19.1287473 ] } },
{ "type": "Feature", "properties": { "element": "node", "id": 9223722851, "amenity": "bank", "atm": null, "brand": "Central Bank of India", "brand:wikidata": "Q2007090", "name": "Central Bank of India", "operator": null, "brand:wikipedia": "en:Central Bank of India", "short_name": null, "website": null, "name:en": null, "old_name": null, "addr:housename": null, "addr:postcode": null, "addr:street": null, "alt_name": null, "source": null, "building": null, "addr:housenumber": null, "wikidata": null, "wikipedia": null, "level": null, "branch": null, "check_date": null, "addr:city": null, "wikimedia_commons": null, "brand:en": null, "brand:hi": null, "brand:kn": null, "brand:pa": null, "brand:pnb": null, "brand:ur": null, "brand:wikipedia:pa": null, "name:hi": null, "name:kn": null, "name:pa": null, "name:pnb": null, "name:ur": null, "addr:suburb": null, "note": null, "phone": null, "addr:unit": null, "addr:district": null, "opening_hours": null, "email": null, "fax": null, "addr:city:ur": null, "contact:fax": null, "operator:ur": null, "short_name:ur": null, "description": null, "fixme": null, "check_date:opening_hours": null, "drive_through": null, "highway": null, "traffic_signals": null, "traffic_signals:direction": null, "name:zh": null, "air_conditioning": null, "wheelchair": null, "contact:phone": null, "not:brand:wikidata": null, "opening_hours:covid19": null, "name:mr": null, "internet_access": null, "internet_access:fee": null, "payment:cash": null, "payment:credit_cards": null, "payment:debit_cards": null, "opening_hours:signed": null, "official_name": null, "bank": null, "contact:email": null, "opening_hours:drive_through": null, "addr:floor": null, "building:levels": null }, "geometry": { "type": "Point", "coordinates": [ 72.9726826, 19.1811383 ] } },
{ "type": "Feature", "properties": { "element": "node", "id": 9505205401, "amenity": "bank", "atm": null, "brand": "Punjab National Bank", "brand:wikidata": null, "name": "Punjab National Bank", "operator": null, "brand:wikipedia": null, "short_name": null, "website": null, "name:en": null, "old_name": null, "addr:housename": null, "addr:postcode": null, "addr:street": null, "alt_name": null, "source": null, "building": null, "addr:housenumber": null, "wikidata": null, "wikipedia": null, "level": "0", "branch": "Lokhandwala Complex Versova", "check_date": null, "addr:city": null, "wikimedia_commons": null, "brand:en": null, "brand:hi": null, "brand:kn": null, "brand:pa": null, "brand:pnb": null, "brand:ur": null, "brand:wikipedia:pa": null, "name:hi": null, "name:kn": null, "name:pa": null, "name:pnb": null, "name:ur": null, "addr:suburb": null, "note": null, "phone": null, "addr:unit": null, "addr:district": null, "opening_hours": "Mo-Fr 10:00-16:00", "email": null, "fax": null, "addr:city:ur": null, "contact:fax": null, "operator:ur": null, "short_name:ur": null, "description": null, "fixme": null, "check_date:opening_hours": null, "drive_through": null, "highway": null, "traffic_signals": null, "traffic_signals:direction": null, "name:zh": null, "air_conditioning": null, "wheelchair": null, "contact:phone": null, "not:brand:wikidata": null, "opening_hours:covid19": null, "name:mr": null, "internet_access": null, "internet_access:fee": null, "payment:cash": null, "payment:credit_cards": null, "payment:debit_cards": null, "opening_hours:signed": null, "official_name": null, "bank": null, "contact:email": null, "opening_hours:drive_through": null, "addr:floor": null, "building:levels": null }, "geometry": { "type": "Point", "coordinates": [ 72.8234768, 19.1447944 ] } },
{ "type": "Feature", "properties": { "element": "node", "id": 9800734068, "amenity": "bank", "atm": null, "brand": null, "brand:wikidata": null, "name": "Mumbai Bank - MDCC", "operator": null, "brand:wikipedia": null, "short_name": null, "website": null, "name:en": null, "old_name": null, "addr:housename": null, "addr:postcode": null, "addr:street": null, "alt_name": null, "source": null, "building": null, "addr:housenumber": null, "wikidata": null, "wikipedia": null, "level": null, "branch": null, "check_date": null, "addr:city": null, "wikimedia_commons": null, "brand:en": null, "brand:hi": null, "brand:kn": null, "brand:pa": null, "brand:pnb": null, "brand:ur": null, "brand:wikipedia:pa": null, "name:hi": null, "name:kn": null, "name:pa": null, "name:pnb": null, "name:ur": null, "addr:suburb": null, "note": null, "phone": null, "addr:unit": null, "addr:district": null, "opening_hours": null, "email": null, "fax": null, "addr:city:ur": null, "contact:fax": null, "operator:ur": null, "short_name:ur": null, "description": null, "fixme": null, "check_date:opening_hours": null, "drive_through": null, "highway": null, "traffic_signals": null, "traffic_signals:direction": null, "name:zh": null, "air_conditioning": null, "wheelchair": null, "contact:phone": null, "not:brand:wikidata": null, "opening_hours:covid19": null, "name:mr": null, "internet_access": null, "internet_access:fee": null, "payment:cash": null, "payment:credit_cards": null, "payment:debit_cards": null, "opening_hours:signed": null, "official_name": null, "bank": null, "contact:email": null, "opening_hours:drive_through": null, "addr:floor": null, "building:levels": null }, "geometry": { "type": "Point", "coordinates": [ 72.9656211, 19.1692767 ] } },
{ "type": "Feature", "properties": { "element": "node", "id": 9812187794, "amenity": "bank", "atm": null, "brand": null, "brand:wikidata": null, "name": "Kotak Mahindra", "operator": null, "brand:wikipedia": null, "short_name": null, "website": null, "name:en": null, "old_name": null, "addr:housename": null, "addr:postcode": null, "addr:street": null, "alt_name": null, "source": null, "building": null, "addr:housenumber": null, "wikidata": null, "wikipedia": null, "level": null, "branch": null, "check_date": null, "addr:city": null, "wikimedia_commons": null, "brand:en": null, "brand:hi": null, "brand:kn": null, "brand:pa": null, "brand:pnb": null, "brand:ur": null, "brand:wikipedia:pa": null, "name:hi": null, "name:kn": null, "name:pa": null, "name:pnb": null, "name:ur": null, "addr:suburb": null, "note": null, "phone": null, "addr:unit": null, "addr:district": null, "opening_hours": null, "email": null, "fax": null, "addr:city:ur": null, "contact:fax": null, "operator:ur": null, "short_name:ur": null, "description": null, "fixme": null, "check_date:opening_hours": null, "drive_through": null, "highway": null, "traffic_signals": null, "traffic_signals:direction": null, "name:zh": null, "air_conditioning": null, "wheelchair": null, "contact:phone": null, "not:brand:wikidata": null, "opening_hours:covid19": null, "name:mr": null, "internet_access": null, "internet_access:fee": null, "payment:cash": null, "payment:credit_cards": null, "payment:debit_cards": null, "opening_hours:signed": null, "official_name": null, "bank": null, "contact:email": null, "opening_hours:drive_through": null, "addr:floor": null, "building:levels": null }, "geometry": { "type": "Point", "coordinates": [ 72.8480136, 19.2502845 ] } },
{ "type": "Feature", "properties": { "element": "node", "id": 9841035971, "amenity": "bank", "atm": null, "brand": null, "brand:wikidata": null, "name": "Janakalyan Shahakari Bank", "operator": null, "brand:wikipedia": null, "short_name": null, "website": null, "name:en": null, "old_name": null, "addr:housename": null, "addr:postcode": null, "addr:street": null, "alt_name": null, "source": null, "building": null, "addr:housenumber": null, "wikidata": null, "wikipedia": null, "level": null, "branch": null, "check_date": "2025-10-18", "addr:city": null, "wikimedia_commons": null, "brand:en": null, "brand:hi": null, "brand:kn": null, "brand:pa": null, "brand:pnb": null, "brand:ur": null, "brand:wikipedia:pa": null, "name:hi": "जनकल्याण सहकारी बैंक लि", "name:kn": null, "name:pa": null, "name:pnb": null, "name:ur": null, "addr:suburb": null, "note": null, "phone": null, "addr:unit": null, "addr:district": null, "opening_hours": null, "email": null, "fax": null, "addr:city:ur": null, "contact:fax": null, "operator:ur": null, "short_name:ur": null, "description": null, "fixme": null, "check_date:opening_hours": null, "drive_through": null, "highway": null, "traffic_signals": null, "traffic_signals:direction": null, "name:zh": null, "air_conditioning": null, "wheelchair": null, "contact:phone": null, "not:brand:wikidata": null, "opening_hours:covid19": null, "name:mr": "जनकल्याण सहकारी बँक लि", "internet_access": null, "internet_access:fee": null, "payment:cash": null, "payment:credit_cards": null, "payment:debit_cards": null, "opening_hours:signed": null, "official_name": null, "bank": null, "contact:email": null, "opening_hours:drive_through": null, "addr:floor": null, "building:levels": null }, "geometry": { "type": "Point", "coordinates": [ 72.8258611, 19.1295936 ] } },
{ "type": "Feature", "properties": { "element": "node", "id": 9841035972, "amenity": "bank", "atm": null, "brand": null, "brand:wikidata": null, "name": "Jana Small Fonance Bank", "operator": null, "brand:wikipedia": null, "short_name": null, "website": null, "name:en": null, "old_name": null, "addr:housename": null, "addr:postcode": null, "addr:street": null, "alt_name": null, "source": null, "building": null, "addr:housenumber": null, "wikidata": null, "wikipedia": null, "level": null, "branch": null, "check_date": "2025-10-18", "addr:city": null, "wikimedia_commons": null, "brand:en": null, "brand:hi": null, "brand:kn": null, "brand:pa": null, "brand:pnb": null, "brand:ur": null, "brand:wikipedia:pa": null, "name:hi": null, "name:kn": null, "name:pa": null, "name:pnb": null, "name:ur": null, "addr:suburb": null, "note": null, "phone": null, "addr:unit": null, "addr:district": null, "opening_hours": null, "email": null, "fax": null, "addr:city:ur": null, "contact:fax": null, "operator:ur": null, "short_name:ur": null, "description": null, "fixme": null, "check_date:opening_hours": null, "drive_through": null, "highway": null, "traffic_signals": null, "traffic_signals:direction": null, "name:zh": null, "air_conditioning": null, "wheelchair": null, "contact:phone": null, "not:brand:wikidata": null, "opening_hours:covid19": null, "name:mr": null, "internet_access": null, "internet_access:fee": null, "payment:cash": null, "payment:credit_cards": null, "payment:debit_cards": null, "opening_hours:signed": null, "official_name": null, "bank": null, "contact:email": null, "opening_hours:drive_through": null, "addr:floor": null, "building:levels": null }, "geometry": { "type": "Point", "coordinates": [ 72.8258836, 19.1299784 ] } },
{ "type": "Feature", "properties": { "element": "node", "id": 9852700818, "amenity": "bank", "atm": null, "brand": null, "brand:wikidata": null, "name": "Ratnakar Bank", "operator": null, "brand:wikipedia": null, "short_name": null, "website": null, "name:en": null, "old_name": null, "addr:housename": null, "addr:postcode": null, "addr:street": null, "alt_name": null, "source": null, "building": null, "addr:housenumber": null, "wikidata": null, "wikipedia": null, "level": null, "branch": null, "check_date": null, "addr:city": null, "wikimedia_commons": null, "brand:en": null, "brand:hi": null, "brand:kn": null, "brand:pa": null, "brand:pnb": null, "brand:ur": null, "brand:wikipedia:pa": null, "name:hi": null, "name:kn": null, "name:pa": null, "name:pnb": null, "name:ur": null, "addr:suburb": null, "note": null, "phone": null, "addr:unit": null, "addr:district": null, "opening_hours": null, "email": null, "fax": null, "addr:city:ur": null, "contact:fax": null, "operator:ur": null, "short_name:ur": null, "description": null, "fixme": null, "check_date:opening_hours": null, "drive_through": null, "highway": null, "traffic_signals": null, "traffic_signals:direction": null, "name:zh": null, "air_conditioning": null, "wheelchair": null, "contact:phone": null, "not:brand:wikidata": null, "opening_hours:covid19": null, "name:mr": null, "internet_access": null, "internet_access:fee": null, "payment:cash": null, "payment:credit_cards": null, "payment:debit_cards": null, "opening_hours:signed": null, "official_name": null, "bank": null, "contact:email": null, "opening_hours:drive_through": null, "addr:floor": null, "building:levels": null }, "geometry": { "type": "Point", "coordinates": [ 72.8410716, 19.2238213 ] } },
{ "type": "Feature", "properties": { "element": "node", "id": 9863208552, "amenity": "bank", "atm": "yes", "brand": "Axis Bank", "brand:wikidata": "Q2003549", "name": "Axis Bank", "operator": null, "brand:wikipedia": null, "short_name": null, "website": null, "name:en": null, "old_name": null, "addr:housename": null, "addr:postcode": "400037", "addr:street": "Sheikh Misari Road", "alt_name": null, "source": null, "building": null, "addr:housenumber": "Ground Floor", "wikidata": null, "wikipedia": null, "level": null, "branch": null, "check_date": null, "addr:city": "Mumbai", "wikimedia_commons": null, "brand:en": null, "brand:hi": null, "brand:kn": null, "brand:pa": null, "brand:pnb": null, "brand:ur": null, "brand:wikipedia:pa": null, "name:hi": null, "name:kn": null, "name:pa": null, "name:pnb": null, "name:ur": null, "addr:suburb": null, "note": null, "phone": null, "addr:unit": null, "addr:district": null, "opening_hours": null, "email": null, "fax": null, "addr:city:ur": null, "contact:fax": null, "operator:ur": null, "short_name:ur": null, "description": null, "fixme": null, "check_date:opening_hours": null, "drive_through": "no", "highway": null, "traffic_signals": null, "traffic_signals:direction": null, "name:zh": null, "air_conditioning": null, "wheelchair": null, "contact:phone": null, "not:brand:wikidata": null, "opening_hours:covid19": null, "name:mr": null, "internet_access": null, "internet_access:fee": null, "payment:cash": null, "payment:credit_cards": null, "payment:debit_cards": null, "opening_hours:signed": null, "official_name": null, "bank": null, "contact:email": null, "opening_hours:drive_through": null, "addr:floor": null, "building:levels": null }, "geometry": { "type": "Point", "coordinates": [ 72.8657495, 19.0226245 ] } },
{ "type": "Feature", "properties": { "element": "node", "id": 9863208554, "amenity": "bank", "atm": "yes", "brand": "State Bank of India", "brand:wikidata": "Q1340361", "name": "State Bank of India", "operator": null, "brand:wikipedia": null, "short_name": "SBI", "website": null, "name:en": null, "old_name": null, "addr:housename": null, "addr:postcode": "400037", "addr:street": "Sheikh Misari Road", "alt_name": null, "source": null, "building": null, "addr:housenumber": null, "wikidata": null, "wikipedia": null, "level": null, "branch": null, "check_date": null, "addr:city": "Mumbai", "wikimedia_commons": null, "brand:en": null, "brand:hi": null, "brand:kn": null, "brand:pa": null, "brand:pnb": null, "brand:ur": null, "brand:wikipedia:pa": null, "name:hi": null, "name:kn": null, "name:pa": null, "name:pnb": null, "name:ur": null, "addr:suburb": null, "note": null, "phone": null, "addr:unit": null, "addr:district": null, "opening_hours": null, "email": null, "fax": null, "addr:city:ur": null, "contact:fax": null, "operator:ur": null, "short_name:ur": null, "description": null, "fixme": null, "check_date:opening_hours": null, "drive_through": "no", "highway": null, "traffic_signals": null, "traffic_signals:direction": null, "name:zh": null, "air_conditioning": null, "wheelchair": null, "contact:phone": null, "not:brand:wikidata": null, "opening_hours:covid19": null, "name:mr": null, "internet_access": null, "internet_access:fee": null, "payment:cash": null, "payment:credit_cards": null, "payment:debit_cards": null, "opening_hours:signed": null, "official_name": null, "bank": null, "contact:email": null, "opening_hours:drive_through": null, "addr:floor": null, "building:levels": null }, "geometry": { "type": "Point", "coordinates": [ 72.8666936, 19.028923 ] } },
{ "type": "Feature", "properties": { "element": "node", "id": 9918827615, "amenity": "bank", "atm": null, "brand": "Bank of Baroda", "brand:wikidata": "Q2003797", "name": "Bank of Baroda", "operator": null, "brand:wikipedia": null, "short_name": null, "website": null, "name:en": null, "old_name": null, "addr:housename": null, "addr:postcode": "400020", "addr:street": "Dinshaw Wachha Road", "alt_name": null, "source": null, "building": null, "addr:housenumber": "123", "wikidata": null, "wikipedia": null, "level": null, "branch": null, "check_date": null, "addr:city": "Mumbai", "wikimedia_commons": null, "brand:en": null, "brand:hi": null, "brand:kn": null, "brand:pa": null, "brand:pnb": null, "brand:ur": null, "brand:wikipedia:pa": null, "name:hi": null, "name:kn": null, "name:pa": null, "name:pnb": null, "name:ur": null, "addr:suburb": null, "note": null, "phone": null, "addr:unit": null, "addr:district": null, "opening_hours": "Mo-Fr 10:00-17:00", "email": null, "fax": null, "addr:city:ur": null, "contact:fax": null, "operator:ur": null, "short_name:ur": null, "description": null, "fixme": null, "check_date:opening_hours": null, "drive_through": null, "highway": null, "traffic_signals": null, "traffic_signals:direction": null, "name:zh": null, "air_conditioning": null, "wheelchair": null, "contact:phone": null, "not:brand:wikidata": null, "opening_hours:covid19": null, "name:mr": null, "internet_access": null, "internet_access:fee": null, "payment:cash": null, "payment:credit_cards": null, "payment:debit_cards": null, "opening_hours:signed": null, "official_name": null, "bank": null, "contact:email": null, "opening_hours:drive_through": null, "addr:floor": null, "building:levels": null }, "geometry": { "type": "Point", "coordinates": [ 72.827438, 18.9296368 ] } },
{ "type": "Feature", "properties": { "element": "node", "id": 9918837074, "amenity": "bank", "atm": "yes", "brand": "Bank of Baroda", "brand:wikidata": "Q2003797", "name": "Bank of Baroda", "operator": null, "brand:wikipedia": null, "short_name": null, "website": "www.bankofbaroda.in", "name:en": null, "old_name": null, "addr:housename": null, "addr:postcode": "400020", "addr:street": "Dinshaw Wachha Road", "alt_name": null, "source": null, "building": null, "addr:housenumber": "123", "wikidata": null, "wikipedia": null, "level": null, "branch": null, "check_date": null, "addr:city": "Mumbai", "wikimedia_commons": null, "brand:en": null, "brand:hi": null, "brand:kn": null, "brand:pa": null, "brand:pnb": null, "brand:ur": null, "brand:wikipedia:pa": null, "name:hi": null, "name:kn": null, "name:pa": null, "name:pnb": null, "name:ur": null, "addr:suburb": null, "note": null, "phone": "18002584455", "addr:unit": null, "addr:district": null, "opening_hours": "Mo-Fr 10:00-17:00; Sa-Su off", "email": null, "fax": null, "addr:city:ur": null, "contact:fax": null, "operator:ur": null, "short_name:ur": null, "description": null, "fixme": null, "check_date:opening_hours": null, "drive_through": "no", "highway": null, "traffic_signals": null, "traffic_signals:direction": null, "name:zh": null, "air_conditioning": null, "wheelchair": null, "contact:phone": null, "not:brand:wikidata": null, "opening_hours:covid19": null, "name:mr": null, "internet_access": null, "internet_access:fee": null, "payment:cash": null, "payment:credit_cards": null, "payment:debit_cards": null, "opening_hours:signed": null, "official_name": null, "bank": null, "contact:email": null, "opening_hours:drive_through": null, "addr:floor": null, "building:levels": null }, "geometry": { "type": "Point", "coordinates": [ 72.8274022, 18.929549 ] } },
{ "type": "Feature", "properties": { "element": "node", "id": 9918846975, "amenity": "bank", "atm": "yes", "brand": "Bank of Baroda", "brand:wikidata": "Q2003797", "name": "Bank of Baroda", "operator": null, "brand:wikipedia": null, "short_name": null, "website": null, "name:en": null, "old_name": null, "addr:housename": null, "addr:postcode": "400020", "addr:street": "Dinshaw Wachha Road", "alt_name": null, "source": null, "building": null, "addr:housenumber": "123", "wikidata": null, "wikipedia": null, "level": null, "branch": null, "check_date": null, "addr:city": "Mumbai", "wikimedia_commons": null, "brand:en": null, "brand:hi": null, "brand:kn": null, "brand:pa": null, "brand:pnb": null, "brand:ur": null, "brand:wikipedia:pa": null, "name:hi": null, "name:kn": null, "name:pa": null, "name:pnb": null, "name:ur": null, "addr:suburb": null, "note": null, "phone": null, "addr:unit": null, "addr:district": null, "opening_hours": "Mo-Su 10:00-17:00", "email": null, "fax": null, "addr:city:ur": null, "contact:fax": null, "operator:ur": null, "short_name:ur": null, "description": null, "fixme": null, "check_date:opening_hours": null, "drive_through": null, "highway": null, "traffic_signals": null, "traffic_signals:direction": null, "name:zh": null, "air_conditioning": null, "wheelchair": null, "contact:phone": null, "not:brand:wikidata": null, "opening_hours:covid19": null, "name:mr": null, "internet_access": null, "internet_access:fee": null, "payment:cash": null, "payment:credit_cards": null, "payment:debit_cards": null, "opening_hours:signed": null, "official_name": null, "bank": null, "contact:email": null, "opening_hours:drive_through": null, "addr:floor": null, "building:levels": null }, "geometry": { "type": "Point", "coordinates": [ 72.8274013, 18.9295514 ] } },
{ "type": "Feature", "properties": { "element": "node", "id": 9981895595, "amenity": "bank", "atm": null, "brand": null, "brand:wikidata": null, "name": "Sarasvat Bank", "operator": null, "brand:wikipedia": null, "short_name": null, "website": null, "name:en": null, "old_name": null, "addr:housename": null, "addr:postcode": null, "addr:street": null, "alt_name": null, "source": null, "building": null, "addr:housenumber": null, "wikidata": null, "wikipedia": null, "level": null, "branch": null, "check_date": null, "addr:city": null, "wikimedia_commons": null, "brand:en": null, "brand:hi": null, "brand:kn": null, "brand:pa": null, "brand:pnb": null, "brand:ur": null, "brand:wikipedia:pa": null, "name:hi": null, "name:kn": null, "name:pa": null, "name:pnb": null, "name:ur": null, "addr:suburb": null, "note": null, "phone": null, "addr:unit": null, "addr:district": null, "opening_hours": null, "email": null, "fax": null, "addr:city:ur": null, "contact:fax": null, "operator:ur": null, "short_name:ur": null, "description": null, "fixme": null, "check_date:opening_hours": null, "drive_through": null, "highway": null, "traffic_signals": null, "traffic_signals:direction": null, "name:zh": null, "air_conditioning": null, "wheelchair": null, "contact:phone": null, "not:brand:wikidata": null, "opening_hours:covid19": null, "name:mr": null, "internet_access": null, "internet_access:fee": null, "payment:cash": null, "payment:credit_cards": null, "payment:debit_cards": null, "opening_hours:signed": null, "official_name": null, "bank": null, "contact:email": null, "opening_hours:drive_through": null, "addr:floor": null, "building:levels": null }, "geometry": { "type": "Point", "coordinates": [ 72.8434549, 19.2048192 ] } },
{ "type": "Feature", "properties": { "element": "node", "id": 9981895596, "amenity": "bank", "atm": null, "brand": "AU Small Finance Bank", "brand:wikidata": "Q48729722", "name": "AU Small Finance Bank", "operator": null, "brand:wikipedia": null, "short_name": null, "website": null, "name:en": null, "old_name": null, "addr:housename": null, "addr:postcode": "400067", "addr:street": "Mahatma Gandhi Road", "alt_name": null, "source": null, "building": null, "addr:housenumber": "Rashmi heights", "wikidata": null, "wikipedia": null, "level": null, "branch": null, "check_date": null, "addr:city": "Mumbai", "wikimedia_commons": null, "brand:en": null, "brand:hi": null, "brand:kn": null, "brand:pa": null, "brand:pnb": null, "brand:ur": null, "brand:wikipedia:pa": null, "name:hi": null, "name:kn": null, "name:pa": null, "name:pnb": null, "name:ur": null, "addr:suburb": null, "note": null, "phone": null, "addr:unit": null, "addr:district": null, "opening_hours": null, "email": null, "fax": null, "addr:city:ur": null, "contact:fax": null, "operator:ur": null, "short_name:ur": null, "description": null, "fixme": null, "check_date:opening_hours": null, "drive_through": null, "highway": null, "traffic_signals": null, "traffic_signals:direction": null, "name:zh": null, "air_conditioning": null, "wheelchair": null, "contact:phone": null, "not:brand:wikidata": null, "opening_hours:covid19": null, "name:mr": null, "internet_access": null, "internet_access:fee": null, "payment:cash": null, "payment:credit_cards": null, "payment:debit_cards": null, "opening_hours:signed": null, "official_name": null, "bank": null, "contact:email": null, "opening_hours:drive_through": null, "addr:floor": null, "building:levels": null }, "geometry": { "type": "Point", "coordinates": [ 72.8426245, 19.205805 ] } },
{ "type": "Feature", "properties": { "element": "node", "id": 10050183817, "amenity": "bank", "atm": null, "brand": "Indian Bank", "brand:wikidata": "Q2003789", "name": "Indian Bank", "operator": null, "brand:wikipedia": null, "short_name": null, "website": null, "name:en": "Indian Bank", "old_name": null, "addr:housename": null, "addr:postcode": null, "addr:street": null, "alt_name": null, "source": null, "building": null, "addr:housenumber": null, "wikidata": null, "wikipedia": null, "level": null, "branch": null, "check_date": null, "addr:city": null, "wikimedia_commons": null, "brand:en": null, "brand:hi": null, "brand:kn": null, "brand:pa": null, "brand:pnb": null, "brand:ur": null, "brand:wikipedia:pa": null, "name:hi": null, "name:kn": null, "name:pa": null, "name:pnb": null, "name:ur": null, "addr:suburb": null, "note": null, "phone": null, "addr:unit": null, "addr:district": null, "opening_hours": null, "email": null, "fax": null, "addr:city:ur": null, "contact:fax": null, "operator:ur": null, "short_name:ur": null, "description": null, "fixme": null, "check_date:opening_hours": null, "drive_through": null, "highway": null, "traffic_signals": null, "traffic_signals:direction": null, "name:zh": null, "air_conditioning": null, "wheelchair": null, "contact:phone": null, "not:brand:wikidata": null, "opening_hours:covid19": null, "name:mr": null, "internet_access": null, "internet_access:fee": null, "payment:cash": null, "payment:credit_cards": null, "payment:debit_cards": null, "opening_hours:signed": null, "official_name": null, "bank": null, "contact:email": null, "opening_hours:drive_through": null, "addr:floor": null, "building:levels": null }, "geometry": { "type": "Point", "coordinates": [ 72.8437829, 19.1602433 ] } },
{ "type": "Feature", "properties": { "element": "node", "id": 10170584901, "amenity": "bank", "atm": "no", "brand": "State Bank of India", "brand:wikidata": "Q1340361", "name": "State Bank of India-RACPC-Borivali", "operator": null, "brand:wikipedia": null, "short_name": "SBI", "website": null, "name:en": null, "old_name": null, "addr:housename": null, "addr:postcode": null, "addr:street": null, "alt_name": null, "source": null, "building": null, "addr:housenumber": null, "wikidata": null, "wikipedia": null, "level": null, "branch": null, "check_date": null, "addr:city": null, "wikimedia_commons": null, "brand:en": null, "brand:hi": null, "brand:kn": null, "brand:pa": null, "brand:pnb": null, "brand:ur": null, "brand:wikipedia:pa": null, "name:hi": null, "name:kn": null, "name:pa": null, "name:pnb": null, "name:ur": null, "addr:suburb": null, "note": null, "phone": null, "addr:unit": null, "addr:district": null, "opening_hours": null, "email": null, "fax": null, "addr:city:ur": null, "contact:fax": null, "operator:ur": null, "short_name:ur": null, "description": null, "fixme": null, "check_date:opening_hours": null, "drive_through": "no", "highway": null, "traffic_signals": null, "traffic_signals:direction": null, "name:zh": null, "air_conditioning": null, "wheelchair": null, "contact:phone": null, "not:brand:wikidata": null, "opening_hours:covid19": null, "name:mr": null, "internet_access": null, "internet_access:fee": null, "payment:cash": null, "payment:credit_cards": null, "payment:debit_cards": null, "opening_hours:signed": null, "official_name": null, "bank": null, "contact:email": null, "opening_hours:drive_through": null, "addr:floor": null, "building:levels": null }, "geometry": { "type": "Point", "coordinates": [ 72.8527, 19.2382196 ] } },
{ "type": "Feature", "properties": { "element": "node", "id": 10170631375, "amenity": "bank", "atm": "yes", "brand": "Karnataka Bank", "brand:wikidata": "Q2042632", "name": "Karnataka Bank", "operator": null, "brand:wikipedia": null, "short_name": null, "website": null, "name:en": null, "old_name": null, "addr:housename": null, "addr:postcode": null, "addr:street": null, "alt_name": null, "source": null, "building": null, "addr:housenumber": null, "wikidata": null, "wikipedia": null, "level": null, "branch": "Borivali", "check_date": null, "addr:city": null, "wikimedia_commons": null, "brand:en": null, "brand:hi": null, "brand:kn": null, "brand:pa": null, "brand:pnb": null, "brand:ur": null, "brand:wikipedia:pa": null, "name:hi": null, "name:kn": null, "name:pa": null, "name:pnb": null, "name:ur": null, "addr:suburb": null, "note": null, "phone": null, "addr:unit": null, "addr:district": null, "opening_hours": null, "email": null, "fax": null, "addr:city:ur": null, "contact:fax": null, "operator:ur": null, "short_name:ur": null, "description": null, "fixme": null, "check_date:opening_hours": null, "drive_through": "no", "highway": null, "traffic_signals": null, "traffic_signals:direction": null, "name:zh": null, "air_conditioning": null, "wheelchair": null, "contact:phone": null, "not:brand:wikidata": null, "opening_hours:covid19": null, "name:mr": null, "internet_access": null, "internet_access:fee": null, "payment:cash": null, "payment:credit_cards": null, "payment:debit_cards": null, "opening_hours:signed": null, "official_name": null, "bank": null, "contact:email": null, "opening_hours:drive_through": null, "addr:floor": null, "building:levels": null }, "geometry": { "type": "Point", "coordinates": [ 72.851401, 19.2438758 ] } },
{ "type": "Feature", "properties": { "element": "node", "id": 10170645868, "amenity": "bank", "atm": null, "brand": "Bank of Baroda", "brand:wikidata": "Q2003797", "name": "Bank of Baroda", "operator": null, "brand:wikipedia": null, "short_name": "BoB", "website": null, "name:en": null, "old_name": null, "addr:housename": null, "addr:postcode": null, "addr:street": null, "alt_name": null, "source": null, "building": null, "addr:housenumber": null, "wikidata": null, "wikipedia": null, "level": null, "branch": "Mount Poisar", "check_date": null, "addr:city": null, "wikimedia_commons": null, "brand:en": null, "brand:hi": null, "brand:kn": null, "brand:pa": null, "brand:pnb": null, "brand:ur": null, "brand:wikipedia:pa": null, "name:hi": null, "name:kn": null, "name:pa": null, "name:pnb": null, "name:ur": null, "addr:suburb": null, "note": null, "phone": null, "addr:unit": null, "addr:district": null, "opening_hours": null, "email": null, "fax": null, "addr:city:ur": null, "contact:fax": null, "operator:ur": null, "short_name:ur": null, "description": null, "fixme": null, "check_date:opening_hours": null, "drive_through": null, "highway": null, "traffic_signals": null, "traffic_signals:direction": null, "name:zh": null, "air_conditioning": null, "wheelchair": null, "contact:phone": null, "not:brand:wikidata": null, "opening_hours:covid19": null, "name:mr": null, "internet_access": null, "internet_access:fee": null, "payment:cash": null, "payment:credit_cards": null, "payment:debit_cards": null, "opening_hours:signed": null, "official_name": null, "bank": null, "contact:email": null, "opening_hours:drive_through": null, "addr:floor": null, "building:levels": null }, "geometry": { "type": "Point", "coordinates": [ 72.8523637, 19.2449026 ] } },
{ "type": "Feature", "properties": { "element": "node", "id": 10246294969, "amenity": "bank", "atm": null, "brand": null, "brand:wikidata": null, "name": "Apna Bazar Bank", "operator": null, "brand:wikipedia": null, "short_name": null, "website": null, "name:en": null, "old_name": null, "addr:housename": null, "addr:postcode": "400067", "addr:street": "RDP Road No 5", "alt_name": null, "source": null, "building": null, "addr:housenumber": null, "wikidata": null, "wikipedia": null, "level": null, "branch": null, "check_date": null, "addr:city": "Mumbai", "wikimedia_commons": null, "brand:en": null, "brand:hi": null, "brand:kn": null, "brand:pa": null, "brand:pnb": null, "brand:ur": null, "brand:wikipedia:pa": null, "name:hi": null, "name:kn": null, "name:pa": null, "name:pnb": null, "name:ur": null, "addr:suburb": null, "note": null, "phone": null, "addr:unit": null, "addr:district": null, "opening_hours": null, "email": null, "fax": null, "addr:city:ur": null, "contact:fax": null, "operator:ur": null, "short_name:ur": null, "description": null, "fixme": null, "check_date:opening_hours": null, "drive_through": null, "highway": null, "traffic_signals": null, "traffic_signals:direction": null, "name:zh": null, "air_conditioning": null, "wheelchair": null, "contact:phone": null, "not:brand:wikidata": null, "opening_hours:covid19": null, "name:mr": null, "internet_access": null, "internet_access:fee": null, "payment:cash": null, "payment:credit_cards": null, "payment:debit_cards": null, "opening_hours:signed": null, "official_name": null, "bank": null, "contact:email": null, "opening_hours:drive_through": null, "addr:floor": null, "building:levels": null }, "geometry": { "type": "Point", "coordinates": [ 72.8285384, 19.2176662 ] } },
{ "type": "Feature", "properties": { "element": "node", "id": 10275188524, "amenity": "bank", "atm": null, "brand": null, "brand:wikidata": null, "name": "bank", "operator": null, "brand:wikipedia": null, "short_name": null, "website": null, "name:en": null, "old_name": null, "addr:housename": null, "addr:postcode": null, "addr:street": null, "alt_name": null, "source": null, "building": null, "addr:housenumber": null, "wikidata": null, "wikipedia": null, "level": null, "branch": null, "check_date": null, "addr:city": null, "wikimedia_commons": null, "brand:en": null, "brand:hi": null, "brand:kn": null, "brand:pa": null, "brand:pnb": null, "brand:ur": null, "brand:wikipedia:pa": null, "name:hi": null, "name:kn": null, "name:pa": null, "name:pnb": null, "name:ur": null, "addr:suburb": null, "note": null, "phone": null, "addr:unit": null, "addr:district": null, "opening_hours": null, "email": null, "fax": null, "addr:city:ur": null, "contact:fax": null, "operator:ur": null, "short_name:ur": null, "description": null, "fixme": null, "check_date:opening_hours": null, "drive_through": null, "highway": null, "traffic_signals": null, "traffic_signals:direction": null, "name:zh": null, "air_conditioning": null, "wheelchair": null, "contact:phone": null, "not:brand:wikidata": null, "opening_hours:covid19": null, "name:mr": null, "internet_access": null, "internet_access:fee": null, "payment:cash": null, "payment:credit_cards": null, "payment:debit_cards": null, "opening_hours:signed": null, "official_name": null, "bank": null, "contact:email": null, "opening_hours:drive_through": null, "addr:floor": null, "building:levels": null }, "geometry": { "type": "Point", "coordinates": [ 72.8687186, 19.2542418 ] } },
{ "type": "Feature", "properties": { "element": "node", "id": 10280126583, "amenity": "bank", "atm": "yes", "brand": "State Bank of India", "brand:wikidata": "Q1340361", "name": "State Bank of India", "operator": null, "brand:wikipedia": null, "short_name": "SBI", "website": null, "name:en": null, "old_name": null, "addr:housename": null, "addr:postcode": null, "addr:street": null, "alt_name": null, "source": null, "building": null, "addr:housenumber": null, "wikidata": null, "wikipedia": null, "level": null, "branch": "Mulund West", "check_date": null, "addr:city": null, "wikimedia_commons": null, "brand:en": null, "brand:hi": null, "brand:kn": null, "brand:pa": null, "brand:pnb": null, "brand:ur": null, "brand:wikipedia:pa": null, "name:hi": null, "name:kn": null, "name:pa": null, "name:pnb": null, "name:ur": null, "addr:suburb": null, "note": null, "phone": null, "addr:unit": null, "addr:district": null, "opening_hours": null, "email": null, "fax": null, "addr:city:ur": null, "contact:fax": null, "operator:ur": null, "short_name:ur": null, "description": null, "fixme": null, "check_date:opening_hours": null, "drive_through": null, "highway": null, "traffic_signals": null, "traffic_signals:direction": null, "name:zh": null, "air_conditioning": null, "wheelchair": null, "contact:phone": null, "not:brand:wikidata": null, "opening_hours:covid19": null, "name:mr": null, "internet_access": null, "internet_access:fee": null, "payment:cash": null, "payment:credit_cards": null, "payment:debit_cards": null, "opening_hours:signed": null, "official_name": null, "bank": null, "contact:email": null, "opening_hours:drive_through": null, "addr:floor": null, "building:levels": null }, "geometry": { "type": "Point", "coordinates": [ 72.9530767, 19.1724355 ] } },
{ "type": "Feature", "properties": { "element": "node", "id": 10608361190, "amenity": "bank", "atm": null, "brand": null, "brand:wikidata": null, "name": "The Municipal Co-Op Bank", "operator": "The Municipal Co-Op Bank", "brand:wikipedia": null, "short_name": null, "website": null, "name:en": null, "old_name": null, "addr:housename": null, "addr:postcode": null, "addr:street": null, "alt_name": null, "source": null, "building": null, "addr:housenumber": null, "wikidata": null, "wikipedia": null, "level": null, "branch": null, "check_date": null, "addr:city": null, "wikimedia_commons": null, "brand:en": null, "brand:hi": null, "brand:kn": null, "brand:pa": null, "brand:pnb": null, "brand:ur": null, "brand:wikipedia:pa": null, "name:hi": null, "name:kn": null, "name:pa": null, "name:pnb": null, "name:ur": null, "addr:suburb": null, "note": null, "phone": null, "addr:unit": null, "addr:district": null, "opening_hours": null, "email": null, "fax": null, "addr:city:ur": null, "contact:fax": null, "operator:ur": null, "short_name:ur": null, "description": null, "fixme": null, "check_date:opening_hours": null, "drive_through": null, "highway": null, "traffic_signals": null, "traffic_signals:direction": null, "name:zh": null, "air_conditioning": null, "wheelchair": null, "contact:phone": null, "not:brand:wikidata": null, "opening_hours:covid19": null, "name:mr": null, "internet_access": null, "internet_access:fee": null, "payment:cash": null, "payment:credit_cards": null, "payment:debit_cards": null, "opening_hours:signed": null, "official_name": null, "bank": null, "contact:email": null, "opening_hours:drive_through": null, "addr:floor": null, "building:levels": null }, "geometry": { "type": "Point", "coordinates": [ 72.8338519, 19.0567539 ] } },
{ "type": "Feature", "properties": { "element": "node", "id": 10608367508, "amenity": "bank", "atm": null, "brand": "Indian Bank", "brand:wikidata": "Q2003789", "name": "Indian Bank", "operator": null, "brand:wikipedia": null, "short_name": null, "website": null, "name:en": null, "old_name": null, "addr:housename": null, "addr:postcode": null, "addr:street": null, "alt_name": null, "source": null, "building": null, "addr:housenumber": null, "wikidata": null, "wikipedia": null, "level": null, "branch": null, "check_date": null, "addr:city": null, "wikimedia_commons": null, "brand:en": null, "brand:hi": null, "brand:kn": null, "brand:pa": null, "brand:pnb": null, "brand:ur": null, "brand:wikipedia:pa": null, "name:hi": null, "name:kn": null, "name:pa": null, "name:pnb": null, "name:ur": null, "addr:suburb": null, "note": null, "phone": null, "addr:unit": null, "addr:district": null, "opening_hours": null, "email": null, "fax": null, "addr:city:ur": null, "contact:fax": null, "operator:ur": null, "short_name:ur": null, "description": null, "fixme": null, "check_date:opening_hours": null, "drive_through": null, "highway": null, "traffic_signals": null, "traffic_signals:direction": null, "name:zh": null, "air_conditioning": null, "wheelchair": null, "contact:phone": null, "not:brand:wikidata": null, "opening_hours:covid19": null, "name:mr": null, "internet_access": null, "internet_access:fee": null, "payment:cash": null, "payment:credit_cards": null, "payment:debit_cards": null, "opening_hours:signed": null, "official_name": null, "bank": null, "contact:email": null, "opening_hours:drive_through": null, "addr:floor": null, "building:levels": null }, "geometry": { "type": "Point", "coordinates": [ 72.8342194, 19.060601 ] } },
{ "type": "Feature", "properties": { "element": "node", "id": 10608367509, "amenity": "bank", "atm": null, "brand": "IDBI Bank", "brand:wikidata": "Q3633485", "name": "IDBI Bank", "operator": null, "brand:wikipedia": null, "short_name": "IDBI", "website": null, "name:en": null, "old_name": null, "addr:housename": null, "addr:postcode": null, "addr:street": null, "alt_name": null, "source": null, "building": null, "addr:housenumber": null, "wikidata": null, "wikipedia": null, "level": null, "branch": null, "check_date": null, "addr:city": null, "wikimedia_commons": null, "brand:en": null, "brand:hi": null, "brand:kn": null, "brand:pa": null, "brand:pnb": null, "brand:ur": null, "brand:wikipedia:pa": null, "name:hi": null, "name:kn": null, "name:pa": null, "name:pnb": null, "name:ur": null, "addr:suburb": null, "note": null, "phone": null, "addr:unit": null, "addr:district": null, "opening_hours": null, "email": null, "fax": null, "addr:city:ur": null, "contact:fax": null, "operator:ur": null, "short_name:ur": null, "description": null, "fixme": null, "check_date:opening_hours": null, "drive_through": null, "highway": null, "traffic_signals": null, "traffic_signals:direction": null, "name:zh": null, "air_conditioning": null, "wheelchair": null, "contact:phone": null, "not:brand:wikidata": null, "opening_hours:covid19": null, "name:mr": null, "internet_access": null, "internet_access:fee": null, "payment:cash": null, "payment:credit_cards": null, "payment:debit_cards": null, "opening_hours:signed": null, "official_name": null, "bank": null, "contact:email": null, "opening_hours:drive_through": null, "addr:floor": null, "building:levels": null }, "geometry": { "type": "Point", "coordinates": [ 72.8345509, 19.0615411 ] } },
{ "type": "Feature", "properties": { "element": "node", "id": 10613956805, "amenity": "bank", "atm": null, "brand": "State Bank of India", "brand:wikidata": "Q1340361", "name": "State Bank of India", "operator": null, "brand:wikipedia": null, "short_name": "SBI", "website": null, "name:en": "State Bank of India", "old_name": null, "addr:housename": null, "addr:postcode": null, "addr:street": "Link Road", "alt_name": null, "source": null, "building": null, "addr:housenumber": null, "wikidata": null, "wikipedia": null, "level": null, "branch": null, "check_date": null, "addr:city": null, "wikimedia_commons": null, "brand:en": null, "brand:hi": null, "brand:kn": null, "brand:pa": null, "brand:pnb": null, "brand:ur": null, "brand:wikipedia:pa": null, "name:hi": null, "name:kn": null, "name:pa": null, "name:pnb": null, "name:ur": null, "addr:suburb": null, "note": null, "phone": null, "addr:unit": null, "addr:district": null, "opening_hours": null, "email": null, "fax": null, "addr:city:ur": null, "contact:fax": null, "operator:ur": null, "short_name:ur": null, "description": null, "fixme": null, "check_date:opening_hours": null, "drive_through": null, "highway": null, "traffic_signals": null, "traffic_signals:direction": null, "name:zh": null, "air_conditioning": null, "wheelchair": null, "contact:phone": null, "not:brand:wikidata": null, "opening_hours:covid19": null, "name:mr": null, "internet_access": null, "internet_access:fee": null, "payment:cash": null, "payment:credit_cards": null, "payment:debit_cards": null, "opening_hours:signed": null, "official_name": null, "bank": null, "contact:email": null, "opening_hours:drive_through": null, "addr:floor": null, "building:levels": null }, "geometry": { "type": "Point", "coordinates": [ 72.841801, 19.2218903 ] } },
{ "type": "Feature", "properties": { "element": "node", "id": 10633836758, "amenity": "bank", "atm": null, "brand": null, "brand:wikidata": null, "name": null, "operator": null, "brand:wikipedia": null, "short_name": null, "website": null, "name:en": null, "old_name": null, "addr:housename": null, "addr:postcode": null, "addr:street": null, "alt_name": null, "source": null, "building": null, "addr:housenumber": null, "wikidata": null, "wikipedia": null, "level": null, "branch": null, "check_date": null, "addr:city": null, "wikimedia_commons": null, "brand:en": null, "brand:hi": null, "brand:kn": null, "brand:pa": null, "brand:pnb": null, "brand:ur": null, "brand:wikipedia:pa": null, "name:hi": null, "name:kn": null, "name:pa": null, "name:pnb": null, "name:ur": null, "addr:suburb": null, "note": null, "phone": null, "addr:unit": null, "addr:district": null, "opening_hours": null, "email": null, "fax": null, "addr:city:ur": null, "contact:fax": null, "operator:ur": null, "short_name:ur": null, "description": null, "fixme": null, "check_date:opening_hours": null, "drive_through": null, "highway": null, "traffic_signals": null, "traffic_signals:direction": null, "name:zh": null, "air_conditioning": null, "wheelchair": null, "contact:phone": null, "not:brand:wikidata": null, "opening_hours:covid19": null, "name:mr": null, "internet_access": null, "internet_access:fee": null, "payment:cash": null, "payment:credit_cards": null, "payment:debit_cards": null, "opening_hours:signed": null, "official_name": null, "bank": null, "contact:email": null, "opening_hours:drive_through": null, "addr:floor": null, "building:levels": null }, "geometry": { "type": "Point", "coordinates": [ 72.8684849, 19.1285008 ] } },
{ "type": "Feature", "properties": { "element": "node", "id": 10779234836, "amenity": "bank", "atm": "yes", "brand": "Bank of Baroda", "brand:wikidata": "Q2003797", "name": "Bank of Baroda", "operator": "Bank of Baroda", "brand:wikipedia": null, "short_name": null, "website": null, "name:en": null, "old_name": null, "addr:housename": null, "addr:postcode": null, "addr:street": null, "alt_name": null, "source": null, "building": null, "addr:housenumber": null, "wikidata": null, "wikipedia": null, "level": null, "branch": null, "check_date": null, "addr:city": null, "wikimedia_commons": null, "brand:en": null, "brand:hi": null, "brand:kn": null, "brand:pa": null, "brand:pnb": null, "brand:ur": null, "brand:wikipedia:pa": null, "name:hi": null, "name:kn": null, "name:pa": null, "name:pnb": null, "name:ur": null, "addr:suburb": null, "note": null, "phone": null, "addr:unit": null, "addr:district": null, "opening_hours": null, "email": null, "fax": null, "addr:city:ur": null, "contact:fax": null, "operator:ur": null, "short_name:ur": null, "description": null, "fixme": null, "check_date:opening_hours": null, "drive_through": null, "highway": null, "traffic_signals": null, "traffic_signals:direction": null, "name:zh": null, "air_conditioning": null, "wheelchair": null, "contact:phone": null, "not:brand:wikidata": null, "opening_hours:covid19": null, "name:mr": null, "internet_access": null, "internet_access:fee": null, "payment:cash": null, "payment:credit_cards": null, "payment:debit_cards": null, "opening_hours:signed": null, "official_name": null, "bank": null, "contact:email": null, "opening_hours:drive_through": null, "addr:floor": null, "building:levels": null }, "geometry": { "type": "Point", "coordinates": [ 72.8640157, 19.0614334 ] } },
{ "type": "Feature", "properties": { "element": "node", "id": 10779234841, "amenity": "bank", "atm": "yes", "brand": "Bank of India", "brand:wikidata": "Q2004439", "name": "Bank of India", "operator": "Bank of India", "brand:wikipedia": null, "short_name": null, "website": null, "name:en": null, "old_name": null, "addr:housename": null, "addr:postcode": null, "addr:street": null, "alt_name": null, "source": null, "building": null, "addr:housenumber": null, "wikidata": null, "wikipedia": null, "level": null, "branch": null, "check_date": null, "addr:city": null, "wikimedia_commons": null, "brand:en": null, "brand:hi": null, "brand:kn": null, "brand:pa": null, "brand:pnb": null, "brand:ur": null, "brand:wikipedia:pa": null, "name:hi": null, "name:kn": null, "name:pa": null, "name:pnb": null, "name:ur": null, "addr:suburb": null, "note": null, "phone": null, "addr:unit": null, "addr:district": null, "opening_hours": null, "email": null, "fax": null, "addr:city:ur": null, "contact:fax": null, "operator:ur": null, "short_name:ur": null, "description": null, "fixme": null, "check_date:opening_hours": null, "drive_through": null, "highway": null, "traffic_signals": null, "traffic_signals:direction": null, "name:zh": null, "air_conditioning": null, "wheelchair": null, "contact:phone": null, "not:brand:wikidata": null, "opening_hours:covid19": null, "name:mr": null, "internet_access": null, "internet_access:fee": null, "payment:cash": null, "payment:credit_cards": null, "payment:debit_cards": null, "opening_hours:signed": null, "official_name": null, "bank": null, "contact:email": null, "opening_hours:drive_through": null, "addr:floor": null, "building:levels": null }, "geometry": { "type": "Point", "coordinates": [ 72.8614247, 19.0614588 ] } },
{ "type": "Feature", "properties": { "element": "node", "id": 10779234842, "amenity": "bank", "atm": "yes", "brand": "Kotak Mahindra Bank", "brand:wikidata": "Q2040404", "name": "Kotak Mahindra Bank", "operator": "Kotak Mahindra Bank", "brand:wikipedia": null, "short_name": null, "website": null, "name:en": null, "old_name": null, "addr:housename": null, "addr:postcode": null, "addr:street": null, "alt_name": null, "source": null, "building": null, "addr:housenumber": null, "wikidata": null, "wikipedia": null, "level": null, "branch": null, "check_date": null, "addr:city": null, "wikimedia_commons": null, "brand:en": null, "brand:hi": null, "brand:kn": null, "brand:pa": null, "brand:pnb": null, "brand:ur": null, "brand:wikipedia:pa": null, "name:hi": null, "name:kn": null, "name:pa": null, "name:pnb": null, "name:ur": null, "addr:suburb": null, "note": null, "phone": null, "addr:unit": null, "addr:district": null, "opening_hours": null, "email": null, "fax": null, "addr:city:ur": null, "contact:fax": null, "operator:ur": null, "short_name:ur": null, "description": null, "fixme": null, "check_date:opening_hours": null, "drive_through": null, "highway": null, "traffic_signals": null, "traffic_signals:direction": null, "name:zh": null, "air_conditioning": null, "wheelchair": null, "contact:phone": null, "not:brand:wikidata": null, "opening_hours:covid19": null, "name:mr": null, "internet_access": null, "internet_access:fee": null, "payment:cash": null, "payment:credit_cards": null, "payment:debit_cards": null, "opening_hours:signed": null, "official_name": null, "bank": null, "contact:email": null, "opening_hours:drive_through": null, "addr:floor": null, "building:levels": null }, "geometry": { "type": "Point", "coordinates": [ 72.8620791, 19.0612585 ] } },
{ "type": "Feature", "properties": { "element": "node", "id": 10779234845, "amenity": "bank", "atm": "yes", "brand": "Punjab National Bank", "brand:wikidata": "Q2743499", "name": "Punjab National Bank", "operator": "Punjab National Bank", "brand:wikipedia": null, "short_name": null, "website": null, "name:en": null, "old_name": null, "addr:housename": null, "addr:postcode": null, "addr:street": null, "alt_name": null, "source": null, "building": null, "addr:housenumber": null, "wikidata": null, "wikipedia": null, "level": null, "branch": null, "check_date": null, "addr:city": null, "wikimedia_commons": null, "brand:en": null, "brand:hi": null, "brand:kn": null, "brand:pa": null, "brand:pnb": null, "brand:ur": null, "brand:wikipedia:pa": null, "name:hi": null, "name:kn": null, "name:pa": null, "name:pnb": null, "name:ur": null, "addr:suburb": null, "note": null, "phone": null, "addr:unit": null, "addr:district": null, "opening_hours": null, "email": null, "fax": null, "addr:city:ur": null, "contact:fax": null, "operator:ur": null, "short_name:ur": null, "description": null, "fixme": null, "check_date:opening_hours": null, "drive_through": null, "highway": null, "traffic_signals": null, "traffic_signals:direction": null, "name:zh": null, "air_conditioning": null, "wheelchair": null, "contact:phone": null, "not:brand:wikidata": null, "opening_hours:covid19": null, "name:mr": null, "internet_access": null, "internet_access:fee": null, "payment:cash": null, "payment:credit_cards": null, "payment:debit_cards": null, "opening_hours:signed": null, "official_name": null, "bank": null, "contact:email": null, "opening_hours:drive_through": null, "addr:floor": null, "building:levels": null }, "geometry": { "type": "Point", "coordinates": [ 72.8622253, 19.0599985 ] } },
{ "type": "Feature", "properties": { "element": "node", "id": 10779617872, "amenity": "bank", "atm": null, "brand": "ICICI Bank", "brand:wikidata": "Q1653258", "name": "ICICI Bank", "operator": null, "brand:wikipedia": null, "short_name": "ICICI", "website": null, "name:en": null, "old_name": null, "addr:housename": null, "addr:postcode": null, "addr:street": null, "alt_name": null, "source": null, "building": null, "addr:housenumber": null, "wikidata": null, "wikipedia": null, "level": null, "branch": null, "check_date": null, "addr:city": null, "wikimedia_commons": null, "brand:en": null, "brand:hi": null, "brand:kn": null, "brand:pa": null, "brand:pnb": null, "brand:ur": null, "brand:wikipedia:pa": null, "name:hi": null, "name:kn": null, "name:pa": null, "name:pnb": null, "name:ur": null, "addr:suburb": null, "note": null, "phone": null, "addr:unit": null, "addr:district": null, "opening_hours": null, "email": null, "fax": null, "addr:city:ur": null, "contact:fax": null, "operator:ur": null, "short_name:ur": null, "description": null, "fixme": null, "check_date:opening_hours": null, "drive_through": null, "highway": null, "traffic_signals": null, "traffic_signals:direction": null, "name:zh": null, "air_conditioning": null, "wheelchair": null, "contact:phone": null, "not:brand:wikidata": null, "opening_hours:covid19": null, "name:mr": null, "internet_access": null, "internet_access:fee": null, "payment:cash": null, "payment:credit_cards": null, "payment:debit_cards": null, "opening_hours:signed": null, "official_name": null, "bank": null, "contact:email": null, "opening_hours:drive_through": null, "addr:floor": null, "building:levels": null }, "geometry": { "type": "Point", "coordinates": [ 72.8273706, 19.0875338 ] } },
{ "type": "Feature", "properties": { "element": "node", "id": 10779633722, "amenity": "bank", "atm": "yes", "brand": null, "brand:wikidata": null, "name": "Union Bank", "operator": null, "brand:wikipedia": null, "short_name": null, "website": null, "name:en": null, "old_name": null, "addr:housename": null, "addr:postcode": null, "addr:street": null, "alt_name": null, "source": null, "building": null, "addr:housenumber": null, "wikidata": null, "wikipedia": null, "level": null, "branch": null, "check_date": null, "addr:city": null, "wikimedia_commons": null, "brand:en": null, "brand:hi": null, "brand:kn": null, "brand:pa": null, "brand:pnb": null, "brand:ur": null, "brand:wikipedia:pa": null, "name:hi": null, "name:kn": null, "name:pa": null, "name:pnb": null, "name:ur": null, "addr:suburb": null, "note": null, "phone": null, "addr:unit": null, "addr:district": null, "opening_hours": null, "email": null, "fax": null, "addr:city:ur": null, "contact:fax": null, "operator:ur": null, "short_name:ur": null, "description": null, "fixme": null, "check_date:opening_hours": null, "drive_through": "no", "highway": null, "traffic_signals": null, "traffic_signals:direction": null, "name:zh": null, "air_conditioning": "yes", "wheelchair": null, "contact:phone": null, "not:brand:wikidata": null, "opening_hours:covid19": null, "name:mr": null, "internet_access": null, "internet_access:fee": null, "payment:cash": null, "payment:credit_cards": null, "payment:debit_cards": null, "opening_hours:signed": null, "official_name": null, "bank": null, "contact:email": null, "opening_hours:drive_through": null, "addr:floor": null, "building:levels": null }, "geometry": { "type": "Point", "coordinates": [ 72.8271197, 19.0875962 ] } },
{ "type": "Feature", "properties": { "element": "node", "id": 11142934544, "amenity": "bank", "atm": "yes", "brand": "Axis Bank", "brand:wikidata": "Q2003549", "name": "Axis Bank", "operator": null, "brand:wikipedia": null, "short_name": null, "website": null, "name:en": null, "old_name": null, "addr:housename": null, "addr:postcode": null, "addr:street": null, "alt_name": null, "source": null, "building": null, "addr:housenumber": null, "wikidata": null, "wikipedia": null, "level": null, "branch": null, "check_date": null, "addr:city": null, "wikimedia_commons": null, "brand:en": null, "brand:hi": null, "brand:kn": null, "brand:pa": null, "brand:pnb": null, "brand:ur": null, "brand:wikipedia:pa": null, "name:hi": null, "name:kn": null, "name:pa": null, "name:pnb": null, "name:ur": null, "addr:suburb": null, "note": null, "phone": null, "addr:unit": null, "addr:district": null, "opening_hours": "Mo-Fr 09:00-18:00;Mo-Sa 08:00-18:00", "email": null, "fax": null, "addr:city:ur": null, "contact:fax": null, "operator:ur": null, "short_name:ur": null, "description": null, "fixme": null, "check_date:opening_hours": null, "drive_through": "no", "highway": null, "traffic_signals": null, "traffic_signals:direction": null, "name:zh": null, "air_conditioning": "yes", "wheelchair": null, "contact:phone": null, "not:brand:wikidata": null, "opening_hours:covid19": null, "name:mr": null, "internet_access": null, "internet_access:fee": null, "payment:cash": null, "payment:credit_cards": null, "payment:debit_cards": null, "opening_hours:signed": null, "official_name": null, "bank": null, "contact:email": null, "opening_hours:drive_through": null, "addr:floor": null, "building:levels": null }, "geometry": { "type": "Point", "coordinates": [ 72.8270943, 18.9301607 ] } },
{ "type": "Feature", "properties": { "element": "node", "id": 11193066689, "amenity": "bank", "atm": null, "brand": null, "brand:wikidata": null, "name": "canera bank", "operator": null, "brand:wikipedia": null, "short_name": null, "website": null, "name:en": null, "old_name": null, "addr:housename": null, "addr:postcode": null, "addr:street": null, "alt_name": null, "source": null, "building": null, "addr:housenumber": null, "wikidata": null, "wikipedia": null, "level": null, "branch": null, "check_date": null, "addr:city": null, "wikimedia_commons": null, "brand:en": null, "brand:hi": null, "brand:kn": null, "brand:pa": null, "brand:pnb": null, "brand:ur": null, "brand:wikipedia:pa": null, "name:hi": null, "name:kn": null, "name:pa": null, "name:pnb": null, "name:ur": null, "addr:suburb": null, "note": null, "phone": null, "addr:unit": null, "addr:district": null, "opening_hours": null, "email": null, "fax": null, "addr:city:ur": null, "contact:fax": null, "operator:ur": null, "short_name:ur": null, "description": null, "fixme": null, "check_date:opening_hours": null, "drive_through": null, "highway": null, "traffic_signals": null, "traffic_signals:direction": null, "name:zh": null, "air_conditioning": null, "wheelchair": null, "contact:phone": null, "not:brand:wikidata": null, "opening_hours:covid19": null, "name:mr": null, "internet_access": null, "internet_access:fee": null, "payment:cash": null, "payment:credit_cards": null, "payment:debit_cards": null, "opening_hours:signed": null, "official_name": null, "bank": null, "contact:email": null, "opening_hours:drive_through": null, "addr:floor": null, "building:levels": null }, "geometry": { "type": "Point", "coordinates": [ 72.8639391, 19.1071043 ] } },
{ "type": "Feature", "properties": { "element": "node", "id": 11278792816, "amenity": "bank", "atm": null, "brand": "State Bank of India", "brand:wikidata": "Q1340361", "name": "State Bank of India", "operator": null, "brand:wikipedia": null, "short_name": "SBI", "website": null, "name:en": null, "old_name": null, "addr:housename": null, "addr:postcode": null, "addr:street": null, "alt_name": null, "source": null, "building": null, "addr:housenumber": null, "wikidata": null, "wikipedia": null, "level": null, "branch": "RACPC", "check_date": null, "addr:city": null, "wikimedia_commons": null, "brand:en": null, "brand:hi": null, "brand:kn": null, "brand:pa": null, "brand:pnb": null, "brand:ur": null, "brand:wikipedia:pa": null, "name:hi": null, "name:kn": null, "name:pa": null, "name:pnb": null, "name:ur": null, "addr:suburb": null, "note": null, "phone": null, "addr:unit": null, "addr:district": null, "opening_hours": null, "email": null, "fax": null, "addr:city:ur": null, "contact:fax": null, "operator:ur": null, "short_name:ur": null, "description": null, "fixme": null, "check_date:opening_hours": null, "drive_through": null, "highway": null, "traffic_signals": null, "traffic_signals:direction": null, "name:zh": null, "air_conditioning": null, "wheelchair": null, "contact:phone": null, "not:brand:wikidata": null, "opening_hours:covid19": null, "name:mr": null, "internet_access": null, "internet_access:fee": null, "payment:cash": null, "payment:credit_cards": null, "payment:debit_cards": null, "opening_hours:signed": null, "official_name": null, "bank": null, "contact:email": null, "opening_hours:drive_through": null, "addr:floor": null, "building:levels": null }, "geometry": { "type": "Point", "coordinates": [ 72.8856732, 19.0821332 ] } },
{ "type": "Feature", "properties": { "element": "node", "id": 11283018641, "amenity": "bank", "atm": null, "brand": "South Indian Bank", "brand:wikidata": "Q2044973", "name": "South Indian Bank", "operator": null, "brand:wikipedia": null, "short_name": null, "website": null, "name:en": null, "old_name": null, "addr:housename": null, "addr:postcode": null, "addr:street": null, "alt_name": null, "source": null, "building": null, "addr:housenumber": null, "wikidata": null, "wikipedia": null, "level": null, "branch": null, "check_date": null, "addr:city": null, "wikimedia_commons": null, "brand:en": null, "brand:hi": null, "brand:kn": null, "brand:pa": null, "brand:pnb": null, "brand:ur": null, "brand:wikipedia:pa": null, "name:hi": null, "name:kn": null, "name:pa": null, "name:pnb": null, "name:ur": null, "addr:suburb": null, "note": null, "phone": null, "addr:unit": null, "addr:district": null, "opening_hours": null, "email": null, "fax": null, "addr:city:ur": null, "contact:fax": null, "operator:ur": null, "short_name:ur": null, "description": null, "fixme": null, "check_date:opening_hours": null, "drive_through": null, "highway": null, "traffic_signals": null, "traffic_signals:direction": null, "name:zh": null, "air_conditioning": null, "wheelchair": null, "contact:phone": null, "not:brand:wikidata": null, "opening_hours:covid19": null, "name:mr": null, "internet_access": null, "internet_access:fee": null, "payment:cash": null, "payment:credit_cards": null, "payment:debit_cards": null, "opening_hours:signed": null, "official_name": null, "bank": null, "contact:email": null, "opening_hours:drive_through": null, "addr:floor": null, "building:levels": null }, "geometry": { "type": "Point", "coordinates": [ 72.896198, 19.0534718 ] } },
{ "type": "Feature", "properties": { "element": "node", "id": 11283018643, "amenity": "bank", "atm": null, "brand": "Jana Small Finance Bank", "brand:wikidata": "Q65122274", "name": "Jana Small Finance Bank", "operator": null, "brand:wikipedia": null, "short_name": null, "website": null, "name:en": null, "old_name": null, "addr:housename": null, "addr:postcode": null, "addr:street": null, "alt_name": null, "source": null, "building": null, "addr:housenumber": null, "wikidata": null, "wikipedia": null, "level": null, "branch": null, "check_date": null, "addr:city": null, "wikimedia_commons": null, "brand:en": null, "brand:hi": null, "brand:kn": null, "brand:pa": null, "brand:pnb": null, "brand:ur": null, "brand:wikipedia:pa": null, "name:hi": null, "name:kn": null, "name:pa": null, "name:pnb": null, "name:ur": null, "addr:suburb": null, "note": null, "phone": null, "addr:unit": null, "addr:district": null, "opening_hours": null, "email": null, "fax": null, "addr:city:ur": null, "contact:fax": null, "operator:ur": null, "short_name:ur": null, "description": null, "fixme": null, "check_date:opening_hours": null, "drive_through": null, "highway": null, "traffic_signals": null, "traffic_signals:direction": null, "name:zh": null, "air_conditioning": null, "wheelchair": null, "contact:phone": null, "not:brand:wikidata": null, "opening_hours:covid19": null, "name:mr": null, "internet_access": null, "internet_access:fee": null, "payment:cash": null, "payment:credit_cards": null, "payment:debit_cards": null, "opening_hours:signed": null, "official_name": null, "bank": null, "contact:email": null, "opening_hours:drive_through": null, "addr:floor": null, "building:levels": null }, "geometry": { "type": "Point", "coordinates": [ 72.8960644, 19.0535061 ] } },
{ "type": "Feature", "properties": { "element": "node", "id": 11283018645, "amenity": "bank", "atm": null, "brand": "ICICI Bank", "brand:wikidata": "Q1653258", "name": "ICICI Bank", "operator": null, "brand:wikipedia": null, "short_name": "ICICI", "website": null, "name:en": null, "old_name": null, "addr:housename": null, "addr:postcode": null, "addr:street": null, "alt_name": null, "source": null, "building": null, "addr:housenumber": null, "wikidata": null, "wikipedia": null, "level": null, "branch": null, "check_date": null, "addr:city": null, "wikimedia_commons": null, "brand:en": null, "brand:hi": null, "brand:kn": null, "brand:pa": null, "brand:pnb": null, "brand:ur": null, "brand:wikipedia:pa": null, "name:hi": null, "name:kn": null, "name:pa": null, "name:pnb": null, "name:ur": null, "addr:suburb": null, "note": null, "phone": null, "addr:unit": null, "addr:district": null, "opening_hours": null, "email": null, "fax": null, "addr:city:ur": null, "contact:fax": null, "operator:ur": null, "short_name:ur": null, "description": null, "fixme": null, "check_date:opening_hours": null, "drive_through": null, "highway": null, "traffic_signals": null, "traffic_signals:direction": null, "name:zh": null, "air_conditioning": null, "wheelchair": null, "contact:phone": null, "not:brand:wikidata": null, "opening_hours:covid19": null, "name:mr": null, "internet_access": null, "internet_access:fee": null, "payment:cash": null, "payment:credit_cards": null, "payment:debit_cards": null, "opening_hours:signed": null, "official_name": null, "bank": null, "contact:email": null, "opening_hours:drive_through": null, "addr:floor": null, "building:levels": null }, "geometry": { "type": "Point", "coordinates": [ 72.8956128, 19.0536232 ] } },
{ "type": "Feature", "properties": { "element": "node", "id": 11296361340, "amenity": "bank", "atm": null, "brand": "RBL Bank", "brand:wikidata": "Q13120398", "name": "RBL Bank", "operator": null, "brand:wikipedia": null, "short_name": null, "website": null, "name:en": null, "old_name": null, "addr:housename": null, "addr:postcode": null, "addr:street": null, "alt_name": null, "source": null, "building": null, "addr:housenumber": null, "wikidata": null, "wikipedia": null, "level": null, "branch": null, "check_date": null, "addr:city": null, "wikimedia_commons": null, "brand:en": null, "brand:hi": null, "brand:kn": null, "brand:pa": null, "brand:pnb": null, "brand:ur": null, "brand:wikipedia:pa": null, "name:hi": null, "name:kn": null, "name:pa": null, "name:pnb": null, "name:ur": null, "addr:suburb": null, "note": null, "phone": null, "addr:unit": null, "addr:district": null, "opening_hours": null, "email": null, "fax": null, "addr:city:ur": null, "contact:fax": null, "operator:ur": null, "short_name:ur": null, "description": null, "fixme": null, "check_date:opening_hours": null, "drive_through": null, "highway": null, "traffic_signals": null, "traffic_signals:direction": null, "name:zh": null, "air_conditioning": null, "wheelchair": null, "contact:phone": null, "not:brand:wikidata": null, "opening_hours:covid19": null, "name:mr": null, "internet_access": null, "internet_access:fee": null, "payment:cash": null, "payment:credit_cards": null, "payment:debit_cards": null, "opening_hours:signed": null, "official_name": null, "bank": null, "contact:email": null, "opening_hours:drive_through": null, "addr:floor": null, "building:levels": null }, "geometry": { "type": "Point", "coordinates": [ 72.8289067, 19.0595383 ] } },
{ "type": "Feature", "properties": { "element": "node", "id": 11296361363, "amenity": "bank", "atm": null, "brand": "Bank of India", "brand:wikidata": "Q2004439", "name": "Bank of India", "operator": null, "brand:wikipedia": null, "short_name": null, "website": null, "name:en": null, "old_name": null, "addr:housename": null, "addr:postcode": null, "addr:street": null, "alt_name": null, "source": null, "building": null, "addr:housenumber": null, "wikidata": null, "wikipedia": null, "level": null, "branch": null, "check_date": null, "addr:city": null, "wikimedia_commons": null, "brand:en": null, "brand:hi": null, "brand:kn": null, "brand:pa": null, "brand:pnb": null, "brand:ur": null, "brand:wikipedia:pa": null, "name:hi": null, "name:kn": null, "name:pa": null, "name:pnb": null, "name:ur": null, "addr:suburb": null, "note": null, "phone": null, "addr:unit": null, "addr:district": null, "opening_hours": null, "email": null, "fax": null, "addr:city:ur": null, "contact:fax": null, "operator:ur": null, "short_name:ur": null, "description": null, "fixme": null, "check_date:opening_hours": null, "drive_through": null, "highway": null, "traffic_signals": null, "traffic_signals:direction": null, "name:zh": null, "air_conditioning": null, "wheelchair": null, "contact:phone": null, "not:brand:wikidata": null, "opening_hours:covid19": null, "name:mr": null, "internet_access": null, "internet_access:fee": null, "payment:cash": null, "payment:credit_cards": null, "payment:debit_cards": null, "opening_hours:signed": null, "official_name": null, "bank": null, "contact:email": null, "opening_hours:drive_through": null, "addr:floor": null, "building:levels": null }, "geometry": { "type": "Point", "coordinates": [ 72.8282577, 19.0624737 ] } },
{ "type": "Feature", "properties": { "element": "node", "id": 11298645288, "amenity": "bank", "atm": null, "brand": "Bank of Baroda", "brand:wikidata": "Q2003797", "name": "Bank of Baroda", "operator": null, "brand:wikipedia": null, "short_name": null, "website": null, "name:en": null, "old_name": null, "addr:housename": null, "addr:postcode": null, "addr:street": null, "alt_name": null, "source": null, "building": null, "addr:housenumber": null, "wikidata": null, "wikipedia": null, "level": null, "branch": null, "check_date": null, "addr:city": null, "wikimedia_commons": null, "brand:en": null, "brand:hi": null, "brand:kn": null, "brand:pa": null, "brand:pnb": null, "brand:ur": null, "brand:wikipedia:pa": null, "name:hi": null, "name:kn": null, "name:pa": null, "name:pnb": null, "name:ur": null, "addr:suburb": null, "note": null, "phone": null, "addr:unit": null, "addr:district": null, "opening_hours": null, "email": null, "fax": null, "addr:city:ur": null, "contact:fax": null, "operator:ur": null, "short_name:ur": null, "description": null, "fixme": null, "check_date:opening_hours": null, "drive_through": null, "highway": null, "traffic_signals": null, "traffic_signals:direction": null, "name:zh": null, "air_conditioning": null, "wheelchair": null, "contact:phone": null, "not:brand:wikidata": null, "opening_hours:covid19": null, "name:mr": null, "internet_access": null, "internet_access:fee": null, "payment:cash": null, "payment:credit_cards": null, "payment:debit_cards": null, "opening_hours:signed": null, "official_name": null, "bank": null, "contact:email": null, "opening_hours:drive_through": null, "addr:floor": null, "building:levels": null }, "geometry": { "type": "Point", "coordinates": [ 72.8299877, 19.0657054 ] } },
{ "type": "Feature", "properties": { "element": "node", "id": 11298645390, "amenity": "bank", "atm": null, "brand": "ICICI Bank", "brand:wikidata": "Q1653258", "name": "ICICI Bank", "operator": null, "brand:wikipedia": null, "short_name": "ICICI", "website": null, "name:en": null, "old_name": null, "addr:housename": null, "addr:postcode": null, "addr:street": null, "alt_name": null, "source": null, "building": null, "addr:housenumber": null, "wikidata": null, "wikipedia": null, "level": null, "branch": null, "check_date": null, "addr:city": null, "wikimedia_commons": null, "brand:en": null, "brand:hi": null, "brand:kn": null, "brand:pa": null, "brand:pnb": null, "brand:ur": null, "brand:wikipedia:pa": null, "name:hi": null, "name:kn": null, "name:pa": null, "name:pnb": null, "name:ur": null, "addr:suburb": null, "note": null, "phone": null, "addr:unit": null, "addr:district": null, "opening_hours": null, "email": null, "fax": null, "addr:city:ur": null, "contact:fax": null, "operator:ur": null, "short_name:ur": null, "description": null, "fixme": null, "check_date:opening_hours": null, "drive_through": null, "highway": null, "traffic_signals": null, "traffic_signals:direction": null, "name:zh": null, "air_conditioning": null, "wheelchair": null, "contact:phone": null, "not:brand:wikidata": null, "opening_hours:covid19": null, "name:mr": null, "internet_access": null, "internet_access:fee": null, "payment:cash": null, "payment:credit_cards": null, "payment:debit_cards": null, "opening_hours:signed": null, "official_name": null, "bank": null, "contact:email": null, "opening_hours:drive_through": null, "addr:floor": null, "building:levels": null }, "geometry": { "type": "Point", "coordinates": [ 72.8333777, 19.0679736 ] } },
{ "type": "Feature", "properties": { "element": "node", "id": 11298645404, "amenity": "bank", "atm": null, "brand": "Punjab National Bank", "brand:wikidata": "Q2743499", "name": "Punjab National Bank", "operator": null, "brand:wikipedia": null, "short_name": null, "website": null, "name:en": null, "old_name": null, "addr:housename": null, "addr:postcode": null, "addr:street": null, "alt_name": null, "source": null, "building": null, "addr:housenumber": null, "wikidata": null, "wikipedia": null, "level": null, "branch": null, "check_date": null, "addr:city": null, "wikimedia_commons": null, "brand:en": null, "brand:hi": null, "brand:kn": null, "brand:pa": null, "brand:pnb": null, "brand:ur": null, "brand:wikipedia:pa": null, "name:hi": null, "name:kn": null, "name:pa": null, "name:pnb": null, "name:ur": null, "addr:suburb": null, "note": null, "phone": null, "addr:unit": null, "addr:district": null, "opening_hours": null, "email": null, "fax": null, "addr:city:ur": null, "contact:fax": null, "operator:ur": null, "short_name:ur": null, "description": null, "fixme": null, "check_date:opening_hours": null, "drive_through": null, "highway": null, "traffic_signals": null, "traffic_signals:direction": null, "name:zh": null, "air_conditioning": null, "wheelchair": null, "contact:phone": null, "not:brand:wikidata": null, "opening_hours:covid19": null, "name:mr": null, "internet_access": null, "internet_access:fee": null, "payment:cash": null, "payment:credit_cards": null, "payment:debit_cards": null, "opening_hours:signed": null, "official_name": null, "bank": null, "contact:email": null, "opening_hours:drive_through": null, "addr:floor": null, "building:levels": null }, "geometry": { "type": "Point", "coordinates": [ 72.8337555, 19.0675934 ] } },
{ "type": "Feature", "properties": { "element": "node", "id": 11298645409, "amenity": "bank", "atm": null, "brand": null, "brand:wikidata": null, "name": "Bharat Bank", "operator": null, "brand:wikipedia": null, "short_name": null, "website": null, "name:en": "Bharat Bank", "old_name": null, "addr:housename": null, "addr:postcode": null, "addr:street": null, "alt_name": null, "source": null, "building": null, "addr:housenumber": null, "wikidata": null, "wikipedia": null, "level": null, "branch": null, "check_date": null, "addr:city": null, "wikimedia_commons": null, "brand:en": null, "brand:hi": null, "brand:kn": null, "brand:pa": null, "brand:pnb": null, "brand:ur": null, "brand:wikipedia:pa": null, "name:hi": null, "name:kn": null, "name:pa": null, "name:pnb": null, "name:ur": null, "addr:suburb": null, "note": null, "phone": null, "addr:unit": null, "addr:district": null, "opening_hours": null, "email": null, "fax": null, "addr:city:ur": null, "contact:fax": null, "operator:ur": null, "short_name:ur": null, "description": null, "fixme": null, "check_date:opening_hours": null, "drive_through": null, "highway": null, "traffic_signals": null, "traffic_signals:direction": null, "name:zh": null, "air_conditioning": null, "wheelchair": null, "contact:phone": null, "not:brand:wikidata": null, "opening_hours:covid19": null, "name:mr": null, "internet_access": null, "internet_access:fee": null, "payment:cash": null, "payment:credit_cards": null, "payment:debit_cards": null, "opening_hours:signed": null, "official_name": null, "bank": null, "contact:email": null, "opening_hours:drive_through": null, "addr:floor": null, "building:levels": null }, "geometry": { "type": "Point", "coordinates": [ 72.8316247, 19.0650052 ] } },
{ "type": "Feature", "properties": { "element": "node", "id": 11342048112, "amenity": "bank", "atm": null, "brand": null, "brand:wikidata": null, "name": "DCB Bank", "operator": null, "brand:wikipedia": null, "short_name": null, "website": null, "name:en": null, "old_name": null, "addr:housename": null, "addr:postcode": null, "addr:street": null, "alt_name": null, "source": null, "building": null, "addr:housenumber": null, "wikidata": null, "wikipedia": null, "level": null, "branch": null, "check_date": null, "addr:city": null, "wikimedia_commons": null, "brand:en": null, "brand:hi": null, "brand:kn": null, "brand:pa": null, "brand:pnb": null, "brand:ur": null, "brand:wikipedia:pa": null, "name:hi": null, "name:kn": null, "name:pa": null, "name:pnb": null, "name:ur": null, "addr:suburb": null, "note": null, "phone": null, "addr:unit": null, "addr:district": null, "opening_hours": null, "email": null, "fax": null, "addr:city:ur": null, "contact:fax": null, "operator:ur": null, "short_name:ur": null, "description": null, "fixme": null, "check_date:opening_hours": null, "drive_through": null, "highway": null, "traffic_signals": null, "traffic_signals:direction": null, "name:zh": null, "air_conditioning": null, "wheelchair": null, "contact:phone": null, "not:brand:wikidata": null, "opening_hours:covid19": null, "name:mr": null, "internet_access": null, "internet_access:fee": null, "payment:cash": null, "payment:credit_cards": null, "payment:debit_cards": null, "opening_hours:signed": null, "official_name": null, "bank": null, "contact:email": null, "opening_hours:drive_through": null, "addr:floor": null, "building:levels": null }, "geometry": { "type": "Point", "coordinates": [ 72.823928, 19.0523353 ] } },
{ "type": "Feature", "properties": { "element": "node", "id": 11364270984, "amenity": "bank", "atm": null, "brand": "Yes Bank", "brand:wikidata": "Q2040394", "name": "Yes Bank", "operator": null, "brand:wikipedia": null, "short_name": null, "website": null, "name:en": null, "old_name": null, "addr:housename": null, "addr:postcode": null, "addr:street": null, "alt_name": null, "source": null, "building": null, "addr:housenumber": null, "wikidata": null, "wikipedia": null, "level": null, "branch": null, "check_date": null, "addr:city": null, "wikimedia_commons": null, "brand:en": null, "brand:hi": null, "brand:kn": null, "brand:pa": null, "brand:pnb": null, "brand:ur": null, "brand:wikipedia:pa": null, "name:hi": null, "name:kn": null, "name:pa": null, "name:pnb": null, "name:ur": null, "addr:suburb": null, "note": null, "phone": null, "addr:unit": null, "addr:district": null, "opening_hours": null, "email": null, "fax": null, "addr:city:ur": null, "contact:fax": null, "operator:ur": null, "short_name:ur": null, "description": null, "fixme": null, "check_date:opening_hours": null, "drive_through": null, "highway": null, "traffic_signals": null, "traffic_signals:direction": null, "name:zh": null, "air_conditioning": null, "wheelchair": null, "contact:phone": null, "not:brand:wikidata": null, "opening_hours:covid19": null, "name:mr": null, "internet_access": null, "internet_access:fee": null, "payment:cash": null, "payment:credit_cards": null, "payment:debit_cards": null, "opening_hours:signed": null, "official_name": null, "bank": null, "contact:email": null, "opening_hours:drive_through": null, "addr:floor": null, "building:levels": null }, "geometry": { "type": "Point", "coordinates": [ 72.8293046, 19.0614801 ] } },
{ "type": "Feature", "properties": { "element": "node", "id": 11372185953, "amenity": "bank", "atm": null, "brand": "HSBC", "brand:wikidata": "Q190464", "name": "HSBC", "operator": null, "brand:wikipedia": null, "short_name": null, "website": null, "name:en": null, "old_name": null, "addr:housename": null, "addr:postcode": null, "addr:street": null, "alt_name": null, "source": null, "building": null, "addr:housenumber": null, "wikidata": null, "wikipedia": null, "level": null, "branch": null, "check_date": null, "addr:city": null, "wikimedia_commons": null, "brand:en": null, "brand:hi": null, "brand:kn": null, "brand:pa": null, "brand:pnb": null, "brand:ur": null, "brand:wikipedia:pa": null, "name:hi": null, "name:kn": null, "name:pa": null, "name:pnb": null, "name:ur": null, "addr:suburb": null, "note": null, "phone": null, "addr:unit": null, "addr:district": null, "opening_hours": null, "email": null, "fax": null, "addr:city:ur": null, "contact:fax": null, "operator:ur": null, "short_name:ur": null, "description": null, "fixme": null, "check_date:opening_hours": null, "drive_through": null, "highway": null, "traffic_signals": null, "traffic_signals:direction": null, "name:zh": null, "air_conditioning": null, "wheelchair": null, "contact:phone": null, "not:brand:wikidata": null, "opening_hours:covid19": null, "name:mr": null, "internet_access": null, "internet_access:fee": null, "payment:cash": null, "payment:credit_cards": null, "payment:debit_cards": null, "opening_hours:signed": null, "official_name": null, "bank": null, "contact:email": null, "opening_hours:drive_through": null, "addr:floor": null, "building:levels": null }, "geometry": { "type": "Point", "coordinates": [ 72.8271228, 19.1009998 ] } },
{ "type": "Feature", "properties": { "element": "node", "id": 11384515563, "amenity": "bank", "atm": null, "brand": "HDFC Bank", "brand:wikidata": "Q631047", "name": "HDFC Bank", "operator": null, "brand:wikipedia": null, "short_name": "HDFC", "website": null, "name:en": null, "old_name": null, "addr:housename": null, "addr:postcode": null, "addr:street": null, "alt_name": null, "source": null, "building": null, "addr:housenumber": null, "wikidata": null, "wikipedia": null, "level": null, "branch": null, "check_date": null, "addr:city": null, "wikimedia_commons": null, "brand:en": null, "brand:hi": null, "brand:kn": null, "brand:pa": null, "brand:pnb": null, "brand:ur": null, "brand:wikipedia:pa": null, "name:hi": null, "name:kn": null, "name:pa": null, "name:pnb": null, "name:ur": null, "addr:suburb": null, "note": null, "phone": null, "addr:unit": null, "addr:district": null, "opening_hours": null, "email": null, "fax": null, "addr:city:ur": null, "contact:fax": null, "operator:ur": null, "short_name:ur": null, "description": null, "fixme": null, "check_date:opening_hours": null, "drive_through": null, "highway": null, "traffic_signals": null, "traffic_signals:direction": null, "name:zh": null, "air_conditioning": null, "wheelchair": null, "contact:phone": null, "not:brand:wikidata": null, "opening_hours:covid19": null, "name:mr": null, "internet_access": null, "internet_access:fee": null, "payment:cash": null, "payment:credit_cards": null, "payment:debit_cards": null, "opening_hours:signed": null, "official_name": null, "bank": null, "contact:email": null, "opening_hours:drive_through": null, "addr:floor": null, "building:levels": null }, "geometry": { "type": "Point", "coordinates": [ 72.8346952, 19.0814391 ] } },
{ "type": "Feature", "properties": { "element": "node", "id": 11384515564, "amenity": "bank", "atm": null, "brand": "Kotak Mahindra Bank", "brand:wikidata": "Q2040404", "name": "Kotak Mahindra Bank", "operator": null, "brand:wikipedia": null, "short_name": null, "website": null, "name:en": null, "old_name": null, "addr:housename": null, "addr:postcode": null, "addr:street": null, "alt_name": null, "source": null, "building": null, "addr:housenumber": null, "wikidata": null, "wikipedia": null, "level": null, "branch": null, "check_date": null, "addr:city": null, "wikimedia_commons": null, "brand:en": null, "brand:hi": null, "brand:kn": null, "brand:pa": null, "brand:pnb": null, "brand:ur": null, "brand:wikipedia:pa": null, "name:hi": null, "name:kn": null, "name:pa": null, "name:pnb": null, "name:ur": null, "addr:suburb": null, "note": null, "phone": null, "addr:unit": null, "addr:district": null, "opening_hours": null, "email": null, "fax": null, "addr:city:ur": null, "contact:fax": null, "operator:ur": null, "short_name:ur": null, "description": null, "fixme": null, "check_date:opening_hours": null, "drive_through": null, "highway": null, "traffic_signals": null, "traffic_signals:direction": null, "name:zh": null, "air_conditioning": null, "wheelchair": null, "contact:phone": null, "not:brand:wikidata": null, "opening_hours:covid19": null, "name:mr": null, "internet_access": null, "internet_access:fee": null, "payment:cash": null, "payment:credit_cards": null, "payment:debit_cards": null, "opening_hours:signed": null, "official_name": null, "bank": null, "contact:email": null, "opening_hours:drive_through": null, "addr:floor": null, "building:levels": null }, "geometry": { "type": "Point", "coordinates": [ 72.834574, 19.0783784 ] } },
{ "type": "Feature", "properties": { "element": "node", "id": 11384605397, "amenity": "bank", "atm": null, "brand": null, "brand:wikidata": null, "name": "Saraswat Co Op Bank", "operator": null, "brand:wikipedia": null, "short_name": null, "website": null, "name:en": "Saraswat Co Op Bank", "old_name": null, "addr:housename": null, "addr:postcode": null, "addr:street": null, "alt_name": null, "source": null, "building": null, "addr:housenumber": null, "wikidata": null, "wikipedia": null, "level": null, "branch": null, "check_date": null, "addr:city": null, "wikimedia_commons": null, "brand:en": null, "brand:hi": null, "brand:kn": null, "brand:pa": null, "brand:pnb": null, "brand:ur": null, "brand:wikipedia:pa": null, "name:hi": null, "name:kn": null, "name:pa": null, "name:pnb": null, "name:ur": null, "addr:suburb": null, "note": null, "phone": null, "addr:unit": null, "addr:district": null, "opening_hours": null, "email": null, "fax": null, "addr:city:ur": null, "contact:fax": null, "operator:ur": null, "short_name:ur": null, "description": null, "fixme": null, "check_date:opening_hours": null, "drive_through": null, "highway": null, "traffic_signals": null, "traffic_signals:direction": null, "name:zh": null, "air_conditioning": null, "wheelchair": null, "contact:phone": null, "not:brand:wikidata": null, "opening_hours:covid19": null, "name:mr": null, "internet_access": null, "internet_access:fee": null, "payment:cash": null, "payment:credit_cards": null, "payment:debit_cards": null, "opening_hours:signed": null, "official_name": null, "bank": null, "contact:email": null, "opening_hours:drive_through": null, "addr:floor": null, "building:levels": null }, "geometry": { "type": "Point", "coordinates": [ 72.8369199, 19.0194855 ] } },
{ "type": "Feature", "properties": { "element": "node", "id": 11400791211, "amenity": "bank", "atm": null, "brand": "IDFC First Bank", "brand:wikidata": "Q22031467", "name": "IDFC First Bank", "operator": null, "brand:wikipedia": null, "short_name": null, "website": null, "name:en": null, "old_name": null, "addr:housename": null, "addr:postcode": null, "addr:street": null, "alt_name": null, "source": null, "building": null, "addr:housenumber": null, "wikidata": null, "wikipedia": null, "level": null, "branch": null, "check_date": null, "addr:city": null, "wikimedia_commons": null, "brand:en": null, "brand:hi": null, "brand:kn": null, "brand:pa": null, "brand:pnb": null, "brand:ur": null, "brand:wikipedia:pa": null, "name:hi": null, "name:kn": null, "name:pa": null, "name:pnb": null, "name:ur": null, "addr:suburb": null, "note": null, "phone": null, "addr:unit": null, "addr:district": null, "opening_hours": null, "email": null, "fax": null, "addr:city:ur": null, "contact:fax": null, "operator:ur": null, "short_name:ur": null, "description": null, "fixme": null, "check_date:opening_hours": null, "drive_through": null, "highway": null, "traffic_signals": null, "traffic_signals:direction": null, "name:zh": null, "air_conditioning": null, "wheelchair": null, "contact:phone": null, "not:brand:wikidata": null, "opening_hours:covid19": null, "name:mr": null, "internet_access": null, "internet_access:fee": null, "payment:cash": null, "payment:credit_cards": null, "payment:debit_cards": null, "opening_hours:signed": null, "official_name": null, "bank": null, "contact:email": null, "opening_hours:drive_through": null, "addr:floor": null, "building:levels": null }, "geometry": { "type": "Point", "coordinates": [ 72.8961277, 19.0819606 ] } },
{ "type": "Feature", "properties": { "element": "node", "id": 11400791213, "amenity": "bank", "atm": null, "brand": "HDFC Bank", "brand:wikidata": "Q631047", "name": "HDFC Bank", "operator": null, "brand:wikipedia": null, "short_name": "HDFC", "website": null, "name:en": null, "old_name": null, "addr:housename": null, "addr:postcode": null, "addr:street": null, "alt_name": null, "source": null, "building": null, "addr:housenumber": null, "wikidata": null, "wikipedia": null, "level": null, "branch": null, "check_date": null, "addr:city": null, "wikimedia_commons": null, "brand:en": null, "brand:hi": null, "brand:kn": null, "brand:pa": null, "brand:pnb": null, "brand:ur": null, "brand:wikipedia:pa": null, "name:hi": null, "name:kn": null, "name:pa": null, "name:pnb": null, "name:ur": null, "addr:suburb": null, "note": null, "phone": null, "addr:unit": null, "addr:district": null, "opening_hours": null, "email": null, "fax": null, "addr:city:ur": null, "contact:fax": null, "operator:ur": null, "short_name:ur": null, "description": null, "fixme": null, "check_date:opening_hours": null, "drive_through": null, "highway": null, "traffic_signals": null, "traffic_signals:direction": null, "name:zh": null, "air_conditioning": null, "wheelchair": null, "contact:phone": null, "not:brand:wikidata": null, "opening_hours:covid19": null, "name:mr": null, "internet_access": null, "internet_access:fee": null, "payment:cash": null, "payment:credit_cards": null, "payment:debit_cards": null, "opening_hours:signed": null, "official_name": null, "bank": null, "contact:email": null, "opening_hours:drive_through": null, "addr:floor": null, "building:levels": null }, "geometry": { "type": "Point", "coordinates": [ 72.8961246, 19.0819003 ] } },
{ "type": "Feature", "properties": { "element": "node", "id": 11400791215, "amenity": "bank", "atm": null, "brand": "ICICI Bank", "brand:wikidata": "Q1653258", "name": "ICICI Bank", "operator": null, "brand:wikipedia": null, "short_name": "ICICI", "website": null, "name:en": null, "old_name": null, "addr:housename": null, "addr:postcode": null, "addr:street": null, "alt_name": null, "source": null, "building": null, "addr:housenumber": null, "wikidata": null, "wikipedia": null, "level": null, "branch": null, "check_date": null, "addr:city": null, "wikimedia_commons": null, "brand:en": null, "brand:hi": null, "brand:kn": null, "brand:pa": null, "brand:pnb": null, "brand:ur": null, "brand:wikipedia:pa": null, "name:hi": null, "name:kn": null, "name:pa": null, "name:pnb": null, "name:ur": null, "addr:suburb": null, "note": null, "phone": null, "addr:unit": null, "addr:district": null, "opening_hours": null, "email": null, "fax": null, "addr:city:ur": null, "contact:fax": null, "operator:ur": null, "short_name:ur": null, "description": null, "fixme": null, "check_date:opening_hours": null, "drive_through": null, "highway": null, "traffic_signals": null, "traffic_signals:direction": null, "name:zh": null, "air_conditioning": null, "wheelchair": null, "contact:phone": null, "not:brand:wikidata": null, "opening_hours:covid19": null, "name:mr": null, "internet_access": null, "internet_access:fee": null, "payment:cash": null, "payment:credit_cards": null, "payment:debit_cards": null, "opening_hours:signed": null, "official_name": null, "bank": null, "contact:email": null, "opening_hours:drive_through": null, "addr:floor": null, "building:levels": null }, "geometry": { "type": "Point", "coordinates": [ 72.8961198, 19.0818445 ] } },
{ "type": "Feature", "properties": { "element": "node", "id": 11400791217, "amenity": "bank", "atm": null, "brand": "Axis Bank", "brand:wikidata": "Q2003549", "name": "Axis Bank", "operator": null, "brand:wikipedia": null, "short_name": null, "website": null, "name:en": null, "old_name": null, "addr:housename": null, "addr:postcode": null, "addr:street": null, "alt_name": null, "source": null, "building": null, "addr:housenumber": null, "wikidata": null, "wikipedia": null, "level": null, "branch": null, "check_date": null, "addr:city": null, "wikimedia_commons": null, "brand:en": null, "brand:hi": null, "brand:kn": null, "brand:pa": null, "brand:pnb": null, "brand:ur": null, "brand:wikipedia:pa": null, "name:hi": null, "name:kn": null, "name:pa": null, "name:pnb": null, "name:ur": null, "addr:suburb": null, "note": null, "phone": null, "addr:unit": null, "addr:district": null, "opening_hours": null, "email": null, "fax": null, "addr:city:ur": null, "contact:fax": null, "operator:ur": null, "short_name:ur": null, "description": null, "fixme": null, "check_date:opening_hours": null, "drive_through": null, "highway": null, "traffic_signals": null, "traffic_signals:direction": null, "name:zh": null, "air_conditioning": null, "wheelchair": null, "contact:phone": null, "not:brand:wikidata": null, "opening_hours:covid19": null, "name:mr": null, "internet_access": null, "internet_access:fee": null, "payment:cash": null, "payment:credit_cards": null, "payment:debit_cards": null, "opening_hours:signed": null, "official_name": null, "bank": null, "contact:email": null, "opening_hours:drive_through": null, "addr:floor": null, "building:levels": null }, "geometry": { "type": "Point", "coordinates": [ 72.8961129, 19.0817891 ] } },
{ "type": "Feature", "properties": { "element": "node", "id": 11400791219, "amenity": "bank", "atm": null, "brand": "Punjab National Bank", "brand:wikidata": "Q2743499", "name": "Punjab National Bank", "operator": null, "brand:wikipedia": null, "short_name": null, "website": null, "name:en": null, "old_name": null, "addr:housename": null, "addr:postcode": null, "addr:street": null, "alt_name": null, "source": null, "building": null, "addr:housenumber": null, "wikidata": null, "wikipedia": null, "level": null, "branch": null, "check_date": null, "addr:city": null, "wikimedia_commons": null, "brand:en": null, "brand:hi": null, "brand:kn": null, "brand:pa": null, "brand:pnb": null, "brand:ur": null, "brand:wikipedia:pa": null, "name:hi": null, "name:kn": null, "name:pa": null, "name:pnb": null, "name:ur": null, "addr:suburb": null, "note": null, "phone": null, "addr:unit": null, "addr:district": null, "opening_hours": null, "email": null, "fax": null, "addr:city:ur": null, "contact:fax": null, "operator:ur": null, "short_name:ur": null, "description": null, "fixme": null, "check_date:opening_hours": null, "drive_through": null, "highway": null, "traffic_signals": null, "traffic_signals:direction": null, "name:zh": null, "air_conditioning": null, "wheelchair": null, "contact:phone": null, "not:brand:wikidata": null, "opening_hours:covid19": null, "name:mr": null, "internet_access": null, "internet_access:fee": null, "payment:cash": null, "payment:credit_cards": null, "payment:debit_cards": null, "opening_hours:signed": null, "official_name": null, "bank": null, "contact:email": null, "opening_hours:drive_through": null, "addr:floor": null, "building:levels": null }, "geometry": { "type": "Point", "coordinates": [ 72.8961027, 19.081707 ] } },
{ "type": "Feature", "properties": { "element": "node", "id": 11400791221, "amenity": "bank", "atm": null, "brand": "Canara Bank", "brand:wikidata": "Q2003777", "name": "Canara Bank", "operator": null, "brand:wikipedia": null, "short_name": null, "website": null, "name:en": "Canara Bank", "old_name": null, "addr:housename": null, "addr:postcode": null, "addr:street": null, "alt_name": null, "source": null, "building": null, "addr:housenumber": null, "wikidata": null, "wikipedia": null, "level": null, "branch": null, "check_date": null, "addr:city": null, "wikimedia_commons": null, "brand:en": "Canara Bank", "brand:hi": "केनरा बैंक", "brand:kn": "ಕೆನರಾ ಬ್ಯಾಂಕ್", "brand:pa": "ਕੇਨਰਾ ਬੈਂਕ", "brand:pnb": "کینرا بینک", "brand:ur": "کینرا بینک", "brand:wikipedia:pa": null, "name:hi": "केनरा बैंक", "name:kn": "ಕೆನರಾ ಬ್ಯಾಂಕ್", "name:pa": "ਕੇਨਰਾ ਬੈਂਕ", "name:pnb": "کینرا بینک", "name:ur": "کینرا بینک", "addr:suburb": null, "note": null, "phone": null, "addr:unit": null, "addr:district": null, "opening_hours": null, "email": null, "fax": null, "addr:city:ur": null, "contact:fax": null, "operator:ur": null, "short_name:ur": null, "description": null, "fixme": null, "check_date:opening_hours": null, "drive_through": null, "highway": null, "traffic_signals": null, "traffic_signals:direction": null, "name:zh": null, "air_conditioning": null, "wheelchair": null, "contact:phone": null, "not:brand:wikidata": null, "opening_hours:covid19": null, "name:mr": null, "internet_access": null, "internet_access:fee": null, "payment:cash": null, "payment:credit_cards": null, "payment:debit_cards": null, "opening_hours:signed": null, "official_name": null, "bank": null, "contact:email": null, "opening_hours:drive_through": null, "addr:floor": null, "building:levels": null }, "geometry": { "type": "Point", "coordinates": [ 72.896099, 19.0816217 ] } },
{ "type": "Feature", "properties": { "element": "node", "id": 11426624934, "amenity": "bank", "atm": null, "brand": "RBL Bank", "brand:wikidata": "Q13120398", "name": "RBL Bank", "operator": null, "brand:wikipedia": null, "short_name": null, "website": null, "name:en": null, "old_name": null, "addr:housename": null, "addr:postcode": null, "addr:street": null, "alt_name": null, "source": null, "building": null, "addr:housenumber": null, "wikidata": null, "wikipedia": null, "level": null, "branch": "Juhu Tara Road", "check_date": null, "addr:city": null, "wikimedia_commons": null, "brand:en": null, "brand:hi": null, "brand:kn": null, "brand:pa": null, "brand:pnb": null, "brand:ur": null, "brand:wikipedia:pa": null, "name:hi": null, "name:kn": null, "name:pa": null, "name:pnb": null, "name:ur": null, "addr:suburb": null, "note": null, "phone": null, "addr:unit": null, "addr:district": null, "opening_hours": null, "email": null, "fax": null, "addr:city:ur": null, "contact:fax": null, "operator:ur": null, "short_name:ur": null, "description": null, "fixme": null, "check_date:opening_hours": null, "drive_through": null, "highway": null, "traffic_signals": null, "traffic_signals:direction": null, "name:zh": null, "air_conditioning": null, "wheelchair": null, "contact:phone": null, "not:brand:wikidata": null, "opening_hours:covid19": null, "name:mr": null, "internet_access": null, "internet_access:fee": null, "payment:cash": null, "payment:credit_cards": null, "payment:debit_cards": null, "opening_hours:signed": null, "official_name": null, "bank": null, "contact:email": null, "opening_hours:drive_through": null, "addr:floor": null, "building:levels": null }, "geometry": { "type": "Point", "coordinates": [ 72.8274307, 19.08689 ] } },
{ "type": "Feature", "properties": { "element": "node", "id": 11426709413, "amenity": "bank", "atm": null, "brand": "Yes Bank", "brand:wikidata": "Q2040394", "name": "Yes Bank", "operator": null, "brand:wikipedia": null, "short_name": null, "website": null, "name:en": null, "old_name": null, "addr:housename": null, "addr:postcode": null, "addr:street": null, "alt_name": null, "source": null, "building": null, "addr:housenumber": null, "wikidata": null, "wikipedia": null, "level": null, "branch": "Juhu Tara Road", "check_date": null, "addr:city": null, "wikimedia_commons": null, "brand:en": null, "brand:hi": null, "brand:kn": null, "brand:pa": null, "brand:pnb": null, "brand:ur": null, "brand:wikipedia:pa": null, "name:hi": null, "name:kn": null, "name:pa": null, "name:pnb": null, "name:ur": null, "addr:suburb": null, "note": null, "phone": null, "addr:unit": null, "addr:district": null, "opening_hours": null, "email": null, "fax": null, "addr:city:ur": null, "contact:fax": null, "operator:ur": null, "short_name:ur": null, "description": null, "fixme": null, "check_date:opening_hours": null, "drive_through": null, "highway": null, "traffic_signals": null, "traffic_signals:direction": null, "name:zh": null, "air_conditioning": null, "wheelchair": null, "contact:phone": null, "not:brand:wikidata": null, "opening_hours:covid19": null, "name:mr": null, "internet_access": null, "internet_access:fee": null, "payment:cash": null, "payment:credit_cards": null, "payment:debit_cards": null, "opening_hours:signed": null, "official_name": null, "bank": null, "contact:email": null, "opening_hours:drive_through": null, "addr:floor": null, "building:levels": null }, "geometry": { "type": "Point", "coordinates": [ 72.8271461, 19.0867646 ] } },
{ "type": "Feature", "properties": { "element": "node", "id": 11426725043, "amenity": "bank", "atm": null, "brand": "HDFC Bank", "brand:wikidata": "Q631047", "name": "HDFC Bank", "operator": null, "brand:wikipedia": null, "short_name": "HDFC", "website": null, "name:en": null, "old_name": null, "addr:housename": null, "addr:postcode": null, "addr:street": null, "alt_name": null, "source": null, "building": null, "addr:housenumber": null, "wikidata": null, "wikipedia": null, "level": null, "branch": "back", "check_date": null, "addr:city": null, "wikimedia_commons": null, "brand:en": null, "brand:hi": null, "brand:kn": null, "brand:pa": null, "brand:pnb": null, "brand:ur": null, "brand:wikipedia:pa": null, "name:hi": null, "name:kn": null, "name:pa": null, "name:pnb": null, "name:ur": null, "addr:suburb": null, "note": null, "phone": null, "addr:unit": null, "addr:district": null, "opening_hours": null, "email": null, "fax": null, "addr:city:ur": null, "contact:fax": null, "operator:ur": null, "short_name:ur": null, "description": null, "fixme": null, "check_date:opening_hours": null, "drive_through": null, "highway": null, "traffic_signals": null, "traffic_signals:direction": null, "name:zh": null, "air_conditioning": null, "wheelchair": null, "contact:phone": null, "not:brand:wikidata": null, "opening_hours:covid19": null, "name:mr": null, "internet_access": null, "internet_access:fee": null, "payment:cash": null, "payment:credit_cards": null, "payment:debit_cards": null, "opening_hours:signed": null, "official_name": null, "bank": null, "contact:email": null, "opening_hours:drive_through": null, "addr:floor": null, "building:levels": null }, "geometry": { "type": "Point", "coordinates": [ 72.8277526, 19.0909225 ] } },
{ "type": "Feature", "properties": { "element": "node", "id": 11426739082, "amenity": "bank", "atm": null, "brand": "Kotak Mahindra Bank", "brand:wikidata": "Q2040404", "name": "Kotak Mahindra Bank", "operator": null, "brand:wikipedia": null, "short_name": null, "website": null, "name:en": null, "old_name": null, "addr:housename": null, "addr:postcode": null, "addr:street": null, "alt_name": null, "source": null, "building": null, "addr:housenumber": null, "wikidata": null, "wikipedia": null, "level": null, "branch": "Juhu Tara Road", "check_date": null, "addr:city": null, "wikimedia_commons": null, "brand:en": null, "brand:hi": null, "brand:kn": null, "brand:pa": null, "brand:pnb": null, "brand:ur": null, "brand:wikipedia:pa": null, "name:hi": null, "name:kn": null, "name:pa": null, "name:pnb": null, "name:ur": null, "addr:suburb": null, "note": null, "phone": null, "addr:unit": null, "addr:district": null, "opening_hours": null, "email": null, "fax": null, "addr:city:ur": null, "contact:fax": null, "operator:ur": null, "short_name:ur": null, "description": null, "fixme": null, "check_date:opening_hours": null, "drive_through": null, "highway": null, "traffic_signals": null, "traffic_signals:direction": null, "name:zh": null, "air_conditioning": null, "wheelchair": null, "contact:phone": null, "not:brand:wikidata": null, "opening_hours:covid19": null, "name:mr": null, "internet_access": null, "internet_access:fee": null, "payment:cash": null, "payment:credit_cards": null, "payment:debit_cards": null, "opening_hours:signed": null, "official_name": null, "bank": null, "contact:email": null, "opening_hours:drive_through": null, "addr:floor": null, "building:levels": null }, "geometry": { "type": "Point", "coordinates": [ 72.827198, 19.087024 ] } },
{ "type": "Feature", "properties": { "element": "node", "id": 11426739557, "amenity": "bank", "atm": null, "brand": null, "brand:wikidata": null, "name": "State Bank of India, Juhu Tara", "operator": null, "brand:wikipedia": null, "short_name": null, "website": null, "name:en": null, "old_name": null, "addr:housename": null, "addr:postcode": null, "addr:street": null, "alt_name": null, "source": null, "building": null, "addr:housenumber": null, "wikidata": null, "wikipedia": null, "level": null, "branch": null, "check_date": null, "addr:city": null, "wikimedia_commons": null, "brand:en": null, "brand:hi": null, "brand:kn": null, "brand:pa": null, "brand:pnb": null, "brand:ur": null, "brand:wikipedia:pa": null, "name:hi": null, "name:kn": null, "name:pa": null, "name:pnb": null, "name:ur": null, "addr:suburb": null, "note": null, "phone": null, "addr:unit": null, "addr:district": null, "opening_hours": null, "email": null, "fax": null, "addr:city:ur": null, "contact:fax": null, "operator:ur": null, "short_name:ur": null, "description": null, "fixme": null, "check_date:opening_hours": null, "drive_through": null, "highway": null, "traffic_signals": null, "traffic_signals:direction": null, "name:zh": null, "air_conditioning": null, "wheelchair": null, "contact:phone": null, "not:brand:wikidata": null, "opening_hours:covid19": null, "name:mr": null, "internet_access": null, "internet_access:fee": null, "payment:cash": null, "payment:credit_cards": null, "payment:debit_cards": null, "opening_hours:signed": null, "official_name": null, "bank": null, "contact:email": null, "opening_hours:drive_through": null, "addr:floor": null, "building:levels": null }, "geometry": { "type": "Point", "coordinates": [ 72.8283453, 19.094799 ] } },
{ "type": "Feature", "properties": { "element": "node", "id": 11445789940, "amenity": "bank", "atm": null, "brand": "Yes Bank", "brand:wikidata": "Q2040394", "name": "Yes Bank", "operator": null, "brand:wikipedia": null, "short_name": null, "website": null, "name:en": null, "old_name": null, "addr:housename": null, "addr:postcode": null, "addr:street": null, "alt_name": null, "source": null, "building": null, "addr:housenumber": null, "wikidata": null, "wikipedia": null, "level": null, "branch": null, "check_date": null, "addr:city": null, "wikimedia_commons": null, "brand:en": null, "brand:hi": null, "brand:kn": null, "brand:pa": null, "brand:pnb": null, "brand:ur": null, "brand:wikipedia:pa": null, "name:hi": null, "name:kn": null, "name:pa": null, "name:pnb": null, "name:ur": null, "addr:suburb": null, "note": null, "phone": null, "addr:unit": null, "addr:district": null, "opening_hours": null, "email": null, "fax": null, "addr:city:ur": null, "contact:fax": null, "operator:ur": null, "short_name:ur": null, "description": null, "fixme": null, "check_date:opening_hours": null, "drive_through": null, "highway": null, "traffic_signals": null, "traffic_signals:direction": null, "name:zh": null, "air_conditioning": null, "wheelchair": null, "contact:phone": null, "not:brand:wikidata": null, "opening_hours:covid19": null, "name:mr": null, "internet_access": null, "internet_access:fee": null, "payment:cash": null, "payment:credit_cards": null, "payment:debit_cards": null, "opening_hours:signed": null, "official_name": null, "bank": null, "contact:email": null, "opening_hours:drive_through": null, "addr:floor": null, "building:levels": null }, "geometry": { "type": "Point", "coordinates": [ 72.8855741, 19.1024353 ] } },
{ "type": "Feature", "properties": { "element": "node", "id": 11445794599, "amenity": "bank", "atm": null, "brand": "IndusInd Bank", "brand:wikidata": "Q2040323", "name": "IndusInd Bank", "operator": null, "brand:wikipedia": null, "short_name": null, "website": null, "name:en": null, "old_name": null, "addr:housename": null, "addr:postcode": null, "addr:street": null, "alt_name": null, "source": null, "building": null, "addr:housenumber": null, "wikidata": null, "wikipedia": null, "level": null, "branch": null, "check_date": null, "addr:city": null, "wikimedia_commons": null, "brand:en": null, "brand:hi": null, "brand:kn": null, "brand:pa": null, "brand:pnb": null, "brand:ur": null, "brand:wikipedia:pa": null, "name:hi": null, "name:kn": null, "name:pa": null, "name:pnb": null, "name:ur": null, "addr:suburb": null, "note": null, "phone": null, "addr:unit": null, "addr:district": null, "opening_hours": null, "email": null, "fax": null, "addr:city:ur": null, "contact:fax": null, "operator:ur": null, "short_name:ur": null, "description": null, "fixme": null, "check_date:opening_hours": null, "drive_through": null, "highway": null, "traffic_signals": null, "traffic_signals:direction": null, "name:zh": null, "air_conditioning": null, "wheelchair": null, "contact:phone": null, "not:brand:wikidata": null, "opening_hours:covid19": null, "name:mr": null, "internet_access": null, "internet_access:fee": null, "payment:cash": null, "payment:credit_cards": null, "payment:debit_cards": null, "opening_hours:signed": null, "official_name": null, "bank": null, "contact:email": null, "opening_hours:drive_through": null, "addr:floor": null, "building:levels": null }, "geometry": { "type": "Point", "coordinates": [ 72.8857349, 19.1025201 ] } },
{ "type": "Feature", "properties": { "element": "node", "id": 11445805534, "amenity": "bank", "atm": null, "brand": null, "brand:wikidata": null, "name": "Unity Small Finance Bank", "operator": null, "brand:wikipedia": null, "short_name": null, "website": null, "name:en": null, "old_name": null, "addr:housename": null, "addr:postcode": null, "addr:street": null, "alt_name": null, "source": null, "building": null, "addr:housenumber": null, "wikidata": null, "wikipedia": null, "level": null, "branch": null, "check_date": null, "addr:city": null, "wikimedia_commons": null, "brand:en": null, "brand:hi": null, "brand:kn": null, "brand:pa": null, "brand:pnb": null, "brand:ur": null, "brand:wikipedia:pa": null, "name:hi": null, "name:kn": null, "name:pa": null, "name:pnb": null, "name:ur": null, "addr:suburb": null, "note": null, "phone": null, "addr:unit": null, "addr:district": null, "opening_hours": null, "email": null, "fax": null, "addr:city:ur": null, "contact:fax": null, "operator:ur": null, "short_name:ur": null, "description": null, "fixme": null, "check_date:opening_hours": null, "drive_through": null, "highway": null, "traffic_signals": null, "traffic_signals:direction": null, "name:zh": null, "air_conditioning": null, "wheelchair": null, "contact:phone": null, "not:brand:wikidata": null, "opening_hours:covid19": null, "name:mr": null, "internet_access": null, "internet_access:fee": null, "payment:cash": null, "payment:credit_cards": null, "payment:debit_cards": null, "opening_hours:signed": null, "official_name": null, "bank": null, "contact:email": null, "opening_hours:drive_through": null, "addr:floor": null, "building:levels": null }, "geometry": { "type": "Point", "coordinates": [ 72.8888784, 19.080614 ] } },
{ "type": "Feature", "properties": { "element": "node", "id": 11449396797, "amenity": "bank", "atm": null, "brand": null, "brand:wikidata": null, "name": "Apna Sarkari Bank Ltd.", "operator": null, "brand:wikipedia": null, "short_name": null, "website": null, "name:en": null, "old_name": null, "addr:housename": null, "addr:postcode": null, "addr:street": null, "alt_name": null, "source": null, "building": null, "addr:housenumber": null, "wikidata": null, "wikipedia": null, "level": null, "branch": null, "check_date": null, "addr:city": null, "wikimedia_commons": null, "brand:en": null, "brand:hi": null, "brand:kn": null, "brand:pa": null, "brand:pnb": null, "brand:ur": null, "brand:wikipedia:pa": null, "name:hi": null, "name:kn": null, "name:pa": null, "name:pnb": null, "name:ur": null, "addr:suburb": null, "note": null, "phone": null, "addr:unit": null, "addr:district": null, "opening_hours": null, "email": null, "fax": null, "addr:city:ur": null, "contact:fax": null, "operator:ur": null, "short_name:ur": null, "description": null, "fixme": null, "check_date:opening_hours": null, "drive_through": null, "highway": null, "traffic_signals": null, "traffic_signals:direction": null, "name:zh": null, "air_conditioning": null, "wheelchair": null, "contact:phone": null, "not:brand:wikidata": null, "opening_hours:covid19": null, "name:mr": null, "internet_access": null, "internet_access:fee": null, "payment:cash": null, "payment:credit_cards": null, "payment:debit_cards": null, "opening_hours:signed": null, "official_name": null, "bank": null, "contact:email": null, "opening_hours:drive_through": null, "addr:floor": null, "building:levels": null }, "geometry": { "type": "Point", "coordinates": [ 72.8565515, 19.0426321 ] } },
{ "type": "Feature", "properties": { "element": "node", "id": 11449431524, "amenity": "bank", "atm": null, "brand": "State Bank of India", "brand:wikidata": "Q1340361", "name": "State Bank of India", "operator": null, "brand:wikipedia": null, "short_name": "SBI", "website": null, "name:en": null, "old_name": null, "addr:housename": null, "addr:postcode": null, "addr:street": null, "alt_name": null, "source": null, "building": null, "addr:housenumber": null, "wikidata": null, "wikipedia": null, "level": null, "branch": null, "check_date": null, "addr:city": null, "wikimedia_commons": null, "brand:en": null, "brand:hi": null, "brand:kn": null, "brand:pa": null, "brand:pnb": null, "brand:ur": null, "brand:wikipedia:pa": null, "name:hi": null, "name:kn": null, "name:pa": null, "name:pnb": null, "name:ur": null, "addr:suburb": null, "note": null, "phone": null, "addr:unit": null, "addr:district": null, "opening_hours": null, "email": null, "fax": null, "addr:city:ur": null, "contact:fax": null, "operator:ur": null, "short_name:ur": null, "description": null, "fixme": null, "check_date:opening_hours": null, "drive_through": null, "highway": null, "traffic_signals": null, "traffic_signals:direction": null, "name:zh": null, "air_conditioning": null, "wheelchair": null, "contact:phone": null, "not:brand:wikidata": null, "opening_hours:covid19": null, "name:mr": null, "internet_access": null, "internet_access:fee": null, "payment:cash": null, "payment:credit_cards": null, "payment:debit_cards": null, "opening_hours:signed": null, "official_name": null, "bank": null, "contact:email": null, "opening_hours:drive_through": null, "addr:floor": null, "building:levels": null }, "geometry": { "type": "Point", "coordinates": [ 72.8744544, 19.0653031 ] } },
{ "type": "Feature", "properties": { "element": "node", "id": 11449433247, "amenity": "bank", "atm": null, "brand": "AU Small Finance Bank", "brand:wikidata": "Q48729722", "name": "AU Small Finance Bank", "operator": null, "brand:wikipedia": null, "short_name": null, "website": null, "name:en": null, "old_name": null, "addr:housename": null, "addr:postcode": null, "addr:street": null, "alt_name": null, "source": null, "building": null, "addr:housenumber": null, "wikidata": null, "wikipedia": null, "level": null, "branch": null, "check_date": null, "addr:city": null, "wikimedia_commons": null, "brand:en": null, "brand:hi": null, "brand:kn": null, "brand:pa": null, "brand:pnb": null, "brand:ur": null, "brand:wikipedia:pa": null, "name:hi": null, "name:kn": null, "name:pa": null, "name:pnb": null, "name:ur": null, "addr:suburb": null, "note": null, "phone": null, "addr:unit": null, "addr:district": null, "opening_hours": null, "email": null, "fax": null, "addr:city:ur": null, "contact:fax": null, "operator:ur": null, "short_name:ur": null, "description": null, "fixme": null, "check_date:opening_hours": null, "drive_through": null, "highway": null, "traffic_signals": null, "traffic_signals:direction": null, "name:zh": null, "air_conditioning": null, "wheelchair": null, "contact:phone": null, "not:brand:wikidata": null, "opening_hours:covid19": null, "name:mr": null, "internet_access": null, "internet_access:fee": null, "payment:cash": null, "payment:credit_cards": null, "payment:debit_cards": null, "opening_hours:signed": null, "official_name": null, "bank": null, "contact:email": null, "opening_hours:drive_through": null, "addr:floor": null, "building:levels": null }, "geometry": { "type": "Point", "coordinates": [ 72.876795, 19.0758249 ] } },
{ "type": "Feature", "properties": { "element": "node", "id": 11451911115, "amenity": "bank", "atm": null, "brand": "Kotak Mahindra Bank", "brand:wikidata": "Q2040404", "name": "Kotak Mahindra Bank", "operator": null, "brand:wikipedia": null, "short_name": null, "website": null, "name:en": null, "old_name": null, "addr:housename": null, "addr:postcode": null, "addr:street": null, "alt_name": null, "source": null, "building": null, "addr:housenumber": null, "wikidata": null, "wikipedia": null, "level": null, "branch": null, "check_date": null, "addr:city": null, "wikimedia_commons": null, "brand:en": null, "brand:hi": null, "brand:kn": null, "brand:pa": null, "brand:pnb": null, "brand:ur": null, "brand:wikipedia:pa": null, "name:hi": null, "name:kn": null, "name:pa": null, "name:pnb": null, "name:ur": null, "addr:suburb": null, "note": null, "phone": null, "addr:unit": null, "addr:district": null, "opening_hours": null, "email": null, "fax": null, "addr:city:ur": null, "contact:fax": null, "operator:ur": null, "short_name:ur": null, "description": null, "fixme": null, "check_date:opening_hours": null, "drive_through": null, "highway": null, "traffic_signals": null, "traffic_signals:direction": null, "name:zh": null, "air_conditioning": null, "wheelchair": null, "contact:phone": null, "not:brand:wikidata": null, "opening_hours:covid19": null, "name:mr": null, "internet_access": null, "internet_access:fee": null, "payment:cash": null, "payment:credit_cards": null, "payment:debit_cards": null, "opening_hours:signed": null, "official_name": null, "bank": null, "contact:email": null, "opening_hours:drive_through": null, "addr:floor": null, "building:levels": null }, "geometry": { "type": "Point", "coordinates": [ 72.8359859, 19.0252336 ] } },
{ "type": "Feature", "properties": { "element": "node", "id": 11451935137, "amenity": "bank", "atm": null, "brand": "IDBI Bank", "brand:wikidata": "Q3633485", "name": "IDBI Bank", "operator": null, "brand:wikipedia": null, "short_name": "IDBI", "website": null, "name:en": null, "old_name": null, "addr:housename": null, "addr:postcode": null, "addr:street": null, "alt_name": null, "source": null, "building": null, "addr:housenumber": null, "wikidata": null, "wikipedia": null, "level": null, "branch": null, "check_date": null, "addr:city": null, "wikimedia_commons": null, "brand:en": null, "brand:hi": null, "brand:kn": null, "brand:pa": null, "brand:pnb": null, "brand:ur": null, "brand:wikipedia:pa": null, "name:hi": null, "name:kn": null, "name:pa": null, "name:pnb": null, "name:ur": null, "addr:suburb": null, "note": null, "phone": null, "addr:unit": null, "addr:district": null, "opening_hours": null, "email": null, "fax": null, "addr:city:ur": null, "contact:fax": null, "operator:ur": null, "short_name:ur": null, "description": null, "fixme": null, "check_date:opening_hours": null, "drive_through": null, "highway": null, "traffic_signals": null, "traffic_signals:direction": null, "name:zh": null, "air_conditioning": null, "wheelchair": null, "contact:phone": null, "not:brand:wikidata": null, "opening_hours:covid19": null, "name:mr": null, "internet_access": null, "internet_access:fee": null, "payment:cash": null, "payment:credit_cards": null, "payment:debit_cards": null, "opening_hours:signed": null, "official_name": null, "bank": null, "contact:email": null, "opening_hours:drive_through": null, "addr:floor": null, "building:levels": null }, "geometry": { "type": "Point", "coordinates": [ 72.8416214, 19.0305829 ] } },
{ "type": "Feature", "properties": { "element": "node", "id": 11451942458, "amenity": "bank", "atm": null, "brand": "Axis Bank", "brand:wikidata": "Q2003549", "name": "Axis Bank", "operator": null, "brand:wikipedia": null, "short_name": null, "website": null, "name:en": null, "old_name": null, "addr:housename": null, "addr:postcode": null, "addr:street": null, "alt_name": null, "source": null, "building": null, "addr:housenumber": null, "wikidata": null, "wikipedia": null, "level": null, "branch": "BKC Branch", "check_date": null, "addr:city": null, "wikimedia_commons": null, "brand:en": null, "brand:hi": null, "brand:kn": null, "brand:pa": null, "brand:pnb": null, "brand:ur": null, "brand:wikipedia:pa": null, "name:hi": null, "name:kn": null, "name:pa": null, "name:pnb": null, "name:ur": null, "addr:suburb": null, "note": null, "phone": null, "addr:unit": null, "addr:district": null, "opening_hours": null, "email": null, "fax": null, "addr:city:ur": null, "contact:fax": null, "operator:ur": null, "short_name:ur": null, "description": null, "fixme": null, "check_date:opening_hours": null, "drive_through": null, "highway": null, "traffic_signals": null, "traffic_signals:direction": null, "name:zh": null, "air_conditioning": null, "wheelchair": null, "contact:phone": null, "not:brand:wikidata": null, "opening_hours:covid19": null, "name:mr": null, "internet_access": null, "internet_access:fee": null, "payment:cash": null, "payment:credit_cards": null, "payment:debit_cards": null, "opening_hours:signed": null, "official_name": null, "bank": null, "contact:email": null, "opening_hours:drive_through": null, "addr:floor": null, "building:levels": null }, "geometry": { "type": "Point", "coordinates": [ 72.8597596, 19.0617232 ] } },
{ "type": "Feature", "properties": { "element": "node", "id": 11451998176, "amenity": "bank", "atm": null, "brand": "Axis Bank", "brand:wikidata": "Q2003549", "name": "Axis Bank", "operator": null, "brand:wikipedia": null, "short_name": null, "website": null, "name:en": null, "old_name": null, "addr:housename": null, "addr:postcode": null, "addr:street": null, "alt_name": null, "source": null, "building": null, "addr:housenumber": null, "wikidata": null, "wikipedia": null, "level": null, "branch": null, "check_date": null, "addr:city": null, "wikimedia_commons": null, "brand:en": null, "brand:hi": null, "brand:kn": null, "brand:pa": null, "brand:pnb": null, "brand:ur": null, "brand:wikipedia:pa": null, "name:hi": null, "name:kn": null, "name:pa": null, "name:pnb": null, "name:ur": null, "addr:suburb": null, "note": null, "phone": null, "addr:unit": null, "addr:district": null, "opening_hours": null, "email": null, "fax": null, "addr:city:ur": null, "contact:fax": null, "operator:ur": null, "short_name:ur": null, "description": null, "fixme": null, "check_date:opening_hours": null, "drive_through": null, "highway": null, "traffic_signals": null, "traffic_signals:direction": null, "name:zh": null, "air_conditioning": null, "wheelchair": null, "contact:phone": null, "not:brand:wikidata": null, "opening_hours:covid19": null, "name:mr": null, "internet_access": null, "internet_access:fee": null, "payment:cash": null, "payment:credit_cards": null, "payment:debit_cards": null, "opening_hours:signed": null, "official_name": null, "bank": null, "contact:email": null, "opening_hours:drive_through": null, "addr:floor": null, "building:levels": null }, "geometry": { "type": "Point", "coordinates": [ 72.8363072, 19.0260435 ] } },
{ "type": "Feature", "properties": { "element": "node", "id": 11452002895, "amenity": "bank", "atm": null, "brand": "Bank of India", "brand:wikidata": "Q2004439", "name": "Bank of India", "operator": null, "brand:wikipedia": null, "short_name": null, "website": null, "name:en": null, "old_name": null, "addr:housename": null, "addr:postcode": null, "addr:street": null, "alt_name": null, "source": null, "building": null, "addr:housenumber": null, "wikidata": null, "wikipedia": null, "level": null, "branch": null, "check_date": null, "addr:city": null, "wikimedia_commons": null, "brand:en": null, "brand:hi": null, "brand:kn": null, "brand:pa": null, "brand:pnb": null, "brand:ur": null, "brand:wikipedia:pa": null, "name:hi": null, "name:kn": null, "name:pa": null, "name:pnb": null, "name:ur": null, "addr:suburb": null, "note": null, "phone": null, "addr:unit": null, "addr:district": null, "opening_hours": null, "email": null, "fax": null, "addr:city:ur": null, "contact:fax": null, "operator:ur": null, "short_name:ur": null, "description": null, "fixme": null, "check_date:opening_hours": null, "drive_through": null, "highway": null, "traffic_signals": null, "traffic_signals:direction": null, "name:zh": null, "air_conditioning": null, "wheelchair": null, "contact:phone": null, "not:brand:wikidata": null, "opening_hours:covid19": null, "name:mr": null, "internet_access": null, "internet_access:fee": null, "payment:cash": null, "payment:credit_cards": null, "payment:debit_cards": null, "opening_hours:signed": null, "official_name": null, "bank": null, "contact:email": null, "opening_hours:drive_through": null, "addr:floor": null, "building:levels": null }, "geometry": { "type": "Point", "coordinates": [ 72.8320918, 19.055638 ] } },
{ "type": "Feature", "properties": { "element": "node", "id": 11452006918, "amenity": "bank", "atm": null, "brand": "Indian Overseas Bank", "brand:wikidata": "Q2003611", "name": "Indian Overseas Bank", "operator": null, "brand:wikipedia": null, "short_name": null, "website": null, "name:en": null, "old_name": null, "addr:housename": null, "addr:postcode": null, "addr:street": null, "alt_name": null, "source": null, "building": null, "addr:housenumber": null, "wikidata": null, "wikipedia": null, "level": null, "branch": null, "check_date": null, "addr:city": null, "wikimedia_commons": null, "brand:en": null, "brand:hi": null, "brand:kn": null, "brand:pa": null, "brand:pnb": null, "brand:ur": null, "brand:wikipedia:pa": null, "name:hi": null, "name:kn": null, "name:pa": null, "name:pnb": null, "name:ur": null, "addr:suburb": null, "note": null, "phone": null, "addr:unit": null, "addr:district": null, "opening_hours": null, "email": null, "fax": null, "addr:city:ur": null, "contact:fax": null, "operator:ur": null, "short_name:ur": null, "description": null, "fixme": null, "check_date:opening_hours": null, "drive_through": null, "highway": null, "traffic_signals": null, "traffic_signals:direction": null, "name:zh": null, "air_conditioning": null, "wheelchair": null, "contact:phone": null, "not:brand:wikidata": null, "opening_hours:covid19": null, "name:mr": null, "internet_access": null, "internet_access:fee": null, "payment:cash": null, "payment:credit_cards": null, "payment:debit_cards": null, "opening_hours:signed": null, "official_name": null, "bank": null, "contact:email": null, "opening_hours:drive_through": null, "addr:floor": null, "building:levels": null }, "geometry": { "type": "Point", "coordinates": [ 72.8425189, 19.0368318 ] } },
{ "type": "Feature", "properties": { "element": "node", "id": 11452006995, "amenity": "bank", "atm": null, "brand": "Canara Bank", "brand:wikidata": "Q2003777", "name": "Canara Bank", "operator": null, "brand:wikipedia": null, "short_name": null, "website": null, "name:en": "Canara Bank", "old_name": null, "addr:housename": null, "addr:postcode": null, "addr:street": null, "alt_name": null, "source": null, "building": null, "addr:housenumber": null, "wikidata": null, "wikipedia": null, "level": null, "branch": null, "check_date": null, "addr:city": null, "wikimedia_commons": null, "brand:en": "Canara Bank", "brand:hi": "केनरा बैंक", "brand:kn": "ಕೆನರಾ ಬ್ಯಾಂಕ್", "brand:pa": "ਕੇਨਰਾ ਬੈਂਕ", "brand:pnb": "کینرا بینک", "brand:ur": "کینرا بینک", "brand:wikipedia:pa": null, "name:hi": "केनरा बैंक", "name:kn": "ಕೆನರಾ ಬ್ಯಾಂಕ್", "name:pa": "ਕੇਨਰਾ ਬੈਂਕ", "name:pnb": "کینرا بینک", "name:ur": "کینرا بینک", "addr:suburb": null, "note": null, "phone": null, "addr:unit": null, "addr:district": null, "opening_hours": null, "email": null, "fax": null, "addr:city:ur": null, "contact:fax": null, "operator:ur": null, "short_name:ur": null, "description": null, "fixme": null, "check_date:opening_hours": null, "drive_through": null, "highway": null, "traffic_signals": null, "traffic_signals:direction": null, "name:zh": null, "air_conditioning": null, "wheelchair": null, "contact:phone": null, "not:brand:wikidata": null, "opening_hours:covid19": null, "name:mr": null, "internet_access": null, "internet_access:fee": null, "payment:cash": null, "payment:credit_cards": null, "payment:debit_cards": null, "opening_hours:signed": null, "official_name": null, "bank": null, "contact:email": null, "opening_hours:drive_through": null, "addr:floor": null, "building:levels": null }, "geometry": { "type": "Point", "coordinates": [ 72.8764071, 19.0751249 ] } },
{ "type": "Feature", "properties": { "element": "node", "id": 11452009155, "amenity": "bank", "atm": null, "brand": "AU Small Finance Bank", "brand:wikidata": "Q48729722", "name": "AU Small Finance Bank", "operator": null, "brand:wikipedia": null, "short_name": null, "website": null, "name:en": null, "old_name": null, "addr:housename": null, "addr:postcode": null, "addr:street": null, "alt_name": null, "source": null, "building": null, "addr:housenumber": null, "wikidata": null, "wikipedia": null, "level": null, "branch": null, "check_date": null, "addr:city": null, "wikimedia_commons": null, "brand:en": null, "brand:hi": null, "brand:kn": null, "brand:pa": null, "brand:pnb": null, "brand:ur": null, "brand:wikipedia:pa": null, "name:hi": null, "name:kn": null, "name:pa": null, "name:pnb": null, "name:ur": null, "addr:suburb": null, "note": null, "phone": null, "addr:unit": null, "addr:district": null, "opening_hours": null, "email": null, "fax": null, "addr:city:ur": null, "contact:fax": null, "operator:ur": null, "short_name:ur": null, "description": null, "fixme": null, "check_date:opening_hours": null, "drive_through": null, "highway": null, "traffic_signals": null, "traffic_signals:direction": null, "name:zh": null, "air_conditioning": null, "wheelchair": null, "contact:phone": null, "not:brand:wikidata": null, "opening_hours:covid19": null, "name:mr": null, "internet_access": null, "internet_access:fee": null, "payment:cash": null, "payment:credit_cards": null, "payment:debit_cards": null, "opening_hours:signed": null, "official_name": null, "bank": null, "contact:email": null, "opening_hours:drive_through": null, "addr:floor": null, "building:levels": null }, "geometry": { "type": "Point", "coordinates": [ 72.8768148, 19.0758774 ] } },
{ "type": "Feature", "properties": { "element": "node", "id": 11452010576, "amenity": "bank", "atm": null, "brand": "Canara Bank", "brand:wikidata": "Q2003777", "name": "Canara Bank", "operator": null, "brand:wikipedia": null, "short_name": null, "website": null, "name:en": "Canara Bank", "old_name": null, "addr:housename": null, "addr:postcode": null, "addr:street": null, "alt_name": null, "source": null, "building": null, "addr:housenumber": null, "wikidata": null, "wikipedia": null, "level": null, "branch": null, "check_date": null, "addr:city": null, "wikimedia_commons": null, "brand:en": "Canara Bank", "brand:hi": "केनरा बैंक", "brand:kn": "ಕೆನರಾ ಬ್ಯಾಂಕ್", "brand:pa": "ਕੇਨਰਾ ਬੈਂਕ", "brand:pnb": "کینرا بینک", "brand:ur": "کینرا بینک", "brand:wikipedia:pa": null, "name:hi": "केनरा बैंक", "name:kn": "ಕೆನರಾ ಬ್ಯಾಂಕ್", "name:pa": "ਕੇਨਰਾ ਬੈਂਕ", "name:pnb": "کینرا بینک", "name:ur": "کینرا بینک", "addr:suburb": null, "note": null, "phone": null, "addr:unit": null, "addr:district": null, "opening_hours": null, "email": null, "fax": null, "addr:city:ur": null, "contact:fax": null, "operator:ur": null, "short_name:ur": null, "description": null, "fixme": null, "check_date:opening_hours": null, "drive_through": null, "highway": null, "traffic_signals": null, "traffic_signals:direction": null, "name:zh": null, "air_conditioning": null, "wheelchair": null, "contact:phone": null, "not:brand:wikidata": null, "opening_hours:covid19": null, "name:mr": null, "internet_access": null, "internet_access:fee": null, "payment:cash": null, "payment:credit_cards": null, "payment:debit_cards": null, "opening_hours:signed": null, "official_name": null, "bank": null, "contact:email": null, "opening_hours:drive_through": null, "addr:floor": null, "building:levels": null }, "geometry": { "type": "Point", "coordinates": [ 72.8359026, 19.0251372 ] } },
{ "type": "Feature", "properties": { "element": "node", "id": 11452014434, "amenity": "bank", "atm": null, "brand": "IndusInd Bank", "brand:wikidata": "Q2040323", "name": "IndusInd Bank", "operator": null, "brand:wikipedia": null, "short_name": null, "website": null, "name:en": null, "old_name": null, "addr:housename": null, "addr:postcode": null, "addr:street": null, "alt_name": null, "source": null, "building": null, "addr:housenumber": null, "wikidata": null, "wikipedia": null, "level": null, "branch": null, "check_date": null, "addr:city": null, "wikimedia_commons": null, "brand:en": null, "brand:hi": null, "brand:kn": null, "brand:pa": null, "brand:pnb": null, "brand:ur": null, "brand:wikipedia:pa": null, "name:hi": null, "name:kn": null, "name:pa": null, "name:pnb": null, "name:ur": null, "addr:suburb": null, "note": null, "phone": null, "addr:unit": null, "addr:district": null, "opening_hours": null, "email": null, "fax": null, "addr:city:ur": null, "contact:fax": null, "operator:ur": null, "short_name:ur": null, "description": null, "fixme": null, "check_date:opening_hours": null, "drive_through": null, "highway": null, "traffic_signals": null, "traffic_signals:direction": null, "name:zh": null, "air_conditioning": null, "wheelchair": null, "contact:phone": null, "not:brand:wikidata": null, "opening_hours:covid19": null, "name:mr": null, "internet_access": null, "internet_access:fee": null, "payment:cash": null, "payment:credit_cards": null, "payment:debit_cards": null, "opening_hours:signed": null, "official_name": null, "bank": null, "contact:email": null, "opening_hours:drive_through": null, "addr:floor": null, "building:levels": null }, "geometry": { "type": "Point", "coordinates": [ 72.835879, 19.0251138 ] } },
{ "type": "Feature", "properties": { "element": "node", "id": 11452014929, "amenity": "bank", "atm": null, "brand": "ICICI Bank", "brand:wikidata": "Q1653258", "name": "ICICI Bank", "operator": null, "brand:wikipedia": null, "short_name": "ICICI", "website": null, "name:en": null, "old_name": null, "addr:housename": null, "addr:postcode": null, "addr:street": null, "alt_name": null, "source": null, "building": null, "addr:housenumber": null, "wikidata": null, "wikipedia": null, "level": null, "branch": null, "check_date": null, "addr:city": null, "wikimedia_commons": null, "brand:en": null, "brand:hi": null, "brand:kn": null, "brand:pa": null, "brand:pnb": null, "brand:ur": null, "brand:wikipedia:pa": null, "name:hi": null, "name:kn": null, "name:pa": null, "name:pnb": null, "name:ur": null, "addr:suburb": null, "note": null, "phone": null, "addr:unit": null, "addr:district": null, "opening_hours": null, "email": null, "fax": null, "addr:city:ur": null, "contact:fax": null, "operator:ur": null, "short_name:ur": null, "description": null, "fixme": null, "check_date:opening_hours": null, "drive_through": null, "highway": null, "traffic_signals": null, "traffic_signals:direction": null, "name:zh": null, "air_conditioning": null, "wheelchair": null, "contact:phone": null, "not:brand:wikidata": null, "opening_hours:covid19": null, "name:mr": null, "internet_access": null, "internet_access:fee": null, "payment:cash": null, "payment:credit_cards": null, "payment:debit_cards": null, "opening_hours:signed": null, "official_name": null, "bank": null, "contact:email": null, "opening_hours:drive_through": null, "addr:floor": null, "building:levels": null }, "geometry": { "type": "Point", "coordinates": [ 72.8855689, 19.0845282 ] } },
{ "type": "Feature", "properties": { "element": "node", "id": 11452014931, "amenity": "bank", "atm": null, "brand": "ICICI Bank", "brand:wikidata": "Q1653258", "name": "ICICI Bank", "operator": null, "brand:wikipedia": null, "short_name": "ICICI", "website": null, "name:en": null, "old_name": null, "addr:housename": null, "addr:postcode": null, "addr:street": null, "alt_name": null, "source": null, "building": null, "addr:housenumber": null, "wikidata": null, "wikipedia": null, "level": null, "branch": null, "check_date": null, "addr:city": null, "wikimedia_commons": null, "brand:en": null, "brand:hi": null, "brand:kn": null, "brand:pa": null, "brand:pnb": null, "brand:ur": null, "brand:wikipedia:pa": null, "name:hi": null, "name:kn": null, "name:pa": null, "name:pnb": null, "name:ur": null, "addr:suburb": null, "note": null, "phone": null, "addr:unit": null, "addr:district": null, "opening_hours": null, "email": null, "fax": null, "addr:city:ur": null, "contact:fax": null, "operator:ur": null, "short_name:ur": null, "description": null, "fixme": null, "check_date:opening_hours": null, "drive_through": null, "highway": null, "traffic_signals": null, "traffic_signals:direction": null, "name:zh": null, "air_conditioning": null, "wheelchair": null, "contact:phone": null, "not:brand:wikidata": null, "opening_hours:covid19": null, "name:mr": null, "internet_access": null, "internet_access:fee": null, "payment:cash": null, "payment:credit_cards": null, "payment:debit_cards": null, "opening_hours:signed": null, "official_name": null, "bank": null, "contact:email": null, "opening_hours:drive_through": null, "addr:floor": null, "building:levels": null }, "geometry": { "type": "Point", "coordinates": [ 72.8425171, 19.0369602 ] } },
{ "type": "Feature", "properties": { "element": "node", "id": 11452017571, "amenity": "bank", "atm": null, "brand": "RBL Bank", "brand:wikidata": "Q13120398", "name": "RBL Bank", "operator": null, "brand:wikipedia": null, "short_name": null, "website": null, "name:en": null, "old_name": null, "addr:housename": null, "addr:postcode": null, "addr:street": null, "alt_name": null, "source": null, "building": null, "addr:housenumber": null, "wikidata": null, "wikipedia": null, "level": null, "branch": null, "check_date": null, "addr:city": null, "wikimedia_commons": null, "brand:en": null, "brand:hi": null, "brand:kn": null, "brand:pa": null, "brand:pnb": null, "brand:ur": null, "brand:wikipedia:pa": null, "name:hi": null, "name:kn": null, "name:pa": null, "name:pnb": null, "name:ur": null, "addr:suburb": null, "note": null, "phone": null, "addr:unit": null, "addr:district": null, "opening_hours": null, "email": null, "fax": null, "addr:city:ur": null, "contact:fax": null, "operator:ur": null, "short_name:ur": null, "description": null, "fixme": null, "check_date:opening_hours": null, "drive_through": null, "highway": null, "traffic_signals": null, "traffic_signals:direction": null, "name:zh": null, "air_conditioning": null, "wheelchair": null, "contact:phone": null, "not:brand:wikidata": null, "opening_hours:covid19": null, "name:mr": null, "internet_access": null, "internet_access:fee": null, "payment:cash": null, "payment:credit_cards": null, "payment:debit_cards": null, "opening_hours:signed": null, "official_name": null, "bank": null, "contact:email": null, "opening_hours:drive_through": null, "addr:floor": null, "building:levels": null }, "geometry": { "type": "Point", "coordinates": [ 72.8352738, 19.0247821 ] } },
{ "type": "Feature", "properties": { "element": "node", "id": 11456147260, "amenity": "bank", "atm": null, "brand": "Kotak Mahindra Bank", "brand:wikidata": "Q2040404", "name": "Kotak Mahindra Bank", "operator": null, "brand:wikipedia": null, "short_name": null, "website": null, "name:en": null, "old_name": null, "addr:housename": null, "addr:postcode": null, "addr:street": null, "alt_name": null, "source": null, "building": null, "addr:housenumber": null, "wikidata": null, "wikipedia": null, "level": null, "branch": null, "check_date": "2026-03-20", "addr:city": null, "wikimedia_commons": null, "brand:en": null, "brand:hi": null, "brand:kn": null, "brand:pa": null, "brand:pnb": null, "brand:ur": null, "brand:wikipedia:pa": null, "name:hi": null, "name:kn": null, "name:pa": null, "name:pnb": null, "name:ur": null, "addr:suburb": null, "note": null, "phone": null, "addr:unit": null, "addr:district": null, "opening_hours": null, "email": null, "fax": null, "addr:city:ur": null, "contact:fax": null, "operator:ur": null, "short_name:ur": null, "description": null, "fixme": null, "check_date:opening_hours": null, "drive_through": null, "highway": null, "traffic_signals": null, "traffic_signals:direction": null, "name:zh": null, "air_conditioning": null, "wheelchair": null, "contact:phone": null, "not:brand:wikidata": null, "opening_hours:covid19": null, "name:mr": null, "internet_access": null, "internet_access:fee": null, "payment:cash": null, "payment:credit_cards": null, "payment:debit_cards": null, "opening_hours:signed": null, "official_name": null, "bank": null, "contact:email": null, "opening_hours:drive_through": null, "addr:floor": null, "building:levels": null }, "geometry": { "type": "Point", "coordinates": [ 72.8221071, 18.9717478 ] } },
{ "type": "Feature", "properties": { "element": "node", "id": 11456147261, "amenity": "bank", "atm": null, "brand": "Kotak Mahindra Bank", "brand:wikidata": "Q2040404", "name": "Kotak Mahindra Bank", "operator": null, "brand:wikipedia": null, "short_name": null, "website": null, "name:en": null, "old_name": null, "addr:housename": null, "addr:postcode": null, "addr:street": null, "alt_name": null, "source": null, "building": null, "addr:housenumber": null, "wikidata": null, "wikipedia": null, "level": null, "branch": null, "check_date": "2026-03-20", "addr:city": null, "wikimedia_commons": null, "brand:en": null, "brand:hi": null, "brand:kn": null, "brand:pa": null, "brand:pnb": null, "brand:ur": null, "brand:wikipedia:pa": null, "name:hi": null, "name:kn": null, "name:pa": null, "name:pnb": null, "name:ur": null, "addr:suburb": null, "note": null, "phone": null, "addr:unit": null, "addr:district": null, "opening_hours": null, "email": null, "fax": null, "addr:city:ur": null, "contact:fax": null, "operator:ur": null, "short_name:ur": null, "description": null, "fixme": null, "check_date:opening_hours": null, "drive_through": null, "highway": null, "traffic_signals": null, "traffic_signals:direction": null, "name:zh": null, "air_conditioning": null, "wheelchair": null, "contact:phone": null, "not:brand:wikidata": null, "opening_hours:covid19": null, "name:mr": null, "internet_access": null, "internet_access:fee": null, "payment:cash": null, "payment:credit_cards": null, "payment:debit_cards": null, "opening_hours:signed": null, "official_name": null, "bank": null, "contact:email": null, "opening_hours:drive_through": null, "addr:floor": null, "building:levels": null }, "geometry": { "type": "Point", "coordinates": [ 72.8173294, 18.959466 ] } },
{ "type": "Feature", "properties": { "element": "node", "id": 11456249200, "amenity": "bank", "atm": null, "brand": "ICICI Bank", "brand:wikidata": "Q1653258", "name": "ICICI Bank", "operator": null, "brand:wikipedia": null, "short_name": "ICICI", "website": null, "name:en": null, "old_name": null, "addr:housename": null, "addr:postcode": null, "addr:street": null, "alt_name": null, "source": null, "building": null, "addr:housenumber": null, "wikidata": null, "wikipedia": null, "level": null, "branch": null, "check_date": "2026-03-20", "addr:city": null, "wikimedia_commons": null, "brand:en": null, "brand:hi": null, "brand:kn": null, "brand:pa": null, "brand:pnb": null, "brand:ur": null, "brand:wikipedia:pa": null, "name:hi": null, "name:kn": null, "name:pa": null, "name:pnb": null, "name:ur": null, "addr:suburb": null, "note": null, "phone": null, "addr:unit": null, "addr:district": null, "opening_hours": null, "email": null, "fax": null, "addr:city:ur": null, "contact:fax": null, "operator:ur": null, "short_name:ur": null, "description": null, "fixme": null, "check_date:opening_hours": null, "drive_through": null, "highway": null, "traffic_signals": null, "traffic_signals:direction": null, "name:zh": null, "air_conditioning": null, "wheelchair": null, "contact:phone": null, "not:brand:wikidata": null, "opening_hours:covid19": null, "name:mr": null, "internet_access": null, "internet_access:fee": null, "payment:cash": null, "payment:credit_cards": null, "payment:debit_cards": null, "opening_hours:signed": null, "official_name": null, "bank": null, "contact:email": null, "opening_hours:drive_through": null, "addr:floor": null, "building:levels": null }, "geometry": { "type": "Point", "coordinates": [ 72.8166755, 18.9578805 ] } },
{ "type": "Feature", "properties": { "element": "node", "id": 11458866392, "amenity": "bank", "atm": null, "brand": "Kotak Mahindra Bank", "brand:wikidata": "Q2040404", "name": "Kotak Mahindra Bank", "operator": null, "brand:wikipedia": null, "short_name": null, "website": null, "name:en": null, "old_name": null, "addr:housename": null, "addr:postcode": null, "addr:street": null, "alt_name": null, "source": null, "building": null, "addr:housenumber": null, "wikidata": null, "wikipedia": null, "level": null, "branch": null, "check_date": "2023-12-27", "addr:city": null, "wikimedia_commons": null, "brand:en": null, "brand:hi": null, "brand:kn": null, "brand:pa": null, "brand:pnb": null, "brand:ur": null, "brand:wikipedia:pa": null, "name:hi": null, "name:kn": null, "name:pa": null, "name:pnb": null, "name:ur": null, "addr:suburb": null, "note": null, "phone": null, "addr:unit": null, "addr:district": null, "opening_hours": null, "email": null, "fax": null, "addr:city:ur": null, "contact:fax": null, "operator:ur": null, "short_name:ur": null, "description": null, "fixme": null, "check_date:opening_hours": null, "drive_through": null, "highway": null, "traffic_signals": null, "traffic_signals:direction": null, "name:zh": null, "air_conditioning": null, "wheelchair": null, "contact:phone": null, "not:brand:wikidata": null, "opening_hours:covid19": null, "name:mr": null, "internet_access": null, "internet_access:fee": null, "payment:cash": null, "payment:credit_cards": null, "payment:debit_cards": null, "opening_hours:signed": null, "official_name": null, "bank": null, "contact:email": null, "opening_hours:drive_through": null, "addr:floor": null, "building:levels": null }, "geometry": { "type": "Point", "coordinates": [ 72.8887589, 19.0806664 ] } },
{ "type": "Feature", "properties": { "element": "node", "id": 11464728718, "amenity": "bank", "atm": null, "brand": null, "brand:wikidata": null, "name": "Saraswat Bank", "operator": null, "brand:wikipedia": null, "short_name": null, "website": null, "name:en": null, "old_name": null, "addr:housename": null, "addr:postcode": null, "addr:street": null, "alt_name": null, "source": null, "building": null, "addr:housenumber": null, "wikidata": null, "wikipedia": null, "level": null, "branch": null, "check_date": "2023-12-28", "addr:city": null, "wikimedia_commons": null, "brand:en": null, "brand:hi": null, "brand:kn": null, "brand:pa": null, "brand:pnb": null, "brand:ur": null, "brand:wikipedia:pa": null, "name:hi": null, "name:kn": null, "name:pa": null, "name:pnb": null, "name:ur": null, "addr:suburb": null, "note": null, "phone": null, "addr:unit": null, "addr:district": null, "opening_hours": null, "email": null, "fax": null, "addr:city:ur": null, "contact:fax": null, "operator:ur": null, "short_name:ur": null, "description": null, "fixme": null, "check_date:opening_hours": null, "drive_through": null, "highway": null, "traffic_signals": null, "traffic_signals:direction": null, "name:zh": null, "air_conditioning": null, "wheelchair": null, "contact:phone": null, "not:brand:wikidata": null, "opening_hours:covid19": null, "name:mr": null, "internet_access": null, "internet_access:fee": null, "payment:cash": null, "payment:credit_cards": null, "payment:debit_cards": null, "opening_hours:signed": null, "official_name": null, "bank": null, "contact:email": null, "opening_hours:drive_through": null, "addr:floor": null, "building:levels": null }, "geometry": { "type": "Point", "coordinates": [ 72.8970076, 19.0800098 ] } },
{ "type": "Feature", "properties": { "element": "node", "id": 11464742832, "amenity": "bank", "atm": null, "brand": "ICICI Bank", "brand:wikidata": "Q1653258", "name": "ICICI Bank", "operator": null, "brand:wikipedia": null, "short_name": "ICICI", "website": null, "name:en": null, "old_name": null, "addr:housename": null, "addr:postcode": null, "addr:street": null, "alt_name": null, "source": null, "building": null, "addr:housenumber": null, "wikidata": null, "wikipedia": null, "level": null, "branch": null, "check_date": "2023-12-28", "addr:city": null, "wikimedia_commons": null, "brand:en": null, "brand:hi": null, "brand:kn": null, "brand:pa": null, "brand:pnb": null, "brand:ur": null, "brand:wikipedia:pa": null, "name:hi": null, "name:kn": null, "name:pa": null, "name:pnb": null, "name:ur": null, "addr:suburb": null, "note": null, "phone": null, "addr:unit": null, "addr:district": null, "opening_hours": null, "email": null, "fax": null, "addr:city:ur": null, "contact:fax": null, "operator:ur": null, "short_name:ur": null, "description": null, "fixme": null, "check_date:opening_hours": null, "drive_through": null, "highway": null, "traffic_signals": null, "traffic_signals:direction": null, "name:zh": null, "air_conditioning": null, "wheelchair": null, "contact:phone": null, "not:brand:wikidata": null, "opening_hours:covid19": null, "name:mr": null, "internet_access": null, "internet_access:fee": null, "payment:cash": null, "payment:credit_cards": null, "payment:debit_cards": null, "opening_hours:signed": null, "official_name": null, "bank": null, "contact:email": null, "opening_hours:drive_through": null, "addr:floor": null, "building:levels": null }, "geometry": { "type": "Point", "coordinates": [ 72.8859029, 19.1024687 ] } },
{ "type": "Feature", "properties": { "element": "node", "id": 11464742833, "amenity": "bank", "atm": null, "brand": "Axis Bank", "brand:wikidata": "Q2003549", "name": "Axis Bank", "operator": null, "brand:wikipedia": null, "short_name": null, "website": null, "name:en": null, "old_name": null, "addr:housename": null, "addr:postcode": null, "addr:street": null, "alt_name": null, "source": null, "building": null, "addr:housenumber": null, "wikidata": null, "wikipedia": null, "level": null, "branch": null, "check_date": "2023-12-28", "addr:city": null, "wikimedia_commons": null, "brand:en": null, "brand:hi": null, "brand:kn": null, "brand:pa": null, "brand:pnb": null, "brand:ur": null, "brand:wikipedia:pa": null, "name:hi": null, "name:kn": null, "name:pa": null, "name:pnb": null, "name:ur": null, "addr:suburb": null, "note": null, "phone": null, "addr:unit": null, "addr:district": null, "opening_hours": null, "email": null, "fax": null, "addr:city:ur": null, "contact:fax": null, "operator:ur": null, "short_name:ur": null, "description": null, "fixme": null, "check_date:opening_hours": null, "drive_through": null, "highway": null, "traffic_signals": null, "traffic_signals:direction": null, "name:zh": null, "air_conditioning": null, "wheelchair": null, "contact:phone": null, "not:brand:wikidata": null, "opening_hours:covid19": null, "name:mr": null, "internet_access": null, "internet_access:fee": null, "payment:cash": null, "payment:credit_cards": null, "payment:debit_cards": null, "opening_hours:signed": null, "official_name": null, "bank": null, "contact:email": null, "opening_hours:drive_through": null, "addr:floor": null, "building:levels": null }, "geometry": { "type": "Point", "coordinates": [ 72.8861669, 19.1027989 ] } },
{ "type": "Feature", "properties": { "element": "node", "id": 11464742834, "amenity": "bank", "atm": null, "brand": "Bank of India", "brand:wikidata": "Q2004439", "name": "Bank of India", "operator": null, "brand:wikipedia": null, "short_name": null, "website": null, "name:en": null, "old_name": null, "addr:housename": null, "addr:postcode": null, "addr:street": null, "alt_name": null, "source": null, "building": null, "addr:housenumber": null, "wikidata": null, "wikipedia": null, "level": null, "branch": null, "check_date": "2023-12-28", "addr:city": null, "wikimedia_commons": null, "brand:en": null, "brand:hi": null, "brand:kn": null, "brand:pa": null, "brand:pnb": null, "brand:ur": null, "brand:wikipedia:pa": null, "name:hi": null, "name:kn": null, "name:pa": null, "name:pnb": null, "name:ur": null, "addr:suburb": null, "note": null, "phone": null, "addr:unit": null, "addr:district": null, "opening_hours": null, "email": null, "fax": null, "addr:city:ur": null, "contact:fax": null, "operator:ur": null, "short_name:ur": null, "description": null, "fixme": null, "check_date:opening_hours": null, "drive_through": null, "highway": null, "traffic_signals": null, "traffic_signals:direction": null, "name:zh": null, "air_conditioning": null, "wheelchair": null, "contact:phone": null, "not:brand:wikidata": null, "opening_hours:covid19": null, "name:mr": null, "internet_access": null, "internet_access:fee": null, "payment:cash": null, "payment:credit_cards": null, "payment:debit_cards": null, "opening_hours:signed": null, "official_name": null, "bank": null, "contact:email": null, "opening_hours:drive_through": null, "addr:floor": null, "building:levels": null }, "geometry": { "type": "Point", "coordinates": [ 72.8862483, 19.1028484 ] } },
{ "type": "Feature", "properties": { "element": "node", "id": 11465204244, "amenity": "bank", "atm": null, "brand": "State Bank of India", "brand:wikidata": "Q1340361", "name": "State Bank of India", "operator": null, "brand:wikipedia": null, "short_name": "SBI", "website": null, "name:en": null, "old_name": null, "addr:housename": null, "addr:postcode": null, "addr:street": null, "alt_name": null, "source": null, "building": null, "addr:housenumber": null, "wikidata": null, "wikipedia": null, "level": null, "branch": "Fort Market", "check_date": "2023-12-29", "addr:city": null, "wikimedia_commons": null, "brand:en": null, "brand:hi": null, "brand:kn": null, "brand:pa": null, "brand:pnb": null, "brand:ur": null, "brand:wikipedia:pa": null, "name:hi": null, "name:kn": null, "name:pa": null, "name:pnb": null, "name:ur": null, "addr:suburb": null, "note": null, "phone": null, "addr:unit": null, "addr:district": null, "opening_hours": null, "email": null, "fax": null, "addr:city:ur": null, "contact:fax": null, "operator:ur": null, "short_name:ur": null, "description": null, "fixme": null, "check_date:opening_hours": null, "drive_through": null, "highway": null, "traffic_signals": null, "traffic_signals:direction": null, "name:zh": null, "air_conditioning": null, "wheelchair": null, "contact:phone": null, "not:brand:wikidata": null, "opening_hours:covid19": null, "name:mr": null, "internet_access": null, "internet_access:fee": null, "payment:cash": null, "payment:credit_cards": null, "payment:debit_cards": null, "opening_hours:signed": null, "official_name": null, "bank": null, "contact:email": null, "opening_hours:drive_through": null, "addr:floor": null, "building:levels": null }, "geometry": { "type": "Point", "coordinates": [ 72.8382257, 18.9386488 ] } },
{ "type": "Feature", "properties": { "element": "node", "id": 11483837679, "amenity": "bank", "atm": null, "brand": "IDFC First Bank", "brand:wikidata": "Q22031467", "name": "IDFC First Bank", "operator": null, "brand:wikipedia": null, "short_name": null, "website": null, "name:en": null, "old_name": null, "addr:housename": null, "addr:postcode": null, "addr:street": null, "alt_name": null, "source": null, "building": null, "addr:housenumber": null, "wikidata": null, "wikipedia": null, "level": null, "branch": null, "check_date": null, "addr:city": null, "wikimedia_commons": null, "brand:en": null, "brand:hi": null, "brand:kn": null, "brand:pa": null, "brand:pnb": null, "brand:ur": null, "brand:wikipedia:pa": null, "name:hi": null, "name:kn": null, "name:pa": null, "name:pnb": null, "name:ur": null, "addr:suburb": null, "note": null, "phone": null, "addr:unit": null, "addr:district": null, "opening_hours": null, "email": null, "fax": null, "addr:city:ur": null, "contact:fax": null, "operator:ur": null, "short_name:ur": null, "description": null, "fixme": null, "check_date:opening_hours": null, "drive_through": null, "highway": null, "traffic_signals": null, "traffic_signals:direction": null, "name:zh": null, "air_conditioning": null, "wheelchair": null, "contact:phone": null, "not:brand:wikidata": null, "opening_hours:covid19": null, "name:mr": null, "internet_access": null, "internet_access:fee": null, "payment:cash": null, "payment:credit_cards": null, "payment:debit_cards": null, "opening_hours:signed": null, "official_name": null, "bank": null, "contact:email": null, "opening_hours:drive_through": null, "addr:floor": null, "building:levels": null }, "geometry": { "type": "Point", "coordinates": [ 72.834635, 19.0822157 ] } },
{ "type": "Feature", "properties": { "element": "node", "id": 11483837683, "amenity": "bank", "atm": null, "brand": "Yes Bank", "brand:wikidata": "Q2040394", "name": "Yes Bank", "operator": null, "brand:wikipedia": null, "short_name": null, "website": null, "name:en": null, "old_name": null, "addr:housename": null, "addr:postcode": null, "addr:street": null, "alt_name": null, "source": null, "building": null, "addr:housenumber": null, "wikidata": null, "wikipedia": null, "level": null, "branch": null, "check_date": null, "addr:city": null, "wikimedia_commons": null, "brand:en": null, "brand:hi": null, "brand:kn": null, "brand:pa": null, "brand:pnb": null, "brand:ur": null, "brand:wikipedia:pa": null, "name:hi": null, "name:kn": null, "name:pa": null, "name:pnb": null, "name:ur": null, "addr:suburb": null, "note": null, "phone": null, "addr:unit": null, "addr:district": null, "opening_hours": null, "email": null, "fax": null, "addr:city:ur": null, "contact:fax": null, "operator:ur": null, "short_name:ur": null, "description": null, "fixme": null, "check_date:opening_hours": null, "drive_through": null, "highway": null, "traffic_signals": null, "traffic_signals:direction": null, "name:zh": null, "air_conditioning": null, "wheelchair": null, "contact:phone": null, "not:brand:wikidata": null, "opening_hours:covid19": null, "name:mr": null, "internet_access": null, "internet_access:fee": null, "payment:cash": null, "payment:credit_cards": null, "payment:debit_cards": null, "opening_hours:signed": null, "official_name": null, "bank": null, "contact:email": null, "opening_hours:drive_through": null, "addr:floor": null, "building:levels": null }, "geometry": { "type": "Point", "coordinates": [ 72.8428581, 19.1151859 ] } },
{ "type": "Feature", "properties": { "element": "node", "id": 11607186143, "amenity": "bank", "atm": null, "brand": "Indian Bank", "brand:wikidata": "Q2003789", "name": "Indian Bank", "operator": null, "brand:wikipedia": null, "short_name": null, "website": null, "name:en": null, "old_name": null, "addr:housename": null, "addr:postcode": null, "addr:street": null, "alt_name": null, "source": null, "building": null, "addr:housenumber": null, "wikidata": null, "wikipedia": null, "level": null, "branch": null, "check_date": null, "addr:city": null, "wikimedia_commons": null, "brand:en": null, "brand:hi": null, "brand:kn": null, "brand:pa": null, "brand:pnb": null, "brand:ur": null, "brand:wikipedia:pa": null, "name:hi": null, "name:kn": null, "name:pa": null, "name:pnb": null, "name:ur": null, "addr:suburb": null, "note": null, "phone": null, "addr:unit": null, "addr:district": null, "opening_hours": null, "email": null, "fax": null, "addr:city:ur": null, "contact:fax": null, "operator:ur": null, "short_name:ur": null, "description": null, "fixme": null, "check_date:opening_hours": null, "drive_through": null, "highway": null, "traffic_signals": null, "traffic_signals:direction": null, "name:zh": null, "air_conditioning": null, "wheelchair": null, "contact:phone": null, "not:brand:wikidata": null, "opening_hours:covid19": null, "name:mr": null, "internet_access": null, "internet_access:fee": null, "payment:cash": null, "payment:credit_cards": null, "payment:debit_cards": null, "opening_hours:signed": null, "official_name": null, "bank": null, "contact:email": null, "opening_hours:drive_through": null, "addr:floor": null, "building:levels": null }, "geometry": { "type": "Point", "coordinates": [ 72.8370675, 19.0624194 ] } },
{ "type": "Feature", "properties": { "element": "node", "id": 11613055040, "amenity": "bank", "atm": "yes", "brand": null, "brand:wikidata": null, "name": "ICICI bank kandivali (east )", "operator": null, "brand:wikipedia": null, "short_name": null, "website": null, "name:en": null, "old_name": null, "addr:housename": null, "addr:postcode": "400101", "addr:street": "digamber jain mandir road", "alt_name": null, "source": null, "building": null, "addr:housenumber": null, "wikidata": null, "wikipedia": null, "level": null, "branch": "kandivali east branch", "check_date": null, "addr:city": "Mumbai", "wikimedia_commons": null, "brand:en": null, "brand:hi": null, "brand:kn": null, "brand:pa": null, "brand:pnb": null, "brand:ur": null, "brand:wikipedia:pa": null, "name:hi": null, "name:kn": null, "name:pa": null, "name:pnb": null, "name:ur": null, "addr:suburb": null, "note": null, "phone": null, "addr:unit": null, "addr:district": "Mumbai", "opening_hours": "Mo-Sa 08:00-18:00", "email": null, "fax": null, "addr:city:ur": null, "contact:fax": null, "operator:ur": null, "short_name:ur": null, "description": null, "fixme": null, "check_date:opening_hours": null, "drive_through": null, "highway": null, "traffic_signals": null, "traffic_signals:direction": null, "name:zh": null, "air_conditioning": null, "wheelchair": null, "contact:phone": null, "not:brand:wikidata": null, "opening_hours:covid19": null, "name:mr": null, "internet_access": null, "internet_access:fee": null, "payment:cash": null, "payment:credit_cards": null, "payment:debit_cards": null, "opening_hours:signed": null, "official_name": null, "bank": null, "contact:email": null, "opening_hours:drive_through": null, "addr:floor": null, "building:levels": null }, "geometry": { "type": "Point", "coordinates": [ 72.8644359, 19.2089148 ] } },
{ "type": "Feature", "properties": { "element": "node", "id": 11662659677, "amenity": "bank", "atm": null, "brand": null, "brand:wikidata": null, "name": "HDFC Bank", "operator": null, "brand:wikipedia": null, "short_name": null, "website": null, "name:en": null, "old_name": null, "addr:housename": null, "addr:postcode": null, "addr:street": null, "alt_name": null, "source": null, "building": null, "addr:housenumber": null, "wikidata": null, "wikipedia": null, "level": null, "branch": null, "check_date": null, "addr:city": null, "wikimedia_commons": null, "brand:en": null, "brand:hi": null, "brand:kn": null, "brand:pa": null, "brand:pnb": null, "brand:ur": null, "brand:wikipedia:pa": null, "name:hi": null, "name:kn": null, "name:pa": null, "name:pnb": null, "name:ur": null, "addr:suburb": null, "note": null, "phone": null, "addr:unit": null, "addr:district": null, "opening_hours": null, "email": null, "fax": null, "addr:city:ur": null, "contact:fax": null, "operator:ur": null, "short_name:ur": null, "description": null, "fixme": null, "check_date:opening_hours": null, "drive_through": null, "highway": null, "traffic_signals": null, "traffic_signals:direction": null, "name:zh": null, "air_conditioning": null, "wheelchair": null, "contact:phone": null, "not:brand:wikidata": null, "opening_hours:covid19": null, "name:mr": null, "internet_access": null, "internet_access:fee": null, "payment:cash": null, "payment:credit_cards": null, "payment:debit_cards": null, "opening_hours:signed": null, "official_name": null, "bank": null, "contact:email": null, "opening_hours:drive_through": null, "addr:floor": null, "building:levels": null }, "geometry": { "type": "Point", "coordinates": [ 72.8236097, 19.1467938 ] } },
{ "type": "Feature", "properties": { "element": "node", "id": 11662659678, "amenity": "bank", "atm": null, "brand": null, "brand:wikidata": null, "name": "Kotak Mahindra", "operator": null, "brand:wikipedia": null, "short_name": null, "website": null, "name:en": null, "old_name": null, "addr:housename": null, "addr:postcode": null, "addr:street": null, "alt_name": null, "source": null, "building": null, "addr:housenumber": null, "wikidata": null, "wikipedia": null, "level": null, "branch": null, "check_date": null, "addr:city": null, "wikimedia_commons": null, "brand:en": null, "brand:hi": null, "brand:kn": null, "brand:pa": null, "brand:pnb": null, "brand:ur": null, "brand:wikipedia:pa": null, "name:hi": null, "name:kn": null, "name:pa": null, "name:pnb": null, "name:ur": null, "addr:suburb": null, "note": null, "phone": null, "addr:unit": null, "addr:district": null, "opening_hours": null, "email": null, "fax": null, "addr:city:ur": null, "contact:fax": null, "operator:ur": null, "short_name:ur": null, "description": null, "fixme": null, "check_date:opening_hours": null, "drive_through": null, "highway": null, "traffic_signals": null, "traffic_signals:direction": null, "name:zh": null, "air_conditioning": null, "wheelchair": null, "contact:phone": null, "not:brand:wikidata": null, "opening_hours:covid19": null, "name:mr": null, "internet_access": null, "internet_access:fee": null, "payment:cash": null, "payment:credit_cards": null, "payment:debit_cards": null, "opening_hours:signed": null, "official_name": null, "bank": null, "contact:email": null, "opening_hours:drive_through": null, "addr:floor": null, "building:levels": null }, "geometry": { "type": "Point", "coordinates": [ 72.8238512, 19.1469917 ] } },
{ "type": "Feature", "properties": { "element": "node", "id": 11662659680, "amenity": "bank", "atm": null, "brand": null, "brand:wikidata": null, "name": "RBL Ratnakar Bank Ltd", "operator": null, "brand:wikipedia": null, "short_name": null, "website": null, "name:en": null, "old_name": null, "addr:housename": null, "addr:postcode": null, "addr:street": null, "alt_name": null, "source": null, "building": null, "addr:housenumber": null, "wikidata": null, "wikipedia": null, "level": null, "branch": null, "check_date": null, "addr:city": null, "wikimedia_commons": null, "brand:en": null, "brand:hi": null, "brand:kn": null, "brand:pa": null, "brand:pnb": null, "brand:ur": null, "brand:wikipedia:pa": null, "name:hi": null, "name:kn": null, "name:pa": null, "name:pnb": null, "name:ur": null, "addr:suburb": null, "note": null, "phone": null, "addr:unit": null, "addr:district": null, "opening_hours": null, "email": null, "fax": null, "addr:city:ur": null, "contact:fax": null, "operator:ur": null, "short_name:ur": null, "description": null, "fixme": null, "check_date:opening_hours": null, "drive_through": null, "highway": null, "traffic_signals": null, "traffic_signals:direction": null, "name:zh": null, "air_conditioning": null, "wheelchair": null, "contact:phone": null, "not:brand:wikidata": null, "opening_hours:covid19": null, "name:mr": null, "internet_access": null, "internet_access:fee": null, "payment:cash": null, "payment:credit_cards": null, "payment:debit_cards": null, "opening_hours:signed": null, "official_name": null, "bank": null, "contact:email": null, "opening_hours:drive_through": null, "addr:floor": null, "building:levels": null }, "geometry": { "type": "Point", "coordinates": [ 72.8234554, 19.1469042 ] } },
{ "type": "Feature", "properties": { "element": "node", "id": 11662659682, "amenity": "bank", "atm": null, "brand": null, "brand:wikidata": null, "name": "Yes Bank", "operator": null, "brand:wikipedia": null, "short_name": null, "website": null, "name:en": null, "old_name": null, "addr:housename": null, "addr:postcode": null, "addr:street": null, "alt_name": null, "source": null, "building": null, "addr:housenumber": null, "wikidata": null, "wikipedia": null, "level": null, "branch": null, "check_date": null, "addr:city": null, "wikimedia_commons": null, "brand:en": null, "brand:hi": null, "brand:kn": null, "brand:pa": null, "brand:pnb": null, "brand:ur": null, "brand:wikipedia:pa": null, "name:hi": null, "name:kn": null, "name:pa": null, "name:pnb": null, "name:ur": null, "addr:suburb": null, "note": null, "phone": null, "addr:unit": null, "addr:district": null, "opening_hours": null, "email": null, "fax": null, "addr:city:ur": null, "contact:fax": null, "operator:ur": null, "short_name:ur": null, "description": null, "fixme": null, "check_date:opening_hours": null, "drive_through": null, "highway": null, "traffic_signals": null, "traffic_signals:direction": null, "name:zh": null, "air_conditioning": null, "wheelchair": null, "contact:phone": null, "not:brand:wikidata": null, "opening_hours:covid19": null, "name:mr": null, "internet_access": null, "internet_access:fee": null, "payment:cash": null, "payment:credit_cards": null, "payment:debit_cards": null, "opening_hours:signed": null, "official_name": null, "bank": null, "contact:email": null, "opening_hours:drive_through": null, "addr:floor": null, "building:levels": null }, "geometry": { "type": "Point", "coordinates": [ 72.8240816, 19.1468532 ] } },
{ "type": "Feature", "properties": { "element": "node", "id": 11671765952, "amenity": "bank", "atm": null, "brand": "Canara Bank", "brand:wikidata": "Q2003777", "name": "Canara Bank", "operator": null, "brand:wikipedia": null, "short_name": null, "website": null, "name:en": "Canara Bank", "old_name": null, "addr:housename": null, "addr:postcode": null, "addr:street": null, "alt_name": null, "source": null, "building": null, "addr:housenumber": null, "wikidata": null, "wikipedia": null, "level": null, "branch": "Pali Hill", "check_date": null, "addr:city": null, "wikimedia_commons": null, "brand:en": "Canara Bank", "brand:hi": "केनरा बैंक", "brand:kn": "ಕೆನರಾ ಬ್ಯಾಂಕ್", "brand:pa": "ਕੇਨਰਾ ਬੈਂਕ", "brand:pnb": "کینرا بینک", "brand:ur": "کینرا بینک", "brand:wikipedia:pa": null, "name:hi": "केनरा बैंक", "name:kn": "ಕೆನರಾ ಬ್ಯಾಂಕ್", "name:pa": "ਕੇਨਰਾ ਬੈਂਕ", "name:pnb": "کینرا بینک", "name:ur": "کینرا بینک", "addr:suburb": null, "note": null, "phone": null, "addr:unit": null, "addr:district": null, "opening_hours": null, "email": null, "fax": null, "addr:city:ur": null, "contact:fax": null, "operator:ur": null, "short_name:ur": null, "description": null, "fixme": null, "check_date:opening_hours": null, "drive_through": null, "highway": null, "traffic_signals": null, "traffic_signals:direction": null, "name:zh": null, "air_conditioning": null, "wheelchair": null, "contact:phone": null, "not:brand:wikidata": null, "opening_hours:covid19": null, "name:mr": null, "internet_access": null, "internet_access:fee": null, "payment:cash": null, "payment:credit_cards": null, "payment:debit_cards": null, "opening_hours:signed": null, "official_name": null, "bank": null, "contact:email": null, "opening_hours:drive_through": null, "addr:floor": null, "building:levels": null }, "geometry": { "type": "Point", "coordinates": [ 72.8250012, 19.071538 ] } },
{ "type": "Feature", "properties": { "element": "node", "id": 11693903879, "amenity": "bank", "atm": null, "brand": "State Bank of India", "brand:wikidata": "Q1340361", "name": "State Bank of India", "operator": null, "brand:wikipedia": null, "short_name": "SBI", "website": null, "name:en": null, "old_name": null, "addr:housename": null, "addr:postcode": null, "addr:street": null, "alt_name": null, "source": null, "building": null, "addr:housenumber": null, "wikidata": null, "wikipedia": null, "level": null, "branch": null, "check_date": null, "addr:city": null, "wikimedia_commons": null, "brand:en": null, "brand:hi": null, "brand:kn": null, "brand:pa": null, "brand:pnb": null, "brand:ur": null, "brand:wikipedia:pa": null, "name:hi": null, "name:kn": null, "name:pa": null, "name:pnb": null, "name:ur": null, "addr:suburb": null, "note": null, "phone": null, "addr:unit": null, "addr:district": null, "opening_hours": null, "email": null, "fax": null, "addr:city:ur": null, "contact:fax": null, "operator:ur": null, "short_name:ur": null, "description": null, "fixme": null, "check_date:opening_hours": null, "drive_through": null, "highway": null, "traffic_signals": null, "traffic_signals:direction": null, "name:zh": null, "air_conditioning": null, "wheelchair": null, "contact:phone": null, "not:brand:wikidata": null, "opening_hours:covid19": null, "name:mr": null, "internet_access": null, "internet_access:fee": null, "payment:cash": null, "payment:credit_cards": null, "payment:debit_cards": null, "opening_hours:signed": null, "official_name": null, "bank": null, "contact:email": null, "opening_hours:drive_through": null, "addr:floor": null, "building:levels": null }, "geometry": { "type": "Point", "coordinates": [ 72.8291283, 19.0702675 ] } },
{ "type": "Feature", "properties": { "element": "node", "id": 11728336005, "amenity": "bank", "atm": "yes", "brand": "HDFC Bank", "brand:wikidata": null, "name": "HDFC Bank", "operator": null, "brand:wikipedia": null, "short_name": null, "website": null, "name:en": null, "old_name": null, "addr:housename": null, "addr:postcode": "400067", "addr:street": "Mahatma Gandhi Road", "alt_name": null, "source": null, "building": null, "addr:housenumber": "SN 5 & 6, Ground Floor, Rashmi Heights", "wikidata": null, "wikipedia": null, "level": null, "branch": null, "check_date": null, "addr:city": "Mumbai", "wikimedia_commons": null, "brand:en": null, "brand:hi": null, "brand:kn": null, "brand:pa": null, "brand:pnb": null, "brand:ur": null, "brand:wikipedia:pa": null, "name:hi": null, "name:kn": null, "name:pa": null, "name:pnb": null, "name:ur": null, "addr:suburb": null, "note": null, "phone": null, "addr:unit": null, "addr:district": null, "opening_hours": "Mo-Fr 09:00-17:00", "email": null, "fax": null, "addr:city:ur": null, "contact:fax": null, "operator:ur": null, "short_name:ur": null, "description": null, "fixme": null, "check_date:opening_hours": null, "drive_through": null, "highway": null, "traffic_signals": null, "traffic_signals:direction": null, "name:zh": null, "air_conditioning": null, "wheelchair": null, "contact:phone": "9426792001", "not:brand:wikidata": "Q631047", "opening_hours:covid19": null, "name:mr": null, "internet_access": null, "internet_access:fee": null, "payment:cash": null, "payment:credit_cards": null, "payment:debit_cards": null, "opening_hours:signed": null, "official_name": null, "bank": null, "contact:email": null, "opening_hours:drive_through": null, "addr:floor": null, "building:levels": null }, "geometry": { "type": "Point", "coordinates": [ 72.8427029, 19.2058011 ] } },
{ "type": "Feature", "properties": { "element": "node", "id": 11893277047, "amenity": "bank", "atm": null, "brand": "State Bank of India", "brand:wikidata": "Q1340361", "name": "State Bank of India", "operator": null, "brand:wikipedia": null, "short_name": "SBI", "website": null, "name:en": null, "old_name": null, "addr:housename": null, "addr:postcode": null, "addr:street": null, "alt_name": null, "source": null, "building": null, "addr:housenumber": null, "wikidata": null, "wikipedia": null, "level": null, "branch": null, "check_date": null, "addr:city": null, "wikimedia_commons": null, "brand:en": null, "brand:hi": null, "brand:kn": null, "brand:pa": null, "brand:pnb": null, "brand:ur": null, "brand:wikipedia:pa": null, "name:hi": null, "name:kn": null, "name:pa": null, "name:pnb": null, "name:ur": null, "addr:suburb": null, "note": null, "phone": null, "addr:unit": null, "addr:district": null, "opening_hours": null, "email": null, "fax": null, "addr:city:ur": null, "contact:fax": null, "operator:ur": null, "short_name:ur": null, "description": null, "fixme": null, "check_date:opening_hours": null, "drive_through": null, "highway": null, "traffic_signals": null, "traffic_signals:direction": null, "name:zh": null, "air_conditioning": null, "wheelchair": null, "contact:phone": null, "not:brand:wikidata": null, "opening_hours:covid19": null, "name:mr": null, "internet_access": null, "internet_access:fee": null, "payment:cash": null, "payment:credit_cards": null, "payment:debit_cards": null, "opening_hours:signed": null, "official_name": null, "bank": null, "contact:email": null, "opening_hours:drive_through": null, "addr:floor": null, "building:levels": null }, "geometry": { "type": "Point", "coordinates": [ 72.8273119, 19.1050357 ] } },
{ "type": "Feature", "properties": { "element": "node", "id": 11895592386, "amenity": "bank", "atm": null, "brand": "Axis Bank", "brand:wikidata": "Q2003549", "name": "Axis Bank", "operator": null, "brand:wikipedia": null, "short_name": null, "website": null, "name:en": null, "old_name": null, "addr:housename": null, "addr:postcode": null, "addr:street": null, "alt_name": null, "source": null, "building": null, "addr:housenumber": null, "wikidata": null, "wikipedia": null, "level": null, "branch": null, "check_date": null, "addr:city": null, "wikimedia_commons": null, "brand:en": null, "brand:hi": null, "brand:kn": null, "brand:pa": null, "brand:pnb": null, "brand:ur": null, "brand:wikipedia:pa": null, "name:hi": null, "name:kn": null, "name:pa": null, "name:pnb": null, "name:ur": null, "addr:suburb": null, "note": null, "phone": null, "addr:unit": null, "addr:district": null, "opening_hours": null, "email": null, "fax": null, "addr:city:ur": null, "contact:fax": null, "operator:ur": null, "short_name:ur": null, "description": null, "fixme": null, "check_date:opening_hours": null, "drive_through": null, "highway": null, "traffic_signals": null, "traffic_signals:direction": null, "name:zh": null, "air_conditioning": null, "wheelchair": null, "contact:phone": null, "not:brand:wikidata": null, "opening_hours:covid19": null, "name:mr": null, "internet_access": null, "internet_access:fee": null, "payment:cash": null, "payment:credit_cards": null, "payment:debit_cards": null, "opening_hours:signed": null, "official_name": null, "bank": null, "contact:email": null, "opening_hours:drive_through": null, "addr:floor": null, "building:levels": null }, "geometry": { "type": "Point", "coordinates": [ 72.8322112, 19.0556531 ] } },
{ "type": "Feature", "properties": { "element": "node", "id": 11901164005, "amenity": "bank", "atm": null, "brand": "Standard Chartered", "brand:wikidata": "Q548278", "name": "Standard Chartered", "operator": null, "brand:wikipedia": null, "short_name": null, "website": null, "name:en": null, "old_name": null, "addr:housename": null, "addr:postcode": null, "addr:street": null, "alt_name": null, "source": null, "building": null, "addr:housenumber": null, "wikidata": null, "wikipedia": null, "level": null, "branch": null, "check_date": null, "addr:city": null, "wikimedia_commons": null, "brand:en": null, "brand:hi": null, "brand:kn": null, "brand:pa": null, "brand:pnb": null, "brand:ur": null, "brand:wikipedia:pa": null, "name:hi": null, "name:kn": null, "name:pa": null, "name:pnb": null, "name:ur": null, "addr:suburb": null, "note": null, "phone": null, "addr:unit": null, "addr:district": null, "opening_hours": null, "email": null, "fax": null, "addr:city:ur": null, "contact:fax": null, "operator:ur": null, "short_name:ur": null, "description": null, "fixme": null, "check_date:opening_hours": null, "drive_through": null, "highway": null, "traffic_signals": null, "traffic_signals:direction": null, "name:zh": null, "air_conditioning": null, "wheelchair": null, "contact:phone": null, "not:brand:wikidata": null, "opening_hours:covid19": null, "name:mr": null, "internet_access": null, "internet_access:fee": null, "payment:cash": null, "payment:credit_cards": null, "payment:debit_cards": null, "opening_hours:signed": null, "official_name": null, "bank": null, "contact:email": null, "opening_hours:drive_through": null, "addr:floor": null, "building:levels": null }, "geometry": { "type": "Point", "coordinates": [ 72.8275487, 19.1044476 ] } },
{ "type": "Feature", "properties": { "element": "node", "id": 11934060762, "amenity": "bank", "atm": null, "brand": "ICICI Bank", "brand:wikidata": "Q1653258", "name": "ICICI Bank", "operator": null, "brand:wikipedia": null, "short_name": "ICICI", "website": null, "name:en": null, "old_name": null, "addr:housename": null, "addr:postcode": null, "addr:street": null, "alt_name": null, "source": null, "building": null, "addr:housenumber": null, "wikidata": null, "wikipedia": null, "level": null, "branch": null, "check_date": "2026-03-21", "addr:city": null, "wikimedia_commons": null, "brand:en": null, "brand:hi": null, "brand:kn": null, "brand:pa": null, "brand:pnb": null, "brand:ur": null, "brand:wikipedia:pa": null, "name:hi": null, "name:kn": null, "name:pa": null, "name:pnb": null, "name:ur": null, "addr:suburb": null, "note": null, "phone": null, "addr:unit": null, "addr:district": null, "opening_hours": "Mo-Sa 09:30-15:00", "email": null, "fax": null, "addr:city:ur": null, "contact:fax": null, "operator:ur": null, "short_name:ur": null, "description": null, "fixme": null, "check_date:opening_hours": null, "drive_through": null, "highway": null, "traffic_signals": null, "traffic_signals:direction": null, "name:zh": null, "air_conditioning": null, "wheelchair": null, "contact:phone": null, "not:brand:wikidata": null, "opening_hours:covid19": null, "name:mr": null, "internet_access": null, "internet_access:fee": null, "payment:cash": null, "payment:credit_cards": null, "payment:debit_cards": null, "opening_hours:signed": null, "official_name": null, "bank": null, "contact:email": null, "opening_hours:drive_through": null, "addr:floor": null, "building:levels": null }, "geometry": { "type": "Point", "coordinates": [ 72.8510627, 19.0801543 ] } },
{ "type": "Feature", "properties": { "element": "node", "id": 11934081455, "amenity": "bank", "atm": null, "brand": null, "brand:wikidata": null, "name": "NKGSB Bank", "operator": null, "brand:wikipedia": null, "short_name": null, "website": null, "name:en": null, "old_name": null, "addr:housename": null, "addr:postcode": null, "addr:street": null, "alt_name": null, "source": null, "building": null, "addr:housenumber": null, "wikidata": null, "wikipedia": null, "level": null, "branch": null, "check_date": "2026-03-21", "addr:city": null, "wikimedia_commons": null, "brand:en": null, "brand:hi": null, "brand:kn": null, "brand:pa": null, "brand:pnb": null, "brand:ur": null, "brand:wikipedia:pa": null, "name:hi": null, "name:kn": null, "name:pa": null, "name:pnb": null, "name:ur": null, "addr:suburb": null, "note": null, "phone": null, "addr:unit": null, "addr:district": null, "opening_hours": null, "email": null, "fax": null, "addr:city:ur": null, "contact:fax": null, "operator:ur": null, "short_name:ur": null, "description": null, "fixme": null, "check_date:opening_hours": null, "drive_through": null, "highway": null, "traffic_signals": null, "traffic_signals:direction": null, "name:zh": null, "air_conditioning": null, "wheelchair": null, "contact:phone": null, "not:brand:wikidata": null, "opening_hours:covid19": null, "name:mr": null, "internet_access": null, "internet_access:fee": null, "payment:cash": null, "payment:credit_cards": null, "payment:debit_cards": null, "opening_hours:signed": null, "official_name": null, "bank": null, "contact:email": null, "opening_hours:drive_through": null, "addr:floor": null, "building:levels": null }, "geometry": { "type": "Point", "coordinates": [ 72.8512104, 19.0802029 ] } },
{ "type": "Feature", "properties": { "element": "node", "id": 11934093375, "amenity": "bank", "atm": null, "brand": "State Bank of India", "brand:wikidata": "Q1340361", "name": "State Bank of India", "operator": null, "brand:wikipedia": null, "short_name": "SBI", "website": null, "name:en": null, "old_name": null, "addr:housename": null, "addr:postcode": null, "addr:street": null, "alt_name": null, "source": null, "building": null, "addr:housenumber": null, "wikidata": null, "wikipedia": null, "level": null, "branch": null, "check_date": "2026-03-21", "addr:city": null, "wikimedia_commons": null, "brand:en": null, "brand:hi": null, "brand:kn": null, "brand:pa": null, "brand:pnb": null, "brand:ur": null, "brand:wikipedia:pa": null, "name:hi": null, "name:kn": null, "name:pa": null, "name:pnb": null, "name:ur": null, "addr:suburb": null, "note": null, "phone": null, "addr:unit": null, "addr:district": null, "opening_hours": null, "email": null, "fax": null, "addr:city:ur": null, "contact:fax": null, "operator:ur": null, "short_name:ur": null, "description": null, "fixme": null, "check_date:opening_hours": null, "drive_through": null, "highway": null, "traffic_signals": null, "traffic_signals:direction": null, "name:zh": null, "air_conditioning": null, "wheelchair": null, "contact:phone": null, "not:brand:wikidata": null, "opening_hours:covid19": null, "name:mr": null, "internet_access": null, "internet_access:fee": null, "payment:cash": null, "payment:credit_cards": null, "payment:debit_cards": null, "opening_hours:signed": null, "official_name": null, "bank": null, "contact:email": null, "opening_hours:drive_through": null, "addr:floor": null, "building:levels": null }, "geometry": { "type": "Point", "coordinates": [ 72.8518588, 19.0803551 ] } },
{ "type": "Feature", "properties": { "element": "node", "id": 12192784742, "amenity": "bank", "atm": null, "brand": "Axis Bank", "brand:wikidata": "Q2003549", "name": "Axis Bank", "operator": null, "brand:wikipedia": null, "short_name": null, "website": null, "name:en": null, "old_name": null, "addr:housename": null, "addr:postcode": null, "addr:street": null, "alt_name": null, "source": null, "building": null, "addr:housenumber": null, "wikidata": null, "wikipedia": null, "level": null, "branch": null, "check_date": null, "addr:city": null, "wikimedia_commons": null, "brand:en": null, "brand:hi": null, "brand:kn": null, "brand:pa": null, "brand:pnb": null, "brand:ur": null, "brand:wikipedia:pa": null, "name:hi": null, "name:kn": null, "name:pa": null, "name:pnb": null, "name:ur": null, "addr:suburb": null, "note": null, "phone": null, "addr:unit": null, "addr:district": null, "opening_hours": null, "email": null, "fax": null, "addr:city:ur": null, "contact:fax": null, "operator:ur": null, "short_name:ur": null, "description": null, "fixme": null, "check_date:opening_hours": null, "drive_through": null, "highway": null, "traffic_signals": null, "traffic_signals:direction": null, "name:zh": null, "air_conditioning": null, "wheelchair": null, "contact:phone": null, "not:brand:wikidata": null, "opening_hours:covid19": null, "name:mr": null, "internet_access": null, "internet_access:fee": null, "payment:cash": null, "payment:credit_cards": null, "payment:debit_cards": null, "opening_hours:signed": null, "official_name": null, "bank": null, "contact:email": null, "opening_hours:drive_through": null, "addr:floor": null, "building:levels": null }, "geometry": { "type": "Point", "coordinates": [ 72.8279776, 19.0649558 ] } },
{ "type": "Feature", "properties": { "element": "node", "id": 12192784769, "amenity": "bank", "atm": null, "brand": "State Bank of India", "brand:wikidata": "Q1340361", "name": "State Bank of India", "operator": null, "brand:wikipedia": null, "short_name": "SBI", "website": null, "name:en": null, "old_name": null, "addr:housename": null, "addr:postcode": null, "addr:street": null, "alt_name": null, "source": null, "building": null, "addr:housenumber": null, "wikidata": null, "wikipedia": null, "level": null, "branch": null, "check_date": null, "addr:city": null, "wikimedia_commons": null, "brand:en": null, "brand:hi": null, "brand:kn": null, "brand:pa": null, "brand:pnb": null, "brand:ur": null, "brand:wikipedia:pa": null, "name:hi": null, "name:kn": null, "name:pa": null, "name:pnb": null, "name:ur": null, "addr:suburb": null, "note": null, "phone": null, "addr:unit": null, "addr:district": null, "opening_hours": null, "email": null, "fax": null, "addr:city:ur": null, "contact:fax": null, "operator:ur": null, "short_name:ur": null, "description": null, "fixme": null, "check_date:opening_hours": null, "drive_through": null, "highway": null, "traffic_signals": null, "traffic_signals:direction": null, "name:zh": null, "air_conditioning": null, "wheelchair": null, "contact:phone": null, "not:brand:wikidata": null, "opening_hours:covid19": null, "name:mr": null, "internet_access": null, "internet_access:fee": null, "payment:cash": null, "payment:credit_cards": null, "payment:debit_cards": null, "opening_hours:signed": null, "official_name": null, "bank": null, "contact:email": null, "opening_hours:drive_through": null, "addr:floor": null, "building:levels": null }, "geometry": { "type": "Point", "coordinates": [ 72.8245196, 19.0612888 ] } },
{ "type": "Feature", "properties": { "element": "node", "id": 12290032514, "amenity": "bank", "atm": "yes", "brand": "State Bank of India", "brand:wikidata": null, "name": "State Bank of India", "operator": null, "brand:wikipedia": null, "short_name": "SBI", "website": null, "name:en": null, "old_name": null, "addr:housename": null, "addr:postcode": null, "addr:street": null, "alt_name": null, "source": null, "building": null, "addr:housenumber": null, "wikidata": null, "wikipedia": null, "level": "0", "branch": null, "check_date": "2024-10-26", "addr:city": null, "wikimedia_commons": null, "brand:en": null, "brand:hi": null, "brand:kn": null, "brand:pa": null, "brand:pnb": null, "brand:ur": null, "brand:wikipedia:pa": null, "name:hi": null, "name:kn": null, "name:pa": null, "name:pnb": null, "name:ur": null, "addr:suburb": null, "note": null, "phone": null, "addr:unit": null, "addr:district": null, "opening_hours": null, "email": null, "fax": null, "addr:city:ur": null, "contact:fax": null, "operator:ur": null, "short_name:ur": null, "description": null, "fixme": null, "check_date:opening_hours": null, "drive_through": "yes", "highway": null, "traffic_signals": null, "traffic_signals:direction": null, "name:zh": null, "air_conditioning": null, "wheelchair": "no", "contact:phone": null, "not:brand:wikidata": null, "opening_hours:covid19": null, "name:mr": null, "internet_access": "wlan", "internet_access:fee": "no", "payment:cash": "yes", "payment:credit_cards": "yes", "payment:debit_cards": "yes", "opening_hours:signed": null, "official_name": null, "bank": null, "contact:email": null, "opening_hours:drive_through": null, "addr:floor": null, "building:levels": null }, "geometry": { "type": "Point", "coordinates": [ 72.8467749, 19.1466179 ] } },
{ "type": "Feature", "properties": { "element": "node", "id": 12290056462, "amenity": "bank", "atm": "yes", "brand": "HDFC Bank", "brand:wikidata": "Q631047", "name": "HDFC Bank", "operator": null, "brand:wikipedia": null, "short_name": "HDFC", "website": null, "name:en": null, "old_name": null, "addr:housename": null, "addr:postcode": null, "addr:street": null, "alt_name": null, "source": null, "building": null, "addr:housenumber": null, "wikidata": null, "wikipedia": null, "level": "0", "branch": null, "check_date": "2024-10-26", "addr:city": null, "wikimedia_commons": null, "brand:en": null, "brand:hi": null, "brand:kn": null, "brand:pa": null, "brand:pnb": null, "brand:ur": null, "brand:wikipedia:pa": null, "name:hi": null, "name:kn": null, "name:pa": null, "name:pnb": null, "name:ur": null, "addr:suburb": null, "note": null, "phone": null, "addr:unit": null, "addr:district": null, "opening_hours": null, "email": null, "fax": null, "addr:city:ur": null, "contact:fax": null, "operator:ur": null, "short_name:ur": null, "description": null, "fixme": null, "check_date:opening_hours": null, "drive_through": "yes", "highway": null, "traffic_signals": null, "traffic_signals:direction": null, "name:zh": null, "air_conditioning": null, "wheelchair": "yes", "contact:phone": null, "not:brand:wikidata": null, "opening_hours:covid19": null, "name:mr": null, "internet_access": "wlan", "internet_access:fee": "no", "payment:cash": "yes", "payment:credit_cards": "yes", "payment:debit_cards": "yes", "opening_hours:signed": null, "official_name": null, "bank": null, "contact:email": null, "opening_hours:drive_through": null, "addr:floor": null, "building:levels": null }, "geometry": { "type": "Point", "coordinates": [ 72.8464772, 19.1466369 ] } },
{ "type": "Feature", "properties": { "element": "node", "id": 12299747088, "amenity": "bank", "atm": null, "brand": "Bank of Maharashtra", "brand:wikidata": "Q2004304", "name": "Bank of Maharashtra", "operator": null, "brand:wikipedia": null, "short_name": null, "website": null, "name:en": null, "old_name": null, "addr:housename": null, "addr:postcode": null, "addr:street": null, "alt_name": null, "source": null, "building": null, "addr:housenumber": null, "wikidata": null, "wikipedia": null, "level": null, "branch": null, "check_date": null, "addr:city": null, "wikimedia_commons": null, "brand:en": null, "brand:hi": null, "brand:kn": null, "brand:pa": null, "brand:pnb": null, "brand:ur": null, "brand:wikipedia:pa": null, "name:hi": null, "name:kn": null, "name:pa": null, "name:pnb": null, "name:ur": null, "addr:suburb": null, "note": null, "phone": null, "addr:unit": null, "addr:district": null, "opening_hours": null, "email": null, "fax": null, "addr:city:ur": null, "contact:fax": null, "operator:ur": null, "short_name:ur": null, "description": null, "fixme": null, "check_date:opening_hours": null, "drive_through": null, "highway": null, "traffic_signals": null, "traffic_signals:direction": null, "name:zh": null, "air_conditioning": null, "wheelchair": null, "contact:phone": null, "not:brand:wikidata": null, "opening_hours:covid19": null, "name:mr": null, "internet_access": null, "internet_access:fee": null, "payment:cash": null, "payment:credit_cards": null, "payment:debit_cards": null, "opening_hours:signed": null, "official_name": null, "bank": null, "contact:email": null, "opening_hours:drive_through": null, "addr:floor": null, "building:levels": null }, "geometry": { "type": "Point", "coordinates": [ 72.8339658, 18.9282444 ] } },
{ "type": "Feature", "properties": { "element": "node", "id": 12322916537, "amenity": "bank", "atm": null, "brand": "Axis Bank", "brand:wikidata": "Q2003549", "name": "Axis Bank", "operator": null, "brand:wikipedia": null, "short_name": null, "website": null, "name:en": null, "old_name": null, "addr:housename": null, "addr:postcode": "400095", "addr:street": "Malad Marve Road", "alt_name": null, "source": null, "building": null, "addr:housenumber": null, "wikidata": null, "wikipedia": null, "level": null, "branch": "Atm BANK", "check_date": null, "addr:city": "mumbai", "wikimedia_commons": null, "brand:en": null, "brand:hi": null, "brand:kn": null, "brand:pa": null, "brand:pnb": null, "brand:ur": null, "brand:wikipedia:pa": null, "name:hi": null, "name:kn": null, "name:pa": null, "name:pnb": null, "name:ur": null, "addr:suburb": null, "note": null, "phone": null, "addr:unit": null, "addr:district": null, "opening_hours": "Mo-Su 09:00-23:00", "email": null, "fax": null, "addr:city:ur": null, "contact:fax": null, "operator:ur": null, "short_name:ur": null, "description": null, "fixme": null, "check_date:opening_hours": null, "drive_through": "yes", "highway": null, "traffic_signals": null, "traffic_signals:direction": null, "name:zh": null, "air_conditioning": null, "wheelchair": "yes", "contact:phone": null, "not:brand:wikidata": null, "opening_hours:covid19": null, "name:mr": null, "internet_access": null, "internet_access:fee": null, "payment:cash": null, "payment:credit_cards": null, "payment:debit_cards": null, "opening_hours:signed": null, "official_name": null, "bank": null, "contact:email": null, "opening_hours:drive_through": null, "addr:floor": null, "building:levels": null }, "geometry": { "type": "Point", "coordinates": [ 72.8258709, 19.1950628 ] } },
{ "type": "Feature", "properties": { "element": "node", "id": 12334053398, "amenity": "bank", "atm": null, "brand": "IDBI Bank", "brand:wikidata": "Q3633485", "name": "IDBI Bank", "operator": null, "brand:wikipedia": null, "short_name": "IDBI", "website": null, "name:en": null, "old_name": null, "addr:housename": null, "addr:postcode": null, "addr:street": null, "alt_name": null, "source": null, "building": null, "addr:housenumber": null, "wikidata": null, "wikipedia": null, "level": null, "branch": null, "check_date": null, "addr:city": null, "wikimedia_commons": null, "brand:en": null, "brand:hi": null, "brand:kn": null, "brand:pa": null, "brand:pnb": null, "brand:ur": null, "brand:wikipedia:pa": null, "name:hi": null, "name:kn": null, "name:pa": null, "name:pnb": null, "name:ur": null, "addr:suburb": null, "note": null, "phone": null, "addr:unit": null, "addr:district": null, "opening_hours": null, "email": null, "fax": null, "addr:city:ur": null, "contact:fax": null, "operator:ur": null, "short_name:ur": null, "description": null, "fixme": null, "check_date:opening_hours": null, "drive_through": null, "highway": null, "traffic_signals": null, "traffic_signals:direction": null, "name:zh": null, "air_conditioning": null, "wheelchair": null, "contact:phone": null, "not:brand:wikidata": null, "opening_hours:covid19": null, "name:mr": null, "internet_access": null, "internet_access:fee": null, "payment:cash": null, "payment:credit_cards": null, "payment:debit_cards": null, "opening_hours:signed": null, "official_name": null, "bank": null, "contact:email": null, "opening_hours:drive_through": null, "addr:floor": null, "building:levels": null }, "geometry": { "type": "Point", "coordinates": [ 72.825201, 19.0479902 ] } },
{ "type": "Feature", "properties": { "element": "node", "id": 12334116841, "amenity": "bank", "atm": null, "brand": null, "brand:wikidata": null, "name": "Saraswat Bank", "operator": null, "brand:wikipedia": null, "short_name": null, "website": null, "name:en": "Saraswat Bank", "old_name": null, "addr:housename": null, "addr:postcode": null, "addr:street": null, "alt_name": null, "source": null, "building": null, "addr:housenumber": null, "wikidata": null, "wikipedia": null, "level": null, "branch": null, "check_date": null, "addr:city": null, "wikimedia_commons": null, "brand:en": null, "brand:hi": null, "brand:kn": null, "brand:pa": null, "brand:pnb": null, "brand:ur": null, "brand:wikipedia:pa": null, "name:hi": null, "name:kn": null, "name:pa": null, "name:pnb": null, "name:ur": null, "addr:suburb": null, "note": null, "phone": null, "addr:unit": null, "addr:district": null, "opening_hours": null, "email": null, "fax": null, "addr:city:ur": null, "contact:fax": null, "operator:ur": null, "short_name:ur": null, "description": null, "fixme": null, "check_date:opening_hours": null, "drive_through": null, "highway": null, "traffic_signals": null, "traffic_signals:direction": null, "name:zh": null, "air_conditioning": null, "wheelchair": null, "contact:phone": null, "not:brand:wikidata": null, "opening_hours:covid19": null, "name:mr": null, "internet_access": null, "internet_access:fee": null, "payment:cash": null, "payment:credit_cards": null, "payment:debit_cards": null, "opening_hours:signed": null, "official_name": null, "bank": null, "contact:email": null, "opening_hours:drive_through": null, "addr:floor": null, "building:levels": null }, "geometry": { "type": "Point", "coordinates": [ 72.8339227, 19.0696756 ] } },
{ "type": "Feature", "properties": { "element": "node", "id": 12334116885, "amenity": "bank", "atm": null, "brand": "HDFC Bank", "brand:wikidata": "Q631047", "name": "HDFC Bank", "operator": null, "brand:wikipedia": null, "short_name": "HDFC", "website": null, "name:en": null, "old_name": null, "addr:housename": null, "addr:postcode": null, "addr:street": null, "alt_name": null, "source": null, "building": null, "addr:housenumber": null, "wikidata": null, "wikipedia": null, "level": null, "branch": null, "check_date": null, "addr:city": null, "wikimedia_commons": null, "brand:en": null, "brand:hi": null, "brand:kn": null, "brand:pa": null, "brand:pnb": null, "brand:ur": null, "brand:wikipedia:pa": null, "name:hi": null, "name:kn": null, "name:pa": null, "name:pnb": null, "name:ur": null, "addr:suburb": null, "note": null, "phone": null, "addr:unit": null, "addr:district": null, "opening_hours": null, "email": null, "fax": null, "addr:city:ur": null, "contact:fax": null, "operator:ur": null, "short_name:ur": null, "description": null, "fixme": null, "check_date:opening_hours": null, "drive_through": null, "highway": null, "traffic_signals": null, "traffic_signals:direction": null, "name:zh": null, "air_conditioning": null, "wheelchair": null, "contact:phone": null, "not:brand:wikidata": null, "opening_hours:covid19": null, "name:mr": null, "internet_access": null, "internet_access:fee": null, "payment:cash": null, "payment:credit_cards": null, "payment:debit_cards": null, "opening_hours:signed": null, "official_name": null, "bank": null, "contact:email": null, "opening_hours:drive_through": null, "addr:floor": null, "building:levels": null }, "geometry": { "type": "Point", "coordinates": [ 72.8321001, 19.0728687 ] } },
{ "type": "Feature", "properties": { "element": "node", "id": 12346531490, "amenity": "bank", "atm": null, "brand": null, "brand:wikidata": null, "name": "Saraswat Bank", "operator": null, "brand:wikipedia": null, "short_name": null, "website": null, "name:en": null, "old_name": null, "addr:housename": null, "addr:postcode": null, "addr:street": null, "alt_name": null, "source": null, "building": null, "addr:housenumber": null, "wikidata": null, "wikipedia": null, "level": null, "branch": null, "check_date": null, "addr:city": null, "wikimedia_commons": null, "brand:en": null, "brand:hi": null, "brand:kn": null, "brand:pa": null, "brand:pnb": null, "brand:ur": null, "brand:wikipedia:pa": null, "name:hi": null, "name:kn": null, "name:pa": null, "name:pnb": null, "name:ur": null, "addr:suburb": null, "note": null, "phone": null, "addr:unit": null, "addr:district": null, "opening_hours": null, "email": null, "fax": null, "addr:city:ur": null, "contact:fax": null, "operator:ur": null, "short_name:ur": null, "description": null, "fixme": null, "check_date:opening_hours": null, "drive_through": null, "highway": null, "traffic_signals": null, "traffic_signals:direction": null, "name:zh": null, "air_conditioning": null, "wheelchair": null, "contact:phone": null, "not:brand:wikidata": null, "opening_hours:covid19": null, "name:mr": null, "internet_access": null, "internet_access:fee": null, "payment:cash": null, "payment:credit_cards": null, "payment:debit_cards": null, "opening_hours:signed": null, "official_name": null, "bank": null, "contact:email": null, "opening_hours:drive_through": null, "addr:floor": null, "building:levels": null }, "geometry": { "type": "Point", "coordinates": [ 72.8371547, 19.0555895 ] } },
{ "type": "Feature", "properties": { "element": "node", "id": 12389362159, "amenity": "bank", "atm": "yes", "brand": "Bank of Maharashtra", "brand:wikidata": "Q2004304", "name": "Bank of Maharashtra", "operator": null, "brand:wikipedia": null, "short_name": null, "website": null, "name:en": null, "old_name": null, "addr:housename": null, "addr:postcode": null, "addr:street": null, "alt_name": null, "source": null, "building": null, "addr:housenumber": null, "wikidata": null, "wikipedia": null, "level": null, "branch": null, "check_date": null, "addr:city": null, "wikimedia_commons": null, "brand:en": null, "brand:hi": null, "brand:kn": null, "brand:pa": null, "brand:pnb": null, "brand:ur": null, "brand:wikipedia:pa": null, "name:hi": null, "name:kn": null, "name:pa": null, "name:pnb": null, "name:ur": null, "addr:suburb": null, "note": null, "phone": null, "addr:unit": null, "addr:district": null, "opening_hours": null, "email": null, "fax": null, "addr:city:ur": null, "contact:fax": null, "operator:ur": null, "short_name:ur": null, "description": null, "fixme": null, "check_date:opening_hours": null, "drive_through": null, "highway": null, "traffic_signals": null, "traffic_signals:direction": null, "name:zh": null, "air_conditioning": null, "wheelchair": null, "contact:phone": null, "not:brand:wikidata": null, "opening_hours:covid19": null, "name:mr": null, "internet_access": null, "internet_access:fee": null, "payment:cash": null, "payment:credit_cards": null, "payment:debit_cards": null, "opening_hours:signed": null, "official_name": null, "bank": null, "contact:email": null, "opening_hours:drive_through": null, "addr:floor": null, "building:levels": null }, "geometry": { "type": "Point", "coordinates": [ 72.9384391, 19.1768749 ] } },
{ "type": "Feature", "properties": { "element": "node", "id": 12400639960, "amenity": "bank", "atm": "yes", "brand": "ICICI Bank", "brand:wikidata": null, "name": "ICICI Bank", "operator": null, "brand:wikipedia": null, "short_name": "ICICI", "website": null, "name:en": null, "old_name": null, "addr:housename": null, "addr:postcode": null, "addr:street": null, "alt_name": null, "source": null, "building": null, "addr:housenumber": null, "wikidata": null, "wikipedia": null, "level": "0", "branch": null, "check_date": null, "addr:city": null, "wikimedia_commons": null, "brand:en": null, "brand:hi": null, "brand:kn": null, "brand:pa": null, "brand:pnb": null, "brand:ur": null, "brand:wikipedia:pa": null, "name:hi": null, "name:kn": null, "name:pa": null, "name:pnb": null, "name:ur": null, "addr:suburb": null, "note": null, "phone": null, "addr:unit": null, "addr:district": null, "opening_hours": "Mo-Sa 09:30-15:00", "email": null, "fax": null, "addr:city:ur": null, "contact:fax": null, "operator:ur": null, "short_name:ur": null, "description": null, "fixme": null, "check_date:opening_hours": null, "drive_through": null, "highway": null, "traffic_signals": null, "traffic_signals:direction": null, "name:zh": null, "air_conditioning": null, "wheelchair": null, "contact:phone": null, "not:brand:wikidata": null, "opening_hours:covid19": null, "name:mr": null, "internet_access": null, "internet_access:fee": null, "payment:cash": null, "payment:credit_cards": null, "payment:debit_cards": null, "opening_hours:signed": null, "official_name": null, "bank": null, "contact:email": null, "opening_hours:drive_through": null, "addr:floor": null, "building:levels": null }, "geometry": { "type": "Point", "coordinates": [ 72.8231505, 19.145355 ] } },
{ "type": "Feature", "properties": { "element": "node", "id": 12411907722, "amenity": "bank", "atm": null, "brand": "Zoroastrian Bank", "brand:wikidata": null, "name": "Zoroastrian Bank", "operator": "The Zoroastrian Cooperative Bank Limited", "brand:wikipedia": null, "short_name": null, "website": null, "name:en": null, "old_name": null, "addr:housename": null, "addr:postcode": null, "addr:street": null, "alt_name": null, "source": null, "building": null, "addr:housenumber": null, "wikidata": null, "wikipedia": null, "level": "0", "branch": "Lokhandwala", "check_date": null, "addr:city": null, "wikimedia_commons": null, "brand:en": null, "brand:hi": null, "brand:kn": null, "brand:pa": null, "brand:pnb": null, "brand:ur": null, "brand:wikipedia:pa": null, "name:hi": "ज़ोरोऐस्ट्रियन बैंक", "name:kn": null, "name:pa": null, "name:pnb": null, "name:ur": null, "addr:suburb": null, "note": null, "phone": null, "addr:unit": null, "addr:district": null, "opening_hours": null, "email": null, "fax": null, "addr:city:ur": null, "contact:fax": null, "operator:ur": null, "short_name:ur": null, "description": null, "fixme": null, "check_date:opening_hours": "2026-02-22", "drive_through": null, "highway": null, "traffic_signals": null, "traffic_signals:direction": null, "name:zh": null, "air_conditioning": null, "wheelchair": "no", "contact:phone": null, "not:brand:wikidata": null, "opening_hours:covid19": null, "name:mr": null, "internet_access": null, "internet_access:fee": null, "payment:cash": null, "payment:credit_cards": null, "payment:debit_cards": null, "opening_hours:signed": "no", "official_name": null, "bank": null, "contact:email": null, "opening_hours:drive_through": null, "addr:floor": null, "building:levels": null }, "geometry": { "type": "Point", "coordinates": [ 72.823894, 19.1445118 ] } },
{ "type": "Feature", "properties": { "element": "node", "id": 12560946823, "amenity": "bank", "atm": null, "brand": "Bank of Baroda", "brand:wikidata": "Q2003797", "name": "Bank of Baroda", "operator": null, "brand:wikipedia": null, "short_name": null, "website": null, "name:en": null, "old_name": null, "addr:housename": null, "addr:postcode": null, "addr:street": null, "alt_name": null, "source": null, "building": null, "addr:housenumber": null, "wikidata": null, "wikipedia": null, "level": null, "branch": null, "check_date": "2026-03-12", "addr:city": null, "wikimedia_commons": null, "brand:en": null, "brand:hi": null, "brand:kn": null, "brand:pa": null, "brand:pnb": null, "brand:ur": null, "brand:wikipedia:pa": null, "name:hi": null, "name:kn": null, "name:pa": null, "name:pnb": null, "name:ur": null, "addr:suburb": null, "note": null, "phone": null, "addr:unit": null, "addr:district": null, "opening_hours": null, "email": null, "fax": null, "addr:city:ur": null, "contact:fax": null, "operator:ur": null, "short_name:ur": null, "description": null, "fixme": null, "check_date:opening_hours": null, "drive_through": null, "highway": null, "traffic_signals": null, "traffic_signals:direction": null, "name:zh": null, "air_conditioning": null, "wheelchair": null, "contact:phone": null, "not:brand:wikidata": null, "opening_hours:covid19": null, "name:mr": null, "internet_access": null, "internet_access:fee": null, "payment:cash": null, "payment:credit_cards": null, "payment:debit_cards": null, "opening_hours:signed": null, "official_name": null, "bank": null, "contact:email": null, "opening_hours:drive_through": null, "addr:floor": null, "building:levels": null }, "geometry": { "type": "Point", "coordinates": [ 72.8313177, 18.923332 ] } },
{ "type": "Feature", "properties": { "element": "node", "id": 12600283234, "amenity": "bank", "atm": null, "brand": "HDFC Bank", "brand:wikidata": "Q631047", "name": "HDFC Bank", "operator": null, "brand:wikipedia": null, "short_name": "HDFC", "website": null, "name:en": null, "old_name": null, "addr:housename": null, "addr:postcode": "400037", "addr:street": "Dosti Acres, Antop Hill", "alt_name": null, "source": null, "building": null, "addr:housenumber": null, "wikidata": null, "wikipedia": null, "level": null, "branch": null, "check_date": null, "addr:city": "Mumbai", "wikimedia_commons": null, "brand:en": null, "brand:hi": null, "brand:kn": null, "brand:pa": null, "brand:pnb": null, "brand:ur": null, "brand:wikipedia:pa": null, "name:hi": null, "name:kn": null, "name:pa": null, "name:pnb": null, "name:ur": null, "addr:suburb": null, "note": null, "phone": null, "addr:unit": null, "addr:district": "Maharashtra", "opening_hours": null, "email": null, "fax": null, "addr:city:ur": null, "contact:fax": null, "operator:ur": null, "short_name:ur": null, "description": null, "fixme": null, "check_date:opening_hours": null, "drive_through": null, "highway": null, "traffic_signals": null, "traffic_signals:direction": null, "name:zh": null, "air_conditioning": null, "wheelchair": null, "contact:phone": null, "not:brand:wikidata": null, "opening_hours:covid19": null, "name:mr": null, "internet_access": null, "internet_access:fee": null, "payment:cash": null, "payment:credit_cards": null, "payment:debit_cards": null, "opening_hours:signed": null, "official_name": null, "bank": null, "contact:email": null, "opening_hours:drive_through": null, "addr:floor": null, "building:levels": null }, "geometry": { "type": "Point", "coordinates": [ 72.8657809, 19.0232043 ] } },
{ "type": "Feature", "properties": { "element": "node", "id": 12633513702, "amenity": "bank", "atm": null, "brand": "Punjab National Bank", "brand:wikidata": "Q2743499", "name": "Punjab National Bank", "operator": null, "brand:wikipedia": null, "short_name": null, "website": null, "name:en": null, "old_name": null, "addr:housename": null, "addr:postcode": "400001", "addr:street": "Sir Pherozeshah Mehta Road", "alt_name": null, "source": null, "building": null, "addr:housenumber": null, "wikidata": null, "wikipedia": null, "level": null, "branch": null, "check_date": null, "addr:city": null, "wikimedia_commons": null, "brand:en": null, "brand:hi": null, "brand:kn": null, "brand:pa": null, "brand:pnb": null, "brand:ur": null, "brand:wikipedia:pa": null, "name:hi": null, "name:kn": null, "name:pa": null, "name:pnb": null, "name:ur": null, "addr:suburb": null, "note": null, "phone": null, "addr:unit": null, "addr:district": null, "opening_hours": null, "email": null, "fax": null, "addr:city:ur": null, "contact:fax": null, "operator:ur": null, "short_name:ur": null, "description": null, "fixme": null, "check_date:opening_hours": null, "drive_through": null, "highway": null, "traffic_signals": null, "traffic_signals:direction": null, "name:zh": null, "air_conditioning": null, "wheelchair": null, "contact:phone": null, "not:brand:wikidata": null, "opening_hours:covid19": null, "name:mr": null, "internet_access": null, "internet_access:fee": null, "payment:cash": null, "payment:credit_cards": null, "payment:debit_cards": null, "opening_hours:signed": null, "official_name": null, "bank": null, "contact:email": null, "opening_hours:drive_through": null, "addr:floor": null, "building:levels": null }, "geometry": { "type": "Point", "coordinates": [ 72.8356824, 18.9341323 ] } },
{ "type": "Feature", "properties": { "element": "node", "id": 12633513801, "amenity": "bank", "atm": null, "brand": "Bank of Baroda", "brand:wikidata": "Q2003797", "name": "Bank of Baroda", "operator": null, "brand:wikipedia": null, "short_name": null, "website": null, "name:en": null, "old_name": null, "addr:housename": null, "addr:postcode": "400001", "addr:street": "Horniman Circle", "alt_name": null, "source": null, "building": null, "addr:housenumber": null, "wikidata": null, "wikipedia": null, "level": null, "branch": null, "check_date": null, "addr:city": null, "wikimedia_commons": null, "brand:en": null, "brand:hi": null, "brand:kn": null, "brand:pa": null, "brand:pnb": null, "brand:ur": null, "brand:wikipedia:pa": null, "name:hi": null, "name:kn": null, "name:pa": null, "name:pnb": null, "name:ur": null, "addr:suburb": null, "note": null, "phone": null, "addr:unit": null, "addr:district": null, "opening_hours": null, "email": null, "fax": null, "addr:city:ur": null, "contact:fax": null, "operator:ur": null, "short_name:ur": null, "description": null, "fixme": null, "check_date:opening_hours": null, "drive_through": null, "highway": null, "traffic_signals": null, "traffic_signals:direction": null, "name:zh": null, "air_conditioning": null, "wheelchair": null, "contact:phone": null, "not:brand:wikidata": null, "opening_hours:covid19": null, "name:mr": null, "internet_access": null, "internet_access:fee": null, "payment:cash": null, "payment:credit_cards": null, "payment:debit_cards": null, "opening_hours:signed": null, "official_name": null, "bank": null, "contact:email": null, "opening_hours:drive_through": null, "addr:floor": null, "building:levels": null }, "geometry": { "type": "Point", "coordinates": [ 72.8345832, 18.9325964 ] } },
{ "type": "Feature", "properties": { "element": "node", "id": 12668986257, "amenity": "bank", "atm": null, "brand": "IndusInd Bank", "brand:wikidata": "Q2040323", "name": "IndusInd Bank", "operator": null, "brand:wikipedia": null, "short_name": null, "website": null, "name:en": null, "old_name": null, "addr:housename": null, "addr:postcode": null, "addr:street": null, "alt_name": null, "source": null, "building": null, "addr:housenumber": null, "wikidata": null, "wikipedia": null, "level": null, "branch": null, "check_date": null, "addr:city": null, "wikimedia_commons": null, "brand:en": null, "brand:hi": null, "brand:kn": null, "brand:pa": null, "brand:pnb": null, "brand:ur": null, "brand:wikipedia:pa": null, "name:hi": null, "name:kn": null, "name:pa": null, "name:pnb": null, "name:ur": null, "addr:suburb": null, "note": null, "phone": null, "addr:unit": null, "addr:district": null, "opening_hours": null, "email": null, "fax": null, "addr:city:ur": null, "contact:fax": null, "operator:ur": null, "short_name:ur": null, "description": null, "fixme": null, "check_date:opening_hours": null, "drive_through": null, "highway": null, "traffic_signals": null, "traffic_signals:direction": null, "name:zh": null, "air_conditioning": null, "wheelchair": null, "contact:phone": null, "not:brand:wikidata": null, "opening_hours:covid19": null, "name:mr": null, "internet_access": null, "internet_access:fee": null, "payment:cash": null, "payment:credit_cards": null, "payment:debit_cards": null, "opening_hours:signed": null, "official_name": null, "bank": null, "contact:email": null, "opening_hours:drive_through": null, "addr:floor": null, "building:levels": null }, "geometry": { "type": "Point", "coordinates": [ 72.8295439, 19.057982 ] } },
{ "type": "Feature", "properties": { "element": "node", "id": 12696004074, "amenity": "bank", "atm": null, "brand": "Yes Bank", "brand:wikidata": "Q2040394", "name": "Yes Bank", "operator": null, "brand:wikipedia": null, "short_name": null, "website": null, "name:en": null, "old_name": null, "addr:housename": null, "addr:postcode": null, "addr:street": null, "alt_name": null, "source": null, "building": null, "addr:housenumber": null, "wikidata": null, "wikipedia": null, "level": null, "branch": null, "check_date": null, "addr:city": null, "wikimedia_commons": null, "brand:en": null, "brand:hi": null, "brand:kn": null, "brand:pa": null, "brand:pnb": null, "brand:ur": null, "brand:wikipedia:pa": null, "name:hi": null, "name:kn": null, "name:pa": null, "name:pnb": null, "name:ur": null, "addr:suburb": null, "note": null, "phone": null, "addr:unit": null, "addr:district": null, "opening_hours": null, "email": null, "fax": null, "addr:city:ur": null, "contact:fax": null, "operator:ur": null, "short_name:ur": null, "description": null, "fixme": null, "check_date:opening_hours": null, "drive_through": null, "highway": null, "traffic_signals": null, "traffic_signals:direction": null, "name:zh": null, "air_conditioning": null, "wheelchair": null, "contact:phone": null, "not:brand:wikidata": null, "opening_hours:covid19": null, "name:mr": null, "internet_access": null, "internet_access:fee": null, "payment:cash": null, "payment:credit_cards": null, "payment:debit_cards": null, "opening_hours:signed": null, "official_name": null, "bank": null, "contact:email": null, "opening_hours:drive_through": null, "addr:floor": null, "building:levels": null }, "geometry": { "type": "Point", "coordinates": [ 72.8520481, 19.060408 ] } },
{ "type": "Feature", "properties": { "element": "node", "id": 12696004075, "amenity": "bank", "atm": null, "brand": "HDFC Bank", "brand:wikidata": "Q631047", "name": "HDFC Bank", "operator": null, "brand:wikipedia": null, "short_name": "HDFC", "website": null, "name:en": null, "old_name": null, "addr:housename": null, "addr:postcode": null, "addr:street": null, "alt_name": null, "source": null, "building": null, "addr:housenumber": null, "wikidata": null, "wikipedia": null, "level": null, "branch": "Kalanagar Branch", "check_date": null, "addr:city": null, "wikimedia_commons": null, "brand:en": null, "brand:hi": null, "brand:kn": null, "brand:pa": null, "brand:pnb": null, "brand:ur": null, "brand:wikipedia:pa": null, "name:hi": null, "name:kn": null, "name:pa": null, "name:pnb": null, "name:ur": null, "addr:suburb": null, "note": null, "phone": null, "addr:unit": null, "addr:district": null, "opening_hours": null, "email": null, "fax": null, "addr:city:ur": null, "contact:fax": null, "operator:ur": null, "short_name:ur": null, "description": null, "fixme": null, "check_date:opening_hours": null, "drive_through": null, "highway": null, "traffic_signals": null, "traffic_signals:direction": null, "name:zh": null, "air_conditioning": null, "wheelchair": null, "contact:phone": null, "not:brand:wikidata": null, "opening_hours:covid19": null, "name:mr": null, "internet_access": null, "internet_access:fee": null, "payment:cash": null, "payment:credit_cards": null, "payment:debit_cards": null, "opening_hours:signed": null, "official_name": null, "bank": null, "contact:email": null, "opening_hours:drive_through": null, "addr:floor": null, "building:levels": null }, "geometry": { "type": "Point", "coordinates": [ 72.8518597, 19.0604788 ] } },
{ "type": "Feature", "properties": { "element": "node", "id": 12696004077, "amenity": "bank", "atm": null, "brand": "Axis Bank", "brand:wikidata": "Q2003549", "name": "Axis Bank", "operator": null, "brand:wikipedia": null, "short_name": null, "website": null, "name:en": null, "old_name": null, "addr:housename": null, "addr:postcode": null, "addr:street": null, "alt_name": null, "source": null, "building": null, "addr:housenumber": null, "wikidata": null, "wikipedia": null, "level": null, "branch": "Kalanagar Branch", "check_date": null, "addr:city": null, "wikimedia_commons": null, "brand:en": null, "brand:hi": null, "brand:kn": null, "brand:pa": null, "brand:pnb": null, "brand:ur": null, "brand:wikipedia:pa": null, "name:hi": null, "name:kn": null, "name:pa": null, "name:pnb": null, "name:ur": null, "addr:suburb": null, "note": null, "phone": null, "addr:unit": null, "addr:district": null, "opening_hours": null, "email": null, "fax": null, "addr:city:ur": null, "contact:fax": null, "operator:ur": null, "short_name:ur": null, "description": null, "fixme": null, "check_date:opening_hours": null, "drive_through": null, "highway": null, "traffic_signals": null, "traffic_signals:direction": null, "name:zh": null, "air_conditioning": null, "wheelchair": null, "contact:phone": null, "not:brand:wikidata": null, "opening_hours:covid19": null, "name:mr": null, "internet_access": null, "internet_access:fee": null, "payment:cash": null, "payment:credit_cards": null, "payment:debit_cards": null, "opening_hours:signed": null, "official_name": null, "bank": null, "contact:email": null, "opening_hours:drive_through": null, "addr:floor": null, "building:levels": null }, "geometry": { "type": "Point", "coordinates": [ 72.8516673, 19.060539 ] } },
{ "type": "Feature", "properties": { "element": "node", "id": 12706010775, "amenity": "bank", "atm": null, "brand": "AU Small Finance Bank", "brand:wikidata": "Q48729722", "name": "AU Small Finance Bank", "operator": null, "brand:wikipedia": null, "short_name": null, "website": null, "name:en": null, "old_name": null, "addr:housename": null, "addr:postcode": null, "addr:street": null, "alt_name": null, "source": null, "building": null, "addr:housenumber": null, "wikidata": null, "wikipedia": null, "level": null, "branch": null, "check_date": null, "addr:city": null, "wikimedia_commons": null, "brand:en": null, "brand:hi": null, "brand:kn": null, "brand:pa": null, "brand:pnb": null, "brand:ur": null, "brand:wikipedia:pa": null, "name:hi": null, "name:kn": null, "name:pa": null, "name:pnb": null, "name:ur": null, "addr:suburb": null, "note": null, "phone": null, "addr:unit": null, "addr:district": null, "opening_hours": null, "email": null, "fax": null, "addr:city:ur": null, "contact:fax": null, "operator:ur": null, "short_name:ur": null, "description": null, "fixme": null, "check_date:opening_hours": null, "drive_through": null, "highway": null, "traffic_signals": null, "traffic_signals:direction": null, "name:zh": null, "air_conditioning": null, "wheelchair": null, "contact:phone": null, "not:brand:wikidata": null, "opening_hours:covid19": null, "name:mr": null, "internet_access": null, "internet_access:fee": null, "payment:cash": null, "payment:credit_cards": null, "payment:debit_cards": null, "opening_hours:signed": null, "official_name": null, "bank": null, "contact:email": null, "opening_hours:drive_through": null, "addr:floor": null, "building:levels": null }, "geometry": { "type": "Point", "coordinates": [ 72.832149, 19.0592014 ] } },
{ "type": "Feature", "properties": { "element": "node", "id": 12706010778, "amenity": "bank", "atm": null, "brand": null, "brand:wikidata": null, "name": "SVC Cooperative Bank", "operator": null, "brand:wikipedia": null, "short_name": null, "website": null, "name:en": "SVC Cooperative Bank", "old_name": null, "addr:housename": null, "addr:postcode": null, "addr:street": null, "alt_name": null, "source": null, "building": null, "addr:housenumber": null, "wikidata": null, "wikipedia": null, "level": null, "branch": null, "check_date": null, "addr:city": null, "wikimedia_commons": null, "brand:en": null, "brand:hi": null, "brand:kn": null, "brand:pa": null, "brand:pnb": null, "brand:ur": null, "brand:wikipedia:pa": null, "name:hi": null, "name:kn": null, "name:pa": null, "name:pnb": null, "name:ur": null, "addr:suburb": null, "note": null, "phone": null, "addr:unit": null, "addr:district": null, "opening_hours": null, "email": null, "fax": null, "addr:city:ur": null, "contact:fax": null, "operator:ur": null, "short_name:ur": null, "description": null, "fixme": null, "check_date:opening_hours": null, "drive_through": null, "highway": null, "traffic_signals": null, "traffic_signals:direction": null, "name:zh": null, "air_conditioning": null, "wheelchair": null, "contact:phone": null, "not:brand:wikidata": null, "opening_hours:covid19": null, "name:mr": null, "internet_access": null, "internet_access:fee": null, "payment:cash": null, "payment:credit_cards": null, "payment:debit_cards": null, "opening_hours:signed": null, "official_name": null, "bank": null, "contact:email": null, "opening_hours:drive_through": null, "addr:floor": null, "building:levels": null }, "geometry": { "type": "Point", "coordinates": [ 72.8329242, 19.0587668 ] } },
{ "type": "Feature", "properties": { "element": "node", "id": 12731973452, "amenity": "bank", "atm": null, "brand": "State Bank of India", "brand:wikidata": "Q1340361", "name": "State Bank of India", "operator": null, "brand:wikipedia": null, "short_name": "SBI", "website": null, "name:en": null, "old_name": null, "addr:housename": null, "addr:postcode": null, "addr:street": null, "alt_name": null, "source": null, "building": null, "addr:housenumber": null, "wikidata": null, "wikipedia": null, "level": null, "branch": null, "check_date": null, "addr:city": null, "wikimedia_commons": null, "brand:en": null, "brand:hi": null, "brand:kn": null, "brand:pa": null, "brand:pnb": null, "brand:ur": null, "brand:wikipedia:pa": null, "name:hi": null, "name:kn": null, "name:pa": null, "name:pnb": null, "name:ur": null, "addr:suburb": null, "note": null, "phone": null, "addr:unit": null, "addr:district": null, "opening_hours": null, "email": null, "fax": null, "addr:city:ur": null, "contact:fax": null, "operator:ur": null, "short_name:ur": null, "description": null, "fixme": null, "check_date:opening_hours": null, "drive_through": null, "highway": null, "traffic_signals": null, "traffic_signals:direction": null, "name:zh": null, "air_conditioning": null, "wheelchair": null, "contact:phone": null, "not:brand:wikidata": null, "opening_hours:covid19": null, "name:mr": null, "internet_access": null, "internet_access:fee": null, "payment:cash": null, "payment:credit_cards": null, "payment:debit_cards": null, "opening_hours:signed": null, "official_name": null, "bank": null, "contact:email": null, "opening_hours:drive_through": null, "addr:floor": null, "building:levels": null }, "geometry": { "type": "Point", "coordinates": [ 72.8343804, 19.065927 ] } },
{ "type": "Feature", "properties": { "element": "node", "id": 12731973467, "amenity": "bank", "atm": null, "brand": "CSB Bank", "brand:wikidata": "Q5053244", "name": "CSB Bank", "operator": null, "brand:wikipedia": null, "short_name": null, "website": null, "name:en": null, "old_name": null, "addr:housename": null, "addr:postcode": null, "addr:street": null, "alt_name": null, "source": null, "building": null, "addr:housenumber": null, "wikidata": null, "wikipedia": null, "level": null, "branch": null, "check_date": null, "addr:city": null, "wikimedia_commons": null, "brand:en": null, "brand:hi": null, "brand:kn": null, "brand:pa": null, "brand:pnb": null, "brand:ur": null, "brand:wikipedia:pa": null, "name:hi": null, "name:kn": null, "name:pa": null, "name:pnb": null, "name:ur": null, "addr:suburb": null, "note": null, "phone": null, "addr:unit": null, "addr:district": null, "opening_hours": null, "email": null, "fax": null, "addr:city:ur": null, "contact:fax": null, "operator:ur": null, "short_name:ur": null, "description": null, "fixme": null, "check_date:opening_hours": null, "drive_through": null, "highway": null, "traffic_signals": null, "traffic_signals:direction": null, "name:zh": null, "air_conditioning": null, "wheelchair": null, "contact:phone": null, "not:brand:wikidata": null, "opening_hours:covid19": null, "name:mr": null, "internet_access": null, "internet_access:fee": null, "payment:cash": null, "payment:credit_cards": null, "payment:debit_cards": null, "opening_hours:signed": null, "official_name": "Catholic Syrian Bank", "bank": null, "contact:email": null, "opening_hours:drive_through": null, "addr:floor": null, "building:levels": null }, "geometry": { "type": "Point", "coordinates": [ 72.8383331, 19.0699567 ] } },
{ "type": "Feature", "properties": { "element": "node", "id": 12770253134, "amenity": "bank", "atm": null, "brand": "Bank of Baroda", "brand:wikidata": "Q2003797", "name": "Bank of Baroda", "operator": null, "brand:wikipedia": null, "short_name": null, "website": null, "name:en": null, "old_name": null, "addr:housename": null, "addr:postcode": null, "addr:street": null, "alt_name": null, "source": null, "building": null, "addr:housenumber": null, "wikidata": null, "wikipedia": null, "level": "0", "branch": "Maheshwari Udyan, Matunga", "check_date": null, "addr:city": null, "wikimedia_commons": null, "brand:en": null, "brand:hi": null, "brand:kn": null, "brand:pa": null, "brand:pnb": null, "brand:ur": null, "brand:wikipedia:pa": null, "name:hi": null, "name:kn": null, "name:pa": null, "name:pnb": null, "name:ur": null, "addr:suburb": null, "note": null, "phone": null, "addr:unit": null, "addr:district": null, "opening_hours": "Mo-Sa 09:00-15:00; PH closed; Sa[2,4] closed", "email": null, "fax": null, "addr:city:ur": null, "contact:fax": null, "operator:ur": null, "short_name:ur": null, "description": null, "fixme": null, "check_date:opening_hours": null, "drive_through": null, "highway": null, "traffic_signals": null, "traffic_signals:direction": null, "name:zh": null, "air_conditioning": null, "wheelchair": "limited", "contact:phone": null, "not:brand:wikidata": null, "opening_hours:covid19": null, "name:mr": null, "internet_access": null, "internet_access:fee": null, "payment:cash": null, "payment:credit_cards": null, "payment:debit_cards": null, "opening_hours:signed": null, "official_name": null, "bank": null, "contact:email": null, "opening_hours:drive_through": null, "addr:floor": null, "building:levels": null }, "geometry": { "type": "Point", "coordinates": [ 72.856171, 19.0267644 ] } },
{ "type": "Feature", "properties": { "element": "node", "id": 12770260567, "amenity": "bank", "atm": "yes", "brand": "Bank of India", "brand:wikidata": "Q2004439", "name": "Bank of India", "operator": "Bank of India", "brand:wikipedia": null, "short_name": null, "website": null, "name:en": null, "old_name": null, "addr:housename": null, "addr:postcode": null, "addr:street": null, "alt_name": null, "source": null, "building": null, "addr:housenumber": null, "wikidata": null, "wikipedia": null, "level": "0", "branch": null, "check_date": null, "addr:city": null, "wikimedia_commons": null, "brand:en": null, "brand:hi": null, "brand:kn": null, "brand:pa": null, "brand:pnb": null, "brand:ur": null, "brand:wikipedia:pa": null, "name:hi": null, "name:kn": null, "name:pa": null, "name:pnb": null, "name:ur": null, "addr:suburb": null, "note": null, "phone": null, "addr:unit": null, "addr:district": null, "opening_hours": "24/7", "email": null, "fax": null, "addr:city:ur": null, "contact:fax": null, "operator:ur": null, "short_name:ur": null, "description": null, "fixme": null, "check_date:opening_hours": null, "drive_through": null, "highway": null, "traffic_signals": null, "traffic_signals:direction": null, "name:zh": null, "air_conditioning": null, "wheelchair": "no", "contact:phone": null, "not:brand:wikidata": null, "opening_hours:covid19": null, "name:mr": null, "internet_access": null, "internet_access:fee": null, "payment:cash": null, "payment:credit_cards": null, "payment:debit_cards": null, "opening_hours:signed": null, "official_name": null, "bank": null, "contact:email": null, "opening_hours:drive_through": null, "addr:floor": null, "building:levels": null }, "geometry": { "type": "Point", "coordinates": [ 72.8560683, 19.0264833 ] } },
{ "type": "Feature", "properties": { "element": "node", "id": 12770274378, "amenity": "bank", "atm": null, "brand": "Yes Bank", "brand:wikidata": "Q2040394", "name": "Yes Bank", "operator": null, "brand:wikipedia": null, "short_name": null, "website": null, "name:en": null, "old_name": null, "addr:housename": null, "addr:postcode": null, "addr:street": null, "alt_name": null, "source": null, "building": null, "addr:housenumber": null, "wikidata": null, "wikipedia": null, "level": "0", "branch": null, "check_date": null, "addr:city": null, "wikimedia_commons": null, "brand:en": null, "brand:hi": null, "brand:kn": null, "brand:pa": null, "brand:pnb": null, "brand:ur": null, "brand:wikipedia:pa": null, "name:hi": null, "name:kn": null, "name:pa": null, "name:pnb": null, "name:ur": null, "addr:suburb": null, "note": null, "phone": null, "addr:unit": null, "addr:district": null, "opening_hours": null, "email": null, "fax": null, "addr:city:ur": null, "contact:fax": null, "operator:ur": null, "short_name:ur": null, "description": null, "fixme": null, "check_date:opening_hours": null, "drive_through": null, "highway": null, "traffic_signals": null, "traffic_signals:direction": null, "name:zh": null, "air_conditioning": null, "wheelchair": "limited", "contact:phone": null, "not:brand:wikidata": null, "opening_hours:covid19": null, "name:mr": null, "internet_access": null, "internet_access:fee": null, "payment:cash": null, "payment:credit_cards": null, "payment:debit_cards": null, "opening_hours:signed": null, "official_name": null, "bank": null, "contact:email": null, "opening_hours:drive_through": null, "addr:floor": null, "building:levels": null }, "geometry": { "type": "Point", "coordinates": [ 72.8529983, 19.0275902 ] } },
{ "type": "Feature", "properties": { "element": "node", "id": 12770274380, "amenity": "bank", "atm": null, "brand": "ICICI Bank", "brand:wikidata": "Q1653258", "name": "ICICI Bank", "operator": null, "brand:wikipedia": null, "short_name": "ICICI", "website": null, "name:en": null, "old_name": null, "addr:housename": null, "addr:postcode": null, "addr:street": null, "alt_name": null, "source": null, "building": null, "addr:housenumber": null, "wikidata": null, "wikipedia": null, "level": "0", "branch": null, "check_date": null, "addr:city": null, "wikimedia_commons": null, "brand:en": null, "brand:hi": null, "brand:kn": null, "brand:pa": null, "brand:pnb": null, "brand:ur": null, "brand:wikipedia:pa": null, "name:hi": null, "name:kn": null, "name:pa": null, "name:pnb": null, "name:ur": null, "addr:suburb": null, "note": null, "phone": null, "addr:unit": null, "addr:district": null, "opening_hours": null, "email": null, "fax": null, "addr:city:ur": null, "contact:fax": null, "operator:ur": null, "short_name:ur": null, "description": null, "fixme": null, "check_date:opening_hours": null, "drive_through": null, "highway": null, "traffic_signals": null, "traffic_signals:direction": null, "name:zh": null, "air_conditioning": null, "wheelchair": "limited", "contact:phone": null, "not:brand:wikidata": null, "opening_hours:covid19": null, "name:mr": null, "internet_access": null, "internet_access:fee": null, "payment:cash": null, "payment:credit_cards": null, "payment:debit_cards": null, "opening_hours:signed": null, "official_name": null, "bank": null, "contact:email": null, "opening_hours:drive_through": null, "addr:floor": null, "building:levels": null }, "geometry": { "type": "Point", "coordinates": [ 72.8531479, 19.0275428 ] } },
{ "type": "Feature", "properties": { "element": "node", "id": 12770295080, "amenity": "bank", "atm": null, "brand": "Bandhan Bank", "brand:wikidata": "Q19882235", "name": "Bandhan Bank", "operator": null, "brand:wikipedia": null, "short_name": null, "website": null, "name:en": null, "old_name": null, "addr:housename": null, "addr:postcode": null, "addr:street": null, "alt_name": null, "source": null, "building": null, "addr:housenumber": null, "wikidata": null, "wikipedia": null, "level": "0", "branch": null, "check_date": null, "addr:city": null, "wikimedia_commons": null, "brand:en": null, "brand:hi": null, "brand:kn": null, "brand:pa": null, "brand:pnb": null, "brand:ur": null, "brand:wikipedia:pa": null, "name:hi": null, "name:kn": null, "name:pa": null, "name:pnb": null, "name:ur": null, "addr:suburb": null, "note": null, "phone": null, "addr:unit": null, "addr:district": null, "opening_hours": null, "email": null, "fax": null, "addr:city:ur": null, "contact:fax": null, "operator:ur": null, "short_name:ur": null, "description": null, "fixme": null, "check_date:opening_hours": null, "drive_through": null, "highway": null, "traffic_signals": null, "traffic_signals:direction": null, "name:zh": null, "air_conditioning": null, "wheelchair": "limited", "contact:phone": null, "not:brand:wikidata": null, "opening_hours:covid19": null, "name:mr": null, "internet_access": null, "internet_access:fee": null, "payment:cash": null, "payment:credit_cards": null, "payment:debit_cards": null, "opening_hours:signed": null, "official_name": null, "bank": null, "contact:email": null, "opening_hours:drive_through": null, "addr:floor": null, "building:levels": null }, "geometry": { "type": "Point", "coordinates": [ 72.8528578, 19.027559 ] } },
{ "type": "Feature", "properties": { "element": "node", "id": 12770295083, "amenity": "bank", "atm": null, "brand": "Kotak Mahindra Bank", "brand:wikidata": "Q2040404", "name": "Kotak Mahindra Bank", "operator": null, "brand:wikipedia": null, "short_name": null, "website": null, "name:en": null, "old_name": null, "addr:housename": null, "addr:postcode": null, "addr:street": null, "alt_name": null, "source": null, "building": null, "addr:housenumber": null, "wikidata": null, "wikipedia": null, "level": "0", "branch": null, "check_date": null, "addr:city": null, "wikimedia_commons": null, "brand:en": null, "brand:hi": null, "brand:kn": null, "brand:pa": null, "brand:pnb": null, "brand:ur": null, "brand:wikipedia:pa": null, "name:hi": null, "name:kn": null, "name:pa": null, "name:pnb": null, "name:ur": null, "addr:suburb": null, "note": null, "phone": null, "addr:unit": null, "addr:district": null, "opening_hours": null, "email": null, "fax": null, "addr:city:ur": null, "contact:fax": null, "operator:ur": null, "short_name:ur": null, "description": null, "fixme": null, "check_date:opening_hours": null, "drive_through": null, "highway": null, "traffic_signals": null, "traffic_signals:direction": null, "name:zh": null, "air_conditioning": null, "wheelchair": "no", "contact:phone": null, "not:brand:wikidata": null, "opening_hours:covid19": null, "name:mr": null, "internet_access": null, "internet_access:fee": null, "payment:cash": null, "payment:credit_cards": null, "payment:debit_cards": null, "opening_hours:signed": null, "official_name": null, "bank": null, "contact:email": null, "opening_hours:drive_through": null, "addr:floor": null, "building:levels": null }, "geometry": { "type": "Point", "coordinates": [ 72.8528781, 19.027582 ] } },
{ "type": "Feature", "properties": { "element": "node", "id": 12770295084, "amenity": "bank", "atm": null, "brand": "HDFC Bank", "brand:wikidata": "Q631047", "name": "HDFC Bank", "operator": null, "brand:wikipedia": null, "short_name": "HDFC", "website": null, "name:en": null, "old_name": null, "addr:housename": null, "addr:postcode": null, "addr:street": null, "alt_name": null, "source": null, "building": null, "addr:housenumber": null, "wikidata": null, "wikipedia": null, "level": "0", "branch": null, "check_date": "2026-03-20", "addr:city": null, "wikimedia_commons": null, "brand:en": null, "brand:hi": null, "brand:kn": null, "brand:pa": null, "brand:pnb": null, "brand:ur": null, "brand:wikipedia:pa": null, "name:hi": null, "name:kn": null, "name:pa": null, "name:pnb": null, "name:ur": null, "addr:suburb": null, "note": null, "phone": null, "addr:unit": null, "addr:district": null, "opening_hours": null, "email": null, "fax": null, "addr:city:ur": null, "contact:fax": null, "operator:ur": null, "short_name:ur": null, "description": null, "fixme": null, "check_date:opening_hours": null, "drive_through": null, "highway": null, "traffic_signals": null, "traffic_signals:direction": null, "name:zh": null, "air_conditioning": null, "wheelchair": "no", "contact:phone": null, "not:brand:wikidata": null, "opening_hours:covid19": null, "name:mr": null, "internet_access": null, "internet_access:fee": null, "payment:cash": null, "payment:credit_cards": null, "payment:debit_cards": null, "opening_hours:signed": null, "official_name": null, "bank": null, "contact:email": null, "opening_hours:drive_through": null, "addr:floor": null, "building:levels": null }, "geometry": { "type": "Point", "coordinates": [ 72.8527907, 19.0274174 ] } },
{ "type": "Feature", "properties": { "element": "node", "id": 12784254796, "amenity": "bank", "atm": null, "brand": "Bank of Maharashtra", "brand:wikidata": "Q2004304", "name": "Bank of Maharashtra", "operator": null, "brand:wikipedia": null, "short_name": null, "website": null, "name:en": null, "old_name": null, "addr:housename": null, "addr:postcode": null, "addr:street": null, "alt_name": null, "source": null, "building": null, "addr:housenumber": null, "wikidata": null, "wikipedia": null, "level": null, "branch": null, "check_date": null, "addr:city": null, "wikimedia_commons": null, "brand:en": null, "brand:hi": null, "brand:kn": null, "brand:pa": null, "brand:pnb": null, "brand:ur": null, "brand:wikipedia:pa": null, "name:hi": null, "name:kn": null, "name:pa": null, "name:pnb": null, "name:ur": null, "addr:suburb": null, "note": null, "phone": null, "addr:unit": null, "addr:district": null, "opening_hours": null, "email": null, "fax": null, "addr:city:ur": null, "contact:fax": null, "operator:ur": null, "short_name:ur": null, "description": null, "fixme": null, "check_date:opening_hours": null, "drive_through": null, "highway": null, "traffic_signals": null, "traffic_signals:direction": null, "name:zh": null, "air_conditioning": null, "wheelchair": null, "contact:phone": null, "not:brand:wikidata": null, "opening_hours:covid19": null, "name:mr": null, "internet_access": null, "internet_access:fee": null, "payment:cash": null, "payment:credit_cards": null, "payment:debit_cards": null, "opening_hours:signed": null, "official_name": null, "bank": null, "contact:email": null, "opening_hours:drive_through": null, "addr:floor": null, "building:levels": null }, "geometry": { "type": "Point", "coordinates": [ 72.8476303, 19.0595597 ] } },
{ "type": "Feature", "properties": { "element": "node", "id": 12805979971, "amenity": "bank", "atm": null, "brand": null, "brand:wikidata": null, "name": "DCB Bank", "operator": null, "brand:wikipedia": null, "short_name": null, "website": null, "name:en": "DCB Bank", "old_name": null, "addr:housename": null, "addr:postcode": null, "addr:street": null, "alt_name": null, "source": null, "building": null, "addr:housenumber": null, "wikidata": null, "wikipedia": null, "level": null, "branch": null, "check_date": null, "addr:city": null, "wikimedia_commons": null, "brand:en": null, "brand:hi": null, "brand:kn": null, "brand:pa": null, "brand:pnb": null, "brand:ur": null, "brand:wikipedia:pa": null, "name:hi": null, "name:kn": null, "name:pa": null, "name:pnb": null, "name:ur": null, "addr:suburb": null, "note": null, "phone": null, "addr:unit": null, "addr:district": null, "opening_hours": null, "email": null, "fax": null, "addr:city:ur": null, "contact:fax": null, "operator:ur": null, "short_name:ur": null, "description": null, "fixme": null, "check_date:opening_hours": null, "drive_through": null, "highway": null, "traffic_signals": null, "traffic_signals:direction": null, "name:zh": null, "air_conditioning": null, "wheelchair": null, "contact:phone": null, "not:brand:wikidata": null, "opening_hours:covid19": null, "name:mr": null, "internet_access": null, "internet_access:fee": null, "payment:cash": null, "payment:credit_cards": null, "payment:debit_cards": null, "opening_hours:signed": null, "official_name": null, "bank": null, "contact:email": null, "opening_hours:drive_through": null, "addr:floor": null, "building:levels": null }, "geometry": { "type": "Point", "coordinates": [ 72.8342667, 19.0786108 ] } },
{ "type": "Feature", "properties": { "element": "node", "id": 12809197800, "amenity": "bank", "atm": null, "brand": null, "brand:wikidata": null, "name": "Citizen Credit Co-operative Bank", "operator": null, "brand:wikipedia": null, "short_name": null, "website": null, "name:en": "Citizen Credit Co-operative Bank", "old_name": null, "addr:housename": null, "addr:postcode": null, "addr:street": null, "alt_name": null, "source": null, "building": null, "addr:housenumber": null, "wikidata": null, "wikipedia": null, "level": null, "branch": null, "check_date": null, "addr:city": null, "wikimedia_commons": null, "brand:en": null, "brand:hi": null, "brand:kn": null, "brand:pa": null, "brand:pnb": null, "brand:ur": null, "brand:wikipedia:pa": null, "name:hi": null, "name:kn": null, "name:pa": null, "name:pnb": null, "name:ur": null, "addr:suburb": null, "note": null, "phone": null, "addr:unit": null, "addr:district": null, "opening_hours": null, "email": null, "fax": null, "addr:city:ur": null, "contact:fax": null, "operator:ur": null, "short_name:ur": null, "description": null, "fixme": null, "check_date:opening_hours": null, "drive_through": "no", "highway": null, "traffic_signals": null, "traffic_signals:direction": null, "name:zh": null, "air_conditioning": null, "wheelchair": null, "contact:phone": null, "not:brand:wikidata": null, "opening_hours:covid19": null, "name:mr": null, "internet_access": null, "internet_access:fee": null, "payment:cash": null, "payment:credit_cards": null, "payment:debit_cards": null, "opening_hours:signed": null, "official_name": null, "bank": null, "contact:email": null, "opening_hours:drive_through": null, "addr:floor": null, "building:levels": null }, "geometry": { "type": "Point", "coordinates": [ 72.8319577, 19.0558381 ] } },
{ "type": "Feature", "properties": { "element": "node", "id": 12842089420, "amenity": "bank", "atm": null, "brand": "IndusInd Bank", "brand:wikidata": "Q2040323", "name": "IndusInd Bank", "operator": null, "brand:wikipedia": null, "short_name": null, "website": null, "name:en": null, "old_name": null, "addr:housename": null, "addr:postcode": null, "addr:street": null, "alt_name": null, "source": null, "building": null, "addr:housenumber": null, "wikidata": null, "wikipedia": null, "level": null, "branch": null, "check_date": null, "addr:city": null, "wikimedia_commons": null, "brand:en": null, "brand:hi": null, "brand:kn": null, "brand:pa": null, "brand:pnb": null, "brand:ur": null, "brand:wikipedia:pa": null, "name:hi": null, "name:kn": null, "name:pa": null, "name:pnb": null, "name:ur": null, "addr:suburb": null, "note": null, "phone": null, "addr:unit": null, "addr:district": null, "opening_hours": null, "email": null, "fax": null, "addr:city:ur": null, "contact:fax": null, "operator:ur": null, "short_name:ur": null, "description": null, "fixme": null, "check_date:opening_hours": null, "drive_through": null, "highway": null, "traffic_signals": null, "traffic_signals:direction": null, "name:zh": null, "air_conditioning": null, "wheelchair": null, "contact:phone": null, "not:brand:wikidata": null, "opening_hours:covid19": null, "name:mr": null, "internet_access": null, "internet_access:fee": null, "payment:cash": null, "payment:credit_cards": null, "payment:debit_cards": null, "opening_hours:signed": null, "official_name": null, "bank": null, "contact:email": null, "opening_hours:drive_through": null, "addr:floor": null, "building:levels": null }, "geometry": { "type": "Point", "coordinates": [ 72.8297145, 19.1051583 ] } },
{ "type": "Feature", "properties": { "element": "node", "id": 12843975056, "amenity": "bank", "atm": null, "brand": "Bank of Baroda", "brand:wikidata": "Q2003797", "name": "Bank of Baroda", "operator": null, "brand:wikipedia": null, "short_name": null, "website": null, "name:en": null, "old_name": null, "addr:housename": null, "addr:postcode": null, "addr:street": null, "alt_name": null, "source": null, "building": null, "addr:housenumber": null, "wikidata": null, "wikipedia": null, "level": null, "branch": null, "check_date": null, "addr:city": null, "wikimedia_commons": null, "brand:en": null, "brand:hi": null, "brand:kn": null, "brand:pa": null, "brand:pnb": null, "brand:ur": null, "brand:wikipedia:pa": null, "name:hi": null, "name:kn": null, "name:pa": null, "name:pnb": null, "name:ur": null, "addr:suburb": null, "note": null, "phone": null, "addr:unit": null, "addr:district": null, "opening_hours": null, "email": null, "fax": null, "addr:city:ur": null, "contact:fax": null, "operator:ur": null, "short_name:ur": null, "description": null, "fixme": null, "check_date:opening_hours": null, "drive_through": null, "highway": null, "traffic_signals": null, "traffic_signals:direction": null, "name:zh": null, "air_conditioning": null, "wheelchair": null, "contact:phone": null, "not:brand:wikidata": null, "opening_hours:covid19": null, "name:mr": null, "internet_access": null, "internet_access:fee": null, "payment:cash": null, "payment:credit_cards": null, "payment:debit_cards": null, "opening_hours:signed": null, "official_name": null, "bank": null, "contact:email": null, "opening_hours:drive_through": null, "addr:floor": null, "building:levels": null }, "geometry": { "type": "Point", "coordinates": [ 72.9463462, 19.1814148 ] } },
{ "type": "Feature", "properties": { "element": "node", "id": 12855850013, "amenity": "bank", "atm": null, "brand": "IDFC First Bank", "brand:wikidata": "Q22031467", "name": "IDFC First Bank", "operator": null, "brand:wikipedia": null, "short_name": null, "website": null, "name:en": null, "old_name": null, "addr:housename": null, "addr:postcode": null, "addr:street": null, "alt_name": null, "source": null, "building": null, "addr:housenumber": null, "wikidata": null, "wikipedia": null, "level": null, "branch": null, "check_date": null, "addr:city": null, "wikimedia_commons": null, "brand:en": null, "brand:hi": null, "brand:kn": null, "brand:pa": null, "brand:pnb": null, "brand:ur": null, "brand:wikipedia:pa": null, "name:hi": null, "name:kn": null, "name:pa": null, "name:pnb": null, "name:ur": null, "addr:suburb": null, "note": null, "phone": null, "addr:unit": null, "addr:district": null, "opening_hours": null, "email": null, "fax": null, "addr:city:ur": null, "contact:fax": null, "operator:ur": null, "short_name:ur": null, "description": null, "fixme": null, "check_date:opening_hours": null, "drive_through": null, "highway": null, "traffic_signals": null, "traffic_signals:direction": null, "name:zh": null, "air_conditioning": null, "wheelchair": null, "contact:phone": null, "not:brand:wikidata": null, "opening_hours:covid19": null, "name:mr": null, "internet_access": null, "internet_access:fee": null, "payment:cash": null, "payment:credit_cards": null, "payment:debit_cards": null, "opening_hours:signed": null, "official_name": null, "bank": null, "contact:email": null, "opening_hours:drive_through": null, "addr:floor": null, "building:levels": null }, "geometry": { "type": "Point", "coordinates": [ 72.8349569, 19.0622346 ] } },
{ "type": "Feature", "properties": { "element": "node", "id": 12871387490, "amenity": "bank", "atm": "yes", "brand": "ICICI Bank", "brand:wikidata": "Q1653258", "name": "ICICI Bank", "operator": "ICICI Bank", "brand:wikipedia": null, "short_name": "ICICI", "website": null, "name:en": null, "old_name": null, "addr:housename": null, "addr:postcode": null, "addr:street": null, "alt_name": null, "source": null, "building": null, "addr:housenumber": null, "wikidata": null, "wikipedia": null, "level": null, "branch": "Shimpoli", "check_date": null, "addr:city": null, "wikimedia_commons": null, "brand:en": null, "brand:hi": null, "brand:kn": null, "brand:pa": null, "brand:pnb": null, "brand:ur": null, "brand:wikipedia:pa": null, "name:hi": null, "name:kn": null, "name:pa": null, "name:pnb": null, "name:ur": null, "addr:suburb": null, "note": null, "phone": null, "addr:unit": null, "addr:district": null, "opening_hours": null, "email": null, "fax": null, "addr:city:ur": null, "contact:fax": null, "operator:ur": null, "short_name:ur": null, "description": null, "fixme": null, "check_date:opening_hours": null, "drive_through": null, "highway": null, "traffic_signals": null, "traffic_signals:direction": null, "name:zh": null, "air_conditioning": "yes", "wheelchair": null, "contact:phone": null, "not:brand:wikidata": null, "opening_hours:covid19": null, "name:mr": null, "internet_access": null, "internet_access:fee": null, "payment:cash": null, "payment:credit_cards": null, "payment:debit_cards": null, "opening_hours:signed": null, "official_name": null, "bank": null, "contact:email": null, "opening_hours:drive_through": null, "addr:floor": null, "building:levels": null }, "geometry": { "type": "Point", "coordinates": [ 72.853674, 19.2225378 ] } },
{ "type": "Feature", "properties": { "element": "node", "id": 12871387491, "amenity": "bank", "atm": null, "brand": null, "brand:wikidata": null, "name": "Saraswat Co-operative Bank", "operator": null, "brand:wikipedia": null, "short_name": null, "website": null, "name:en": null, "old_name": null, "addr:housename": null, "addr:postcode": null, "addr:street": null, "alt_name": null, "source": null, "building": null, "addr:housenumber": null, "wikidata": null, "wikipedia": null, "level": null, "branch": null, "check_date": null, "addr:city": null, "wikimedia_commons": null, "brand:en": null, "brand:hi": null, "brand:kn": null, "brand:pa": null, "brand:pnb": null, "brand:ur": null, "brand:wikipedia:pa": null, "name:hi": null, "name:kn": null, "name:pa": null, "name:pnb": null, "name:ur": null, "addr:suburb": null, "note": null, "phone": null, "addr:unit": null, "addr:district": null, "opening_hours": null, "email": null, "fax": null, "addr:city:ur": null, "contact:fax": null, "operator:ur": null, "short_name:ur": null, "description": null, "fixme": null, "check_date:opening_hours": null, "drive_through": null, "highway": null, "traffic_signals": null, "traffic_signals:direction": null, "name:zh": null, "air_conditioning": null, "wheelchair": null, "contact:phone": null, "not:brand:wikidata": null, "opening_hours:covid19": null, "name:mr": null, "internet_access": null, "internet_access:fee": null, "payment:cash": null, "payment:credit_cards": null, "payment:debit_cards": null, "opening_hours:signed": null, "official_name": null, "bank": null, "contact:email": null, "opening_hours:drive_through": null, "addr:floor": null, "building:levels": null }, "geometry": { "type": "Point", "coordinates": [ 72.8536258, 19.2224087 ] } },
{ "type": "Feature", "properties": { "element": "node", "id": 12871387492, "amenity": "bank", "atm": null, "brand": "HDFC Bank", "brand:wikidata": "Q631047", "name": "HDFC Bank", "operator": null, "brand:wikipedia": null, "short_name": "HDFC", "website": null, "name:en": null, "old_name": null, "addr:housename": null, "addr:postcode": null, "addr:street": null, "alt_name": null, "source": null, "building": null, "addr:housenumber": null, "wikidata": null, "wikipedia": null, "level": null, "branch": null, "check_date": null, "addr:city": null, "wikimedia_commons": null, "brand:en": null, "brand:hi": null, "brand:kn": null, "brand:pa": null, "brand:pnb": null, "brand:ur": null, "brand:wikipedia:pa": null, "name:hi": null, "name:kn": null, "name:pa": null, "name:pnb": null, "name:ur": null, "addr:suburb": null, "note": null, "phone": null, "addr:unit": null, "addr:district": null, "opening_hours": null, "email": null, "fax": null, "addr:city:ur": null, "contact:fax": null, "operator:ur": null, "short_name:ur": null, "description": null, "fixme": null, "check_date:opening_hours": null, "drive_through": null, "highway": null, "traffic_signals": null, "traffic_signals:direction": null, "name:zh": null, "air_conditioning": "yes", "wheelchair": null, "contact:phone": null, "not:brand:wikidata": null, "opening_hours:covid19": null, "name:mr": null, "internet_access": null, "internet_access:fee": null, "payment:cash": null, "payment:credit_cards": null, "payment:debit_cards": null, "opening_hours:signed": null, "official_name": null, "bank": null, "contact:email": null, "opening_hours:drive_through": null, "addr:floor": null, "building:levels": null }, "geometry": { "type": "Point", "coordinates": [ 72.8535185, 19.223071 ] } },
{ "type": "Feature", "properties": { "element": "node", "id": 12871400534, "amenity": "bank", "atm": "yes", "brand": "State Bank of India", "brand:wikidata": "Q1340361", "name": "State Bank of India", "operator": "State Bank of India", "brand:wikipedia": null, "short_name": "SBI", "website": null, "name:en": null, "old_name": null, "addr:housename": null, "addr:postcode": "400092", "addr:street": "Swami Vivekanand Road", "alt_name": null, "source": null, "building": null, "addr:housenumber": "1st and 2nd Floor, Agora Plaza", "wikidata": null, "wikipedia": null, "level": null, "branch": null, "check_date": null, "addr:city": "Mumbai", "wikimedia_commons": null, "brand:en": null, "brand:hi": null, "brand:kn": null, "brand:pa": null, "brand:pnb": null, "brand:ur": null, "brand:wikipedia:pa": null, "name:hi": null, "name:kn": null, "name:pa": null, "name:pnb": null, "name:ur": null, "addr:suburb": null, "note": null, "phone": null, "addr:unit": null, "addr:district": "Mumbai Suburban", "opening_hours": null, "email": null, "fax": null, "addr:city:ur": null, "contact:fax": null, "operator:ur": null, "short_name:ur": null, "description": null, "fixme": null, "check_date:opening_hours": null, "drive_through": null, "highway": null, "traffic_signals": null, "traffic_signals:direction": null, "name:zh": null, "air_conditioning": null, "wheelchair": null, "contact:phone": null, "not:brand:wikidata": null, "opening_hours:covid19": null, "name:mr": null, "internet_access": null, "internet_access:fee": null, "payment:cash": null, "payment:credit_cards": null, "payment:debit_cards": null, "opening_hours:signed": null, "official_name": null, "bank": null, "contact:email": null, "opening_hours:drive_through": null, "addr:floor": null, "building:levels": null }, "geometry": { "type": "Point", "coordinates": [ 72.8522872, 19.2209469 ] } },
{ "type": "Feature", "properties": { "element": "node", "id": 12871400535, "amenity": "bank", "atm": null, "brand": "Oriental Bank of Commerce", "brand:wikidata": "Q367008", "name": "Oriental Bank of Commerce", "operator": null, "brand:wikipedia": null, "short_name": null, "website": null, "name:en": null, "old_name": null, "addr:housename": null, "addr:postcode": null, "addr:street": null, "alt_name": null, "source": null, "building": null, "addr:housenumber": null, "wikidata": null, "wikipedia": null, "level": null, "branch": null, "check_date": null, "addr:city": null, "wikimedia_commons": null, "brand:en": null, "brand:hi": null, "brand:kn": null, "brand:pa": null, "brand:pnb": null, "brand:ur": null, "brand:wikipedia:pa": null, "name:hi": null, "name:kn": null, "name:pa": null, "name:pnb": null, "name:ur": null, "addr:suburb": null, "note": null, "phone": null, "addr:unit": null, "addr:district": null, "opening_hours": null, "email": null, "fax": null, "addr:city:ur": null, "contact:fax": null, "operator:ur": null, "short_name:ur": null, "description": null, "fixme": null, "check_date:opening_hours": null, "drive_through": null, "highway": null, "traffic_signals": null, "traffic_signals:direction": null, "name:zh": null, "air_conditioning": null, "wheelchair": null, "contact:phone": null, "not:brand:wikidata": null, "opening_hours:covid19": null, "name:mr": null, "internet_access": null, "internet_access:fee": null, "payment:cash": null, "payment:credit_cards": null, "payment:debit_cards": null, "opening_hours:signed": null, "official_name": null, "bank": null, "contact:email": null, "opening_hours:drive_through": null, "addr:floor": null, "building:levels": null }, "geometry": { "type": "Point", "coordinates": [ 72.8513508, 19.216729 ] } },
{ "type": "Feature", "properties": { "element": "node", "id": 12871400536, "amenity": "bank", "atm": null, "brand": "Kotak Mahindra Bank", "brand:wikidata": "Q2040404", "name": "Kotak Mahindra Bank", "operator": null, "brand:wikipedia": null, "short_name": null, "website": null, "name:en": null, "old_name": null, "addr:housename": null, "addr:postcode": null, "addr:street": null, "alt_name": null, "source": null, "building": null, "addr:housenumber": null, "wikidata": null, "wikipedia": null, "level": null, "branch": null, "check_date": null, "addr:city": null, "wikimedia_commons": null, "brand:en": null, "brand:hi": null, "brand:kn": null, "brand:pa": null, "brand:pnb": null, "brand:ur": null, "brand:wikipedia:pa": null, "name:hi": null, "name:kn": null, "name:pa": null, "name:pnb": null, "name:ur": null, "addr:suburb": null, "note": null, "phone": null, "addr:unit": null, "addr:district": null, "opening_hours": null, "email": null, "fax": null, "addr:city:ur": null, "contact:fax": null, "operator:ur": null, "short_name:ur": null, "description": null, "fixme": null, "check_date:opening_hours": null, "drive_through": null, "highway": null, "traffic_signals": null, "traffic_signals:direction": null, "name:zh": null, "air_conditioning": null, "wheelchair": null, "contact:phone": null, "not:brand:wikidata": null, "opening_hours:covid19": null, "name:mr": null, "internet_access": null, "internet_access:fee": null, "payment:cash": null, "payment:credit_cards": null, "payment:debit_cards": null, "opening_hours:signed": null, "official_name": null, "bank": null, "contact:email": null, "opening_hours:drive_through": null, "addr:floor": null, "building:levels": null }, "geometry": { "type": "Point", "coordinates": [ 72.8534846, 19.222056 ] } },
{ "type": "Feature", "properties": { "element": "node", "id": 12887001654, "amenity": "bank", "atm": null, "brand": "Federal Bank", "brand:wikidata": "Q2044983", "name": "Federal Bank", "operator": null, "brand:wikipedia": null, "short_name": null, "website": null, "name:en": null, "old_name": null, "addr:housename": null, "addr:postcode": null, "addr:street": null, "alt_name": null, "source": null, "building": null, "addr:housenumber": null, "wikidata": null, "wikipedia": null, "level": null, "branch": null, "check_date": null, "addr:city": null, "wikimedia_commons": null, "brand:en": null, "brand:hi": null, "brand:kn": null, "brand:pa": null, "brand:pnb": null, "brand:ur": null, "brand:wikipedia:pa": null, "name:hi": null, "name:kn": null, "name:pa": null, "name:pnb": null, "name:ur": null, "addr:suburb": null, "note": null, "phone": null, "addr:unit": null, "addr:district": null, "opening_hours": null, "email": null, "fax": null, "addr:city:ur": null, "contact:fax": null, "operator:ur": null, "short_name:ur": null, "description": null, "fixme": null, "check_date:opening_hours": null, "drive_through": null, "highway": null, "traffic_signals": null, "traffic_signals:direction": null, "name:zh": null, "air_conditioning": null, "wheelchair": null, "contact:phone": null, "not:brand:wikidata": null, "opening_hours:covid19": null, "name:mr": null, "internet_access": null, "internet_access:fee": null, "payment:cash": null, "payment:credit_cards": null, "payment:debit_cards": null, "opening_hours:signed": null, "official_name": null, "bank": null, "contact:email": null, "opening_hours:drive_through": null, "addr:floor": null, "building:levels": null }, "geometry": { "type": "Point", "coordinates": [ 72.8525049, 19.2196473 ] } },
{ "type": "Feature", "properties": { "element": "node", "id": 12888171945, "amenity": "bank", "atm": null, "brand": "ICICI Bank", "brand:wikidata": "Q1653258", "name": "ICICI Bank", "operator": null, "brand:wikipedia": null, "short_name": "ICICI", "website": null, "name:en": null, "old_name": null, "addr:housename": null, "addr:postcode": null, "addr:street": null, "alt_name": null, "source": null, "building": null, "addr:housenumber": null, "wikidata": null, "wikipedia": null, "level": null, "branch": null, "check_date": null, "addr:city": null, "wikimedia_commons": null, "brand:en": null, "brand:hi": null, "brand:kn": null, "brand:pa": null, "brand:pnb": null, "brand:ur": null, "brand:wikipedia:pa": null, "name:hi": null, "name:kn": null, "name:pa": null, "name:pnb": null, "name:ur": null, "addr:suburb": null, "note": null, "phone": null, "addr:unit": null, "addr:district": null, "opening_hours": null, "email": null, "fax": null, "addr:city:ur": null, "contact:fax": null, "operator:ur": null, "short_name:ur": null, "description": null, "fixme": null, "check_date:opening_hours": null, "drive_through": null, "highway": null, "traffic_signals": null, "traffic_signals:direction": null, "name:zh": null, "air_conditioning": null, "wheelchair": null, "contact:phone": null, "not:brand:wikidata": null, "opening_hours:covid19": null, "name:mr": null, "internet_access": null, "internet_access:fee": null, "payment:cash": null, "payment:credit_cards": null, "payment:debit_cards": null, "opening_hours:signed": null, "official_name": null, "bank": null, "contact:email": null, "opening_hours:drive_through": null, "addr:floor": null, "building:levels": null }, "geometry": { "type": "Point", "coordinates": [ 72.9600975, 19.1718455 ] } },
{ "type": "Feature", "properties": { "element": "node", "id": 12896373078, "amenity": "bank", "atm": null, "brand": null, "brand:wikidata": null, "name": "Cosmos Bank", "operator": null, "brand:wikipedia": null, "short_name": null, "website": null, "name:en": "Cosmos Bank", "old_name": null, "addr:housename": null, "addr:postcode": null, "addr:street": null, "alt_name": null, "source": null, "building": null, "addr:housenumber": null, "wikidata": null, "wikipedia": null, "level": null, "branch": null, "check_date": null, "addr:city": null, "wikimedia_commons": null, "brand:en": null, "brand:hi": null, "brand:kn": null, "brand:pa": null, "brand:pnb": null, "brand:ur": null, "brand:wikipedia:pa": null, "name:hi": null, "name:kn": null, "name:pa": null, "name:pnb": null, "name:ur": null, "addr:suburb": null, "note": null, "phone": null, "addr:unit": null, "addr:district": null, "opening_hours": "Mo-Sa 10:00-13:00,14:00-16:30; Sa[2,4] off", "email": null, "fax": null, "addr:city:ur": null, "contact:fax": null, "operator:ur": null, "short_name:ur": null, "description": null, "fixme": null, "check_date:opening_hours": null, "drive_through": null, "highway": null, "traffic_signals": null, "traffic_signals:direction": null, "name:zh": null, "air_conditioning": null, "wheelchair": null, "contact:phone": null, "not:brand:wikidata": null, "opening_hours:covid19": null, "name:mr": null, "internet_access": null, "internet_access:fee": null, "payment:cash": null, "payment:credit_cards": null, "payment:debit_cards": null, "opening_hours:signed": null, "official_name": null, "bank": null, "contact:email": null, "opening_hours:drive_through": null, "addr:floor": null, "building:levels": null }, "geometry": { "type": "Point", "coordinates": [ 72.8341015, 19.0563728 ] } },
{ "type": "Feature", "properties": { "element": "node", "id": 12920626771, "amenity": "bank", "atm": null, "brand": "Canara Bank", "brand:wikidata": "Q2003777", "name": "Canara Bank", "operator": null, "brand:wikipedia": null, "short_name": null, "website": null, "name:en": "Canara Bank", "old_name": null, "addr:housename": null, "addr:postcode": null, "addr:street": null, "alt_name": null, "source": null, "building": null, "addr:housenumber": null, "wikidata": null, "wikipedia": null, "level": null, "branch": null, "check_date": null, "addr:city": null, "wikimedia_commons": null, "brand:en": "Canara Bank", "brand:hi": "केनरा बैंक", "brand:kn": "ಕೆನರಾ ಬ್ಯಾಂಕ್", "brand:pa": "ਕੇਨਰਾ ਬੈਂਕ", "brand:pnb": "کینرا بینک", "brand:ur": "کینرا بینک", "brand:wikipedia:pa": null, "name:hi": "केनरा बैंक", "name:kn": "ಕೆನರಾ ಬ್ಯಾಂಕ್", "name:pa": "ਕੇਨਰਾ ਬੈਂਕ", "name:pnb": "کینرا بینک", "name:ur": "کینرا بینک", "addr:suburb": null, "note": null, "phone": null, "addr:unit": null, "addr:district": null, "opening_hours": null, "email": null, "fax": null, "addr:city:ur": null, "contact:fax": null, "operator:ur": null, "short_name:ur": null, "description": null, "fixme": null, "check_date:opening_hours": null, "drive_through": null, "highway": null, "traffic_signals": null, "traffic_signals:direction": null, "name:zh": null, "air_conditioning": null, "wheelchair": null, "contact:phone": null, "not:brand:wikidata": null, "opening_hours:covid19": null, "name:mr": null, "internet_access": null, "internet_access:fee": null, "payment:cash": null, "payment:credit_cards": null, "payment:debit_cards": null, "opening_hours:signed": null, "official_name": null, "bank": null, "contact:email": null, "opening_hours:drive_through": null, "addr:floor": null, "building:levels": null }, "geometry": { "type": "Point", "coordinates": [ 72.8308501, 19.0649355 ] } },
{ "type": "Feature", "properties": { "element": "node", "id": 12921849720, "amenity": "bank", "atm": null, "brand": null, "brand:wikidata": null, "name": "Abhyudaya Bank", "operator": null, "brand:wikipedia": null, "short_name": null, "website": null, "name:en": null, "old_name": null, "addr:housename": null, "addr:postcode": null, "addr:street": null, "alt_name": null, "source": null, "building": null, "addr:housenumber": null, "wikidata": null, "wikipedia": null, "level": null, "branch": null, "check_date": null, "addr:city": null, "wikimedia_commons": null, "brand:en": null, "brand:hi": null, "brand:kn": null, "brand:pa": null, "brand:pnb": null, "brand:ur": null, "brand:wikipedia:pa": null, "name:hi": null, "name:kn": null, "name:pa": null, "name:pnb": null, "name:ur": null, "addr:suburb": null, "note": null, "phone": null, "addr:unit": null, "addr:district": null, "opening_hours": null, "email": null, "fax": null, "addr:city:ur": null, "contact:fax": null, "operator:ur": null, "short_name:ur": null, "description": null, "fixme": null, "check_date:opening_hours": null, "drive_through": null, "highway": null, "traffic_signals": null, "traffic_signals:direction": null, "name:zh": null, "air_conditioning": null, "wheelchair": null, "contact:phone": null, "not:brand:wikidata": null, "opening_hours:covid19": null, "name:mr": null, "internet_access": null, "internet_access:fee": null, "payment:cash": null, "payment:credit_cards": null, "payment:debit_cards": null, "opening_hours:signed": null, "official_name": null, "bank": null, "contact:email": null, "opening_hours:drive_through": null, "addr:floor": null, "building:levels": null }, "geometry": { "type": "Point", "coordinates": [ 72.8446508, 19.0587115 ] } },
{ "type": "Feature", "properties": { "element": "node", "id": 12921861852, "amenity": "bank", "atm": null, "brand": "Central Bank of India", "brand:wikidata": "Q2007090", "name": "Central Bank of India", "operator": null, "brand:wikipedia": null, "short_name": null, "website": null, "name:en": null, "old_name": null, "addr:housename": null, "addr:postcode": null, "addr:street": null, "alt_name": null, "source": null, "building": null, "addr:housenumber": null, "wikidata": null, "wikipedia": null, "level": null, "branch": null, "check_date": null, "addr:city": null, "wikimedia_commons": null, "brand:en": null, "brand:hi": null, "brand:kn": null, "brand:pa": null, "brand:pnb": null, "brand:ur": null, "brand:wikipedia:pa": null, "name:hi": null, "name:kn": null, "name:pa": null, "name:pnb": null, "name:ur": null, "addr:suburb": null, "note": null, "phone": null, "addr:unit": null, "addr:district": null, "opening_hours": null, "email": null, "fax": null, "addr:city:ur": null, "contact:fax": null, "operator:ur": null, "short_name:ur": null, "description": null, "fixme": null, "check_date:opening_hours": null, "drive_through": null, "highway": null, "traffic_signals": null, "traffic_signals:direction": null, "name:zh": null, "air_conditioning": null, "wheelchair": null, "contact:phone": null, "not:brand:wikidata": null, "opening_hours:covid19": null, "name:mr": null, "internet_access": null, "internet_access:fee": null, "payment:cash": null, "payment:credit_cards": null, "payment:debit_cards": null, "opening_hours:signed": null, "official_name": null, "bank": null, "contact:email": null, "opening_hours:drive_through": null, "addr:floor": null, "building:levels": null }, "geometry": { "type": "Point", "coordinates": [ 72.8440925, 19.0587012 ] } },
{ "type": "Feature", "properties": { "element": "node", "id": 12926034674, "amenity": "bank", "atm": null, "brand": "Punjab National Bank", "brand:wikidata": "Q2743499", "name": "Punjab National Bank", "operator": null, "brand:wikipedia": null, "short_name": null, "website": null, "name:en": null, "old_name": null, "addr:housename": null, "addr:postcode": null, "addr:street": null, "alt_name": null, "source": null, "building": null, "addr:housenumber": null, "wikidata": null, "wikipedia": null, "level": null, "branch": null, "check_date": null, "addr:city": null, "wikimedia_commons": null, "brand:en": null, "brand:hi": null, "brand:kn": null, "brand:pa": null, "brand:pnb": null, "brand:ur": null, "brand:wikipedia:pa": null, "name:hi": null, "name:kn": null, "name:pa": null, "name:pnb": null, "name:ur": null, "addr:suburb": null, "note": null, "phone": null, "addr:unit": null, "addr:district": null, "opening_hours": null, "email": null, "fax": null, "addr:city:ur": null, "contact:fax": null, "operator:ur": null, "short_name:ur": null, "description": null, "fixme": null, "check_date:opening_hours": null, "drive_through": null, "highway": null, "traffic_signals": null, "traffic_signals:direction": null, "name:zh": null, "air_conditioning": null, "wheelchair": null, "contact:phone": null, "not:brand:wikidata": null, "opening_hours:covid19": null, "name:mr": null, "internet_access": null, "internet_access:fee": null, "payment:cash": null, "payment:credit_cards": null, "payment:debit_cards": null, "opening_hours:signed": null, "official_name": null, "bank": null, "contact:email": null, "opening_hours:drive_through": null, "addr:floor": null, "building:levels": null }, "geometry": { "type": "Point", "coordinates": [ 72.8352661, 19.0615623 ] } },
{ "type": "Feature", "properties": { "element": "node", "id": 12926034676, "amenity": "bank", "atm": null, "brand": "Axis Bank", "brand:wikidata": "Q2003549", "name": "Axis Bank", "operator": null, "brand:wikipedia": null, "short_name": null, "website": null, "name:en": null, "old_name": null, "addr:housename": null, "addr:postcode": null, "addr:street": null, "alt_name": null, "source": null, "building": null, "addr:housenumber": null, "wikidata": null, "wikipedia": null, "level": null, "branch": null, "check_date": null, "addr:city": null, "wikimedia_commons": null, "brand:en": null, "brand:hi": null, "brand:kn": null, "brand:pa": null, "brand:pnb": null, "brand:ur": null, "brand:wikipedia:pa": null, "name:hi": null, "name:kn": null, "name:pa": null, "name:pnb": null, "name:ur": null, "addr:suburb": null, "note": null, "phone": null, "addr:unit": null, "addr:district": null, "opening_hours": null, "email": null, "fax": null, "addr:city:ur": null, "contact:fax": null, "operator:ur": null, "short_name:ur": null, "description": null, "fixme": null, "check_date:opening_hours": null, "drive_through": null, "highway": null, "traffic_signals": null, "traffic_signals:direction": null, "name:zh": null, "air_conditioning": null, "wheelchair": null, "contact:phone": null, "not:brand:wikidata": null, "opening_hours:covid19": null, "name:mr": null, "internet_access": null, "internet_access:fee": null, "payment:cash": null, "payment:credit_cards": null, "payment:debit_cards": null, "opening_hours:signed": null, "official_name": null, "bank": null, "contact:email": null, "opening_hours:drive_through": null, "addr:floor": null, "building:levels": null }, "geometry": { "type": "Point", "coordinates": [ 72.8352742, 19.0611581 ] } },
{ "type": "Feature", "properties": { "element": "node", "id": 12926034699, "amenity": "bank", "atm": null, "brand": "South Indian Bank", "brand:wikidata": "Q2044973", "name": "South Indian Bank", "operator": null, "brand:wikipedia": null, "short_name": null, "website": null, "name:en": null, "old_name": null, "addr:housename": null, "addr:postcode": null, "addr:street": null, "alt_name": null, "source": null, "building": null, "addr:housenumber": null, "wikidata": null, "wikipedia": null, "level": null, "branch": null, "check_date": null, "addr:city": null, "wikimedia_commons": null, "brand:en": null, "brand:hi": null, "brand:kn": null, "brand:pa": null, "brand:pnb": null, "brand:ur": null, "brand:wikipedia:pa": null, "name:hi": null, "name:kn": null, "name:pa": null, "name:pnb": null, "name:ur": null, "addr:suburb": null, "note": null, "phone": null, "addr:unit": null, "addr:district": null, "opening_hours": null, "email": null, "fax": null, "addr:city:ur": null, "contact:fax": null, "operator:ur": null, "short_name:ur": null, "description": null, "fixme": null, "check_date:opening_hours": null, "drive_through": null, "highway": null, "traffic_signals": null, "traffic_signals:direction": null, "name:zh": null, "air_conditioning": null, "wheelchair": null, "contact:phone": null, "not:brand:wikidata": null, "opening_hours:covid19": null, "name:mr": null, "internet_access": null, "internet_access:fee": null, "payment:cash": null, "payment:credit_cards": null, "payment:debit_cards": null, "opening_hours:signed": null, "official_name": null, "bank": null, "contact:email": null, "opening_hours:drive_through": null, "addr:floor": null, "building:levels": null }, "geometry": { "type": "Point", "coordinates": [ 72.8351857, 19.0603737 ] } },
{ "type": "Feature", "properties": { "element": "node", "id": 12936465971, "amenity": "bank", "atm": "separate", "brand": "Canara Bank", "brand:wikidata": "Q2003777", "name": "Canara Bank", "operator": null, "brand:wikipedia": null, "short_name": null, "website": null, "name:en": "Canara Bank", "old_name": null, "addr:housename": null, "addr:postcode": null, "addr:street": null, "alt_name": null, "source": null, "building": null, "addr:housenumber": null, "wikidata": null, "wikipedia": null, "level": "0", "branch": null, "check_date": null, "addr:city": null, "wikimedia_commons": null, "brand:en": "Canara Bank", "brand:hi": "केनरा बैंक", "brand:kn": "ಕೆನರಾ ಬ್ಯಾಂಕ್", "brand:pa": "ਕੇਨਰਾ ਬੈਂਕ", "brand:pnb": "کینرا بینک", "brand:ur": "کینرا بینک", "brand:wikipedia:pa": null, "name:hi": "केनरा बैंक", "name:kn": "ಕೆನರಾ ಬ್ಯಾಂಕ್", "name:pa": "ਕੇਨਰਾ ਬੈਂਕ", "name:pnb": "کینرا بینک", "name:ur": "کینرا بینک", "addr:suburb": null, "note": null, "phone": null, "addr:unit": null, "addr:district": null, "opening_hours": null, "email": null, "fax": null, "addr:city:ur": null, "contact:fax": null, "operator:ur": null, "short_name:ur": null, "description": null, "fixme": null, "check_date:opening_hours": null, "drive_through": null, "highway": null, "traffic_signals": null, "traffic_signals:direction": null, "name:zh": null, "air_conditioning": null, "wheelchair": "limited", "contact:phone": null, "not:brand:wikidata": null, "opening_hours:covid19": null, "name:mr": null, "internet_access": null, "internet_access:fee": null, "payment:cash": null, "payment:credit_cards": null, "payment:debit_cards": null, "opening_hours:signed": null, "official_name": null, "bank": null, "contact:email": null, "opening_hours:drive_through": null, "addr:floor": null, "building:levels": null }, "geometry": { "type": "Point", "coordinates": [ 72.8381869, 19.083449 ] } },
{ "type": "Feature", "properties": { "element": "node", "id": 12944612681, "amenity": "bank", "atm": null, "brand": null, "brand:wikidata": null, "name": "Saraswat Co-operative Bank Limited", "operator": null, "brand:wikipedia": null, "short_name": null, "website": null, "name:en": null, "old_name": null, "addr:housename": null, "addr:postcode": null, "addr:street": null, "alt_name": null, "source": null, "building": null, "addr:housenumber": null, "wikidata": null, "wikipedia": null, "level": null, "branch": null, "check_date": null, "addr:city": null, "wikimedia_commons": null, "brand:en": null, "brand:hi": null, "brand:kn": null, "brand:pa": null, "brand:pnb": null, "brand:ur": null, "brand:wikipedia:pa": null, "name:hi": null, "name:kn": null, "name:pa": null, "name:pnb": null, "name:ur": null, "addr:suburb": null, "note": null, "phone": null, "addr:unit": null, "addr:district": null, "opening_hours": null, "email": null, "fax": null, "addr:city:ur": null, "contact:fax": null, "operator:ur": null, "short_name:ur": null, "description": null, "fixme": null, "check_date:opening_hours": null, "drive_through": null, "highway": null, "traffic_signals": null, "traffic_signals:direction": null, "name:zh": null, "air_conditioning": null, "wheelchair": null, "contact:phone": null, "not:brand:wikidata": null, "opening_hours:covid19": null, "name:mr": null, "internet_access": null, "internet_access:fee": null, "payment:cash": null, "payment:credit_cards": null, "payment:debit_cards": null, "opening_hours:signed": null, "official_name": null, "bank": null, "contact:email": null, "opening_hours:drive_through": null, "addr:floor": null, "building:levels": null }, "geometry": { "type": "Point", "coordinates": [ 72.9002225, 19.0520398 ] } },
{ "type": "Feature", "properties": { "element": "node", "id": 12944717847, "amenity": "bank", "atm": null, "brand": "Punjab National Bank", "brand:wikidata": null, "name": "Punjab National Bank", "operator": null, "brand:wikipedia": null, "short_name": null, "website": null, "name:en": null, "old_name": null, "addr:housename": null, "addr:postcode": null, "addr:street": null, "alt_name": null, "source": null, "building": null, "addr:housenumber": null, "wikidata": null, "wikipedia": null, "level": "0", "branch": "Diamond Garden Branch", "check_date": null, "addr:city": null, "wikimedia_commons": null, "brand:en": null, "brand:hi": null, "brand:kn": null, "brand:pa": null, "brand:pnb": null, "brand:ur": null, "brand:wikipedia:pa": null, "name:hi": null, "name:kn": null, "name:pa": null, "name:pnb": null, "name:ur": null, "addr:suburb": null, "note": null, "phone": null, "addr:unit": null, "addr:district": null, "opening_hours": null, "email": null, "fax": null, "addr:city:ur": null, "contact:fax": null, "operator:ur": null, "short_name:ur": null, "description": null, "fixme": null, "check_date:opening_hours": null, "drive_through": null, "highway": null, "traffic_signals": null, "traffic_signals:direction": null, "name:zh": null, "air_conditioning": null, "wheelchair": "limited", "contact:phone": null, "not:brand:wikidata": null, "opening_hours:covid19": null, "name:mr": null, "internet_access": null, "internet_access:fee": null, "payment:cash": null, "payment:credit_cards": null, "payment:debit_cards": null, "opening_hours:signed": null, "official_name": null, "bank": null, "contact:email": null, "opening_hours:drive_through": null, "addr:floor": null, "building:levels": null }, "geometry": { "type": "Point", "coordinates": [ 72.9002745, 19.054298 ] } },
{ "type": "Feature", "properties": { "element": "node", "id": 12961126624, "amenity": "bank", "atm": "yes", "brand": "Indian Overseas Bank", "brand:wikidata": "Q2003611", "name": "Indian Overseas Bank", "operator": null, "brand:wikipedia": null, "short_name": null, "website": null, "name:en": null, "old_name": null, "addr:housename": null, "addr:postcode": null, "addr:street": null, "alt_name": null, "source": null, "building": null, "addr:housenumber": null, "wikidata": null, "wikipedia": null, "level": null, "branch": null, "check_date": null, "addr:city": null, "wikimedia_commons": null, "brand:en": null, "brand:hi": null, "brand:kn": null, "brand:pa": null, "brand:pnb": null, "brand:ur": null, "brand:wikipedia:pa": null, "name:hi": null, "name:kn": null, "name:pa": null, "name:pnb": null, "name:ur": null, "addr:suburb": null, "note": null, "phone": null, "addr:unit": null, "addr:district": null, "opening_hours": null, "email": null, "fax": null, "addr:city:ur": null, "contact:fax": null, "operator:ur": null, "short_name:ur": null, "description": null, "fixme": null, "check_date:opening_hours": null, "drive_through": null, "highway": null, "traffic_signals": null, "traffic_signals:direction": null, "name:zh": null, "air_conditioning": null, "wheelchair": null, "contact:phone": null, "not:brand:wikidata": null, "opening_hours:covid19": null, "name:mr": null, "internet_access": null, "internet_access:fee": null, "payment:cash": null, "payment:credit_cards": null, "payment:debit_cards": null, "opening_hours:signed": null, "official_name": null, "bank": "yes", "contact:email": null, "opening_hours:drive_through": null, "addr:floor": null, "building:levels": null }, "geometry": { "type": "Point", "coordinates": [ 72.8364037, 19.0622446 ] } },
{ "type": "Feature", "properties": { "element": "node", "id": 13006129919, "amenity": "bank", "atm": "yes", "brand": "Canara Bank", "brand:wikidata": "Q2003777", "name": "Canara Bank", "operator": null, "brand:wikipedia": null, "short_name": null, "website": null, "name:en": "Canara Bank", "old_name": null, "addr:housename": null, "addr:postcode": "400008", "addr:street": "Sir Jamshetji Jeejeebhoy Road", "alt_name": null, "source": null, "building": null, "addr:housenumber": null, "wikidata": null, "wikipedia": null, "level": null, "branch": null, "check_date": null, "addr:city": "Mumbai", "wikimedia_commons": null, "brand:en": "Canara Bank", "brand:hi": "केनरा बैंक", "brand:kn": "ಕೆನರಾ ಬ್ಯಾಂಕ್", "brand:pa": "ਕੇਨਰਾ ਬੈਂਕ", "brand:pnb": "کینرا بینک", "brand:ur": "کینرا بینک", "brand:wikipedia:pa": null, "name:hi": "केनरा बैंक", "name:kn": "ಕೆನರಾ ಬ್ಯಾಂಕ್", "name:pa": "ਕੇਨਰਾ ਬੈਂਕ", "name:pnb": "کینرا بینک", "name:ur": "کینرا بینک", "addr:suburb": null, "note": null, "phone": null, "addr:unit": null, "addr:district": null, "opening_hours": null, "email": null, "fax": null, "addr:city:ur": null, "contact:fax": null, "operator:ur": null, "short_name:ur": null, "description": null, "fixme": null, "check_date:opening_hours": null, "drive_through": null, "highway": null, "traffic_signals": null, "traffic_signals:direction": null, "name:zh": null, "air_conditioning": null, "wheelchair": null, "contact:phone": null, "not:brand:wikidata": null, "opening_hours:covid19": null, "name:mr": null, "internet_access": null, "internet_access:fee": null, "payment:cash": null, "payment:credit_cards": null, "payment:debit_cards": null, "opening_hours:signed": null, "official_name": null, "bank": null, "contact:email": null, "opening_hours:drive_through": null, "addr:floor": null, "building:levels": null }, "geometry": { "type": "Point", "coordinates": [ 72.8328979, 18.9669717 ] } },
{ "type": "Feature", "properties": { "element": "node", "id": 13022353432, "amenity": "bank", "atm": null, "brand": "State Bank of India", "brand:wikidata": "Q1340361", "name": "State Bank of India", "operator": null, "brand:wikipedia": null, "short_name": "SBI", "website": null, "name:en": null, "old_name": null, "addr:housename": null, "addr:postcode": null, "addr:street": null, "alt_name": null, "source": null, "building": null, "addr:housenumber": null, "wikidata": null, "wikipedia": null, "level": null, "branch": null, "check_date": "2026-03-20", "addr:city": null, "wikimedia_commons": null, "brand:en": null, "brand:hi": null, "brand:kn": null, "brand:pa": null, "brand:pnb": null, "brand:ur": null, "brand:wikipedia:pa": null, "name:hi": null, "name:kn": null, "name:pa": null, "name:pnb": null, "name:ur": null, "addr:suburb": null, "note": null, "phone": null, "addr:unit": null, "addr:district": null, "opening_hours": null, "email": null, "fax": null, "addr:city:ur": null, "contact:fax": null, "operator:ur": null, "short_name:ur": null, "description": null, "fixme": null, "check_date:opening_hours": null, "drive_through": null, "highway": null, "traffic_signals": null, "traffic_signals:direction": null, "name:zh": null, "air_conditioning": null, "wheelchair": null, "contact:phone": null, "not:brand:wikidata": null, "opening_hours:covid19": null, "name:mr": null, "internet_access": null, "internet_access:fee": null, "payment:cash": null, "payment:credit_cards": null, "payment:debit_cards": null, "opening_hours:signed": null, "official_name": null, "bank": null, "contact:email": null, "opening_hours:drive_through": null, "addr:floor": null, "building:levels": null }, "geometry": { "type": "Point", "coordinates": [ 72.8540532, 19.0323053 ] } },
{ "type": "Feature", "properties": { "element": "node", "id": 13049436802, "amenity": "bank", "atm": null, "brand": null, "brand:wikidata": null, "name": null, "operator": null, "brand:wikipedia": null, "short_name": null, "website": null, "name:en": null, "old_name": null, "addr:housename": null, "addr:postcode": null, "addr:street": "90 Feet Road", "alt_name": null, "source": null, "building": null, "addr:housenumber": null, "wikidata": null, "wikipedia": null, "level": null, "branch": null, "check_date": null, "addr:city": null, "wikimedia_commons": null, "brand:en": null, "brand:hi": null, "brand:kn": null, "brand:pa": null, "brand:pnb": null, "brand:ur": null, "brand:wikipedia:pa": null, "name:hi": null, "name:kn": null, "name:pa": null, "name:pnb": null, "name:ur": null, "addr:suburb": null, "note": null, "phone": null, "addr:unit": null, "addr:district": null, "opening_hours": null, "email": null, "fax": null, "addr:city:ur": null, "contact:fax": null, "operator:ur": null, "short_name:ur": null, "description": null, "fixme": null, "check_date:opening_hours": null, "drive_through": null, "highway": null, "traffic_signals": null, "traffic_signals:direction": null, "name:zh": null, "air_conditioning": null, "wheelchair": null, "contact:phone": null, "not:brand:wikidata": null, "opening_hours:covid19": null, "name:mr": null, "internet_access": null, "internet_access:fee": null, "payment:cash": null, "payment:credit_cards": null, "payment:debit_cards": null, "opening_hours:signed": null, "official_name": null, "bank": null, "contact:email": null, "opening_hours:drive_through": null, "addr:floor": null, "building:levels": null }, "geometry": { "type": "Point", "coordinates": [ 72.913582, 19.0829579 ] } },
{ "type": "Feature", "properties": { "element": "node", "id": 13058306157, "amenity": "bank", "atm": null, "brand": "Bandhan Bank", "brand:wikidata": "Q19882235", "name": "Bandhan Bank", "operator": null, "brand:wikipedia": null, "short_name": null, "website": null, "name:en": null, "old_name": null, "addr:housename": null, "addr:postcode": null, "addr:street": null, "alt_name": null, "source": null, "building": null, "addr:housenumber": null, "wikidata": null, "wikipedia": null, "level": null, "branch": null, "check_date": null, "addr:city": null, "wikimedia_commons": null, "brand:en": null, "brand:hi": null, "brand:kn": null, "brand:pa": null, "brand:pnb": null, "brand:ur": null, "brand:wikipedia:pa": null, "name:hi": null, "name:kn": null, "name:pa": null, "name:pnb": null, "name:ur": null, "addr:suburb": null, "note": null, "phone": null, "addr:unit": null, "addr:district": null, "opening_hours": null, "email": null, "fax": null, "addr:city:ur": null, "contact:fax": null, "operator:ur": null, "short_name:ur": null, "description": null, "fixme": null, "check_date:opening_hours": null, "drive_through": null, "highway": null, "traffic_signals": null, "traffic_signals:direction": null, "name:zh": null, "air_conditioning": null, "wheelchair": null, "contact:phone": null, "not:brand:wikidata": null, "opening_hours:covid19": null, "name:mr": null, "internet_access": null, "internet_access:fee": null, "payment:cash": null, "payment:credit_cards": null, "payment:debit_cards": null, "opening_hours:signed": null, "official_name": null, "bank": null, "contact:email": null, "opening_hours:drive_through": null, "addr:floor": null, "building:levels": null }, "geometry": { "type": "Point", "coordinates": [ 72.8344773, 19.0592168 ] } },
{ "type": "Feature", "properties": { "element": "node", "id": 13064902215, "amenity": "bank", "atm": null, "brand": "State Bank of India", "brand:wikidata": "Q1340361", "name": "State Bank of India", "operator": null, "brand:wikipedia": null, "short_name": "SBI", "website": null, "name:en": null, "old_name": null, "addr:housename": null, "addr:postcode": null, "addr:street": null, "alt_name": null, "source": null, "building": null, "addr:housenumber": null, "wikidata": null, "wikipedia": null, "level": null, "branch": null, "check_date": null, "addr:city": null, "wikimedia_commons": null, "brand:en": null, "brand:hi": null, "brand:kn": null, "brand:pa": null, "brand:pnb": null, "brand:ur": null, "brand:wikipedia:pa": null, "name:hi": null, "name:kn": null, "name:pa": null, "name:pnb": null, "name:ur": null, "addr:suburb": null, "note": null, "phone": null, "addr:unit": null, "addr:district": null, "opening_hours": null, "email": null, "fax": null, "addr:city:ur": null, "contact:fax": null, "operator:ur": null, "short_name:ur": null, "description": null, "fixme": null, "check_date:opening_hours": null, "drive_through": null, "highway": null, "traffic_signals": null, "traffic_signals:direction": null, "name:zh": null, "air_conditioning": null, "wheelchair": null, "contact:phone": null, "not:brand:wikidata": null, "opening_hours:covid19": null, "name:mr": null, "internet_access": null, "internet_access:fee": null, "payment:cash": null, "payment:credit_cards": null, "payment:debit_cards": null, "opening_hours:signed": null, "official_name": null, "bank": null, "contact:email": null, "opening_hours:drive_through": null, "addr:floor": null, "building:levels": null }, "geometry": { "type": "Point", "coordinates": [ 72.8278848, 19.054936 ] } },
{ "type": "Feature", "properties": { "element": "node", "id": 13082483660, "amenity": "bank", "atm": null, "brand": "Indian Bank", "brand:wikidata": "Q2003789", "name": "Indian Bank", "operator": null, "brand:wikipedia": null, "short_name": null, "website": null, "name:en": null, "old_name": null, "addr:housename": null, "addr:postcode": null, "addr:street": null, "alt_name": null, "source": null, "building": null, "addr:housenumber": null, "wikidata": null, "wikipedia": null, "level": null, "branch": null, "check_date": null, "addr:city": null, "wikimedia_commons": null, "brand:en": null, "brand:hi": null, "brand:kn": null, "brand:pa": null, "brand:pnb": null, "brand:ur": null, "brand:wikipedia:pa": null, "name:hi": null, "name:kn": null, "name:pa": null, "name:pnb": null, "name:ur": null, "addr:suburb": null, "note": null, "phone": null, "addr:unit": null, "addr:district": null, "opening_hours": null, "email": null, "fax": null, "addr:city:ur": null, "contact:fax": null, "operator:ur": null, "short_name:ur": null, "description": null, "fixme": null, "check_date:opening_hours": null, "drive_through": null, "highway": null, "traffic_signals": null, "traffic_signals:direction": null, "name:zh": null, "air_conditioning": null, "wheelchair": null, "contact:phone": null, "not:brand:wikidata": null, "opening_hours:covid19": null, "name:mr": null, "internet_access": null, "internet_access:fee": null, "payment:cash": null, "payment:credit_cards": null, "payment:debit_cards": null, "opening_hours:signed": null, "official_name": null, "bank": null, "contact:email": null, "opening_hours:drive_through": null, "addr:floor": null, "building:levels": null }, "geometry": { "type": "Point", "coordinates": [ 72.8297957, 19.1106859 ] } },
{ "type": "Feature", "properties": { "element": "node", "id": 13097872578, "amenity": "bank", "atm": null, "brand": "Union Bank of India", "brand:wikidata": "Q2004078", "name": "Union Bank of India", "operator": null, "brand:wikipedia": null, "short_name": null, "website": null, "name:en": null, "old_name": null, "addr:housename": null, "addr:postcode": null, "addr:street": null, "alt_name": null, "source": null, "building": null, "addr:housenumber": null, "wikidata": null, "wikipedia": null, "level": null, "branch": null, "check_date": null, "addr:city": null, "wikimedia_commons": null, "brand:en": null, "brand:hi": null, "brand:kn": null, "brand:pa": null, "brand:pnb": null, "brand:ur": null, "brand:wikipedia:pa": null, "name:hi": null, "name:kn": null, "name:pa": null, "name:pnb": null, "name:ur": null, "addr:suburb": null, "note": null, "phone": null, "addr:unit": null, "addr:district": null, "opening_hours": null, "email": null, "fax": null, "addr:city:ur": null, "contact:fax": null, "operator:ur": null, "short_name:ur": null, "description": null, "fixme": null, "check_date:opening_hours": null, "drive_through": "no", "highway": null, "traffic_signals": null, "traffic_signals:direction": null, "name:zh": null, "air_conditioning": null, "wheelchair": null, "contact:phone": null, "not:brand:wikidata": null, "opening_hours:covid19": null, "name:mr": null, "internet_access": null, "internet_access:fee": null, "payment:cash": null, "payment:credit_cards": null, "payment:debit_cards": null, "opening_hours:signed": null, "official_name": null, "bank": null, "contact:email": null, "opening_hours:drive_through": null, "addr:floor": null, "building:levels": null }, "geometry": { "type": "Point", "coordinates": [ 72.8380516, 19.0679626 ] } },
{ "type": "Feature", "properties": { "element": "node", "id": 13112584779, "amenity": "bank", "atm": null, "brand": "IDFC First Bank", "brand:wikidata": "Q22031467", "name": "IDFC First Bank", "operator": null, "brand:wikipedia": null, "short_name": null, "website": null, "name:en": null, "old_name": null, "addr:housename": null, "addr:postcode": null, "addr:street": null, "alt_name": null, "source": null, "building": null, "addr:housenumber": null, "wikidata": null, "wikipedia": null, "level": null, "branch": null, "check_date": null, "addr:city": null, "wikimedia_commons": null, "brand:en": null, "brand:hi": null, "brand:kn": null, "brand:pa": null, "brand:pnb": null, "brand:ur": null, "brand:wikipedia:pa": null, "name:hi": null, "name:kn": null, "name:pa": null, "name:pnb": null, "name:ur": null, "addr:suburb": null, "note": null, "phone": null, "addr:unit": null, "addr:district": null, "opening_hours": null, "email": null, "fax": null, "addr:city:ur": null, "contact:fax": null, "operator:ur": null, "short_name:ur": null, "description": null, "fixme": null, "check_date:opening_hours": null, "drive_through": null, "highway": null, "traffic_signals": null, "traffic_signals:direction": null, "name:zh": null, "air_conditioning": null, "wheelchair": null, "contact:phone": null, "not:brand:wikidata": null, "opening_hours:covid19": null, "name:mr": null, "internet_access": null, "internet_access:fee": null, "payment:cash": null, "payment:credit_cards": null, "payment:debit_cards": null, "opening_hours:signed": null, "official_name": null, "bank": null, "contact:email": null, "opening_hours:drive_through": null, "addr:floor": null, "building:levels": null }, "geometry": { "type": "Point", "coordinates": [ 72.8282103, 19.0656701 ] } },
{ "type": "Feature", "properties": { "element": "node", "id": 13112584781, "amenity": "bank", "atm": null, "brand": "HDFC Bank", "brand:wikidata": "Q631047", "name": "HDFC Bank", "operator": null, "brand:wikipedia": null, "short_name": "HDFC", "website": null, "name:en": null, "old_name": null, "addr:housename": null, "addr:postcode": null, "addr:street": null, "alt_name": null, "source": null, "building": null, "addr:housenumber": null, "wikidata": null, "wikipedia": null, "level": null, "branch": null, "check_date": null, "addr:city": null, "wikimedia_commons": null, "brand:en": null, "brand:hi": null, "brand:kn": null, "brand:pa": null, "brand:pnb": null, "brand:ur": null, "brand:wikipedia:pa": null, "name:hi": null, "name:kn": null, "name:pa": null, "name:pnb": null, "name:ur": null, "addr:suburb": null, "note": null, "phone": null, "addr:unit": null, "addr:district": null, "opening_hours": null, "email": null, "fax": null, "addr:city:ur": null, "contact:fax": null, "operator:ur": null, "short_name:ur": null, "description": null, "fixme": null, "check_date:opening_hours": null, "drive_through": null, "highway": null, "traffic_signals": null, "traffic_signals:direction": null, "name:zh": null, "air_conditioning": null, "wheelchair": null, "contact:phone": null, "not:brand:wikidata": null, "opening_hours:covid19": null, "name:mr": null, "internet_access": null, "internet_access:fee": null, "payment:cash": null, "payment:credit_cards": null, "payment:debit_cards": null, "opening_hours:signed": null, "official_name": null, "bank": null, "contact:email": null, "opening_hours:drive_through": null, "addr:floor": null, "building:levels": null }, "geometry": { "type": "Point", "coordinates": [ 72.8282397, 19.065754 ] } },
{ "type": "Feature", "properties": { "element": "node", "id": 13112602729, "amenity": "bank", "atm": null, "brand": "ICICI Bank", "brand:wikidata": "Q1653258", "name": "ICICI Bank", "operator": null, "brand:wikipedia": null, "short_name": "ICICI", "website": null, "name:en": null, "old_name": null, "addr:housename": null, "addr:postcode": null, "addr:street": null, "alt_name": null, "source": null, "building": null, "addr:housenumber": null, "wikidata": null, "wikipedia": null, "level": null, "branch": null, "check_date": null, "addr:city": null, "wikimedia_commons": null, "brand:en": null, "brand:hi": null, "brand:kn": null, "brand:pa": null, "brand:pnb": null, "brand:ur": null, "brand:wikipedia:pa": null, "name:hi": null, "name:kn": null, "name:pa": null, "name:pnb": null, "name:ur": null, "addr:suburb": null, "note": null, "phone": null, "addr:unit": null, "addr:district": null, "opening_hours": null, "email": null, "fax": null, "addr:city:ur": null, "contact:fax": null, "operator:ur": null, "short_name:ur": null, "description": null, "fixme": null, "check_date:opening_hours": null, "drive_through": "no", "highway": null, "traffic_signals": null, "traffic_signals:direction": null, "name:zh": null, "air_conditioning": null, "wheelchair": null, "contact:phone": null, "not:brand:wikidata": null, "opening_hours:covid19": null, "name:mr": null, "internet_access": null, "internet_access:fee": null, "payment:cash": null, "payment:credit_cards": null, "payment:debit_cards": null, "opening_hours:signed": null, "official_name": null, "bank": null, "contact:email": null, "opening_hours:drive_through": null, "addr:floor": null, "building:levels": null }, "geometry": { "type": "Point", "coordinates": [ 72.828502, 19.0691214 ] } },
{ "type": "Feature", "properties": { "element": "node", "id": 13231510820, "amenity": "bank", "atm": null, "brand": "Bank of India", "brand:wikidata": "Q2004439", "name": "Bank of India", "operator": null, "brand:wikipedia": null, "short_name": null, "website": null, "name:en": null, "old_name": null, "addr:housename": null, "addr:postcode": "400054", "addr:street": "Juhu Tara Road", "alt_name": null, "source": null, "building": null, "addr:housenumber": null, "wikidata": null, "wikipedia": null, "level": "0", "branch": "Santacruz", "check_date": null, "addr:city": "Mumbai", "wikimedia_commons": null, "brand:en": null, "brand:hi": null, "brand:kn": null, "brand:pa": null, "brand:pnb": null, "brand:ur": null, "brand:wikipedia:pa": null, "name:hi": null, "name:kn": null, "name:pa": null, "name:pnb": null, "name:ur": null, "addr:suburb": null, "note": null, "phone": null, "addr:unit": null, "addr:district": "Mumbai Suburban", "opening_hours": null, "email": null, "fax": null, "addr:city:ur": null, "contact:fax": null, "operator:ur": null, "short_name:ur": null, "description": null, "fixme": null, "check_date:opening_hours": null, "drive_through": null, "highway": null, "traffic_signals": null, "traffic_signals:direction": null, "name:zh": null, "air_conditioning": null, "wheelchair": null, "contact:phone": "+91 8097060040", "not:brand:wikidata": null, "opening_hours:covid19": null, "name:mr": null, "internet_access": null, "internet_access:fee": null, "payment:cash": null, "payment:credit_cards": null, "payment:debit_cards": null, "opening_hours:signed": null, "official_name": null, "bank": null, "contact:email": "santacruz.mumbainorth@bankofindia.bank.in", "opening_hours:drive_through": null, "addr:floor": null, "building:levels": null }, "geometry": { "type": "Point", "coordinates": [ 72.8355683, 19.0845023 ] } },
{ "type": "Feature", "properties": { "element": "node", "id": 13238143855, "amenity": "bank", "atm": "yes", "brand": "RBL Bank", "brand:wikidata": "Q13120398", "name": "RBL Bank", "operator": null, "brand:wikipedia": null, "short_name": null, "website": null, "name:en": null, "old_name": null, "addr:housename": null, "addr:postcode": null, "addr:street": null, "alt_name": null, "source": null, "building": null, "addr:housenumber": null, "wikidata": null, "wikipedia": null, "level": null, "branch": null, "check_date": null, "addr:city": null, "wikimedia_commons": null, "brand:en": null, "brand:hi": null, "brand:kn": null, "brand:pa": null, "brand:pnb": null, "brand:ur": null, "brand:wikipedia:pa": null, "name:hi": null, "name:kn": null, "name:pa": null, "name:pnb": null, "name:ur": null, "addr:suburb": null, "note": null, "phone": null, "addr:unit": null, "addr:district": null, "opening_hours": null, "email": null, "fax": null, "addr:city:ur": null, "contact:fax": null, "operator:ur": null, "short_name:ur": null, "description": null, "fixme": null, "check_date:opening_hours": null, "drive_through": null, "highway": null, "traffic_signals": null, "traffic_signals:direction": null, "name:zh": null, "air_conditioning": null, "wheelchair": null, "contact:phone": null, "not:brand:wikidata": null, "opening_hours:covid19": null, "name:mr": null, "internet_access": null, "internet_access:fee": null, "payment:cash": null, "payment:credit_cards": null, "payment:debit_cards": null, "opening_hours:signed": null, "official_name": null, "bank": null, "contact:email": null, "opening_hours:drive_through": null, "addr:floor": null, "building:levels": null }, "geometry": { "type": "Point", "coordinates": [ 72.8337648, 19.0685356 ] } },
{ "type": "Feature", "properties": { "element": "node", "id": 13238145682, "amenity": "bank", "atm": null, "brand": "Yes Bank", "brand:wikidata": "Q2040394", "name": "Yes Bank", "operator": null, "brand:wikipedia": null, "short_name": null, "website": null, "name:en": null, "old_name": null, "addr:housename": null, "addr:postcode": null, "addr:street": null, "alt_name": null, "source": null, "building": null, "addr:housenumber": null, "wikidata": null, "wikipedia": null, "level": null, "branch": null, "check_date": null, "addr:city": null, "wikimedia_commons": null, "brand:en": null, "brand:hi": null, "brand:kn": null, "brand:pa": null, "brand:pnb": null, "brand:ur": null, "brand:wikipedia:pa": null, "name:hi": null, "name:kn": null, "name:pa": null, "name:pnb": null, "name:ur": null, "addr:suburb": null, "note": null, "phone": null, "addr:unit": null, "addr:district": null, "opening_hours": null, "email": null, "fax": null, "addr:city:ur": null, "contact:fax": null, "operator:ur": null, "short_name:ur": null, "description": null, "fixme": null, "check_date:opening_hours": null, "drive_through": null, "highway": null, "traffic_signals": null, "traffic_signals:direction": null, "name:zh": null, "air_conditioning": null, "wheelchair": null, "contact:phone": null, "not:brand:wikidata": null, "opening_hours:covid19": null, "name:mr": null, "internet_access": null, "internet_access:fee": null, "payment:cash": null, "payment:credit_cards": null, "payment:debit_cards": null, "opening_hours:signed": null, "official_name": null, "bank": null, "contact:email": null, "opening_hours:drive_through": null, "addr:floor": null, "building:levels": null }, "geometry": { "type": "Point", "coordinates": [ 72.8343178, 19.0725079 ] } },
{ "type": "Feature", "properties": { "element": "node", "id": 13240709968, "amenity": "bank", "atm": null, "brand": "Bandhan Bank", "brand:wikidata": null, "name": "Bandhan Bank", "operator": null, "brand:wikipedia": null, "short_name": null, "website": null, "name:en": null, "old_name": null, "addr:housename": null, "addr:postcode": null, "addr:street": null, "alt_name": null, "source": null, "building": null, "addr:housenumber": null, "wikidata": null, "wikipedia": null, "level": "0", "branch": null, "check_date": null, "addr:city": null, "wikimedia_commons": null, "brand:en": null, "brand:hi": null, "brand:kn": null, "brand:pa": null, "brand:pnb": null, "brand:ur": null, "brand:wikipedia:pa": null, "name:hi": null, "name:kn": null, "name:pa": null, "name:pnb": null, "name:ur": null, "addr:suburb": null, "note": null, "phone": null, "addr:unit": null, "addr:district": null, "opening_hours": "Mo-Fr 09:30-16:30; PH closed; Sa[1,3,5] 09:30-16:30", "email": null, "fax": null, "addr:city:ur": null, "contact:fax": null, "operator:ur": null, "short_name:ur": null, "description": null, "fixme": null, "check_date:opening_hours": null, "drive_through": null, "highway": null, "traffic_signals": null, "traffic_signals:direction": null, "name:zh": null, "air_conditioning": null, "wheelchair": "designated", "contact:phone": null, "not:brand:wikidata": null, "opening_hours:covid19": null, "name:mr": null, "internet_access": null, "internet_access:fee": null, "payment:cash": null, "payment:credit_cards": null, "payment:debit_cards": null, "opening_hours:signed": null, "official_name": null, "bank": null, "contact:email": null, "opening_hours:drive_through": null, "addr:floor": null, "building:levels": null }, "geometry": { "type": "Point", "coordinates": [ 72.8229185, 19.1301704 ] } },
{ "type": "Feature", "properties": { "element": "node", "id": 13286967197, "amenity": "bank", "atm": "yes", "brand": null, "brand:wikidata": null, "name": "Banker's Adda", "operator": "Me", "brand:wikipedia": null, "short_name": null, "website": null, "name:en": null, "old_name": null, "addr:housename": null, "addr:postcode": "400074", "addr:street": "Ramakrishna Chemburkar Marg (Ghatkopar Mahul Road)", "alt_name": null, "source": null, "building": null, "addr:housenumber": "123", "wikidata": null, "wikipedia": null, "level": null, "branch": null, "check_date": null, "addr:city": "Mumbai", "wikimedia_commons": null, "brand:en": null, "brand:hi": null, "brand:kn": null, "brand:pa": null, "brand:pnb": null, "brand:ur": null, "brand:wikipedia:pa": null, "name:hi": null, "name:kn": null, "name:pa": null, "name:pnb": null, "name:ur": null, "addr:suburb": null, "note": null, "phone": null, "addr:unit": null, "addr:district": "Mumbai", "opening_hours": "Mo-Fr 09:00-17:00", "email": null, "fax": null, "addr:city:ur": null, "contact:fax": null, "operator:ur": null, "short_name:ur": null, "description": null, "fixme": null, "check_date:opening_hours": null, "drive_through": "yes", "highway": null, "traffic_signals": null, "traffic_signals:direction": null, "name:zh": null, "air_conditioning": null, "wheelchair": null, "contact:phone": null, "not:brand:wikidata": null, "opening_hours:covid19": null, "name:mr": null, "internet_access": null, "internet_access:fee": null, "payment:cash": null, "payment:credit_cards": null, "payment:debit_cards": null, "opening_hours:signed": null, "official_name": null, "bank": null, "contact:email": null, "opening_hours:drive_through": "Mo-Su 06:30-00:00", "addr:floor": null, "building:levels": null }, "geometry": { "type": "Point", "coordinates": [ 72.8943135, 19.0347981 ] } },
{ "type": "Feature", "properties": { "element": "node", "id": 13373184069, "amenity": "bank", "atm": null, "brand": "Canara Bank", "brand:wikidata": "Q2003777", "name": "Canara Bank", "operator": null, "brand:wikipedia": null, "short_name": null, "website": null, "name:en": "Canara Bank", "old_name": null, "addr:housename": null, "addr:postcode": null, "addr:street": null, "alt_name": null, "source": null, "building": null, "addr:housenumber": null, "wikidata": null, "wikipedia": null, "level": "0", "branch": null, "check_date": null, "addr:city": null, "wikimedia_commons": null, "brand:en": "Canara Bank", "brand:hi": "केनरा बैंक", "brand:kn": "ಕೆನರಾ ಬ್ಯಾಂಕ್", "brand:pa": "ਕੇਨਰਾ ਬੈਂਕ", "brand:pnb": "کینرا بینک", "brand:ur": "کینرا بینک", "brand:wikipedia:pa": null, "name:hi": "केनरा बैंक", "name:kn": "ಕೆನರಾ ಬ್ಯಾಂಕ್", "name:pa": "ਕੇਨਰਾ ਬੈਂਕ", "name:pnb": "کینرا بینک", "name:ur": "کینرا بینک", "addr:suburb": null, "note": null, "phone": null, "addr:unit": null, "addr:district": null, "opening_hours": null, "email": null, "fax": null, "addr:city:ur": null, "contact:fax": null, "operator:ur": null, "short_name:ur": null, "description": null, "fixme": null, "check_date:opening_hours": null, "drive_through": null, "highway": null, "traffic_signals": null, "traffic_signals:direction": null, "name:zh": null, "air_conditioning": null, "wheelchair": null, "contact:phone": null, "not:brand:wikidata": null, "opening_hours:covid19": null, "name:mr": null, "internet_access": null, "internet_access:fee": null, "payment:cash": null, "payment:credit_cards": null, "payment:debit_cards": null, "opening_hours:signed": null, "official_name": null, "bank": null, "contact:email": null, "opening_hours:drive_through": null, "addr:floor": null, "building:levels": null }, "geometry": { "type": "Point", "coordinates": [ 72.9076439, 19.0858734 ] } },
{ "type": "Feature", "properties": { "element": "node", "id": 13383255573, "amenity": "bank", "atm": null, "brand": "IDFC First Bank", "brand:wikidata": "Q22031467", "name": "IDFC First Bank", "operator": null, "brand:wikipedia": null, "short_name": null, "website": null, "name:en": null, "old_name": null, "addr:housename": null, "addr:postcode": null, "addr:street": null, "alt_name": null, "source": null, "building": null, "addr:housenumber": null, "wikidata": null, "wikipedia": null, "level": null, "branch": "Dr. Ambedkar Road, Matunga (East)", "check_date": "2026-03-20", "addr:city": null, "wikimedia_commons": null, "brand:en": null, "brand:hi": null, "brand:kn": null, "brand:pa": null, "brand:pnb": null, "brand:ur": null, "brand:wikipedia:pa": null, "name:hi": null, "name:kn": null, "name:pa": null, "name:pnb": null, "name:ur": null, "addr:suburb": null, "note": null, "phone": null, "addr:unit": null, "addr:district": null, "opening_hours": null, "email": null, "fax": null, "addr:city:ur": null, "contact:fax": null, "operator:ur": null, "short_name:ur": null, "description": null, "fixme": null, "check_date:opening_hours": null, "drive_through": null, "highway": null, "traffic_signals": null, "traffic_signals:direction": null, "name:zh": null, "air_conditioning": null, "wheelchair": null, "contact:phone": null, "not:brand:wikidata": null, "opening_hours:covid19": null, "name:mr": null, "internet_access": null, "internet_access:fee": null, "payment:cash": null, "payment:credit_cards": null, "payment:debit_cards": null, "opening_hours:signed": null, "official_name": null, "bank": null, "contact:email": null, "opening_hours:drive_through": null, "addr:floor": null, "building:levels": null }, "geometry": { "type": "Point", "coordinates": [ 72.8516316, 19.023259 ] } },
{ "type": "Feature", "properties": { "element": "node", "id": 13383255574, "amenity": "bank", "atm": null, "brand": "Bank of Maharashtra", "brand:wikidata": "Q2004304", "name": "Bank of Maharashtra", "operator": null, "brand:wikipedia": null, "short_name": null, "website": null, "name:en": null, "old_name": null, "addr:housename": null, "addr:postcode": null, "addr:street": null, "alt_name": null, "source": null, "building": null, "addr:housenumber": null, "wikidata": null, "wikipedia": null, "level": null, "branch": "Dr. Ambedkar Road, Matunga (East)", "check_date": "2026-03-20", "addr:city": null, "wikimedia_commons": null, "brand:en": null, "brand:hi": null, "brand:kn": null, "brand:pa": null, "brand:pnb": null, "brand:ur": null, "brand:wikipedia:pa": null, "name:hi": null, "name:kn": null, "name:pa": null, "name:pnb": null, "name:ur": null, "addr:suburb": null, "note": null, "phone": null, "addr:unit": null, "addr:district": null, "opening_hours": null, "email": null, "fax": null, "addr:city:ur": null, "contact:fax": null, "operator:ur": null, "short_name:ur": null, "description": null, "fixme": null, "check_date:opening_hours": null, "drive_through": null, "highway": null, "traffic_signals": null, "traffic_signals:direction": null, "name:zh": null, "air_conditioning": null, "wheelchair": null, "contact:phone": null, "not:brand:wikidata": null, "opening_hours:covid19": null, "name:mr": null, "internet_access": null, "internet_access:fee": null, "payment:cash": null, "payment:credit_cards": null, "payment:debit_cards": null, "opening_hours:signed": null, "official_name": null, "bank": null, "contact:email": null, "opening_hours:drive_through": null, "addr:floor": null, "building:levels": null }, "geometry": { "type": "Point", "coordinates": [ 72.8516062, 19.023228 ] } },
{ "type": "Feature", "properties": { "element": "node", "id": 13383308321, "amenity": "bank", "atm": null, "brand": "ICICI Bank", "brand:wikidata": "Q1653258", "name": "ICICI Bank", "operator": null, "brand:wikipedia": null, "short_name": "ICICI", "website": null, "name:en": null, "old_name": null, "addr:housename": null, "addr:postcode": null, "addr:street": null, "alt_name": null, "source": null, "building": null, "addr:housenumber": null, "wikidata": null, "wikipedia": null, "level": null, "branch": null, "check_date": null, "addr:city": null, "wikimedia_commons": null, "brand:en": null, "brand:hi": null, "brand:kn": null, "brand:pa": null, "brand:pnb": null, "brand:ur": null, "brand:wikipedia:pa": null, "name:hi": null, "name:kn": null, "name:pa": null, "name:pnb": null, "name:ur": null, "addr:suburb": null, "note": null, "phone": null, "addr:unit": null, "addr:district": null, "opening_hours": null, "email": null, "fax": null, "addr:city:ur": null, "contact:fax": null, "operator:ur": null, "short_name:ur": null, "description": null, "fixme": null, "check_date:opening_hours": null, "drive_through": null, "highway": null, "traffic_signals": null, "traffic_signals:direction": null, "name:zh": null, "air_conditioning": null, "wheelchair": null, "contact:phone": null, "not:brand:wikidata": null, "opening_hours:covid19": null, "name:mr": null, "internet_access": null, "internet_access:fee": null, "payment:cash": null, "payment:credit_cards": null, "payment:debit_cards": null, "opening_hours:signed": null, "official_name": null, "bank": null, "contact:email": null, "opening_hours:drive_through": null, "addr:floor": null, "building:levels": null }, "geometry": { "type": "Point", "coordinates": [ 72.8519107, 19.0236734 ] } },
{ "type": "Feature", "properties": { "element": "node", "id": 13383308323, "amenity": "bank", "atm": null, "brand": "Bank of Baroda", "brand:wikidata": "Q2003797", "name": "Bank of Baroda", "operator": null, "brand:wikipedia": null, "short_name": null, "website": null, "name:en": null, "old_name": null, "addr:housename": null, "addr:postcode": null, "addr:street": null, "alt_name": null, "source": null, "building": null, "addr:housenumber": null, "wikidata": null, "wikipedia": null, "level": null, "branch": null, "check_date": "2026-03-20", "addr:city": null, "wikimedia_commons": null, "brand:en": null, "brand:hi": null, "brand:kn": null, "brand:pa": null, "brand:pnb": null, "brand:ur": null, "brand:wikipedia:pa": null, "name:hi": null, "name:kn": null, "name:pa": null, "name:pnb": null, "name:ur": null, "addr:suburb": null, "note": null, "phone": null, "addr:unit": null, "addr:district": null, "opening_hours": null, "email": null, "fax": null, "addr:city:ur": null, "contact:fax": null, "operator:ur": null, "short_name:ur": null, "description": null, "fixme": null, "check_date:opening_hours": null, "drive_through": null, "highway": null, "traffic_signals": null, "traffic_signals:direction": null, "name:zh": null, "air_conditioning": null, "wheelchair": null, "contact:phone": null, "not:brand:wikidata": null, "opening_hours:covid19": null, "name:mr": null, "internet_access": null, "internet_access:fee": null, "payment:cash": null, "payment:credit_cards": null, "payment:debit_cards": null, "opening_hours:signed": null, "official_name": null, "bank": null, "contact:email": null, "opening_hours:drive_through": null, "addr:floor": null, "building:levels": null }, "geometry": { "type": "Point", "coordinates": [ 72.8521911, 19.023936 ] } },
{ "type": "Feature", "properties": { "element": "node", "id": 13388474942, "amenity": "bank", "atm": null, "brand": "HDFC Bank", "brand:wikidata": "Q631047", "name": "HDFC Bank", "operator": null, "brand:wikipedia": null, "short_name": "HDFC", "website": null, "name:en": null, "old_name": null, "addr:housename": null, "addr:postcode": null, "addr:street": null, "alt_name": null, "source": null, "building": null, "addr:housenumber": null, "wikidata": null, "wikipedia": null, "level": "0", "branch": null, "check_date": null, "addr:city": null, "wikimedia_commons": null, "brand:en": null, "brand:hi": null, "brand:kn": null, "brand:pa": null, "brand:pnb": null, "brand:ur": null, "brand:wikipedia:pa": null, "name:hi": null, "name:kn": null, "name:pa": null, "name:pnb": null, "name:ur": null, "addr:suburb": null, "note": null, "phone": null, "addr:unit": null, "addr:district": null, "opening_hours": null, "email": null, "fax": null, "addr:city:ur": null, "contact:fax": null, "operator:ur": null, "short_name:ur": null, "description": null, "fixme": null, "check_date:opening_hours": null, "drive_through": null, "highway": null, "traffic_signals": null, "traffic_signals:direction": null, "name:zh": null, "air_conditioning": null, "wheelchair": null, "contact:phone": null, "not:brand:wikidata": null, "opening_hours:covid19": null, "name:mr": null, "internet_access": null, "internet_access:fee": null, "payment:cash": null, "payment:credit_cards": null, "payment:debit_cards": null, "opening_hours:signed": null, "official_name": null, "bank": null, "contact:email": null, "opening_hours:drive_through": null, "addr:floor": null, "building:levels": null }, "geometry": { "type": "Point", "coordinates": [ 72.8481597, 19.0173497 ] } },
{ "type": "Feature", "properties": { "element": "node", "id": 13388476084, "amenity": "bank", "atm": null, "brand": "Kotak Mahindra Bank", "brand:wikidata": "Q2040404", "name": "Kotak Mahindra Bank", "operator": null, "brand:wikipedia": null, "short_name": null, "website": null, "name:en": null, "old_name": null, "addr:housename": null, "addr:postcode": null, "addr:street": null, "alt_name": null, "source": null, "building": null, "addr:housenumber": null, "wikidata": null, "wikipedia": null, "level": "0", "branch": "Dadar TT", "check_date": null, "addr:city": null, "wikimedia_commons": null, "brand:en": null, "brand:hi": null, "brand:kn": null, "brand:pa": null, "brand:pnb": null, "brand:ur": null, "brand:wikipedia:pa": null, "name:hi": null, "name:kn": null, "name:pa": null, "name:pnb": null, "name:ur": null, "addr:suburb": null, "note": null, "phone": null, "addr:unit": null, "addr:district": null, "opening_hours": null, "email": null, "fax": null, "addr:city:ur": null, "contact:fax": null, "operator:ur": null, "short_name:ur": null, "description": null, "fixme": null, "check_date:opening_hours": null, "drive_through": null, "highway": null, "traffic_signals": null, "traffic_signals:direction": null, "name:zh": null, "air_conditioning": null, "wheelchair": "limited", "contact:phone": null, "not:brand:wikidata": null, "opening_hours:covid19": null, "name:mr": null, "internet_access": null, "internet_access:fee": null, "payment:cash": null, "payment:credit_cards": null, "payment:debit_cards": null, "opening_hours:signed": null, "official_name": null, "bank": null, "contact:email": null, "opening_hours:drive_through": null, "addr:floor": null, "building:levels": null }, "geometry": { "type": "Point", "coordinates": [ 72.8480269, 19.0172873 ] } },
{ "type": "Feature", "properties": { "element": "node", "id": 13388534189, "amenity": "bank", "atm": null, "brand": "AU Small Finance Bank", "brand:wikidata": "Q48729722", "name": "AU Small Finance Bank", "operator": null, "brand:wikipedia": null, "short_name": null, "website": null, "name:en": null, "old_name": null, "addr:housename": null, "addr:postcode": null, "addr:street": null, "alt_name": null, "source": null, "building": null, "addr:housenumber": null, "wikidata": null, "wikipedia": null, "level": null, "branch": null, "check_date": null, "addr:city": null, "wikimedia_commons": null, "brand:en": null, "brand:hi": null, "brand:kn": null, "brand:pa": null, "brand:pnb": null, "brand:ur": null, "brand:wikipedia:pa": null, "name:hi": null, "name:kn": null, "name:pa": null, "name:pnb": null, "name:ur": null, "addr:suburb": null, "note": null, "phone": null, "addr:unit": null, "addr:district": null, "opening_hours": null, "email": null, "fax": null, "addr:city:ur": null, "contact:fax": null, "operator:ur": null, "short_name:ur": null, "description": null, "fixme": null, "check_date:opening_hours": null, "drive_through": null, "highway": null, "traffic_signals": null, "traffic_signals:direction": null, "name:zh": null, "air_conditioning": null, "wheelchair": null, "contact:phone": null, "not:brand:wikidata": null, "opening_hours:covid19": null, "name:mr": null, "internet_access": null, "internet_access:fee": null, "payment:cash": null, "payment:credit_cards": null, "payment:debit_cards": null, "opening_hours:signed": null, "official_name": null, "bank": null, "contact:email": null, "opening_hours:drive_through": null, "addr:floor": null, "building:levels": null }, "geometry": { "type": "Point", "coordinates": [ 72.8471823, 19.0178627 ] } },
{ "type": "Feature", "properties": { "element": "node", "id": 13388576662, "amenity": "bank", "atm": null, "brand": "Yes Bank", "brand:wikidata": "Q2040394", "name": "Yes Bank", "operator": null, "brand:wikipedia": null, "short_name": null, "website": null, "name:en": null, "old_name": null, "addr:housename": null, "addr:postcode": null, "addr:street": null, "alt_name": null, "source": null, "building": null, "addr:housenumber": null, "wikidata": null, "wikipedia": null, "level": null, "branch": null, "check_date": "2026-03-20", "addr:city": null, "wikimedia_commons": null, "brand:en": null, "brand:hi": null, "brand:kn": null, "brand:pa": null, "brand:pnb": null, "brand:ur": null, "brand:wikipedia:pa": null, "name:hi": null, "name:kn": null, "name:pa": null, "name:pnb": null, "name:ur": null, "addr:suburb": null, "note": null, "phone": null, "addr:unit": null, "addr:district": null, "opening_hours": null, "email": null, "fax": null, "addr:city:ur": null, "contact:fax": null, "operator:ur": null, "short_name:ur": null, "description": null, "fixme": null, "check_date:opening_hours": null, "drive_through": null, "highway": null, "traffic_signals": null, "traffic_signals:direction": null, "name:zh": null, "air_conditioning": null, "wheelchair": null, "contact:phone": null, "not:brand:wikidata": null, "opening_hours:covid19": null, "name:mr": null, "internet_access": null, "internet_access:fee": null, "payment:cash": null, "payment:credit_cards": null, "payment:debit_cards": null, "opening_hours:signed": null, "official_name": null, "bank": null, "contact:email": null, "opening_hours:drive_through": null, "addr:floor": null, "building:levels": null }, "geometry": { "type": "Point", "coordinates": [ 72.8468079, 19.0170012 ] } },
{ "type": "Feature", "properties": { "element": "node", "id": 13447665113, "amenity": "bank", "atm": null, "brand": "Yes Bank", "brand:wikidata": "Q2040394", "name": "Yes Bank", "operator": null, "brand:wikipedia": null, "short_name": null, "website": null, "name:en": null, "old_name": null, "addr:housename": null, "addr:postcode": null, "addr:street": null, "alt_name": null, "source": null, "building": null, "addr:housenumber": null, "wikidata": null, "wikipedia": null, "level": null, "branch": null, "check_date": null, "addr:city": null, "wikimedia_commons": null, "brand:en": null, "brand:hi": null, "brand:kn": null, "brand:pa": null, "brand:pnb": null, "brand:ur": null, "brand:wikipedia:pa": null, "name:hi": null, "name:kn": null, "name:pa": null, "name:pnb": null, "name:ur": null, "addr:suburb": null, "note": null, "phone": null, "addr:unit": null, "addr:district": null, "opening_hours": null, "email": null, "fax": null, "addr:city:ur": null, "contact:fax": null, "operator:ur": null, "short_name:ur": null, "description": null, "fixme": null, "check_date:opening_hours": null, "drive_through": null, "highway": null, "traffic_signals": null, "traffic_signals:direction": null, "name:zh": null, "air_conditioning": null, "wheelchair": null, "contact:phone": null, "not:brand:wikidata": null, "opening_hours:covid19": null, "name:mr": null, "internet_access": null, "internet_access:fee": null, "payment:cash": null, "payment:credit_cards": null, "payment:debit_cards": null, "opening_hours:signed": null, "official_name": null, "bank": null, "contact:email": null, "opening_hours:drive_through": null, "addr:floor": null, "building:levels": null }, "geometry": { "type": "Point", "coordinates": [ 72.8383606, 19.0304298 ] } },
{ "type": "Feature", "properties": { "element": "node", "id": 13470129571, "amenity": "bank", "atm": null, "brand": "State Bank of India", "brand:wikidata": "Q1340361", "name": "State Bank of India", "operator": null, "brand:wikipedia": null, "short_name": "SBI", "website": null, "name:en": null, "old_name": null, "addr:housename": null, "addr:postcode": null, "addr:street": null, "alt_name": null, "source": null, "building": null, "addr:housenumber": null, "wikidata": null, "wikipedia": null, "level": null, "branch": "Personal Banking Branch", "check_date": null, "addr:city": null, "wikimedia_commons": null, "brand:en": null, "brand:hi": null, "brand:kn": null, "brand:pa": null, "brand:pnb": null, "brand:ur": null, "brand:wikipedia:pa": null, "name:hi": null, "name:kn": null, "name:pa": null, "name:pnb": null, "name:ur": null, "addr:suburb": null, "note": null, "phone": null, "addr:unit": null, "addr:district": null, "opening_hours": null, "email": null, "fax": null, "addr:city:ur": null, "contact:fax": null, "operator:ur": null, "short_name:ur": null, "description": null, "fixme": null, "check_date:opening_hours": null, "drive_through": null, "highway": null, "traffic_signals": null, "traffic_signals:direction": null, "name:zh": null, "air_conditioning": null, "wheelchair": null, "contact:phone": null, "not:brand:wikidata": null, "opening_hours:covid19": null, "name:mr": null, "internet_access": null, "internet_access:fee": null, "payment:cash": null, "payment:credit_cards": null, "payment:debit_cards": null, "opening_hours:signed": null, "official_name": null, "bank": null, "contact:email": null, "opening_hours:drive_through": null, "addr:floor": null, "building:levels": null }, "geometry": { "type": "Point", "coordinates": [ 72.8261018, 18.9342947 ] } },
{ "type": "Feature", "properties": { "element": "node", "id": 13470129575, "amenity": "bank", "atm": null, "brand": "Union Bank of India", "brand:wikidata": "Q2004078", "name": "Union Bank of India", "operator": null, "brand:wikipedia": null, "short_name": null, "website": null, "name:en": null, "old_name": null, "addr:housename": null, "addr:postcode": null, "addr:street": null, "alt_name": null, "source": null, "building": null, "addr:housenumber": null, "wikidata": null, "wikipedia": null, "level": null, "branch": "Veer Nariman Road", "check_date": null, "addr:city": null, "wikimedia_commons": null, "brand:en": null, "brand:hi": null, "brand:kn": null, "brand:pa": null, "brand:pnb": null, "brand:ur": null, "brand:wikipedia:pa": null, "name:hi": null, "name:kn": null, "name:pa": null, "name:pnb": null, "name:ur": null, "addr:suburb": null, "note": null, "phone": null, "addr:unit": null, "addr:district": null, "opening_hours": null, "email": null, "fax": null, "addr:city:ur": null, "contact:fax": null, "operator:ur": null, "short_name:ur": null, "description": null, "fixme": null, "check_date:opening_hours": null, "drive_through": null, "highway": null, "traffic_signals": null, "traffic_signals:direction": null, "name:zh": null, "air_conditioning": null, "wheelchair": null, "contact:phone": null, "not:brand:wikidata": null, "opening_hours:covid19": null, "name:mr": null, "internet_access": null, "internet_access:fee": null, "payment:cash": null, "payment:credit_cards": null, "payment:debit_cards": null, "opening_hours:signed": null, "official_name": null, "bank": null, "contact:email": null, "opening_hours:drive_through": null, "addr:floor": null, "building:levels": null }, "geometry": { "type": "Point", "coordinates": [ 72.8254236, 18.9335607 ] } },
{ "type": "Feature", "properties": { "element": "node", "id": 13471766114, "amenity": "bank", "atm": null, "brand": "ICICI Bank", "brand:wikidata": "Q1653258", "name": "ICICI Bank", "operator": null, "brand:wikipedia": null, "short_name": "ICICI", "website": null, "name:en": null, "old_name": null, "addr:housename": null, "addr:postcode": null, "addr:street": null, "alt_name": null, "source": null, "building": null, "addr:housenumber": null, "wikidata": null, "wikipedia": null, "level": null, "branch": "Backbay Reclamation Branch", "check_date": null, "addr:city": null, "wikimedia_commons": null, "brand:en": null, "brand:hi": null, "brand:kn": null, "brand:pa": null, "brand:pnb": null, "brand:ur": null, "brand:wikipedia:pa": null, "name:hi": null, "name:kn": null, "name:pa": null, "name:pnb": null, "name:ur": null, "addr:suburb": null, "note": null, "phone": null, "addr:unit": null, "addr:district": null, "opening_hours": null, "email": null, "fax": null, "addr:city:ur": null, "contact:fax": null, "operator:ur": null, "short_name:ur": null, "description": null, "fixme": null, "check_date:opening_hours": null, "drive_through": null, "highway": null, "traffic_signals": null, "traffic_signals:direction": null, "name:zh": null, "air_conditioning": null, "wheelchair": null, "contact:phone": null, "not:brand:wikidata": null, "opening_hours:covid19": null, "name:mr": null, "internet_access": null, "internet_access:fee": null, "payment:cash": null, "payment:credit_cards": null, "payment:debit_cards": null, "opening_hours:signed": null, "official_name": null, "bank": null, "contact:email": null, "opening_hours:drive_through": null, "addr:floor": null, "building:levels": null }, "geometry": { "type": "Point", "coordinates": [ 72.8269994, 18.9285453 ] } },
{ "type": "Feature", "properties": { "element": "node", "id": 13473025456, "amenity": "bank", "atm": null, "brand": "Bandhan Bank", "brand:wikidata": "Q19882235", "name": "Bandhan Bank", "operator": null, "brand:wikipedia": null, "short_name": null, "website": null, "name:en": null, "old_name": null, "addr:housename": null, "addr:postcode": null, "addr:street": null, "alt_name": null, "source": null, "building": null, "addr:housenumber": null, "wikidata": null, "wikipedia": null, "level": null, "branch": "Charni Road Branch", "check_date": null, "addr:city": null, "wikimedia_commons": null, "brand:en": null, "brand:hi": null, "brand:kn": null, "brand:pa": null, "brand:pnb": null, "brand:ur": null, "brand:wikipedia:pa": null, "name:hi": null, "name:kn": null, "name:pa": null, "name:pnb": null, "name:ur": null, "addr:suburb": null, "note": null, "phone": null, "addr:unit": null, "addr:district": null, "opening_hours": null, "email": null, "fax": null, "addr:city:ur": null, "contact:fax": null, "operator:ur": null, "short_name:ur": null, "description": null, "fixme": null, "check_date:opening_hours": null, "drive_through": null, "highway": null, "traffic_signals": null, "traffic_signals:direction": null, "name:zh": null, "air_conditioning": null, "wheelchair": null, "contact:phone": null, "not:brand:wikidata": null, "opening_hours:covid19": null, "name:mr": null, "internet_access": null, "internet_access:fee": null, "payment:cash": null, "payment:credit_cards": null, "payment:debit_cards": null, "opening_hours:signed": null, "official_name": null, "bank": null, "contact:email": null, "opening_hours:drive_through": null, "addr:floor": null, "building:levels": null }, "geometry": { "type": "Point", "coordinates": [ 72.8166531, 18.9538057 ] } },
{ "type": "Feature", "properties": { "element": "node", "id": 13504116709, "amenity": "bank", "atm": null, "brand": "AU Small Finance Bank", "brand:wikidata": "Q48729722", "name": "AU Small Finance Bank", "operator": null, "brand:wikipedia": null, "short_name": null, "website": null, "name:en": null, "old_name": null, "addr:housename": null, "addr:postcode": null, "addr:street": null, "alt_name": null, "source": null, "building": null, "addr:housenumber": null, "wikidata": null, "wikipedia": null, "level": null, "branch": null, "check_date": null, "addr:city": null, "wikimedia_commons": null, "brand:en": null, "brand:hi": null, "brand:kn": null, "brand:pa": null, "brand:pnb": null, "brand:ur": null, "brand:wikipedia:pa": null, "name:hi": null, "name:kn": null, "name:pa": null, "name:pnb": null, "name:ur": null, "addr:suburb": null, "note": null, "phone": null, "addr:unit": null, "addr:district": null, "opening_hours": null, "email": null, "fax": null, "addr:city:ur": null, "contact:fax": null, "operator:ur": null, "short_name:ur": null, "description": null, "fixme": null, "check_date:opening_hours": null, "drive_through": null, "highway": null, "traffic_signals": null, "traffic_signals:direction": null, "name:zh": null, "air_conditioning": null, "wheelchair": null, "contact:phone": null, "not:brand:wikidata": null, "opening_hours:covid19": null, "name:mr": null, "internet_access": null, "internet_access:fee": null, "payment:cash": null, "payment:credit_cards": null, "payment:debit_cards": null, "opening_hours:signed": null, "official_name": null, "bank": null, "contact:email": null, "opening_hours:drive_through": null, "addr:floor": null, "building:levels": null }, "geometry": { "type": "Point", "coordinates": [ 72.9468434, 19.1813335 ] } },
{ "type": "Feature", "properties": { "element": "node", "id": 13506238551, "amenity": "bank", "atm": "yes", "brand": null, "brand:wikidata": null, "name": "Bank of Baroda", "operator": null, "brand:wikipedia": null, "short_name": null, "website": null, "name:en": null, "old_name": null, "addr:housename": null, "addr:postcode": "400060", "addr:street": "Station Road", "alt_name": null, "source": null, "building": null, "addr:housenumber": null, "wikidata": null, "wikipedia": null, "level": null, "branch": "Jogeshwari East", "check_date": null, "addr:city": "Mumbai", "wikimedia_commons": null, "brand:en": null, "brand:hi": null, "brand:kn": null, "brand:pa": null, "brand:pnb": null, "brand:ur": null, "brand:wikipedia:pa": null, "name:hi": null, "name:kn": null, "name:pa": null, "name:pnb": null, "name:ur": null, "addr:suburb": null, "note": null, "phone": null, "addr:unit": null, "addr:district": "Mumbai", "opening_hours": "Mo-Fr 09:00-10:00", "email": null, "fax": null, "addr:city:ur": null, "contact:fax": null, "operator:ur": null, "short_name:ur": null, "description": null, "fixme": null, "check_date:opening_hours": null, "drive_through": null, "highway": null, "traffic_signals": null, "traffic_signals:direction": null, "name:zh": null, "air_conditioning": null, "wheelchair": null, "contact:phone": null, "not:brand:wikidata": null, "opening_hours:covid19": null, "name:mr": null, "internet_access": null, "internet_access:fee": null, "payment:cash": null, "payment:credit_cards": null, "payment:debit_cards": null, "opening_hours:signed": null, "official_name": null, "bank": null, "contact:email": null, "opening_hours:drive_through": null, "addr:floor": null, "building:levels": null }, "geometry": { "type": "Point", "coordinates": [ 72.8513171, 19.135994 ] } },
{ "type": "Feature", "properties": { "element": "node", "id": 13506271536, "amenity": "bank", "atm": "yes", "brand": "HDFC Bank", "brand:wikidata": "Q631047", "name": "HDFC Bank", "operator": null, "brand:wikipedia": null, "short_name": "HDFC", "website": null, "name:en": null, "old_name": null, "addr:housename": null, "addr:postcode": "400060", "addr:street": "Station Road", "alt_name": null, "source": null, "building": null, "addr:housenumber": null, "wikidata": null, "wikipedia": null, "level": null, "branch": null, "check_date": null, "addr:city": "Mumbai", "wikimedia_commons": null, "brand:en": null, "brand:hi": null, "brand:kn": null, "brand:pa": null, "brand:pnb": null, "brand:ur": null, "brand:wikipedia:pa": null, "name:hi": null, "name:kn": null, "name:pa": null, "name:pnb": null, "name:ur": null, "addr:suburb": null, "note": null, "phone": null, "addr:unit": null, "addr:district": "Mumbai Suburban", "opening_hours": "Mo-Fr 09:00-10:00", "email": null, "fax": null, "addr:city:ur": null, "contact:fax": null, "operator:ur": null, "short_name:ur": null, "description": null, "fixme": null, "check_date:opening_hours": null, "drive_through": "no", "highway": null, "traffic_signals": null, "traffic_signals:direction": null, "name:zh": null, "air_conditioning": null, "wheelchair": null, "contact:phone": null, "not:brand:wikidata": null, "opening_hours:covid19": null, "name:mr": null, "internet_access": null, "internet_access:fee": null, "payment:cash": null, "payment:credit_cards": null, "payment:debit_cards": null, "opening_hours:signed": null, "official_name": null, "bank": null, "contact:email": null, "opening_hours:drive_through": null, "addr:floor": null, "building:levels": null }, "geometry": { "type": "Point", "coordinates": [ 72.8531419, 19.1362794 ] } },
{ "type": "Feature", "properties": { "element": "node", "id": 13514194577, "amenity": "bank", "atm": null, "brand": "Bank of Baroda", "brand:wikidata": "Q2003797", "name": "Bank of Baroda", "operator": null, "brand:wikipedia": null, "short_name": null, "website": null, "name:en": null, "old_name": null, "addr:housename": null, "addr:postcode": null, "addr:street": null, "alt_name": null, "source": null, "building": null, "addr:housenumber": null, "wikidata": null, "wikipedia": null, "level": null, "branch": null, "check_date": null, "addr:city": null, "wikimedia_commons": null, "brand:en": null, "brand:hi": null, "brand:kn": null, "brand:pa": null, "brand:pnb": null, "brand:ur": null, "brand:wikipedia:pa": null, "name:hi": null, "name:kn": null, "name:pa": null, "name:pnb": null, "name:ur": null, "addr:suburb": null, "note": null, "phone": null, "addr:unit": null, "addr:district": null, "opening_hours": null, "email": null, "fax": null, "addr:city:ur": null, "contact:fax": null, "operator:ur": null, "short_name:ur": null, "description": null, "fixme": null, "check_date:opening_hours": null, "drive_through": null, "highway": null, "traffic_signals": null, "traffic_signals:direction": null, "name:zh": null, "air_conditioning": null, "wheelchair": null, "contact:phone": null, "not:brand:wikidata": null, "opening_hours:covid19": null, "name:mr": null, "internet_access": null, "internet_access:fee": null, "payment:cash": null, "payment:credit_cards": null, "payment:debit_cards": null, "opening_hours:signed": null, "official_name": null, "bank": null, "contact:email": null, "opening_hours:drive_through": null, "addr:floor": null, "building:levels": null }, "geometry": { "type": "Point", "coordinates": [ 72.8350365, 18.932971 ] } },
{ "type": "Feature", "properties": { "element": "node", "id": 13514201327, "amenity": "bank", "atm": null, "brand": null, "brand:wikidata": null, "name": "Zoroastrian Co Op Bank Ltd", "operator": null, "brand:wikipedia": null, "short_name": null, "website": null, "name:en": null, "old_name": null, "addr:housename": null, "addr:postcode": null, "addr:street": null, "alt_name": null, "source": null, "building": null, "addr:housenumber": null, "wikidata": null, "wikipedia": null, "level": null, "branch": null, "check_date": null, "addr:city": null, "wikimedia_commons": null, "brand:en": null, "brand:hi": null, "brand:kn": null, "brand:pa": null, "brand:pnb": null, "brand:ur": null, "brand:wikipedia:pa": null, "name:hi": null, "name:kn": null, "name:pa": null, "name:pnb": null, "name:ur": null, "addr:suburb": null, "note": null, "phone": null, "addr:unit": null, "addr:district": null, "opening_hours": null, "email": null, "fax": null, "addr:city:ur": null, "contact:fax": null, "operator:ur": null, "short_name:ur": null, "description": null, "fixme": null, "check_date:opening_hours": null, "drive_through": null, "highway": null, "traffic_signals": null, "traffic_signals:direction": null, "name:zh": null, "air_conditioning": null, "wheelchair": null, "contact:phone": null, "not:brand:wikidata": null, "opening_hours:covid19": null, "name:mr": null, "internet_access": null, "internet_access:fee": null, "payment:cash": null, "payment:credit_cards": null, "payment:debit_cards": null, "opening_hours:signed": null, "official_name": null, "bank": null, "contact:email": null, "opening_hours:drive_through": null, "addr:floor": null, "building:levels": null }, "geometry": { "type": "Point", "coordinates": [ 72.8321921, 18.9321791 ] } },
{ "type": "Feature", "properties": { "element": "node", "id": 13514206753, "amenity": "bank", "atm": null, "brand": null, "brand:wikidata": null, "name": "Saraswat Bank", "operator": null, "brand:wikipedia": null, "short_name": null, "website": null, "name:en": null, "old_name": null, "addr:housename": null, "addr:postcode": null, "addr:street": null, "alt_name": null, "source": null, "building": null, "addr:housenumber": null, "wikidata": null, "wikipedia": null, "level": null, "branch": null, "check_date": null, "addr:city": null, "wikimedia_commons": null, "brand:en": null, "brand:hi": null, "brand:kn": null, "brand:pa": null, "brand:pnb": null, "brand:ur": null, "brand:wikipedia:pa": null, "name:hi": null, "name:kn": null, "name:pa": null, "name:pnb": null, "name:ur": null, "addr:suburb": null, "note": null, "phone": null, "addr:unit": null, "addr:district": null, "opening_hours": null, "email": null, "fax": null, "addr:city:ur": null, "contact:fax": null, "operator:ur": null, "short_name:ur": null, "description": null, "fixme": null, "check_date:opening_hours": null, "drive_through": null, "highway": null, "traffic_signals": null, "traffic_signals:direction": null, "name:zh": null, "air_conditioning": null, "wheelchair": null, "contact:phone": null, "not:brand:wikidata": null, "opening_hours:covid19": null, "name:mr": null, "internet_access": null, "internet_access:fee": null, "payment:cash": null, "payment:credit_cards": null, "payment:debit_cards": null, "opening_hours:signed": null, "official_name": null, "bank": null, "contact:email": null, "opening_hours:drive_through": null, "addr:floor": null, "building:levels": null }, "geometry": { "type": "Point", "coordinates": [ 72.8320234, 18.9322065 ] } },
{ "type": "Feature", "properties": { "element": "node", "id": 13514237296, "amenity": "bank", "atm": null, "brand": "State Bank of India", "brand:wikidata": "Q1340361", "name": "State Bank of India", "operator": null, "brand:wikipedia": null, "short_name": "SBI", "website": null, "name:en": "SBI ATM", "old_name": null, "addr:housename": null, "addr:postcode": null, "addr:street": null, "alt_name": null, "source": null, "building": null, "addr:housenumber": null, "wikidata": null, "wikipedia": null, "level": null, "branch": null, "check_date": null, "addr:city": null, "wikimedia_commons": null, "brand:en": null, "brand:hi": null, "brand:kn": null, "brand:pa": null, "brand:pnb": null, "brand:ur": null, "brand:wikipedia:pa": null, "name:hi": null, "name:kn": null, "name:pa": null, "name:pnb": null, "name:ur": null, "addr:suburb": null, "note": null, "phone": null, "addr:unit": null, "addr:district": null, "opening_hours": null, "email": null, "fax": null, "addr:city:ur": null, "contact:fax": null, "operator:ur": null, "short_name:ur": null, "description": null, "fixme": null, "check_date:opening_hours": null, "drive_through": null, "highway": null, "traffic_signals": null, "traffic_signals:direction": null, "name:zh": null, "air_conditioning": null, "wheelchair": null, "contact:phone": null, "not:brand:wikidata": null, "opening_hours:covid19": null, "name:mr": "एसबीआय एटीएम", "internet_access": null, "internet_access:fee": null, "payment:cash": null, "payment:credit_cards": null, "payment:debit_cards": null, "opening_hours:signed": null, "official_name": null, "bank": null, "contact:email": null, "opening_hours:drive_through": null, "addr:floor": null, "building:levels": null }, "geometry": { "type": "Point", "coordinates": [ 72.8327781, 18.9328671 ] } },
{ "type": "Feature", "properties": { "element": "node", "id": 13514247970, "amenity": "bank", "atm": null, "brand": "Federal Bank", "brand:wikidata": "Q2044983", "name": "Federal Bank", "operator": null, "brand:wikipedia": null, "short_name": null, "website": null, "name:en": null, "old_name": null, "addr:housename": null, "addr:postcode": null, "addr:street": null, "alt_name": null, "source": null, "building": null, "addr:housenumber": null, "wikidata": null, "wikipedia": null, "level": null, "branch": null, "check_date": null, "addr:city": null, "wikimedia_commons": null, "brand:en": null, "brand:hi": null, "brand:kn": null, "brand:pa": null, "brand:pnb": null, "brand:ur": null, "brand:wikipedia:pa": null, "name:hi": null, "name:kn": null, "name:pa": null, "name:pnb": null, "name:ur": null, "addr:suburb": null, "note": null, "phone": null, "addr:unit": null, "addr:district": null, "opening_hours": null, "email": null, "fax": null, "addr:city:ur": null, "contact:fax": null, "operator:ur": null, "short_name:ur": null, "description": null, "fixme": null, "check_date:opening_hours": null, "drive_through": null, "highway": null, "traffic_signals": null, "traffic_signals:direction": null, "name:zh": null, "air_conditioning": null, "wheelchair": null, "contact:phone": null, "not:brand:wikidata": null, "opening_hours:covid19": null, "name:mr": null, "internet_access": null, "internet_access:fee": null, "payment:cash": null, "payment:credit_cards": null, "payment:debit_cards": null, "opening_hours:signed": null, "official_name": null, "bank": null, "contact:email": null, "opening_hours:drive_through": null, "addr:floor": null, "building:levels": null }, "geometry": { "type": "Point", "coordinates": [ 72.8329831, 18.9323597 ] } },
{ "type": "Feature", "properties": { "element": "node", "id": 13514250416, "amenity": "bank", "atm": "yes", "brand": "Federal Bank", "brand:wikidata": "Q2044983", "name": "Federal Bank", "operator": null, "brand:wikipedia": null, "short_name": null, "website": null, "name:en": null, "old_name": null, "addr:housename": null, "addr:postcode": null, "addr:street": null, "alt_name": null, "source": null, "building": null, "addr:housenumber": null, "wikidata": null, "wikipedia": null, "level": "0", "branch": "Mumbai Fort", "check_date": null, "addr:city": null, "wikimedia_commons": null, "brand:en": null, "brand:hi": null, "brand:kn": null, "brand:pa": null, "brand:pnb": null, "brand:ur": null, "brand:wikipedia:pa": null, "name:hi": null, "name:kn": null, "name:pa": null, "name:pnb": null, "name:ur": null, "addr:suburb": null, "note": null, "phone": null, "addr:unit": null, "addr:district": null, "opening_hours": null, "email": null, "fax": null, "addr:city:ur": null, "contact:fax": null, "operator:ur": null, "short_name:ur": null, "description": null, "fixme": null, "check_date:opening_hours": null, "drive_through": null, "highway": null, "traffic_signals": null, "traffic_signals:direction": null, "name:zh": null, "air_conditioning": null, "wheelchair": "no", "contact:phone": null, "not:brand:wikidata": null, "opening_hours:covid19": null, "name:mr": null, "internet_access": null, "internet_access:fee": null, "payment:cash": null, "payment:credit_cards": null, "payment:debit_cards": null, "opening_hours:signed": null, "official_name": null, "bank": null, "contact:email": null, "opening_hours:drive_through": null, "addr:floor": null, "building:levels": null }, "geometry": { "type": "Point", "coordinates": [ 72.8329005, 18.932358 ] } },
{ "type": "Feature", "properties": { "element": "node", "id": 13514266428, "amenity": "bank", "atm": null, "brand": "Bank of Baroda", "brand:wikidata": "Q2003797", "name": "Bank of Baroda", "operator": null, "brand:wikipedia": null, "short_name": null, "website": null, "name:en": null, "old_name": null, "addr:housename": null, "addr:postcode": null, "addr:street": null, "alt_name": null, "source": null, "building": null, "addr:housenumber": null, "wikidata": null, "wikipedia": null, "level": null, "branch": null, "check_date": null, "addr:city": null, "wikimedia_commons": null, "brand:en": null, "brand:hi": null, "brand:kn": null, "brand:pa": null, "brand:pnb": null, "brand:ur": null, "brand:wikipedia:pa": null, "name:hi": null, "name:kn": null, "name:pa": null, "name:pnb": null, "name:ur": null, "addr:suburb": null, "note": null, "phone": null, "addr:unit": null, "addr:district": null, "opening_hours": null, "email": null, "fax": null, "addr:city:ur": null, "contact:fax": null, "operator:ur": null, "short_name:ur": null, "description": null, "fixme": null, "check_date:opening_hours": null, "drive_through": null, "highway": null, "traffic_signals": null, "traffic_signals:direction": null, "name:zh": null, "air_conditioning": null, "wheelchair": null, "contact:phone": null, "not:brand:wikidata": null, "opening_hours:covid19": null, "name:mr": null, "internet_access": null, "internet_access:fee": null, "payment:cash": null, "payment:credit_cards": null, "payment:debit_cards": null, "opening_hours:signed": null, "official_name": null, "bank": null, "contact:email": null, "opening_hours:drive_through": null, "addr:floor": null, "building:levels": null }, "geometry": { "type": "Point", "coordinates": [ 72.834025, 18.9343211 ] } },
{ "type": "Feature", "properties": { "element": "node", "id": 13514277454, "amenity": "bank", "atm": null, "brand": "IDBI Bank", "brand:wikidata": "Q3633485", "name": "IDBI Bank", "operator": null, "brand:wikipedia": null, "short_name": "IDBI", "website": null, "name:en": null, "old_name": null, "addr:housename": null, "addr:postcode": null, "addr:street": null, "alt_name": null, "source": null, "building": null, "addr:housenumber": null, "wikidata": null, "wikipedia": null, "level": null, "branch": null, "check_date": null, "addr:city": null, "wikimedia_commons": null, "brand:en": null, "brand:hi": null, "brand:kn": null, "brand:pa": null, "brand:pnb": null, "brand:ur": null, "brand:wikipedia:pa": null, "name:hi": null, "name:kn": null, "name:pa": null, "name:pnb": null, "name:ur": null, "addr:suburb": null, "note": null, "phone": null, "addr:unit": null, "addr:district": null, "opening_hours": null, "email": null, "fax": null, "addr:city:ur": null, "contact:fax": null, "operator:ur": null, "short_name:ur": null, "description": null, "fixme": null, "check_date:opening_hours": null, "drive_through": null, "highway": null, "traffic_signals": null, "traffic_signals:direction": null, "name:zh": null, "air_conditioning": null, "wheelchair": null, "contact:phone": null, "not:brand:wikidata": null, "opening_hours:covid19": null, "name:mr": null, "internet_access": null, "internet_access:fee": null, "payment:cash": null, "payment:credit_cards": null, "payment:debit_cards": null, "opening_hours:signed": null, "official_name": null, "bank": null, "contact:email": null, "opening_hours:drive_through": null, "addr:floor": null, "building:levels": null }, "geometry": { "type": "Point", "coordinates": [ 72.8339155, 18.9340996 ] } },
{ "type": "Feature", "properties": { "element": "node", "id": 13516940284, "amenity": "bank", "atm": null, "brand": "Canara Bank", "brand:wikidata": null, "name": "Canara Bank", "operator": null, "brand:wikipedia": null, "short_name": null, "website": null, "name:en": "Canara Bank", "old_name": null, "addr:housename": null, "addr:postcode": null, "addr:street": null, "alt_name": null, "source": null, "building": null, "addr:housenumber": null, "wikidata": null, "wikipedia": null, "level": "0", "branch": "Andheri West 2", "check_date": "2026-03-12", "addr:city": null, "wikimedia_commons": null, "brand:en": "Canara Bank", "brand:hi": "केनरा बैंक", "brand:kn": "ಕೆನರಾ ಬ್ಯಾಂಕ್", "brand:pa": "ਕੇਨਰਾ ਬੈਂਕ", "brand:pnb": "کینرا بینک", "brand:ur": "کینرا بینک", "brand:wikipedia:pa": null, "name:hi": "केनरा बैंक", "name:kn": "ಕೆನರಾ ಬ್ಯಾಂಕ್", "name:pa": "ਕੇਨਰਾ ਬੈਂਕ", "name:pnb": "کینرا بینک", "name:ur": "کینرا بینک", "addr:suburb": null, "note": null, "phone": null, "addr:unit": null, "addr:district": null, "opening_hours": null, "email": null, "fax": null, "addr:city:ur": null, "contact:fax": null, "operator:ur": null, "short_name:ur": null, "description": null, "fixme": null, "check_date:opening_hours": null, "drive_through": null, "highway": null, "traffic_signals": null, "traffic_signals:direction": null, "name:zh": null, "air_conditioning": null, "wheelchair": null, "contact:phone": null, "not:brand:wikidata": null, "opening_hours:covid19": null, "name:mr": null, "internet_access": null, "internet_access:fee": null, "payment:cash": null, "payment:credit_cards": null, "payment:debit_cards": null, "opening_hours:signed": null, "official_name": null, "bank": null, "contact:email": null, "opening_hours:drive_through": null, "addr:floor": null, "building:levels": null }, "geometry": { "type": "Point", "coordinates": [ 72.8430123, 19.1282356 ] } },
{ "type": "Feature", "properties": { "element": "node", "id": 13518571451, "amenity": "bank", "atm": null, "brand": "TJSB Bank", "brand:wikidata": null, "name": "TJSB Bank", "operator": null, "brand:wikipedia": null, "short_name": null, "website": null, "name:en": null, "old_name": null, "addr:housename": null, "addr:postcode": null, "addr:street": null, "alt_name": null, "source": null, "building": null, "addr:housenumber": null, "wikidata": null, "wikipedia": null, "level": "0", "branch": "Borivali East", "check_date": null, "addr:city": null, "wikimedia_commons": null, "brand:en": null, "brand:hi": null, "brand:kn": null, "brand:pa": null, "brand:pnb": null, "brand:ur": null, "brand:wikipedia:pa": null, "name:hi": null, "name:kn": null, "name:pa": null, "name:pnb": null, "name:ur": null, "addr:suburb": null, "note": null, "phone": null, "addr:unit": null, "addr:district": null, "opening_hours": null, "email": null, "fax": null, "addr:city:ur": null, "contact:fax": null, "operator:ur": null, "short_name:ur": null, "description": null, "fixme": null, "check_date:opening_hours": null, "drive_through": null, "highway": null, "traffic_signals": null, "traffic_signals:direction": null, "name:zh": null, "air_conditioning": null, "wheelchair": "no", "contact:phone": null, "not:brand:wikidata": null, "opening_hours:covid19": null, "name:mr": null, "internet_access": null, "internet_access:fee": null, "payment:cash": null, "payment:credit_cards": null, "payment:debit_cards": null, "opening_hours:signed": null, "official_name": null, "bank": null, "contact:email": null, "opening_hours:drive_through": null, "addr:floor": null, "building:levels": null }, "geometry": { "type": "Point", "coordinates": [ 72.8578368, 19.2279299 ] } },
{ "type": "Feature", "properties": { "element": "node", "id": 13589398562, "amenity": "bank", "atm": null, "brand": "Standard Chartered", "brand:wikidata": null, "name": "Standard Chartered", "operator": null, "brand:wikipedia": null, "short_name": null, "website": null, "name:en": null, "old_name": null, "addr:housename": null, "addr:postcode": null, "addr:street": null, "alt_name": null, "source": null, "building": null, "addr:housenumber": null, "wikidata": null, "wikipedia": null, "level": "0", "branch": null, "check_date": null, "addr:city": null, "wikimedia_commons": null, "brand:en": null, "brand:hi": null, "brand:kn": null, "brand:pa": null, "brand:pnb": null, "brand:ur": null, "brand:wikipedia:pa": null, "name:hi": null, "name:kn": null, "name:pa": null, "name:pnb": null, "name:ur": null, "addr:suburb": null, "note": null, "phone": null, "addr:unit": null, "addr:district": null, "opening_hours": null, "email": null, "fax": null, "addr:city:ur": null, "contact:fax": null, "operator:ur": null, "short_name:ur": null, "description": null, "fixme": null, "check_date:opening_hours": null, "drive_through": null, "highway": null, "traffic_signals": null, "traffic_signals:direction": null, "name:zh": null, "air_conditioning": null, "wheelchair": null, "contact:phone": null, "not:brand:wikidata": null, "opening_hours:covid19": null, "name:mr": null, "internet_access": null, "internet_access:fee": null, "payment:cash": null, "payment:credit_cards": null, "payment:debit_cards": null, "opening_hours:signed": null, "official_name": null, "bank": null, "contact:email": null, "opening_hours:drive_through": null, "addr:floor": null, "building:levels": null }, "geometry": { "type": "Point", "coordinates": [ 72.8383752, 19.1271739 ] } },
{ "type": "Feature", "properties": { "element": "node", "id": 13589398566, "amenity": "bank", "atm": null, "brand": "Bank of Baroda", "brand:wikidata": null, "name": "Bank of Baroda", "operator": null, "brand:wikipedia": null, "short_name": null, "website": null, "name:en": null, "old_name": null, "addr:housename": null, "addr:postcode": null, "addr:street": null, "alt_name": null, "source": null, "building": null, "addr:housenumber": null, "wikidata": null, "wikipedia": null, "level": "0", "branch": null, "check_date": null, "addr:city": null, "wikimedia_commons": null, "brand:en": null, "brand:hi": null, "brand:kn": null, "brand:pa": null, "brand:pnb": null, "brand:ur": null, "brand:wikipedia:pa": null, "name:hi": null, "name:kn": null, "name:pa": null, "name:pnb": null, "name:ur": null, "addr:suburb": null, "note": null, "phone": null, "addr:unit": null, "addr:district": null, "opening_hours": null, "email": null, "fax": null, "addr:city:ur": null, "contact:fax": null, "operator:ur": null, "short_name:ur": null, "description": null, "fixme": null, "check_date:opening_hours": null, "drive_through": null, "highway": null, "traffic_signals": null, "traffic_signals:direction": null, "name:zh": null, "air_conditioning": null, "wheelchair": null, "contact:phone": null, "not:brand:wikidata": null, "opening_hours:covid19": null, "name:mr": null, "internet_access": null, "internet_access:fee": null, "payment:cash": null, "payment:credit_cards": null, "payment:debit_cards": null, "opening_hours:signed": null, "official_name": null, "bank": null, "contact:email": null, "opening_hours:drive_through": null, "addr:floor": null, "building:levels": null }, "geometry": { "type": "Point", "coordinates": [ 72.8383145, 19.1269951 ] } },
{ "type": "Feature", "properties": { "element": "node", "id": 13594630332, "amenity": "bank", "atm": null, "brand": null, "brand:wikidata": null, "name": "Bank of Maharashtra", "operator": null, "brand:wikipedia": null, "short_name": null, "website": null, "name:en": null, "old_name": null, "addr:housename": null, "addr:postcode": null, "addr:street": null, "alt_name": null, "source": null, "building": null, "addr:housenumber": null, "wikidata": null, "wikipedia": null, "level": null, "branch": null, "check_date": null, "addr:city": null, "wikimedia_commons": null, "brand:en": null, "brand:hi": null, "brand:kn": null, "brand:pa": null, "brand:pnb": null, "brand:ur": null, "brand:wikipedia:pa": null, "name:hi": null, "name:kn": null, "name:pa": null, "name:pnb": null, "name:ur": null, "addr:suburb": null, "note": null, "phone": null, "addr:unit": null, "addr:district": null, "opening_hours": null, "email": null, "fax": null, "addr:city:ur": null, "contact:fax": null, "operator:ur": null, "short_name:ur": null, "description": null, "fixme": null, "check_date:opening_hours": null, "drive_through": null, "highway": null, "traffic_signals": null, "traffic_signals:direction": null, "name:zh": null, "air_conditioning": null, "wheelchair": null, "contact:phone": null, "not:brand:wikidata": null, "opening_hours:covid19": null, "name:mr": null, "internet_access": null, "internet_access:fee": null, "payment:cash": null, "payment:credit_cards": null, "payment:debit_cards": null, "opening_hours:signed": null, "official_name": null, "bank": null, "contact:email": null, "opening_hours:drive_through": null, "addr:floor": null, "building:levels": null }, "geometry": { "type": "Point", "coordinates": [ 72.9004054, 19.0611759 ] } },
{ "type": "Feature", "properties": { "element": "node", "id": 13594645970, "amenity": "bank", "atm": null, "brand": null, "brand:wikidata": null, "name": "Utkarsh Small Finance Bank", "operator": null, "brand:wikipedia": null, "short_name": null, "website": null, "name:en": null, "old_name": null, "addr:housename": null, "addr:postcode": null, "addr:street": null, "alt_name": null, "source": null, "building": null, "addr:housenumber": null, "wikidata": null, "wikipedia": null, "level": null, "branch": null, "check_date": null, "addr:city": null, "wikimedia_commons": null, "brand:en": null, "brand:hi": null, "brand:kn": null, "brand:pa": null, "brand:pnb": null, "brand:ur": null, "brand:wikipedia:pa": null, "name:hi": null, "name:kn": null, "name:pa": null, "name:pnb": null, "name:ur": null, "addr:suburb": null, "note": null, "phone": null, "addr:unit": null, "addr:district": null, "opening_hours": null, "email": null, "fax": null, "addr:city:ur": null, "contact:fax": null, "operator:ur": null, "short_name:ur": null, "description": null, "fixme": null, "check_date:opening_hours": null, "drive_through": null, "highway": null, "traffic_signals": null, "traffic_signals:direction": null, "name:zh": null, "air_conditioning": null, "wheelchair": null, "contact:phone": null, "not:brand:wikidata": null, "opening_hours:covid19": null, "name:mr": null, "internet_access": null, "internet_access:fee": null, "payment:cash": null, "payment:credit_cards": null, "payment:debit_cards": null, "opening_hours:signed": null, "official_name": null, "bank": null, "contact:email": null, "opening_hours:drive_through": null, "addr:floor": null, "building:levels": null }, "geometry": { "type": "Point", "coordinates": [ 72.9010464, 19.0600518 ] } },
{ "type": "Feature", "properties": { "element": "node", "id": 13667662963, "amenity": "bank", "atm": null, "brand": "IDFC First Bank", "brand:wikidata": "Q22031467", "name": "IDFC First Bank", "operator": null, "brand:wikipedia": null, "short_name": null, "website": null, "name:en": null, "old_name": null, "addr:housename": null, "addr:postcode": null, "addr:street": null, "alt_name": null, "source": null, "building": null, "addr:housenumber": null, "wikidata": null, "wikipedia": null, "level": null, "branch": null, "check_date": null, "addr:city": null, "wikimedia_commons": null, "brand:en": null, "brand:hi": null, "brand:kn": null, "brand:pa": null, "brand:pnb": null, "brand:ur": null, "brand:wikipedia:pa": null, "name:hi": null, "name:kn": null, "name:pa": null, "name:pnb": null, "name:ur": null, "addr:suburb": null, "note": null, "phone": null, "addr:unit": null, "addr:district": null, "opening_hours": null, "email": null, "fax": null, "addr:city:ur": null, "contact:fax": null, "operator:ur": null, "short_name:ur": null, "description": null, "fixme": null, "check_date:opening_hours": null, "drive_through": null, "highway": null, "traffic_signals": null, "traffic_signals:direction": null, "name:zh": null, "air_conditioning": null, "wheelchair": null, "contact:phone": null, "not:brand:wikidata": null, "opening_hours:covid19": null, "name:mr": null, "internet_access": null, "internet_access:fee": null, "payment:cash": null, "payment:credit_cards": null, "payment:debit_cards": null, "opening_hours:signed": null, "official_name": null, "bank": null, "contact:email": null, "opening_hours:drive_through": null, "addr:floor": null, "building:levels": null }, "geometry": { "type": "Point", "coordinates": [ 72.8414325, 19.0404989 ] } },
{ "type": "Feature", "properties": { "element": "node", "id": 13697619171, "amenity": "bank", "atm": null, "brand": "ICICI Bank", "brand:wikidata": "Q1653258", "name": "ICICI Bank", "operator": null, "brand:wikipedia": null, "short_name": "ICICI", "website": null, "name:en": null, "old_name": null, "addr:housename": null, "addr:postcode": null, "addr:street": null, "alt_name": null, "source": null, "building": null, "addr:housenumber": null, "wikidata": null, "wikipedia": null, "level": null, "branch": "Bhulabhai Desai Road Branch", "check_date": null, "addr:city": null, "wikimedia_commons": null, "brand:en": null, "brand:hi": null, "brand:kn": null, "brand:pa": null, "brand:pnb": null, "brand:ur": null, "brand:wikipedia:pa": null, "name:hi": null, "name:kn": null, "name:pa": null, "name:pnb": null, "name:ur": null, "addr:suburb": null, "note": null, "phone": null, "addr:unit": null, "addr:district": null, "opening_hours": null, "email": null, "fax": null, "addr:city:ur": null, "contact:fax": null, "operator:ur": null, "short_name:ur": null, "description": null, "fixme": null, "check_date:opening_hours": null, "drive_through": null, "highway": null, "traffic_signals": null, "traffic_signals:direction": null, "name:zh": null, "air_conditioning": null, "wheelchair": null, "contact:phone": null, "not:brand:wikidata": null, "opening_hours:covid19": null, "name:mr": null, "internet_access": null, "internet_access:fee": null, "payment:cash": null, "payment:credit_cards": null, "payment:debit_cards": null, "opening_hours:signed": null, "official_name": null, "bank": null, "contact:email": null, "opening_hours:drive_through": null, "addr:floor": null, "building:levels": null }, "geometry": { "type": "Point", "coordinates": [ 72.8036901, 18.9665147 ] } },
{ "type": "Feature", "properties": { "element": "node", "id": 13760645277, "amenity": "bank", "atm": null, "brand": null, "brand:wikidata": null, "name": "HDFC Bank", "operator": null, "brand:wikipedia": null, "short_name": null, "website": null, "name:en": null, "old_name": null, "addr:housename": null, "addr:postcode": null, "addr:street": null, "alt_name": null, "source": null, "building": null, "addr:housenumber": null, "wikidata": null, "wikipedia": null, "level": null, "branch": null, "check_date": "2026-04-25", "addr:city": null, "wikimedia_commons": null, "brand:en": null, "brand:hi": null, "brand:kn": null, "brand:pa": null, "brand:pnb": null, "brand:ur": null, "brand:wikipedia:pa": null, "name:hi": null, "name:kn": null, "name:pa": null, "name:pnb": null, "name:ur": null, "addr:suburb": null, "note": null, "phone": null, "addr:unit": null, "addr:district": null, "opening_hours": "Mo-Fr 09:00-15:30", "email": null, "fax": null, "addr:city:ur": null, "contact:fax": null, "operator:ur": null, "short_name:ur": null, "description": null, "fixme": null, "check_date:opening_hours": null, "drive_through": null, "highway": null, "traffic_signals": null, "traffic_signals:direction": null, "name:zh": null, "air_conditioning": null, "wheelchair": "no", "contact:phone": null, "not:brand:wikidata": null, "opening_hours:covid19": null, "name:mr": null, "internet_access": null, "internet_access:fee": null, "payment:cash": null, "payment:credit_cards": null, "payment:debit_cards": null, "opening_hours:signed": null, "official_name": null, "bank": null, "contact:email": null, "opening_hours:drive_through": null, "addr:floor": "0", "building:levels": null }, "geometry": { "type": "Point", "coordinates": [ 72.9451845, 19.1758028 ] } },
{ "type": "Feature", "properties": { "element": "node", "id": 13769101941, "amenity": "bank", "atm": null, "brand": "Central Bank of India", "brand:wikidata": null, "name": "Central Bank of India", "operator": null, "brand:wikipedia": null, "short_name": null, "website": null, "name:en": null, "old_name": null, "addr:housename": null, "addr:postcode": null, "addr:street": null, "alt_name": null, "source": null, "building": null, "addr:housenumber": null, "wikidata": null, "wikipedia": null, "level": "0", "branch": "Seven Bungalows Versova", "check_date": null, "addr:city": null, "wikimedia_commons": null, "brand:en": null, "brand:hi": null, "brand:kn": null, "brand:pa": null, "brand:pnb": null, "brand:ur": null, "brand:wikipedia:pa": null, "name:hi": null, "name:kn": null, "name:pa": null, "name:pnb": null, "name:ur": null, "addr:suburb": null, "note": null, "phone": null, "addr:unit": null, "addr:district": null, "opening_hours": null, "email": null, "fax": null, "addr:city:ur": null, "contact:fax": null, "operator:ur": null, "short_name:ur": null, "description": null, "fixme": null, "check_date:opening_hours": null, "drive_through": null, "highway": null, "traffic_signals": null, "traffic_signals:direction": null, "name:zh": null, "air_conditioning": null, "wheelchair": null, "contact:phone": null, "not:brand:wikidata": null, "opening_hours:covid19": null, "name:mr": null, "internet_access": null, "internet_access:fee": null, "payment:cash": null, "payment:credit_cards": null, "payment:debit_cards": null, "opening_hours:signed": null, "official_name": null, "bank": null, "contact:email": null, "opening_hours:drive_through": null, "addr:floor": null, "building:levels": null }, "geometry": { "type": "Point", "coordinates": [ 72.8148492, 19.1296392 ] } },
{ "type": "Feature", "properties": { "element": "node", "id": 13769101951, "amenity": "bank", "atm": null, "brand": "Bank of Baroda", "brand:wikidata": null, "name": "Bank of Baroda", "operator": null, "brand:wikipedia": null, "short_name": null, "website": null, "name:en": null, "old_name": null, "addr:housename": null, "addr:postcode": null, "addr:street": null, "alt_name": null, "source": null, "building": null, "addr:housenumber": null, "wikidata": null, "wikipedia": null, "level": "0", "branch": "Seven Bungalows Versova", "check_date": null, "addr:city": null, "wikimedia_commons": null, "brand:en": null, "brand:hi": null, "brand:kn": null, "brand:pa": null, "brand:pnb": null, "brand:ur": null, "brand:wikipedia:pa": null, "name:hi": null, "name:kn": null, "name:pa": null, "name:pnb": null, "name:ur": null, "addr:suburb": null, "note": null, "phone": null, "addr:unit": null, "addr:district": null, "opening_hours": null, "email": null, "fax": null, "addr:city:ur": null, "contact:fax": null, "operator:ur": null, "short_name:ur": null, "description": null, "fixme": null, "check_date:opening_hours": null, "drive_through": null, "highway": null, "traffic_signals": null, "traffic_signals:direction": null, "name:zh": null, "air_conditioning": null, "wheelchair": "no", "contact:phone": null, "not:brand:wikidata": null, "opening_hours:covid19": null, "name:mr": null, "internet_access": null, "internet_access:fee": null, "payment:cash": null, "payment:credit_cards": null, "payment:debit_cards": null, "opening_hours:signed": null, "official_name": null, "bank": null, "contact:email": null, "opening_hours:drive_through": null, "addr:floor": null, "building:levels": null }, "geometry": { "type": "Point", "coordinates": [ 72.8150416, 19.1298621 ] } },
{ "type": "Feature", "properties": { "element": "node", "id": 13769303513, "amenity": "bank", "atm": null, "brand": "HDFC Bank", "brand:wikidata": null, "name": "HDFC Bank", "operator": null, "brand:wikipedia": null, "short_name": "HDFC", "website": null, "name:en": null, "old_name": null, "addr:housename": null, "addr:postcode": null, "addr:street": null, "alt_name": null, "source": null, "building": null, "addr:housenumber": null, "wikidata": null, "wikipedia": null, "level": "0", "branch": "Lokhandwala Circle", "check_date": null, "addr:city": null, "wikimedia_commons": null, "brand:en": null, "brand:hi": null, "brand:kn": null, "brand:pa": null, "brand:pnb": null, "brand:ur": null, "brand:wikipedia:pa": null, "name:hi": null, "name:kn": null, "name:pa": null, "name:pnb": null, "name:ur": null, "addr:suburb": null, "note": null, "phone": null, "addr:unit": null, "addr:district": null, "opening_hours": null, "email": null, "fax": null, "addr:city:ur": null, "contact:fax": null, "operator:ur": null, "short_name:ur": null, "description": null, "fixme": null, "check_date:opening_hours": null, "drive_through": null, "highway": null, "traffic_signals": null, "traffic_signals:direction": null, "name:zh": null, "air_conditioning": null, "wheelchair": null, "contact:phone": null, "not:brand:wikidata": null, "opening_hours:covid19": null, "name:mr": null, "internet_access": null, "internet_access:fee": null, "payment:cash": null, "payment:credit_cards": null, "payment:debit_cards": null, "opening_hours:signed": null, "official_name": null, "bank": null, "contact:email": null, "opening_hours:drive_through": null, "addr:floor": null, "building:levels": null }, "geometry": { "type": "Point", "coordinates": [ 72.8261991, 19.1373117 ] } },
{ "type": "Feature", "properties": { "element": "node", "id": 13769303535, "amenity": "bank", "atm": null, "brand": "Punjab & Sind Bank", "brand:wikidata": null, "name": "Punjab & Sind Bank", "operator": null, "brand:wikipedia": null, "short_name": null, "website": null, "name:en": "Punjab & Sind Bank", "old_name": null, "addr:housename": null, "addr:postcode": null, "addr:street": null, "alt_name": null, "source": null, "building": null, "addr:housenumber": null, "wikidata": null, "wikipedia": null, "level": null, "branch": "Lokhandwala", "check_date": null, "addr:city": null, "wikimedia_commons": null, "brand:en": "Punjab & Sind Bank", "brand:hi": "पंजाब एण्ड सिंध बैंक", "brand:kn": null, "brand:pa": null, "brand:pnb": null, "brand:ur": null, "brand:wikipedia:pa": null, "name:hi": "पंजाब एण्ड सिंध बैंक", "name:kn": null, "name:pa": null, "name:pnb": null, "name:ur": null, "addr:suburb": null, "note": null, "phone": null, "addr:unit": null, "addr:district": null, "opening_hours": null, "email": null, "fax": null, "addr:city:ur": null, "contact:fax": null, "operator:ur": null, "short_name:ur": null, "description": null, "fixme": null, "check_date:opening_hours": null, "drive_through": null, "highway": null, "traffic_signals": null, "traffic_signals:direction": null, "name:zh": null, "air_conditioning": null, "wheelchair": "limited", "contact:phone": null, "not:brand:wikidata": null, "opening_hours:covid19": null, "name:mr": null, "internet_access": null, "internet_access:fee": null, "payment:cash": null, "payment:credit_cards": null, "payment:debit_cards": null, "opening_hours:signed": null, "official_name": null, "bank": null, "contact:email": null, "opening_hours:drive_through": null, "addr:floor": null, "building:levels": null }, "geometry": { "type": "Point", "coordinates": [ 72.8258838, 19.1325774 ] } },
{ "type": "Feature", "properties": { "element": "node", "id": 13770724901, "amenity": "bank", "atm": null, "brand": null, "brand:wikidata": null, "name": "Federal Bank", "operator": null, "brand:wikipedia": null, "short_name": null, "website": null, "name:en": null, "old_name": null, "addr:housename": null, "addr:postcode": "400004", "addr:street": "Mama Paramanand Marg", "alt_name": null, "source": null, "building": null, "addr:housenumber": null, "wikidata": null, "wikipedia": null, "level": null, "branch": null, "check_date": null, "addr:city": null, "wikimedia_commons": null, "brand:en": null, "brand:hi": null, "brand:kn": null, "brand:pa": null, "brand:pnb": null, "brand:ur": null, "brand:wikipedia:pa": null, "name:hi": null, "name:kn": null, "name:pa": null, "name:pnb": null, "name:ur": null, "addr:suburb": null, "note": null, "phone": null, "addr:unit": null, "addr:district": null, "opening_hours": null, "email": null, "fax": null, "addr:city:ur": null, "contact:fax": null, "operator:ur": null, "short_name:ur": null, "description": null, "fixme": null, "check_date:opening_hours": null, "drive_through": null, "highway": null, "traffic_signals": null, "traffic_signals:direction": null, "name:zh": null, "air_conditioning": null, "wheelchair": null, "contact:phone": null, "not:brand:wikidata": null, "opening_hours:covid19": null, "name:mr": null, "internet_access": null, "internet_access:fee": null, "payment:cash": null, "payment:credit_cards": null, "payment:debit_cards": null, "opening_hours:signed": null, "official_name": null, "bank": null, "contact:email": null, "opening_hours:drive_through": null, "addr:floor": null, "building:levels": null }, "geometry": { "type": "Point", "coordinates": [ 72.8162714, 18.9554829 ] } },
{ "type": "Feature", "properties": { "element": "node", "id": 13770724902, "amenity": "bank", "atm": null, "brand": null, "brand:wikidata": null, "name": "Kotak Mahindra Bank", "operator": null, "brand:wikipedia": null, "short_name": null, "website": null, "name:en": null, "old_name": null, "addr:housename": null, "addr:postcode": "400004", "addr:street": "Mama Paramanand Marg", "alt_name": null, "source": null, "building": null, "addr:housenumber": null, "wikidata": null, "wikipedia": null, "level": null, "branch": null, "check_date": null, "addr:city": null, "wikimedia_commons": null, "brand:en": null, "brand:hi": null, "brand:kn": null, "brand:pa": null, "brand:pnb": null, "brand:ur": null, "brand:wikipedia:pa": null, "name:hi": null, "name:kn": null, "name:pa": null, "name:pnb": null, "name:ur": null, "addr:suburb": null, "note": null, "phone": null, "addr:unit": null, "addr:district": null, "opening_hours": null, "email": null, "fax": null, "addr:city:ur": null, "contact:fax": null, "operator:ur": null, "short_name:ur": null, "description": null, "fixme": null, "check_date:opening_hours": null, "drive_through": null, "highway": null, "traffic_signals": null, "traffic_signals:direction": null, "name:zh": null, "air_conditioning": null, "wheelchair": null, "contact:phone": null, "not:brand:wikidata": null, "opening_hours:covid19": null, "name:mr": null, "internet_access": null, "internet_access:fee": null, "payment:cash": null, "payment:credit_cards": null, "payment:debit_cards": null, "opening_hours:signed": null, "official_name": null, "bank": null, "contact:email": null, "opening_hours:drive_through": null, "addr:floor": null, "building:levels": null }, "geometry": { "type": "Point", "coordinates": [ 72.8163983, 18.9550932 ] } },
{ "type": "Feature", "properties": { "element": "node", "id": 13770724903, "amenity": "bank", "atm": null, "brand": null, "brand:wikidata": null, "name": "State Bank of India", "operator": null, "brand:wikipedia": null, "short_name": null, "website": null, "name:en": null, "old_name": null, "addr:housename": null, "addr:postcode": "400004", "addr:street": "Mama Paramanand Marg", "alt_name": null, "source": null, "building": null, "addr:housenumber": null, "wikidata": null, "wikipedia": null, "level": null, "branch": null, "check_date": null, "addr:city": null, "wikimedia_commons": null, "brand:en": null, "brand:hi": null, "brand:kn": null, "brand:pa": null, "brand:pnb": null, "brand:ur": null, "brand:wikipedia:pa": null, "name:hi": null, "name:kn": null, "name:pa": null, "name:pnb": null, "name:ur": null, "addr:suburb": null, "note": null, "phone": null, "addr:unit": null, "addr:district": null, "opening_hours": null, "email": null, "fax": null, "addr:city:ur": null, "contact:fax": null, "operator:ur": null, "short_name:ur": null, "description": null, "fixme": null, "check_date:opening_hours": null, "drive_through": null, "highway": null, "traffic_signals": null, "traffic_signals:direction": null, "name:zh": null, "air_conditioning": null, "wheelchair": null, "contact:phone": null, "not:brand:wikidata": null, "opening_hours:covid19": null, "name:mr": null, "internet_access": null, "internet_access:fee": null, "payment:cash": null, "payment:credit_cards": null, "payment:debit_cards": null, "opening_hours:signed": null, "official_name": null, "bank": null, "contact:email": null, "opening_hours:drive_through": null, "addr:floor": null, "building:levels": null }, "geometry": { "type": "Point", "coordinates": [ 72.8158498, 18.9557912 ] } },
{ "type": "Feature", "properties": { "element": "node", "id": 13770774801, "amenity": "bank", "atm": null, "brand": null, "brand:wikidata": null, "name": "IDBI Bank", "operator": null, "brand:wikipedia": null, "short_name": null, "website": null, "name:en": null, "old_name": null, "addr:housename": null, "addr:postcode": "400007", "addr:street": "J Shankarsheth Marg", "alt_name": null, "source": null, "building": null, "addr:housenumber": null, "wikidata": null, "wikipedia": null, "level": null, "branch": null, "check_date": null, "addr:city": null, "wikimedia_commons": null, "brand:en": null, "brand:hi": null, "brand:kn": null, "brand:pa": null, "brand:pnb": null, "brand:ur": null, "brand:wikipedia:pa": null, "name:hi": null, "name:kn": null, "name:pa": null, "name:pnb": null, "name:ur": null, "addr:suburb": null, "note": null, "phone": null, "addr:unit": null, "addr:district": null, "opening_hours": null, "email": null, "fax": null, "addr:city:ur": null, "contact:fax": null, "operator:ur": null, "short_name:ur": null, "description": null, "fixme": null, "check_date:opening_hours": null, "drive_through": null, "highway": null, "traffic_signals": null, "traffic_signals:direction": null, "name:zh": null, "air_conditioning": null, "wheelchair": null, "contact:phone": null, "not:brand:wikidata": null, "opening_hours:covid19": null, "name:mr": null, "internet_access": null, "internet_access:fee": null, "payment:cash": null, "payment:credit_cards": null, "payment:debit_cards": null, "opening_hours:signed": null, "official_name": null, "bank": null, "contact:email": null, "opening_hours:drive_through": null, "addr:floor": null, "building:levels": null }, "geometry": { "type": "Point", "coordinates": [ 72.8136322, 18.9606624 ] } },
{ "type": "Feature", "properties": { "element": "node", "id": 13787342401, "amenity": "bank", "atm": null, "brand": null, "brand:wikidata": null, "name": "SVC Co-Operative Bank (Shamrao Vithal Co-operative Bank)", "operator": null, "brand:wikipedia": null, "short_name": null, "website": null, "name:en": null, "old_name": null, "addr:housename": null, "addr:postcode": "400007", "addr:street": "N Bharucha Marg", "alt_name": null, "source": null, "building": null, "addr:housenumber": null, "wikidata": null, "wikipedia": null, "level": null, "branch": null, "check_date": null, "addr:city": null, "wikimedia_commons": null, "brand:en": null, "brand:hi": null, "brand:kn": null, "brand:pa": null, "brand:pnb": null, "brand:ur": null, "brand:wikipedia:pa": null, "name:hi": null, "name:kn": null, "name:pa": null, "name:pnb": null, "name:ur": null, "addr:suburb": null, "note": null, "phone": null, "addr:unit": null, "addr:district": null, "opening_hours": null, "email": null, "fax": null, "addr:city:ur": null, "contact:fax": null, "operator:ur": null, "short_name:ur": null, "description": null, "fixme": null, "check_date:opening_hours": null, "drive_through": null, "highway": null, "traffic_signals": null, "traffic_signals:direction": null, "name:zh": null, "air_conditioning": null, "wheelchair": null, "contact:phone": null, "not:brand:wikidata": null, "opening_hours:covid19": null, "name:mr": null, "internet_access": null, "internet_access:fee": null, "payment:cash": null, "payment:credit_cards": null, "payment:debit_cards": null, "opening_hours:signed": null, "official_name": null, "bank": null, "contact:email": null, "opening_hours:drive_through": null, "addr:floor": null, "building:levels": null }, "geometry": { "type": "Point", "coordinates": [ 72.8165804, 18.9666814 ] } },
{ "type": "Feature", "properties": { "element": "node", "id": 13787385401, "amenity": "bank", "atm": null, "brand": null, "brand:wikidata": null, "name": "Bank of India", "operator": null, "brand:wikipedia": null, "short_name": null, "website": null, "name:en": null, "old_name": null, "addr:housename": null, "addr:postcode": "400007", "addr:street": "Dr Dadasaheb Bhadkamkar Marg", "alt_name": null, "source": null, "building": null, "addr:housenumber": null, "wikidata": null, "wikipedia": null, "level": null, "branch": null, "check_date": null, "addr:city": null, "wikimedia_commons": null, "brand:en": null, "brand:hi": null, "brand:kn": null, "brand:pa": null, "brand:pnb": null, "brand:ur": null, "brand:wikipedia:pa": null, "name:hi": null, "name:kn": null, "name:pa": null, "name:pnb": null, "name:ur": null, "addr:suburb": null, "note": null, "phone": null, "addr:unit": null, "addr:district": null, "opening_hours": null, "email": null, "fax": null, "addr:city:ur": null, "contact:fax": null, "operator:ur": null, "short_name:ur": null, "description": null, "fixme": null, "check_date:opening_hours": null, "drive_through": null, "highway": null, "traffic_signals": null, "traffic_signals:direction": null, "name:zh": null, "air_conditioning": null, "wheelchair": null, "contact:phone": null, "not:brand:wikidata": null, "opening_hours:covid19": null, "name:mr": null, "internet_access": null, "internet_access:fee": null, "payment:cash": null, "payment:credit_cards": null, "payment:debit_cards": null, "opening_hours:signed": null, "official_name": null, "bank": null, "contact:email": null, "opening_hours:drive_through": null, "addr:floor": null, "building:levels": null }, "geometry": { "type": "Point", "coordinates": [ 72.8190551, 18.9654107 ] } },
{ "type": "Feature", "properties": { "element": "node", "id": 13835136534, "amenity": "bank", "atm": null, "brand": "HDFC Bank", "brand:wikidata": "Q631047", "name": "HDFC Bank", "operator": null, "brand:wikipedia": null, "short_name": "HDFC", "website": null, "name:en": null, "old_name": null, "addr:housename": null, "addr:postcode": null, "addr:street": null, "alt_name": null, "source": null, "building": null, "addr:housenumber": null, "wikidata": null, "wikipedia": null, "level": null, "branch": null, "check_date": null, "addr:city": null, "wikimedia_commons": null, "brand:en": null, "brand:hi": null, "brand:kn": null, "brand:pa": null, "brand:pnb": null, "brand:ur": null, "brand:wikipedia:pa": null, "name:hi": null, "name:kn": null, "name:pa": null, "name:pnb": null, "name:ur": null, "addr:suburb": null, "note": null, "phone": null, "addr:unit": null, "addr:district": null, "opening_hours": null, "email": null, "fax": null, "addr:city:ur": null, "contact:fax": null, "operator:ur": null, "short_name:ur": null, "description": null, "fixme": null, "check_date:opening_hours": null, "drive_through": null, "highway": null, "traffic_signals": null, "traffic_signals:direction": null, "name:zh": null, "air_conditioning": null, "wheelchair": null, "contact:phone": null, "not:brand:wikidata": null, "opening_hours:covid19": null, "name:mr": null, "internet_access": null, "internet_access:fee": null, "payment:cash": null, "payment:credit_cards": null, "payment:debit_cards": null, "opening_hours:signed": null, "official_name": null, "bank": null, "contact:email": null, "opening_hours:drive_through": null, "addr:floor": null, "building:levels": null }, "geometry": { "type": "Point", "coordinates": [ 72.8237581, 18.9331613 ] } },
{ "type": "Feature", "properties": { "element": "node", "id": 13873158391, "amenity": "bank", "atm": "yes", "brand": "State Bank of India", "brand:wikidata": "Q1340361", "name": "State Bank of India", "operator": null, "brand:wikipedia": null, "short_name": "SBI", "website": null, "name:en": null, "old_name": null, "addr:housename": null, "addr:postcode": null, "addr:street": null, "alt_name": null, "source": null, "building": null, "addr:housenumber": null, "wikidata": null, "wikipedia": null, "level": null, "branch": "IIT Bombay", "check_date": null, "addr:city": null, "wikimedia_commons": null, "brand:en": null, "brand:hi": null, "brand:kn": null, "brand:pa": null, "brand:pnb": null, "brand:ur": null, "brand:wikipedia:pa": null, "name:hi": null, "name:kn": null, "name:pa": null, "name:pnb": null, "name:ur": null, "addr:suburb": null, "note": null, "phone": null, "addr:unit": null, "addr:district": null, "opening_hours": null, "email": null, "fax": null, "addr:city:ur": null, "contact:fax": null, "operator:ur": null, "short_name:ur": null, "description": null, "fixme": null, "check_date:opening_hours": null, "drive_through": "no", "highway": null, "traffic_signals": null, "traffic_signals:direction": null, "name:zh": null, "air_conditioning": null, "wheelchair": null, "contact:phone": null, "not:brand:wikidata": null, "opening_hours:covid19": null, "name:mr": null, "internet_access": null, "internet_access:fee": null, "payment:cash": null, "payment:credit_cards": null, "payment:debit_cards": null, "opening_hours:signed": null, "official_name": null, "bank": null, "contact:email": null, "opening_hours:drive_through": null, "addr:floor": null, "building:levels": null }, "geometry": { "type": "Point", "coordinates": [ 72.9140217, 19.1352811 ] } },
{ "type": "Feature", "properties": { "element": "node", "id": 13903925701, "amenity": "bank", "atm": null, "brand": null, "brand:wikidata": null, "name": "HDFC Bank", "operator": null, "brand:wikipedia": null, "short_name": null, "website": null, "name:en": null, "old_name": null, "addr:housename": null, "addr:postcode": "400026", "addr:street": "Gopalrao Deshmukh Marg", "alt_name": null, "source": null, "building": null, "addr:housenumber": null, "wikidata": null, "wikipedia": null, "level": null, "branch": null, "check_date": null, "addr:city": null, "wikimedia_commons": null, "brand:en": null, "brand:hi": null, "brand:kn": null, "brand:pa": null, "brand:pnb": null, "brand:ur": null, "brand:wikipedia:pa": null, "name:hi": null, "name:kn": null, "name:pa": null, "name:pnb": null, "name:ur": null, "addr:suburb": null, "note": null, "phone": null, "addr:unit": null, "addr:district": null, "opening_hours": null, "email": null, "fax": null, "addr:city:ur": null, "contact:fax": null, "operator:ur": null, "short_name:ur": null, "description": null, "fixme": null, "check_date:opening_hours": null, "drive_through": null, "highway": null, "traffic_signals": null, "traffic_signals:direction": null, "name:zh": null, "air_conditioning": null, "wheelchair": null, "contact:phone": null, "not:brand:wikidata": null, "opening_hours:covid19": null, "name:mr": null, "internet_access": null, "internet_access:fee": null, "payment:cash": null, "payment:credit_cards": null, "payment:debit_cards": null, "opening_hours:signed": null, "official_name": null, "bank": null, "contact:email": null, "opening_hours:drive_through": null, "addr:floor": null, "building:levels": null }, "geometry": { "type": "Point", "coordinates": [ 72.8091015, 18.9731632 ] } },
{ "type": "Feature", "properties": { "element": "way", "id": 39841636, "amenity": "bank", "atm": null, "brand": null, "brand:wikidata": null, "name": "Shanti Sadan", "operator": "Dena Bank", "brand:wikipedia": null, "short_name": null, "website": null, "name:en": null, "old_name": null, "addr:housename": null, "addr:postcode": null, "addr:street": null, "alt_name": null, "source": null, "building": "apartments", "addr:housenumber": null, "wikidata": null, "wikipedia": null, "level": null, "branch": null, "check_date": null, "addr:city": null, "wikimedia_commons": null, "brand:en": null, "brand:hi": null, "brand:kn": null, "brand:pa": null, "brand:pnb": null, "brand:ur": null, "brand:wikipedia:pa": null, "name:hi": null, "name:kn": null, "name:pa": null, "name:pnb": null, "name:ur": null, "addr:suburb": null, "note": null, "phone": null, "addr:unit": null, "addr:district": null, "opening_hours": null, "email": null, "fax": null, "addr:city:ur": null, "contact:fax": null, "operator:ur": null, "short_name:ur": null, "description": null, "fixme": null, "check_date:opening_hours": null, "drive_through": null, "highway": null, "traffic_signals": null, "traffic_signals:direction": null, "name:zh": null, "air_conditioning": null, "wheelchair": null, "contact:phone": null, "not:brand:wikidata": null, "opening_hours:covid19": null, "name:mr": null, "internet_access": null, "internet_access:fee": null, "payment:cash": null, "payment:credit_cards": null, "payment:debit_cards": null, "opening_hours:signed": null, "official_name": null, "bank": null, "contact:email": null, "opening_hours:drive_through": null, "addr:floor": null, "building:levels": null }, "geometry": { "type": "Polygon", "coordinates": [ [ [ 72.8097607, 18.9601853 ], [ 72.8099013, 18.9600905 ], [ 72.8098213, 18.9599718 ], [ 72.8096807, 18.9600666 ], [ 72.8097607, 18.9601853 ] ] ] } },
{ "type": "Feature", "properties": { "element": "way", "id": 119488914, "amenity": "bank", "atm": "yes", "brand": null, "brand:wikidata": null, "name": "Mumbai District Central Co-Operative Bank", "operator": "Mumbai Co-Opretaive Bank", "brand:wikipedia": null, "short_name": null, "website": null, "name:en": null, "old_name": null, "addr:housename": null, "addr:postcode": null, "addr:street": null, "alt_name": null, "source": null, "building": "yes", "addr:housenumber": null, "wikidata": null, "wikipedia": null, "level": null, "branch": null, "check_date": null, "addr:city": null, "wikimedia_commons": null, "brand:en": null, "brand:hi": null, "brand:kn": null, "brand:pa": null, "brand:pnb": null, "brand:ur": null, "brand:wikipedia:pa": null, "name:hi": null, "name:kn": null, "name:pa": null, "name:pnb": null, "name:ur": null, "addr:suburb": null, "note": null, "phone": null, "addr:unit": null, "addr:district": null, "opening_hours": null, "email": null, "fax": null, "addr:city:ur": null, "contact:fax": null, "operator:ur": null, "short_name:ur": null, "description": null, "fixme": null, "check_date:opening_hours": null, "drive_through": "no", "highway": null, "traffic_signals": null, "traffic_signals:direction": null, "name:zh": null, "air_conditioning": "yes", "wheelchair": null, "contact:phone": null, "not:brand:wikidata": null, "opening_hours:covid19": null, "name:mr": null, "internet_access": null, "internet_access:fee": null, "payment:cash": null, "payment:credit_cards": null, "payment:debit_cards": null, "opening_hours:signed": null, "official_name": null, "bank": null, "contact:email": null, "opening_hours:drive_through": null, "addr:floor": null, "building:levels": null }, "geometry": { "type": "Polygon", "coordinates": [ [ [ 72.8471089, 19.0029498 ], [ 72.8473816, 19.0028176 ], [ 72.8474104, 19.0028706 ], [ 72.8471376, 19.0030028 ], [ 72.8471089, 19.0029498 ] ] ] } },
{ "type": "Feature", "properties": { "element": "way", "id": 151806616, "amenity": "bank", "atm": null, "brand": "Union Bank of India", "brand:wikidata": "Q2004078", "name": "Union Bank of India", "operator": null, "brand:wikipedia": "en:Union Bank of India", "short_name": "UBI", "website": "https://www.unionbankofindia.co.in/", "name:en": "Union Bank of India", "old_name": null, "addr:housename": null, "addr:postcode": null, "addr:street": null, "alt_name": null, "source": null, "building": "apartments", "addr:housenumber": null, "wikidata": null, "wikipedia": null, "level": null, "branch": null, "check_date": null, "addr:city": null, "wikimedia_commons": null, "brand:en": null, "brand:hi": null, "brand:kn": null, "brand:pa": null, "brand:pnb": null, "brand:ur": null, "brand:wikipedia:pa": null, "name:hi": null, "name:kn": null, "name:pa": null, "name:pnb": null, "name:ur": null, "addr:suburb": null, "note": null, "phone": null, "addr:unit": null, "addr:district": null, "opening_hours": null, "email": null, "fax": null, "addr:city:ur": null, "contact:fax": null, "operator:ur": null, "short_name:ur": null, "description": null, "fixme": null, "check_date:opening_hours": null, "drive_through": null, "highway": null, "traffic_signals": null, "traffic_signals:direction": null, "name:zh": null, "air_conditioning": null, "wheelchair": null, "contact:phone": null, "not:brand:wikidata": null, "opening_hours:covid19": null, "name:mr": null, "internet_access": null, "internet_access:fee": null, "payment:cash": null, "payment:credit_cards": null, "payment:debit_cards": null, "opening_hours:signed": null, "official_name": null, "bank": null, "contact:email": null, "opening_hours:drive_through": null, "addr:floor": null, "building:levels": null }, "geometry": { "type": "Polygon", "coordinates": [ [ [ 72.8406911, 19.0316706 ], [ 72.8409109, 19.0316355 ], [ 72.8409297, 19.031741 ], [ 72.8407099, 19.0317761 ], [ 72.8406911, 19.0316706 ] ] ] } },
{ "type": "Feature", "properties": { "element": "way", "id": 206805804, "amenity": "bank", "atm": null, "brand": "Standard Chartered", "brand:wikidata": "Q548278", "name": "Standard Chartered", "operator": null, "brand:wikipedia": null, "short_name": null, "website": null, "name:en": null, "old_name": null, "addr:housename": null, "addr:postcode": null, "addr:street": null, "alt_name": null, "source": null, "building": "yes", "addr:housenumber": null, "wikidata": null, "wikipedia": null, "level": null, "branch": "India", "check_date": null, "addr:city": null, "wikimedia_commons": null, "brand:en": null, "brand:hi": null, "brand:kn": null, "brand:pa": null, "brand:pnb": null, "brand:ur": null, "brand:wikipedia:pa": null, "name:hi": null, "name:kn": null, "name:pa": null, "name:pnb": null, "name:ur": null, "addr:suburb": null, "note": null, "phone": null, "addr:unit": null, "addr:district": null, "opening_hours": null, "email": null, "fax": null, "addr:city:ur": null, "contact:fax": null, "operator:ur": null, "short_name:ur": null, "description": null, "fixme": null, "check_date:opening_hours": null, "drive_through": null, "highway": null, "traffic_signals": null, "traffic_signals:direction": null, "name:zh": null, "air_conditioning": null, "wheelchair": null, "contact:phone": null, "not:brand:wikidata": null, "opening_hours:covid19": null, "name:mr": null, "internet_access": null, "internet_access:fee": null, "payment:cash": null, "payment:credit_cards": null, "payment:debit_cards": null, "opening_hours:signed": null, "official_name": null, "bank": null, "contact:email": null, "opening_hours:drive_through": null, "addr:floor": null, "building:levels": "2" }, "geometry": { "type": "Polygon", "coordinates": [ [ [ 72.8306963, 18.9306038 ], [ 72.8311494, 18.9306071 ], [ 72.8311565, 18.9302727 ], [ 72.8306483, 18.930271 ], [ 72.8306963, 18.9306038 ] ] ] } },
{ "type": "Feature", "properties": { "element": "way", "id": 206805813, "amenity": "bank", "atm": null, "brand": "Bank of India", "brand:wikidata": "Q2004439", "name": "Bank of India", "operator": null, "brand:wikipedia": null, "short_name": null, "website": null, "name:en": null, "old_name": null, "addr:housename": null, "addr:postcode": null, "addr:street": null, "alt_name": null, "source": null, "building": "office", "addr:housenumber": null, "wikidata": null, "wikipedia": null, "level": null, "branch": null, "check_date": null, "addr:city": null, "wikimedia_commons": null, "brand:en": null, "brand:hi": null, "brand:kn": null, "brand:pa": null, "brand:pnb": null, "brand:ur": null, "brand:wikipedia:pa": null, "name:hi": null, "name:kn": null, "name:pa": null, "name:pnb": null, "name:ur": null, "addr:suburb": null, "note": null, "phone": null, "addr:unit": null, "addr:district": null, "opening_hours": null, "email": null, "fax": null, "addr:city:ur": null, "contact:fax": null, "operator:ur": null, "short_name:ur": null, "description": null, "fixme": null, "check_date:opening_hours": null, "drive_through": null, "highway": null, "traffic_signals": null, "traffic_signals:direction": null, "name:zh": null, "air_conditioning": null, "wheelchair": null, "contact:phone": null, "not:brand:wikidata": null, "opening_hours:covid19": null, "name:mr": null, "internet_access": null, "internet_access:fee": null, "payment:cash": null, "payment:credit_cards": null, "payment:debit_cards": null, "opening_hours:signed": null, "official_name": null, "bank": null, "contact:email": null, "opening_hours:drive_through": null, "addr:floor": null, "building:levels": "5" }, "geometry": { "type": "Polygon", "coordinates": [ [ [ 72.8307318, 18.9306424 ], [ 72.8311476, 18.9306441 ], [ 72.8311459, 18.9311131 ], [ 72.8307709, 18.9311097 ], [ 72.8307691, 18.9309668 ], [ 72.8307389, 18.9309668 ], [ 72.8307318, 18.9306424 ] ] ] } },
{ "type": "Feature", "properties": { "element": "way", "id": 206805814, "amenity": "bank", "atm": null, "brand": "HSBC", "brand:wikidata": "Q190464", "name": "HSBC", "operator": null, "brand:wikipedia": null, "short_name": null, "website": null, "name:en": null, "old_name": null, "addr:housename": null, "addr:postcode": null, "addr:street": null, "alt_name": null, "source": null, "building": "office", "addr:housenumber": null, "wikidata": null, "wikipedia": null, "level": null, "branch": null, "check_date": null, "addr:city": null, "wikimedia_commons": null, "brand:en": null, "brand:hi": null, "brand:kn": null, "brand:pa": null, "brand:pnb": null, "brand:ur": null, "brand:wikipedia:pa": null, "name:hi": null, "name:kn": null, "name:pa": null, "name:pnb": null, "name:ur": null, "addr:suburb": null, "note": null, "phone": null, "addr:unit": null, "addr:district": null, "opening_hours": null, "email": null, "fax": null, "addr:city:ur": null, "contact:fax": null, "operator:ur": null, "short_name:ur": null, "description": null, "fixme": null, "check_date:opening_hours": null, "drive_through": null, "highway": null, "traffic_signals": null, "traffic_signals:direction": null, "name:zh": null, "air_conditioning": null, "wheelchair": null, "contact:phone": null, "not:brand:wikidata": null, "opening_hours:covid19": null, "name:mr": null, "internet_access": null, "internet_access:fee": null, "payment:cash": null, "payment:credit_cards": null, "payment:debit_cards": null, "opening_hours:signed": null, "official_name": null, "bank": null, "contact:email": null, "opening_hours:drive_through": null, "addr:floor": null, "building:levels": null }, "geometry": { "type": "Polygon", "coordinates": [ [ [ 72.8307709, 18.9311097 ], [ 72.8308686, 18.9316795 ], [ 72.8310534, 18.9316476 ], [ 72.8311139, 18.9315938 ], [ 72.831137, 18.931535 ], [ 72.8311459, 18.9311131 ], [ 72.8307709, 18.9311097 ] ] ] } },
{ "type": "Feature", "properties": { "element": "way", "id": 280020712, "amenity": "bank", "atm": "yes", "brand": "ICICI Bank", "brand:wikidata": "Q1653258", "name": "ICICI Bank", "operator": null, "brand:wikipedia": "en:ICICI Bank", "short_name": "ICICI", "website": "https://www.icicibank.com", "name:en": "ICICI Bank", "old_name": null, "addr:housename": null, "addr:postcode": null, "addr:street": null, "alt_name": null, "source": null, "building": "yes", "addr:housenumber": null, "wikidata": null, "wikipedia": null, "level": null, "branch": null, "check_date": null, "addr:city": null, "wikimedia_commons": null, "brand:en": null, "brand:hi": null, "brand:kn": null, "brand:pa": null, "brand:pnb": null, "brand:ur": null, "brand:wikipedia:pa": null, "name:hi": null, "name:kn": null, "name:pa": null, "name:pnb": null, "name:ur": null, "addr:suburb": null, "note": null, "phone": null, "addr:unit": null, "addr:district": null, "opening_hours": null, "email": null, "fax": null, "addr:city:ur": null, "contact:fax": null, "operator:ur": null, "short_name:ur": null, "description": null, "fixme": null, "check_date:opening_hours": null, "drive_through": null, "highway": null, "traffic_signals": null, "traffic_signals:direction": null, "name:zh": null, "air_conditioning": null, "wheelchair": null, "contact:phone": null, "not:brand:wikidata": null, "opening_hours:covid19": null, "name:mr": null, "internet_access": null, "internet_access:fee": null, "payment:cash": null, "payment:credit_cards": null, "payment:debit_cards": null, "opening_hours:signed": null, "official_name": null, "bank": null, "contact:email": null, "opening_hours:drive_through": null, "addr:floor": null, "building:levels": "6" }, "geometry": { "type": "Polygon", "coordinates": [ [ [ 72.8243436, 19.0517536 ], [ 72.8244593, 19.0517401 ], [ 72.8244968, 19.0517274 ], [ 72.8245183, 19.0517122 ], [ 72.8245304, 19.0516881 ], [ 72.8245371, 19.0516463 ], [ 72.8245286, 19.0515837 ], [ 72.8243829, 19.0516045 ], [ 72.8243829, 19.0516209 ], [ 72.8243252, 19.0516285 ], [ 72.8243436, 19.0517536 ] ] ] } },
{ "type": "Feature", "properties": { "element": "way", "id": 352995711, "amenity": "bank", "atm": null, "brand": "Canara Bank", "brand:wikidata": "Q2003777", "name": "Canara Bank", "operator": null, "brand:wikipedia": "en:Canara Bank", "short_name": null, "website": "https://www.canarabank.com/", "name:en": null, "old_name": null, "addr:housename": null, "addr:postcode": null, "addr:street": "Ramratan Trivedi Road", "alt_name": null, "source": null, "building": "yes", "addr:housenumber": null, "wikidata": null, "wikipedia": null, "level": null, "branch": null, "check_date": null, "addr:city": "Mulund (West)", "wikimedia_commons": null, "brand:en": null, "brand:hi": null, "brand:kn": null, "brand:pa": "ਕੇਨਰਾ ਬੈਂਕ", "brand:pnb": null, "brand:ur": "کینرا بینک", "brand:wikipedia:pa": "ਕੇਨਰਾ ਬੈਂਕ", "name:hi": null, "name:kn": null, "name:pa": "ਕੇਨਰਾ ਬੈਂਕ", "name:pnb": null, "name:ur": "کینرا بینک", "addr:suburb": null, "note": null, "phone": null, "addr:unit": null, "addr:district": null, "opening_hours": null, "email": null, "fax": null, "addr:city:ur": null, "contact:fax": null, "operator:ur": null, "short_name:ur": null, "description": null, "fixme": null, "check_date:opening_hours": null, "drive_through": null, "highway": null, "traffic_signals": null, "traffic_signals:direction": null, "name:zh": null, "air_conditioning": null, "wheelchair": null, "contact:phone": null, "not:brand:wikidata": null, "opening_hours:covid19": null, "name:mr": null, "internet_access": null, "internet_access:fee": null, "payment:cash": null, "payment:credit_cards": null, "payment:debit_cards": null, "opening_hours:signed": null, "official_name": null, "bank": null, "contact:email": null, "opening_hours:drive_through": null, "addr:floor": null, "building:levels": null }, "geometry": { "type": "Polygon", "coordinates": [ [ [ 72.9537732, 19.1728575 ], [ 72.9538537, 19.1729357 ], [ 72.9538805, 19.1729112 ], [ 72.9539717, 19.1729998 ], [ 72.9541062, 19.1728763 ], [ 72.9539345, 19.1727095 ], [ 72.9538829, 19.1727568 ], [ 72.9539733, 19.1728447 ], [ 72.953907, 19.1729055 ], [ 72.9538166, 19.1728176 ], [ 72.9537732, 19.1728575 ] ] ] } },
{ "type": "Feature", "properties": { "element": "way", "id": 353172662, "amenity": "bank", "atm": null, "brand": "Bank of India", "brand:wikidata": "Q2004439", "name": "Bank of India", "operator": null, "brand:wikipedia": "en:Bank of India", "short_name": "BoI", "website": "https://www.bankofindia.co.in/", "name:en": "Bank of India", "old_name": null, "addr:housename": null, "addr:postcode": null, "addr:street": null, "alt_name": null, "source": null, "building": "office", "addr:housenumber": null, "wikidata": null, "wikipedia": null, "level": null, "branch": null, "check_date": null, "addr:city": "Mumbai", "wikimedia_commons": null, "brand:en": null, "brand:hi": null, "brand:kn": null, "brand:pa": null, "brand:pnb": null, "brand:ur": null, "brand:wikipedia:pa": null, "name:hi": null, "name:kn": null, "name:pa": null, "name:pnb": null, "name:ur": null, "addr:suburb": null, "note": null, "phone": null, "addr:unit": null, "addr:district": null, "opening_hours": null, "email": null, "fax": null, "addr:city:ur": null, "contact:fax": null, "operator:ur": null, "short_name:ur": null, "description": null, "fixme": null, "check_date:opening_hours": null, "drive_through": null, "highway": null, "traffic_signals": null, "traffic_signals:direction": null, "name:zh": null, "air_conditioning": null, "wheelchair": null, "contact:phone": null, "not:brand:wikidata": null, "opening_hours:covid19": null, "name:mr": null, "internet_access": null, "internet_access:fee": null, "payment:cash": null, "payment:credit_cards": null, "payment:debit_cards": null, "opening_hours:signed": null, "official_name": null, "bank": null, "contact:email": null, "opening_hours:drive_through": null, "addr:floor": null, "building:levels": null }, "geometry": { "type": "Polygon", "coordinates": [ [ [ 72.860733, 19.0607693 ], [ 72.8609491, 19.0608294 ], [ 72.8611967, 19.0608309 ], [ 72.8614398, 19.0607699 ], [ 72.861645, 19.0606509 ], [ 72.861509, 19.0606203 ], [ 72.8612894, 19.0605916 ], [ 72.8611081, 19.0606144 ], [ 72.8609324, 19.0606654 ], [ 72.860733, 19.0607693 ] ] ] } },
{ "type": "Feature", "properties": { "element": "way", "id": 353198963, "amenity": "bank", "atm": null, "brand": "Punjab National Bank", "brand:wikidata": "Q2743499", "name": "Punjab National Bank", "operator": null, "brand:wikipedia": "en:Punjab National Bank", "short_name": null, "website": null, "name:en": null, "old_name": null, "addr:housename": null, "addr:postcode": null, "addr:street": null, "alt_name": null, "source": null, "building": "office", "addr:housenumber": null, "wikidata": null, "wikipedia": null, "level": null, "branch": null, "check_date": null, "addr:city": "Mumbai", "wikimedia_commons": null, "brand:en": null, "brand:hi": null, "brand:kn": null, "brand:pa": null, "brand:pnb": null, "brand:ur": null, "brand:wikipedia:pa": null, "name:hi": null, "name:kn": null, "name:pa": null, "name:pnb": null, "name:ur": null, "addr:suburb": null, "note": null, "phone": null, "addr:unit": null, "addr:district": null, "opening_hours": "Mo-Sa 09:00-15:00", "email": null, "fax": null, "addr:city:ur": null, "contact:fax": null, "operator:ur": null, "short_name:ur": null, "description": null, "fixme": null, "check_date:opening_hours": null, "drive_through": null, "highway": null, "traffic_signals": null, "traffic_signals:direction": null, "name:zh": null, "air_conditioning": null, "wheelchair": null, "contact:phone": null, "not:brand:wikidata": null, "opening_hours:covid19": null, "name:mr": null, "internet_access": null, "internet_access:fee": null, "payment:cash": null, "payment:credit_cards": null, "payment:debit_cards": null, "opening_hours:signed": null, "official_name": null, "bank": null, "contact:email": null, "opening_hours:drive_through": null, "addr:floor": null, "building:levels": null }, "geometry": { "type": "Polygon", "coordinates": [ [ [ 72.92559, 19.0380512 ], [ 72.9255942, 19.0381536 ], [ 72.9258618, 19.0381439 ], [ 72.9258577, 19.0380415 ], [ 72.92559, 19.0380512 ] ] ] } },
{ "type": "Feature", "properties": { "element": "way", "id": 353395884, "amenity": "bank", "atm": null, "brand": "Indian Overseas Bank", "brand:wikidata": "Q2003611", "name": "Indian Overseas Bank", "operator": null, "brand:wikipedia": null, "short_name": null, "website": null, "name:en": null, "old_name": null, "addr:housename": null, "addr:postcode": null, "addr:street": null, "alt_name": null, "source": null, "building": "yes", "addr:housenumber": null, "wikidata": null, "wikipedia": null, "level": null, "branch": null, "check_date": "2026-03-20", "addr:city": "Mumbai", "wikimedia_commons": null, "brand:en": null, "brand:hi": null, "brand:kn": null, "brand:pa": null, "brand:pnb": null, "brand:ur": null, "brand:wikipedia:pa": null, "name:hi": null, "name:kn": null, "name:pa": null, "name:pnb": null, "name:ur": null, "addr:suburb": null, "note": null, "phone": null, "addr:unit": null, "addr:district": null, "opening_hours": null, "email": null, "fax": null, "addr:city:ur": null, "contact:fax": null, "operator:ur": null, "short_name:ur": null, "description": null, "fixme": null, "check_date:opening_hours": null, "drive_through": null, "highway": null, "traffic_signals": null, "traffic_signals:direction": null, "name:zh": null, "air_conditioning": null, "wheelchair": null, "contact:phone": null, "not:brand:wikidata": null, "opening_hours:covid19": null, "name:mr": null, "internet_access": null, "internet_access:fee": null, "payment:cash": null, "payment:credit_cards": null, "payment:debit_cards": null, "opening_hours:signed": null, "official_name": null, "bank": null, "contact:email": null, "opening_hours:drive_through": null, "addr:floor": null, "building:levels": null }, "geometry": { "type": "Polygon", "coordinates": [ [ [ 72.8660819, 19.0390795 ], [ 72.8661759, 19.0390147 ], [ 72.866118, 19.0389397 ], [ 72.866024, 19.0390044 ], [ 72.8660819, 19.0390795 ] ] ] } },
{ "type": "Feature", "properties": { "element": "way", "id": 353395885, "amenity": "bank", "atm": null, "brand": "Central Bank of India", "brand:wikidata": "Q2007090", "name": "Central Bank of India", "operator": null, "brand:wikipedia": null, "short_name": null, "website": null, "name:en": null, "old_name": null, "addr:housename": null, "addr:postcode": "400088", "addr:street": "V.N.Purav Marg", "alt_name": null, "source": null, "building": "apartments", "addr:housenumber": null, "wikidata": null, "wikipedia": null, "level": null, "branch": "Deonar Branch", "check_date": null, "addr:city": "Mumbai", "wikimedia_commons": null, "brand:en": null, "brand:hi": null, "brand:kn": null, "brand:pa": null, "brand:pnb": null, "brand:ur": null, "brand:wikipedia:pa": null, "name:hi": null, "name:kn": null, "name:pa": null, "name:pnb": null, "name:ur": null, "addr:suburb": null, "note": null, "phone": null, "addr:unit": "Opp Deonar Depot", "addr:district": null, "opening_hours": "Mo-Fr 09:00-15:00", "email": null, "fax": null, "addr:city:ur": null, "contact:fax": null, "operator:ur": null, "short_name:ur": null, "description": null, "fixme": null, "check_date:opening_hours": null, "drive_through": null, "highway": null, "traffic_signals": null, "traffic_signals:direction": null, "name:zh": null, "air_conditioning": null, "wheelchair": null, "contact:phone": null, "not:brand:wikidata": null, "opening_hours:covid19": null, "name:mr": null, "internet_access": null, "internet_access:fee": null, "payment:cash": null, "payment:credit_cards": null, "payment:debit_cards": null, "opening_hours:signed": null, "official_name": null, "bank": null, "contact:email": null, "opening_hours:drive_through": null, "addr:floor": null, "building:levels": null }, "geometry": { "type": "Polygon", "coordinates": [ [ [ 72.9115873, 19.0454731 ], [ 72.9119098, 19.0454899 ], [ 72.9119379, 19.0452697 ], [ 72.9116112, 19.0452498 ], [ 72.9115873, 19.0454731 ] ] ] } },
{ "type": "Feature", "properties": { "element": "way", "id": 353424954, "amenity": "bank", "atm": null, "brand": null, "brand:wikidata": null, "name": "The Kurla Nagarik Sahakarl bank Limited", "operator": null, "brand:wikipedia": null, "short_name": null, "website": null, "name:en": null, "old_name": null, "addr:housename": null, "addr:postcode": null, "addr:street": null, "alt_name": null, "source": null, "building": "yes", "addr:housenumber": null, "wikidata": null, "wikipedia": null, "level": null, "branch": null, "check_date": null, "addr:city": null, "wikimedia_commons": null, "brand:en": null, "brand:hi": null, "brand:kn": null, "brand:pa": null, "brand:pnb": null, "brand:ur": null, "brand:wikipedia:pa": null, "name:hi": null, "name:kn": null, "name:pa": null, "name:pnb": null, "name:ur": null, "addr:suburb": null, "note": null, "phone": null, "addr:unit": null, "addr:district": null, "opening_hours": null, "email": null, "fax": null, "addr:city:ur": null, "contact:fax": null, "operator:ur": null, "short_name:ur": null, "description": null, "fixme": null, "check_date:opening_hours": null, "drive_through": null, "highway": null, "traffic_signals": null, "traffic_signals:direction": null, "name:zh": null, "air_conditioning": null, "wheelchair": null, "contact:phone": null, "not:brand:wikidata": null, "opening_hours:covid19": null, "name:mr": null, "internet_access": null, "internet_access:fee": null, "payment:cash": null, "payment:credit_cards": null, "payment:debit_cards": null, "opening_hours:signed": null, "official_name": null, "bank": null, "contact:email": null, "opening_hours:drive_through": null, "addr:floor": null, "building:levels": null }, "geometry": { "type": "Polygon", "coordinates": [ [ [ 72.8795975, 19.0704414 ], [ 72.8795119, 19.0704712 ], [ 72.8795722, 19.0706256 ], [ 72.8796577, 19.0705957 ], [ 72.8795975, 19.0704414 ] ] ] } },
{ "type": "Feature", "properties": { "element": "way", "id": 353773237, "amenity": "bank", "atm": null, "brand": "Central Bank of India", "brand:wikidata": "Q2007090", "name": "Central Bank of India", "operator": null, "brand:wikipedia": "en:Central Bank of India", "short_name": null, "website": null, "name:en": null, "old_name": null, "addr:housename": null, "addr:postcode": null, "addr:street": null, "alt_name": null, "source": null, "building": "yes", "addr:housenumber": null, "wikidata": null, "wikipedia": null, "level": null, "branch": null, "check_date": null, "addr:city": null, "wikimedia_commons": null, "brand:en": null, "brand:hi": null, "brand:kn": null, "brand:pa": null, "brand:pnb": null, "brand:ur": null, "brand:wikipedia:pa": null, "name:hi": null, "name:kn": null, "name:pa": null, "name:pnb": null, "name:ur": null, "addr:suburb": null, "note": null, "phone": null, "addr:unit": null, "addr:district": null, "opening_hours": null, "email": null, "fax": null, "addr:city:ur": null, "contact:fax": null, "operator:ur": null, "short_name:ur": null, "description": null, "fixme": null, "check_date:opening_hours": null, "drive_through": null, "highway": null, "traffic_signals": null, "traffic_signals:direction": null, "name:zh": null, "air_conditioning": null, "wheelchair": null, "contact:phone": null, "not:brand:wikidata": null, "opening_hours:covid19": null, "name:mr": null, "internet_access": null, "internet_access:fee": null, "payment:cash": null, "payment:credit_cards": null, "payment:debit_cards": null, "opening_hours:signed": null, "official_name": null, "bank": null, "contact:email": null, "opening_hours:drive_through": null, "addr:floor": null, "building:levels": null }, "geometry": { "type": "Polygon", "coordinates": [ [ [ 72.8095808, 18.9584193 ], [ 72.8098033, 18.9582918 ], [ 72.8097289, 18.9581757 ], [ 72.8095064, 18.9583032 ], [ 72.8095808, 18.9584193 ] ] ] } },
{ "type": "Feature", "properties": { "element": "way", "id": 354294903, "amenity": "bank", "atm": "no", "brand": null, "brand:wikidata": null, "name": "Saraswat Bank Head Office", "operator": null, "brand:wikipedia": null, "short_name": null, "website": null, "name:en": null, "old_name": null, "addr:housename": null, "addr:postcode": null, "addr:street": null, "alt_name": null, "source": null, "building": "yes", "addr:housenumber": null, "wikidata": "Q7423261", "wikipedia": "en:Saraswat Co-operative Bank Ltd", "level": null, "branch": null, "check_date": null, "addr:city": null, "wikimedia_commons": null, "brand:en": null, "brand:hi": null, "brand:kn": null, "brand:pa": null, "brand:pnb": null, "brand:ur": null, "brand:wikipedia:pa": null, "name:hi": null, "name:kn": null, "name:pa": null, "name:pnb": null, "name:ur": null, "addr:suburb": null, "note": null, "phone": null, "addr:unit": null, "addr:district": null, "opening_hours": null, "email": null, "fax": null, "addr:city:ur": null, "contact:fax": null, "operator:ur": null, "short_name:ur": null, "description": null, "fixme": null, "check_date:opening_hours": null, "drive_through": "no", "highway": null, "traffic_signals": null, "traffic_signals:direction": null, "name:zh": null, "air_conditioning": null, "wheelchair": null, "contact:phone": null, "not:brand:wikidata": null, "opening_hours:covid19": null, "name:mr": null, "internet_access": null, "internet_access:fee": null, "payment:cash": null, "payment:credit_cards": null, "payment:debit_cards": null, "opening_hours:signed": null, "official_name": null, "bank": null, "contact:email": null, "opening_hours:drive_through": null, "addr:floor": null, "building:levels": null }, "geometry": { "type": "Polygon", "coordinates": [ [ [ 72.8296729, 19.0134671 ], [ 72.8295863, 19.013636 ], [ 72.8298764, 19.0137689 ], [ 72.8298833, 19.0137554 ], [ 72.8299303, 19.0137762 ], [ 72.8299652, 19.0137829 ], [ 72.8300006, 19.0137777 ], [ 72.8300312, 19.01376 ], [ 72.8300524, 19.0137326 ], [ 72.8300608, 19.0136997 ], [ 72.8300553, 19.0136662 ], [ 72.8300366, 19.0136373 ], [ 72.8300089, 19.0136211 ], [ 72.8296729, 19.0134671 ] ] ] } },
{ "type": "Feature", "properties": { "element": "way", "id": 356173978, "amenity": "bank", "atm": null, "brand": "Bank of Baroda", "brand:wikidata": "Q2003797", "name": "Bank of Baroda", "operator": null, "brand:wikipedia": null, "short_name": null, "website": null, "name:en": null, "old_name": null, "addr:housename": null, "addr:postcode": "400021", "addr:street": "Jagannath Bhosle Rd, Nariman Point", "alt_name": null, "source": null, "building": "apartments", "addr:housenumber": null, "wikidata": null, "wikipedia": null, "level": null, "branch": null, "check_date": null, "addr:city": "Mumbai", "wikimedia_commons": null, "brand:en": null, "brand:hi": null, "brand:kn": null, "brand:pa": null, "brand:pnb": null, "brand:ur": null, "brand:wikipedia:pa": null, "name:hi": null, "name:kn": null, "name:pa": null, "name:pnb": null, "name:ur": null, "addr:suburb": null, "note": null, "phone": null, "addr:unit": null, "addr:district": null, "opening_hours": null, "email": null, "fax": null, "addr:city:ur": null, "contact:fax": null, "operator:ur": null, "short_name:ur": null, "description": null, "fixme": null, "check_date:opening_hours": null, "drive_through": null, "highway": null, "traffic_signals": null, "traffic_signals:direction": null, "name:zh": null, "air_conditioning": null, "wheelchair": null, "contact:phone": null, "not:brand:wikidata": null, "opening_hours:covid19": null, "name:mr": null, "internet_access": null, "internet_access:fee": null, "payment:cash": null, "payment:credit_cards": null, "payment:debit_cards": null, "opening_hours:signed": null, "official_name": null, "bank": null, "contact:email": null, "opening_hours:drive_through": null, "addr:floor": null, "building:levels": null }, "geometry": { "type": "Polygon", "coordinates": [ [ [ 72.8270786, 18.9238521 ], [ 72.8270884, 18.9239787 ], [ 72.8272188, 18.9239697 ], [ 72.8272091, 18.9238431 ], [ 72.8270786, 18.9238521 ] ] ] } },
{ "type": "Feature", "properties": { "element": "way", "id": 356258925, "amenity": "bank", "atm": "yes", "brand": "State Bank of India", "brand:wikidata": "Q1340361", "name": "State Bank of India", "operator": null, "brand:wikipedia": "en:State Bank of India", "short_name": "SBI", "website": null, "name:en": null, "old_name": null, "addr:housename": null, "addr:postcode": "400051", "addr:street": "Bandra Kurla Complex Road", "alt_name": null, "source": null, "building": "office", "addr:housenumber": null, "wikidata": null, "wikipedia": null, "level": null, "branch": "LHO Mumbai", "check_date": null, "addr:city": "Mumbai", "wikimedia_commons": null, "brand:en": null, "brand:hi": null, "brand:kn": null, "brand:pa": null, "brand:pnb": null, "brand:ur": null, "brand:wikipedia:pa": null, "name:hi": null, "name:kn": null, "name:pa": null, "name:pnb": null, "name:ur": null, "addr:suburb": null, "note": null, "phone": null, "addr:unit": null, "addr:district": null, "opening_hours": null, "email": null, "fax": null, "addr:city:ur": null, "contact:fax": null, "operator:ur": null, "short_name:ur": null, "description": null, "fixme": null, "check_date:opening_hours": null, "drive_through": null, "highway": null, "traffic_signals": null, "traffic_signals:direction": null, "name:zh": null, "air_conditioning": null, "wheelchair": null, "contact:phone": null, "not:brand:wikidata": null, "opening_hours:covid19": null, "name:mr": null, "internet_access": null, "internet_access:fee": null, "payment:cash": null, "payment:credit_cards": null, "payment:debit_cards": null, "opening_hours:signed": null, "official_name": null, "bank": null, "contact:email": null, "opening_hours:drive_through": null, "addr:floor": null, "building:levels": null }, "geometry": { "type": "Polygon", "coordinates": [ [ [ 72.8608651, 19.0598152 ], [ 72.8608126, 19.059848 ], [ 72.8608049, 19.0598907 ], [ 72.8607453, 19.0598902 ], [ 72.8608201, 19.0601048 ], [ 72.860852, 19.0603126 ], [ 72.8609524, 19.0603404 ], [ 72.8609586, 19.0602774 ], [ 72.8611451, 19.060294 ], [ 72.8611426, 19.060367 ], [ 72.861182, 19.0603691 ], [ 72.8611849, 19.0603509 ], [ 72.8612066, 19.0603526 ], [ 72.8612479, 19.0603169 ], [ 72.8612637, 19.0602755 ], [ 72.8612608, 19.060231 ], [ 72.8612395, 19.0601847 ], [ 72.8613013, 19.0601335 ], [ 72.8613172, 19.0600071 ], [ 72.8612608, 19.0599708 ], [ 72.8612889, 19.0599232 ], [ 72.8612802, 19.0598785 ], [ 72.8612467, 19.0598435 ], [ 72.8611869, 19.0598439 ], [ 72.8611812, 19.0599005 ], [ 72.8609839, 19.0598829 ], [ 72.8609896, 19.0598263 ], [ 72.8608651, 19.0598152 ] ] ] } },
{ "type": "Feature", "properties": { "element": "way", "id": 358888209, "amenity": "bank", "atm": null, "brand": null, "brand:wikidata": null, "name": "ICICI Bank ATM", "operator": null, "brand:wikipedia": null, "short_name": null, "website": null, "name:en": null, "old_name": null, "addr:housename": null, "addr:postcode": null, "addr:street": null, "alt_name": null, "source": null, "building": "yes", "addr:housenumber": null, "wikidata": null, "wikipedia": null, "level": null, "branch": null, "check_date": null, "addr:city": null, "wikimedia_commons": null, "brand:en": null, "brand:hi": null, "brand:kn": null, "brand:pa": null, "brand:pnb": null, "brand:ur": null, "brand:wikipedia:pa": null, "name:hi": null, "name:kn": null, "name:pa": null, "name:pnb": null, "name:ur": null, "addr:suburb": null, "note": null, "phone": null, "addr:unit": null, "addr:district": null, "opening_hours": null, "email": null, "fax": null, "addr:city:ur": null, "contact:fax": null, "operator:ur": null, "short_name:ur": null, "description": null, "fixme": null, "check_date:opening_hours": null, "drive_through": null, "highway": null, "traffic_signals": null, "traffic_signals:direction": null, "name:zh": null, "air_conditioning": null, "wheelchair": null, "contact:phone": null, "not:brand:wikidata": null, "opening_hours:covid19": null, "name:mr": null, "internet_access": null, "internet_access:fee": null, "payment:cash": null, "payment:credit_cards": null, "payment:debit_cards": null, "opening_hours:signed": null, "official_name": null, "bank": null, "contact:email": null, "opening_hours:drive_through": null, "addr:floor": null, "building:levels": null }, "geometry": { "type": "Polygon", "coordinates": [ [ [ 72.8647474, 19.1084047 ], [ 72.864782, 19.1083884 ], [ 72.8647695, 19.1083647 ], [ 72.8647859, 19.108357 ], [ 72.8647514, 19.1082915 ], [ 72.8647214, 19.1083056 ], [ 72.8647064, 19.1082772 ], [ 72.8647713, 19.1082466 ], [ 72.8647093, 19.1081289 ], [ 72.8646615, 19.1081514 ], [ 72.8646907, 19.1082067 ], [ 72.8646525, 19.1082246 ], [ 72.8647474, 19.1084047 ] ] ] } },
{ "type": "Feature", "properties": { "element": "way", "id": 695890088, "amenity": "bank", "atm": "yes", "brand": "Punjab National Bank", "brand:wikidata": "Q2743499", "name": "Punjab National Bank", "operator": null, "brand:wikipedia": "en:Punjab National Bank", "short_name": null, "website": null, "name:en": null, "old_name": null, "addr:housename": null, "addr:postcode": "400022", "addr:street": "Sion Circle", "alt_name": "Vandana CHS", "source": null, "building": "yes", "addr:housenumber": "43 vandana bldg", "wikidata": null, "wikipedia": null, "level": null, "branch": null, "check_date": null, "addr:city": "Mumbai", "wikimedia_commons": null, "brand:en": null, "brand:hi": null, "brand:kn": null, "brand:pa": null, "brand:pnb": null, "brand:ur": null, "brand:wikipedia:pa": null, "name:hi": null, "name:kn": null, "name:pa": null, "name:pnb": null, "name:ur": null, "addr:suburb": null, "note": null, "phone": null, "addr:unit": null, "addr:district": null, "opening_hours": null, "email": null, "fax": null, "addr:city:ur": null, "contact:fax": null, "operator:ur": null, "short_name:ur": null, "description": null, "fixme": null, "check_date:opening_hours": null, "drive_through": "no", "highway": null, "traffic_signals": null, "traffic_signals:direction": null, "name:zh": null, "air_conditioning": null, "wheelchair": null, "contact:phone": null, "not:brand:wikidata": null, "opening_hours:covid19": null, "name:mr": null, "internet_access": null, "internet_access:fee": null, "payment:cash": null, "payment:credit_cards": null, "payment:debit_cards": null, "opening_hours:signed": null, "official_name": null, "bank": null, "contact:email": null, "opening_hours:drive_through": null, "addr:floor": null, "building:levels": null }, "geometry": { "type": "Polygon", "coordinates": [ [ [ 72.8629866, 19.0428311 ], [ 72.862886, 19.0426807 ], [ 72.8630066, 19.0426087 ], [ 72.8631071, 19.042759 ], [ 72.8629866, 19.0428311 ] ] ] } },
{ "type": "Feature", "properties": { "element": "way", "id": 793852027, "amenity": "bank", "atm": null, "brand": "State Bank of India", "brand:wikidata": "Q1340361", "name": "State Bank of India", "operator": null, "brand:wikipedia": "en:State Bank of India", "short_name": null, "website": null, "name:en": null, "old_name": null, "addr:housename": null, "addr:postcode": null, "addr:street": null, "alt_name": null, "source": null, "building": "yes", "addr:housenumber": null, "wikidata": null, "wikipedia": null, "level": null, "branch": null, "check_date": null, "addr:city": null, "wikimedia_commons": null, "brand:en": null, "brand:hi": null, "brand:kn": null, "brand:pa": null, "brand:pnb": null, "brand:ur": null, "brand:wikipedia:pa": null, "name:hi": null, "name:kn": null, "name:pa": null, "name:pnb": null, "name:ur": null, "addr:suburb": null, "note": null, "phone": null, "addr:unit": null, "addr:district": null, "opening_hours": null, "email": null, "fax": null, "addr:city:ur": null, "contact:fax": null, "operator:ur": null, "short_name:ur": null, "description": null, "fixme": null, "check_date:opening_hours": null, "drive_through": null, "highway": null, "traffic_signals": null, "traffic_signals:direction": null, "name:zh": null, "air_conditioning": null, "wheelchair": null, "contact:phone": null, "not:brand:wikidata": null, "opening_hours:covid19": null, "name:mr": null, "internet_access": null, "internet_access:fee": null, "payment:cash": null, "payment:credit_cards": null, "payment:debit_cards": null, "opening_hours:signed": null, "official_name": null, "bank": null, "contact:email": null, "opening_hours:drive_through": null, "addr:floor": null, "building:levels": null }, "geometry": { "type": "Polygon", "coordinates": [ [ [ 72.8227306, 19.1422422 ], [ 72.8227616, 19.1422565 ], [ 72.8227896, 19.142271 ], [ 72.8226859, 19.142465 ], [ 72.8226249, 19.1424362 ], [ 72.8227306, 19.1422422 ] ] ] } },
{ "type": "Feature", "properties": { "element": "way", "id": 906170575, "amenity": "bank", "atm": "yes", "brand": "Bank of India", "brand:wikidata": "Q2004439", "name": "Bank of India", "operator": "Bank of India", "brand:wikipedia": "en:Bank of India", "short_name": null, "website": null, "name:en": null, "old_name": null, "addr:housename": null, "addr:postcode": "400051", "addr:street": "Sharada Devi Road", "alt_name": null, "source": null, "building": "yes", "addr:housenumber": null, "wikidata": null, "wikipedia": null, "level": null, "branch": "Bandra East Branch", "check_date": null, "addr:city": "Mumbai", "wikimedia_commons": null, "brand:en": null, "brand:hi": null, "brand:kn": null, "brand:pa": null, "brand:pnb": null, "brand:ur": null, "brand:wikipedia:pa": null, "name:hi": null, "name:kn": null, "name:pa": null, "name:pnb": null, "name:ur": null, "addr:suburb": null, "note": null, "phone": null, "addr:unit": null, "addr:district": null, "opening_hours": null, "email": null, "fax": null, "addr:city:ur": null, "contact:fax": null, "operator:ur": null, "short_name:ur": null, "description": null, "fixme": null, "check_date:opening_hours": null, "drive_through": "no", "highway": null, "traffic_signals": null, "traffic_signals:direction": null, "name:zh": null, "air_conditioning": null, "wheelchair": null, "contact:phone": null, "not:brand:wikidata": null, "opening_hours:covid19": null, "name:mr": null, "internet_access": null, "internet_access:fee": null, "payment:cash": null, "payment:credit_cards": null, "payment:debit_cards": null, "opening_hours:signed": null, "official_name": null, "bank": null, "contact:email": null, "opening_hours:drive_through": null, "addr:floor": null, "building:levels": null }, "geometry": { "type": "Polygon", "coordinates": [ [ [ 72.8478286, 19.0664038 ], [ 72.8478245, 19.066325 ], [ 72.8479695, 19.066319 ], [ 72.8479597, 19.0663922 ], [ 72.8478286, 19.0664038 ] ] ] } },
{ "type": "Feature", "properties": { "element": "way", "id": 1465598065, "amenity": "bank", "atm": null, "brand": "Bank of Maharashtra", "brand:wikidata": "Q2004304", "name": "Bank of Maharashtra", "operator": null, "brand:wikipedia": null, "short_name": null, "website": null, "name:en": null, "old_name": null, "addr:housename": null, "addr:postcode": null, "addr:street": null, "alt_name": null, "source": null, "building": "yes", "addr:housenumber": null, "wikidata": null, "wikipedia": null, "level": null, "branch": null, "check_date": null, "addr:city": null, "wikimedia_commons": null, "brand:en": null, "brand:hi": null, "brand:kn": null, "brand:pa": null, "brand:pnb": null, "brand:ur": null, "brand:wikipedia:pa": null, "name:hi": null, "name:kn": null, "name:pa": null, "name:pnb": null, "name:ur": null, "addr:suburb": null, "note": null, "phone": null, "addr:unit": null, "addr:district": null, "opening_hours": null, "email": null, "fax": null, "addr:city:ur": null, "contact:fax": null, "operator:ur": null, "short_name:ur": null, "description": null, "fixme": null, "check_date:opening_hours": null, "drive_through": null, "highway": null, "traffic_signals": null, "traffic_signals:direction": null, "name:zh": null, "air_conditioning": null, "wheelchair": null, "contact:phone": null, "not:brand:wikidata": null, "opening_hours:covid19": null, "name:mr": null, "internet_access": null, "internet_access:fee": null, "payment:cash": null, "payment:credit_cards": null, "payment:debit_cards": null, "opening_hours:signed": null, "official_name": null, "bank": null, "contact:email": null, "opening_hours:drive_through": null, "addr:floor": null, "building:levels": null }, "geometry": { "type": "Polygon", "coordinates": [ [ [ 72.8480004, 19.0673754 ], [ 72.8480865, 19.0673846 ], [ 72.8480819, 19.0674232 ], [ 72.8481513, 19.0674306 ], [ 72.8481415, 19.067512 ], [ 72.847986, 19.0674953 ], [ 72.8480004, 19.0673754 ] ] ] } }
]
}
