{
"type": "FeatureCollection",
"name": "mumbai_features",
"crs": { "type": "name", "properties": { "name": "urn:ogc:def:crs:OGC:1.3:CRS84" } },
"features": [
{ "type": "Feature", "properties": { "hex_id": "88608b5619fffff", "police_distance": 1726.6878490965212, "hospital_distance": 2059.8497648911903, "railway_distance": 1688.7667943050189, "metro_distance": 5606.3631698525014, "bus_stop_distance": 1871.0747168064254, "restaurants": 0, "parks": 0, "schools": 0, "pharmacies": 0, "crime_count": 0 }, "geometry": { "type": "Polygon", "coordinates": [ [ [ 72.956459567206508, 19.055302340759859 ], [ 72.956465959266097, 19.060051692047765 ], [ 72.952416287249008, 19.062198724549145 ], [ 72.948360527374248, 19.059596545364609 ], [ 72.948354270017958, 19.05484745301683 ], [ 72.952403637840916, 19.052700280913992 ], [ 72.956459567206508, 19.055302340759859 ] ] ] } },
{ "type": "Feature", "properties": { "hex_id": "88608b5489fffff", "police_distance": 1676.2657340605303, "hospital_distance": 317.68209043683913, "railway_distance": 800.12289200444377, "metro_distance": 839.86155354884056, "bus_stop_distance": 79.13547850983592, "restaurants": 1, "parks": 1, "schools": 0, "pharmacies": 0, "crime_count": 0 }, "geometry": { "type": "Polygon", "coordinates": [ [ [ 72.891707539588282, 19.108614531584195 ], [ 72.89171285701002, 19.113360432320569 ], [ 72.887665635190501, 19.115502972978948 ], [ 72.883613400488301, 19.112899753156793 ], [ 72.883608217573496, 19.108154111601358 ], [ 72.88765513486176, 19.106011430687694 ], [ 72.891707539588282, 19.108614531584195 ] ] ] } },
{ "type": "Feature", "properties": { "hex_id": "88608b446dfffff", "police_distance": 673.39542791013787, "hospital_distance": 76.958587049979158, "railway_distance": 729.5285554625433, "metro_distance": 1510.8506450063728, "bus_stop_distance": 187.72618727674711, "restaurants": 2, "parks": 0, "schools": 0, "pharmacies": 0, "crime_count": 1 }, "geometry": { "type": "Polygon", "coordinates": [ [ [ 72.859430704016731, 19.220615872944531 ], [ 72.85943548740137, 19.22535795738057 ], [ 72.85538828506246, 19.227494874422312 ], [ 72.851336604226546, 19.224889847993349 ], [ 72.851331955330693, 19.220148022509566 ], [ 72.855378852789812, 19.218010964503033 ], [ 72.859430704016731, 19.220615872944531 ] ] ] } },
{ "type": "Feature", "properties": { "hex_id": "88608b42ddfffff", "police_distance": 2562.795625392544, "hospital_distance": 1047.429125468452, "railway_distance": 3265.0677349315233, "metro_distance": 9407.5052178079277, "bus_stop_distance": 250.15076529385652, "restaurants": 0, "parks": 1, "schools": 0, "pharmacies": 0, "crime_count": 0 }, "geometry": { "type": "Polygon", "coordinates": [ [ [ 72.948542080972473, 19.197270133439165 ], [ 72.94854834455559, 19.202015761852746 ], [ 72.944497061060503, 19.204156900476576 ], [ 72.9404398185128, 19.201552550981166 ], [ 72.940433689736125, 19.196807180991463 ], [ 72.94448466870854, 19.19466590207378 ], [ 72.948542080972473, 19.197270133439165 ] ] ] } },
{ "type": "Feature", "properties": { "hex_id": "88608b0167fffff", "police_distance": 992.1299137250295, "hospital_distance": 192.09674619311491, "railway_distance": 1098.1581455491325, "metro_distance": 1576.0963068247931, "bus_stop_distance": 808.30316713566413, "restaurants": 5, "parks": 3, "schools": 1, "pharmacies": 1, "crime_count": 0 }, "geometry": { "type": "Polygon", "coordinates": [ [ [ 72.818736979383104, 18.976340335903888 ], [ 72.81874108369874, 18.981086984033563 ], [ 72.814699343177963, 18.983232048103797 ], [ 72.810653802848876, 18.980630604159348 ], [ 72.810649832638006, 18.9758842162503 ], [ 72.814691268659345, 18.973739012065806 ], [ 72.818736979383104, 18.976340335903888 ] ] ] } },
{ "type": "Feature", "properties": { "hex_id": "88608b4703fffff", "police_distance": 1235.651889975027, "hospital_distance": 450.70596292614459, "railway_distance": 928.1881024827353, "metro_distance": 2355.2719004268533, "bus_stop_distance": 841.64037233480872, "restaurants": 0, "parks": 1, "schools": 1, "pharmacies": 1, "crime_count": 0 }, "geometry": { "type": "Polygon", "coordinates": [ [ [ 72.879674056352954, 19.2146698544251 ], [ 72.879679175842256, 19.219412760785772 ], [ 72.875631053982673, 19.221550662736639 ], [ 72.871578117439427, 19.218945799137074 ], [ 72.871573132510647, 19.214203151611706 ], [ 72.875620949572422, 19.212065108851132 ], [ 72.879674056352954, 19.2146698544251 ] ] ] } },
{ "type": "Feature", "properties": { "hex_id": "88608b0b43fffff", "police_distance": 1184.2605828935475, "hospital_distance": 754.64598311312056, "railway_distance": 613.78370210542437, "metro_distance": 1134.5413757795729, "bus_stop_distance": 433.86375715748102, "restaurants": 3, "parks": 0, "schools": 0, "pharmacies": 0, "crime_count": 0 }, "geometry": { "type": "Polygon", "coordinates": [ [ [ 72.867353467545826, 19.050281930339299 ], [ 72.867358379587472, 19.055028430053934 ], [ 72.863313186253905, 19.057172373159119 ], [ 72.859263385377446, 19.05456995669492 ], [ 72.859258607695239, 19.049823716565953 ], [ 72.863303496537839, 19.047679633316136 ], [ 72.867353467545826, 19.050281930339299 ] ] ] } },
{ "type": "Feature", "properties": { "hex_id": "88608b5695fffff", "police_distance": 357.00823224369401, "hospital_distance": 656.68705049083724, "railway_distance": 407.40367271543005, "metro_distance": 2349.6279891516006, "bus_stop_distance": 383.91311180542584, "restaurants": 0, "parks": 3, "schools": 3, "pharmacies": 3, "crime_count": 0 }, "geometry": { "type": "Polygon", "coordinates": [ [ [ 72.899758751631907, 19.06635403621658 ], [ 72.899764201966079, 19.071101230108891 ], [ 72.895717177217833, 19.07324573528831 ], [ 72.891665006557147, 19.070643186588242 ], [ 72.891659690720985, 19.065896251990292 ], [ 72.895706411055315, 19.063751606798668 ], [ 72.899758751631907, 19.06635403621658 ] ] ] } },
{ "type": "Feature", "properties": { "hex_id": "88608b5505fffff", "police_distance": 407.49644408650664, "hospital_distance": 142.08808636522306, "railway_distance": 1892.5861254569809, "metro_distance": 10787.179296700106, "bus_stop_distance": 575.49217176542879, "restaurants": 1, "parks": 0, "schools": 1, "pharmacies": 1, "crime_count": 0 }, "geometry": { "type": "Polygon", "coordinates": [ [ [ 72.976898614961783, 19.17752722994074 ], [ 72.976905349608316, 19.182274285764716 ], [ 72.972852944801318, 19.184417253131901 ], [ 72.968794109737303, 19.181813304700196 ], [ 72.968787509986399, 19.1770665071808 ], [ 72.972839610411697, 19.174923399788966 ], [ 72.976898614961783, 19.17752722994074 ] ] ] } },
{ "type": "Feature", "properties": { "hex_id": "88608b0929fffff", "police_distance": 707.71477614937965, "hospital_distance": 223.6449014888708, "railway_distance": 365.45429403854024, "metro_distance": 405.92360025028773, "bus_stop_distance": 223.64490148868555, "restaurants": 5, "parks": 0, "schools": 2, "pharmacies": 2, "crime_count": 0 }, "geometry": { "type": "Polygon", "coordinates": [ [ [ 72.839098924241668, 19.126964456504862 ], [ 72.839103368590585, 19.131708153298625 ], [ 72.835058495923946, 19.133848025288117 ], [ 72.831009483666264, 19.131244341156599 ], [ 72.831005173640733, 19.126500903837279 ], [ 72.835049741557299, 19.124360891175655 ], [ 72.839098924241668, 19.126964456504862 ] ] ] } },
{ "type": "Feature", "properties": { "hex_id": "88608b18bbfffff", "police_distance": 124.41168258224391, "hospital_distance": 89.016726597291182, "railway_distance": 507.4700831934195, "metro_distance": 2552.8312077094615, "bus_stop_distance": 282.6910021273485, "restaurants": 0, "parks": 0, "schools": 3, "pharmacies": 3, "crime_count": 2 }, "geometry": { "type": "Polygon", "coordinates": [ [ [ 72.838952343281164, 18.970358162172175 ], [ 72.838956782775256, 18.975105630594136 ], [ 72.83491412300674, 18.977251675127068 ], [ 72.830867328170285, 18.974650391197411 ], [ 72.830863022852597, 18.969903182878639 ], [ 72.834905378202791, 18.967756998387031 ], [ 72.838952343281164, 18.970358162172175 ] ] ] } },
{ "type": "Feature", "properties": { "hex_id": "88608b5581fffff", "police_distance": 2387.5098052485432, "hospital_distance": 2115.5383666695543, "railway_distance": 3970.7053162349621, "metro_distance": 5166.1270731735185, "bus_stop_distance": 1760.739404005549, "restaurants": 0, "parks": 0, "schools": 0, "pharmacies": 0, "crime_count": 0 }, "geometry": { "type": "Polygon", "coordinates": [ [ [ 72.916079868319159, 19.166946490374396 ], [ 72.916085591725576, 19.171691781451806 ], [ 72.912036340979483, 19.173832918431742 ], [ 72.90798167140575, 19.17122890469884 ], [ 72.907976082653789, 19.166483872396014 ], [ 72.912025028828921, 19.164342595052094 ], [ 72.916079868319159, 19.166946490374396 ] ] ] } },
{ "type": "Feature", "properties": { "hex_id": "88608b0b35fffff", "police_distance": 874.61718831667395, "hospital_distance": 534.93029517596256, "railway_distance": 608.8256767703989, "metro_distance": 874.97810287948766, "bus_stop_distance": 119.37709225564805, "restaurants": 1, "parks": 3, "schools": 0, "pharmacies": 0, "crime_count": 0 }, "geometry": { "type": "Polygon", "coordinates": [ [ [ 72.847152424029886, 19.084726920557841 ], [ 72.847157001368601, 19.089471912149712 ], [ 72.843112324408239, 19.091613750487877 ], [ 72.839063374750026, 19.089010737664381 ], [ 72.83905893172593, 19.084266005661142 ], [ 72.843103304053287, 19.082124026893371 ], [ 72.847152424029886, 19.084726920557841 ] ] ] } },
{ "type": "Feature", "properties": { "hex_id": "88608b19c1fffff", "police_distance": 5227.1438310843187, "hospital_distance": 3421.9994371305947, "railway_distance": 2699.5967909305568, "metro_distance": 6730.5393202575615, "bus_stop_distance": 1506.7359784867269, "restaurants": 0, "parks": 0, "schools": 0, "pharmacies": 0, "crime_count": 0 }, "geometry": { "type": "Polygon", "coordinates": [ [ [ 72.903734168369724, 19.002482756159235 ], [ 72.90373968349715, 19.00723162158484 ], [ 72.899693361705914, 19.009378789138047 ], [ 72.895641829059926, 19.006777230961454 ], [ 72.895636448385844, 19.002028625057346 ], [ 72.899682465912207, 18.999881317808921 ], [ 72.903734168369724, 19.002482756159235 ] ] ] } },
{ "type": "Feature", "properties": { "hex_id": "88608b5687fffff", "police_distance": 1122.2812521480498, "hospital_distance": 115.60505642132239, "railway_distance": 1040.5448577351208, "metro_distance": 1075.8769445587, "bus_stop_distance": 437.00043562870758, "restaurants": 2, "parks": 1, "schools": 1, "pharmacies": 1, "crime_count": 0 }, "geometry": { "type": "Polygon", "coordinates": [ [ [ 72.911917600792819, 19.074161476589044 ], [ 72.911923253213573, 19.078908887274075 ], [ 72.907875516788991, 19.081053533357473 ], [ 72.903822432339965, 19.078450908726893 ], [ 72.903816914470809, 19.073703757219597 ], [ 72.907864346506869, 19.071558971165718 ], [ 72.911917600792819, 19.074161476589044 ] ] ] } },
{ "type": "Feature", "properties": { "hex_id": "88608b4687fffff", "police_distance": 3110.4546091113148, "hospital_distance": 3128.9259026833874, "railway_distance": 4303.9175809862054, "metro_distance": 4838.6491629966349, "bus_stop_distance": 2855.6381621975906, "restaurants": 0, "parks": 0, "schools": 0, "pharmacies": 0, "crime_count": 0 }, "geometry": { "type": "Polygon", "coordinates": [ [ [ 72.798673643204495, 19.167321110411578 ], [ 72.798677417375004, 19.172062469980158 ], [ 72.79463398363869, 19.174199250107872 ], [ 72.790587080712484, 19.171594811778213 ], [ 72.790583440748591, 19.166853711801856 ], [ 72.794626569512147, 19.164716790563581 ], [ 72.798673643204495, 19.167321110411578 ] ] ] } },
{ "type": "Feature", "properties": { "hex_id": "88608b5513fffff", "police_distance": 309.12886604920334, "hospital_distance": 258.53839949589684, "railway_distance": 1189.5365485957698, "metro_distance": 6942.9445457101237, "bus_stop_distance": 131.77395813672896, "restaurants": 2, "parks": 1, "schools": 1, "pharmacies": 1, "crime_count": 0 }, "geometry": { "type": "Polygon", "coordinates": [ [ [ 72.94444130194826, 19.161443747161098 ], [ 72.94444749658345, 19.166190117423906 ], [ 72.940396921343549, 19.168332520281488 ], [ 72.936340455937142, 19.165728693035664 ], [ 72.936334396059138, 19.160982581370721 ], [ 72.940384666838142, 19.158840038354285 ], [ 72.94444130194826, 19.161443747161098 ] ] ] } },
{ "type": "Feature", "properties": { "hex_id": "88608b466bfffff", "police_distance": 1058.1160875895839, "hospital_distance": 688.43544111177175, "railway_distance": 1369.0063229013074, "metro_distance": 1378.697033716059, "bus_stop_distance": 539.94813527065185, "restaurants": 0, "parks": 0, "schools": 1, "pharmacies": 1, "crime_count": 0 }, "geometry": { "type": "Polygon", "coordinates": [ [ [ 72.875570437567376, 19.164630364119635 ], [ 72.875575488014562, 19.16937436073815 ], [ 72.87152827558576, 19.17151409147349 ], [ 72.867476317423154, 19.16890996620171 ], [ 72.867471401473878, 19.164166228650572 ], [ 72.871518309197143, 19.16202635730443 ], [ 72.875570437567376, 19.164630364119635 ] ] ] } },
{ "type": "Feature", "properties": { "hex_id": "88608b1937fffff", "police_distance": 845.93926541477902, "hospital_distance": 972.85895424195417, "railway_distance": 463.02288635280524, "metro_distance": 5091.7578530128367, "bus_stop_distance": 303.54871973291722, "restaurants": 0, "parks": 5, "schools": 1, "pharmacies": 1, "crime_count": 0 }, "geometry": { "type": "Polygon", "coordinates": [ [ [ 72.924026508319443, 19.039235339973345 ], [ 72.924032361171285, 19.043983998349109 ], [ 72.919984518032095, 19.046130467308526 ], [ 72.915931126321553, 19.043528417627126 ], [ 72.915925408034667, 19.038780018483841 ], [ 72.919972946901169, 19.036633409790053 ], [ 72.924026508319443, 19.039235339973345 ] ] ] } },
{ "type": "Feature", "properties": { "hex_id": "88608b40d1fffff", "police_distance": 4659.5967595874372, "hospital_distance": 3710.91779018754, "railway_distance": 3992.6536746336196, "metro_distance": 4951.0131591822546, "bus_stop_distance": 3938.4943553618637, "restaurants": 0, "parks": 0, "schools": 0, "pharmacies": 0, "crime_count": 0 }, "geometry": { "type": "Polygon", "coordinates": [ [ [ 72.912121206021368, 19.244995521797147 ], [ 72.912126865191695, 19.249738762431235 ], [ 72.908076708542708, 19.251876664297434 ], [ 72.904021197481669, 19.249271466269256 ], [ 72.90401567302402, 19.244528484119904 ], [ 72.908065524922563, 19.242390441514505 ], [ 72.912121206021368, 19.244995521797147 ] ] ] } },
{ "type": "Feature", "properties": { "hex_id": "88608b56a3fffff", "police_distance": 1676.4393391469739, "hospital_distance": 109.48305440161764, "railway_distance": 433.10625698368801, "metro_distance": 361.13181231635309, "bus_stop_distance": 161.32818711775141, "restaurants": 1, "parks": 0, "schools": 0, "pharmacies": 0, "crime_count": 0 }, "geometry": { "type": "Polygon", "coordinates": [ [ [ 72.911934558617105, 19.08840336427674 ], [ 72.911940211599884, 19.09315043047237 ], [ 72.907892273600396, 19.095294515569428 ], [ 72.903838987044622, 19.092691674506565 ], [ 72.903833468626885, 19.087944867431393 ], [ 72.907881102207682, 19.085800642299208 ], [ 72.911934558617105, 19.08840336427674 ] ] ] } },
{ "type": "Feature", "properties": { "hex_id": "88608b546dfffff", "police_distance": 3516.3825059359892, "hospital_distance": 3334.3617183630104, "railway_distance": 3579.243337187746, "metro_distance": 7915.4923975370257, "bus_stop_distance": 2508.7727436643636, "restaurants": 0, "parks": 0, "schools": 0, "pharmacies": 0, "crime_count": 0 }, "geometry": { "type": "Polygon", "coordinates": [ [ [ 72.97277295172843, 19.127447176739807 ], [ 72.972779616602068, 19.132195319764108 ], [ 72.968728122076271, 19.134340111316671 ], [ 72.964670266974622, 19.131736899670553 ], [ 72.9646637369339, 19.12698901518209 ], [ 72.968714927169728, 19.12484408380443 ], [ 72.97277295172843, 19.127447176739807 ] ] ] } },
{ "type": "Feature", "properties": { "hex_id": "88608b4451fffff", "police_distance": 2123.7399710796813, "hospital_distance": 253.92657430325849, "railway_distance": 1236.4863791583643, "metro_distance": 4478.2487331652046, "bus_stop_distance": 668.27445150342828, "restaurants": 0, "parks": 1, "schools": 0, "pharmacies": 0, "crime_count": 0 }, "geometry": { "type": "Polygon", "coordinates": [ [ [ 72.827015945581508, 19.190293918309319 ], [ 72.827020190355171, 19.1950356642092 ], [ 72.82297502442006, 19.197172582933636 ], [ 72.818925918644922, 19.194567896793167 ], [ 72.81892180820779, 19.189826410194957 ], [ 72.822966669217152, 19.187689350436159 ], [ 72.827015945581508, 19.190293918309319 ] ] ] } },
{ "type": "Feature", "properties": { "hex_id": "88608b46e7fffff", "police_distance": 1817.2750892484721, "hospital_distance": 964.74977004626999, "railway_distance": 2331.3651729213234, "metro_distance": 4029.6363581826972, "bus_stop_distance": 2137.1133628822936, "restaurants": 0, "parks": 0, "schools": 0, "pharmacies": 0, "crime_count": 0 }, "geometry": { "type": "Polygon", "coordinates": [ [ [ 72.818909477713504, 19.175601254410356 ], [ 72.818913587742102, 19.180343088942887 ], [ 72.814869031656642, 19.182480289728741 ], [ 72.810820670472395, 19.179875797002406 ], [ 72.810816694735564, 19.175134221887784 ], [ 72.814860945899056, 19.172996880082245 ], [ 72.818909477713504, 19.175601254410356 ] ] ] } },
{ "type": "Feature", "properties": { "hex_id": "88608b0b27fffff", "police_distance": 2401.9160116555922, "hospital_distance": 582.440855750418, "railway_distance": 196.73028647926742, "metro_distance": 205.31896846093662, "bus_stop_distance": 148.10090929220215, "restaurants": 0, "parks": 0, "schools": 0, "pharmacies": 0, "crime_count": 0 }, "geometry": { "type": "Polygon", "coordinates": [ [ [ 72.859301612533201, 19.092535755273161 ], [ 72.859306391640061, 19.097280963874258 ], [ 72.85526100211348, 19.0994229425309 ], [ 72.851211138096033, 19.096819852975031 ], [ 72.851206493357466, 19.092074903846221 ], [ 72.855251578275897, 19.089932784801594 ], [ 72.859301612533201, 19.092535755273161 ] ] ] } },
{ "type": "Feature", "properties": { "hex_id": "88608b19b3fffff", "police_distance": 146.58537054711647, "hospital_distance": 86.56282143020718, "railway_distance": 183.74468870345541, "metro_distance": 1915.0789835060193, "bus_stop_distance": 190.13913867813653, "restaurants": 0, "parks": 1, "schools": 7, "pharmacies": 7, "crime_count": 0 }, "geometry": { "type": "Polygon", "coordinates": [ [ [ 72.863284119031491, 19.02869278265878 ], [ 72.863288963167363, 19.033439666541984 ], [ 72.859244275598144, 19.035584310567344 ], [ 72.855195048359946, 19.032982210782077 ], [ 72.855190338547786, 19.028235586599429 ], [ 72.859234721657913, 19.026090802502146 ], [ 72.863284119031491, 19.02869278265878 ] ] ] } },
{ "type": "Feature", "properties": { "hex_id": "88608b4557fffff", "police_distance": 2009.5349892081765, "hospital_distance": 391.20792679049447, "railway_distance": 203.57241411596038, "metro_distance": 2448.9300767090176, "bus_stop_distance": 283.30180935979655, "restaurants": 7, "parks": 11, "schools": 0, "pharmacies": 0, "crime_count": 0 }, "geometry": { "type": "Polygon", "coordinates": [ [ [ 72.851359851017094, 19.248597226084907 ], [ 72.851364500837533, 19.253338351413319 ], [ 72.847317303805852, 19.255473860201846 ], [ 72.843265761928492, 19.252868384803723 ], [ 72.843261246592306, 19.248127518369468 ], [ 72.84730813865707, 19.245991868439742 ], [ 72.851359851017094, 19.248597226084907 ] ] ] } },
{ "type": "Feature", "properties": { "hex_id": "88608b54e9fffff", "police_distance": 2693.8333976856893, "hospital_distance": 401.07478144653362, "railway_distance": 2274.4560214221769, "metro_distance": 2799.0709762575411, "bus_stop_distance": 53.58526570223917, "restaurants": 31, "parks": 2, "schools": 1, "pharmacies": 1, "crime_count": 0 }, "geometry": { "type": "Polygon", "coordinates": [ [ [ 72.91196847932423, 19.116884035953664 ], [ 72.911974133431229, 19.121630411523736 ], [ 72.907925792221732, 19.123773374083093 ], [ 72.903872101391983, 19.121170101236995 ], [ 72.903866581876812, 19.116423984672505 ], [ 72.907914618607336, 19.114280881949128 ], [ 72.91196847932423, 19.116884035953664 ] ] ] } },
{ "type": "Feature", "properties": { "hex_id": "88608b465dfffff", "police_distance": 1246.8178919392353, "hospital_distance": 588.88434928676395, "railway_distance": 481.00344013924467, "metro_distance": 2703.2071577358165, "bus_stop_distance": 479.31026781725836, "restaurants": 0, "parks": 2, "schools": 0, "pharmacies": 0, "crime_count": 0 }, "geometry": { "type": "Polygon", "coordinates": [ [ [ 72.863400422595475, 19.142586379365238 ], [ 72.863405270584551, 19.147330507894246 ], [ 72.859358972267259, 19.149470660439974 ], [ 72.855308130669144, 19.146866825045979 ], [ 72.855303417110861, 19.14212295575868 ], [ 72.859349410727759, 19.139982662624274 ], [ 72.863400422595475, 19.142586379365238 ] ] ] } },
{ "type": "Feature", "properties": { "hex_id": "88608b1929fffff", "police_distance": 173.30486857486065, "hospital_distance": 370.1333120325267, "railway_distance": 1830.4952523744585, "metro_distance": 6970.718451137087, "bus_stop_distance": 210.75244912927442, "restaurants": 0, "parks": 0, "schools": 4, "pharmacies": 4, "crime_count": 0 }, "geometry": { "type": "Polygon", "coordinates": [ [ [ 72.952378341540253, 19.033702020161758 ], [ 72.952384665301011, 19.0384517568822 ], [ 72.948335499193405, 19.040599489106082 ], [ 72.944280313495426, 19.037997624138946 ], [ 72.944274124402227, 19.033248146473543 ], [ 72.948322986347236, 19.031100274720799 ], [ 72.952378341540253, 19.033702020161758 ] ] ] } },
{ "type": "Feature", "properties": { "hex_id": "88608b090dfffff", "police_distance": 1005.2459386276785, "hospital_distance": 95.167264507233327, "railway_distance": 1311.3224143687512, "metro_distance": 1500.3774391964662, "bus_stop_distance": 406.95860843674865, "restaurants": 3, "parks": 8, "schools": 1, "pharmacies": 1, "crime_count": 0 }, "geometry": { "type": "Polygon", "coordinates": [ [ [ 72.839085592078234, 19.112732674766516 ], [ 72.839090035985492, 19.117476717177944 ], [ 72.835045364591508, 19.119617151248939 ], [ 72.830996554017986, 19.117013683516941 ], [ 72.830992244420742, 19.112269900637596 ], [ 72.83503661109485, 19.110129325958791 ], [ 72.839085592078234, 19.112732674766516 ] ] ] } },
{ "type": "Feature", "properties": { "hex_id": "88608b0b51fffff", "police_distance": 684.20688825969683, "hospital_distance": 183.03079386633971, "railway_distance": 235.33678947254171, "metro_distance": 1155.1006885718091, "bus_stop_distance": 1048.2877068647649, "restaurants": 5, "parks": 6, "schools": 1, "pharmacies": 1, "crime_count": 0 }, "geometry": { "type": "Polygon", "coordinates": [ [ [ 72.855204468452257, 19.042475116827767 ], [ 72.855209178732423, 19.047221398568762 ], [ 72.851164697633479, 19.049365201249639 ], [ 72.847115810778092, 19.046762862376259 ], [ 72.847111234803734, 19.042016840337173 ], [ 72.85115541138677, 19.039872897470246 ], [ 72.855204468452257, 19.042475116827767 ] ] ] } },
{ "type": "Feature", "properties": { "hex_id": "88608b540dfffff", "police_distance": 1204.914545553871, "hospital_distance": 1012.6952712201656, "railway_distance": 2295.2011397196184, "metro_distance": 5679.1335349447554, "bus_stop_distance": 870.57849814009865, "restaurants": 0, "parks": 0, "schools": 0, "pharmacies": 0, "crime_count": 0 }, "geometry": { "type": "Polygon", "coordinates": [ [ [ 72.952492201311429, 19.119179741193104 ], [ 72.952498528846633, 19.123927410910344 ], [ 72.948448152145275, 19.126071779571113 ], [ 72.944391752259818, 19.123468618431936 ], [ 72.944385559472749, 19.118721207426535 ], [ 72.948435631830847, 19.116576698849013 ], [ 72.952492201311429, 19.119179741193104 ] ] ] } },
{ "type": "Feature", "properties": { "hex_id": "88608b4763fffff", "police_distance": 3214.7282864837025, "hospital_distance": 2702.3225313559469, "railway_distance": 3194.1590918637066, "metro_distance": 3612.1011559193953, "bus_stop_distance": 2959.3317219077467, "restaurants": 0, "parks": 0, "schools": 0, "pharmacies": 0, "crime_count": 0 }, "geometry": { "type": "Polygon", "coordinates": [ [ [ 72.899938708068973, 19.222950567651232 ], [ 72.899944164367909, 19.227693945972057 ], [ 72.895894921965493, 19.229832270034773 ], [ 72.89184052801761, 19.227227356495241 ], [ 72.891835206364206, 19.222484236834326 ], [ 72.895884144020968, 19.22034577205357 ], [ 72.899938708068973, 19.222950567651232 ] ] ] } },
{ "type": "Feature", "properties": { "hex_id": "88608b4443fffff", "police_distance": 1888.1896246002455, "hospital_distance": 374.64148160733959, "railway_distance": 403.77569849759959, "metro_distance": 4123.1909985334814, "bus_stop_distance": 689.15579024138447, "restaurants": 0, "parks": 2, "schools": 0, "pharmacies": 0, "crime_count": 0 }, "geometry": { "type": "Polygon", "coordinates": [ [ [ 72.839165604939183, 19.198107771358782 ], [ 72.83917005149749, 19.202849731857441 ], [ 72.835124172166999, 19.20498679063607 ], [ 72.83107415118711, 19.202382029909081 ], [ 72.831069839019079, 19.197640328595686 ], [ 72.83511541344852, 19.195503128824601 ], [ 72.839165604939183, 19.198107771358782 ] ] ] } },
{ "type": "Feature", "properties": { "hex_id": "88608b4711fffff", "police_distance": 1036.3127259243659, "hospital_distance": 241.12969944586951, "railway_distance": 607.56412242021349, "metro_distance": 2807.820565904964, "bus_stop_distance": 996.61569992022226, "restaurants": 2, "parks": 4, "schools": 2, "pharmacies": 2, "crime_count": 0 }, "geometry": { "type": "Polygon", "coordinates": [ [ [ 72.867515650883021, 19.206855690871567 ], [ 72.867520568298858, 19.211598383576636 ], [ 72.86347315930351, 19.213736145031671 ], [ 72.859421137723032, 19.211131354634009 ], [ 72.859416354813973, 19.206388920880947 ], [ 72.863463458986459, 19.204251018574077 ], [ 72.867515650883021, 19.206855690871567 ] ] ] } },
{ "type": "Feature", "properties": { "hex_id": "88608b559dfffff", "police_distance": 3156.9712679602881, "hospital_distance": 2485.5557246773787, "railway_distance": 3762.8685894227151, "metro_distance": 3772.0316465873248, "bus_stop_distance": 2320.6215536119389, "restaurants": 0, "parks": 0, "schools": 0, "pharmacies": 0, "crime_count": 0 }, "geometry": { "type": "Polygon", "coordinates": [ [ [ 72.903916264099905, 19.159134877892356 ], [ 72.903921785261872, 19.163879954578395 ], [ 72.899873246588868, 19.166020950643176 ], [ 72.895819491358182, 19.163417010428635 ], [ 72.895814104797026, 19.158672192634022 ], [ 72.899862338873632, 19.156531056163164 ], [ 72.903916264099905, 19.159134877892356 ] ] ] } },
{ "type": "Feature", "properties": { "hex_id": "88608b42b3fffff", "police_distance": 5469.3005697987037, "hospital_distance": 4971.059174570868, "railway_distance": 5449.908308464077, "metro_distance": 5596.2606902807847, "bus_stop_distance": 4699.6332794036307, "restaurants": 0, "parks": 0, "schools": 0, "pharmacies": 0, "crime_count": 0 }, "geometry": { "type": "Polygon", "coordinates": [ [ [ 72.920210308466892, 19.231231056215695 ], [ 72.920216101804812, 19.235974905848597 ], [ 72.916165739342702, 19.238113652373883 ], [ 72.912109888243677, 19.235508689893081 ], [ 72.912104229636284, 19.230765098744488 ], [ 72.916154287405206, 19.228626211592942 ], [ 72.920210308466892, 19.231231056215695 ] ] ] } },
{ "type": "Feature", "properties": { "hex_id": "88608b19a5fffff", "police_distance": 1652.4241738021803, "hospital_distance": 187.90252536860609, "railway_distance": 386.17870841507181, "metro_distance": 4046.1407720807852, "bus_stop_distance": 373.70595089706859, "restaurants": 0, "parks": 3, "schools": 0, "pharmacies": 0, "crime_count": 0 }, "geometry": { "type": "Polygon", "coordinates": [ [ [ 72.895684880870519, 19.044761975736847 ], [ 72.895690263149206, 19.049509555109999 ], [ 72.891643744269231, 19.051654761029127 ], [ 72.887592147500527, 19.049052527515336 ], [ 72.887586899684109, 19.04430520755152 ], [ 72.891633114181928, 19.042159861692745 ], [ 72.895684880870519, 19.044761975736847 ] ] ] } },
{ "type": "Feature", "properties": { "hex_id": "88608b4549fffff", "police_distance": 1742.0894607781324, "hospital_distance": 792.56933565423981, "railway_distance": 1076.6914100158767, "metro_distance": 1801.0800948808735, "bus_stop_distance": 1085.9111849531716, "restaurants": 0, "parks": 0, "schools": 0, "pharmacies": 0, "crime_count": 0 }, "geometry": { "type": "Polygon", "coordinates": [ [ [ 72.879704775834483, 19.243125543608542 ], [ 72.879709896342149, 19.247867749952206 ], [ 72.87566137123315, 19.250004525528716 ], [ 72.871608030482534, 19.247399235698918 ], [ 72.871603044562178, 19.242657288074145 ], [ 72.875651264812987, 19.240520371560841 ], [ 72.879704775834483, 19.243125543608542 ] ] ] } },
{ "type": "Feature", "properties": { "hex_id": "88608b0b19fffff", "police_distance": 514.38703588202065, "hospital_distance": 495.36814513867324, "railway_distance": 452.82675501096844, "metro_distance": 1320.1194860820212, "bus_stop_distance": 86.980410760595589, "restaurants": 3, "parks": 0, "schools": 2, "pharmacies": 2, "crime_count": 0 }, "geometry": { "type": "Polygon", "coordinates": [ [ [ 72.843071737516368, 19.048906384527626 ], [ 72.843076246573546, 19.053652105309848 ], [ 72.839032276671631, 19.055795206678781 ], [ 72.834984102291187, 19.053192727558468 ], [ 72.83497972749953, 19.048447266537149 ], [ 72.839023392830597, 19.046304024875884 ], [ 72.843071737516368, 19.048906384527626 ] ] ] } },
{ "type": "Feature", "properties": { "hex_id": "88608b54dbfffff", "police_distance": 698.14787645297929, "hospital_distance": 932.75327859527385, "railway_distance": 1512.103929092382, "metro_distance": 2179.5373999738299, "bus_stop_distance": 998.89106391189966, "restaurants": 0, "parks": 0, "schools": 0, "pharmacies": 0, "crime_count": 0 }, "geometry": { "type": "Polygon", "coordinates": [ [ [ 72.879535894260798, 19.086567561018803 ], [ 72.879541009171149, 19.09131359038086 ], [ 72.875494700940365, 19.093456551782317 ], [ 72.871443582333271, 19.090853624054748 ], [ 72.871438601862792, 19.086107854047526 ], [ 72.875484605567337, 19.083964752413586 ], [ 72.879535894260798, 19.086567561018803 ] ] ] } },
{ "type": "Feature", "properties": { "hex_id": "88608b191bfffff", "police_distance": 4742.6163364262711, "hospital_distance": 3903.3995173825519, "railway_distance": 3557.5468150624947, "metro_distance": 8349.868739379468, "bus_stop_distance": 1432.2579722066882, "restaurants": 0, "parks": 0, "schools": 0, "pharmacies": 0, "crime_count": 0 }, "geometry": { "type": "Polygon", "coordinates": [ [ [ 72.919932453981176, 19.003390113181219 ], [ 72.91993823810904, 19.008139497473742 ], [ 72.915891102291994, 19.010287226318578 ], [ 72.911838486565856, 19.007685710467889 ], [ 72.911832836953835, 19.002936585579452 ], [ 72.915879668559924, 19.000788717138192 ], [ 72.919932453981176, 19.003390113181219 ] ] ] } },
{ "type": "Feature", "properties": { "hex_id": "88608b4755fffff", "police_distance": 1181.5332553889971, "hospital_distance": 843.58254750179731, "railway_distance": 2168.3045862095805, "metro_distance": 4096.099700054293, "bus_stop_distance": 1350.8005551807528, "restaurants": 0, "parks": 0, "schools": 0, "pharmacies": 0, "crime_count": 0 }, "geometry": { "type": "Polygon", "coordinates": [ [ [ 72.887760169475527, 19.200906059305169 ], [ 72.887765423034168, 19.205649573689751 ], [ 72.88371709486384, 19.207788319885218 ], [ 72.879663817883483, 19.205183692393224 ], [ 72.879658698903228, 19.200440436843493 ], [ 72.883706722332818, 19.198301549951463 ], [ 72.887760169475527, 19.200906059305169 ] ] ] } },
{ "type": "Feature", "properties": { "hex_id": "88608b55e1fffff", "police_distance": 1579.0319284721256, "hospital_distance": 789.80006871867931, "railway_distance": 2575.8651820302071, "metro_distance": 7234.8437743122995, "bus_stop_distance": 523.40139394422363, "restaurants": 0, "parks": 1, "schools": 1, "pharmacies": 1, "crime_count": 0 }, "geometry": { "type": "Polygon", "coordinates": [ [ [ 72.936352576295945, 19.175220568534346 ], [ 72.936358636776774, 19.179966332246366 ], [ 72.932308266845268, 19.182107891730315 ], [ 72.928252140959046, 19.179503827775118 ], [ 72.928246215217598, 19.174758322662008 ], [ 72.932296280630837, 19.1726166229057 ], [ 72.936352576295945, 19.175220568534346 ] ] ] } },
{ "type": "Feature", "properties": { "hex_id": "88608b5451fffff", "police_distance": 2155.9126071885998, "hospital_distance": 1031.0257252957399, "railway_distance": 1605.4904182408627, "metro_distance": 3244.8372919086833, "bus_stop_distance": 792.64049430007094, "restaurants": 0, "parks": 0, "schools": 0, "pharmacies": 0, "crime_count": 0 }, "geometry": { "type": "Polygon", "coordinates": [ [ [ 72.940305032356179, 19.097127633044028 ], [ 72.940311156867153, 19.101875433147786 ], [ 72.936261693191256, 19.104020221536491 ], [ 72.932206409351096, 19.101417349716282 ], [ 72.932200419521195, 19.096669808498692 ], [ 72.936249578858181, 19.094524880215658 ], [ 72.940305032356179, 19.097127633044028 ] ] ] } },
{ "type": "Feature", "properties": { "hex_id": "88608b1891fffff", "police_distance": 544.82341903008307, "hospital_distance": 238.5108796652838, "railway_distance": 556.00226346380498, "metro_distance": 1484.6343002795613, "bus_stop_distance": 286.29766143098124, "restaurants": 8, "parks": 2, "schools": 2, "pharmacies": 2, "crime_count": 14 }, "geometry": { "type": "Polygon", "coordinates": [ [ [ 72.838939025680816, 18.95611507762602 ], [ 72.838943464733958, 18.960862885626973 ], [ 72.834901006017972, 18.963009490165234 ], [ 72.830854412644825, 18.96040842659643 ], [ 72.830850107754728, 18.955660878755253 ], [ 72.834892262082562, 18.953514134323814 ], [ 72.838939025680816, 18.95611507762602 ] ] ] } },
{ "type": "Feature", "properties": { "hex_id": "88608b0305fffff", "police_distance": 17.657706189357356, "hospital_distance": 110.71465178003331, "railway_distance": 618.93077219200256, "metro_distance": 998.24049194195584, "bus_stop_distance": 140.63870490665036, "restaurants": 27, "parks": 3, "schools": 4, "pharmacies": 4, "crime_count": 0 }, "geometry": { "type": "Polygon", "coordinates": [ [ [ 72.83486166286761, 18.920276831624324 ], [ 72.834866033749904, 18.925025356020878 ], [ 72.830824281406848, 18.927173219760686 ], [ 72.826778462515392, 18.924572698858313 ], [ 72.82677422574713, 18.919824434792002 ], [ 72.830815673764107, 18.917676431298492 ], [ 72.83486166286761, 18.920276831624324 ] ] ] } },
{ "type": "Feature", "properties": { "hex_id": "88608b0a4bfffff", "police_distance": 447.69836339190448, "hospital_distance": 466.75002161105238, "railway_distance": 458.81433884303908, "metro_distance": 1915.7444154800094, "bus_stop_distance": 259.16774492144464, "restaurants": 0, "parks": 2, "schools": 0, "pharmacies": 0, "crime_count": 0 }, "geometry": { "type": "Polygon", "coordinates": [ [ [ 72.843017640476489, 18.991948839437683 ], [ 72.84302214774209, 18.996695927446677 ], [ 72.838978982450826, 18.998841271752191 ], [ 72.834931614352058, 18.996239668081504 ], [ 72.83492724129853, 18.991492840061373 ], [ 72.838970102139541, 18.989347355723751 ], [ 72.843017640476489, 18.991948839437683 ] ] ] } },
{ "type": "Feature", "properties": { "hex_id": "88608b56e7fffff", "police_distance": 2623.3219034650629, "hospital_distance": 1393.0433428453096, "railway_distance": 2084.3453960061224, "metro_distance": 2064.7031193943762, "bus_stop_distance": 886.80681647223992, "restaurants": 0, "parks": 0, "schools": 0, "pharmacies": 0, "crime_count": 0 }, "geometry": { "type": "Polygon", "coordinates": [ [ [ 72.932182451222744, 19.082426494909448 ], [ 72.932188440457054, 19.087174381034227 ], [ 72.928139585457473, 19.089319449204091 ], [ 72.924085045567395, 19.08671677112892 ], [ 72.924079190969522, 19.081969144006386 ], [ 72.928127741633162, 19.079823935957304 ], [ 72.932182451222744, 19.082426494909448 ] ] ] } },
{ "type": "Feature", "properties": { "hex_id": "88608b5557fffff", "police_distance": 1330.077336034484, "hospital_distance": 1109.1152304553459, "railway_distance": 1509.3184614430259, "metro_distance": 8575.3600537685325, "bus_stop_distance": 429.63395345343542, "restaurants": 0, "parks": 0, "schools": 0, "pharmacies": 0, "crime_count": 0 }, "geometry": { "type": "Polygon", "coordinates": [ [ [ 72.964702920426333, 19.155474587888623 ], [ 72.964709451766382, 19.160221778260638 ], [ 72.960657960100406, 19.16236516568026 ], [ 72.956600241479819, 19.159761502731371 ], [ 72.956593844968367, 19.155014570838947 ], [ 72.960645032256721, 19.152871043416305 ], [ 72.964702920426333, 19.155474587888623 ] ] ] } },
{ "type": "Feature", "properties": { "hex_id": "88608b460bfffff", "police_distance": 624.48298830059503, "hospital_distance": 222.1086720145463, "railway_distance": 728.74558204673644, "metro_distance": 1411.1529690896393, "bus_stop_distance": 662.7943203957002, "restaurants": 0, "parks": 0, "schools": 1, "pharmacies": 1, "crime_count": 0 }, "geometry": { "type": "Polygon", "coordinates": [ [ [ 72.855317558254242, 19.156354216914384 ], [ 72.855322272281086, 19.161097739373904 ], [ 72.85127618059613, 19.163237048599736 ], [ 72.84722567964937, 19.16063297606874 ], [ 72.847221100035384, 19.155889712851629 ], [ 72.851266886963103, 19.153750262923701 ], [ 72.855317558254242, 19.156354216914384 ] ] ] } },
{ "type": "Feature", "properties": { "hex_id": "88608b5497fffff", "police_distance": 2702.436801174802, "hospital_distance": 855.12951689752674, "railway_distance": 308.43359757775568, "metro_distance": 240.16721268136598, "bus_stop_distance": 458.14022071450518, "restaurants": 2, "parks": 0, "schools": 1, "pharmacies": 1, "crime_count": 0 }, "geometry": { "type": "Polygon", "coordinates": [ [ [ 72.86337133803417, 19.114119184676749 ], [ 72.863376185059522, 19.11886400533416 ], [ 72.859330289549519, 19.121005281877608 ], [ 72.855279851662019, 19.118401878224354 ], [ 72.855275139040685, 19.11365731692387 ], [ 72.859320729910664, 19.111515899920359 ], [ 72.86337133803417, 19.114119184676749 ] ] ] } },
{ "type": "Feature", "properties": { "hex_id": "88608b46cbfffff", "police_distance": 574.19109672717491, "hospital_distance": 478.52349680804826, "railway_distance": 1707.7091292288046, "metro_distance": 1637.7879991123741, "bus_stop_distance": 372.5238764201855, "restaurants": 0, "parks": 3, "schools": 0, "pharmacies": 0, "crime_count": 0 }, "geometry": { "type": "Polygon", "coordinates": [ [ [ 72.814832649965979, 19.139801301281874 ], [ 72.814836691840441, 19.144543873485315 ], [ 72.810792843080208, 19.146682340739815 ], [ 72.80674525731304, 19.144078376675587 ], [ 72.806741349681261, 19.139336064063752 ], [ 72.810784893581825, 19.137197455925168 ], [ 72.814832649965979, 19.139801301281874 ] ] ] } },
{ "type": "Feature", "properties": { "hex_id": "88608b0b0bfffff", "police_distance": 790.98679859532865, "hospital_distance": 166.55017136003022, "railway_distance": 419.74591927261139, "metro_distance": 392.77047727226852, "bus_stop_distance": 223.65394160691861, "restaurants": 5, "parks": 8, "schools": 0, "pharmacies": 0, "crime_count": 0 }, "geometry": { "type": "Polygon", "coordinates": [ [ [ 72.855218599760846, 19.056713619181888 ], [ 72.855223310509089, 19.061459557932046 ], [ 72.851178628157029, 19.063602799589376 ], [ 72.847129539610592, 19.06100024274809 ], [ 72.847124963181514, 19.056254563642703 ], [ 72.851169340987511, 19.054111181734438 ], [ 72.855218599760846, 19.056713619181888 ] ] ] } },
{ "type": "Feature", "properties": { "hex_id": "88608b1997fffff", "police_distance": 1613.8059290010087, "hospital_distance": 380.44392190355478, "railway_distance": 59.064992973763069, "metro_distance": 2268.3066955679237, "bus_stop_distance": 682.14288053146765, "restaurants": 0, "parks": 2, "schools": 3, "pharmacies": 3, "crime_count": 2 }, "geometry": { "type": "Polygon", "coordinates": [ [ [ 72.863269587586458, 19.014451446988566 ], [ 72.863274431241038, 19.01919867282103 ], [ 72.859229944925133, 19.021343877432852 ], [ 72.855180919391458, 19.018741996219674 ], [ 72.855176210047276, 19.013995030144734 ], [ 72.859220391934201, 19.01184968552608 ], [ 72.863269587586458, 19.014451446988566 ] ] ] } },
{ "type": "Feature", "properties": { "hex_id": "88608b4641fffff", "police_distance": 1501.6058179841586, "hospital_distance": 743.58473246766744, "railway_distance": 1569.0464668790889, "metro_distance": 2281.2435719016739, "bus_stop_distance": 1446.7463718915926, "restaurants": 0, "parks": 1, "schools": 0, "pharmacies": 0, "crime_count": 0 }, "geometry": { "type": "Polygon", "coordinates": [ [ [ 72.875555287230114, 19.15039767965078 ], [ 72.875560337175159, 19.155142023515147 ], [ 72.87151332625055, 19.157282316535401 ], [ 72.86746157006408, 19.154678406238713 ], [ 72.867456654603515, 19.149934321499511 ], [ 72.871503360852756, 19.147793887932469 ], [ 72.875555287230114, 19.15039767965078 ] ] ] } },
{ "type": "Feature", "properties": { "hex_id": "88608b54cdfffff", "police_distance": 2321.9931541761753, "hospital_distance": 566.98316556375369, "railway_distance": 1493.7760829560834, "metro_distance": 1937.7271960397361, "bus_stop_distance": 481.79720496451193, "restaurants": 0, "parks": 0, "schools": 0, "pharmacies": 0, "crime_count": 0 }, "geometry": { "type": "Polygon", "coordinates": [ [ [ 72.911951518127481, 19.102644217947176 ], [ 72.911957171672327, 19.107390939104402 ], [ 72.907909032077882, 19.109534463026741 ], [ 72.90385554339521, 19.106931405891984 ], [ 72.903850024428777, 19.102184943797841 ], [ 72.907897859574433, 19.10004127977594 ], [ 72.911951518127481, 19.102644217947176 ] ] ] } },
{ "type": "Feature", "properties": { "hex_id": "88608b190dfffff", "police_distance": 1619.4538534570991, "hospital_distance": 1944.9388646073651, "railway_distance": 3261.2425078865708, "metro_distance": 8281.7972478972824, "bus_stop_distance": 1406.6732335685999, "restaurants": 0, "parks": 0, "schools": 0, "pharmacies": 0, "crime_count": 0 }, "geometry": { "type": "Polygon", "coordinates": [ [ [ 72.952359371515499, 19.019452124726939 ], [ 72.952365694647497, 19.024202204022934 ], [ 72.948316730235177, 19.026350496178161 ], [ 72.944261746831131, 19.023748848501789 ], [ 72.944255558353248, 19.018999028317786 ], [ 72.948304218633055, 19.016850596698703 ], [ 72.952359371515499, 19.019452124726939 ] ] ] } },
{ "type": "Feature", "properties": { "hex_id": "88608b55d3fffff", "police_distance": 2979.4014638266576, "hospital_distance": 2354.4262056362732, "railway_distance": 2441.4386413767625, "metro_distance": 2449.6669019620649, "bus_stop_distance": 824.08992244199158, "restaurants": 0, "parks": 0, "schools": 0, "pharmacies": 0, "crime_count": 0 }, "geometry": { "type": "Polygon", "coordinates": [ [ [ 72.903899701712135, 19.144898953364379 ], [ 72.903905222325065, 19.149644377224512 ], [ 72.899856885287164, 19.151785935274393 ], [ 72.895803332210363, 19.149182209806671 ], [ 72.895797946184814, 19.144437044895664 ], [ 72.899845978656487, 19.142295346503801 ], [ 72.903899701712135, 19.144898953364379 ] ] ] } },
{ "type": "Feature", "properties": { "hex_id": "88608b4747fffff", "police_distance": 2476.3503101697343, "hospital_distance": 1992.3016460604026, "railway_distance": 3127.6801824380468, "metro_distance": 4330.0655033010953, "bus_stop_distance": 2418.1750543876074, "restaurants": 0, "parks": 0, "schools": 0, "pharmacies": 0, "crime_count": 0 }, "geometry": { "type": "Polygon", "coordinates": [ [ [ 72.899922340257476, 19.208719733352137 ], [ 72.89992779601377, 19.213463461280522 ], [ 72.895878755316687, 19.215602348197802 ], [ 72.891824563586624, 19.212997647841622 ], [ 72.891819242462461, 19.208254178631286 ], [ 72.895867978444045, 19.206115151059624 ], [ 72.899922340257476, 19.208719733352137 ] ] ] } },
{ "type": "Feature", "properties": { "hex_id": "88608b5443fffff", "police_distance": 1739.032568626101, "hospital_distance": 1532.6866275640655, "railway_distance": 2201.7025461090775, "metro_distance": 4775.0542105904633, "bus_stop_distance": 1689.407913833548, "restaurants": 0, "parks": 0, "schools": 0, "pharmacies": 0, "crime_count": 0 }, "geometry": { "type": "Polygon", "coordinates": [ [ [ 72.952473219964531, 19.104936040170827 ], [ 72.952479546870393, 19.109684055762344 ], [ 72.948429371984943, 19.11182898548892 ], [ 72.944373174514553, 19.109226039476869 ], [ 72.944366982343354, 19.104478282654593 ], [ 72.948416852915699, 19.102333213075667 ], [ 72.952473219964531, 19.104936040170827 ] ] ] } },
{ "type": "Feature", "properties": { "hex_id": "88608b4427fffff", "police_distance": 2800.3295166178259, "hospital_distance": 1747.5973785105675, "railway_distance": 1736.254628185512, "metro_distance": 3879.8173221476254, "bus_stop_distance": 1443.4722196377504, "restaurants": 0, "parks": 0, "schools": 0, "pharmacies": 0, "crime_count": 0 }, "geometry": { "type": "Polygon", "coordinates": [ [ [ 72.831108653675784, 19.240311451418219 ], [ 72.831112967130053, 19.245052104572515 ], [ 72.827066892149674, 19.247187191920325 ], [ 72.823016808741144, 19.244581767347093 ], [ 72.823012629685948, 19.239841373261768 ], [ 72.827058399648067, 19.237706144681315 ], [ 72.831108653675784, 19.240311451418219 ] ] ] } },
{ "type": "Feature", "properties": { "hex_id": "88608b0945fffff", "police_distance": 1630.9038437577185, "hospital_distance": 170.94743903641941, "railway_distance": 776.36375038048243, "metro_distance": 1289.7415358219591, "bus_stop_distance": 133.41834682832143, "restaurants": 0, "parks": 0, "schools": 0, "pharmacies": 0, "crime_count": 0 }, "geometry": { "type": "Polygon", "coordinates": [ [ [ 72.851220428034793, 19.106309406472278 ], [ 72.851225073234986, 19.111054010718966 ], [ 72.847179890336776, 19.113195146907891 ], [ 72.84313036691114, 19.110591819352525 ], [ 72.843125856061263, 19.105847474579146 ], [ 72.847170734294551, 19.103706197888467 ], [ 72.851220428034793, 19.106309406472278 ] ] ] } },
{ "type": "Feature", "properties": { "hex_id": "88608b1883fffff", "police_distance": 947.1894996248285, "hospital_distance": 486.51068342377403, "railway_distance": 305.37394536096929, "metro_distance": 2982.193318102853, "bus_stop_distance": 51.069323623432652, "restaurants": 0, "parks": 0, "schools": 0, "pharmacies": 0, "crime_count": 16 }, "geometry": { "type": "Polygon", "coordinates": [ [ [ 72.851081143552705, 18.963918068039874 ], [ 72.851085784139556, 18.968666096407848 ], [ 72.847042613371144, 18.970812841229133 ], [ 72.842995106387136, 18.968211697535256 ], [ 72.842990600016932, 18.963463929211184 ], [ 72.847033466421919, 18.961317044537743 ], [ 72.851081143552705, 18.963918068039874 ] ] ] } },
{ "type": "Feature", "properties": { "hex_id": "88608b4297fffff", "police_distance": 4776.4725174622818, "hospital_distance": 4285.1553535041376, "railway_distance": 5196.0383011948688, "metro_distance": 5841.6572734558467, "bus_stop_distance": 3666.7026712111547, "restaurants": 0, "parks": 0, "schools": 0, "pharmacies": 0, "crime_count": 0 }, "geometry": { "type": "Polygon", "coordinates": [ [ [ 72.920192929605662, 19.216998807143288 ], [ 72.920198722367317, 19.221743006802292 ], [ 72.916148561721258, 19.22388231612803 ], [ 72.912092912984363, 19.221277566357898 ], [ 72.912087254939806, 19.216533625241357 ], [ 72.916137110922875, 19.214394175352975 ], [ 72.920192929605662, 19.216998807143288 ] ] ] } },
{ "type": "Feature", "properties": { "hex_id": "88608b56d9fffff", "police_distance": 1046.4126843651943, "hospital_distance": 699.49166559272521, "railway_distance": 732.67651398935629, "metro_distance": 5006.0088052948331, "bus_stop_distance": 524.7481343676742, "restaurants": 2, "parks": 4, "schools": 1, "pharmacies": 1, "crime_count": 0 }, "geometry": { "type": "Polygon", "coordinates": [ [ [ 72.915925408034667, 19.038780018483841 ], [ 72.915931126321553, 19.043528417627126 ], [ 72.911883690201478, 19.045674605752541 ], [ 72.907830840102022, 19.043072534519002 ], [ 72.907825256348843, 19.038324394666859 ], [ 72.911872388169215, 19.036178066757692 ], [ 72.915925408034667, 19.038780018483841 ] ] ] } },
{ "type": "Feature", "properties": { "hex_id": "88608b1989fffff", "police_distance": 3832.489893118392, "hospital_distance": 2635.249379044235, "railway_distance": 1887.9384748639852, "metro_distance": 5305.7410967111236, "bus_stop_distance": 2188.9594907602896, "restaurants": 0, "parks": 0, "schools": 0, "pharmacies": 0, "crime_count": 0 }, "geometry": { "type": "Polygon", "coordinates": [ [ [ 72.891595914422666, 19.008924117927499 ], [ 72.891601228145845, 19.013672423318354 ], [ 72.8875554164363, 19.015818889934618 ], [ 72.883504595331686, 19.013217190962422 ], [ 72.88349941602165, 19.00846914515261 ], [ 72.887544923410928, 19.006322538734604 ], [ 72.891595914422666, 19.008924117927499 ] ] ] } },
{ "type": "Feature", "properties": { "hex_id": "88608b096dfffff", "police_distance": 2624.1878358307754, "hospital_distance": 633.43515454918088, "railway_distance": 585.99279548765674, "metro_distance": 862.76395264385974, "bus_stop_distance": 291.42076303260291, "restaurants": 0, "parks": 0, "schools": 2, "pharmacies": 2, "crime_count": 0 }, "geometry": { "type": "Polygon", "coordinates": [ [ [ 72.859330289549519, 19.121005281877608 ], [ 72.859335069606487, 19.125749800051569 ], [ 72.855289277373075, 19.127890655214284 ], [ 72.851239009759041, 19.125287132720537 ], [ 72.85123436409711, 19.120542873903968 ], [ 72.855279851662019, 19.118401878224354 ], [ 72.859330289549519, 19.121005281877608 ] ] ] } },
{ "type": "Feature", "properties": { "hex_id": "88608b4633fffff", "police_distance": 390.60815937341101, "hospital_distance": 458.88512353315315, "railway_distance": 840.77896296960648, "metro_distance": 3051.7744406248262, "bus_stop_distance": 2028.4053945371197, "restaurants": 0, "parks": 0, "schools": 0, "pharmacies": 0, "crime_count": 0 }, "geometry": { "type": "Polygon", "coordinates": [ [ [ 72.835097897752817, 19.176534412029309 ], [ 72.835102276459097, 19.181276765222901 ], [ 72.831056903372314, 19.183414527945228 ], [ 72.827007456456101, 19.180810078395837 ], [ 72.827003212104373, 19.176067984503643 ], [ 72.831048280322108, 19.173930080860075 ], [ 72.835097897752817, 19.176534412029309 ] ] ] } },
{ "type": "Feature", "properties": { "hex_id": "88608b032dfffff", "police_distance": 799.14719822683048, "hospital_distance": 153.54878696653165, "railway_distance": 498.34814544169649, "metro_distance": 704.96238913743082, "bus_stop_distance": 96.644202239333268, "restaurants": 9, "parks": 1, "schools": 0, "pharmacies": 0, "crime_count": 0 }, "geometry": { "type": "Polygon", "coordinates": [ [ [ 72.842963564928837, 18.934974944798313 ], [ 72.842968070403899, 18.939723391236026 ], [ 72.838925709403199, 18.941870975443639 ], [ 72.834879147264985, 18.939270252984461 ], [ 72.834874775948578, 18.934522066762145 ], [ 72.83891683261956, 18.932374342784318 ], [ 72.842963564928837, 18.934974944798313 ] ] ] } },
{ "type": "Feature", "properties": { "hex_id": "88608b55c5fffff", "police_distance": 554.82525186427119, "hospital_distance": 487.82096840694021, "railway_distance": 1779.7688647813447, "metro_distance": 6203.916069248804, "bus_stop_distance": 277.81735094953359, "restaurants": 1, "parks": 1, "schools": 6, "pharmacies": 6, "crime_count": 0 }, "geometry": { "type": "Polygon", "coordinates": [ [ [ 72.936334396059138, 19.160982581370721 ], [ 72.936340455937142, 19.165728693035664 ], [ 72.932290287821672, 19.167870814455284 ], [ 72.928234364324098, 19.165266964418866 ], [ 72.928228439172031, 19.160521111410585 ], [ 72.932278302799389, 19.158378849782629 ], [ 72.936334396059138, 19.160982581370721 ] ] ] } },
{ "type": "Feature", "properties": { "hex_id": "88608b4739fffff", "police_distance": 1492.1590409040739, "hospital_distance": 442.74059762449519, "railway_distance": 764.33187817540204, "metro_distance": 1488.7208661416921, "bus_stop_distance": 1133.4508429363275, "restaurants": 0, "parks": 0, "schools": 0, "pharmacies": 0, "crime_count": 0 }, "geometry": { "type": "Polygon", "coordinates": [ [ [ 72.875631053982673, 19.221550662736639 ], [ 72.875636106439003, 19.226293264902065 ], [ 72.871588087792745, 19.228430744631904 ], [ 72.867535321524301, 19.225825763063064 ], [ 72.867530403619483, 19.22108341973308 ], [ 72.871578117439427, 19.218945799137074 ], [ 72.875631053982673, 19.221550662736639 ] ] ] } },
{ "type": "Feature", "properties": { "hex_id": "88608b5435fffff", "police_distance": 1481.5220138114994, "hospital_distance": 126.88962804620488, "railway_distance": 1003.4256785559809, "metro_distance": 4778.8465684200401, "bus_stop_distance": 356.49478311610096, "restaurants": 0, "parks": 0, "schools": 0, "pharmacies": 0, "crime_count": 0 }, "geometry": { "type": "Polygon", "coordinates": [ [ [ 72.932254335138794, 19.139393531054765 ], [ 72.932260326755951, 19.144140034257269 ], [ 72.928210664894365, 19.146282857569489 ], [ 72.924155315879858, 19.143679317816598 ], [ 72.924149458952826, 19.138933073386617 ], [ 72.928198816357948, 19.136790109937525 ], [ 72.932254335138794, 19.139393531054765 ] ] ] } },
{ "type": "Feature", "properties": { "hex_id": "88608b4419fffff", "police_distance": 3367.7715816280793, "hospital_distance": 1200.1900898512674, "railway_distance": 2423.2286245223886, "metro_distance": 5936.4923115701304, "bus_stop_distance": 290.84808122136275, "restaurants": 1, "parks": 0, "schools": 0, "pharmacies": 0, "crime_count": 0 }, "geometry": { "type": "Polygon", "coordinates": [ [ [ 72.814881161297592, 19.196704534511053 ], [ 72.814885204779145, 19.201445717279089 ], [ 72.810840551132316, 19.203581932890433 ], [ 72.806792158992295, 19.200977106874486 ], [ 72.806788249806843, 19.196236183466425 ], [ 72.810832598473169, 19.194099826714968 ], [ 72.814881161297592, 19.196704534511053 ] ] ] } },
{ "type": "Feature", "properties": { "hex_id": "88608b56b1fffff", "police_distance": 925.24896052054805, "hospital_distance": 739.91090530980864, "railway_distance": 382.97733005844481, "metro_distance": 1365.62295800673, "bus_stop_distance": 349.60930314000387, "restaurants": 4, "parks": 1, "schools": 1, "pharmacies": 1, "crime_count": 0 }, "geometry": { "type": "Polygon", "coordinates": [ [ [ 72.899775103176239, 19.080595273886498 ], [ 72.899780554052256, 19.085342123649852 ], [ 72.895733327799476, 19.087486067848236 ], [ 72.891680955122538, 19.08488330236078 ], [ 72.891675638757917, 19.080136711834502 ], [ 72.895722560566668, 19.077992627559269 ], [ 72.899775103176239, 19.080595273886498 ] ] ] } },
{ "type": "Feature", "properties": { "hex_id": "88608b56cbfffff", "police_distance": 558.09186982230096, "hospital_distance": 519.42959001125416, "railway_distance": 759.14486623363075, "metro_distance": 4447.1782781408538, "bus_stop_distance": 306.96954321022292, "restaurants": 2, "parks": 0, "schools": 1, "pharmacies": 1, "crime_count": 0 }, "geometry": { "type": "Polygon", "coordinates": [ [ [ 72.928086294429932, 19.046586026380396 ], [ 72.928092214870276, 19.0513346428041 ], [ 72.924044067456904, 19.053480972021422 ], [ 72.919990303885157, 19.050878824557678 ], [ 72.919984518032095, 19.046130467308526 ], [ 72.924032361171285, 19.043983998349109 ], [ 72.928086294429932, 19.046586026380396 ] ] ] } },
{ "type": "Feature", "properties": { "hex_id": "88608b553bfffff", "police_distance": 351.61906314526658, "hospital_distance": 248.01182032507904, "railway_distance": 1056.7513658215832, "metro_distance": 8577.0402524242054, "bus_stop_distance": 120.73886259215476, "restaurants": 2, "parks": 3, "schools": 3, "pharmacies": 3, "crime_count": 0 }, "geometry": { "type": "Polygon", "coordinates": [ [ [ 72.952568145582092, 19.176144147102555 ], [ 72.95257447563543, 19.180890427835969 ], [ 72.948523291469385, 19.183032550354124 ], [ 72.944466081721558, 19.180428532312725 ], [ 72.944459886470113, 19.175682510060607 ], [ 72.948510766172376, 19.173540247369115 ], [ 72.952568145582092, 19.176144147102555 ] ] ] } },
{ "type": "Feature", "properties": { "hex_id": "88608b54b1fffff", "police_distance": 1772.0379012941899, "hospital_distance": 297.45315642372407, "railway_distance": 859.90654496261459, "metro_distance": 1772.0463757263199, "bus_stop_distance": 296.34831862183427, "restaurants": 1, "parks": 2, "schools": 0, "pharmacies": 0, "crime_count": 0 }, "geometry": { "type": "Polygon", "coordinates": [ [ [ 72.87148343203846, 19.128815644170238 ], [ 72.871488413994399, 19.133560378278236 ], [ 72.867441909199115, 19.135701373878984 ], [ 72.863390727099215, 19.133097775847464 ], [ 72.863385879592045, 19.12835330098039 ], [ 72.867432079743836, 19.126212164904512 ], [ 72.87148343203846, 19.128815644170238 ] ] ] } },
{ "type": "Feature", "properties": { "hex_id": "88608b4625fffff", "police_distance": 601.32019240487534, "hospital_distance": 870.10508296434932, "railway_distance": 488.16871759471013, "metro_distance": 2725.9136065530329, "bus_stop_distance": 1925.8073894867562, "restaurants": 0, "parks": 1, "schools": 0, "pharmacies": 0, "crime_count": 0 }, "geometry": { "type": "Polygon", "coordinates": [ [ [ 72.867500899613432, 19.192626914977417 ], [ 72.867505816540316, 19.197369956511213 ], [ 72.863458609069056, 19.199508280869551 ], [ 72.859406789471407, 19.196903704482693 ], [ 72.859402007037886, 19.192160921958923 ], [ 72.863448909716467, 19.190022456812571 ], [ 72.867500899613432, 19.192626914977417 ] ] ] } },
{ "type": "Feature", "properties": { "hex_id": "88608b0a65fffff", "police_distance": 686.23465168598955, "hospital_distance": 392.48395758063702, "railway_distance": 342.57814595624291, "metro_distance": 1201.9833176827697, "bus_stop_distance": 328.16925805023595, "restaurants": 4, "parks": 0, "schools": 5, "pharmacies": 5, "crime_count": 0 }, "geometry": { "type": "Polygon", "coordinates": [ [ [ 72.855190338547786, 19.028235586599429 ], [ 72.855195048359946, 19.032982210782077 ], [ 72.851150768494108, 19.035126574297674 ], [ 72.847102083309707, 19.032524453752384 ], [ 72.847097507790011, 19.027778089328727 ], [ 72.851141483170096, 19.02563358569197 ], [ 72.855190338547786, 19.028235586599429 ] ] ] } },
{ "type": "Feature", "properties": { "hex_id": "88608b55b7fffff", "police_distance": 2712.4731571745706, "hospital_distance": 1895.7190891898108, "railway_distance": 3405.2034995976201, "metro_distance": 4046.0993882220091, "bus_stop_distance": 1825.488969911399, "restaurants": 0, "parks": 0, "schools": 0, "pharmacies": 0, "crime_count": 0 }, "geometry": { "type": "Polygon", "coordinates": [ [ [ 72.895846426842226, 19.187139360777614 ], [ 72.895851814474781, 19.191883482696912 ], [ 72.891803280148252, 19.194023072873147 ], [ 72.88774966288068, 19.191418681714016 ], [ 72.887744409844473, 19.186674818629051 ], [ 72.891792639487306, 19.184535087869413 ], [ 72.895846426842226, 19.187139360777614 ] ] ] } },
{ "type": "Feature", "properties": { "hex_id": "88608b472bfffff", "police_distance": 2709.28800487422, "hospital_distance": 1867.1643889099207, "railway_distance": 2194.2775407568902, "metro_distance": 2208.6668619271131, "bus_stop_distance": 2119.1797620470147, "restaurants": 0, "parks": 0, "schools": 0, "pharmacies": 0, "crime_count": 0 }, "geometry": { "type": "Polygon", "coordinates": [ [ [ 72.887791693439794, 19.229365399073583 ], [ 72.887796948043487, 19.234108214417475 ], [ 72.883748216583314, 19.236245834727598 ], [ 72.879694535328412, 19.233640780518314 ], [ 72.879689415329963, 19.228898223893069 ], [ 72.883737841989003, 19.226760462759007 ], [ 72.887791693439794, 19.229365399073583 ] ] ] } },
{ "type": "Feature", "properties": { "hex_id": "88608b0b6bfffff", "police_distance": 1021.2055697064351, "hospital_distance": 515.42229838316291, "railway_distance": 849.34714265731452, "metro_distance": 1855.3339673711582, "bus_stop_distance": 396.56107230715844, "restaurants": 2, "parks": 0, "schools": 3, "pharmacies": 3, "crime_count": 0 }, "geometry": { "type": "Polygon", "coordinates": [ [ [ 72.875464416828009, 19.064979776871713 ], [ 72.875469463762016, 19.069726192705286 ], [ 72.871423661441312, 19.07186985549793 ], [ 72.867373116688839, 19.069267242617737 ], [ 72.867368204158993, 19.064521086254157 ], [ 72.87141370198529, 19.062377283301409 ], [ 72.875464416828009, 19.064979776871713 ] ] ] } },
{ "type": "Feature", "properties": { "hex_id": "88608b5427fffff", "police_distance": 1334.3487698440701, "hospital_distance": 214.03306455814752, "railway_distance": 783.6658873580086, "metro_distance": 6257.3821986819612, "bus_stop_distance": 312.85741555740151, "restaurants": 0, "parks": 3, "schools": 0, "pharmacies": 0, "crime_count": 0 }, "geometry": { "type": "Polygon", "coordinates": [ [ [ 72.944422719274925, 19.147203941325646 ], [ 72.94442891329399, 19.151950659051071 ], [ 72.940378539890148, 19.154093623597678 ], [ 72.936322276905827, 19.151490010514138 ], [ 72.93631621763052, 19.146743551444281 ], [ 72.940366286603592, 19.144600446802919 ], [ 72.944422719274925, 19.147203941325646 ] ] ] } },
{ "type": "Feature", "properties": { "hex_id": "88608b440bfffff", "police_distance": 2874.8487226334018, "hospital_distance": 356.57625408332467, "railway_distance": 1244.5440383804221, "metro_distance": 5203.6082392249882, "bus_stop_distance": 334.00354839051977, "restaurants": 0, "parks": 2, "schools": 0, "pharmacies": 0, "crime_count": 0 }, "geometry": { "type": "Polygon", "coordinates": [ [ [ 72.827028680324418, 19.204518807591818 ], [ 72.827032925520044, 19.209260204953189 ], [ 72.822987558262668, 19.211396560481965 ], [ 72.818938250773456, 19.208791659748165 ], [ 72.818934139927748, 19.204050521630446 ], [ 72.822979202229163, 19.20191402500345 ], [ 72.827028680324418, 19.204518807591818 ] ] ] } },
{ "type": "Feature", "properties": { "hex_id": "88608b0105fffff", "police_distance": 1231.5318994617076, "hospital_distance": 281.70389798705077, "railway_distance": 1615.8405807331696, "metro_distance": 3005.6695824311323, "bus_stop_distance": 714.2974238987515, "restaurants": 0, "parks": 3, "schools": 0, "pharmacies": 0, "crime_count": 0 }, "geometry": { "type": "Polygon", "coordinates": [ [ [ 72.80660076108687, 18.968536444944913 ], [ 72.806604664063244, 18.973282872604205 ], [ 72.80256363614383, 18.975427796750971 ], [ 72.798519009779724, 18.972826433394346 ], [ 72.798515240854456, 18.968080266071389 ], [ 72.802555964250018, 18.965935201769408 ], [ 72.80660076108687, 18.968536444944913 ] ] ] } },
{ "type": "Feature", "properties": { "hex_id": "88608b19ebfffff", "police_distance": 3797.7123461485289, "hospital_distance": 1863.0002364133102, "railway_distance": 1309.7633655420677, "metro_distance": 6372.2962452769279, "bus_stop_distance": 907.19846556582763, "restaurants": 0, "parks": 0, "schools": 0, "pharmacies": 0, "crime_count": 0 }, "geometry": { "type": "Polygon", "coordinates": [ [ [ 72.903750714300187, 19.016729010874538 ], [ 72.903756229975826, 19.021477534616306 ], [ 72.899709706750187, 19.023624142069608 ], [ 72.895657972151753, 19.021022365542073 ], [ 72.895652590942888, 19.016274101264973 ], [ 72.899698809873499, 19.014127354051343 ], [ 72.903750714300187, 19.016729010874538 ] ] ] } },
{ "type": "Feature", "properties": { "hex_id": "88608b541bfffff", "police_distance": 2694.2168871977215, "hospital_distance": 576.90124277818131, "railway_distance": 1440.5526322914295, "metro_distance": 2162.7651101097936, "bus_stop_distance": 154.96538698373959, "restaurants": 0, "parks": 1, "schools": 2, "pharmacies": 2, "crime_count": 0 }, "geometry": { "type": "Polygon", "coordinates": [ [ [ 72.920053960925713, 19.103103189045147 ], [ 72.920059749080266, 19.107850169206774 ], [ 72.916011202238792, 19.109993974211019 ], [ 72.911957171672327, 19.107390939104402 ], [ 72.911951518127481, 19.102644217947176 ], [ 72.915999760547194, 19.100500272892742 ], [ 72.920053960925713, 19.103103189045147 ] ] ] } },
{ "type": "Feature", "properties": { "hex_id": "88608b56bdfffff", "police_distance": 1475.3543123306329, "hospital_distance": 93.812718640360302, "railway_distance": 551.85145771781492, "metro_distance": 565.93438091451651, "bus_stop_distance": 365.44782760937863, "restaurants": 3, "parks": 4, "schools": 0, "pharmacies": 0, "crime_count": 0 }, "geometry": { "type": "Polygon", "coordinates": [ [ [ 72.907875516788991, 19.081053533357473 ], [ 72.907881102207682, 19.085800642299208 ], [ 72.903833468626885, 19.087944867431393 ], [ 72.899780554052256, 19.085342123649852 ], [ 72.899775103176239, 19.080595273886498 ], [ 72.903822432339965, 19.078450908726893 ], [ 72.907875516788991, 19.081053533357473 ] ] ] } },
{ "type": "Feature", "properties": { "hex_id": "88608b46a1fffff", "police_distance": 3226.8242803348198, "hospital_distance": 1657.6497612166515, "railway_distance": 3487.4312571890514, "metro_distance": 5323.8492936507437, "bus_stop_distance": 1500.3605850626491, "restaurants": 0, "parks": 0, "schools": 0, "pharmacies": 0, "crime_count": 0 }, "geometry": { "type": "Polygon", "coordinates": [ [ [ 72.806776523027537, 19.182012716880116 ], [ 72.806780431824478, 19.186753988408579 ], [ 72.802736388136765, 19.188890486292824 ], [ 72.798688740636621, 19.186285853774663 ], [ 72.798684966091059, 19.18154484172241 ], [ 72.802728704802107, 19.179408202712729 ], [ 72.806776523027537, 19.182012716880116 ] ] ] } },
{ "type": "Feature", "properties": { "hex_id": "88608b55abfffff", "police_distance": 3427.4301923697317, "hospital_distance": 2574.0130450207093, "railway_distance": 4803.4166748646549, "metro_distance": 5780.3534464832464, "bus_stop_distance": 2561.2567008879505, "restaurants": 0, "parks": 0, "schools": 0, "pharmacies": 0, "crime_count": 0 }, "geometry": { "type": "Polygon", "coordinates": [ [ [ 72.916097039107655, 19.181182015645948 ], [ 72.916102763083316, 19.185926958641076 ], [ 72.912053310611654, 19.188067533443885 ], [ 72.907998438773305, 19.185463305680084 ], [ 72.907992849465487, 19.180718621401716 ], [ 72.912041997336004, 19.178577906170936 ], [ 72.916097039107655, 19.181182015645948 ] ] ] } },
{ "type": "Feature", "properties": { "hex_id": "88608b5633fffff", "police_distance": 3634.8198295466013, "hospital_distance": 2638.8182390345833, "railway_distance": 3351.5265637502353, "metro_distance": 3763.4092305701829, "bus_stop_distance": 2101.5811398008309, "restaurants": 0, "parks": 0, "schools": 0, "pharmacies": 0, "crime_count": 0 }, "geometry": { "type": "Polygon", "coordinates": [ [ [ 72.948391817267122, 19.083340287185422 ], [ 72.948398075868042, 19.088088691138349 ], [ 72.944348407061383, 19.090234321530154 ], [ 72.940292783943178, 19.087631687749891 ], [ 72.940286660041224, 19.082883542681596 ], [ 72.944336024566283, 19.08073777250949 ], [ 72.948391817267122, 19.083340287185422 ] ] ] } },
{ "type": "Feature", "properties": { "hex_id": "88608b54a3fffff", "police_distance": 1539.6285989865482, "hospital_distance": 1019.8936958631907, "railway_distance": 1022.7414639015045, "metro_distance": 1029.7106182263174, "bus_stop_distance": 734.86596397829055, "restaurants": 0, "parks": 0, "schools": 0, "pharmacies": 0, "crime_count": 0 }, "geometry": { "type": "Polygon", "coordinates": [ [ [ 72.883639317638853, 19.136626232328837 ], [ 72.883644501584314, 19.141371182015899 ], [ 72.879597284372778, 19.143512318185579 ], [ 72.875545187842008, 19.140908645102019 ], [ 72.875540138398975, 19.136163954539317 ], [ 72.8795870509921, 19.134022677936358 ], [ 72.883639317638853, 19.136626232328837 ] ] ] } },
{ "type": "Feature", "properties": { "hex_id": "88608b4617fffff", "police_distance": 1199.6421424842799, "hospital_distance": 429.19913300530612, "railway_distance": 458.45927389915624, "metro_distance": 2072.4427439432202, "bus_stop_distance": 615.29816730175742, "restaurants": 0, "parks": 1, "schools": 0, "pharmacies": 0, "crime_count": 0 }, "geometry": { "type": "Polygon", "coordinates": [ [ [ 72.835084762504394, 19.162306657319576 ], [ 72.835089140775466, 19.167049358016893 ], [ 72.831043969011276, 19.169187683504155 ], [ 72.826994723822693, 19.166583449151961 ], [ 72.826990479892771, 19.16184100781393 ], [ 72.831035346818155, 19.159702541469425 ], [ 72.835084762504394, 19.162306657319576 ] ] ] } },
{ "type": "Feature", "properties": { "hex_id": "88608b0a57fffff", "police_distance": 581.28416160815925, "hospital_distance": 268.12659855468542, "railway_distance": 272.25448660151199, "metro_distance": 442.20047423024414, "bus_stop_distance": 271.49130523065878, "restaurants": 0, "parks": 1, "schools": 1, "pharmacies": 1, "crime_count": 0 }, "geometry": { "type": "Polygon", "coordinates": [ [ [ 72.822799681347959, 18.997927892044459 ], [ 72.822803853349257, 19.002674159620383 ], [ 72.818761607315238, 19.004818523065001 ], [ 72.814715493819236, 19.002216759122017 ], [ 72.814711455958403, 18.997470751652376 ], [ 72.818753397460924, 18.995326248020081 ], [ 72.822799681347959, 18.997927892044459 ] ] ] } },
{ "type": "Feature", "properties": { "hex_id": "88608b0311fffff", "police_distance": 1403.4396621626811, "hospital_distance": 1126.0398482912758, "railway_distance": 1669.1235413758911, "metro_distance": 3215.276123204088, "bus_stop_distance": 196.43513592782648, "restaurants": 1, "parks": 1, "schools": 2, "pharmacies": 2, "crime_count": 0 }, "geometry": { "type": "Polygon", "coordinates": [ [ [ 72.810590295243472, 18.904674838283039 ], [ 72.810594263483537, 18.909422918968108 ], [ 72.806553935445876, 18.911570502585704 ], [ 72.80250994355103, 18.908970145354111 ], [ 72.802506109317775, 18.904222325230506 ], [ 72.806546132980358, 18.902074601777755 ], [ 72.810590295243472, 18.904674838283039 ] ] ] } },
{ "type": "Feature", "properties": { "hex_id": "88608b471dfffff", "police_distance": 413.12303275373387, "hospital_distance": 556.20664392592244, "railway_distance": 954.57377766964828, "metro_distance": 2900.6567133400113, "bus_stop_distance": 143.58250107967925, "restaurants": 4, "parks": 7, "schools": 0, "pharmacies": 0, "crime_count": 0 }, "geometry": { "type": "Polygon", "coordinates": [ [ [ 72.875615897618488, 19.207322157252481 ], [ 72.875620949572422, 19.212065108851132 ], [ 72.871573132510647, 19.214203151611706 ], [ 72.867520568298858, 19.211598383576636 ], [ 72.867515650883021, 19.206855690871567 ], [ 72.871563163148707, 19.204717507308516 ], [ 72.875615897618488, 19.207322157252481 ] ] ] } },
{ "type": "Feature", "properties": { "hex_id": "88608b55a9fffff", "police_distance": 2851.9960187812721, "hospital_distance": 1968.9874505256357, "railway_distance": 4002.3680705478132, "metro_distance": 6621.5147767223243, "bus_stop_distance": 1923.4342461153176, "restaurants": 0, "parks": 0, "schools": 0, "pharmacies": 0, "crime_count": 0 }, "geometry": { "type": "Polygon", "coordinates": [ [ [ 72.924202178286748, 19.181645105801593 ], [ 72.924208036961602, 19.186390307454747 ], [ 72.920158177068927, 19.188531163684985 ], [ 72.916102763083316, 19.185926958641076 ], [ 72.916097039107655, 19.181182015645948 ], [ 72.920146594426242, 19.179041019037243 ], [ 72.924202178286748, 19.181645105801593 ] ] ] } },
{ "type": "Feature", "properties": { "hex_id": "88608b19e9fffff", "police_distance": 3407.5269560014103, "hospital_distance": 2159.912864420196, "railway_distance": 1957.2744147837575, "metro_distance": 7076.5555544976633, "bus_stop_distance": 381.19193650330027, "restaurants": 0, "parks": 1, "schools": 0, "pharmacies": 0, "crime_count": 0 }, "geometry": { "type": "Polygon", "coordinates": [ [ [ 72.911849786351468, 19.017183618626376 ], [ 72.911855436525073, 19.021932401774123 ], [ 72.907808506199316, 19.024079289913303 ], [ 72.903756229975826, 19.021477534616306 ], [ 72.903750714300187, 19.016729010874538 ], [ 72.907797340357902, 19.014581983024406 ], [ 72.911849786351468, 19.017183618626376 ] ] ] } },
{ "type": "Feature", "properties": { "hex_id": "88608b5419fffff", "police_distance": 2002.5716595411188, "hospital_distance": 433.36535450713626, "railway_distance": 760.34034581939989, "metro_distance": 2649.6340388583567, "bus_stop_distance": 263.09299418370711, "restaurants": 0, "parks": 1, "schools": 0, "pharmacies": 0, "crime_count": 0 }, "geometry": { "type": "Polygon", "coordinates": [ [ [ 72.928157352666148, 19.103561856954137 ], [ 72.928163275461671, 19.108309096061408 ], [ 72.924114321467471, 19.110453182187051 ], [ 72.920059749080266, 19.107850169206774 ], [ 72.920053960925713, 19.103103189045147 ], [ 72.92410261052521, 19.100958962918742 ], [ 72.928157352666148, 19.103561856954137 ] ] ] } },
{ "type": "Feature", "properties": { "hex_id": "88608b0b5dfffff", "police_distance": 272.57270981936801, "hospital_distance": 73.348365529059521, "railway_distance": 453.37225727221579, "metro_distance": 1648.1515609944688, "bus_stop_distance": 495.08980964808455, "restaurants": 3, "parks": 0, "schools": 1, "pharmacies": 1, "crime_count": 0 }, "geometry": { "type": "Polygon", "coordinates": [ [ [ 72.863298651920559, 19.042933091931701 ], [ 72.863303496537839, 19.047679633316136 ], [ 72.859258607695239, 19.049823716565953 ], [ 72.855209178732423, 19.047221398568762 ], [ 72.855204468452257, 19.042475116827767 ], [ 72.859249052805595, 19.040330893441151 ], [ 72.863298651920559, 19.042933091931701 ] ] ] } },
{ "type": "Feature", "properties": { "hex_id": "88608b4503fffff", "police_distance": 2047.6914321998329, "hospital_distance": 1333.6458207830926, "railway_distance": 980.08619065156188, "metro_distance": 3766.3337996678215, "bus_stop_distance": 1848.7822482754241, "restaurants": 0, "parks": 0, "schools": 0, "pharmacies": 0, "crime_count": 0 }, "geometry": { "type": "Polygon", "coordinates": [ [ [ 72.851373800940792, 19.262820251295331 ], [ 72.851378451223624, 19.267561025727741 ], [ 72.847331052668295, 19.269695970753737 ], [ 72.843279308835093, 19.267090282552495 ], [ 72.843274793049886, 19.262349766955811 ], [ 72.8473218866081, 19.260214680725234 ], [ 72.851373800940792, 19.262820251295331 ] ] ] } },
{ "type": "Feature", "properties": { "hex_id": "88608b0a59fffff", "police_distance": 715.70235425929855, "hospital_distance": 409.56867396445574, "railway_distance": 399.30342109873629, "metro_distance": 833.96042341100656, "bus_stop_distance": 511.38272381233423, "restaurants": 1, "parks": 0, "schools": 1, "pharmacies": 1, "crime_count": 0 }, "geometry": { "type": "Polygon", "coordinates": [ [ [ 72.830875939233337, 18.984144467884708 ], [ 72.830880244978701, 18.988891336130987 ], [ 72.826837792000518, 18.991036540254104 ], [ 72.822791337759753, 18.988435016204871 ], [ 72.82278716617283, 18.983688408063404 ], [ 72.82682931467609, 18.981543063867008 ], [ 72.830875939233337, 18.984144467884708 ] ] ] } },
{ "type": "Feature", "properties": { "hex_id": "88608b0943fffff", "police_distance": 370.9363115434632, "hospital_distance": 285.97026917834353, "railway_distance": 948.20247178077068, "metro_distance": 2118.3767654420135, "bus_stop_distance": 237.97777694498839, "restaurants": 1, "parks": 0, "schools": 0, "pharmacies": 0, "crime_count": 0 }, "geometry": { "type": "Polygon", "coordinates": [ [ [ 72.839072261239735, 19.098499857270745 ], [ 72.839076704705377, 19.103244244752059 ], [ 72.835032234564011, 19.105385240717069 ], [ 72.830983625654554, 19.102781989744759 ], [ 72.830979316485568, 19.098037861852987 ], [ 72.835023481937213, 19.095896725344605 ], [ 72.839072261239735, 19.098499857270745 ] ] ] } },
{ "type": "Feature", "properties": { "hex_id": "88608b5495fffff", "police_distance": 1910.6689710091518, "hospital_distance": 410.88354406429829, "railway_distance": 519.31107430167617, "metro_distance": 1087.1026225286516, "bus_stop_distance": 165.22792247140825, "restaurants": 1, "parks": 0, "schools": 0, "pharmacies": 0, "crime_count": 6 }, "geometry": { "type": "Polygon", "coordinates": [ [ [ 72.871468487161124, 19.114580750028708 ], [ 72.871473468621843, 19.119325829984597 ], [ 72.867427165260452, 19.121467387431654 ], [ 72.863376185059522, 19.11886400533416 ], [ 72.86337133803417, 19.114119184676749 ], [ 72.867417336782211, 19.111977486818933 ], [ 72.871468487161124, 19.114580750028708 ] ] ] } },
{ "type": "Feature", "properties": { "hex_id": "88608b4609fffff", "police_distance": 385.12714060328801, "hospital_distance": 367.08112470959918, "railway_distance": 777.45094355707795, "metro_distance": 1129.001639441005, "bus_stop_distance": 568.28401284688891, "restaurants": 0, "parks": 0, "schools": 0, "pharmacies": 0, "crime_count": 0 }, "geometry": { "type": "Polygon", "coordinates": [ [ [ 72.863414967044676, 19.156818418188362 ], [ 72.863419815515726, 19.161562199831835 ], [ 72.859373315764728, 19.163701790097925 ], [ 72.855322272281086, 19.161097739373904 ], [ 72.855317558254242, 19.156354216914384 ], [ 72.85936375327465, 19.154214485995524 ], [ 72.863414967044676, 19.156818418188362 ] ] ] } },
{ "type": "Feature", "properties": { "hex_id": "88608b4619fffff", "police_distance": 856.38658544487623, "hospital_distance": 777.62317500704216, "railway_distance": 446.55529647106601, "metro_distance": 810.3775294723589, "bus_stop_distance": 342.812033704962, "restaurants": 1, "parks": 0, "schools": 0, "pharmacies": 0, "crime_count": 2 }, "geometry": { "type": "Polygon", "coordinates": [ [ [ 72.843166459090355, 19.148542430148279 ], [ 72.843170971285417, 19.153285737161319 ], [ 72.839125592543979, 19.155424906138148 ], [ 72.835076006397429, 19.152820908846461 ], [ 72.835071628561508, 19.14807786119222 ], [ 72.83911670252084, 19.14593855147146 ], [ 72.843166459090355, 19.148542430148279 ] ] ] } },
{ "type": "Feature", "properties": { "hex_id": "88608b54a5fffff", "police_distance": 2523.7698828168964, "hospital_distance": 1667.2710407231202, "railway_distance": 1926.9910425860012, "metro_distance": 1936.2133033761227, "bus_stop_distance": 1023.1260664998809, "restaurants": 0, "parks": 0, "schools": 0, "pharmacies": 0, "crime_count": 0 }, "geometry": { "type": "Polygon", "coordinates": [ [ [ 72.895797946184814, 19.144437044895664 ], [ 72.895803332210363, 19.149182209806671 ], [ 72.891755402728563, 19.151323486676244 ], [ 72.887702391822216, 19.148719739026728 ], [ 72.887697140352756, 19.143974833123387 ], [ 72.89174476524137, 19.141833415862468 ], [ 72.895797946184814, 19.144437044895664 ] ] ] } },
{ "type": "Feature", "properties": { "hex_id": "88608b0303fffff", "police_distance": 299.67305016726931, "hospital_distance": 1259.4623276661318, "railway_distance": 243.8219349602621, "metro_distance": 1812.8565152727608, "bus_stop_distance": 65.031486316760038, "restaurants": 4, "parks": 2, "schools": 2, "pharmacies": 2, "crime_count": 0 }, "geometry": { "type": "Polygon", "coordinates": [ [ [ 72.822724608938614, 18.912475712208831 ], [ 72.822728778454561, 18.917224014926369 ], [ 72.81868773819221, 18.919371738540633 ], [ 72.814642832772364, 18.916771299232522 ], [ 72.814638797316817, 18.912023256960854 ], [ 72.818679533228533, 18.909875393552117 ], [ 72.822724608938614, 18.912475712208831 ] ] ] } },
{ "type": "Feature", "properties": { "hex_id": "88608b0a49fffff", "police_distance": 1073.9761060084738, "hospital_distance": 597.59337844188735, "railway_distance": 395.70915417960379, "metro_distance": 2766.5697359536825, "bus_stop_distance": 543.09316209680992, "restaurants": 0, "parks": 5, "schools": 0, "pharmacies": 0, "crime_count": 0 }, "geometry": { "type": "Polygon", "coordinates": [ [ [ 72.851108989379, 18.992404538246291 ], [ 72.851113630887994, 18.997151886185748 ], [ 72.847070057853756, 18.999297510794168 ], [ 72.84302214774209, 18.996695927446677 ], [ 72.843017640476489, 18.991948839437683 ], [ 72.84706090908702, 18.989803074846375 ], [ 72.851108989379, 18.992404538246291 ] ] ] } },
{ "type": "Feature", "properties": { "hex_id": "88608b5635fffff", "police_distance": 3464.1828661328582, "hospital_distance": 3108.6644715154634, "railway_distance": 3611.7060591060913, "metro_distance": 5103.2815867406644, "bus_stop_distance": 2984.3008562411255, "restaurants": 0, "parks": 0, "schools": 0, "pharmacies": 0, "crime_count": 0 }, "geometry": { "type": "Polygon", "coordinates": [ [ [ 72.960561022166587, 19.091147980154876 ], [ 72.960567483195746, 19.095896599839229 ], [ 72.956517103371695, 19.098042371662647 ], [ 72.952460566781994, 19.095439663540571 ], [ 72.952454240505332, 19.090691302623949 ], [ 72.956504316073662, 19.088545391062173 ], [ 72.960561022166587, 19.091147980154876 ] ] ] } },
{ "type": "Feature", "properties": { "hex_id": "88608b559bfffff", "police_distance": 3155.8195640318813, "hospital_distance": 1415.7858969171652, "railway_distance": 2547.8463465360046, "metro_distance": 2557.1933339523694, "bus_stop_distance": 1672.7177403327337, "restaurants": 1, "parks": 1, "schools": 0, "pharmacies": 0, "crime_count": 0 }, "geometry": { "type": "Polygon", "coordinates": [ [ [ 72.891755402728563, 19.151323486676244 ], [ 72.891760721736588, 19.156068348615431 ], [ 72.887712895283315, 19.158209203896376 ], [ 72.883660054451525, 19.155605337686755 ], [ 72.883654869990636, 19.150860734755714 ], [ 72.887702391822216, 19.148719739026728 ], [ 72.891755402728563, 19.151323486676244 ] ] ] } },
{ "type": "Feature", "properties": { "hex_id": "88608b540bfffff", "police_distance": 586.66200679257486, "hospital_distance": 233.80313672329217, "railway_distance": 897.30462343866554, "metro_distance": 4153.1694011188692, "bus_stop_distance": 332.74530857438555, "restaurants": 0, "parks": 3, "schools": 1, "pharmacies": 1, "crime_count": 0 }, "geometry": { "type": "Polygon", "coordinates": [ [ [ 72.940323406498266, 19.11137068796371 ], [ 72.940329531618389, 19.116118142553827 ], [ 72.936279866196855, 19.118262369881531 ], [ 72.932224380032068, 19.115659282578502 ], [ 72.932218389606504, 19.110912086817205 ], [ 72.936267750658985, 19.108767719530661 ], [ 72.940323406498266, 19.11137068796371 ] ] ] } },
{ "type": "Feature", "properties": { "hex_id": "88608b56a1fffff", "police_distance": 2530.1778676850149, "hospital_distance": 383.57042615532504, "railway_distance": 964.99374342598298, "metro_distance": 925.25951716112991, "bus_stop_distance": 137.59313793015389, "restaurants": 0, "parks": 1, "schools": 0, "pharmacies": 0, "crime_count": 0 }, "geometry": { "type": "Polygon", "coordinates": [ [ [ 72.920036597613063, 19.088861558246816 ], [ 72.920042385192119, 19.093608883504178 ], [ 72.915994039985819, 19.095753249623833 ], [ 72.911940211599884, 19.09315043047237 ], [ 72.911934558617105, 19.08840336427674 ], [ 72.9159825994318, 19.086258858171423 ], [ 72.920036597613063, 19.088861558246816 ] ] ] } },
{ "type": "Feature", "properties": { "hex_id": "88608b5511fffff", "police_distance": 1159.0907965975753, "hospital_distance": 166.08484369526681, "railway_distance": 1059.4592005879144, "metro_distance": 7705.9487821793682, "bus_stop_distance": 116.00739421881751, "restaurants": 4, "parks": 3, "schools": 3, "pharmacies": 3, "crime_count": 0 }, "geometry": { "type": "Polygon", "coordinates": [ [ [ 72.952549156681414, 19.161904608643642 ], [ 72.952555486105069, 19.166651237445503 ], [ 72.94850450383538, 19.168793921780729 ], [ 72.94444749658345, 19.166190117423906 ], [ 72.94444130194826, 19.161443747161098 ], [ 72.948491979784308, 19.159300922716561 ], [ 72.952549156681414, 19.161904608643642 ] ] ] } },
{ "type": "Feature", "properties": { "hex_id": "88608b4685fffff", "police_distance": 2989.9419589390909, "hospital_distance": 2437.3918918990585, "railway_distance": 3481.7809513721477, "metro_distance": 4180.5506575096688, "bus_stop_distance": 2804.1239023527005, "restaurants": 0, "parks": 0, "schools": 0, "pharmacies": 0, "crime_count": 0 }, "geometry": { "type": "Polygon", "coordinates": [ [ [ 72.806764797413635, 19.167788207024895 ], [ 72.806768705822122, 19.172529826127583 ], [ 72.802724863325665, 19.174666887074167 ], [ 72.798677417375004, 19.172062469980158 ], [ 72.798673643204495, 19.167321110411578 ], [ 72.802717180754499, 19.165183908403517 ], [ 72.806764797413635, 19.167788207024895 ] ] ] } },
{ "type": "Feature", "properties": { "hex_id": "88608b0935fffff", "police_distance": 479.30013793136595, "hospital_distance": 82.146540027605383, "railway_distance": 870.72620235683542, "metro_distance": 794.32425372090688, "bus_stop_distance": 367.02903916541607, "restaurants": 11, "parks": 4, "schools": 2, "pharmacies": 2, "crime_count": 0 }, "geometry": { "type": "Polygon", "coordinates": [ [ [ 72.818872493582603, 19.132919537354109 ], [ 72.818876602385998, 19.137662412410325 ], [ 72.814832649965979, 19.139801301281874 ], [ 72.810784893581825, 19.137197455925168 ], [ 72.810780919030108, 19.132454840460277 ], [ 72.814824566618725, 19.13031581076136 ], [ 72.818872493582603, 19.132919537354109 ] ] ] } },
{ "type": "Feature", "properties": { "hex_id": "88608b5617fffff", "police_distance": 2143.7046896797556, "hospital_distance": 1803.1015742644986, "railway_distance": 2469.8509072511515, "metro_distance": 4111.0266633109713, "bus_stop_distance": 1675.5673049558309, "restaurants": 0, "parks": 0, "schools": 0, "pharmacies": 0, "crime_count": 0 }, "geometry": { "type": "Polygon", "coordinates": [ [ [ 72.948373042709107, 19.069094386259849 ], [ 72.948379300687677, 19.073843134685077 ], [ 72.944329833626554, 19.075989325700931 ], [ 72.940274412846151, 19.073386908007791 ], [ 72.940268289553089, 19.068638418524415 ], [ 72.944317452362739, 19.066492087792916 ], [ 72.948373042709107, 19.069094386259849 ] ] ] } },
{ "type": "Feature", "properties": { "hex_id": "88608b5487fffff", "police_distance": 388.69693360734175, "hospital_distance": 350.71902809023089, "railway_distance": 636.70033975206286, "metro_distance": 833.90364784558085, "bus_stop_distance": 562.77741215343917, "restaurants": 1, "parks": 0, "schools": 0, "pharmacies": 0, "crime_count": 0 }, "geometry": { "type": "Polygon", "coordinates": [ [ [ 72.88362376683321, 19.122390690729357 ], [ 72.883628950263301, 19.127135986624694 ], [ 72.879581934556114, 19.129277684645963 ], [ 72.87553004001488, 19.126674227141514 ], [ 72.875524991073803, 19.121929190428162 ], [ 72.879571702192749, 19.119787352037907 ], [ 72.88362376683321, 19.122390690729357 ] ] ] } },
{ "type": "Feature", "properties": { "hex_id": "88608b446bfffff", "police_distance": 938.03461893078884, "hospital_distance": 449.3338897245402, "railway_distance": 631.66532589857002, "metro_distance": 2987.1984188196479, "bus_stop_distance": 519.52094103055981, "restaurants": 2, "parks": 10, "schools": 0, "pharmacies": 0, "crime_count": 2 }, "geometry": { "type": "Polygon", "coordinates": [ [ [ 72.847276065420161, 19.212801221126 ], [ 72.847280646855609, 19.217543091794905 ], [ 72.843234157717532, 19.219679868566899 ], [ 72.839183392056569, 19.217074915677514 ], [ 72.839178945056162, 19.212333304077479 ], [ 72.84322512928955, 19.210196386298566 ], [ 72.847276065420161, 19.212801221126 ] ] ] } },
{ "type": "Feature", "properties": { "hex_id": "88608b42dbfffff", "police_distance": 2580.6978308688349, "hospital_distance": 1423.1246392131047, "railway_distance": 3309.5606733802756, "metro_distance": 8080.5291851475058, "bus_stop_distance": 1211.5874681608298, "restaurants": 0, "parks": 0, "schools": 0, "pharmacies": 0, "crime_count": 0 }, "geometry": { "type": "Polygon", "coordinates": [ [ [ 72.936370758341241, 19.189457511291426 ], [ 72.936376819424936, 19.194202926502772 ], [ 72.932326247657329, 19.196343923864003 ], [ 72.928269919362251, 19.19373964635059 ], [ 72.928263993031351, 19.188994489680269 ], [ 72.932314260250564, 19.186853351982826 ], [ 72.936370758341241, 19.189457511291426 ] ] ] } },
{ "type": "Feature", "properties": { "hex_id": "88608b0165fffff", "police_distance": 1340.9911475759961, "hospital_distance": 423.65969470845977, "railway_distance": 281.77199176691585, "metro_distance": 1391.0671167628177, "bus_stop_distance": 642.90572363149272, "restaurants": 1, "parks": 1, "schools": 0, "pharmacies": 0, "crime_count": 0 }, "geometry": { "type": "Polygon", "coordinates": [ [ [ 72.826825076224353, 18.976796155575045 ], [ 72.82682931467609, 18.981543063867008 ], [ 72.82278716617283, 18.983688408063404 ], [ 72.81874108369874, 18.981086984033563 ], [ 72.818736979383104, 18.976340335903888 ], [ 72.822778823413302, 18.97419485164243 ], [ 72.826825076224353, 18.976796155575045 ] ] ] } },
{ "type": "Feature", "properties": { "hex_id": "88608b558dfffff", "police_distance": 1877.8499475821814, "hospital_distance": 1261.5758510594312, "railway_distance": 3241.6645160556932, "metro_distance": 5730.2793279665993, "bus_stop_distance": 952.16913891878062, "restaurants": 0, "parks": 0, "schools": 0, "pharmacies": 0, "crime_count": 0 }, "geometry": { "type": "Polygon", "coordinates": [ [ [ 72.924184603427634, 19.167408804440182 ], [ 72.924190461519771, 19.172154354233477 ], [ 72.920140803392911, 19.174295772581726 ], [ 72.916085591725576, 19.171691781451806 ], [ 72.916079868319159, 19.166946490374396 ], [ 72.920129221902158, 19.164804931711622 ], [ 72.924184603427634, 19.167408804440182 ] ] ] } },
{ "type": "Feature", "properties": { "hex_id": "88608b4701fffff", "police_distance": 1693.4597479471611, "hospital_distance": 1264.5099297993431, "railway_distance": 1781.061915689374, "metro_distance": 2888.9314061376804, "bus_stop_distance": 1415.7696991570228, "restaurants": 0, "parks": 0, "schools": 0, "pharmacies": 0, "crime_count": 0 }, "geometry": { "type": "Polygon", "coordinates": [ [ [ 72.887775930673897, 19.21513625333332 ], [ 72.887781184755028, 19.219879418470793 ], [ 72.88373265494981, 19.222017601816606 ], [ 72.879679175842256, 19.219412760785772 ], [ 72.879674056352954, 19.2146698544251 ], [ 72.883722281387222, 19.212531530318977 ], [ 72.887775930673897, 19.21513625333332 ] ] ] } },
{ "type": "Feature", "properties": { "hex_id": "88608b0b41fffff", "police_distance": 1164.2282841146946, "hospital_distance": 191.59711668984804, "railway_distance": 272.35364146155479, "metro_distance": 1822.3106927104352, "bus_stop_distance": 16.794860500633082, "restaurants": 0, "parks": 4, "schools": 0, "pharmacies": 0, "crime_count": 0 }, "geometry": { "type": "Polygon", "coordinates": [ [ [ 72.875449277029176, 19.050739842432439 ], [ 72.875454323461597, 19.055486601674271 ], [ 72.871408722504711, 19.05763082543703 ], [ 72.867358379587472, 19.055028430053934 ], [ 72.867353467545826, 19.050281930339299 ], [ 72.871398764038446, 19.048137566481184 ], [ 72.875449277029176, 19.050739842432439 ] ] ] } },
{ "type": "Feature", "properties": { "hex_id": "88608b19cdfffff", "police_distance": 4934.622913608353, "hospital_distance": 3569.77385929804, "railway_distance": 3040.0515099663844, "metro_distance": 7535.2276599497854, "bus_stop_distance": 1196.1980103796939, "restaurants": 0, "parks": 0, "schools": 0, "pharmacies": 0, "crime_count": 0 }, "geometry": { "type": "Polygon", "coordinates": [ [ [ 72.911832836953835, 19.002936585579452 ], [ 72.911838486565856, 19.007685710467889 ], [ 72.907791757714662, 19.009833158647375 ], [ 72.90373968349715, 19.00723162158484 ], [ 72.903734168369724, 19.002482756159235 ], [ 72.907780592983002, 19.000335168333905 ], [ 72.911832836953835, 19.002936585579452 ] ] ] } },
{ "type": "Feature", "properties": { "hex_id": "88608b5693fffff", "police_distance": 379.84027851344518, "hospital_distance": 284.27818068396198, "railway_distance": 671.82332078808986, "metro_distance": 2946.7501340376589, "bus_stop_distance": 114.8461603577408, "restaurants": 1, "parks": 2, "schools": 0, "pharmacies": 0, "crime_count": 0 }, "geometry": { "type": "Polygon", "coordinates": [ [ [ 72.887602643654972, 19.058546824345768 ], [ 72.887607891993028, 19.06329380109025 ], [ 72.883561579067475, 19.06543816549619 ], [ 72.879510322250852, 19.062835693212065 ], [ 72.879505208357187, 19.058088975878356 ], [ 72.883551216843586, 19.055944471418609 ], [ 72.887602643654972, 19.058546824345768 ] ] ] } },
{ "type": "Feature", "properties": { "hex_id": "88608b5503fffff", "police_distance": 281.96874416384742, "hospital_distance": 37.429301163998332, "railway_distance": 419.19007858533291, "metro_distance": 9245.6742508609896, "bus_stop_distance": 70.637222049987784, "restaurants": 16, "parks": 2, "schools": 5, "pharmacies": 5, "crime_count": 0 }, "geometry": { "type": "Polygon", "coordinates": [ [ [ 72.964722515096256, 19.169715811245563 ], [ 72.964729047086109, 19.174462653736594 ], [ 72.960677353473642, 19.176605479522006 ], [ 72.956619432286871, 19.174001602883937 ], [ 72.956613035139057, 19.169255018814773 ], [ 72.96066442434379, 19.167112052962295 ], [ 72.964722515096256, 19.169715811245563 ] ] ] } },
{ "type": "Feature", "properties": { "hex_id": "88608b0927fffff", "police_distance": 719.11405248958022, "hospital_distance": 374.17514325258549, "railway_distance": 553.76255218449603, "metro_distance": 591.29370723550585, "bus_stop_distance": 241.2696473431663, "restaurants": 11, "parks": 5, "schools": 2, "pharmacies": 2, "crime_count": 0 }, "geometry": { "type": "Polygon", "coordinates": [ [ [ 72.831018104145684, 19.140730869809392 ], [ 72.831022414599587, 19.145473961021306 ], [ 72.826977748946604, 19.147612989880063 ], [ 72.822929077654337, 19.145009068313236 ], [ 72.822924901505843, 19.140266236576441 ], [ 72.826969262352051, 19.138127066932004 ], [ 72.831018104145684, 19.140730869809392 ] ] ] } },
{ "type": "Feature", "properties": { "hex_id": "88608b445dfffff", "police_distance": 1755.7181253266256, "hospital_distance": 287.75389352092509, "railway_distance": 520.25338962813305, "metro_distance": 3823.4189803144568, "bus_stop_distance": 562.75756746640025, "restaurants": 0, "parks": 2, "schools": 1, "pharmacies": 1, "crime_count": 0 }, "geometry": { "type": "Polygon", "coordinates": [ [ [ 72.835111034306948, 19.190761123681284 ], [ 72.83511541344852, 19.195503128824601 ], [ 72.831069839019079, 19.197640328595686 ], [ 72.827020190355171, 19.1950356642092 ], [ 72.827015945581508, 19.190293918309319 ], [ 72.831061215111717, 19.188156577553066 ], [ 72.835111034306948, 19.190761123681284 ] ] ] } },
{ "type": "Feature", "properties": { "hex_id": "88608b0a2dfffff", "police_distance": 603.46241729620453, "hospital_distance": 100.2357648217227, "railway_distance": 360.45146024431051, "metro_distance": 338.92266012747154, "bus_stop_distance": 350.91279701508034, "restaurants": 6, "parks": 0, "schools": 4, "pharmacies": 4, "crime_count": 0 }, "geometry": { "type": "Polygon", "coordinates": [ [ [ 72.843058211240802, 19.034668536797575 ], [ 72.843062719849982, 19.03941460021047 ], [ 72.839018951130754, 19.041558262597135 ], [ 72.834970978350853, 19.038956001799026 ], [ 72.83496660399382, 19.034210198204175 ], [ 72.839010068172371, 19.032066395590078 ], [ 72.843058211240802, 19.034668536797575 ] ] ] } },
{ "type": "Feature", "properties": { "hex_id": "88608b18b9fffff", "police_distance": 947.19523507859321, "hospital_distance": 411.86381503112557, "railway_distance": 521.40775297903235, "metro_distance": 3087.0907832156763, "bus_stop_distance": 296.59753662214069, "restaurants": 0, "parks": 0, "schools": 1, "pharmacies": 1, "crime_count": 2 }, "geometry": { "type": "Polygon", "coordinates": [ [ [ 72.847042613371144, 18.970812841229133 ], [ 72.847047187072931, 18.975560569695851 ], [ 72.84300411957517, 18.977706894423264 ], [ 72.838956782775256, 18.975105630594136 ], [ 72.838952343281164, 18.970358162172175 ], [ 72.842995106387136, 18.968211697535256 ], [ 72.847042613371144, 18.970812841229133 ] ] ] } },
{ "type": "Feature", "properties": { "hex_id": "88608b0b33fffff", "police_distance": 593.22647005009821, "hospital_distance": 590.63388286554414, "railway_distance": 1168.5237870550661, "metro_distance": 1646.8666749975998, "bus_stop_distance": 366.92719378903695, "restaurants": 0, "parks": 4, "schools": 2, "pharmacies": 2, "crime_count": 0 }, "geometry": { "type": "Polygon", "coordinates": [ [ [ 72.835005978423069, 19.076918316748674 ], [ 72.83501035408419, 19.081663090976797 ], [ 72.830966389834998, 19.083804789126898 ], [ 72.826918354590163, 19.081201853520639 ], [ 72.826914113189972, 19.076457338997329 ], [ 72.830957772781474, 19.07431550037612 ], [ 72.835005978423069, 19.076918316748674 ] ] ] } },
{ "type": "Feature", "properties": { "hex_id": "88608b5685fffff", "police_distance": 1475.2103670724034, "hospital_distance": 84.42245013686977, "railway_distance": 1271.99596187374, "metro_distance": 1303.2620875190364, "bus_stop_distance": 93.164620580434274, "restaurants": 0, "parks": 1, "schools": 0, "pharmacies": 0, "crime_count": 0 }, "geometry": { "type": "Polygon", "coordinates": [ [ [ 72.920019236026761, 19.074618893259306 ], [ 72.920025023030419, 19.079366563063374 ], [ 72.915976879439143, 19.081511490109911 ], [ 72.911923253213573, 19.078908887274075 ], [ 72.911917600792819, 19.074161476589044 ], [ 72.915965440022561, 19.072016409621437 ], [ 72.920019236026761, 19.074618893259306 ] ] ] } },
{ "type": "Feature", "properties": { "hex_id": "88608b084dfffff", "police_distance": 204.21523310126719, "hospital_distance": 234.95375026940209, "railway_distance": 1906.424502822864, "metro_distance": 2310.7579150564416, "bus_stop_distance": 130.3519198384592, "restaurants": 4, "parks": 7, "schools": 2, "pharmacies": 2, "crime_count": 0 }, "geometry": { "type": "Polygon", "coordinates": [ [ [ 72.826888667738459, 19.047987847415474 ], [ 72.826892908295918, 19.052733048617512 ], [ 72.822849754482363, 19.054875589026224 ], [ 72.818802664743004, 19.052273068624299 ], [ 72.818798558388394, 19.04752812729987 ], [ 72.822841407578139, 19.045385446500433 ], [ 72.826888667738459, 19.047987847415474 ] ] ] } },
{ "type": "Feature", "properties": { "hex_id": "88608b4669fffff", "police_distance": 1562.7016944884006, "hospital_distance": 411.32241849303506, "railway_distance": 2203.8080182799431, "metro_distance": 2215.7915507044509, "bus_stop_distance": 246.86553280507073, "restaurants": 0, "parks": 0, "schools": 0, "pharmacies": 0, "crime_count": 0 }, "geometry": { "type": "Polygon", "coordinates": [ [ [ 72.883670423888788, 19.165094196366837 ], [ 72.88367560886519, 19.16983845199427 ], [ 72.879627988584801, 19.171978463898906 ], [ 72.875575488014562, 19.16937436073815 ], [ 72.875570437567376, 19.164630364119635 ], [ 72.879617753169043, 19.162490211653502 ], [ 72.883670423888788, 19.165094196366837 ] ] ] } },
{ "type": "Feature", "properties": { "hex_id": "88608b1935fffff", "police_distance": 1223.3810137437383, "hospital_distance": 1301.7099524277612, "railway_distance": 802.42678803979129, "metro_distance": 5315.2746783212597, "bus_stop_distance": 119.30632754115994, "restaurants": 1, "parks": 1, "schools": 2, "pharmacies": 2, "crime_count": 0 }, "geometry": { "type": "Polygon", "coordinates": [ [ [ 72.932128557045857, 19.039690358998293 ], [ 72.932134544493906, 19.044439276547745 ], [ 72.928086294429932, 19.046586026380396 ], [ 72.924032361171285, 19.043983998349109 ], [ 72.924026508319443, 19.039235339973345 ], [ 72.928074454137814, 19.037088450455755 ], [ 72.932128557045857, 19.039690358998293 ] ] ] } },
{ "type": "Feature", "properties": { "hex_id": "88608b0363fffff", "police_distance": 624.74401516877879, "hospital_distance": 642.67064321150508, "railway_distance": 1422.2317487551175, "metro_distance": 1458.325700645883, "bus_stop_distance": 488.14147912732824, "restaurants": 0, "parks": 0, "schools": 0, "pharmacies": 0, "crime_count": 0 }, "geometry": { "type": "Polygon", "coordinates": [ [ [ 72.842950049398581, 18.92072892890145 ], [ 72.842954554426186, 18.925477713569805 ], [ 72.83891239444813, 18.927625857276897 ], [ 72.834866033749904, 18.925025356020878 ], [ 72.83486166286761, 18.920276831624324 ], [ 72.838903518546061, 18.9181285482127 ], [ 72.842950049398581, 18.92072892890145 ] ] ] } },
{ "type": "Feature", "properties": { "hex_id": "88608b440dfffff", "police_distance": 1668.6763207719216, "hospital_distance": 458.24931394147853, "railway_distance": 234.25274766220824, "metro_distance": 3661.6470493528409, "bus_stop_distance": 697.65802548907948, "restaurants": 1, "parks": 3, "schools": 0, "pharmacies": 0, "crime_count": 0 }, "geometry": { "type": "Polygon", "coordinates": [ [ [ 72.839178945056162, 19.212333304077479 ], [ 72.839183392056569, 19.217074915677514 ], [ 72.835137311333156, 19.21921141125507 ], [ 72.831087088548486, 19.21660643628945 ], [ 72.831082775951799, 19.21186508381664 ], [ 72.835128551743921, 19.209728447182844 ], [ 72.839178945056162, 19.212333304077479 ] ] ] } },
{ "type": "Feature", "properties": { "hex_id": "88608b546bfffff", "police_distance": 2051.2732467621827, "hospital_distance": 1844.8369691842531, "railway_distance": 3057.0276891451476, "metro_distance": 6371.7268619940041, "bus_stop_distance": 1717.9376973229751, "restaurants": 0, "parks": 0, "schools": 0, "pharmacies": 0, "crime_count": 0 }, "geometry": { "type": "Polygon", "coordinates": [ [ [ 72.960599791554813, 19.119637971043591 ], [ 72.960606253869372, 19.124385899413788 ], [ 72.956555470353393, 19.126530549413271 ], [ 72.952498528846633, 19.123927410910344 ], [ 72.952492201311429, 19.119179741193104 ], [ 72.956542680511447, 19.117034951326367 ], [ 72.960599791554813, 19.119637971043591 ] ] ] } },
{ "type": "Feature", "properties": { "hex_id": "88608b18abfffff", "police_distance": 2376.744843504744, "hospital_distance": 793.1425677314819, "railway_distance": 1216.2473281586022, "metro_distance": 3782.9692351794988, "bus_stop_distance": 1655.3160278828893, "restaurants": 0, "parks": 0, "schools": 0, "pharmacies": 0, "crime_count": 0 }, "geometry": { "type": "Polygon", "coordinates": [ [ [ 72.859186961448529, 18.978616431701479 ], [ 72.859191736757722, 18.983364380059061 ], [ 72.855147957257145, 18.985510845151705 ], [ 72.851099706822168, 18.982909501755756 ], [ 72.851095065774274, 18.978161813326953 ], [ 72.855138540907902, 18.97601520836594 ], [ 72.859186961448529, 18.978616431701479 ] ] ] } },
{ "type": "Feature", "properties": { "hex_id": "88608b46e5fffff", "police_distance": 999.93539454004758, "hospital_distance": 894.87002330042606, "railway_distance": 1530.8388945079732, "metro_distance": 3744.5463987359449, "bus_stop_distance": 2099.841554971385, "restaurants": 0, "parks": 0, "schools": 0, "pharmacies": 0, "crime_count": 0 }, "geometry": { "type": "Polygon", "coordinates": [ [ [ 72.827003212104373, 19.176067984503643 ], [ 72.827007456456101, 19.180810078395837 ], [ 72.82296249182329, 19.182947560129904 ], [ 72.818913587742102, 19.180343088942887 ], [ 72.818909477713504, 19.175601254410356 ], [ 72.822954137450793, 19.173463631705804 ], [ 72.827003212104373, 19.176067984503643 ] ] ] } },
{ "type": "Feature", "properties": { "hex_id": "88608b5429fffff", "police_distance": 2202.7811150043917, "hospital_distance": 1377.4927327695957, "railway_distance": 1388.0756593483018, "metro_distance": 6776.7987754524365, "bus_stop_distance": 927.40483002604731, "restaurants": 0, "parks": 0, "schools": 0, "pharmacies": 0, "crime_count": 0 }, "geometry": { "type": "Polygon", "coordinates": [ [ [ 72.952511184546381, 19.13342240404355 ], [ 72.952517512710969, 19.138169727337587 ], [ 72.948466934173624, 19.140313534744344 ], [ 72.944410331852865, 19.137710158838658 ], [ 72.944404138449855, 19.132963094198942 ], [ 72.948454412613813, 19.130819146811149 ], [ 72.952511184546381, 19.13342240404355 ] ] ] } },
{ "type": "Feature", "properties": { "hex_id": "88608b0b6dfffff", "police_distance": 362.48777910825032, "hospital_distance": 294.99596260878934, "railway_distance": 1071.9959545980544, "metro_distance": 2879.0765513513211, "bus_stop_distance": 622.66494905253774, "restaurants": 0, "parks": 4, "schools": 0, "pharmacies": 0, "crime_count": 32 }, "geometry": { "type": "Polygon", "coordinates": [ [ [ 72.887618389190834, 19.072787410932698 ], [ 72.887623638050584, 19.07753404390861 ], [ 72.883577123690856, 19.079677847338907 ], [ 72.87952566494846, 19.077075157912432 ], [ 72.879520550546474, 19.072328784290097 ], [ 72.883566760436935, 19.070184840741277 ], [ 72.887618389190834, 19.072787410932698 ] ] ] } },
{ "type": "Feature", "properties": { "hex_id": "88608b0b25fffff", "police_distance": 2159.609594650562, "hospital_distance": 1312.6664127479683, "railway_distance": 806.13957813062962, "metro_distance": 1029.5529193353252, "bus_stop_distance": 822.61661042265985, "restaurants": 0, "parks": 0, "schools": 0, "pharmacies": 0, "crime_count": 0 }, "geometry": { "type": "Polygon", "coordinates": [ [ [ 72.867397681779522, 19.092996304631036 ], [ 72.867402595285995, 19.09774177264606 ], [ 72.863356797921611, 19.099884032098018 ], [ 72.859306391640061, 19.097280963874258 ], [ 72.859301612533201, 19.092535755273161 ], [ 72.863347105316123, 19.09039335548248 ], [ 72.867397681779522, 19.092996304631036 ] ] ] } },
{ "type": "Feature", "properties": { "hex_id": "88608b19b1fffff", "police_distance": 995.79636982199395, "hospital_distance": 400.35320787007618, "railway_distance": 129.80858699028195, "metro_distance": 2710.7950181032325, "bus_stop_distance": 705.56242606851129, "restaurants": 0, "parks": 2, "schools": 0, "pharmacies": 0, "crime_count": 0 }, "geometry": { "type": "Polygon", "coordinates": [ [ [ 72.871378849085147, 19.029149677369748 ], [ 72.871383827576082, 19.033896820894974 ], [ 72.867338732397101, 19.036041745469479 ], [ 72.863288963167363, 19.033439666541984 ], [ 72.863284119031491, 19.02869278265878 ], [ 72.867328909778067, 19.026547718061689 ], [ 72.871378849085147, 19.029149677369748 ] ] ] } },
{ "type": "Feature", "properties": { "hex_id": "88608b472dfffff", "police_distance": 3807.77372836414, "hospital_distance": 2774.6725969882118, "railway_distance": 3263.2821549032697, "metro_distance": 3508.5178255701644, "bus_stop_distance": 3247.9057751802725, "restaurants": 0, "parks": 0, "schools": 0, "pharmacies": 0, "crime_count": 0 }, "geometry": { "type": "Polygon", "coordinates": [ [ [ 72.899955077508523, 19.237180352581159 ], [ 72.8999605343502, 19.241923380747995 ], [ 72.895911090222327, 19.244061141770224 ], [ 72.891856494036475, 19.241456015407692 ], [ 72.89185117185373, 19.236713245842612 ], [ 72.89590031120575, 19.234575344038809 ], [ 72.899955077508523, 19.237180352581159 ] ] ] } },
{ "type": "Feature", "properties": { "hex_id": "88608b55b9fffff", "police_distance": 3390.8943786272389, "hospital_distance": 2313.2907692700937, "railway_distance": 4377.081338400827, "metro_distance": 4359.9188625284669, "bus_stop_distance": 1969.8258735819545, "restaurants": 0, "parks": 0, "schools": 0, "pharmacies": 0, "crime_count": 0 }, "geometry": { "type": "Polygon", "coordinates": [ [ [ 72.903932828134813, 19.173369760350273 ], [ 72.903938349845816, 19.178114489314495 ], [ 72.899889609517672, 19.180254923207087 ], [ 72.895835652112908, 19.177650768606107 ], [ 72.895830265016102, 19.172906298475493 ], [ 72.899878700717679, 19.170765724112808 ], [ 72.903932828134813, 19.173369760350273 ] ] ] } },
{ "type": "Feature", "properties": { "hex_id": "88608b4555fffff", "police_distance": 1226.7300478263794, "hospital_distance": 476.76172633193414, "railway_distance": 488.3710049883282, "metro_distance": 2027.7226738101504, "bus_stop_distance": 839.43927370528354, "restaurants": 0, "parks": 3, "schools": 1, "pharmacies": 1, "crime_count": 0 }, "geometry": { "type": "Polygon", "coordinates": [ [ [ 72.859459406702996, 19.249066629942522 ], [ 72.859464191039024, 19.25380801410672 ], [ 72.855416585632284, 19.255943804295882 ], [ 72.851364500837533, 19.253338351413319 ], [ 72.851359851017094, 19.248597226084907 ], [ 72.855407151483632, 19.246461294803844 ], [ 72.859459406702996, 19.249066629942522 ] ] ] } },
{ "type": "Feature", "properties": { "hex_id": "88608b54e7fffff", "police_distance": 1939.8372229701058, "hospital_distance": 1359.4242816882784, "railway_distance": 1652.3224290199473, "metro_distance": 1655.7823722558296, "bus_stop_distance": 241.67387710634654, "restaurants": 5, "parks": 1, "schools": 0, "pharmacies": 0, "crime_count": 0 }, "geometry": { "type": "Polygon", "coordinates": [ [ [ 72.903883140971175, 19.130661988409685 ], [ 72.903888661035182, 19.135407758896054 ], [ 72.899840525612262, 19.137549878743677 ], [ 72.895787174669238, 19.134946368383208 ], [ 72.895781789179196, 19.130200856903564 ], [ 72.899829620066029, 19.128058596778207 ], [ 72.903883140971175, 19.130661988409685 ] ] ] } },
{ "type": "Feature", "properties": { "hex_id": "88608b465bfffff", "police_distance": 2018.9172655669304, "hospital_distance": 76.43830050634206, "railway_distance": 202.79768776429293, "metro_distance": 1646.3900530805329, "bus_stop_distance": 298.21590853790701, "restaurants": 2, "parks": 4, "schools": 1, "pharmacies": 1, "crime_count": 2 }, "geometry": { "type": "Polygon", "coordinates": [ [ [ 72.851248301544615, 19.134775304497573 ], [ 72.851252947668314, 19.139519217336353 ], [ 72.847207362103802, 19.141659229538519 ], [ 72.843157435148726, 19.139055469532998 ], [ 72.84315292340213, 19.134311816052378 ], [ 72.847198204241337, 19.132171663219715 ], [ 72.851248301544615, 19.134775304497573 ] ] ] } },
{ "type": "Feature", "properties": { "hex_id": "88608b1927fffff", "police_distance": 259.51382549203464, "hospital_distance": 1469.6914951517274, "railway_distance": 166.72670729310556, "metro_distance": 5245.248801027642, "bus_stop_distance": 678.81259140158625, "restaurants": 0, "parks": 2, "schools": 0, "pharmacies": 0, "crime_count": 0 }, "geometry": { "type": "Polygon", "coordinates": [ [ [ 72.944292692297239, 19.047496236523013 ], [ 72.944298882005882, 19.052245371119458 ], [ 72.940249920891588, 19.054392262221253 ], [ 72.936195074296407, 19.051790158370437 ], [ 72.936189019237517, 19.047041282830953 ], [ 72.9402376761319, 19.044894252085918 ], [ 72.944292692297239, 19.047496236523013 ] ] ] } },
{ "type": "Feature", "properties": { "hex_id": "88608b4761fffff", "police_distance": 3924.7590737349665, "hospital_distance": 3441.8237798162941, "railway_distance": 4030.1031202612166, "metro_distance": 4424.2839990943403, "bus_stop_distance": 3712.4022848889881, "restaurants": 0, "parks": 0, "schools": 0, "pharmacies": 0, "crime_count": 0 }, "geometry": { "type": "Polygon", "coordinates": [ [ [ 72.908043159907066, 19.223416594128629 ], [ 72.90804875088287, 19.228160231050836 ], [ 72.903999100750042, 19.230298836637981 ], [ 72.899944164367909, 19.227693945972057 ], [ 72.899938708068973, 19.222950567651232 ], [ 72.903988053483133, 19.22081182139544 ], [ 72.908043159907066, 19.223416594128629 ] ] ] } },
{ "type": "Feature", "properties": { "hex_id": "88608b55edfffff", "police_distance": 1188.5273534713001, "hospital_distance": 381.07814228213482, "railway_distance": 1773.7025574980901, "metro_distance": 7888.1997459903296, "bus_stop_distance": 42.363509331973695, "restaurants": 5, "parks": 3, "schools": 3, "pharmacies": 3, "crime_count": 0 }, "geometry": { "type": "Polygon", "coordinates": [ [ [ 72.944459886470113, 19.175682510060607 ], [ 72.944466081721558, 19.180428532312725 ], [ 72.940415304625446, 19.182570373293913 ], [ 72.936358636776774, 19.179966332246366 ], [ 72.936352576295945, 19.175220568534346 ], [ 72.940403048901004, 19.173078587330309 ], [ 72.944459886470113, 19.175682510060607 ] ] ] } },
{ "type": "Feature", "properties": { "hex_id": "88608b545dfffff", "police_distance": 2228.8706626492512, "hospital_distance": 1714.1041658411036, "railway_distance": 2156.2413177567137, "metro_distance": 4049.750052017187, "bus_stop_distance": 1533.3460411377564, "restaurants": 0, "parks": 0, "schools": 0, "pharmacies": 0, "crime_count": 0 }, "geometry": { "type": "Polygon", "coordinates": [ [ [ 72.948410593692316, 19.097585154144507 ], [ 72.948416852915699, 19.102333213075667 ], [ 72.944366982343354, 19.104478282654593 ], [ 72.940311156867153, 19.101875433147786 ], [ 72.940305032356179, 19.097127633044028 ], [ 72.944354598616783, 19.094982423620209 ], [ 72.948410593692316, 19.097585154144507 ] ] ] } },
{ "type": "Feature", "properties": { "hex_id": "88608b4441fffff", "police_distance": 1222.7427226060945, "hospital_distance": 310.77134280489997, "railway_distance": 972.24479448513171, "metro_distance": 3718.9365096319516, "bus_stop_distance": 522.94692809637581, "restaurants": 1, "parks": 4, "schools": 3, "pharmacies": 3, "crime_count": 0 }, "geometry": { "type": "Polygon", "coordinates": [ [ [ 72.847262322024775, 19.198574911084393 ], [ 72.847266903004751, 19.203317130710065 ], [ 72.843220615299956, 19.205454470624694 ], [ 72.83917005149749, 19.202849731857441 ], [ 72.839165604939183, 19.198107771358782 ], [ 72.843211587769517, 19.195970290500956 ], [ 72.847262322024775, 19.198574911084393 ] ] ] } },
{ "type": "Feature", "properties": { "hex_id": "88608b189dfffff", "police_distance": 561.88971862794392, "hospital_distance": 491.46684813462082, "railway_distance": 452.48491564776413, "metro_distance": 2130.8142423729751, "bus_stop_distance": 121.38345875301113, "restaurants": 0, "parks": 0, "schools": 0, "pharmacies": 0, "crime_count": 3 }, "geometry": { "type": "Polygon", "coordinates": [ [ [ 72.847028893174468, 18.956568976435385 ], [ 72.847033466421919, 18.961317044537743 ], [ 72.842990600016932, 18.963463929211184 ], [ 72.838943464733958, 18.960862885626973 ], [ 72.838939025680816, 18.95611507762602 ], [ 72.84298158772414, 18.953968053108543 ], [ 72.847028893174468, 18.956568976435385 ] ] ] } },
{ "type": "Feature", "properties": { "hex_id": "88608b46d7fffff", "police_distance": 1562.49333025737, "hospital_distance": 2286.0049827491212, "railway_distance": 3784.6775444305877, "metro_distance": 3705.6979044157288, "bus_stop_distance": 689.76167908363175, "restaurants": 0, "parks": 0, "schools": 0, "pharmacies": 0, "crime_count": 0 }, "geometry": { "type": "Polygon", "coordinates": [ [ [ 72.7946117427324, 19.145750483832067 ], [ 72.794615449243196, 19.150492233818511 ], [ 72.790572521580231, 19.152629717927113 ], [ 72.786526192354927, 19.150025593088913 ], [ 72.78652262001502, 19.145284102810518 ], [ 72.790565242737387, 19.143146477662899 ], [ 72.7946117427324, 19.145750483832067 ] ] ] } },
{ "type": "Feature", "properties": { "hex_id": "88608b0321fffff", "police_distance": 182.91305379160011, "hospital_distance": 213.32229891557239, "railway_distance": 326.58760732556021, "metro_distance": 299.27241660197092, "bus_stop_distance": 90.184529925047897, "restaurants": 14, "parks": 1, "schools": 8, "pharmacies": 8, "crime_count": 7 }, "geometry": { "type": "Polygon", "coordinates": [ [ [ 72.834874775948578, 18.934522066762145 ], [ 72.834879147264985, 18.939270252984461 ], [ 72.830837193939544, 18.941417557165405 ], [ 72.826791173661732, 18.938816814944147 ], [ 72.826786936472686, 18.934068888995593 ], [ 72.830828585441949, 18.931921444995265 ], [ 72.834874775948578, 18.934522066762145 ] ] ] } },
{ "type": "Feature", "properties": { "hex_id": "88608b0a67fffff", "police_distance": 770.92733617182262, "hospital_distance": 172.10670102543151, "railway_distance": 447.59686337048623, "metro_distance": 824.40906558419965, "bus_stop_distance": 129.29597450228954, "restaurants": 4, "parks": 2, "schools": 2, "pharmacies": 2, "crime_count": 0 }, "geometry": { "type": "Polygon", "coordinates": [ [ [ 72.847097507790011, 19.027778089328727 ], [ 72.847102083309707, 19.032524453752384 ], [ 72.843058211240802, 19.034668536797575 ], [ 72.839010068172371, 19.032066395590078 ], [ 72.839005626913817, 19.027320290983774 ], [ 72.843049194470368, 19.025176067768253 ], [ 72.847097507790011, 19.027778089328727 ] ] ] } },
{ "type": "Feature", "properties": { "hex_id": "88608b19a3fffff", "police_distance": 2183.8641094559894, "hospital_distance": 1005.2929338381069, "railway_distance": 575.69746894948082, "metro_distance": 3386.5257245175335, "bus_stop_distance": 738.55046001415622, "restaurants": 0, "parks": 0, "schools": 1, "pharmacies": 1, "crime_count": 0 }, "geometry": { "type": "Polygon", "coordinates": [ [ [ 72.883530494455513, 19.036955710622426 ], [ 72.883535674795084, 19.041703072249014 ], [ 72.879489867692683, 19.043848137430757 ], [ 72.875439184665865, 19.041245980967716 ], [ 72.875434138734931, 19.036498878866873 ], [ 72.879479641429995, 19.034353673703972 ], [ 72.883530494455513, 19.036955710622426 ] ] ] } },
{ "type": "Feature", "properties": { "hex_id": "88608b4547fffff", "police_distance": 317.12412636376342, "hospital_distance": 371.65277193702167, "railway_distance": 238.03295403008008, "metro_distance": 2774.21984597354, "bus_stop_distance": 436.49714994762644, "restaurants": 0, "parks": 2, "schools": 0, "pharmacies": 0, "crime_count": 0 }, "geometry": { "type": "Polygon", "coordinates": [ [ [ 72.871618002819091, 19.256882780300558 ], [ 72.871622989235334, 19.261624377156181 ], [ 72.867574670632095, 19.263760307736689 ], [ 72.863521670535647, 19.261154782511682 ], [ 72.86351681868878, 19.256413444375095 ], [ 72.867564832376814, 19.254277372745001 ], [ 72.871618002819091, 19.256882780300558 ] ] ] } },
{ "type": "Feature", "properties": { "hex_id": "88608b4627fffff", "police_distance": 884.64464858602605, "hospital_distance": 398.0499639317884, "railway_distance": 688.75132828080905, "metro_distance": 2653.8902069491405, "bus_stop_distance": 1460.5061200229168, "restaurants": 0, "parks": 3, "schools": 2, "pharmacies": 2, "crime_count": 0 }, "geometry": { "type": "Polygon", "coordinates": [ [ [ 72.859402007037886, 19.192160921958923 ], [ 72.859406789471407, 19.196903704482693 ], [ 72.855359990120064, 19.199041747634137 ], [ 72.851308713162439, 19.19643714909979 ], [ 72.851304065190931, 19.191694625644466 ], [ 72.855350559722865, 19.189556441655679 ], [ 72.859402007037886, 19.192160921958923 ] ] ] } },
{ "type": "Feature", "properties": { "hex_id": "88608b54b3fffff", "police_distance": 2574.6094608034373, "hospital_distance": 162.93766818531975, "railway_distance": 467.95606890618109, "metro_distance": 1669.0679555205618, "bus_stop_distance": 856.27231998536581, "restaurants": 0, "parks": 1, "schools": 0, "pharmacies": 0, "crime_count": 0 }, "geometry": { "type": "Polygon", "coordinates": [ [ [ 72.863385879592045, 19.12835330098039 ], [ 72.863390727099215, 19.133097775847464 ], [ 72.859344630195594, 19.135238490485765 ], [ 72.855293990462854, 19.132634870782006 ], [ 72.855289277373075, 19.127890655214284 ], [ 72.859335069606487, 19.125749800051569 ], [ 72.863385879592045, 19.12835330098039 ] ] ] } },
{ "type": "Feature", "properties": { "hex_id": "88608b0b17fffff", "police_distance": 286.18741287238839, "hospital_distance": 171.85698963149909, "railway_distance": 1029.1482842074849, "metro_distance": 2157.6755905017972, "bus_stop_distance": 181.16913615076172, "restaurants": 36, "parks": 2, "schools": 2, "pharmacies": 2, "crime_count": 4 }, "geometry": { "type": "Polygon", "coordinates": [ [ [ 72.834992852309242, 19.062683306600707 ], [ 72.834997227535581, 19.067428424499685 ], [ 72.830953464468777, 19.069570684103436 ], [ 72.826905630810984, 19.066967966215238 ], [ 72.826901389832173, 19.062223108078339 ], [ 72.830944848271443, 19.06008070806822 ], [ 72.834992852309242, 19.062683306600707 ] ] ] } },
{ "type": "Feature", "properties": { "hex_id": "88608b464dfffff", "police_distance": 2329.4566428386806, "hospital_distance": 741.43174586954342, "railway_distance": 2421.9677164283448, "metro_distance": 2528.3549201836277, "bus_stop_distance": 1394.6660595358962, "restaurants": 0, "parks": 0, "schools": 0, "pharmacies": 0, "crime_count": 0 }, "geometry": { "type": "Polygon", "coordinates": [ [ [ 72.883654869990636, 19.150860734755714 ], [ 72.883660054451525, 19.155605337686755 ], [ 72.879612635715588, 19.157745911817443 ], [ 72.875560337175159, 19.155142023515147 ], [ 72.875555287230114, 19.15039767965078 ], [ 72.87960240131747, 19.14825696502265 ], [ 72.883654869990636, 19.150860734755714 ] ] ] } },
{ "type": "Feature", "properties": { "hex_id": "88608b54d9fffff", "police_distance": 504.72507534862905, "hospital_distance": 501.37918559905046, "railway_distance": 1434.2304509320206, "metro_distance": 2125.1577034761131, "bus_stop_distance": 536.16521608624885, "restaurants": 2, "parks": 1, "schools": 0, "pharmacies": 0, "crime_count": 0 }, "geometry": { "type": "Polygon", "coordinates": [ [ [ 72.887634136291879, 19.087026965664894 ], [ 72.887639385673424, 19.091773254323247 ], [ 72.883592669859453, 19.093916496589365 ], [ 72.879541009171149, 19.09131359038086 ], [ 72.879535894260798, 19.086567561018803 ], [ 72.883582305575359, 19.084424178569503 ], [ 72.887634136291879, 19.087026965664894 ] ] ] } },
{ "type": "Feature", "properties": { "hex_id": "88608b1919fffff", "police_distance": 4193.4867926267025, "hospital_distance": 4380.6707503165717, "railway_distance": 4187.0001464216648, "metro_distance": 9012.006812946147, "bus_stop_distance": 2032.7670520288063, "restaurants": 0, "parks": 0, "schools": 0, "pharmacies": 0, "crime_count": 0 }, "geometry": { "type": "Polygon", "coordinates": [ [ [ 72.928033019294588, 19.003843338827632 ], [ 72.928038937969475, 19.00859298246549 ], [ 72.923991395280879, 19.010740992014735 ], [ 72.91993823810904, 19.008139497473742 ], [ 72.919932453981176, 19.003390113181219 ], [ 72.923979692485915, 19.001241964084929 ], [ 72.928033019294588, 19.003843338827632 ] ] ] } },
{ "type": "Feature", "properties": { "hex_id": "88608b4753fffff", "police_distance": 1182.1891058043484, "hospital_distance": 254.11147403561162, "railway_distance": 1207.9959027743425, "metro_distance": 3045.5145462714472, "bus_stop_distance": 1603.3937141744154, "restaurants": 0, "parks": 1, "schools": 0, "pharmacies": 0, "crime_count": 0 }, "geometry": { "type": "Polygon", "coordinates": [ [ [ 72.87560074276135, 19.193092604561542 ], [ 72.875605794212959, 19.197835905046929 ], [ 72.871558178715574, 19.19997451065214 ], [ 72.867505816540316, 19.197369956511213 ], [ 72.867500899613432, 19.192626914977417 ], [ 72.871548210344898, 19.190488168633497 ], [ 72.87560074276135, 19.193092604561542 ] ] ] } },
{ "type": "Feature", "properties": { "hex_id": "88608b0a03fffff", "police_distance": 1023.6976771126928, "hospital_distance": 434.77513629636223, "railway_distance": 633.84163923235633, "metro_distance": 2018.5410566355104, "bus_stop_distance": 416.85968002987693, "restaurants": 2, "parks": 18, "schools": 4, "pharmacies": 4, "crime_count": 0 }, "geometry": { "type": "Polygon", "coordinates": [ [ [ 72.822812197766311, 19.012166353779271 ], [ 72.822816370182039, 19.01691228024012 ], [ 72.818773923116126, 19.019056082992066 ], [ 72.814727608203924, 19.016454099536695 ], [ 72.814723569942004, 19.011708433125225 ], [ 72.818765712446279, 19.009564490120436 ], [ 72.822812197766311, 19.012166353779271 ] ] ] } },
{ "type": "Feature", "properties": { "hex_id": "88608b56e5fffff", "police_distance": 3143.5629061746477, "hospital_distance": 2118.1873882024829, "railway_distance": 2934.5513454337611, "metro_distance": 2912.4946320850368, "bus_stop_distance": 1396.8252907632607, "restaurants": 0, "parks": 0, "schools": 0, "pharmacies": 0, "crime_count": 0 }, "geometry": { "type": "Polygon", "coordinates": [ [ [ 72.940286660041224, 19.082883542681596 ], [ 72.940292783943178, 19.087631687749891 ], [ 72.936243521992793, 19.089777037011032 ], [ 72.932188440457054, 19.087174381034227 ], [ 72.932182451222744, 19.082426494909448 ], [ 72.93623140886433, 19.080281005818481 ], [ 72.940286660041224, 19.082883542681596 ] ] ] } },
{ "type": "Feature", "properties": { "hex_id": "88608b5555fffff", "police_distance": 1218.847803974995, "hospital_distance": 1173.8532972270473, "railway_distance": 2008.3419870899738, "metro_distance": 9396.1201954738681, "bus_stop_distance": 927.91379290995064, "restaurants": 0, "parks": 0, "schools": 0, "pharmacies": 0, "crime_count": 0 }, "geometry": { "type": "Polygon", "coordinates": [ [ [ 72.972812944285678, 19.155934300373652 ], [ 72.972819610485558, 19.160681749166354 ], [ 72.968767712046898, 19.162825418132876 ], [ 72.964709451766382, 19.160221778260638 ], [ 72.964702920426333, 19.155474587888623 ], [ 72.968754514514771, 19.153330778968641 ], [ 72.972812944285678, 19.155934300373652 ] ] ] } },
{ "type": "Feature", "properties": { "hex_id": "88608b46c9fffff", "police_distance": 1069.3241503898334, "hospital_distance": 548.26358768783541, "railway_distance": 1363.5714790907496, "metro_distance": 1330.8948436102194, "bus_stop_distance": 126.01868906598277, "restaurants": 0, "parks": 2, "schools": 2, "pharmacies": 2, "crime_count": 0 }, "geometry": { "type": "Polygon", "coordinates": [ [ [ 72.822924901505843, 19.140266236576441 ], [ 72.822929077654337, 19.145009068313236 ], [ 72.818884820401095, 19.147147816349911 ], [ 72.814836691840441, 19.144543873485315 ], [ 72.814832649965979, 19.139801301281874 ], [ 72.818876602385998, 19.137662412410325 ], [ 72.822924901505843, 19.140266236576441 ] ] ] } },
{ "type": "Feature", "properties": { "hex_id": "88608b0b09fffff", "police_distance": 586.55689752345882, "hospital_distance": 678.05123026687022, "railway_distance": 505.57091647525704, "metro_distance": 388.25335840764694, "bus_stop_distance": 185.38410584825309, "restaurants": 3, "parks": 1, "schools": 0, "pharmacies": 0, "crime_count": 0 }, "geometry": { "type": "Polygon", "coordinates": [ [ [ 72.863313186253905, 19.057172373159119 ], [ 72.863318031352662, 19.061918571495621 ], [ 72.859272941216645, 19.064062093780933 ], [ 72.855223310509089, 19.061459557932046 ], [ 72.855218599760846, 19.056713619181888 ], [ 72.859263385377446, 19.05456995669492 ], [ 72.863313186253905, 19.057172373159119 ] ] ] } },
{ "type": "Feature", "properties": { "hex_id": "88608b0961fffff", "police_distance": 1777.1705460693192, "hospital_distance": 435.83181070712516, "railway_distance": 292.21437593293956, "metro_distance": 1313.0378643645656, "bus_stop_distance": 304.5301301442671, "restaurants": 3, "parks": 1, "schools": 1, "pharmacies": 1, "crime_count": 0 }, "geometry": { "type": "Polygon", "coordinates": [ [ [ 72.85123436409711, 19.120542873903968 ], [ 72.851239009759041, 19.125287132720537 ], [ 72.84719362553767, 19.127427707009812 ], [ 72.843143900357376, 19.124824163049261 ], [ 72.843139389059175, 19.120080163648446 ], [ 72.847184468585411, 19.11793944879301 ], [ 72.85123436409711, 19.120542873903968 ] ] ] } },
{ "type": "Feature", "properties": { "hex_id": "88608b1995fffff", "police_distance": 1847.3112618966384, "hospital_distance": 415.45811062427612, "railway_distance": 818.76692209919645, "metro_distance": 3080.1645242428867, "bus_stop_distance": 1350.568503967052, "restaurants": 0, "parks": 0, "schools": 0, "pharmacies": 0, "crime_count": 0 }, "geometry": { "type": "Polygon", "coordinates": [ [ [ 72.871363914601773, 19.01490756265947 ], [ 72.871368892597985, 19.019655048190906 ], [ 72.867323998712578, 19.021800533292588 ], [ 72.863274431241038, 19.01919867282103 ], [ 72.863269587586458, 19.014451446988566 ], [ 72.867314177069602, 19.012305821929328 ], [ 72.871363914601773, 19.01490756265947 ] ] ] } },
{ "type": "Feature", "properties": { "hex_id": "88608b565bfffff", "police_distance": 1387.5443571261135, "hospital_distance": 1327.1743251671528, "railway_distance": 2390.9476329216996, "metro_distance": 7216.5220064132745, "bus_stop_distance": 1561.6148912570595, "restaurants": 0, "parks": 0, "schools": 0, "pharmacies": 0, "crime_count": 0 }, "geometry": { "type": "Polygon", "coordinates": [ [ [ 72.964546233214989, 19.041507407710323 ], [ 72.964552759360046, 19.046257361366052 ], [ 72.960502882541761, 19.048405235083159 ], [ 72.956446783722939, 19.045803294632194 ], [ 72.956440392298944, 19.041053599914704 ], [ 72.960489964980539, 19.038905586710513 ], [ 72.964546233214989, 19.041507407710323 ] ] ] } },
{ "type": "Feature", "properties": { "hex_id": "88608b54cbfffff", "police_distance": 840.76063562713932, "hospital_distance": 393.66001053169288, "railway_distance": 110.01148075245406, "metro_distance": 1672.047170547525, "bus_stop_distance": 466.72187075346517, "restaurants": 1, "parks": 2, "schools": 1, "pharmacies": 1, "crime_count": 0 }, "geometry": { "type": "Polygon", "coordinates": [ [ [ 72.899791456346207, 19.094835478620514 ], [ 72.899796907764156, 19.099581983705896 ], [ 72.895749479986762, 19.101725366734776 ], [ 72.89169690527342, 19.09912238482028 ], [ 72.891691588380283, 19.094376138914626 ], [ 72.895738711683492, 19.092232615744347 ], [ 72.899791456346207, 19.094835478620514 ] ] ] } },
{ "type": "Feature", "properties": { "hex_id": "88608b190bfffff", "police_distance": 2847.5709379330378, "hospital_distance": 3108.7723978882673, "railway_distance": 3838.4143582200541, "metro_distance": 8515.6130287008036, "bus_stop_distance": 2662.8443515465506, "restaurants": 0, "parks": 0, "schools": 0, "pharmacies": 0, "crime_count": 0 }, "geometry": { "type": "Polygon", "coordinates": [ [ [ 72.940194825863927, 19.01164761693445 ], [ 72.9402009467222, 19.016397478579069 ], [ 72.936152693098038, 19.018545629366226 ], [ 72.93209862278168, 19.015944058014899 ], [ 72.93209263652399, 19.011194455598996 ], [ 72.936140585989889, 19.009046165306319 ], [ 72.940194825863927, 19.01164761693445 ] ] ] } },
{ "type": "Feature", "properties": { "hex_id": "88608b55d1fffff", "police_distance": 2371.6353305788057, "hospital_distance": 1886.7267102138114, "railway_distance": 2970.2455031197824, "metro_distance": 3116.3769190879812, "bus_stop_distance": 1316.1226288585688, "restaurants": 0, "parks": 0, "schools": 0, "pharmacies": 0, "crime_count": 0 }, "geometry": { "type": "Polygon", "coordinates": [ [ [ 72.91200240677766, 19.145360558391573 ], [ 72.912008062009264, 19.150106241142183 ], [ 72.907959317509452, 19.152248080412111 ], [ 72.903905222325065, 19.149644377224512 ], [ 72.903899701712135, 19.144898953364379 ], [ 72.907948141672719, 19.142756973801905 ], [ 72.91200240677766, 19.145360558391573 ] ] ] } },
{ "type": "Feature", "properties": { "hex_id": "88608b4745fffff", "police_distance": 3322.0533859192501, "hospital_distance": 2842.0356309278177, "railway_distance": 3956.7868884686031, "metro_distance": 5011.1388344746792, "bus_stop_distance": 3272.0625860376995, "restaurants": 0, "parks": 0, "schools": 0, "pharmacies": 0, "crime_count": 0 }, "geometry": { "type": "Polygon", "coordinates": [ [ [ 72.908026388091884, 19.209184983909328 ], [ 72.908031978511602, 19.213928970497157 ], [ 72.903982530124367, 19.216068138879976 ], [ 72.89992779601377, 19.213463461280522 ], [ 72.899922340257476, 19.208719733352137 ], [ 72.903971483956212, 19.206580424364326 ], [ 72.908026388091884, 19.209184983909328 ] ] ] } },
{ "type": "Feature", "properties": { "hex_id": "88608b5441fffff", "police_distance": 2370.0074165542624, "hospital_distance": 2136.2986387327242, "railway_distance": 3031.8940944573565, "metro_distance": 5566.320180852902, "bus_stop_distance": 2369.073818443037, "restaurants": 0, "parks": 0, "schools": 0, "pharmacies": 0, "crime_count": 0 }, "geometry": { "type": "Polygon", "coordinates": [ [ [ 72.960580405896678, 19.10539349394757 ], [ 72.960586867568495, 19.110141768249484 ], [ 72.956536285908513, 19.112286979255167 ], [ 72.952479546870393, 19.109684055762344 ], [ 72.952473219964531, 19.104936040170827 ], [ 72.956523497338637, 19.10279068936228 ], [ 72.960580405896678, 19.10539349394757 ] ] ] } },
{ "type": "Feature", "properties": { "hex_id": "88608b4425fffff", "police_distance": 2638.6522869369055, "hospital_distance": 1125.6547793929558, "railway_distance": 914.98478785537964, "metro_distance": 3073.37534885679, "bus_stop_distance": 1425.6799027299533, "restaurants": 0, "parks": 0, "schools": 0, "pharmacies": 0, "crime_count": 0 }, "geometry": { "type": "Polygon", "coordinates": [ [ [ 72.839205629269173, 19.240781226151277 ], [ 72.839210077153908, 19.245522138316353 ], [ 72.835163593584568, 19.247657506934971 ], [ 72.831112967130053, 19.245052104572515 ], [ 72.831108653675784, 19.240311451418219 ], [ 72.835154832253423, 19.238175941616191 ], [ 72.839205629269173, 19.240781226151277 ] ] ] } },
{ "type": "Feature", "properties": { "hex_id": "88608b4295fffff", "police_distance": 5501.9471660935615, "hospital_distance": 4025.2220123252077, "railway_distance": 6050.1092221212657, "metro_distance": 6649.6765320652412, "bus_stop_distance": 3014.9370310703248, "restaurants": 0, "parks": 0, "schools": 0, "pharmacies": 0, "crime_count": 0 }, "geometry": { "type": "Polygon", "coordinates": [ [ [ 72.928299553964422, 19.217463684447296 ], [ 72.928305481474482, 19.222208142590098 ], [ 72.924254913354062, 19.224347733510744 ], [ 72.920198722367317, 19.221743006802292 ], [ 72.920192929605662, 19.216998807143288 ], [ 72.924243193090177, 19.214859075709423 ], [ 72.928299553964422, 19.217463684447296 ] ] ] } },
{ "type": "Feature", "properties": { "hex_id": "88608b0865fffff", "police_distance": 869.84329345815763, "hospital_distance": 1174.3504598307463, "railway_distance": 2014.2262446978461, "metro_distance": 2497.0818164598918, "bus_stop_distance": 429.71782972561931, "restaurants": 0, "parks": 1, "schools": 0, "pharmacies": 0, "crime_count": 0 }, "geometry": { "type": "Polygon", "coordinates": [ [ [ 72.826914113189972, 19.076457338997329 ], [ 72.826918354590163, 19.081201853520639 ], [ 72.822874798512458, 19.083343271092708 ], [ 72.818827305726543, 19.080740314662421 ], [ 72.818823198555933, 19.075996059902184 ], [ 72.822866449949473, 19.07385450180983 ], [ 72.826914113189972, 19.076457338997329 ] ] ] } },
{ "type": "Feature", "properties": { "hex_id": "88608b56d7fffff", "police_distance": 542.15164647349491, "hospital_distance": 434.6577440516258, "railway_distance": 390.3840787183828, "metro_distance": 3497.9608371711811, "bus_stop_distance": 525.96668785577913, "restaurants": 4, "parks": 1, "schools": 5, "pharmacies": 5, "crime_count": 0 }, "geometry": { "type": "Polygon", "coordinates": [ [ [ 72.907842008163456, 19.052568471258059 ], [ 72.90784759247174, 19.057316268022898 ], [ 72.90380036196035, 19.05946161480967 ], [ 72.899747851505339, 19.056859304730207 ], [ 72.899742401712928, 19.052111767258186 ], [ 72.903789327867486, 19.049966280573411 ], [ 72.907842008163456, 19.052568471258059 ] ] ] } },
{ "type": "Feature", "properties": { "hex_id": "88608b56cdfffff", "police_distance": 318.70004576364306, "hospital_distance": 1009.2269459691997, "railway_distance": 811.58275465313454, "metro_distance": 4388.2931667545736, "bus_stop_distance": 309.65531346740175, "restaurants": 0, "parks": 0, "schools": 0, "pharmacies": 0, "crime_count": 0 }, "geometry": { "type": "Polygon", "coordinates": [ [ [ 72.940249920891588, 19.054392262221253 ], [ 72.940256043575815, 19.05914109557007 ], [ 72.936207185016187, 19.061287566009636 ], [ 72.932152508028722, 19.058685342801375 ], [ 72.932146519985309, 19.053936768510372 ], [ 72.936195074296407, 19.051790158370437 ], [ 72.940249920891588, 19.054392262221253 ] ] ] } },
{ "type": "Feature", "properties": { "hex_id": "88608b5547fffff", "police_distance": 1358.5798452169277, "hospital_distance": 1842.507317270695, "railway_distance": 2642.3055103754655, "metro_distance": 10895.518341423449, "bus_stop_distance": 1718.7618785220543, "restaurants": 0, "parks": 0, "schools": 0, "pharmacies": 0, "crime_count": 0 }, "geometry": { "type": "Polygon", "coordinates": [ [ [ 72.984990060887867, 19.163745008733809 ], [ 72.984996929777751, 19.168492671102921 ], [ 72.980944320337244, 19.170636481744765 ], [ 72.976885146338802, 19.168032769929141 ], [ 72.976878412362282, 19.163285365863405 ], [ 72.980930717478685, 19.161141415310436 ], [ 72.984990060887867, 19.163745008733809 ] ] ] } },
{ "type": "Feature", "properties": { "hex_id": "88608b1987fffff", "police_distance": 2376.689707912381, "hospital_distance": 1220.9350939544295, "railway_distance": 497.30347758619297, "metro_distance": 4142.0692557796156, "bus_stop_distance": 1200.8752838439189, "restaurants": 0, "parks": 0, "schools": 0, "pharmacies": 0, "crime_count": 0 }, "geometry": { "type": "Polygon", "coordinates": [ [ [ 72.88351495446642, 19.022712940887534 ], [ 72.883520134291189, 19.027460644880613 ], [ 72.879474528552734, 19.029606270595238 ], [ 72.875424047374551, 19.027004332233531 ], [ 72.875419001945062, 19.022256887823158 ], [ 72.879464303306307, 19.020111122192393 ], [ 72.88351495446642, 19.022712940887534 ] ] ] } },
{ "type": "Feature", "properties": { "hex_id": "88608b096bfffff", "police_distance": 1598.4688990448592, "hospital_distance": 58.992344186481631, "railway_distance": 593.94065514886586, "metro_distance": 1468.9676702948734, "bus_stop_distance": 52.813395554064272, "restaurants": 2, "parks": 0, "schools": 2, "pharmacies": 2, "crime_count": 0 }, "geometry": { "type": "Polygon", "coordinates": [ [ [ 72.847179890336776, 19.113195146907891 ], [ 72.847184468585411, 19.11793944879301 ], [ 72.843139389059175, 19.120080163648446 ], [ 72.839090035985492, 19.117476717177944 ], [ 72.839085592078234, 19.112732674766516 ], [ 72.84313036691114, 19.110591819352525 ], [ 72.847179890336776, 19.113195146907891 ] ] ] } },
{ "type": "Feature", "properties": { "hex_id": "88608b428bfffff", "police_distance": 4286.2817815182916, "hospital_distance": 2771.7671276225951, "railway_distance": 5002.4422919856806, "metro_distance": 8071.9453582348333, "bus_stop_distance": 1620.7363666038309, "restaurants": 0, "parks": 0, "schools": 0, "pharmacies": 0, "crime_count": 0 }, "geometry": { "type": "Polygon", "coordinates": [ [ [ 72.940452076675854, 19.211042941731396 ], [ 72.940458206062274, 19.215787962370324 ], [ 72.936407127858388, 19.217928257014833 ], [ 72.932350224855909, 19.215323671428045 ], [ 72.932344230258124, 19.210578909213858 ], [ 72.936395003881984, 19.2084384741622 ], [ 72.940452076675854, 19.211042941731396 ] ] ] } },
{ "type": "Feature", "properties": { "hex_id": "88608b54bdfffff", "police_distance": 1053.0136898201895, "hospital_distance": 378.03673256413128, "railway_distance": 629.61356137413429, "metro_distance": 923.88480623019166, "bus_stop_distance": 121.63445793397381, "restaurants": 0, "parks": 0, "schools": 0, "pharmacies": 0, "crime_count": 0 }, "geometry": { "type": "Polygon", "coordinates": [ [ [ 72.879581934556114, 19.129277684645963 ], [ 72.8795870509921, 19.134022677936358 ], [ 72.875540138398975, 19.136163954539317 ], [ 72.871488413994399, 19.133560378278236 ], [ 72.87148343203846, 19.128815644170238 ], [ 72.87553004001488, 19.126674227141514 ], [ 72.879581934556114, 19.129277684645963 ] ] ] } },
{ "type": "Feature", "properties": { "hex_id": "88608b4631fffff", "police_distance": 742.03815987400071, "hospital_distance": 312.10589145795848, "railway_distance": 725.29709733017194, "metro_distance": 2273.0512668575216, "bus_stop_distance": 2006.1562196902082, "restaurants": 2, "parks": 1, "schools": 1, "pharmacies": 1, "crime_count": 0 }, "geometry": { "type": "Polygon", "coordinates": [ [ [ 72.843193534503413, 19.177000536849093 ], [ 72.843198047595621, 19.181743149285829 ], [ 72.839152266148318, 19.183881193036434 ], [ 72.835102276459097, 19.181276765222901 ], [ 72.835097897752817, 19.176534412029309 ], [ 72.839143374357647, 19.174396227406707 ], [ 72.843193534503413, 19.177000536849093 ] ] ] } },
{ "type": "Feature", "properties": { "hex_id": "88608b032bfffff", "police_distance": 277.08782825325898, "hospital_distance": 688.10652470140417, "railway_distance": 241.24371919543754, "metro_distance": 164.42897123688374, "bus_stop_distance": 197.78069346708216, "restaurants": 8, "parks": 2, "schools": 0, "pharmacies": 0, "crime_count": 1 }, "geometry": { "type": "Polygon", "coordinates": [ [ [ 72.830824281406848, 18.927173219760686 ], [ 72.830828585441949, 18.931921444995265 ], [ 72.826786936472686, 18.934068888995593 ], [ 72.822741287830553, 18.931468247573164 ], [ 72.82273711790053, 18.926720282669777 ], [ 72.826778462515392, 18.924572698858313 ], [ 72.830824281406848, 18.927173219760686 ] ] ] } },
{ "type": "Feature", "properties": { "hex_id": "88608b441bfffff", "police_distance": 3363.9390803017063, "hospital_distance": 1892.7001594497342, "railway_distance": 3268.7261184988538, "metro_distance": 6645.9811322268215, "bus_stop_distance": 668.33372219360717, "restaurants": 0, "parks": 0, "schools": 0, "pharmacies": 0, "crime_count": 0 }, "geometry": { "type": "Polygon", "coordinates": [ [ [ 72.806788249806843, 19.196236183466425 ], [ 72.806792158992295, 19.200977106874486 ], [ 72.802747914093302, 19.203113041510363 ], [ 72.798700065023624, 19.200508193928105 ], [ 72.79869629010291, 19.195767529938177 ], [ 72.802740229994996, 19.19363145411301 ], [ 72.806788249806843, 19.196236183466425 ] ] ] } },
{ "type": "Feature", "properties": { "hex_id": "88608b55c3fffff", "police_distance": 947.41637098650938, "hospital_distance": 1155.7957471507684, "railway_distance": 2310.2444011493599, "metro_distance": 4659.7315720559991, "bus_stop_distance": 950.72554199888145, "restaurants": 0, "parks": 0, "schools": 0, "pharmacies": 0, "crime_count": 0 }, "geometry": { "type": "Polygon", "coordinates": [ [ [ 72.924167030316411, 19.153171459753981 ], [ 72.924172887825961, 19.157917357139613 ], [ 72.920123431444736, 19.160059337418733 ], [ 72.91606842207554, 19.157455560563299 ], [ 72.916062699238296, 19.15270992195131 ], [ 72.920111851105773, 19.150567801421698 ], [ 72.924167030316411, 19.153171459753981 ] ] ] } },
{ "type": "Feature", "properties": { "hex_id": "88608b4737fffff", "police_distance": 1164.0512209081946, "hospital_distance": 159.64841952630204, "railway_distance": 315.92563180431603, "metro_distance": 347.71655896328417, "bus_stop_distance": 33.226850277601272, "restaurants": 0, "parks": 2, "schools": 0, "pharmacies": 0, "crime_count": 0 }, "geometry": { "type": "Polygon", "coordinates": [ [ [ 72.867545157822988, 19.23531009992308 ], [ 72.867550076216887, 19.240052093331794 ], [ 72.863502264113151, 19.242188728422462 ], [ 72.859449838506634, 19.239583511084042 ], [ 72.859445054646329, 19.234841776510994 ], [ 72.863492561866764, 19.232705000441239 ], [ 72.867545157822988, 19.23531009992308 ] ] ] } },
{ "type": "Feature", "properties": { "hex_id": "88608b5433fffff", "police_distance": 2717.013028955701, "hospital_distance": 378.41074913286161, "railway_distance": 1382.0013386898636, "metro_distance": 3360.7795312693515, "bus_stop_distance": 202.88919609854523, "restaurants": 4, "parks": 4, "schools": 1, "pharmacies": 1, "crime_count": 0 }, "geometry": { "type": "Polygon", "coordinates": [ [ [ 72.920088692731028, 19.131583341487243 ], [ 72.920094482036816, 19.136329629811108 ], [ 72.916045531864782, 19.138472312020106 ], [ 72.91199109687679, 19.135868846084676 ], [ 72.911985442207509, 19.131122816650191 ], [ 72.916034087897501, 19.128979994262284 ], [ 72.920088692731028, 19.131583341487243 ] ] ] } },
{ "type": "Feature", "properties": { "hex_id": "88608b5437fffff", "police_distance": 1799.4983888101649, "hospital_distance": 602.57824864042516, "railway_distance": 1609.2495333644044, "metro_distance": 3944.4812144582002, "bus_stop_distance": 234.466502598029, "restaurants": 0, "parks": 0, "schools": 0, "pharmacies": 0, "crime_count": 0 }, "geometry": { "type": "Polygon", "coordinates": [ [ [ 72.924149458952826, 19.138933073386617 ], [ 72.924155315879858, 19.143679317816598 ], [ 72.920106061224203, 19.145821859839259 ], [ 72.916051254132924, 19.143218297618812 ], [ 72.916045531864782, 19.138472312020106 ], [ 72.920094482036816, 19.136329629811108 ], [ 72.924149458952826, 19.138933073386617 ] ] ] } },
{ "type": "Feature", "properties": { "hex_id": "88608b56c9fffff", "police_distance": 613.67656715675696, "hospital_distance": 1060.8820952196234, "railway_distance": 95.821057598221955, "metro_distance": 4786.9138167164811, "bus_stop_distance": 394.18538441619825, "restaurants": 0, "parks": 0, "schools": 1, "pharmacies": 1, "crime_count": 0 }, "geometry": { "type": "Polygon", "coordinates": [ [ [ 72.936189019237517, 19.047041282830953 ], [ 72.936195074296407, 19.051790158370437 ], [ 72.932146519985309, 19.053936768510372 ], [ 72.928092214870276, 19.0513346428041 ], [ 72.928086294429932, 19.046586026380396 ], [ 72.932134544493906, 19.044439276547745 ], [ 72.936189019237517, 19.047041282830953 ] ] ] } },
{ "type": "Feature", "properties": { "hex_id": "88608b46adfffff", "police_distance": 2451.6118552277412, "hospital_distance": 839.72537612347548, "railway_distance": 2634.8894689387535, "metro_distance": 4901.826171669295, "bus_stop_distance": 1311.7273163907896, "restaurants": 0, "parks": 0, "schools": 0, "pharmacies": 0, "crime_count": 0 }, "geometry": { "type": "Polygon", "coordinates": [ [ [ 72.814869031656642, 19.182480289728741 ], [ 72.81487307473634, 19.187221820675195 ], [ 72.810828622341191, 19.189358599476684 ], [ 72.806780431824478, 19.186753988408579 ], [ 72.806776523027537, 19.182012716880116 ], [ 72.810820670472395, 19.179875797002406 ], [ 72.814869031656642, 19.182480289728741 ] ] ] } },
{ "type": "Feature", "properties": { "hex_id": "88608b5539fffff", "police_distance": 543.12568643210432, "hospital_distance": 37.6717907937457, "railway_distance": 732.01003883304122, "metro_distance": 9293.5034085660154, "bus_stop_distance": 448.64691216925638, "restaurants": 2, "parks": 1, "schools": 0, "pharmacies": 0, "crime_count": 0 }, "geometry": { "type": "Polygon", "coordinates": [ [ [ 72.960677353473642, 19.176605479522006 ], [ 72.960683818360152, 19.181352018677874 ], [ 72.95663222721889, 19.183494422772696 ], [ 72.95257447563543, 19.180890427835969 ], [ 72.952568145582092, 19.176144147102555 ], [ 72.956619432286871, 19.174001602883937 ], [ 72.960677353473642, 19.176605479522006 ] ] ] } },
{ "type": "Feature", "properties": { "hex_id": "88608b473bfffff", "police_distance": 782.02234484628423, "hospital_distance": 307.76684658610804, "railway_distance": 126.43482722367868, "metro_distance": 1233.3239357261048, "bus_stop_distance": 784.12302250330845, "restaurants": 0, "parks": 1, "schools": 1, "pharmacies": 1, "crime_count": 0 }, "geometry": { "type": "Polygon", "coordinates": [ [ [ 72.867530403619483, 19.22108341973308 ], [ 72.867535321524301, 19.225825763063064 ], [ 72.863487710984785, 19.227962961428773 ], [ 72.85943548740137, 19.22535795738057 ], [ 72.859430704016731, 19.220615872944531 ], [ 72.863478009703158, 19.218478533663287 ], [ 72.867530403619483, 19.22108341973308 ] ] ] } },
{ "type": "Feature", "properties": { "hex_id": "88608b55c7fffff", "police_distance": 1004.9413521352643, "hospital_distance": 1159.0713842601413, "railway_distance": 2525.8118349578722, "metro_distance": 5498.4966236275532, "bus_stop_distance": 605.5039185052002, "restaurants": 0, "parks": 0, "schools": 0, "pharmacies": 0, "crime_count": 0 }, "geometry": { "type": "Polygon", "coordinates": [ [ [ 72.928228439172031, 19.160521111410585 ], [ 72.928234364324098, 19.165266964418866 ], [ 72.924184603427634, 19.167408804440182 ], [ 72.920129221902158, 19.164804931711622 ], [ 72.920123431444736, 19.160059337418733 ], [ 72.924172887825961, 19.157917357139613 ], [ 72.928228439172031, 19.160521111410585 ] ] ] } },
{ "type": "Feature", "properties": { "hex_id": "88608b451dfffff", "police_distance": 2294.9221570682075, "hospital_distance": 882.85817677584805, "railway_distance": 768.26863694105509, "metro_distance": 3304.3025631384735, "bus_stop_distance": 1149.5285557723384, "restaurants": 0, "parks": 0, "schools": 0, "pharmacies": 0, "crime_count": 0 }, "geometry": { "type": "Polygon", "coordinates": [ [ [ 72.847317303805852, 19.255473860201846 ], [ 72.8473218866081, 19.260214680725234 ], [ 72.843274793049886, 19.262349766955811 ], [ 72.839223421692608, 19.259744173861126 ], [ 72.839218973365618, 19.25500361223185 ], [ 72.843265761928492, 19.252868384803723 ], [ 72.847317303805852, 19.255473860201846 ] ] ] } },
{ "type": "Feature", "properties": { "hex_id": "88608b095dfffff", "police_distance": 554.1655539002644, "hospital_distance": 795.67716521822024, "railway_distance": 1554.7430802591364, "metro_distance": 2235.3668278354103, "bus_stop_distance": 326.01883640870017, "restaurants": 3, "parks": 0, "schools": 1, "pharmacies": 1, "crime_count": 0 }, "geometry": { "type": "Polygon", "coordinates": [ [ [ 72.835019105841269, 19.091152295335686 ], [ 72.835023481937213, 19.095896725344605 ], [ 72.830979316485568, 19.098037861852987 ], [ 72.826931079633681, 19.09543470888876 ], [ 72.82692683781201, 19.090690538527255 ], [ 72.830970698575783, 19.088549261483188 ], [ 72.835019105841269, 19.091152295335686 ] ] ] } },
{ "type": "Feature", "properties": { "hex_id": "88608b4623fffff", "police_distance": 810.60139418183735, "hospital_distance": 97.638522716014734, "railway_distance": 286.36810858290619, "metro_distance": 1978.8273940195086, "bus_stop_distance": 1936.5762566627418, "restaurants": 0, "parks": 3, "schools": 2, "pharmacies": 2, "crime_count": 0 }, "geometry": { "type": "Polygon", "coordinates": [ [ [ 72.855345844758631, 19.184813614492931 ], [ 72.855350559722865, 19.189556441655679 ], [ 72.851304065190931, 19.191694625644466 ], [ 72.847253160520253, 19.189090123301206 ], [ 72.847248579995664, 19.184347555265084 ], [ 72.851294769709966, 19.182209230446212 ], [ 72.855345844758631, 19.184813614492931 ] ] ] } },
{ "type": "Feature", "properties": { "hex_id": "88608b0a63fffff", "police_distance": 215.72294523593561, "hospital_distance": 152.21487446455157, "railway_distance": 118.51723661723078, "metro_distance": 42.317642697451006, "bus_stop_distance": 67.969043923118647, "restaurants": 13, "parks": 1, "schools": 6, "pharmacies": 6, "crime_count": 2 }, "geometry": { "type": "Polygon", "coordinates": [ [ [ 72.843044686309099, 19.020429662273848 ], [ 72.843049194470368, 19.025176067768253 ], [ 72.839005626913817, 19.027320290983774 ], [ 72.834957855714336, 19.024718248867984 ], [ 72.834953481791871, 19.019972103248666 ], [ 72.838996744837885, 19.017827739870725 ], [ 72.843044686309099, 19.020429662273848 ] ] ] } },
{ "type": "Feature", "properties": { "hex_id": "88608b031dfffff", "police_distance": 672.04832843874885, "hospital_distance": 799.42502353418161, "railway_distance": 946.65488268514605, "metro_distance": 2729.1363355553335, "bus_stop_distance": 231.46118852700789, "restaurants": 0, "parks": 0, "schools": 0, "pharmacies": 0, "crime_count": 0 }, "geometry": { "type": "Polygon", "coordinates": [ [ [ 72.818675430950378, 18.905127052363827 ], [ 72.818679533228533, 18.909875393552117 ], [ 72.814638797316817, 18.912023256960854 ], [ 72.810594263483537, 18.909422918968108 ], [ 72.810590295243472, 18.904674838283039 ], [ 72.814630726806413, 18.902526835088203 ], [ 72.818675430950378, 18.905127052363827 ] ] ] } },
{ "type": "Feature", "properties": { "hex_id": "88608b55b5fffff", "police_distance": 3359.2412273108389, "hospital_distance": 2700.2437626441297, "railway_distance": 4160.2102539904463, "metro_distance": 4820.4092059658906, "bus_stop_distance": 2472.8509283119047, "restaurants": 0, "parks": 0, "schools": 0, "pharmacies": 0, "crime_count": 0 }, "geometry": { "type": "Polygon", "coordinates": [ [ [ 72.903949393816987, 19.18760359909534 ], [ 72.903954916077183, 19.192347979790359 ], [ 72.899905974073789, 19.194487851323881 ], [ 72.895851814474781, 19.191883482696912 ], [ 72.895846426842226, 19.187139360777614 ], [ 72.899895064188897, 19.18499934871009 ], [ 72.903949393816987, 19.18760359909534 ] ] ] } },
{ "type": "Feature", "properties": { "hex_id": "88608b4729fffff", "police_distance": 3502.5602967399, "hospital_distance": 2592.3650378511488, "railway_distance": 3024.7677374114487, "metro_distance": 3049.6137111276216, "bus_stop_distance": 2972.8526150209973, "restaurants": 0, "parks": 0, "schools": 0, "pharmacies": 0, "crime_count": 0 }, "geometry": { "type": "Polygon", "coordinates": [ [ [ 72.895894921965493, 19.229832270034773 ], [ 72.89590031120575, 19.234575344038809 ], [ 72.89185117185373, 19.236713245842612 ], [ 72.887796948043487, 19.234108214417475 ], [ 72.887791693439794, 19.229365399073583 ], [ 72.89184052801761, 19.227227356495241 ], [ 72.895894921965493, 19.229832270034773 ] ] ] } },
{ "type": "Feature", "properties": { "hex_id": "88608b0b69fffff", "police_distance": 313.18553447155074, "hospital_distance": 248.56101858387905, "railway_distance": 254.91062353828002, "metro_distance": 2665.9929562630887, "bus_stop_distance": 699.30136383519414, "restaurants": 2, "parks": 0, "schools": 1, "pharmacies": 1, "crime_count": 10 }, "geometry": { "type": "Polygon", "coordinates": [ [ [ 72.883561579067475, 19.06543816549619 ], [ 72.883566760436935, 19.070184840741277 ], [ 72.879520550546474, 19.072328784290097 ], [ 72.875469463762016, 19.069726192705286 ], [ 72.875464416828009, 19.064979776871713 ], [ 72.879510322250852, 19.062835693212065 ], [ 72.883561579067475, 19.06543816549619 ] ] ] } },
{ "type": "Feature", "properties": { "hex_id": "88608b5425fffff", "police_distance": 1949.2687690216703, "hospital_distance": 345.92374581699147, "railway_distance": 568.53888162053215, "metro_distance": 7082.919610320937, "bus_stop_distance": 547.07864379298871, "restaurants": 0, "parks": 0, "schools": 0, "pharmacies": 0, "crime_count": 0 }, "geometry": { "type": "Polygon", "coordinates": [ [ [ 72.9525301696696, 19.147664027075635 ], [ 72.952536498463687, 19.152411003397788 ], [ 72.948485718070216, 19.154554249362626 ], [ 72.94442891329399, 19.151950659051071 ], [ 72.944422719274925, 19.147203941325646 ], [ 72.948473195264896, 19.145060555315585 ], [ 72.9525301696696, 19.147664027075635 ] ] ] } },
{ "type": "Feature", "properties": { "hex_id": "88608b4409fffff", "police_distance": 2023.428200468134, "hospital_distance": 434.88014261209184, "railway_distance": 404.4061894627124, "metro_distance": 4508.6474092781546, "bus_stop_distance": 916.38379618190959, "restaurants": 0, "parks": 0, "schools": 0, "pharmacies": 0, "crime_count": 0 }, "geometry": { "type": "Polygon", "coordinates": [ [ [ 72.835124172166999, 19.20498679063607 ], [ 72.835128551743921, 19.209728447182844 ], [ 72.831082775951799, 19.21186508381664 ], [ 72.827032925520044, 19.209260204953189 ], [ 72.827028680324418, 19.204518807591818 ], [ 72.83107415118711, 19.202382029909081 ], [ 72.835124172166999, 19.20498679063607 ] ] ] } },
{ "type": "Feature", "properties": { "hex_id": "88608b1901fffff", "police_distance": 1941.4769982901071, "hospital_distance": 2190.4884561987901, "railway_distance": 3126.6641951103966, "metro_distance": 7927.8234433207435, "bus_stop_distance": 1746.8683845586779, "restaurants": 0, "parks": 0, "schools": 0, "pharmacies": 0, "crime_count": 0 }, "geometry": { "type": "Polygon", "coordinates": [ [ [ 72.944255558353248, 19.018999028317786 ], [ 72.944261746831131, 19.023748848501789 ], [ 72.940213189047284, 19.025896859775656 ], [ 72.936158746953041, 19.023295190379393 ], [ 72.936152693098038, 19.018545629366226 ], [ 72.9402009467222, 19.016397478579069 ], [ 72.944255558353248, 19.018999028317786 ] ] ] } },
{ "type": "Feature", "properties": { "hex_id": "88608b0849fffff", "police_distance": 1117.281283399735, "hospital_distance": 1153.3938850599934, "railway_distance": 2486.0458451310669, "metro_distance": 2437.154029046204, "bus_stop_distance": 204.29694929668435, "restaurants": 0, "parks": 3, "schools": 0, "pharmacies": 0, "crime_count": 0 }, "geometry": { "type": "Polygon", "coordinates": [ [ [ 72.822837234333321, 19.040640203917388 ], [ 72.822841407578139, 19.045385446500433 ], [ 72.818798558388394, 19.04752812729987 ], [ 72.814751840583668, 19.044925705899828 ], [ 72.814747801519374, 19.040180723252089 ], [ 72.818790346087127, 19.038037902069782 ], [ 72.822837234333321, 19.040640203917388 ] ] ] } },
{ "type": "Feature", "properties": { "hex_id": "88608b56bbfffff", "police_distance": 882.73901139467159, "hospital_distance": 586.95918143525614, "railway_distance": 656.69803670465376, "metro_distance": 2110.2783261633699, "bus_stop_distance": 1042.9942560886625, "restaurants": 0, "parks": 0, "schools": 0, "pharmacies": 0, "crime_count": 2 }, "geometry": { "type": "Polygon", "coordinates": [ [ [ 72.895717177217833, 19.07324573528831 ], [ 72.895722560566668, 19.077992627559269 ], [ 72.891675638757917, 19.080136711834502 ], [ 72.887623638050584, 19.07753404390861 ], [ 72.887618389190834, 19.072787410932698 ], [ 72.891665006557147, 19.070643186588242 ], [ 72.895717177217833, 19.07324573528831 ] ] ] } },
{ "type": "Feature", "properties": { "hex_id": "88608b5631fffff", "police_distance": 3962.4513688089669, "hospital_distance": 3273.697133569734, "railway_distance": 3821.3819450425776, "metro_distance": 4615.7707797252415, "bus_stop_distance": 2888.4751119736343, "restaurants": 0, "parks": 0, "schools": 0, "pharmacies": 0, "crime_count": 0 }, "geometry": { "type": "Polygon", "coordinates": [ [ [ 72.956497922742599, 19.083796728283446 ], [ 72.956504316073662, 19.088545391062173 ], [ 72.952454240505332, 19.090691302623949 ], [ 72.948398075868042, 19.088088691138349 ], [ 72.948391817267122, 19.083340287185422 ], [ 72.952441588581166, 19.081194235892816 ], [ 72.956497922742599, 19.083796728283446 ] ] ] } },
{ "type": "Feature", "properties": { "hex_id": "88608b4635fffff", "police_distance": 358.13554033209766, "hospital_distance": 178.46847952925324, "railway_distance": 567.16111319158131, "metro_distance": 2407.455543532129, "bus_stop_distance": 2001.5903946683675, "restaurants": 1, "parks": 3, "schools": 2, "pharmacies": 2, "crime_count": 13 }, "geometry": { "type": "Polygon", "coordinates": [ [ [ 72.847248579995664, 19.184347555265084 ], [ 72.847253160520253, 19.189090123301206 ], [ 72.843207074228658, 19.191228026172464 ], [ 72.839156712264625, 19.188623501887548 ], [ 72.839152266148318, 19.183881193036434 ], [ 72.843198047595621, 19.181743149285829 ], [ 72.847248579995664, 19.184347555265084 ] ] ] } },
{ "type": "Feature", "properties": { "hex_id": "88608b54c1fffff", "police_distance": 1759.7219517259662, "hospital_distance": 690.90009770702034, "railway_distance": 1017.2494094903675, "metro_distance": 2071.5420185444727, "bus_stop_distance": 1143.6574891679313, "restaurants": 0, "parks": 5, "schools": 0, "pharmacies": 0, "crime_count": 0 }, "geometry": { "type": "Polygon", "coordinates": [ [ [ 72.903850024428777, 19.102184943797841 ], [ 72.90385554339521, 19.106931405891984 ], [ 72.89980781114204, 19.109074648771895 ], [ 72.89575486440603, 19.106471569707203 ], [ 72.895749479986762, 19.101725366734776 ], [ 72.899796907764156, 19.099581983705896 ], [ 72.903850024428777, 19.102184943797841 ] ] ] } },
{ "type": "Feature", "properties": { "hex_id": "88608b54a1fffff", "police_distance": 1614.9263134015866, "hospital_distance": 1526.675882551237, "railway_distance": 1011.6944967009615, "metro_distance": 1021.0024613051577, "bus_stop_distance": 1117.3259349729262, "restaurants": 0, "parks": 0, "schools": 0, "pharmacies": 0, "crime_count": 0 }, "geometry": { "type": "Polygon", "coordinates": [ [ [ 72.891739446762202, 19.137088207109606 ], [ 72.89174476524137, 19.141833415862468 ], [ 72.887697140352756, 19.143974833123387 ], [ 72.883644501584314, 19.141371182015899 ], [ 72.883639317638853, 19.136626232328837 ], [ 72.887686637935929, 19.134484674684 ], [ 72.891739446762202, 19.137088207109606 ] ] ] } },
{ "type": "Feature", "properties": { "hex_id": "88608b4615fffff", "police_distance": 1073.1118567112878, "hospital_distance": 207.01995683336787, "railway_distance": 523.5888347052404, "metro_distance": 2106.5016844272709, "bus_stop_distance": 647.03826869854822, "restaurants": 0, "parks": 2, "schools": 0, "pharmacies": 0, "crime_count": 0 }, "geometry": { "type": "Polygon", "coordinates": [ [ [ 72.843179996124064, 19.162772004294236 ], [ 72.843184508767649, 19.167514964292572 ], [ 72.839138928683298, 19.169653570749581 ], [ 72.835089140775466, 19.167049358016893 ], [ 72.835084762504394, 19.162306657319576 ], [ 72.839130037776457, 19.160167910054529 ], [ 72.843179996124064, 19.162772004294236 ] ] ] } },
{ "type": "Feature", "properties": { "hex_id": "88608b0a55fffff", "police_distance": 1071.8686766946505, "hospital_distance": 672.54818514107694, "railway_distance": 647.09912207768298, "metro_distance": 976.182489649545, "bus_stop_distance": 330.9342029342767, "restaurants": 10, "parks": 2, "schools": 1, "pharmacies": 1, "crime_count": 0 }, "geometry": { "type": "Polygon", "coordinates": [ [ [ 72.830888856897147, 18.998384732123345 ], [ 72.830893163070257, 19.003131259747263 ], [ 72.826850509039843, 19.005275903426181 ], [ 72.822803853349257, 19.002674159620383 ], [ 72.822799681347959, 18.997927892044459 ], [ 72.82684203087328, 18.99578310822703 ], [ 72.830888856897147, 18.998384732123345 ] ] ] } },
{ "type": "Feature", "properties": { "hex_id": "88608b5737fffff", "police_distance": 2882.6820666782305, "hospital_distance": 2921.2050278674287, "railway_distance": 3377.5503090703232, "metro_distance": 9603.2913665187243, "bus_stop_distance": 2270.2029503641124, "restaurants": 0, "parks": 0, "schools": 0, "pharmacies": 0, "crime_count": 0 }, "geometry": { "type": "Polygon", "coordinates": [ [ [ 72.98090351446821, 19.142149891675217 ], [ 72.980910314882522, 19.146897946277427 ], [ 72.97685821177275, 19.149042458157762 ], [ 72.972799612549125, 19.146439055276144 ], [ 72.972792947012422, 19.141691259093268 ], [ 72.976844745829524, 19.139546607373134 ], [ 72.98090351446821, 19.142149891675217 ] ] ] } },
{ "type": "Feature", "properties": { "hex_id": "88608b471bfffff", "police_distance": 290.59153031505627, "hospital_distance": 70.894282500518983, "railway_distance": 402.49882199669071, "metro_distance": 3443.5678864016163, "bus_stop_distance": 1351.5396720430806, "restaurants": 1, "parks": 3, "schools": 0, "pharmacies": 0, "crime_count": 0 }, "geometry": { "type": "Polygon", "coordinates": [ [ [ 72.863458609069056, 19.199508280869551 ], [ 72.863463458986459, 19.204251018574077 ], [ 72.859416354813973, 19.206388920880947 ], [ 72.855364705553086, 19.203784226328441 ], [ 72.855359990120064, 19.199041747634137 ], [ 72.859406789471407, 19.196903704482693 ], [ 72.863458609069056, 19.199508280869551 ] ] ] } },
{ "type": "Feature", "properties": { "hex_id": "88608b55a7fffff", "police_distance": 4222.7492894616062, "hospital_distance": 3645.7650344037538, "railway_distance": 5192.1476602629164, "metro_distance": 6353.7812542698912, "bus_stop_distance": 3273.0594335050905, "restaurants": 0, "parks": 0, "schools": 0, "pharmacies": 0, "crime_count": 0 }, "geometry": { "type": "Polygon", "coordinates": [ [ [ 72.916114211603983, 19.195416496123247 ], [ 72.916119936148988, 19.200161090488706 ], [ 72.91207028193169, 19.202301102927574 ], [ 72.908015207808475, 19.199696661493334 ], [ 72.908009617944771, 19.194952325786709 ], [ 72.912058967530783, 19.192812172856037 ], [ 72.916114211603983, 19.195416496123247 ] ] ] } },
{ "type": "Feature", "properties": { "hex_id": "88608b5417fffff", "police_distance": 2243.4099174132143, "hospital_distance": 153.49048779576592, "railway_distance": 1542.8455895552627, "metro_distance": 3560.5705118272231, "bus_stop_distance": 154.66105949540682, "restaurants": 0, "parks": 1, "schools": 0, "pharmacies": 0, "crime_count": 0 }, "geometry": { "type": "Polygon", "coordinates": [ [ [ 72.92007132596494, 19.117343784007385 ], [ 72.920077114695076, 19.122090418524422 ], [ 72.916028366198347, 19.124233662225009 ], [ 72.911974133431229, 19.121630411523736 ], [ 72.91196847932423, 19.116884035953664 ], [ 72.916016923369014, 19.114740652138433 ], [ 72.92007132596494, 19.117343784007385 ] ] ] } },
{ "type": "Feature", "properties": { "hex_id": "88608b19e7fffff", "police_distance": 2549.0632881988749, "hospital_distance": 454.65394474194915, "railway_distance": 499.73188832466496, "metro_distance": 5492.5649877982642, "bus_stop_distance": 365.55056515982182, "restaurants": 0, "parks": 0, "schools": 0, "pharmacies": 0, "crime_count": 0 }, "geometry": { "type": "Polygon", "coordinates": [ [ [ 72.903767261875288, 19.030974239988048 ], [ 72.903772778099182, 19.035722421495802 ], [ 72.899726053419116, 19.03786846865955 ], [ 72.895674116848099, 19.035266474141508 ], [ 72.895668735104351, 19.030518552041443 ], [ 72.899715155459305, 19.02837236505237 ], [ 72.903767261875288, 19.030974239988048 ] ] ] } },
{ "type": "Feature", "properties": { "hex_id": "88608b0b5bfffff", "police_distance": 908.26436298025055, "hospital_distance": 415.76049567968983, "railway_distance": 379.3536647510748, "metro_distance": 497.07563453147009, "bus_stop_distance": 525.75983488444183, "restaurants": 2, "parks": 1, "schools": 5, "pharmacies": 5, "crime_count": 0 }, "geometry": { "type": "Polygon", "coordinates": [ [ [ 72.851150768494108, 19.035126574297674 ], [ 72.85115541138677, 19.039872897470246 ], [ 72.847111234803734, 19.042016840337173 ], [ 72.843062719849982, 19.03941460021047 ], [ 72.843058211240802, 19.034668536797575 ], [ 72.847102083309707, 19.032524453752384 ], [ 72.851150768494108, 19.035126574297674 ] ] ] } },
{ "type": "Feature", "properties": { "hex_id": "88608b56adfffff", "police_distance": 3193.3650268832544, "hospital_distance": 1166.9309014734195, "railway_distance": 1770.4933248069167, "metro_distance": 1730.3791690842593, "bus_stop_distance": 266.04602074606652, "restaurants": 1, "parks": 0, "schools": 0, "pharmacies": 0, "crime_count": 0 }, "geometry": { "type": "Polygon", "coordinates": [ [ [ 72.928139585457473, 19.089319449204091 ], [ 72.92814550766407, 19.094067033464473 ], [ 72.924096755345204, 19.096211680646093 ], [ 72.920042385192119, 19.093608883504178 ], [ 72.920036597613063, 19.088861558246816 ], [ 72.924085045567395, 19.08671677112892 ], [ 72.928139585457473, 19.089319449204091 ] ] ] } },
{ "type": "Feature", "properties": { "hex_id": "88608b40dbfffff", "police_distance": 4532.5308664199856, "hospital_distance": 3515.6403733880038, "railway_distance": 3992.4813985439455, "metro_distance": 4359.1498239535504, "bus_stop_distance": 3925.7532328884131, "restaurants": 0, "parks": 0, "schools": 0, "pharmacies": 0, "crime_count": 0 }, "geometry": { "type": "Polygon", "coordinates": [ [ [ 72.908059933390589, 19.237647154804485 ], [ 72.908065524922563, 19.242390441514505 ], [ 72.90401567302402, 19.244528484119904 ], [ 72.8999605343502, 19.241923380747995 ], [ 72.899955077508523, 19.237180352581159 ], [ 72.904004624658199, 19.23504216924357 ], [ 72.908059933390589, 19.237647154804485 ] ] ] } },
{ "type": "Feature", "properties": { "hex_id": "88608b551dfffff", "police_distance": 620.17357178959355, "hospital_distance": 539.27802132702539, "railway_distance": 839.58418709472301, "metro_distance": 8486.491975381703, "bus_stop_distance": 161.80881080137755, "restaurants": 1, "parks": 1, "schools": 0, "pharmacies": 0, "crime_count": 0 }, "geometry": { "type": "Polygon", "coordinates": [ [ [ 72.960657960100406, 19.16236516568026 ], [ 72.96066442434379, 19.167112052962295 ], [ 72.956613035139057, 19.169255018814773 ], [ 72.952555486105069, 19.166651237445503 ], [ 72.952549156681414, 19.161904608643642 ], [ 72.956600241479819, 19.159761502731371 ], [ 72.960657960100406, 19.16236516568026 ] ] ] } },
{ "type": "Feature", "properties": { "hex_id": "88608b4501fffff", "police_distance": 1351.3689703816092, "hospital_distance": 858.68061863563594, "railway_distance": 1102.5038096127262, "metro_distance": 3530.8045119310659, "bus_stop_distance": 1706.0944928741505, "restaurants": 0, "parks": 0, "schools": 0, "pharmacies": 0, "crime_count": 0 }, "geometry": { "type": "Polygon", "coordinates": [ [ [ 72.859473760186916, 19.263290431601902 ], [ 72.85947854499878, 19.268031464811742 ], [ 72.855430738027991, 19.270166691296733 ], [ 72.851378451223624, 19.267561025727741 ], [ 72.851373800940792, 19.262820251295331 ], [ 72.855421302941153, 19.260684883655063 ], [ 72.859473760186916, 19.263290431601902 ] ] ] } },
{ "type": "Feature", "properties": { "hex_id": "88608b0941fffff", "police_distance": 1119.2218789598305, "hospital_distance": 372.54818686553637, "railway_distance": 161.48375072096229, "metro_distance": 1394.5770230777762, "bus_stop_distance": 158.58612682249841, "restaurants": 4, "parks": 3, "schools": 0, "pharmacies": 0, "crime_count": 0 }, "geometry": { "type": "Polygon", "coordinates": [ [ [ 72.847166156500919, 19.098961550875931 ], [ 72.847170734294551, 19.103706197888467 ], [ 72.843125856061263, 19.105847474579146 ], [ 72.839076704705377, 19.103244244752059 ], [ 72.839072261239735, 19.098499857270745 ], [ 72.843116834809848, 19.096358440085929 ], [ 72.847166156500919, 19.098961550875931 ] ] ] } },
{ "type": "Feature", "properties": { "hex_id": "88608b198bfffff", "police_distance": 3211.4932187534305, "hospital_distance": 1878.336757790179, "railway_distance": 2042.0050219490181, "metro_distance": 4499.072698741893, "bus_stop_distance": 2704.115032545863, "restaurants": 0, "parks": 0, "schools": 0, "pharmacies": 0, "crime_count": 0 }, "geometry": { "type": "Polygon", "coordinates": [ [ [ 72.88349941602165, 19.00846914515261 ], [ 72.883504595331686, 19.013217190962422 ], [ 72.879459190937141, 19.015363377020478 ], [ 72.875408911587485, 19.012761657120432 ], [ 72.87540386665934, 19.00801387095024 ], [ 72.879448966706804, 19.005867545041124 ], [ 72.88349941602165, 19.00846914515261 ] ] ] } },
{ "type": "Feature", "properties": { "hex_id": "88608b5493fffff", "police_distance": 2458.1044520154201, "hospital_distance": 524.72722953365394, "railway_distance": 364.62805580919883, "metro_distance": 732.0613508632299, "bus_stop_distance": 373.11581486080058, "restaurants": 8, "parks": 0, "schools": 3, "pharmacies": 3, "crime_count": 0 }, "geometry": { "type": "Polygon", "coordinates": [ [ [ 72.859315950328778, 19.106771036258788 ], [ 72.859320729910664, 19.111515899920359 ], [ 72.855275139040685, 19.11365731692387 ], [ 72.851225073234986, 19.111054010718966 ], [ 72.851220428034793, 19.106309406472278 ], [ 72.855265714266423, 19.10416784901625 ], [ 72.859315950328778, 19.106771036258788 ] ] ] } },
{ "type": "Feature", "properties": { "hex_id": "88608b4607fffff", "police_distance": 763.68085385118945, "hospital_distance": 90.604251548019334, "railway_distance": 874.80628698042995, "metro_distance": 823.57893934782476, "bus_stop_distance": 734.34718524042569, "restaurants": 1, "parks": 5, "schools": 1, "pharmacies": 1, "crime_count": 0 }, "geometry": { "type": "Polygon", "coordinates": [ [ [ 72.855331700803433, 19.170584437039526 ], [ 72.855336415298936, 19.175327612124082 ], [ 72.851290122200496, 19.177466358824699 ], [ 72.847239419401859, 19.174862071207457 ], [ 72.8472348393326, 19.170119155307436 ], [ 72.851280827643578, 19.167980267840697 ], [ 72.855331700803433, 19.170584437039526 ] ] ] } },
{ "type": "Feature", "properties": { "hex_id": "88608b0a47fffff", "police_distance": 677.47032216775983, "hospital_distance": 370.27713382759538, "railway_distance": 188.79942954886582, "metro_distance": 1591.6277974365178, "bus_stop_distance": 254.80866608513523, "restaurants": 0, "parks": 0, "schools": 3, "pharmacies": 3, "crime_count": 0 }, "geometry": { "type": "Polygon", "coordinates": [ [ [ 72.843031162721076, 19.00618976260435 ], [ 72.84303567043446, 19.010936509630845 ], [ 72.83899230402055, 19.013081293486064 ], [ 72.834944734381466, 19.010479470412758 ], [ 72.834940360893526, 19.005732983318271 ], [ 72.838983422827027, 19.003588059365747 ], [ 72.843031162721076, 19.00618976260435 ] ] ] } },
{ "type": "Feature", "properties": { "hex_id": "88608b0301fffff", "police_distance": 913.03447509648072, "hospital_distance": 548.56638995688013, "railway_distance": 659.47009260922744, "metro_distance": 1631.4455210241299, "bus_stop_distance": 99.539872716067663, "restaurants": 5, "parks": 1, "schools": 1, "pharmacies": 1, "crime_count": 0 }, "geometry": { "type": "Polygon", "coordinates": [ [ [ 72.830811370156454, 18.912927868193364 ], [ 72.830815673764107, 18.917676431298492 ], [ 72.82677422574713, 18.919824434792002 ], [ 72.822728778454561, 18.917224014926369 ], [ 72.822724608938614, 18.912475712208831 ], [ 72.826765752631346, 18.910327568970004 ], [ 72.830811370156454, 18.912927868193364 ] ] ] } },
{ "type": "Feature", "properties": { "hex_id": "88608b18d3fffff", "police_distance": 1038.1213739171876, "hospital_distance": 607.94464039859508, "railway_distance": 876.03025761666947, "metro_distance": 1529.1316810919648, "bus_stop_distance": 391.50920521791318, "restaurants": 0, "parks": 0, "schools": 0, "pharmacies": 0, "crime_count": 0 }, "geometry": { "type": "Polygon", "coordinates": [ [ [ 72.847015174340541, 18.942324093835687 ], [ 72.847019747133757, 18.947072501023154 ], [ 72.84297708180155, 18.949219945452349 ], [ 72.838930148015464, 18.946619122473173 ], [ 72.838925709403199, 18.941870975443639 ], [ 72.842968070403899, 18.939723391236026 ], [ 72.847015174340541, 18.942324093835687 ] ] ] } },
{ "type": "Feature", "properties": { "hex_id": "88608b5599fffff", "police_distance": 3437.966309279102, "hospital_distance": 2217.5600103426573, "railway_distance": 2844.611771145308, "metro_distance": 2853.7959089802894, "bus_stop_distance": 1591.8077291008747, "restaurants": 0, "parks": 0, "schools": 0, "pharmacies": 0, "crime_count": 0 }, "geometry": { "type": "Polygon", "coordinates": [ [ [ 72.899856885287164, 19.151785935274393 ], [ 72.899862338873632, 19.156531056163164 ], [ 72.895814104797026, 19.158672192634022 ], [ 72.891760721736588, 19.156068348615431 ], [ 72.891755402728563, 19.151323486676244 ], [ 72.895803332210363, 19.149182209806671 ], [ 72.899856885287164, 19.151785935274393 ] ] ] } },
{ "type": "Feature", "properties": { "hex_id": "88608b470dfffff", "police_distance": 2380.4639443025972, "hospital_distance": 1897.9166368550098, "railway_distance": 2634.5333424700134, "metro_distance": 3550.0044567828504, "bus_stop_distance": 2181.3474437417644, "restaurants": 0, "parks": 0, "schools": 0, "pharmacies": 0, "crime_count": 0 }, "geometry": { "type": "Polygon", "coordinates": [ [ [ 72.895878755316687, 19.215602348197802 ], [ 72.895884144020968, 19.22034577205357 ], [ 72.891835206364206, 19.222484236834326 ], [ 72.887781184755028, 19.219879418470793 ], [ 72.887775930673897, 19.21513625333332 ], [ 72.891824563586624, 19.212997647841622 ], [ 72.895878755316687, 19.215602348197802 ] ] ] } },
{ "type": "Feature", "properties": { "hex_id": "88608b56dbfffff", "police_distance": 1712.8972839496912, "hospital_distance": 592.36346459482513, "railway_distance": 892.89782302075673, "metro_distance": 5064.9831678164765, "bus_stop_distance": 810.25735367772995, "restaurants": 0, "parks": 0, "schools": 0, "pharmacies": 0, "crime_count": 0 }, "geometry": { "type": "Polygon", "coordinates": [ [ [ 72.907825256348843, 19.038324394666859 ], [ 72.907830840102022, 19.043072534519002 ], [ 72.903783811095266, 19.045218441849595 ], [ 72.899731502669837, 19.04261634916179 ], [ 72.899726053419116, 19.03786846865955 ], [ 72.903772778099182, 19.035722421495802 ], [ 72.907825256348843, 19.038324394666859 ] ] ] } },
{ "type": "Feature", "properties": { "hex_id": "88608b0b4dfffff", "police_distance": 614.22471492954003, "hospital_distance": 283.20031043414741, "railway_distance": 837.08342345569054, "metro_distance": 2610.1506027362502, "bus_stop_distance": 45.137066574436233, "restaurants": 0, "parks": 6, "schools": 1, "pharmacies": 1, "crime_count": 0 }, "geometry": { "type": "Polygon", "coordinates": [ [ [ 72.883546035989099, 19.051197452708152 ], [ 72.883551216843586, 19.055944471418609 ], [ 72.879505208357187, 19.058088975878356 ], [ 72.875454323461597, 19.055486601674271 ], [ 72.875449277029176, 19.050739842432439 ], [ 72.879494981078111, 19.048595197926669 ], [ 72.883546035989099, 19.051197452708152 ] ] ] } },
{ "type": "Feature", "properties": { "hex_id": "88608b5409fffff", "police_distance": 909.46651057475822, "hospital_distance": 682.24086468516032, "railway_distance": 1743.5744698041963, "metro_distance": 4829.19616111915, "bus_stop_distance": 956.0327271834575, "restaurants": 0, "parks": 0, "schools": 0, "pharmacies": 0, "crime_count": 0 }, "geometry": { "type": "Polygon", "coordinates": [ [ [ 72.948429371984943, 19.11182898548892 ], [ 72.948435631830847, 19.116576698849013 ], [ 72.944385559472749, 19.118721207426535 ], [ 72.940329531618389, 19.116118142553827 ], [ 72.940323406498266, 19.11137068796371 ], [ 72.944373174514553, 19.109226039476869 ], [ 72.948429371984943, 19.11182898548892 ] ] ] } },
{ "type": "Feature", "properties": { "hex_id": "88608b4683fffff", "police_distance": 2575.3264105965904, "hospital_distance": 3350.0955941635398, "railway_distance": 4660.2900705501979, "metro_distance": 4718.8256470748238, "bus_stop_distance": 2261.146907884352, "restaurants": 0, "parks": 0, "schools": 0, "pharmacies": 0, "crime_count": 0 }, "geometry": { "type": "Polygon", "coordinates": [ [ [ 72.794622862633034, 19.159975387245009 ], [ 72.794626569512147, 19.164716790563581 ], [ 72.790583440748591, 19.166853711801856 ], [ 72.786536910084578, 19.164249370825406 ], [ 72.786533337389713, 19.159508227157051 ], [ 72.790576161182457, 19.157371164815601 ], [ 72.794622862633034, 19.159975387245009 ] ] ] } },
{ "type": "Feature", "properties": { "hex_id": "88608b0869fffff", "police_distance": 172.91410743214121, "hospital_distance": 977.57492276935648, "railway_distance": 1859.1579641718647, "metro_distance": 2885.4866555946687, "bus_stop_distance": 77.881567962515078, "restaurants": 3, "parks": 2, "schools": 1, "pharmacies": 1, "crime_count": 0 }, "geometry": { "type": "Polygon", "coordinates": [ [ [ 72.826901389832173, 19.062223108078339 ], [ 72.826905630810984, 19.066967966215238 ], [ 72.822862275875337, 19.069109945299772 ], [ 72.818814984622747, 19.066507206703651 ], [ 72.818810877860173, 19.061762608387127 ], [ 72.822853928141811, 19.059620488847017 ], [ 72.826901389832173, 19.062223108078339 ] ] ] } },
{ "type": "Feature", "properties": { "hex_id": "88608b4299fffff", "police_distance": 4243.1276455730886, "hospital_distance": 2860.090752952899, "railway_distance": 4985.6421756619657, "metro_distance": 7199.0904849881526, "bus_stop_distance": 2264.2249970745643, "restaurants": 0, "parks": 0, "schools": 0, "pharmacies": 0, "crime_count": 0 }, "geometry": { "type": "Polygon", "coordinates": [ [ [ 72.928281772613545, 19.203229610822675 ], [ 72.928287699533968, 19.207974418502829 ], [ 72.924237333249707, 19.210114571978654 ], [ 72.920181344658573, 19.207510058224404 ], [ 72.920175552473097, 19.202765509086063 ], [ 72.924225614151638, 19.200625215160706 ], [ 72.928281772613545, 19.203229610822675 ] ] ] } },
{ "type": "Feature", "properties": { "hex_id": "88608b5615fffff", "police_distance": 2659.1965512387756, "hospital_distance": 2650.6884221491559, "railway_distance": 2844.293524076867, "metro_distance": 4886.7453676233417, "bus_stop_distance": 2508.3461717661439, "restaurants": 0, "parks": 0, "schools": 0, "pharmacies": 0, "crime_count": 0 }, "geometry": { "type": "Polygon", "coordinates": [ [ [ 72.956478744020956, 19.069550050766093 ], [ 72.956485136716253, 19.074299058074345 ], [ 72.952435262933591, 19.076445530200459 ], [ 72.948379300687677, 19.073843134685077 ], [ 72.948373042709107, 19.069094386259849 ], [ 72.952422612267526, 19.066947774467522 ], [ 72.956478744020956, 19.069550050766093 ] ] ] } },
{ "type": "Feature", "properties": { "hex_id": "88608b5485fffff", "police_distance": 473.83688288221697, "hospital_distance": 321.34564804929926, "railway_distance": 723.46851033590337, "metro_distance": 716.60901712154612, "bus_stop_distance": 262.76567489810498, "restaurants": 0, "parks": 2, "schools": 1, "pharmacies": 1, "crime_count": 0 }, "geometry": { "type": "Polygon", "coordinates": [ [ [ 72.89172349238217, 19.122851888197498 ], [ 72.891728810332609, 19.127597443216196 ], [ 72.887681386988589, 19.129739422269715 ], [ 72.883628950263301, 19.127135986624694 ], [ 72.88362376683321, 19.122390690729357 ], [ 72.887670885615861, 19.120248571356267 ], [ 72.89172349238217, 19.122851888197498 ] ] ] } },
{ "type": "Feature", "properties": { "hex_id": "88608b4429fffff", "police_distance": 2188.1949058525993, "hospital_distance": 581.84514009411168, "railway_distance": 671.1812111401548, "metro_distance": 2991.0718063557833, "bus_stop_distance": 401.25491519225818, "restaurants": 1, "parks": 2, "schools": 3, "pharmacies": 3, "crime_count": 0 }, "geometry": { "type": "Polygon", "coordinates": [ [ [ 72.839192286499426, 19.226557789554196 ], [ 72.839196733941961, 19.231299051709598 ], [ 72.835150451805617, 19.233434983900437 ], [ 72.831100027196086, 19.230829795056291 ], [ 72.831095714170615, 19.2260887919699 ], [ 72.83514169134547, 19.223952718659223 ], [ 72.839192286499426, 19.226557789554196 ] ] ] } },
{ "type": "Feature", "properties": { "hex_id": "88608b4469fffff", "police_distance": 656.70615929275323, "hospital_distance": 95.628111019253296, "railway_distance": 1251.0445621916456, "metro_distance": 2427.900127433099, "bus_stop_distance": 110.49960370742481, "restaurants": 0, "parks": 0, "schools": 0, "pharmacies": 0, "crime_count": 0 }, "geometry": { "type": "Polygon", "coordinates": [ [ [ 72.855374136887946, 19.213268834823594 ], [ 72.855378852789812, 19.218010964503033 ], [ 72.851331955330693, 19.220148022509566 ], [ 72.847280646855609, 19.217543091794905 ], [ 72.847276065420161, 19.212801221126 ], [ 72.851322658001223, 19.210664022161769 ], [ 72.855374136887946, 19.213268834823594 ] ] ] } },
{ "type": "Feature", "properties": { "hex_id": "88608b42d9fffff", "police_distance": 2018.9471771539359, "hospital_distance": 620.8911587840721, "railway_distance": 2762.1008230456787, "metro_distance": 8914.0995933741542, "bus_stop_distance": 463.75116658833542, "restaurants": 0, "parks": 1, "schools": 0, "pharmacies": 0, "crime_count": 0 }, "geometry": { "type": "Polygon", "coordinates": [ [ [ 72.944478472840771, 19.189920228380153 ], [ 72.94448466870854, 19.19466590207378 ], [ 72.940433689736125, 19.196807180991463 ], [ 72.936376819424936, 19.194202926502772 ], [ 72.936370758341241, 19.189457511291426 ], [ 72.940421432792476, 19.187316092087016 ], [ 72.944478472840771, 19.189920228380153 ] ] ] } },
{ "type": "Feature", "properties": { "hex_id": "88608b0163fffff", "police_distance": 413.13604708166264, "hospital_distance": 87.039081263547388, "railway_distance": 929.22321897244751, "metro_distance": 2494.0401546984626, "bus_stop_distance": 300.17032561757833, "restaurants": 1, "parks": 1, "schools": 4, "pharmacies": 4, "crime_count": 0 }, "geometry": { "type": "Polygon", "coordinates": [ [ [ 72.814687231600502, 18.968992324128376 ], [ 72.814691268659345, 18.973739012065806 ], [ 72.810649832638006, 18.9758842162503 ], [ 72.806604664063244, 18.973282872604205 ], [ 72.80660076108687, 18.968536444944913 ], [ 72.810641892610633, 18.96639110065426 ], [ 72.814687231600502, 18.968992324128376 ] ] ] } },
{ "type": "Feature", "properties": { "hex_id": "88608b5445fffff", "police_distance": 2485.1002311062616, "hospital_distance": 2248.9904341618608, "railway_distance": 3448.6354980590449, "metro_distance": 6312.7053534626075, "bus_stop_distance": 2294.3481246904239, "restaurants": 0, "parks": 0, "schools": 0, "pharmacies": 0, "crime_count": 0 }, "geometry": { "type": "Polygon", "coordinates": [ [ [ 72.964644148110821, 19.112744669124762 ], [ 72.964650677502021, 19.117492899848195 ], [ 72.960599791554813, 19.119637971043591 ], [ 72.956542680511447, 19.117034951326367 ], [ 72.956536285908513, 19.112286979255167 ], [ 72.960586867568495, 19.110141768249484 ], [ 72.964644148110821, 19.112744669124762 ] ] ] } },
{ "type": "Feature", "properties": { "hex_id": "88608b558bfffff", "police_distance": 2349.9556878316689, "hospital_distance": 2587.4905088190676, "railway_distance": 3764.4229681649904, "metro_distance": 4254.8510528227835, "bus_stop_distance": 2217.702892383335, "restaurants": 0, "parks": 0, "schools": 0, "pharmacies": 0, "crime_count": 0 }, "geometry": { "type": "Polygon", "coordinates": [ [ [ 72.912019373034894, 19.159597259533321 ], [ 72.912025028828921, 19.164342595052094 ], [ 72.907976082653789, 19.166483872396014 ], [ 72.903921785261872, 19.163879954578395 ], [ 72.903916264099905, 19.159134877892356 ], [ 72.907964905705654, 19.156993460191803 ], [ 72.912019373034894, 19.159597259533321 ] ] ] } },
{ "type": "Feature", "properties": { "hex_id": "88608b5691fffff", "police_distance": 110.91316764034741, "hospital_distance": 320.86396979969157, "railway_distance": 528.24029843047344, "metro_distance": 3264.1477730281267, "bus_stop_distance": 189.08996732895292, "restaurants": 1, "parks": 2, "schools": 2, "pharmacies": 2, "crime_count": 0 }, "geometry": { "type": "Polygon", "coordinates": [ [ [ 72.895701028241618, 19.05900437070197 ], [ 72.895706411055315, 19.063751606798668 ], [ 72.891659690720985, 19.065896251990292 ], [ 72.887607891993028, 19.06329380109025 ], [ 72.887602643654972, 19.058546824345768 ], [ 72.891649059577034, 19.056402039149692 ], [ 72.895701028241618, 19.05900437070197 ] ] ] } },
{ "type": "Feature", "properties": { "hex_id": "88608b5501fffff", "police_distance": 359.74073283899048, "hospital_distance": 568.98051610607695, "railway_distance": 1271.4008329483495, "metro_distance": 10019.835096043606, "bus_stop_distance": 561.12319780621885, "restaurants": 3, "parks": 3, "schools": 3, "pharmacies": 3, "crime_count": 0 }, "geometry": { "type": "Polygon", "coordinates": [ [ [ 72.972832943548553, 19.170176298934923 ], [ 72.972839610411697, 19.174923399788966 ], [ 72.968787509986399, 19.1770665071808 ], [ 72.964729047086109, 19.174462653736594 ], [ 72.964722515096256, 19.169715811245563 ], [ 72.968774311141232, 19.167572563836231 ], [ 72.972832943548553, 19.170176298934923 ] ] ] } },
{ "type": "Feature", "properties": { "hex_id": "88608b4749fffff", "police_distance": 3410.8353314334909, "hospital_distance": 3045.2696256001168, "railway_distance": 4356.0715817103573, "metro_distance": 5588.6986953677006, "bus_stop_distance": 3327.8098219587982, "restaurants": 0, "parks": 0, "schools": 0, "pharmacies": 0, "crime_count": 0 }, "geometry": { "type": "Polygon", "coordinates": [ [ [ 72.908009617944771, 19.194952325786709 ], [ 72.908015207808475, 19.199696661493334 ], [ 72.903965961146781, 19.201836392485639 ], [ 72.899911429287499, 19.19923192831304 ], [ 72.899905974073789, 19.194487851323881 ], [ 72.903954916077183, 19.192347979790359 ], [ 72.908009617944771, 19.194952325786709 ] ] ] } },
{ "type": "Feature", "properties": { "hex_id": "88608b55d5fffff", "police_distance": 1798.9135099910252, "hospital_distance": 1897.4485449151168, "railway_distance": 3011.8809332153451, "metro_distance": 3966.1836985555019, "bus_stop_distance": 1803.5606944448871, "restaurants": 0, "parks": 0, "schools": 0, "pharmacies": 0, "crime_count": 0 }, "geometry": { "type": "Polygon", "coordinates": [ [ [ 72.916062699238296, 19.15270992195131 ], [ 72.91606842207554, 19.157455560563299 ], [ 72.912019373034894, 19.159597259533321 ], [ 72.907964905705654, 19.156993460191803 ], [ 72.907959317509452, 19.152248080412111 ], [ 72.912008062009264, 19.150106241142183 ], [ 72.916062699238296, 19.15270992195131 ] ] ] } },
{ "type": "Feature", "properties": { "hex_id": "88608b0925fffff", "police_distance": 593.26686396399168, "hospital_distance": 569.91242105429569, "railway_distance": 321.20472235453559, "metro_distance": 333.44218838614148, "bus_stop_distance": 407.84221034525376, "restaurants": 8, "parks": 1, "schools": 0, "pharmacies": 0, "crime_count": 1 }, "geometry": { "type": "Polygon", "coordinates": [ [ [ 72.839112257730179, 19.141195200842777 ], [ 72.83911670252084, 19.14593855147146 ], [ 72.835071628561508, 19.14807786119222 ], [ 72.831022414599587, 19.145473961021306 ], [ 72.831018104145684, 19.140730869809392 ], [ 72.835062873324773, 19.138591419352238 ], [ 72.839112257730179, 19.141195200842777 ] ] ] } },
{ "type": "Feature", "properties": { "hex_id": "88608b18b7fffff", "police_distance": 663.14876917110666, "hospital_distance": 330.47298698693038, "railway_distance": 242.36513749376402, "metro_distance": 1553.177321829299, "bus_stop_distance": 162.76616652368429, "restaurants": 0, "parks": 1, "schools": 2, "pharmacies": 2, "crime_count": 0 }, "geometry": { "type": "Polygon", "coordinates": [ [ [ 72.83896566220443, 18.98460022743102 ], [ 72.838970102139541, 18.989347355723751 ], [ 72.83492724129853, 18.991492840061373 ], [ 72.830880244978701, 18.988891336130987 ], [ 72.830875939233337, 18.984144467884708 ], [ 72.834918495625899, 18.981998843523041 ], [ 72.83896566220443, 18.98460022743102 ] ] ] } },
{ "type": "Feature", "properties": { "hex_id": "88608b445bfffff", "police_distance": 1750.1406547032939, "hospital_distance": 46.59803401045184, "railway_distance": 1782.5842099976869, "metro_distance": 4491.092138094491, "bus_stop_distance": 1568.35664600115, "restaurants": 0, "parks": 1, "schools": 1, "pharmacies": 1, "crime_count": 0 }, "geometry": { "type": "Polygon", "coordinates": [ [ [ 72.82296249182329, 19.182947560129904 ], [ 72.822966669217152, 19.187689350436159 ], [ 72.81892180820779, 19.189826410194957 ], [ 72.81487307473634, 19.187221820675195 ], [ 72.814869031656642, 19.182480289728741 ], [ 72.818913587742102, 19.180343088942887 ], [ 72.82296249182329, 19.182947560129904 ] ] ] } },
{ "type": "Feature", "properties": { "hex_id": "88608b0155fffff", "police_distance": 1932.0728857969452, "hospital_distance": 490.48285003250726, "railway_distance": 2101.7560572188427, "metro_distance": 2968.0057975223335, "bus_stop_distance": 326.406964396094, "restaurants": 1, "parks": 1, "schools": 1, "pharmacies": 1, "crime_count": 0 }, "geometry": { "type": "Polygon", "coordinates": [ [ [ 72.802540621985997, 18.946948654632084 ], [ 72.802544457361563, 18.951695460910393 ], [ 72.798503934827181, 18.953841085388724 ], [ 72.794459881416827, 18.951240043670946 ], [ 72.794456180056727, 18.946493497843043 ], [ 72.798496398099331, 18.944347733283205 ], [ 72.802540621985997, 18.946948654632084 ] ] ] } },
{ "type": "Feature", "properties": { "hex_id": "88608b19bdfffff", "police_distance": 1849.3323844079539, "hospital_distance": 869.71217184216209, "railway_distance": 381.61087692673038, "metro_distance": 3533.8192887081559, "bus_stop_distance": 330.15178059283295, "restaurants": 0, "parks": 0, "schools": 0, "pharmacies": 0, "crime_count": 0 }, "geometry": { "type": "Polygon", "coordinates": [ [ [ 72.879474528552734, 19.029606270595238 ], [ 72.879479641429995, 19.034353673703972 ], [ 72.875434138734931, 19.036498878866873 ], [ 72.871383827576082, 19.033896820894974 ], [ 72.871378849085147, 19.029149677369748 ], [ 72.875424047374551, 19.027004332233531 ], [ 72.879474528552734, 19.029606270595238 ] ] ] } },
{ "type": "Feature", "properties": { "hex_id": "88608b0b31fffff", "police_distance": 645.6498766130353, "hospital_distance": 128.336795785595, "railway_distance": 360.53667177106058, "metro_distance": 796.75663627586573, "bus_stop_distance": 242.99398194311445, "restaurants": 1, "parks": 0, "schools": 3, "pharmacies": 3, "crime_count": 0 }, "geometry": { "type": "Polygon", "coordinates": [ [ [ 72.843098794099888, 19.077378993018794 ], [ 72.843103304053287, 19.082124026893371 ], [ 72.83905893172593, 19.084266005661142 ], [ 72.83501035408419, 19.081663090976797 ], [ 72.835005978423069, 19.076918316748674 ], [ 72.83905004611924, 19.074776197559054 ], [ 72.843098794099888, 19.077378993018794 ] ] ] } },
{ "type": "Feature", "properties": { "hex_id": "88608b5683fffff", "police_distance": 204.85468396297006, "hospital_distance": 53.35201102483223, "railway_distance": 754.59482137028942, "metro_distance": 1947.1752856933588, "bus_stop_distance": 64.661457028568819, "restaurants": 1, "parks": 2, "schools": 1, "pharmacies": 1, "crime_count": 0 }, "geometry": { "type": "Polygon", "coordinates": [ [ [ 72.907858761643439, 19.066811518037785 ], [ 72.907864346506869, 19.071558971165718 ], [ 72.903816914470809, 19.073703757219597 ], [ 72.899764201966079, 19.071101230108891 ], [ 72.899758751631907, 19.06635403621658 ], [ 72.903805879281009, 19.064209110199947 ], [ 72.907858761643439, 19.066811518037785 ] ] ] } },
{ "type": "Feature", "properties": { "hex_id": "88608b4667fffff", "police_distance": 725.22635712120086, "hospital_distance": 371.89897383091125, "railway_distance": 1399.735016872052, "metro_distance": 1772.7552199854256, "bus_stop_distance": 645.55263924110704, "restaurants": 0, "parks": 0, "schools": 0, "pharmacies": 0, "crime_count": 0 }, "geometry": { "type": "Polygon", "coordinates": [ [ [ 72.875585589411045, 19.178862006303667 ], [ 72.875590640360414, 19.183605655129149 ], [ 72.871543226407354, 19.185744823392692 ], [ 72.867491066248505, 19.183140483506193 ], [ 72.867486149810446, 19.178397093690275 ], [ 72.871533259027771, 19.176257784751908 ], [ 72.875585589411045, 19.178862006303667 ] ] ] } },
{ "type": "Feature", "properties": { "hex_id": "88608b1933fffff", "police_distance": 1630.2629322006944, "hospital_distance": 1542.5306603991239, "railway_distance": 1207.3489038683247, "metro_distance": 5810.7117152244755, "bus_stop_distance": 1217.0749323664363, "restaurants": 0, "parks": 0, "schools": 0, "pharmacies": 0, "crime_count": 0 }, "geometry": { "type": "Polygon", "coordinates": [ [ [ 72.919967161623248, 19.031884709642924 ], [ 72.919972946901169, 19.036633409790053 ], [ 72.915925408034667, 19.038780018483841 ], [ 72.911872388169215, 19.036178066757692 ], [ 72.91186673743394, 19.031429625900909 ], [ 72.915913972029287, 19.029282877480533 ], [ 72.919967161623248, 19.031884709642924 ] ] ] } },
{ "type": "Feature", "properties": { "hex_id": "88608b476dfffff", "police_distance": 4683.1567041958187, "hospital_distance": 4192.6673514412878, "railway_distance": 4872.3588471768226, "metro_distance": 5249.8024514681938, "bus_stop_distance": 4452.8460346743232, "restaurants": 0, "parks": 0, "schools": 0, "pharmacies": 0, "crime_count": 0 }, "geometry": { "type": "Polygon", "coordinates": [ [ [ 72.916148561721258, 19.22388231612803 ], [ 72.916154287405206, 19.228626211592942 ], [ 72.912104229636284, 19.230765098744488 ], [ 72.90804875088287, 19.228160231050836 ], [ 72.908043159907066, 19.223416594128629 ], [ 72.912092912984363, 19.221277566357898 ], [ 72.916148561721258, 19.22388231612803 ] ] ] } },
{ "type": "Feature", "properties": { "hex_id": "88608b5469fffff", "police_distance": 2902.5902463726584, "hospital_distance": 2691.2190715571951, "railway_distance": 3637.717692386906, "metro_distance": 7099.806491835242, "bus_stop_distance": 2547.2233950673922, "restaurants": 0, "parks": 0, "schools": 0, "pharmacies": 0, "crime_count": 0 }, "geometry": { "type": "Polygon", "coordinates": [ [ [ 72.968708330044578, 19.120095896840194 ], [ 72.968714927169728, 19.12484408380443 ], [ 72.9646637369339, 19.12698901518209 ], [ 72.960606253869372, 19.124385899413788 ], [ 72.960599791554813, 19.119637971043591 ], [ 72.964650677502021, 19.117492899848195 ], [ 72.968708330044578, 19.120095896840194 ] ] ] } },
{ "type": "Feature", "properties": { "hex_id": "88608b444dfffff", "police_distance": 938.58128744224427, "hospital_distance": 269.52641118895968, "railway_distance": 327.91086612806771, "metro_distance": 3480.8262599270124, "bus_stop_distance": 607.67401881495573, "restaurants": 2, "parks": 0, "schools": 0, "pharmacies": 0, "crime_count": 5 }, "geometry": { "type": "Polygon", "coordinates": [ [ [ 72.855359990120064, 19.199041747634137 ], [ 72.855364705553086, 19.203784226328441 ], [ 72.851318009567578, 19.205921847419127 ], [ 72.847266903004751, 19.203317130710065 ], [ 72.847262322024775, 19.198574911084393 ], [ 72.851308713162439, 19.19643714909979 ], [ 72.855359990120064, 19.199041747634137 ] ] ] } },
{ "type": "Feature", "properties": { "hex_id": "88608b0a1dfffff", "police_distance": 344.82561165859443, "hospital_distance": 340.99327094565842, "railway_distance": 512.98726968357869, "metro_distance": 1280.9209573039716, "bus_stop_distance": 236.53398677111497, "restaurants": 0, "parks": 2, "schools": 3, "pharmacies": 3, "crime_count": 0 }, "geometry": { "type": "Polygon", "coordinates": [ [ [ 72.818761607315238, 19.004818523065001 ], [ 72.818765712446279, 19.009564490120436 ], [ 72.814723569942004, 19.011708433125225 ], [ 72.810677626874281, 19.009106549320077 ], [ 72.810673655874709, 19.004360842371632 ], [ 72.814715493819236, 19.002216759122017 ], [ 72.818761607315238, 19.004818523065001 ] ] ] } },
{ "type": "Feature", "properties": { "hex_id": "88608b0147fffff", "police_distance": 440.67542218945357, "hospital_distance": 103.82966290955054, "railway_distance": 900.18061785293241, "metro_distance": 1984.5302860549787, "bus_stop_distance": 378.50464687245619, "restaurants": 11, "parks": 4, "schools": 3, "pharmacies": 3, "crime_count": 0 }, "geometry": { "type": "Polygon", "coordinates": [ [ [ 72.814675121225818, 18.954751581375657 ], [ 72.814679157883745, 18.959498608722189 ], [ 72.810637922794058, 18.961644373089491 ], [ 72.806592955521694, 18.959043250151609 ], [ 72.806589052932878, 18.954296483139867 ], [ 72.81062998355516, 18.952150578731921 ], [ 72.814675121225818, 18.954751581375657 ] ] ] } },
{ "type": "Feature", "properties": { "hex_id": "88608b4643fffff", "police_distance": 735.57416200333569, "hospital_distance": 1193.7273746191067, "railway_distance": 718.12844285030155, "metro_distance": 1953.7570848533339, "bus_stop_distance": 705.16681866461931, "restaurants": 0, "parks": 0, "schools": 0, "pharmacies": 0, "crime_count": 0 }, "geometry": { "type": "Polygon", "coordinates": [ [ [ 72.867456654603515, 19.149934321499511 ], [ 72.86746157006408, 19.154678406238713 ], [ 72.863414967044676, 19.156818418188362 ], [ 72.85936375327465, 19.154214485995524 ], [ 72.859358972267259, 19.149470660439974 ], [ 72.863405270584551, 19.147330507894246 ], [ 72.867456654603515, 19.149934321499511 ] ] ] } },
{ "type": "Feature", "properties": { "hex_id": "88608b46e3fffff", "police_distance": 2286.6288967754908, "hospital_distance": 1883.0829135864785, "railway_distance": 2678.8127132595232, "metro_distance": 3604.9519809960925, "bus_stop_distance": 2675.7161170180325, "restaurants": 0, "parks": 0, "schools": 0, "pharmacies": 0, "crime_count": 0 }, "geometry": { "type": "Polygon", "coordinates": [ [ [ 72.81485690322117, 19.168255001503585 ], [ 72.814860945899056, 19.172996880082245 ], [ 72.810816694735564, 19.175134221887784 ], [ 72.806768705822122, 19.172529826127583 ], [ 72.806764797413635, 19.167788207024895 ], [ 72.810808743657049, 19.165650724207055 ], [ 72.81485690322117, 19.168255001503585 ] ] ] } },
{ "type": "Feature", "properties": { "hex_id": "88608b0b23fffff", "police_distance": 1709.6460484299946, "hospital_distance": 781.75901656090196, "railway_distance": 769.0804378064546, "metro_distance": 736.73392761114428, "bus_stop_distance": 596.27818651400673, "restaurants": 0, "parks": 0, "schools": 0, "pharmacies": 0, "crime_count": 0 }, "geometry": { "type": "Polygon", "coordinates": [ [ [ 72.855246866591244, 19.085187533679505 ], [ 72.855251578275897, 19.089932784801594 ], [ 72.851206493357466, 19.092074903846221 ], [ 72.847157001368601, 19.089471912149712 ], [ 72.847152424029886, 19.084726920557841 ], [ 72.851197204341929, 19.082584661132881 ], [ 72.855246866591244, 19.085187533679505 ] ] ] } },
{ "type": "Feature", "properties": { "hex_id": "88608b4553fffff", "police_distance": 2030.6237641117527, "hospital_distance": 836.97799634095509, "railway_distance": 333.77181165379807, "metro_distance": 2300.7242272727217, "bus_stop_distance": 739.34891996860949, "restaurants": 0, "parks": 3, "schools": 0, "pharmacies": 0, "crime_count": 0 }, "geometry": { "type": "Polygon", "coordinates": [ [ [ 72.847303556310493, 19.241250697322215 ], [ 72.84730813865707, 19.245991868439742 ], [ 72.843261246592306, 19.248127518369468 ], [ 72.839210077153908, 19.245522138316353 ], [ 72.839205629269173, 19.240781226151277 ], [ 72.843252216368839, 19.238645435087438 ], [ 72.847303556310493, 19.241250697322215 ] ] ] } },
{ "type": "Feature", "properties": { "hex_id": "88608b54e5fffff", "police_distance": 2750.4963497214981, "hospital_distance": 719.69313433428999, "railway_distance": 2176.1346664541793, "metro_distance": 2507.6807443613429, "bus_stop_distance": 209.48913879018463, "restaurants": 1, "parks": 0, "schools": 0, "pharmacies": 0, "crime_count": 0 }, "geometry": { "type": "Polygon", "coordinates": [ [ [ 72.911985442207509, 19.131122816650191 ], [ 72.91199109687679, 19.135868846084676 ], [ 72.907942554032175, 19.138011247093143 ], [ 72.903888661035182, 19.135407758896054 ], [ 72.903883140971175, 19.130661988409685 ], [ 72.907931379306689, 19.128519447172838 ], [ 72.911985442207509, 19.131122816650191 ] ] ] } },
{ "type": "Feature", "properties": { "hex_id": "88608b4659fffff", "police_distance": 2062.9948288047995, "hospital_distance": 121.0359176086304, "railway_distance": 616.44199231004961, "metro_distance": 2423.5523806899287, "bus_stop_distance": 429.95025952551282, "restaurants": 1, "parks": 2, "schools": 0, "pharmacies": 0, "crime_count": 0 }, "geometry": { "type": "Polygon", "coordinates": [ [ [ 72.859344630195594, 19.135238490485765 ], [ 72.859349410727759, 19.139982662624274 ], [ 72.855303417110861, 19.14212295575868 ], [ 72.851252947668314, 19.139519217336353 ], [ 72.851248301544615, 19.134775304497573 ], [ 72.855293990462854, 19.132634870782006 ], [ 72.859344630195594, 19.135238490485765 ] ] ] } },
{ "type": "Feature", "properties": { "hex_id": "88608b1925fffff", "police_distance": 1104.0751701922818, "hospital_distance": 1211.7800815174917, "railway_distance": 1021.3763934136502, "metro_distance": 5789.8071991711313, "bus_stop_distance": 1343.6534130619727, "restaurants": 0, "parks": 0, "schools": 0, "pharmacies": 0, "crime_count": 0 }, "geometry": { "type": "Polygon", "coordinates": [ [ [ 72.952397313451328, 19.047950887319473 ], [ 72.952403637840916, 19.052700280913992 ], [ 72.948354270017958, 19.05484745301683 ], [ 72.944298882005882, 19.052245371119458 ], [ 72.944292692297239, 19.047496236523013 ], [ 72.94834175592753, 19.045348924826438 ], [ 72.952397313451328, 19.047950887319473 ] ] ] } },
{ "type": "Feature", "properties": { "hex_id": "88608b0909fffff", "police_distance": 515.70594287583663, "hospital_distance": 435.23462057715403, "railway_distance": 1608.6637120654607, "metro_distance": 2247.9463540704523, "bus_stop_distance": 103.0530606095474, "restaurants": 0, "parks": 4, "schools": 1, "pharmacies": 1, "crime_count": 0 }, "geometry": { "type": "Polygon", "coordinates": [ [ [ 72.835032234564011, 19.105385240717069 ], [ 72.83503661109485, 19.110129325958791 ], [ 72.830992244420742, 19.112269900637596 ], [ 72.82694380594171, 19.109666530675536 ], [ 72.826939563698502, 19.104922705023768 ], [ 72.830983625654554, 19.102781989744759 ], [ 72.835032234564011, 19.105385240717069 ] ] ] } },
{ "type": "Feature", "properties": { "hex_id": "88608b55ebfffff", "police_distance": 1179.7760324720666, "hospital_distance": 408.33292953360365, "railway_distance": 2578.5700972451559, "metro_distance": 6359.5118495081269, "bus_stop_distance": 399.12223046829564, "restaurants": 1, "parks": 0, "schools": 0, "pharmacies": 0, "crime_count": 0 }, "geometry": { "type": "Polygon", "coordinates": [ [ [ 72.932290287821672, 19.167870814455284 ], [ 72.932296280630837, 19.1726166229057 ], [ 72.928246215217598, 19.174758322662008 ], [ 72.924190461519771, 19.172154354233477 ], [ 72.924184603427634, 19.167408804440182 ], [ 72.928234364324098, 19.165266964418866 ], [ 72.932290287821672, 19.167870814455284 ] ] ] } },
{ "type": "Feature", "properties": { "hex_id": "88608b545bfffff", "police_distance": 3015.509576728623, "hospital_distance": 1413.5102249331012, "railway_distance": 2209.3800481653043, "metro_distance": 2562.219231852413, "bus_stop_distance": 658.59873562083169, "restaurants": 0, "parks": 0, "schools": 0, "pharmacies": 0, "crime_count": 0 }, "geometry": { "type": "Polygon", "coordinates": [ [ [ 72.936243521992793, 19.089777037011032 ], [ 72.936249578858181, 19.094524880215658 ], [ 72.932200419521195, 19.096669808498692 ], [ 72.92814550766407, 19.094067033464473 ], [ 72.928139585457473, 19.089319449204091 ], [ 72.932188440457054, 19.087174381034227 ], [ 72.936243521992793, 19.089777037011032 ] ] ] } },
{ "type": "Feature", "properties": { "hex_id": "88608b189bfffff", "police_distance": 376.1104248906704, "hospital_distance": 368.17689168192351, "railway_distance": 636.95396120127543, "metro_distance": 590.61919065696441, "bus_stop_distance": 214.63193868755445, "restaurants": 4, "parks": 2, "schools": 0, "pharmacies": 0, "crime_count": 0 }, "geometry": { "type": "Polygon", "coordinates": [ [ [ 72.83488789033197, 18.948766286826469 ], [ 72.834892262082562, 18.953514134323814 ], [ 72.830850107754728, 18.955660878755253 ], [ 72.826803886070479, 18.953059915575121 ], [ 72.826799648460607, 18.948312328295057 ], [ 72.830841498402094, 18.946165443978604 ], [ 72.83488789033197, 18.948766286826469 ] ] ] } },
{ "type": "Feature", "properties": { "hex_id": "88608b46d5fffff", "police_distance": 855.11756003809614, "hospital_distance": 1635.1841131227491, "railway_distance": 3119.768249041213, "metro_distance": 3044.1491767361763, "bus_stop_distance": 537.21736109242454, "restaurants": 0, "parks": 3, "schools": 0, "pharmacies": 0, "crime_count": 0 }, "geometry": { "type": "Polygon", "coordinates": [ [ [ 72.802701817139024, 19.146216563187849 ], [ 72.802705657852059, 19.150958572824248 ], [ 72.798662321443061, 19.153096337644318 ], [ 72.794615449243196, 19.150492233818511 ], [ 72.7946117427324, 19.145750483832067 ], [ 72.798654774227103, 19.143612578022115 ], [ 72.802701817139024, 19.146216563187849 ] ] ] } },
{ "type": "Feature", "properties": { "hex_id": "88608b19a1fffff", "police_distance": 2255.5151409839541, "hospital_distance": 708.34757237714609, "railway_distance": 781.83873975825293, "metro_distance": 4032.0612008660864, "bus_stop_distance": 803.77161555229247, "restaurants": 0, "parks": 0, "schools": 0, "pharmacies": 0, "crime_count": 0 }, "geometry": { "type": "Polygon", "coordinates": [ [ [ 72.891627799402428, 19.037412240599053 ], [ 72.891633114181928, 19.042159861692745 ], [ 72.887586899684109, 19.04430520755152 ], [ 72.883535674795084, 19.041703072249014 ], [ 72.883530494455513, 19.036955710622426 ], [ 72.887576404572826, 19.034810224831855 ], [ 72.891627799402428, 19.037412240599053 ] ] ] } },
{ "type": "Feature", "properties": { "hex_id": "88608b0b15fffff", "police_distance": 245.56187940521846, "hospital_distance": 263.51843270018531, "railway_distance": 343.71501268776944, "metro_distance": 1554.5813577750107, "bus_stop_distance": 227.40255137179676, "restaurants": 6, "parks": 0, "schools": 0, "pharmacies": 0, "crime_count": 14 }, "geometry": { "type": "Polygon", "coordinates": [ [ [ 72.843085265135997, 19.063143203816832 ], [ 72.843089774641257, 19.067888581419552 ], [ 72.839045603536619, 19.070031121582097 ], [ 72.834997227535581, 19.067428424499685 ], [ 72.834992852309242, 19.062683306600707 ], [ 72.839036718812835, 19.060540626081 ], [ 72.843085265135997, 19.063143203816832 ] ] ] } },
{ "type": "Feature", "properties": { "hex_id": "88608b4545fffff", "police_distance": 1136.4228181729848, "hospital_distance": 868.49799785594735, "railway_distance": 325.83129460274648, "metro_distance": 3087.9309267232243, "bus_stop_distance": 353.33545587545763, "restaurants": 0, "parks": 1, "schools": 2, "pharmacies": 2, "crime_count": 0 }, "geometry": { "type": "Polygon", "coordinates": [ [ [ 72.879720137866769, 19.25735181193339 ], [ 72.879725258883738, 19.262093667449587 ], [ 72.875676532119897, 19.264229879560599 ], [ 72.871622989235334, 19.261624377156181 ], [ 72.871618002819091, 19.256882780300558 ], [ 72.875666424694543, 19.254746427189286 ], [ 72.879720137866769, 19.25735181193339 ] ] ] } },
{ "type": "Feature", "properties": { "hex_id": "88608b464bfffff", "police_distance": 1567.6347916915888, "hospital_distance": 921.25150516022518, "railway_distance": 1314.4840074552103, "metro_distance": 2396.3199154457711, "bus_stop_distance": 577.89908925832026, "restaurants": 0, "parks": 0, "schools": 0, "pharmacies": 0, "crime_count": 0 }, "geometry": { "type": "Polygon", "coordinates": [ [ [ 72.87149837840154, 19.143049500220208 ], [ 72.871503360852756, 19.147793887932469 ], [ 72.867456654603515, 19.149934321499511 ], [ 72.863405270584551, 19.147330507894246 ], [ 72.863400422595475, 19.142586379365238 ], [ 72.86744682417104, 19.140445805258821 ], [ 72.87149837840154, 19.143049500220208 ] ] ] } },
{ "type": "Feature", "properties": { "hex_id": "88608b0b0dfffff", "police_distance": 393.97682283491633, "hospital_distance": 302.80108066435952, "railway_distance": 1126.7347310421071, "metro_distance": 1111.476558357484, "bus_stop_distance": 161.39471930493329, "restaurants": 4, "parks": 1, "schools": 0, "pharmacies": 0, "crime_count": 0 }, "geometry": { "type": "Polygon", "coordinates": [ [ [ 72.867368204158993, 19.064521086254157 ], [ 72.867373116688839, 19.069267242617737 ], [ 72.863327722031713, 19.071410624693637 ], [ 72.859277719373651, 19.068807990616001 ], [ 72.859272941216645, 19.064062093780933 ], [ 72.863318031352662, 19.061918571495621 ], [ 72.867368204158993, 19.064521086254157 ] ] ] } },
{ "type": "Feature", "properties": { "hex_id": "88608b54d7fffff", "police_distance": 2040.3052706309011, "hospital_distance": 652.9320073238066, "railway_distance": 128.49019977801211, "metro_distance": 670.96392725779583, "bus_stop_distance": 33.109100430090194, "restaurants": 3, "parks": 1, "schools": 0, "pharmacies": 0, "crime_count": 0 }, "geometry": { "type": "Polygon", "coordinates": [ [ [ 72.879551239500344, 19.10080530441801 ], [ 72.879556354919188, 19.105550988971185 ], [ 72.875509845254342, 19.107693388961017 ], [ 72.871458524734877, 19.105090244695315 ], [ 72.871453543769306, 19.100344819439574 ], [ 72.875499748877772, 19.09820227915273 ], [ 72.879551239500344, 19.10080530441801 ] ] ] } },
{ "type": "Feature", "properties": { "hex_id": "88608b1917fffff", "police_distance": 3203.0299019636432, "hospital_distance": 2705.4844302998486, "railway_distance": 2721.4763642336961, "metro_distance": 7375.9376148033052, "bus_stop_distance": 963.00260980994119, "restaurants": 0, "parks": 0, "schools": 0, "pharmacies": 0, "crime_count": 0 }, "geometry": { "type": "Polygon", "coordinates": [ [ [ 72.919949806939698, 19.017637924383575 ], [ 72.91995559164252, 19.022386966878553 ], [ 72.915908254310807, 19.024534135742758 ], [ 72.911855436525073, 19.021932401774123 ], [ 72.911849786351468, 19.017183618626376 ], [ 72.915896819442167, 19.015036310100655 ], [ 72.919949806939698, 19.017637924383575 ] ] ] } },
{ "type": "Feature", "properties": { "hex_id": "88608b55ddfffff", "police_distance": 1573.0822591215028, "hospital_distance": 1104.1830072248761, "railway_distance": 2344.4446547122143, "metro_distance": 3857.7456819657509, "bus_stop_distance": 1097.3969525901653, "restaurants": 0, "parks": 0, "schools": 0, "pharmacies": 0, "crime_count": 0 }, "geometry": { "type": "Polygon", "coordinates": [ [ [ 72.920106061224203, 19.145821859839259 ], [ 72.920111851105773, 19.150567801421698 ], [ 72.916062699238296, 19.15270992195131 ], [ 72.912008062009264, 19.150106241142183 ], [ 72.91200240677766, 19.145360558391573 ], [ 72.916051254132924, 19.143218297618812 ], [ 72.920106061224203, 19.145821859839259 ] ] ] } },
{ "type": "Feature", "properties": { "hex_id": "88608b46cdfffff", "police_distance": 948.22873201658501, "hospital_distance": 468.46732045643637, "railway_distance": 1230.2903463382195, "metro_distance": 1176.2167195786565, "bus_stop_distance": 664.62490950528684, "restaurants": 0, "parks": 0, "schools": 0, "pharmacies": 0, "crime_count": 0 }, "geometry": { "type": "Polygon", "coordinates": [ [ [ 72.826977748946604, 19.147612989880063 ], [ 72.826981992454748, 19.152355778117222 ], [ 72.822937430366366, 19.154494385311541 ], [ 72.818888929612811, 19.151890345111688 ], [ 72.818884820401095, 19.147147816349911 ], [ 72.822929077654337, 19.145009068313236 ], [ 72.826977748946604, 19.147612989880063 ] ] ] } },
{ "type": "Feature", "properties": { "hex_id": "88608b5559fffff", "police_distance": 2795.4214358899321, "hospital_distance": 2557.8765962908551, "railway_distance": 2613.8778160977131, "metro_distance": 8942.8702890180757, "bus_stop_distance": 1619.3483466000043, "restaurants": 0, "parks": 0, "schools": 0, "pharmacies": 0, "crime_count": 0 }, "geometry": { "type": "Polygon", "coordinates": [ [ [ 72.972792947012422, 19.141691259093268 ], [ 72.972799612549125, 19.146439055276144 ], [ 72.96874791607695, 19.148583285629655 ], [ 72.964689858395985, 19.145979859690129 ], [ 72.964683327705643, 19.141232321985555 ], [ 72.968734719857721, 19.13908795174272 ], [ 72.972792947012422, 19.141691259093268 ] ] ] } },
{ "type": "Feature", "properties": { "hex_id": "88608b4751fffff", "police_distance": 1339.0766978346264, "hospital_distance": 506.72482622305762, "railway_distance": 1944.2640898660168, "metro_distance": 3546.4436650475509, "bus_stop_distance": 1700.0703210294034, "restaurants": 0, "parks": 0, "schools": 0, "pharmacies": 0, "crime_count": 0 }, "geometry": { "type": "Polygon", "coordinates": [ [ [ 72.883701536325148, 19.193557990572895 ], [ 72.883706722332818, 19.198301549951463 ], [ 72.879658698903228, 19.200440436843493 ], [ 72.875605794212959, 19.197835905046929 ], [ 72.87560074276135, 19.193092604561542 ], [ 72.879648461451822, 19.190953576980089 ], [ 72.883701536325148, 19.193557990572895 ] ] ] } },
{ "type": "Feature", "properties": { "hex_id": "88608b0a01fffff", "police_distance": 905.99014431318551, "hospital_distance": 65.843841689273191, "railway_distance": 445.41506711830016, "metro_distance": 1492.6470314633607, "bus_stop_distance": 221.44741752236348, "restaurants": 3, "parks": 1, "schools": 1, "pharmacies": 1, "crime_count": 0 }, "geometry": { "type": "Polygon", "coordinates": [ [ [ 72.830901775844197, 19.012623973945203 ], [ 72.830906082445082, 19.017370160397117 ], [ 72.826863227342486, 19.019514243442405 ], [ 72.822816370182039, 19.01691228024012 ], [ 72.822812197766311, 19.012166353779271 ], [ 72.826854748333687, 19.010022130530331 ], [ 72.830901775844197, 19.012623973945203 ] ] ] } },
{ "type": "Feature", "properties": { "hex_id": "88608b56e9fffff", "police_distance": 1892.2652654147946, "hospital_distance": 968.19151315015461, "railway_distance": 2360.3652165554495, "metro_distance": 3373.7717922121687, "bus_stop_distance": 885.67112094236779, "restaurants": 0, "parks": 0, "schools": 0, "pharmacies": 0, "crime_count": 0 }, "geometry": { "type": "Polygon", "coordinates": [ [ [ 72.940268289553089, 19.068638418524415 ], [ 72.940274412846151, 19.073386908007791 ], [ 72.936225352601198, 19.075532817952656 ], [ 72.932170473349657, 19.072930378179841 ], [ 72.932164484710867, 19.068182147697168 ], [ 72.936213240677148, 19.066036097987158 ], [ 72.940268289553089, 19.068638418524415 ] ] ] } },
{ "type": "Feature", "properties": { "hex_id": "88608b56e3fffff", "police_distance": 1704.2322927720609, "hospital_distance": 777.4038400675613, "railway_distance": 1900.8102943934546, "metro_distance": 1910.7399002750947, "bus_stop_distance": 878.49305684792012, "restaurants": 0, "parks": 0, "schools": 0, "pharmacies": 0, "crime_count": 0 }, "geometry": { "type": "Polygon", "coordinates": [ [ [ 72.928121820015392, 19.075076007092978 ], [ 72.928127741633162, 19.079823935957304 ], [ 72.924079190969522, 19.081969144006386 ], [ 72.920025023030419, 19.079366563063374 ], [ 72.920019236026761, 19.074618893259306 ], [ 72.924067482355952, 19.072473545338593 ], [ 72.928121820015392, 19.075076007092978 ] ] ] } },
{ "type": "Feature", "properties": { "hex_id": "88608b5553fffff", "police_distance": 2152.1020473546337, "hospital_distance": 1136.3730719356081, "railway_distance": 1151.9721373121486, "metro_distance": 7914.6996138893965, "bus_stop_distance": 384.84577864697877, "restaurants": 0, "parks": 0, "schools": 0, "pharmacies": 0, "crime_count": 0 }, "geometry": { "type": "Polygon", "coordinates": [ [ [ 72.960638568656407, 19.148123808556299 ], [ 72.960645032256721, 19.152871043416305 ], [ 72.956593844968367, 19.155014570838947 ], [ 72.952536498463687, 19.152411003397788 ], [ 72.9525301696696, 19.147664027075635 ], [ 72.956581052581754, 19.145520359657283 ], [ 72.960638568656407, 19.148123808556299 ] ] ] } },
{ "type": "Feature", "properties": { "hex_id": "88608b0b07fffff", "police_distance": 799.5909139883355, "hospital_distance": 657.71554685281922, "railway_distance": 396.5088294615598, "metro_distance": 616.14911279765465, "bus_stop_distance": 146.24901238724942, "restaurants": 0, "parks": 1, "schools": 0, "pharmacies": 0, "crime_count": 0 }, "geometry": { "type": "Polygon", "coordinates": [ [ [ 72.855232732473766, 19.070951092014621 ], [ 72.855237443690186, 19.075696687225062 ], [ 72.851192560064945, 19.07783936767019 ], [ 72.847143269807333, 19.075236593221192 ], [ 72.84713869292348, 19.070491257598285 ], [ 72.851183271972502, 19.068348436837478 ], [ 72.855232732473766, 19.070951092014621 ] ] ] } },
{ "type": "Feature", "properties": { "hex_id": "88608b1993fffff", "police_distance": 2158.8584654741744, "hospital_distance": 315.63808314863661, "railway_distance": 769.51975083792149, "metro_distance": 2295.422570420144, "bus_stop_distance": 604.58960125861654, "restaurants": 0, "parks": 0, "schools": 2, "pharmacies": 2, "crime_count": 0 }, "geometry": { "type": "Polygon", "coordinates": [ [ [ 72.859215615675993, 19.007102418810778 ], [ 72.859220391934201, 19.01184968552608 ], [ 72.855176210047276, 19.013995030144734 ], [ 72.851127556337218, 19.011393248047597 ], [ 72.851122914367082, 19.006646241147472 ], [ 72.855166791826761, 19.004500756529964 ], [ 72.859215615675993, 19.007102418810778 ] ] ] } },
{ "type": "Feature", "properties": { "hex_id": "88608b54c9fffff", "police_distance": 1480.0543583502167, "hospital_distance": 120.20569401345912, "railway_distance": 576.8578905917966, "metro_distance": 1203.3155606632604, "bus_stop_distance": 641.28173820778647, "restaurants": 0, "parks": 0, "schools": 0, "pharmacies": 0, "crime_count": 0 }, "geometry": { "type": "Polygon", "coordinates": [ [ [ 72.907892273600396, 19.095294515569428 ], [ 72.907897859574433, 19.10004127977594 ], [ 72.903850024428777, 19.102184943797841 ], [ 72.899796907764156, 19.099581983705896 ], [ 72.899791456346207, 19.094835478620514 ], [ 72.903838987044622, 19.092691674506565 ], [ 72.907892273600396, 19.095294515569428 ] ] ] } },
{ "type": "Feature", "properties": { "hex_id": "88608b463dfffff", "police_distance": 518.39275867536674, "hospital_distance": 235.15056165702413, "railway_distance": 800.30842531750318, "metro_distance": 1573.5136032612522, "bus_stop_distance": 1589.8107975756941, "restaurants": 2, "parks": 0, "schools": 0, "pharmacies": 0, "crime_count": 0 }, "geometry": { "type": "Polygon", "coordinates": [ [ [ 72.851290122200496, 19.177466358824699 ], [ 72.851294769709966, 19.182209230446212 ], [ 72.847248579995664, 19.184347555265084 ], [ 72.843198047595621, 19.181743149285829 ], [ 72.843193534503413, 19.177000536849093 ], [ 72.847239419401859, 19.174862071207457 ], [ 72.851290122200496, 19.177466358824699 ] ] ] } },
{ "type": "Feature", "properties": { "hex_id": "88608b4743fffff", "police_distance": 2007.3475234969208, "hospital_distance": 1601.1390021750005, "railway_distance": 3014.2214127651455, "metro_distance": 4568.3497241376235, "bus_stop_distance": 2100.7665316314469, "restaurants": 0, "parks": 0, "schools": 0, "pharmacies": 0, "crime_count": 0 }, "geometry": { "type": "Polygon", "coordinates": [ [ [ 72.895862590275684, 19.201371377898678 ], [ 72.895867978444045, 19.206115151059624 ], [ 72.891819242462461, 19.208254178631286 ], [ 72.887765423034168, 19.205649573689751 ], [ 72.887760169475527, 19.200906059305169 ], [ 72.891808600743275, 19.198766891086279 ], [ 72.895862590275684, 19.201371377898678 ] ] ] } },
{ "type": "Feature", "properties": { "hex_id": "88608b1893fffff", "police_distance": 250.52981296706008, "hospital_distance": 213.93419888144842, "railway_distance": 796.31216240265246, "metro_distance": 1151.2485227437576, "bus_stop_distance": 440.18883567789635, "restaurants": 1, "parks": 2, "schools": 0, "pharmacies": 0, "crime_count": 0 }, "geometry": { "type": "Polygon", "coordinates": [ [ [ 72.830850107754728, 18.955660878755253 ], [ 72.830854412644825, 18.96040842659643 ], [ 72.826812361711106, 18.962554751038599 ], [ 72.822766310309746, 18.959953667582614 ], [ 72.822762139551401, 18.955206379959638 ], [ 72.826803886070479, 18.953059915575121 ], [ 72.830850107754728, 18.955660878755253 ] ] ] } },
{ "type": "Feature", "properties": { "hex_id": "88608b4293fffff", "police_distance": 4171.1873225454519, "hospital_distance": 3693.7811523870123, "railway_distance": 4794.6931529965514, "metro_distance": 5738.7063364847063, "bus_stop_distance": 3708.3033146015482, "restaurants": 0, "parks": 0, "schools": 0, "pharmacies": 0, "crime_count": 0 }, "geometry": { "type": "Polygon", "coordinates": [ [ [ 72.916131385808427, 19.209649930164325 ], [ 72.916137110922875, 19.214394175352975 ], [ 72.912087254939806, 19.216533625241357 ], [ 72.908031978511602, 19.213928970497157 ], [ 72.908026388091884, 19.209184983909328 ], [ 72.912075939413484, 19.207045393465421 ], [ 72.916131385808427, 19.209649930164325 ] ] ] } },
{ "type": "Feature", "properties": { "hex_id": "88608b56d5fffff", "police_distance": 328.88073965882052, "hospital_distance": 434.5768261630223, "railway_distance": 334.98523428507104, "metro_distance": 3435.6191714653605, "bus_stop_distance": 314.17931808144851, "restaurants": 0, "parks": 1, "schools": 3, "pharmacies": 3, "crime_count": 0 }, "geometry": { "type": "Polygon", "coordinates": [ [ [ 72.91594256346383, 19.053024872891552 ], [ 72.915948282319235, 19.057772928890508 ], [ 72.911900644654352, 19.059918556531571 ], [ 72.90784759247174, 19.057316268022898 ], [ 72.907842008163456, 19.052568471258059 ], [ 72.911889341498508, 19.050422703768398 ], [ 72.91594256346383, 19.053024872891552 ] ] ] } },
{ "type": "Feature", "properties": { "hex_id": "88608b1985fffff", "police_distance": 3191.3088678832942, "hospital_distance": 1428.4073547494786, "railway_distance": 486.92789291657391, "metro_distance": 4940.053026280103, "bus_stop_distance": 1090.6406727671947, "restaurants": 0, "parks": 0, "schools": 0, "pharmacies": 0, "crime_count": 0 }, "geometry": { "type": "Polygon", "coordinates": [ [ [ 72.891611856120306, 19.023168692348683 ], [ 72.891617170371617, 19.027916655865909 ], [ 72.887571157277961, 19.030062562198154 ], [ 72.883520134291189, 19.027460644880613 ], [ 72.88351495446642, 19.022712940887534 ], [ 72.887560663209698, 19.02056689468845 ], [ 72.891611856120306, 19.023168692348683 ] ] ] } },
{ "type": "Feature", "properties": { "hex_id": "88608b5453fffff", "police_distance": 2405.9076389828506, "hospital_distance": 574.0827202856525, "railway_distance": 1402.265123724249, "metro_distance": 2465.9690291149232, "bus_stop_distance": 300.61662326709313, "restaurants": 0, "parks": 0, "schools": 2, "pharmacies": 2, "crime_count": 0 }, "geometry": { "type": "Polygon", "coordinates": [ [ [ 72.932200419521195, 19.096669808498692 ], [ 72.932206409351096, 19.101417349716282 ], [ 72.928157352666148, 19.103561856954137 ], [ 72.92410261052521, 19.100958962918742 ], [ 72.924096755345204, 19.096211680646093 ], [ 72.92814550766407, 19.094067033464473 ], [ 72.932200419521195, 19.096669808498692 ] ] ] } },
{ "type": "Feature", "properties": { "hex_id": "88608b0969fffff", "police_distance": 2357.2421616525871, "hospital_distance": 182.96638585040097, "railway_distance": 437.00599763969177, "metro_distance": 619.55352642155071, "bus_stop_distance": 413.54289837369265, "restaurants": 2, "parks": 0, "schools": 0, "pharmacies": 0, "crime_count": 0 }, "geometry": { "type": "Polygon", "coordinates": [ [ [ 72.855275139040685, 19.11365731692387 ], [ 72.855279851662019, 19.118401878224354 ], [ 72.85123436409711, 19.120542873903968 ], [ 72.847184468585411, 19.11793944879301 ], [ 72.847179890336776, 19.113195146907891 ], [ 72.851225073234986, 19.111054010718966 ], [ 72.855275139040685, 19.11365731692387 ] ] ] } },
{ "type": "Feature", "properties": { "hex_id": "88608b54bbfffff", "police_distance": 2092.2716242954093, "hospital_distance": 252.9753080024033, "railway_distance": 990.61918698528245, "metro_distance": 1105.3116118932762, "bus_stop_distance": 144.72738362753529, "restaurants": 3, "parks": 0, "schools": 1, "pharmacies": 1, "crime_count": 0 }, "geometry": { "type": "Polygon", "coordinates": [ [ [ 72.867427165260452, 19.121467387431654 ], [ 72.867432079743836, 19.126212164904512 ], [ 72.863385879592045, 19.12835330098039 ], [ 72.859335069606487, 19.125749800051569 ], [ 72.859330289549519, 19.121005281877608 ], [ 72.863376185059522, 19.11886400533416 ], [ 72.867427165260452, 19.121467387431654 ] ] ] } },
{ "type": "Feature", "properties": { "hex_id": "88608b0329fffff", "police_distance": 441.01741965010814, "hospital_distance": 670.18202285610141, "railway_distance": 548.37659348440877, "metro_distance": 586.64470259697657, "bus_stop_distance": 8.5289426936774593, "restaurants": 26, "parks": 1, "schools": 0, "pharmacies": 0, "crime_count": 0 }, "geometry": { "type": "Polygon", "coordinates": [ [ [ 72.83891239444813, 18.927625857276897 ], [ 72.83891683261956, 18.932374342784318 ], [ 72.834874775948578, 18.934522066762145 ], [ 72.830828585441949, 18.931921444995265 ], [ 72.830824281406848, 18.927173219760686 ], [ 72.834866033749904, 18.925025356020878 ], [ 72.83891239444813, 18.927625857276897 ] ] ] } },
{ "type": "Feature", "properties": { "hex_id": "88608b55e3fffff", "police_distance": 2000.1728113798836, "hospital_distance": 1125.237240219062, "railway_distance": 3403.4448905091726, "metro_distance": 6627.4398349906132, "bus_stop_distance": 1140.3194008061039, "restaurants": 0, "parks": 0, "schools": 0, "pharmacies": 0, "crime_count": 0 }, "geometry": { "type": "Polygon", "coordinates": [ [ [ 72.928246215217598, 19.174758322662008 ], [ 72.928252140959046, 19.179503827775118 ], [ 72.924202178286748, 19.181645105801593 ], [ 72.920146594426242, 19.179041019037243 ], [ 72.920140803392911, 19.174295772581726 ], [ 72.924190461519771, 19.172154354233477 ], [ 72.928246215217598, 19.174758322662008 ] ] ] } },
{ "type": "Feature", "properties": { "hex_id": "88608b4757fffff", "police_distance": 469.57404614770945, "hospital_distance": 494.61030026912289, "railway_distance": 1319.6509128929058, "metro_distance": 3760.8914172734321, "bus_stop_distance": 833.06759660535499, "restaurants": 0, "parks": 4, "schools": 0, "pharmacies": 0, "crime_count": 0 }, "geometry": { "type": "Polygon", "coordinates": [ [ [ 72.879658698903228, 19.200440436843493 ], [ 72.879663817883483, 19.205183692393224 ], [ 72.875615897618488, 19.207322157252481 ], [ 72.871563163148707, 19.204717507308516 ], [ 72.871558178715574, 19.19997451065214 ], [ 72.875605794212959, 19.197835905046929 ], [ 72.879658698903228, 19.200440436843493 ] ] ] } },
{ "type": "Feature", "properties": { "hex_id": "88608b55c1fffff", "police_distance": 135.43468503200654, "hospital_distance": 395.15033466736219, "railway_distance": 1749.8912161821302, "metro_distance": 5399.6028284560689, "bus_stop_distance": 119.00681622928542, "restaurants": 0, "parks": 1, "schools": 0, "pharmacies": 0, "crime_count": 0 }, "geometry": { "type": "Polygon", "coordinates": [ [ [ 72.932272310586256, 19.153632693682113 ], [ 72.932278302799389, 19.158378849782629 ], [ 72.928228439172031, 19.160521111410585 ], [ 72.924172887825961, 19.157917357139613 ], [ 72.924167030316411, 19.153171459753981 ], [ 72.928216589457165, 19.151029057925005 ], [ 72.932272310586256, 19.153632693682113 ] ] ] } },
{ "type": "Feature", "properties": { "hex_id": "88608b4735fffff", "police_distance": 1770.8267513503204, "hospital_distance": 616.6341168922188, "railway_distance": 961.94584251928961, "metro_distance": 990.89082476773683, "bus_stop_distance": 830.52705421885889, "restaurants": 0, "parks": 0, "schools": 0, "pharmacies": 0, "crime_count": 0 }, "geometry": { "type": "Polygon", "coordinates": [ [ [ 72.875646211854161, 19.235778119374867 ], [ 72.875651264812987, 19.240520371560841 ], [ 72.871603044562178, 19.242657288074145 ], [ 72.867550076216887, 19.240052093331794 ], [ 72.867545157822988, 19.23531009992308 ], [ 72.871593073217298, 19.233173042479997 ], [ 72.875646211854161, 19.235778119374867 ] ] ] } },
{ "type": "Feature", "properties": { "hex_id": "88608b5431fffff", "police_distance": 2203.7998875514022, "hospital_distance": 238.57048055553142, "railway_distance": 737.19241729275461, "metro_distance": 4214.4053758233331, "bus_stop_distance": 401.08533267253569, "restaurants": 0, "parks": 2, "schools": 0, "pharmacies": 0, "crime_count": 0 }, "geometry": { "type": "Polygon", "coordinates": [ [ [ 72.928192892384359, 19.132043562782961 ], [ 72.928198816357948, 19.136790109937525 ], [ 72.924149458952826, 19.138933073386617 ], [ 72.920094482036816, 19.136329629811108 ], [ 72.920088692731028, 19.131583341487243 ], [ 72.924137745681207, 19.129440237908671 ], [ 72.928192892384359, 19.132043562782961 ] ] ] } },
{ "type": "Feature", "properties": { "hex_id": "88608b4415fffff", "police_distance": 1847.1841368802027, "hospital_distance": 538.63296596613134, "railway_distance": 2631.1386078569071, "metro_distance": 5965.7182035908172, "bus_stop_distance": 1147.0939237253633, "restaurants": 0, "parks": 0, "schools": 0, "pharmacies": 0, "crime_count": 0 }, "geometry": { "type": "Polygon", "coordinates": [ [ [ 72.814893292144205, 19.21092773421211 ], [ 72.814897336027713, 19.215668568255797 ], [ 72.810852481109166, 19.2178042204912 ], [ 72.8068038873257, 19.215199179887417 ], [ 72.806799977751709, 19.210458605145607 ], [ 72.810844527659512, 19.208322811706321 ], [ 72.814893292144205, 19.21092773421211 ] ] ] } },
{ "type": "Feature", "properties": { "hex_id": "88608b56c7fffff", "police_distance": 764.47572296146245, "hospital_distance": 245.00491526543519, "railway_distance": 1266.6764517474865, "metro_distance": 3041.5377160750272, "bus_stop_distance": 329.44630603711323, "restaurants": 2, "parks": 1, "schools": 5, "pharmacies": 5, "crime_count": 0 }, "geometry": { "type": "Polygon", "coordinates": [ [ [ 72.92810405633962, 19.06083153226885 ], [ 72.928109977368635, 19.065579805187689 ], [ 72.924061628340169, 19.067725573915403 ], [ 72.920007662594841, 19.065123209531805 ], [ 72.920001876166538, 19.060375195730401 ], [ 72.924049920890667, 19.058229287195761 ], [ 72.92810405633962, 19.06083153226885 ] ] ] } },
{ "type": "Feature", "properties": { "hex_id": "88608b5537fffff", "police_distance": 1718.15793906259, "hospital_distance": 301.58413880419391, "railway_distance": 2401.0213600957659, "metro_distance": 9629.0495450189846, "bus_stop_distance": 446.32808973009804, "restaurants": 0, "parks": 1, "schools": 2, "pharmacies": 2, "crime_count": 0 }, "geometry": { "type": "Polygon", "coordinates": [ [ [ 72.952587136371889, 19.19038264080816 ], [ 72.95259346705501, 19.195128572925217 ], [ 72.948542080972473, 19.197270133439165 ], [ 72.94448466870854, 19.19466590207378 ], [ 72.944478472840771, 19.189920228380153 ], [ 72.948529554429371, 19.187778527629003 ], [ 72.952587136371889, 19.19038264080816 ] ] ] } },
{ "type": "Feature", "properties": { "hex_id": "88608b0901fffff", "police_distance": 960.40216518159912, "hospital_distance": 325.71672556838934, "railway_distance": 1574.4933681263099, "metro_distance": 1541.6728150695192, "bus_stop_distance": 228.28997747967023, "restaurants": 5, "parks": 1, "schools": 1, "pharmacies": 1, "crime_count": 0 }, "geometry": { "type": "Polygon", "coordinates": [ [ [ 72.830992244420742, 19.112269900637596 ], [ 72.830996554017986, 19.117013683516941 ], [ 72.826952290849661, 19.119153836843225 ], [ 72.822904022838344, 19.116550347947822 ], [ 72.822899847519793, 19.111806824658832 ], [ 72.82694380594171, 19.109666530675536 ], [ 72.830992244420742, 19.112269900637596 ] ] ] } },
{ "type": "Feature", "properties": { "hex_id": "88608b46abfffff", "police_distance": 3503.1157383883387, "hospital_distance": 2356.9969673612363, "railway_distance": 3997.8365348977786, "metro_distance": 5003.4763666254612, "bus_stop_distance": 2417.9985839098076, "restaurants": 0, "parks": 0, "schools": 0, "pharmacies": 0, "crime_count": 0 }, "geometry": { "type": "Polygon", "coordinates": [ [ [ 72.802724863325665, 19.174666887074167 ], [ 72.802728704802107, 19.179408202712729 ], [ 72.798684966091059, 19.18154484172241 ], [ 72.794637690886162, 19.178940306212205 ], [ 72.79463398363869, 19.174199250107872 ], [ 72.798677417375004, 19.172062469980158 ], [ 72.802724863325665, 19.174666887074167 ] ] ] } },
{ "type": "Feature", "properties": { "hex_id": "88608b54adfffff", "police_distance": 2074.5767461274118, "hospital_distance": 1799.1848531329397, "railway_distance": 1568.2392762558313, "metro_distance": 1575.7257406943652, "bus_stop_distance": 263.53267428498776, "restaurants": 0, "parks": 0, "schools": 0, "pharmacies": 0, "crime_count": 0 }, "geometry": { "type": "Polygon", "coordinates": [ [ [ 72.899840525612262, 19.137549878743677 ], [ 72.899845978656487, 19.142295346503801 ], [ 72.895797946184814, 19.144437044895664 ], [ 72.89174476524137, 19.141833415862468 ], [ 72.891739446762202, 19.137088207109606 ], [ 72.895787174669238, 19.134946368383208 ], [ 72.899840525612262, 19.137549878743677 ] ] ] } },
{ "type": "Feature", "properties": { "hex_id": "88608b4621fffff", "police_distance": 953.89240514511425, "hospital_distance": 60.871088441956395, "railway_distance": 100.02213538265656, "metro_distance": 1868.7131017236052, "bus_stop_distance": 1435.1929776283446, "restaurants": 1, "parks": 3, "schools": 2, "pharmacies": 2, "crime_count": 0 }, "geometry": { "type": "Polygon", "coordinates": [ [ [ 72.863444060281239, 19.185279370581565 ], [ 72.863448909716467, 19.190022456812571 ], [ 72.859402007037886, 19.192160921958923 ], [ 72.855350559722865, 19.189556441655679 ], [ 72.855345844758631, 19.184813614492931 ], [ 72.859392442646268, 19.182675008565759 ], [ 72.863444060281239, 19.185279370581565 ] ] ] } },
{ "type": "Feature", "properties": { "hex_id": "88608b191dfffff", "police_distance": 3277.9492253582384, "hospital_distance": 3598.8445834575155, "railway_distance": 3659.1415389085755, "metro_distance": 8309.6446449314717, "bus_stop_distance": 2158.0773942604828, "restaurants": 0, "parks": 0, "schools": 0, "pharmacies": 0, "crime_count": 0 }, "geometry": { "type": "Polygon", "coordinates": [ [ [ 72.93209263652399, 19.011194455598996 ], [ 72.93209862278168, 19.015944058014899 ], [ 72.928050775907678, 19.018091928009181 ], [ 72.923997246969179, 19.015490335143102 ], [ 72.923991395280879, 19.010740992014735 ], [ 72.928038937969475, 19.00859298246549 ], [ 72.93209263652399, 19.011194455598996 ] ] ] } },
{ "type": "Feature", "properties": { "hex_id": "88608b0a61fffff", "police_distance": 650.76809764433972, "hospital_distance": 288.36446179328158, "railway_distance": 531.37429098871769, "metro_distance": 883.27820699578172, "bus_stop_distance": 383.07928426767279, "restaurants": 4, "parks": 1, "schools": 8, "pharmacies": 8, "crime_count": 0 }, "geometry": { "type": "Polygon", "coordinates": [ [ [ 72.851136840738718, 19.020886920380914 ], [ 72.851141483170096, 19.02563358569197 ], [ 72.847097507790011, 19.027778089328727 ], [ 72.843049194470368, 19.025176067768253 ], [ 72.843044686309099, 19.020429662273848 ], [ 72.847088357205209, 19.018285018523908 ], [ 72.851136840738718, 19.020886920380914 ] ] ] } },
{ "type": "Feature", "properties": { "hex_id": "88608b55b3fffff", "police_distance": 2226.6882682467299, "hospital_distance": 1285.239614080956, "railway_distance": 3106.614965710759, "metro_distance": 3297.6440653651975, "bus_stop_distance": 934.64658986323275, "restaurants": 0, "parks": 0, "schools": 0, "pharmacies": 0, "crime_count": 0 }, "geometry": { "type": "Polygon", "coordinates": [ [ [ 72.891787319421383, 19.179790921200368 ], [ 72.891792639487306, 19.184535087869413 ], [ 72.887744409844473, 19.186674818629051 ], [ 72.883691164825549, 19.184070523296302 ], [ 72.883685979333563, 19.179326615519798 ], [ 72.887733904294365, 19.177186744184016 ], [ 72.891787319421383, 19.179790921200368 ] ] ] } },
{ "type": "Feature", "properties": { "hex_id": "88608b4727fffff", "police_distance": 2348.8256439657189, "hospital_distance": 1314.1304634557948, "railway_distance": 1814.1762042573748, "metro_distance": 2524.6406304771644, "bus_stop_distance": 1792.5972467715314, "restaurants": 0, "parks": 0, "schools": 0, "pharmacies": 0, "crime_count": 0 }, "geometry": { "type": "Polygon", "coordinates": [ [ [ 72.887807457773476, 19.243593494886834 ], [ 72.887812712899802, 19.24833595989093 ], [ 72.883763779764578, 19.250473016979623 ], [ 72.879709896342149, 19.247867749952206 ], [ 72.879704775834483, 19.243125543608542 ], [ 72.883753404138417, 19.24098834563241 ], [ 72.887807457773476, 19.243593494886834 ] ] ] } },
{ "type": "Feature", "properties": { "hex_id": "88608b4651fffff", "police_distance": 1452.1573570911357, "hospital_distance": 443.68596513735412, "railway_distance": 394.80461573651019, "metro_distance": 1894.432620113244, "bus_stop_distance": 667.17727095961288, "restaurants": 0, "parks": 2, "schools": 0, "pharmacies": 0, "crime_count": 0 }, "geometry": { "type": "Polygon", "coordinates": [ [ [ 72.855303417110861, 19.14212295575868 ], [ 72.855308130669144, 19.146866825045979 ], [ 72.851262240377551, 19.149006696610211 ], [ 72.8472119412626, 19.146402839525699 ], [ 72.847207362103802, 19.141659229538519 ], [ 72.851252947668314, 19.139519217336353 ], [ 72.855303417110861, 19.14212295575868 ] ] ] } },
{ "type": "Feature", "properties": { "hex_id": "88608b54ddfffff", "police_distance": 825.89145105888804, "hospital_distance": 88.070294817024674, "railway_distance": 761.45644234821543, "metro_distance": 1502.3692048448413, "bus_stop_distance": 72.952617769385682, "restaurants": 1, "parks": 1, "schools": 3, "pharmacies": 3, "crime_count": 0 }, "geometry": { "type": "Polygon", "coordinates": [ [ [ 72.891691588380283, 19.094376138914626 ], [ 72.89169690527342, 19.09912238482028 ], [ 72.88764988495835, 19.101265486895613 ], [ 72.883597852259058, 19.098662483256671 ], [ 72.883592669859453, 19.093916496589365 ], [ 72.887639385673424, 19.091773254323247 ], [ 72.891691588380283, 19.094376138914626 ] ] ] } },
{ "type": "Feature", "properties": { "hex_id": "88608b0b67fffff", "police_distance": 1103.257268753405, "hospital_distance": 960.54210320283789, "railway_distance": 1960.2921031123185, "metro_distance": 2301.2830143663396, "bus_stop_distance": 684.07013572239453, "restaurants": 0, "parks": 0, "schools": 0, "pharmacies": 0, "crime_count": 0 }, "geometry": { "type": "Polygon", "coordinates": [ [ [ 72.875479558131673, 19.079218680537217 ], [ 72.875484605567337, 19.083964752413586 ], [ 72.871438601862792, 19.086107854047526 ], [ 72.867387855254947, 19.083505024030501 ], [ 72.86738294223683, 19.078759211566897 ], [ 72.871428641416813, 19.076615969708115 ], [ 72.875479558131673, 19.079218680537217 ] ] ] } },
{ "type": "Feature", "properties": { "hex_id": "88608b5423fffff", "police_distance": 1615.9812000379554, "hospital_distance": 215.54712422773906, "railway_distance": 164.56194776162002, "metro_distance": 5619.2955214326075, "bus_stop_distance": 309.06799035458943, "restaurants": 1, "parks": 0, "schools": 0, "pharmacies": 0, "crime_count": 0 }, "geometry": { "type": "Polygon", "coordinates": [ [ [ 72.940360160265001, 19.13985368488666 ], [ 72.940366286603592, 19.144600446802919 ], [ 72.93631621763052, 19.146743551444281 ], [ 72.932260326755951, 19.144140034257269 ], [ 72.932254335138794, 19.139393531054765 ], [ 72.93630409968253, 19.137250286326012 ], [ 72.940360160265001, 19.13985368488666 ] ] ] } },
{ "type": "Feature", "properties": { "hex_id": "88608b409bfffff", "police_distance": 2436.6271027657563, "hospital_distance": 1546.055006705634, "railway_distance": 1775.1967280959391, "metro_distance": 3337.0195615306611, "bus_stop_distance": 1757.8855032451775, "restaurants": 0, "parks": 0, "schools": 0, "pharmacies": 0, "crime_count": 0 }, "geometry": { "type": "Polygon", "coordinates": [ [ [ 72.891867138931275, 19.250941204017266 ], [ 72.891872461643388, 19.255683622940392 ], [ 72.88782322367517, 19.257820539134642 ], [ 72.883768967835636, 19.255215177300734 ], [ 72.883763779764578, 19.250473016979623 ], [ 72.887812712899802, 19.24833595989093 ], [ 72.891867138931275, 19.250941204017266 ] ] ] } },
{ "type": "Feature", "properties": { "hex_id": "88608b4407fffff", "police_distance": 2108.5561114244547, "hospital_distance": 675.61261500136584, "railway_distance": 1686.6078219011442, "metro_distance": 4459.5380884943042, "bus_stop_distance": 569.36652962301548, "restaurants": 0, "parks": 1, "schools": 0, "pharmacies": 0, "crime_count": 0 }, "geometry": { "type": "Polygon", "coordinates": [ [ [ 72.827041416333287, 19.21874265071277 ], [ 72.827045661950933, 19.223483698989671 ], [ 72.823000093351212, 19.225619491137071 ], [ 72.818950584127862, 19.223014376170028 ], [ 72.81894647287352, 19.218273587078606 ], [ 72.822991736487054, 19.216137653769337 ], [ 72.827041416333287, 19.21874265071277 ] ] ] } },
{ "type": "Feature", "properties": { "hex_id": "88608b56b9fffff", "police_distance": 1020.2561032007007, "hospital_distance": 297.34696729483386, "railway_distance": 495.22103514456086, "metro_distance": 1440.8081900847822, "bus_stop_distance": 374.42727075706938, "restaurants": 0, "parks": 4, "schools": 0, "pharmacies": 0, "crime_count": 0 }, "geometry": { "type": "Polygon", "coordinates": [ [ [ 72.903816914470809, 19.073703757219597 ], [ 72.903822432339965, 19.078450908726893 ], [ 72.899775103176239, 19.080595273886498 ], [ 72.895722560566668, 19.077992627559269 ], [ 72.895717177217833, 19.07324573528831 ], [ 72.899764201966079, 19.071101230108891 ], [ 72.903816914470809, 19.073703757219597 ] ] ] } },
{ "type": "Feature", "properties": { "hex_id": "88608b469dfffff", "police_distance": 2296.9386193361534, "hospital_distance": 3063.4018248947646, "railway_distance": 4562.2956009541258, "metro_distance": 4485.1185547294344, "bus_stop_distance": 1485.7159806392556, "restaurants": 0, "parks": 0, "schools": 0, "pharmacies": 0, "crime_count": 0 }, "geometry": { "type": "Polygon", "coordinates": [ [ [ 72.790572521580231, 19.152629717927113 ], [ 72.790576161182457, 19.157371164815601 ], [ 72.786533337389713, 19.159508227157051 ], [ 72.782487178971408, 19.156903983706322 ], [ 72.782483673531004, 19.152162796526024 ], [ 72.786526192354927, 19.150025593088913 ], [ 72.790572521580231, 19.152629717927113 ] ] ] } },
{ "type": "Feature", "properties": { "hex_id": "88608b450dfffff", "police_distance": 956.76148731319017, "hospital_distance": 542.49688923961025, "railway_distance": 1006.582104370403, "metro_distance": 3493.4219379065507, "bus_stop_distance": 1094.5884138502224, "restaurants": 0, "parks": 1, "schools": 0, "pharmacies": 0, "crime_count": 0 }, "geometry": { "type": "Polygon", "coordinates": [ [ [ 72.867574670632095, 19.263760307736689 ], [ 72.867579590004354, 19.26850159966553 ], [ 72.863531374711897, 19.270637107649822 ], [ 72.85947854499878, 19.268031464811742 ], [ 72.859473760186916, 19.263290431601902 ], [ 72.863521670535647, 19.261154782511682 ], [ 72.867574670632095, 19.263760307736689 ] ] ] } },
{ "type": "Feature", "properties": { "hex_id": "88608b094dfffff", "police_distance": 1955.6754304208489, "hospital_distance": 217.99173737379249, "railway_distance": 555.57937187842845, "metro_distance": 926.67320419817804, "bus_stop_distance": 233.53222121984882, "restaurants": 5, "parks": 2, "schools": 9, "pharmacies": 9, "crime_count": 0 }, "geometry": { "type": "Polygon", "coordinates": [ [ [ 72.85526100211348, 19.0994229425309 ], [ 72.855265714266423, 19.10416784901625 ], [ 72.851220428034793, 19.106309406472278 ], [ 72.847170734294551, 19.103706197888467 ], [ 72.847166156500919, 19.098961550875931 ], [ 72.851211138096033, 19.096819852975031 ], [ 72.85526100211348, 19.0994229425309 ] ] ] } },
{ "type": "Feature", "properties": { "hex_id": "88608b4613fffff", "police_distance": 1160.7138710068059, "hospital_distance": 986.01307639155038, "railway_distance": 1018.6454021354297, "metro_distance": 1412.6889928381265, "bus_stop_distance": 488.73533649883905, "restaurants": 0, "parks": 0, "schools": 0, "pharmacies": 0, "crime_count": 0 }, "geometry": { "type": "Polygon", "coordinates": [ [ [ 72.831031035935808, 19.154959796912095 ], [ 72.831035346818155, 19.159702541469425 ], [ 72.826990479892771, 19.16184100781393 ], [ 72.822941606929902, 19.159236870451551 ], [ 72.822937430366366, 19.154494385311541 ], [ 72.826981992454748, 19.152355778117222 ], [ 72.831031035935808, 19.154959796912095 ] ] ] } },
{ "type": "Feature", "properties": { "hex_id": "88608b0a53fffff", "police_distance": 1405.322473247729, "hospital_distance": 980.12964338211862, "railway_distance": 647.28476169699286, "metro_distance": 572.58544314004075, "bus_stop_distance": 331.01746857043241, "restaurants": 0, "parks": 0, "schools": 1, "pharmacies": 1, "crime_count": 0 }, "geometry": { "type": "Polygon", "coordinates": [ [ [ 72.818749292737635, 18.990579940152742 ], [ 72.818753397460924, 18.995326248020081 ], [ 72.814711455958403, 18.997470751652376 ], [ 72.81066571427003, 18.994869087597579 ], [ 72.810661743664852, 18.990123039894041 ], [ 72.814703380637781, 18.987978396082202 ], [ 72.818749292737635, 18.990579940152742 ] ] ] } },
{ "type": "Feature", "properties": { "hex_id": "88608b4719fffff", "police_distance": 688.83453783793914, "hospital_distance": 449.04878885626528, "railway_distance": 488.91468099882508, "metro_distance": 3601.1339624638481, "bus_stop_distance": 1010.3319115394711, "restaurants": 0, "parks": 0, "schools": 0, "pharmacies": 0, "crime_count": 0 }, "geometry": { "type": "Polygon", "coordinates": [ [ [ 72.871558178715574, 19.19997451065214 ], [ 72.871563163148707, 19.204717507308516 ], [ 72.867515650883021, 19.206855690871567 ], [ 72.863463458986459, 19.204251018574077 ], [ 72.863458609069056, 19.199508280869551 ], [ 72.867505816540316, 19.197369956511213 ], [ 72.871558178715574, 19.19997451065214 ] ] ] } },
{ "type": "Feature", "properties": { "hex_id": "88608b55a5fffff", "police_distance": 4032.3810841001796, "hospital_distance": 2843.7329648723685, "railway_distance": 4751.1006058054854, "metro_distance": 7139.1462564338062, "bus_stop_distance": 2428.4441479669908, "restaurants": 0, "parks": 0, "schools": 0, "pharmacies": 0, "crime_count": 0 }, "geometry": { "type": "Polygon", "coordinates": [ [ [ 72.924219754894025, 19.195880362195144 ], [ 72.924225614151638, 19.200625215160706 ], [ 72.920175552473097, 19.202765509086063 ], [ 72.916119936148988, 19.200161090488706 ], [ 72.916114211603983, 19.195416496123247 ], [ 72.920163968678295, 19.193276061755537 ], [ 72.924219754894025, 19.195880362195144 ] ] ] } },
{ "type": "Feature", "properties": { "hex_id": "88608b19e5fffff", "police_distance": 1961.6332033713522, "hospital_distance": 1250.1688461496753, "railway_distance": 1305.1184456113176, "metro_distance": 5805.9528830618801, "bus_stop_distance": 1219.7619868018364, "restaurants": 0, "parks": 0, "schools": 1, "pharmacies": 1, "crime_count": 0 }, "geometry": { "type": "Polygon", "coordinates": [ [ [ 72.91186673743394, 19.031429625900909 ], [ 72.911872388169215, 19.036178066757692 ], [ 72.907825256348843, 19.038324394666859 ], [ 72.903772778099182, 19.035722421495802 ], [ 72.903767261875288, 19.030974239988048 ], [ 72.90781408939749, 19.028827772302897 ], [ 72.91186673743394, 19.031429625900909 ] ] ] } },
{ "type": "Feature", "properties": { "hex_id": "88608b5415fffff", "police_distance": 1395.6560855375205, "hospital_distance": 743.70333622103362, "railway_distance": 1023.1542902452484, "metro_distance": 3997.6062576907557, "bus_stop_distance": 249.6550865105709, "restaurants": 0, "parks": 0, "schools": 0, "pharmacies": 0, "crime_count": 0 }, "geometry": { "type": "Polygon", "coordinates": [ [ [ 72.928175121641686, 19.117803228695895 ], [ 72.928181045026193, 19.12255012210117 ], [ 72.924131889336593, 19.124693646982578 ], [ 72.920077114695076, 19.122090418524422 ], [ 72.92007132596494, 19.117343784007385 ], [ 72.924120177229739, 19.115200119060827 ], [ 72.928175121641686, 19.117803228695895 ] ] ] } },
{ "type": "Feature", "properties": { "hex_id": "88608b0b1bfffff", "police_distance": 108.37958008261069, "hospital_distance": 171.52365036743723, "railway_distance": 1091.583589061722, "metro_distance": 1677.1895297118222, "bus_stop_distance": 78.428648532925692, "restaurants": 16, "parks": 2, "schools": 2, "pharmacies": 2, "crime_count": 1 }, "geometry": { "type": "Polygon", "coordinates": [ [ [ 72.83497972749953, 19.048447266537149 ], [ 72.834984102291187, 19.053192727558468 ], [ 72.830940540386806, 19.055335548427546 ], [ 72.826892908295918, 19.052733048617512 ], [ 72.826888667738459, 19.047987847415474 ], [ 72.830931925045505, 19.045844886204847 ], [ 72.83497972749953, 19.048447266537149 ] ] ] } },
{ "type": "Feature", "properties": { "hex_id": "88608b454bfffff", "police_distance": 1417.7729575398598, "hospital_distance": 62.728637647021287, "railway_distance": 402.90823557372545, "metro_distance": 1253.534567428886, "bus_stop_distance": 295.3340054437254, "restaurants": 0, "parks": 3, "schools": 0, "pharmacies": 0, "crime_count": 0 }, "geometry": { "type": "Polygon", "coordinates": [ [ [ 72.871603044562178, 19.242657288074145 ], [ 72.871608030482534, 19.247399235698918 ], [ 72.867559913493793, 19.249535729803398 ], [ 72.863507115477546, 19.246930417269851 ], [ 72.863502264113151, 19.242188728422462 ], [ 72.867550076216887, 19.240052093331794 ], [ 72.871603044562178, 19.242657288074145 ] ] ] } },
{ "type": "Feature", "properties": { "hex_id": "88608b19a7fffff", "police_distance": 1403.1844102515004, "hospital_distance": 867.12804221362717, "railway_distance": 521.21901961229992, "metro_distance": 3282.0274503494584, "bus_stop_distance": 766.43196506419963, "restaurants": 0, "parks": 0, "schools": 0, "pharmacies": 0, "crime_count": 0 }, "geometry": { "type": "Polygon", "coordinates": [ [ [ 72.887586899684109, 19.04430520755152 ], [ 72.887592147500527, 19.049052527515336 ], [ 72.883546035989099, 19.051197452708152 ], [ 72.879494981078111, 19.048595197926669 ], [ 72.879489867692683, 19.043848137430757 ], [ 72.883535674795084, 19.041703072249014 ], [ 72.887586899684109, 19.04430520755152 ] ] ] } },
{ "type": "Feature", "properties": { "hex_id": "88608b0b59fffff", "police_distance": 659.19691749264803, "hospital_distance": 255.0955224575705, "railway_distance": 720.80651537586425, "metro_distance": 1349.8408692500245, "bus_stop_distance": 504.94608391502584, "restaurants": 0, "parks": 3, "schools": 5, "pharmacies": 5, "crime_count": 0 }, "geometry": { "type": "Polygon", "coordinates": [ [ [ 72.859244275598144, 19.035584310567344 ], [ 72.859249052805595, 19.040330893441151 ], [ 72.855204468452257, 19.042475116827767 ], [ 72.85115541138677, 19.039872897470246 ], [ 72.851150768494108, 19.035126574297674 ], [ 72.855195048359946, 19.032982210782077 ], [ 72.859244275598144, 19.035584310567344 ] ] ] } },
{ "type": "Feature", "properties": { "hex_id": "88608b46dbfffff", "police_distance": 1792.1259414796923, "hospital_distance": 2046.852043106092, "railway_distance": 3265.2231232801246, "metro_distance": 3185.7422550742626, "bus_stop_distance": 894.4383181426598, "restaurants": 0, "parks": 0, "schools": 0, "pharmacies": 0, "crime_count": 0 }, "geometry": { "type": "Polygon", "coordinates": [ [ [ 72.794600623936603, 19.131524541508675 ], [ 72.79460433007911, 19.136266637616391 ], [ 72.790561603496741, 19.138404684408691 ], [ 72.786515475690095, 19.135800776068713 ], [ 72.78651190370509, 19.131058939726831 ], [ 72.790554325377087, 19.128920751959733 ], [ 72.794600623936603, 19.131524541508675 ] ] ] } },
{ "type": "Feature", "properties": { "hex_id": "88608b56abfffff", "police_distance": 2041.2048749271837, "hospital_distance": 260.8998617760866, "railway_distance": 437.53695448541998, "metro_distance": 452.62157565727023, "bus_stop_distance": 299.93955304691247, "restaurants": 4, "parks": 4, "schools": 2, "pharmacies": 2, "crime_count": 0 }, "geometry": { "type": "Polygon", "coordinates": [ [ [ 72.915976879439143, 19.081511490109911 ], [ 72.9159825994318, 19.086258858171423 ], [ 72.911934558617105, 19.08840336427674 ], [ 72.907881102207682, 19.085800642299208 ], [ 72.907875516788991, 19.081053533357473 ], [ 72.911923253213573, 19.078908887274075 ], [ 72.915976879439143, 19.081511490109911 ] ] ] } },
{ "type": "Feature", "properties": { "hex_id": "88608b40d9fffff", "police_distance": 5295.9904036203534, "hospital_distance": 4298.7767466421583, "railway_distance": 4696.7692762276965, "metro_distance": 5210.9240611416762, "bus_stop_distance": 4658.071845417142, "restaurants": 0, "parks": 0, "schools": 0, "pharmacies": 0, "crime_count": 0 }, "geometry": { "type": "Polygon", "coordinates": [ [ [ 72.916165739342702, 19.238113652373883 ], [ 72.916171465596264, 19.242857197568444 ], [ 72.912121206021368, 19.244995521797147 ], [ 72.908065524922563, 19.242390441514505 ], [ 72.908059933390589, 19.237647154804485 ], [ 72.912109888243677, 19.235508689893081 ], [ 72.916165739342702, 19.238113652373883 ] ] ] } },
{ "type": "Feature", "properties": { "hex_id": "88608b551bfffff", "police_distance": 1088.4238791407313, "hospital_distance": 569.62592002165491, "railway_distance": 326.01696261580082, "metro_distance": 6958.6773548665988, "bus_stop_distance": 139.44067852439659, "restaurants": 2, "parks": 8, "schools": 0, "pharmacies": 0, "crime_count": 0 }, "geometry": { "type": "Polygon", "coordinates": [ [ [ 72.948485718070216, 19.154554249362626 ], [ 72.948491979784308, 19.159300922716561 ], [ 72.94444130194826, 19.161443747161098 ], [ 72.940384666838142, 19.158840038354285 ], [ 72.940378539890148, 19.154093623597678 ], [ 72.94442891329399, 19.151950659051071 ], [ 72.948485718070216, 19.154554249362626 ] ] ] } },
{ "type": "Feature", "properties": { "hex_id": "88608b5491fffff", "police_distance": 2730.1853349911739, "hospital_distance": 116.86396387072971, "railway_distance": 536.10701544915207, "metro_distance": 930.33541460887659, "bus_stop_distance": 424.99186242007136, "restaurants": 6, "parks": 7, "schools": 2, "pharmacies": 2, "crime_count": 0 }, "geometry": { "type": "Polygon", "coordinates": [ [ [ 72.867412422787339, 19.107232363800946 ], [ 72.867417336782211, 19.111977486818933 ], [ 72.86337133803417, 19.114119184676749 ], [ 72.859320729910664, 19.111515899920359 ], [ 72.859315950328778, 19.106771036258788 ], [ 72.863361644465229, 19.104629197997763 ], [ 72.867412422787339, 19.107232363800946 ] ] ] } },
{ "type": "Feature", "properties": { "hex_id": "88608b4605fffff", "police_distance": 660.9703251090009, "hospital_distance": 249.3320160028448, "railway_distance": 432.35959102590425, "metro_distance": 299.07036724081559, "bus_stop_distance": 707.11858119725423, "restaurants": 1, "parks": 0, "schools": 0, "pharmacies": 0, "crime_count": 0 }, "geometry": { "type": "Polygon", "coordinates": [ [ [ 72.863429512939859, 19.171049415807612 ], [ 72.863434361892956, 19.175792850018322 ], [ 72.859387660688199, 19.177931877817873 ], [ 72.855336415298936, 19.175327612124082 ], [ 72.855331700803433, 19.170584437039526 ], [ 72.859378097247429, 19.168445268523172 ], [ 72.863429512939859, 19.171049415807612 ] ] ] } },
{ "type": "Feature", "properties": { "hex_id": "88608b0a45fffff", "police_distance": 1405.220439833786, "hospital_distance": 328.22077467295259, "railway_distance": 117.49452682351713, "metro_distance": 1787.412245601294, "bus_stop_distance": 144.35267347553054, "restaurants": 0, "parks": 0, "schools": 3, "pharmacies": 3, "crime_count": 0 }, "geometry": { "type": "Polygon", "coordinates": [ [ [ 72.851122914367082, 19.006646241147472 ], [ 72.851127556337218, 19.011393248047597 ], [ 72.847083782140075, 19.013538312264899 ], [ 72.84303567043446, 19.010936509630845 ], [ 72.843031162721076, 19.00618976260435 ], [ 72.84707463246437, 19.004044558338922 ], [ 72.851122914367082, 19.006646241147472 ] ] ] } },
{ "type": "Feature", "properties": { "hex_id": "88608b5597fffff", "police_distance": 2285.2667194946152, "hospital_distance": 1032.1105729852359, "railway_distance": 3049.1834080309491, "metro_distance": 3062.1593536427577, "bus_stop_distance": 865.8938518354621, "restaurants": 0, "parks": 0, "schools": 0, "pharmacies": 0, "crime_count": 0 }, "geometry": { "type": "Polygon", "coordinates": [ [ [ 72.891771360281538, 19.165557725254086 ], [ 72.891776679818491, 19.170302239831901 ], [ 72.887728651780463, 19.172442532945592 ], [ 72.88367560886519, 19.16983845199427 ], [ 72.883670423888788, 19.165094196366837 ], [ 72.887718147274953, 19.162953762740965 ], [ 72.891771360281538, 19.165557725254086 ] ] ] } },
{ "type": "Feature", "properties": { "hex_id": "88608b470bfffff", "police_distance": 836.71664110747315, "hospital_distance": 358.39728646068545, "railway_distance": 1552.5384173619004, "metro_distance": 3225.0711062458186, "bus_stop_distance": 710.73883043588444, "restaurants": 0, "parks": 7, "schools": 1, "pharmacies": 1, "crime_count": 0 }, "geometry": { "type": "Polygon", "coordinates": [ [ [ 72.88371709486384, 19.207788319885218 ], [ 72.883722281387222, 19.212531530318977 ], [ 72.879674056352954, 19.2146698544251 ], [ 72.875620949572422, 19.212065108851132 ], [ 72.875615897618488, 19.207322157252481 ], [ 72.879663817883483, 19.205183692393224 ], [ 72.88371709486384, 19.207788319885218 ] ] ] } },
{ "type": "Feature", "properties": { "hex_id": "88608b0b4bfffff", "police_distance": 1066.8669595303559, "hospital_distance": 260.42100028289587, "railway_distance": 441.72223623460445, "metro_distance": 1987.0379903669841, "bus_stop_distance": 287.92567927697695, "restaurants": 3, "parks": 2, "schools": 0, "pharmacies": 0, "crime_count": 4 }, "geometry": { "type": "Polygon", "coordinates": [ [ [ 72.871393785052717, 19.043390765511742 ], [ 72.871398764038446, 19.048137566481184 ], [ 72.867353467545826, 19.050281930339299 ], [ 72.863303496537839, 19.047679633316136 ], [ 72.863298651920559, 19.042933091931701 ], [ 72.867343643950633, 19.040788587986043 ], [ 72.871393785052717, 19.043390765511742 ] ] ] } },
{ "type": "Feature", "properties": { "hex_id": "88608b5407fffff", "police_distance": 1006.4771968328881, "hospital_distance": 333.11783745522689, "railway_distance": 874.08502293390961, "metro_distance": 5379.6439207457124, "bus_stop_distance": 551.83740045251966, "restaurants": 1, "parks": 2, "schools": 0, "pharmacies": 0, "crime_count": 0 }, "geometry": { "type": "Polygon", "coordinates": [ [ [ 72.940341782467797, 19.125612705793412 ], [ 72.940347908197083, 19.130359814320926 ], [ 72.936298041009849, 19.132503480399475 ], [ 72.932242352500282, 19.129900177974182 ], [ 72.932236361478957, 19.125153328217966 ], [ 72.936285924267025, 19.123009522116291 ], [ 72.940341782467797, 19.125612705793412 ] ] ] } },
{ "type": "Feature", "properties": { "hex_id": "88608b569dfffff", "police_distance": 282.87119331530147, "hospital_distance": 68.472554368762474, "railway_distance": 184.90052255727971, "metro_distance": 2848.6431191534052, "bus_stop_distance": 250.54664354421945, "restaurants": 6, "parks": 3, "schools": 2, "pharmacies": 2, "crime_count": 0 }, "geometry": { "type": "Polygon", "coordinates": [ [ [ 72.90380036196035, 19.05946161480967 ], [ 72.903805879281009, 19.064209110199947 ], [ 72.899758751631907, 19.06635403621658 ], [ 72.895706411055315, 19.063751606798668 ], [ 72.895701028241618, 19.05900437070197 ], [ 72.899747851505339, 19.056859304730207 ], [ 72.90380036196035, 19.05946161480967 ] ] ] } },
{ "type": "Feature", "properties": { "hex_id": "88608b4445fffff", "police_distance": 345.71624748686537, "hospital_distance": 329.19368944988946, "railway_distance": 641.49743299917247, "metro_distance": 3345.7499684568975, "bus_stop_distance": 357.25102863630644, "restaurants": 3, "parks": 2, "schools": 0, "pharmacies": 0, "crime_count": 9 }, "geometry": { "type": "Polygon", "coordinates": [ [ [ 72.851318009567578, 19.205921847419127 ], [ 72.851322658001223, 19.210664022161769 ], [ 72.847276065420161, 19.212801221126 ], [ 72.84322512928955, 19.210196386298566 ], [ 72.843220615299956, 19.205454470624694 ], [ 72.847266903004751, 19.203317130710065 ], [ 72.851318009567578, 19.205921847419127 ] ] ] } },
{ "type": "Feature", "properties": { "hex_id": "88608b550dfffff", "police_distance": 976.02759933103664, "hospital_distance": 971.75913064698682, "railway_distance": 2125.7062729026679, "metro_distance": 10806.228130474963, "bus_stop_distance": 1184.7338961274138, "restaurants": 0, "parks": 0, "schools": 0, "pharmacies": 0, "crime_count": 0 }, "geometry": { "type": "Polygon", "coordinates": [ [ [ 72.980944320337244, 19.170636481744765 ], [ 72.980951122104912, 19.175383840902821 ], [ 72.976898614961783, 19.17752722994074 ], [ 72.972839610411697, 19.174923399788966 ], [ 72.972832943548553, 19.170176298934923 ], [ 72.976885146338802, 19.168032769929141 ], [ 72.980944320337244, 19.170636481744765 ] ] ] } },
{ "type": "Feature", "properties": { "hex_id": "88608b4681fffff", "police_distance": 2255.4840338974577, "hospital_distance": 2972.5969456807907, "railway_distance": 3808.9170794714396, "metro_distance": 4090.3910374527782, "bus_stop_distance": 2018.4195263916181, "restaurants": 0, "parks": 0, "schools": 0, "pharmacies": 0, "crime_count": 0 }, "geometry": { "type": "Polygon", "coordinates": [ [ [ 72.802713339659803, 19.160442245492835 ], [ 72.802717180754499, 19.165183908403517 ], [ 72.798673643204495, 19.167321110411578 ], [ 72.794626569512147, 19.164716790563581 ], [ 72.794622862633034, 19.159975387245009 ], [ 72.798666095238531, 19.157838044182927 ], [ 72.802713339659803, 19.160442245492835 ] ] ] } },
{ "type": "Feature", "properties": { "hex_id": "88608b5613fffff", "police_distance": 1226.123411614856, "hospital_distance": 1294.0146211862618, "railway_distance": 1591.9395444769243, "metro_distance": 4151.3494275178982, "bus_stop_distance": 1150.190430952679, "restaurants": 0, "parks": 0, "schools": 0, "pharmacies": 0, "crime_count": 0 }, "geometry": { "type": "Polygon", "coordinates": [ [ [ 72.944311262038596, 19.061743296815497 ], [ 72.944317452362739, 19.066492087792916 ], [ 72.940268289553089, 19.068638418524415 ], [ 72.936213240677148, 19.066036097987158 ], [ 72.936207185016187, 19.061287566009636 ], [ 72.940256043575815, 19.05914109557007 ], [ 72.944311262038596, 19.061743296815497 ] ] ] } },
{ "type": "Feature", "properties": { "hex_id": "88608b5461fffff", "police_distance": 2708.3241723583428, "hospital_distance": 2542.8567862688674, "railway_distance": 2847.9852563502182, "metro_distance": 7213.4299131852204, "bus_stop_distance": 1977.9098123583583, "restaurants": 0, "parks": 0, "schools": 0, "pharmacies": 0, "crime_count": 0 }, "geometry": { "type": "Polygon", "coordinates": [ [ [ 72.9646637369339, 19.12698901518209 ], [ 72.964670266974622, 19.131736899670553 ], [ 72.960619179141304, 19.133881409795421 ], [ 72.956561865592406, 19.131278175306949 ], [ 72.956555470353393, 19.126530549413271 ], [ 72.960606253869372, 19.124385899413788 ], [ 72.9646637369339, 19.12698901518209 ] ] ] } },
{ "type": "Feature", "properties": { "hex_id": "88608b5483fffff", "police_distance": 1206.4125567509136, "hospital_distance": 207.71767061136458, "railway_distance": 203.29732371760807, "metro_distance": 1015.9031280340738, "bus_stop_distance": 434.18893300184686, "restaurants": 1, "parks": 0, "schools": 0, "pharmacies": 0, "crime_count": 0 }, "geometry": { "type": "Polygon", "coordinates": [ [ [ 72.879566586265383, 19.115042012842071 ], [ 72.879571702192749, 19.119787352037907 ], [ 72.875524991073803, 19.121929190428162 ], [ 72.871473468621843, 19.119325829984597 ], [ 72.871468487161124, 19.114580750028708 ], [ 72.875514893693534, 19.112438771277009 ], [ 72.879566586265383, 19.115042012842071 ] ] ] } },
{ "type": "Feature", "properties": { "hex_id": "88608b4467fffff", "police_distance": 1335.234640034814, "hospital_distance": 273.18075643448344, "railway_distance": 351.76102091585517, "metro_distance": 2151.2676537659609, "bus_stop_distance": 105.63976764618494, "restaurants": 0, "parks": 4, "schools": 5, "pharmacies": 5, "crime_count": 0 }, "geometry": { "type": "Polygon", "coordinates": [ [ [ 72.847289810181991, 19.227026483751239 ], [ 72.847294392072968, 19.231768004917328 ], [ 72.843247701481573, 19.233904218360941 ], [ 72.839196733941961, 19.231299051709598 ], [ 72.839192286499426, 19.226557789554196 ], [ 72.84323867215592, 19.224421435040021 ], [ 72.847289810181991, 19.227026483751239 ] ] ] } },
{ "type": "Feature", "properties": { "hex_id": "88608b42d7fffff", "police_distance": 3758.5239149231279, "hospital_distance": 2290.4612483902106, "railway_distance": 4498.784180020496, "metro_distance": 7950.849004894756, "bus_stop_distance": 1478.5330359936017, "restaurants": 0, "parks": 0, "schools": 0, "pharmacies": 0, "crime_count": 0 }, "geometry": { "type": "Polygon", "coordinates": [ [ [ 72.936388942195293, 19.203693407998994 ], [ 72.936395003881984, 19.2084384741622 ], [ 72.932344230258124, 19.210578909213858 ], [ 72.928287699533968, 19.207974418502829 ], [ 72.928281772613545, 19.203229610822675 ], [ 72.932332241658827, 19.201089035371005 ], [ 72.936388942195293, 19.203693407998994 ] ] ] } },
{ "type": "Feature", "properties": { "hex_id": "88608b4765fffff", "police_distance": 4751.0488658085806, "hospital_distance": 4178.1160378115046, "railway_distance": 4690.884975540208, "metro_distance": 4745.4860770280566, "bus_stop_distance": 4503.5669989952912, "restaurants": 0, "parks": 0, "schools": 0, "pharmacies": 0, "crime_count": 0 }, "geometry": { "type": "Polygon", "coordinates": [ [ [ 72.912104229636284, 19.230765098744488 ], [ 72.912109888243677, 19.235508689893081 ], [ 72.908059933390589, 19.237647154804485 ], [ 72.904004624658199, 19.23504216924357 ], [ 72.903999100750042, 19.230298836637981 ], [ 72.90804875088287, 19.228160231050836 ], [ 72.912104229636284, 19.230765098744488 ] ] ] } },
{ "type": "Feature", "properties": { "hex_id": "88608b0161fffff", "police_distance": 529.99596629120731, "hospital_distance": 239.54722016543968, "railway_distance": 230.63211054050765, "metro_distance": 2205.1007033130818, "bus_stop_distance": 441.69359559649121, "restaurants": 5, "parks": 4, "schools": 5, "pharmacies": 5, "crime_count": 0 }, "geometry": { "type": "Polygon", "coordinates": [ [ [ 72.822774652240696, 18.969447903485175 ], [ 72.822778823413302, 18.97419485164243 ], [ 72.818736979383104, 18.976340335903888 ], [ 72.814691268659345, 18.973739012065806 ], [ 72.814687231600502, 18.968992324128376 ], [ 72.818728771159499, 18.966846699809921 ], [ 72.822774652240696, 18.969447903485175 ] ] ] } },
{ "type": "Feature", "properties": { "hex_id": "88608b5589fffff", "police_distance": 1592.6755761013801, "hospital_distance": 1846.3569971365928, "railway_distance": 3128.8506266283916, "metro_distance": 4841.3512768611417, "bus_stop_distance": 1383.0899205310006, "restaurants": 0, "parks": 0, "schools": 0, "pharmacies": 0, "crime_count": 0 }, "geometry": { "type": "Polygon", "coordinates": [ [ [ 72.920123431444736, 19.160059337418733 ], [ 72.920129221902158, 19.164804931711622 ], [ 72.916079868319159, 19.166946490374396 ], [ 72.912025028828921, 19.164342595052094 ], [ 72.912019373034894, 19.159597259533321 ], [ 72.91606842207554, 19.157455560563299 ], [ 72.920123431444736, 19.160059337418733 ] ] ] } },
{ "type": "Feature", "properties": { "hex_id": "88608b0b3dfffff", "police_distance": 1271.2518554837172, "hospital_distance": 259.35938203677324, "railway_distance": 76.799121688573948, "metro_distance": 4.0688494987521038, "bus_stop_distance": 13.778355115987189, "restaurants": 0, "parks": 2, "schools": 2, "pharmacies": 2, "crime_count": 0 }, "geometry": { "type": "Polygon", "coordinates": [ [ [ 72.851192560064945, 19.07783936767019 ], [ 72.851197204341929, 19.082584661132881 ], [ 72.847152424029886, 19.084726920557841 ], [ 72.843103304053287, 19.082124026893371 ], [ 72.843098794099888, 19.077378993018794 ], [ 72.847143269807333, 19.075236593221192 ], [ 72.851192560064945, 19.07783936767019 ] ] ] } },
{ "type": "Feature", "properties": { "hex_id": "88608b19c9fffff", "police_distance": 5824.9896785413912, "hospital_distance": 4241.425411575623, "railway_distance": 3562.9043037451338, "metro_distance": 7389.7913008502819, "bus_stop_distance": 2053.6004680608103, "restaurants": 0, "parks": 0, "schools": 0, "pharmacies": 0, "crime_count": 0 }, "geometry": { "type": "Polygon", "coordinates": [ [ [ 72.907775010894582, 18.995586002519797 ], [ 72.907780592983002, 19.000335168333905 ], [ 72.903734168369724, 19.002482756159235 ], [ 72.899682465912207, 18.999881317808921 ], [ 72.899677018286056, 18.995132411515353 ], [ 72.903723138662968, 18.992984684052153 ], [ 72.907775010894582, 18.995586002519797 ] ] ] } },
{ "type": "Feature", "properties": { "hex_id": "88608b0923fffff", "police_distance": 1299.6552956561543, "hospital_distance": 195.81126164835351, "railway_distance": 605.81083318528306, "metro_distance": 589.21295528745884, "bus_stop_distance": 138.1975651634375, "restaurants": 3, "parks": 5, "schools": 1, "pharmacies": 1, "crime_count": 0 }, "geometry": { "type": "Polygon", "coordinates": [ [ [ 72.826965019265614, 19.133383932342692 ], [ 72.826969262352051, 19.138127066932004 ], [ 72.822924901505843, 19.140266236576441 ], [ 72.818876602385998, 19.137662412410325 ], [ 72.818872493582603, 19.132919537354109 ], [ 72.822916549623869, 19.130780226931531 ], [ 72.826965019265614, 19.133383932342692 ] ] ] } },
{ "type": "Feature", "properties": { "hex_id": "88608b18b5fffff", "police_distance": 1317.9922184683085, "hospital_distance": 341.72443819238686, "railway_distance": 93.042622983630139, "metro_distance": 2363.6018141405216, "bus_stop_distance": 752.03091523890532, "restaurants": 0, "parks": 0, "schools": 1, "pharmacies": 1, "crime_count": 0 }, "geometry": { "type": "Polygon", "coordinates": [ [ [ 72.847056334930841, 18.985055686565591 ], [ 72.84706090908702, 18.989803074846375 ], [ 72.843017640476489, 18.991948839437683 ], [ 72.838970102139541, 18.989347355723751 ], [ 72.83896566220443, 18.98460022743102 ], [ 72.843008626393058, 18.982454322864868 ], [ 72.847056334930841, 18.985055686565591 ] ] ] } },
{ "type": "Feature", "properties": { "hex_id": "88608b4459fffff", "police_distance": 1253.2507263147713, "hospital_distance": 826.11824297472901, "railway_distance": 931.41623794893337, "metro_distance": 3731.4052664143555, "bus_stop_distance": 1232.6991406716641, "restaurants": 0, "parks": 0, "schools": 0, "pharmacies": 0, "crime_count": 0 }, "geometry": { "type": "Polygon", "coordinates": [ [ [ 72.831056903372314, 19.183414527945228 ], [ 72.831061215111717, 19.188156577553066 ], [ 72.827015945581508, 19.190293918309319 ], [ 72.822966669217152, 19.187689350436159 ], [ 72.82296249182329, 19.182947560129904 ], [ 72.827007456456101, 19.180810078395837 ], [ 72.831056903372314, 19.183414527945228 ] ] ] } },
{ "type": "Feature", "properties": { "hex_id": "88608b19bbfffff", "police_distance": 976.57055400404022, "hospital_distance": 530.55497193552242, "railway_distance": 63.959909153368301, "metro_distance": 2590.3750248637398, "bus_stop_distance": 655.83281731239015, "restaurants": 0, "parks": 5, "schools": 1, "pharmacies": 1, "crime_count": 0 }, "geometry": { "type": "Polygon", "coordinates": [ [ [ 72.867323998712578, 19.021800533292588 ], [ 72.867328909778067, 19.026547718061689 ], [ 72.863284119031491, 19.02869278265878 ], [ 72.859234721657913, 19.026090802502146 ], [ 72.859229944925133, 19.021343877432852 ], [ 72.863274431241038, 19.01919867282103 ], [ 72.867323998712578, 19.021800533292588 ] ] ] } },
{ "type": "Feature", "properties": { "hex_id": "88608b5681fffff", "police_distance": 836.71094205424617, "hospital_distance": 321.16005074508058, "railway_distance": 1360.0612996772884, "metro_distance": 1876.5472360781891, "bus_stop_distance": 342.85451332074621, "restaurants": 0, "parks": 1, "schools": 0, "pharmacies": 0, "crime_count": 0 }, "geometry": { "type": "Polygon", "coordinates": [ [ [ 72.915959720598579, 19.067268697316496 ], [ 72.915965440022561, 19.072016409621437 ], [ 72.911917600792819, 19.074161476589044 ], [ 72.907864346506869, 19.071558971165718 ], [ 72.907858761643439, 19.066811518037785 ], [ 72.911906296513209, 19.06466631115676 ], [ 72.915959720598579, 19.067268697316496 ] ] ] } },
{ "type": "Feature", "properties": { "hex_id": "88608b4665fffff", "police_distance": 1418.8345574600698, "hospital_distance": 727.87593127926107, "railway_distance": 2253.0234555995389, "metro_distance": 2505.8960415069237, "bus_stop_distance": 600.69336004288277, "restaurants": 0, "parks": 0, "schools": 0, "pharmacies": 0, "crime_count": 0 }, "geometry": { "type": "Polygon", "coordinates": [ [ [ 72.883685979333563, 19.179326615519798 ], [ 72.883691164825549, 19.184070523296302 ], [ 72.8796433429806, 19.186209972787946 ], [ 72.875590640360414, 19.183605655129149 ], [ 72.875585589411045, 19.178862006303667 ], [ 72.879633106547089, 19.176722416186589 ], [ 72.883685979333563, 19.179326615519798 ] ] ] } },
{ "type": "Feature", "properties": { "hex_id": "88608b1931fffff", "police_distance": 1710.9791528128712, "hospital_distance": 1802.7440139943881, "railway_distance": 1335.7751076037573, "metro_distance": 5939.6738407911098, "bus_stop_distance": 910.34871142440909, "restaurants": 2, "parks": 1, "schools": 1, "pharmacies": 1, "crime_count": 0 }, "geometry": { "type": "Polygon", "coordinates": [ [ [ 72.928068534286041, 19.032339491077089 ], [ 72.928074454137814, 19.037088450455755 ], [ 72.924026508319443, 19.039235339973345 ], [ 72.919972946901169, 19.036633409790053 ], [ 72.919967161623248, 19.031884709642924 ], [ 72.924014803197551, 19.02973768044815 ], [ 72.928068534286041, 19.032339491077089 ] ] ] } },
{ "type": "Feature", "properties": { "hex_id": "88608b192bfffff", "police_distance": 603.87910278787854, "hospital_distance": 995.37470444030998, "railway_distance": 1580.2672227693149, "metro_distance": 6533.9520175182988, "bus_stop_distance": 578.86502128157315, "restaurants": 0, "parks": 0, "schools": 1, "pharmacies": 1, "crime_count": 0 }, "geometry": { "type": "Polygon", "coordinates": [ [ [ 72.944274124402227, 19.033248146473543 ], [ 72.944280313495426, 19.037997624138946 ], [ 72.94023155405641, 19.040145075421599 ], [ 72.936176909721766, 19.037543188617747 ], [ 72.936170855264891, 19.032793970066304 ], [ 72.940219310514124, 19.030646379205333 ], [ 72.944274124402227, 19.033248146473543 ] ] ] } },
{ "type": "Feature", "properties": { "hex_id": "88608b476bfffff", "police_distance": 3150.1922939216233, "hospital_distance": 2657.7066885166209, "railway_distance": 3488.2308101816388, "metro_distance": 4279.9059007585874, "bus_stop_distance": 2995.0700964110783, "restaurants": 0, "parks": 0, "schools": 0, "pharmacies": 0, "crime_count": 0 }, "geometry": { "type": "Polygon", "coordinates": [ [ [ 72.903982530124367, 19.216068138879976 ], [ 72.903988053483133, 19.22081182139544 ], [ 72.899938708068973, 19.222950567651232 ], [ 72.895884144020968, 19.22034577205357 ], [ 72.895878755316687, 19.215602348197802 ], [ 72.89992779601377, 19.213463461280522 ], [ 72.903982530124367, 19.216068138879976 ] ] ] } },
{ "type": "Feature", "properties": { "hex_id": "88608b5467fffff", "police_distance": 2787.8051924211468, "hospital_distance": 2070.8811131614998, "railway_distance": 2125.146657577825, "metro_distance": 7428.7635684152738, "bus_stop_distance": 1113.8128071048106, "restaurants": 0, "parks": 0, "schools": 0, "pharmacies": 0, "crime_count": 0 }, "geometry": { "type": "Polygon", "coordinates": [ [ [ 72.960619179141304, 19.133881409795421 ], [ 72.960625642098691, 19.1386289916849 ], [ 72.956574656706593, 19.140773080489964 ], [ 72.952517512710969, 19.138169727337587 ], [ 72.952511184546381, 19.13342240404355 ], [ 72.956561865592406, 19.131278175306949 ], [ 72.960619179141304, 19.133881409795421 ] ] ] } },
{ "type": "Feature", "properties": { "hex_id": "88608b444bfffff", "police_distance": 1228.7925269670304, "hospital_distance": 54.302536121943476, "railway_distance": 684.16877844144403, "metro_distance": 3261.5279892375693, "bus_stop_distance": 1277.4163943050492, "restaurants": 5, "parks": 2, "schools": 4, "pharmacies": 4, "crime_count": 0 }, "geometry": { "type": "Polygon", "coordinates": [ [ [ 72.843207074228658, 19.191228026172464 ], [ 72.843211587769517, 19.195970290500956 ], [ 72.839165604939183, 19.198107771358782 ], [ 72.83511541344852, 19.195503128824601 ], [ 72.835111034306948, 19.190761123681284 ], [ 72.839156712264625, 19.188623501887548 ], [ 72.843207074228658, 19.191228026172464 ] ] ] } },
{ "type": "Feature", "properties": { "hex_id": "88608b54ebfffff", "police_distance": 1902.1419843079268, "hospital_distance": 880.70188083036862, "railway_distance": 2080.2910039288595, "metro_distance": 2109.8655187932782, "bus_stop_distance": 192.60143601390686, "restaurants": 1, "parks": 3, "schools": 0, "pharmacies": 0, "crime_count": 0 }, "geometry": { "type": "Polygon", "coordinates": [ [ [ 72.903866581876812, 19.116423984672505 ], [ 72.903872101391983, 19.121170101236995 ], [ 72.899824167563992, 19.12331278269469 ], [ 72.895771018734536, 19.120709487801893 ], [ 72.895765633779931, 19.115963630301707 ], [ 72.89981326310199, 19.113820808630592 ], [ 72.903866581876812, 19.116423984672505 ] ] ] } },
{ "type": "Feature", "properties": { "hex_id": "88608b18a7fffff", "police_distance": 1887.8939293841618, "hospital_distance": 1302.5668529271859, "railway_distance": 424.92884821518948, "metro_distance": 3534.7772534072446, "bus_stop_distance": 456.16824157638905, "restaurants": 0, "parks": 0, "schools": 0, "pharmacies": 0, "crime_count": 0 }, "geometry": { "type": "Polygon", "coordinates": [ [ [ 72.859201287850539, 18.992859936350378 ], [ 72.859206063634204, 18.997607544161824 ], [ 72.855162082950443, 18.99975344911234 ], [ 72.851113630887994, 18.997151886185748 ], [ 72.851108989379, 18.992404538246291 ], [ 72.855152665665656, 18.990258493362102 ], [ 72.859201287850539, 18.992859936350378 ] ] ] } },
{ "type": "Feature", "properties": { "hex_id": "88608b42bbfffff", "police_distance": 5469.882513164619, "hospital_distance": 4895.4364082107177, "railway_distance": 5718.1788178642137, "metro_distance": 6083.2683109831487, "bus_stop_distance": 3850.5569361310559, "restaurants": 0, "parks": 0, "schools": 0, "pharmacies": 0, "crime_count": 0 }, "geometry": { "type": "Polygon", "coordinates": [ [ [ 72.924254913354062, 19.224347733510744 ], [ 72.924260773777505, 19.229091887459717 ], [ 72.920210308466892, 19.231231056215695 ], [ 72.916154287405206, 19.228626211592942 ], [ 72.916148561721258, 19.22388231612803 ], [ 72.920198722367317, 19.221743006802292 ], [ 72.924254913354062, 19.224347733510744 ] ] ] } },
{ "type": "Feature", "properties": { "hex_id": "88608b0145fffff", "police_distance": 421.66582059396916, "hospital_distance": 69.538050776555181, "railway_distance": 612.03687720150344, "metro_distance": 1379.7112641326362, "bus_stop_distance": 217.44889585614365, "restaurants": 12, "parks": 0, "schools": 5, "pharmacies": 5, "crime_count": 0 }, "geometry": { "type": "Polygon", "coordinates": [ [ [ 72.822762139551401, 18.955206379959638 ], [ 72.822766310309746, 18.959953667582614 ], [ 72.818724667251502, 18.962099711967817 ], [ 72.814679157883745, 18.959498608722189 ], [ 72.814675121225818, 18.954751581375657 ], [ 72.818716459843017, 18.952605396998987 ], [ 72.822762139551401, 18.955206379959638 ] ] ] } },
{ "type": "Feature", "properties": { "hex_id": "88608b46e1fffff", "police_distance": 1454.6477147343585, "hospital_distance": 1614.3143951991115, "railway_distance": 1865.5566563747889, "metro_distance": 3157.3752190947985, "bus_stop_distance": 2051.6259842263275, "restaurants": 0, "parks": 0, "schools": 0, "pharmacies": 0, "crime_count": 0 }, "geometry": { "type": "Polygon", "coordinates": [ [ [ 72.822949960472116, 19.16872149370942 ], [ 72.822954137450793, 19.173463631705804 ], [ 72.818909477713504, 19.175601254410356 ], [ 72.814860945899056, 19.172996880082245 ], [ 72.81485690322117, 19.168255001503585 ], [ 72.818901258064798, 19.166117237835937 ], [ 72.822949960472116, 19.16872149370942 ] ] ] } },
{ "type": "Feature", "properties": { "hex_id": "88608b0b21fffff", "police_distance": 2307.8576541254997, "hospital_distance": 742.5486427869339, "railway_distance": 905.53228508524887, "metro_distance": 866.1664999115161, "bus_stop_distance": 682.64061261262862, "restaurants": 0, "parks": 0, "schools": 0, "pharmacies": 0, "crime_count": 0 }, "geometry": { "type": "Polygon", "coordinates": [ [ [ 72.86334225925421, 19.085647844888559 ], [ 72.863347105316123, 19.09039335548248 ], [ 72.859301612533201, 19.092535755273161 ], [ 72.855251578275897, 19.089932784801594 ], [ 72.855246866591244, 19.085187533679505 ], [ 72.859292054794466, 19.08304499355777 ], [ 72.86334225925421, 19.085647844888559 ] ] ] } },
{ "type": "Feature", "properties": { "hex_id": "88608b19adfffff", "police_distance": 2224.6937033312165, "hospital_distance": 176.50254675314414, "railway_distance": 487.61436269688431, "metro_distance": 4744.0406840721353, "bus_stop_distance": 501.3903562959498, "restaurants": 0, "parks": 0, "schools": 2, "pharmacies": 2, "crime_count": 0 }, "geometry": { "type": "Polygon", "coordinates": [ [ [ 72.899726053419116, 19.03786846865955 ], [ 72.899731502669837, 19.04261634916179 ], [ 72.895684880870519, 19.044761975736847 ], [ 72.891633114181928, 19.042159861692745 ], [ 72.891627799402428, 19.037412240599053 ], [ 72.895674116848099, 19.035266474141508 ], [ 72.899726053419116, 19.03786846865955 ] ] ] } },
{ "type": "Feature", "properties": { "hex_id": "88608b4551fffff", "police_distance": 1655.3036869065879, "hospital_distance": 235.3561749330799, "railway_distance": 862.39753326699235, "metro_distance": 1611.377589767068, "bus_stop_distance": 153.61363091494101, "restaurants": 7, "parks": 3, "schools": 1, "pharmacies": 1, "crime_count": 0 }, "geometry": { "type": "Polygon", "coordinates": [ [ [ 72.855402434643835, 19.241719864792216 ], [ 72.855407151483632, 19.246461294803844 ], [ 72.851359851017094, 19.248597226084907 ], [ 72.84730813865707, 19.245991868439742 ], [ 72.847303556310493, 19.241250697322215 ], [ 72.851350551838564, 19.239114624956308 ], [ 72.855402434643835, 19.241719864792216 ] ] ] } },
{ "type": "Feature", "properties": { "hex_id": "88608b54e3fffff", "police_distance": 1325.2839692157454, "hospital_distance": 560.57654716479044, "railway_distance": 1339.8944043757263, "metro_distance": 1337.9291514588879, "bus_stop_distance": 103.26739606574436, "restaurants": 0, "parks": 1, "schools": 1, "pharmacies": 1, "crime_count": 0 }, "geometry": { "type": "Polygon", "coordinates": [ [ [ 72.899824167563992, 19.12331278269469 ], [ 72.899829620066029, 19.128058596778207 ], [ 72.895781789179196, 19.130200856903564 ], [ 72.891728810332609, 19.127597443216196 ], [ 72.89172349238217, 19.122851888197498 ], [ 72.895771018734536, 19.120709487801893 ], [ 72.899824167563992, 19.12331278269469 ] ] ] } },
{ "type": "Feature", "properties": { "hex_id": "88608b4657fffff", "police_distance": 707.20236042531383, "hospital_distance": 514.94884943675083, "railway_distance": 308.60600427823988, "metro_distance": 1574.0707440533376, "bus_stop_distance": 303.36597653084061, "restaurants": 0, "parks": 0, "schools": 0, "pharmacies": 0, "crime_count": 1 }, "geometry": { "type": "Polygon", "coordinates": [ [ [ 72.851262240377551, 19.149006696610211 ], [ 72.851266886963103, 19.153750262923701 ], [ 72.847221100035384, 19.155889712851629 ], [ 72.843170971285417, 19.153285737161319 ], [ 72.843166459090355, 19.148542430148279 ], [ 72.8472119412626, 19.146402839525699 ], [ 72.851262240377551, 19.149006696610211 ] ] ] } },
{ "type": "Feature", "properties": { "hex_id": "88608b1923fffff", "police_distance": 898.3034188384654, "hospital_distance": 1373.8750113911851, "railway_distance": 806.51977392906724, "metro_distance": 5660.3033145117033, "bus_stop_distance": 336.5666467172768, "restaurants": 2, "parks": 6, "schools": 0, "pharmacies": 0, "crime_count": 0 }, "geometry": { "type": "Polygon", "coordinates": [ [ [ 72.94023155405641, 19.040145075421599 ], [ 72.9402376761319, 19.044894252085918 ], [ 72.936189019237517, 19.047041282830953 ], [ 72.932134544493906, 19.044439276547745 ], [ 72.932128557045857, 19.039690358998293 ], [ 72.936176909721766, 19.037543188617747 ], [ 72.94023155405641, 19.040145075421599 ] ] ] } },
{ "type": "Feature", "properties": { "hex_id": "88608b0907fffff", "police_distance": 759.89382079553093, "hospital_distance": 425.86810916250477, "railway_distance": 1004.8732119511345, "metro_distance": 962.06205691592027, "bus_stop_distance": 283.18760110124902, "restaurants": 3, "parks": 3, "schools": 0, "pharmacies": 0, "crime_count": 0 }, "geometry": { "type": "Polygon", "coordinates": [ [ [ 72.826952290849661, 19.119153836843225 ], [ 72.826956533514448, 19.123897317237496 ], [ 72.822912373890389, 19.12603704914498 ], [ 72.818864276384133, 19.123433441372715 ], [ 72.818860167989016, 19.11869022056916 ], [ 72.822904022838344, 19.116550347947822 ], [ 72.826952290849661, 19.119153836843225 ] ] ] } },
{ "type": "Feature", "properties": { "hex_id": "88608b475dfffff", "police_distance": 1901.3214066708804, "hospital_distance": 1359.9185101798246, "railway_distance": 2717.8503269001071, "metro_distance": 4163.8184813056678, "bus_stop_distance": 2160.3946583547272, "restaurants": 0, "parks": 0, "schools": 0, "pharmacies": 0, "crime_count": 0 }, "geometry": { "type": "Polygon", "coordinates": [ [ [ 72.891803280148252, 19.194023072873147 ], [ 72.891808600743275, 19.198766891086279 ], [ 72.887760169475527, 19.200906059305169 ], [ 72.883706722332818, 19.198301549951463 ], [ 72.883701536325148, 19.193557990572895 ], [ 72.88774966288068, 19.191418681714016 ], [ 72.891803280148252, 19.194023072873147 ] ] ] } },
{ "type": "Feature", "properties": { "hex_id": "88608b55e9fffff", "police_distance": 729.32990321490922, "hospital_distance": 362.91480978273063, "railway_distance": 2061.3000399443204, "metro_distance": 7036.4200132420901, "bus_stop_distance": 252.75052721292352, "restaurants": 1, "parks": 4, "schools": 3, "pharmacies": 3, "crime_count": 0 }, "geometry": { "type": "Polygon", "coordinates": [ [ [ 72.940396921343549, 19.168332520281488 ], [ 72.940403048901004, 19.173078587330309 ], [ 72.936352576295945, 19.175220568534346 ], [ 72.932296280630837, 19.1726166229057 ], [ 72.932290287821672, 19.167870814455284 ], [ 72.936340455937142, 19.165728693035664 ], [ 72.940396921343549, 19.168332520281488 ] ] ] } },
{ "type": "Feature", "properties": { "hex_id": "88608b5459fffff", "police_distance": 2932.8524428829064, "hospital_distance": 1838.5357861686034, "railway_distance": 2478.1908747188172, "metro_distance": 3405.3563451445702, "bus_stop_distance": 1500.1007230988841, "restaurants": 0, "parks": 0, "schools": 0, "pharmacies": 0, "crime_count": 0 }, "geometry": { "type": "Polygon", "coordinates": [ [ [ 72.944348407061383, 19.090234321530154 ], [ 72.944354598616783, 19.094982423620209 ], [ 72.940305032356179, 19.097127633044028 ], [ 72.936249578858181, 19.094524880215658 ], [ 72.936243521992793, 19.089777037011032 ], [ 72.940292783943178, 19.087631687749891 ], [ 72.944348407061383, 19.090234321530154 ] ] ] } },
{ "type": "Feature", "properties": { "hex_id": "88608b0a0dfffff", "police_distance": 57.85998921790469, "hospital_distance": 144.10518799883792, "railway_distance": 430.71173398544516, "metro_distance": 900.20958476769158, "bus_stop_distance": 31.997088657388758, "restaurants": 1, "parks": 1, "schools": 5, "pharmacies": 5, "crime_count": 0 }, "geometry": { "type": "Polygon", "coordinates": [ [ [ 72.83899230402055, 19.013081293486064 ], [ 72.838996744837885, 19.017827739870725 ], [ 72.834953481791871, 19.019972103248666 ], [ 72.830906082445082, 19.017370160397117 ], [ 72.830901775844197, 19.012623973945203 ], [ 72.834944734381466, 19.010479470412758 ], [ 72.83899230402055, 19.013081293486064 ] ] ] } },
{ "type": "Feature", "properties": { "hex_id": "88608b4559fffff", "police_distance": 824.18850310334449, "hospital_distance": 85.224503275729418, "railway_distance": 854.97843923872017, "metro_distance": 846.55933235962914, "bus_stop_distance": 362.02167325483879, "restaurants": 0, "parks": 3, "schools": 1, "pharmacies": 1, "crime_count": 2 }, "geometry": { "type": "Polygon", "coordinates": [ [ [ 72.859445054646329, 19.234841776510994 ], [ 72.859449838506634, 19.239583511084042 ], [ 72.855402434643835, 19.241719864792216 ], [ 72.851350551838564, 19.239114624956308 ], [ 72.851345902480475, 19.234373149277374 ], [ 72.855393001433256, 19.232236654540788 ], [ 72.859445054646329, 19.234841776510994 ] ] ] } },
{ "type": "Feature", "properties": { "hex_id": "88608b19b5fffff", "police_distance": 1549.2320810416079, "hospital_distance": 848.42299070037075, "railway_distance": 225.75674196625829, "metro_distance": 2852.1630876472436, "bus_stop_distance": 278.7282411887382, "restaurants": 0, "parks": 2, "schools": 0, "pharmacies": 0, "crime_count": 0 }, "geometry": { "type": "Polygon", "coordinates": [ [ [ 72.875434138734931, 19.036498878866873 ], [ 72.875439184665865, 19.041245980967716 ], [ 72.871393785052717, 19.043390765511742 ], [ 72.867343643950633, 19.040788587986043 ], [ 72.867338732397101, 19.036041745469479 ], [ 72.871383827576082, 19.033896820894974 ], [ 72.875434138734931, 19.036498878866873 ] ] ] } },
{ "type": "Feature", "properties": { "hex_id": "88608b0b29fffff", "police_distance": 1841.6067246822436, "hospital_distance": 322.61662845721895, "railway_distance": 1716.6284461598648, "metro_distance": 1703.178987437142, "bus_stop_distance": 371.86507367814238, "restaurants": 0, "parks": 2, "schools": 0, "pharmacies": 0, "crime_count": 0 }, "geometry": { "type": "Polygon", "coordinates": [ [ [ 72.86738294223683, 19.078759211566897 ], [ 72.867387855254947, 19.083505024030501 ], [ 72.86334225925421, 19.085647844888559 ], [ 72.859292054794466, 19.08304499355777 ], [ 72.859287276162547, 19.078299440565395 ], [ 72.863332567612005, 19.076156479433198 ], [ 72.86738294223683, 19.078759211566897 ] ] ] } },
{ "type": "Feature", "properties": { "hex_id": "88608b1899fffff", "police_distance": 728.02501567176751, "hospital_distance": 36.452784544487216, "railway_distance": 130.08412001691508, "metro_distance": 1351.3337135382328, "bus_stop_distance": 267.92229275835734, "restaurants": 2, "parks": 1, "schools": 0, "pharmacies": 0, "crime_count": 20 }, "geometry": { "type": "Polygon", "coordinates": [ [ [ 72.84297708180155, 18.949219945452349 ], [ 72.84298158772414, 18.953968053108543 ], [ 72.838939025680816, 18.95611507762602 ], [ 72.834892262082562, 18.953514134323814 ], [ 72.83488789033197, 18.948766286826469 ], [ 72.838930148015464, 18.946619122473173 ], [ 72.84297708180155, 18.949219945452349 ] ] ] } },
{ "type": "Feature", "properties": { "hex_id": "88608b46e9fffff", "police_distance": 1565.6765070384615, "hospital_distance": 1229.1028299779348, "railway_distance": 1265.7183120210711, "metro_distance": 2285.0504933488482, "bus_stop_distance": 1324.5169242157062, "restaurants": 0, "parks": 0, "schools": 0, "pharmacies": 0, "crime_count": 0 }, "geometry": { "type": "Polygon", "coordinates": [ [ [ 72.826990479892771, 19.16184100781393 ], [ 72.826994723822693, 19.166583449151961 ], [ 72.822949960472116, 19.16872149370942 ], [ 72.818901258064798, 19.166117237835937 ], [ 72.818897148444663, 19.161375055915464 ], [ 72.822941606929902, 19.159236870451551 ], [ 72.826990479892771, 19.16184100781393 ] ] ] } },
{ "type": "Feature", "properties": { "hex_id": "88608b4543fffff", "police_distance": 653.91816845321864, "hospital_distance": 206.03198457197414, "railway_distance": 348.78118952598658, "metro_distance": 1918.9153493687124, "bus_stop_distance": 422.43094145561736, "restaurants": 1, "parks": 3, "schools": 1, "pharmacies": 1, "crime_count": 0 }, "geometry": { "type": "Polygon", "coordinates": [ [ [ 72.867559913493793, 19.249535729803398 ], [ 72.867564832376814, 19.254277372745001 ], [ 72.86351681868878, 19.256413444375095 ], [ 72.859464191039024, 19.25380801410672 ], [ 72.859459406702996, 19.249066629942522 ], [ 72.863507115477546, 19.246930417269851 ], [ 72.867559913493793, 19.249535729803398 ] ] ] } },
{ "type": "Feature", "properties": { "hex_id": "88608b0b13fffff", "police_distance": 641.20382525450941, "hospital_distance": 211.9577630570281, "railway_distance": 1429.7035299750441, "metro_distance": 2535.1520249782684, "bus_stop_distance": 255.63318575109352, "restaurants": 10, "parks": 1, "schools": 7, "pharmacies": 7, "crime_count": 15 }, "geometry": { "type": "Polygon", "coordinates": [ [ [ 72.830940540386806, 19.055335548427546 ], [ 72.830944848271443, 19.06008070806822 ], [ 72.826901389832173, 19.062223108078339 ], [ 72.822853928141811, 19.059620488847017 ], [ 72.822849754482363, 19.054875589026224 ], [ 72.826892908295918, 19.052733048617512 ], [ 72.830940540386806, 19.055335548427546 ] ] ] } },
{ "type": "Feature", "properties": { "hex_id": "88608b4093fffff", "police_distance": 1984.8391495238191, "hospital_distance": 1420.9962632307759, "railway_distance": 1170.8421500136717, "metro_distance": 3582.1291347560659, "bus_stop_distance": 1018.8784917937152, "restaurants": 0, "parks": 0, "schools": 0, "pharmacies": 0, "crime_count": 0 }, "geometry": { "type": "Polygon", "coordinates": [ [ [ 72.88782322367517, 19.257820539134642 ], [ 72.887828479324213, 19.262562653252949 ], [ 72.883779344493817, 19.264699146934742 ], [ 72.879725258883738, 19.262093667449587 ], [ 72.879720137866769, 19.25735181193339 ], [ 72.883768967835636, 19.255215177300734 ], [ 72.88782322367517, 19.257820539134642 ] ] ] } },
{ "type": "Feature", "properties": { "hex_id": "88608b4649fffff", "police_distance": 2194.9945288699455, "hospital_distance": 185.79000304798046, "railway_distance": 1895.7155335535176, "metro_distance": 1902.664111465866, "bus_stop_distance": 888.5930291000825, "restaurants": 0, "parks": 0, "schools": 0, "pharmacies": 0, "crime_count": 0 }, "geometry": { "type": "Polygon", "coordinates": [ [ [ 72.879597284372778, 19.143512318185579 ], [ 72.87960240131747, 19.14825696502265 ], [ 72.875555287230114, 19.15039767965078 ], [ 72.871503360852756, 19.147793887932469 ], [ 72.87149837840154, 19.143049500220208 ], [ 72.875545187842008, 19.140908645102019 ], [ 72.879597284372778, 19.143512318185579 ] ] ] } },
{ "type": "Feature", "properties": { "hex_id": "88608b54d5fffff", "police_distance": 1698.0554931310151, "hospital_distance": 298.07564542217608, "railway_distance": 458.56365547440561, "metro_distance": 630.7767934812266, "bus_stop_distance": 295.94555546994309, "restaurants": 8, "parks": 2, "schools": 0, "pharmacies": 0, "crime_count": 0 }, "geometry": { "type": "Polygon", "coordinates": [ [ [ 72.88764988495835, 19.101265486895613 ], [ 72.88765513486176, 19.106011430687694 ], [ 72.883608217573496, 19.108154111601358 ], [ 72.879556354919188, 19.105550988971185 ], [ 72.879551239500344, 19.10080530441801 ], [ 72.883597852259058, 19.098662483256671 ], [ 72.88764988495835, 19.101265486895613 ] ] ] } },
{ "type": "Feature", "properties": { "hex_id": "88608b1915fffff", "police_distance": 2979.9998106800654, "hospital_distance": 3277.8018174928548, "railway_distance": 2807.7633636173555, "metro_distance": 7467.1948239383482, "bus_stop_distance": 1780.3589870747376, "restaurants": 0, "parks": 1, "schools": 0, "pharmacies": 0, "crime_count": 0 }, "geometry": { "type": "Polygon", "coordinates": [ [ [ 72.928050775907678, 19.018091928009181 ], [ 72.92805669517098, 19.02284122979265 ], [ 72.924008950927501, 19.024988679420947 ], [ 72.91995559164252, 19.022386966878553 ], [ 72.919949806939698, 19.017637924383575 ], [ 72.923997246969179, 19.015490335143102 ], [ 72.928050775907678, 19.018091928009181 ] ] ] } },
{ "type": "Feature", "properties": { "hex_id": "88608b55dbfffff", "police_distance": 2731.0381714455543, "hospital_distance": 1506.0787353465871, "railway_distance": 2313.8743175891182, "metro_distance": 2319.9502032991609, "bus_stop_distance": 537.3133692478234, "restaurants": 0, "parks": 0, "schools": 0, "pharmacies": 0, "crime_count": 0 }, "geometry": { "type": "Polygon", "coordinates": [ [ [ 72.907942554032175, 19.138011247093143 ], [ 72.907948141672719, 19.142756973801905 ], [ 72.903899701712135, 19.144898953364379 ], [ 72.899845978656487, 19.142295346503801 ], [ 72.899840525612262, 19.137549878743677 ], [ 72.903888661035182, 19.135407758896054 ], [ 72.907942554032175, 19.138011247093143 ] ] ] } },
{ "type": "Feature", "properties": { "hex_id": "88608b014dfffff", "police_distance": 976.7060679241946, "hospital_distance": 139.10625004038607, "railway_distance": 190.92098214927924, "metro_distance": 528.35927727639262, "bus_stop_distance": 190.28535394878352, "restaurants": 1, "parks": 3, "schools": 0, "pharmacies": 0, "crime_count": 0 }, "geometry": { "type": "Polygon", "coordinates": [ [ [ 72.826799648460607, 18.948312328295057 ], [ 72.826803886070479, 18.953059915575121 ], [ 72.822762139551401, 18.955206379959638 ], [ 72.818716459843017, 18.952605396998987 ], [ 72.818712356342587, 18.947858069994556 ], [ 72.8227537984489, 18.945711465675863 ], [ 72.826799648460607, 18.948312328295057 ] ] ] } },
{ "type": "Feature", "properties": { "hex_id": "88608b544bfffff", "police_distance": 2597.8021569113594, "hospital_distance": 2298.2684379176458, "railway_distance": 2860.4453473625681, "metro_distance": 4868.821793103346, "bus_stop_distance": 2298.8733471073037, "restaurants": 0, "parks": 0, "schools": 0, "pharmacies": 0, "crime_count": 0 }, "geometry": { "type": "Polygon", "coordinates": [ [ [ 72.956517103371695, 19.098042371662647 ], [ 72.956523497338637, 19.10279068936228 ], [ 72.952473219964531, 19.104936040170827 ], [ 72.948416852915699, 19.102333213075667 ], [ 72.948410593692316, 19.097585154144507 ], [ 72.952460566781994, 19.095439663540571 ], [ 72.956517103371695, 19.098042371662647 ] ] ] } },
{ "type": "Feature", "properties": { "hex_id": "88608b0129fffff", "police_distance": 1233.4941371224672, "hospital_distance": 648.03912998141902, "railway_distance": 1632.6168606628557, "metro_distance": 2118.8057954904516, "bus_stop_distance": 573.84180841515001, "restaurants": 4, "parks": 1, "schools": 1, "pharmacies": 1, "crime_count": 0 }, "geometry": { "type": "Polygon", "coordinates": [ [ [ 72.810649832638006, 18.9758842162503 ], [ 72.810653802848876, 18.980630604159348 ], [ 72.806612470403635, 18.982775388142713 ], [ 72.802567472281197, 18.98017392438113 ], [ 72.80256363614383, 18.975427796750971 ], [ 72.806604664063244, 18.973282872604205 ], [ 72.810649832638006, 18.9758842162503 ] ] ] } },
{ "type": "Feature", "properties": { "hex_id": "88608b56e1fffff", "police_distance": 2256.7164318860027, "hospital_distance": 1200.2152318229112, "railway_distance": 2658.6689179216382, "metro_distance": 2656.8598656928821, "bus_stop_distance": 1297.8548848497667, "restaurants": 0, "parks": 0, "schools": 0, "pharmacies": 0, "crime_count": 0 }, "geometry": { "type": "Polygon", "coordinates": [ [ [ 72.936225352601198, 19.075532817952656 ], [ 72.93623140886433, 19.080281005818481 ], [ 72.932182451222744, 19.082426494909448 ], [ 72.928127741633162, 19.079823935957304 ], [ 72.928121820015392, 19.075076007092978 ], [ 72.932170473349657, 19.072930378179841 ], [ 72.936225352601198, 19.075532817952656 ] ] ] } },
{ "type": "Feature", "properties": { "hex_id": "88608b4453fffff", "police_distance": 2578.2565406801259, "hospital_distance": 541.56369806704117, "railway_distance": 2059.6903238523032, "metro_distance": 5190.918440124311, "bus_stop_distance": 730.25823434568929, "restaurants": 0, "parks": 0, "schools": 0, "pharmacies": 0, "crime_count": 0 }, "geometry": { "type": "Polygon", "coordinates": [ [ [ 72.81892180820779, 19.189826410194957 ], [ 72.818925918644922, 19.194567896793167 ], [ 72.814881161297592, 19.196704534511053 ], [ 72.810832598473169, 19.194099826714968 ], [ 72.810828622341191, 19.189358599476684 ], [ 72.81487307473634, 19.187221820675195 ], [ 72.81892180820779, 19.189826410194957 ] ] ] } },
{ "type": "Feature", "properties": { "hex_id": "88608b5551fffff", "police_distance": 2070.6888771341328, "hospital_distance": 1842.735733849084, "railway_distance": 1947.276684191351, "metro_distance": 8750.9690804864149, "bus_stop_distance": 806.42209967604697, "restaurants": 0, "parks": 0, "schools": 0, "pharmacies": 0, "crime_count": 0 }, "geometry": { "type": "Polygon", "coordinates": [ [ [ 72.96874791607695, 19.148583285629655 ], [ 72.968754514514771, 19.153330778968641 ], [ 72.964702920426333, 19.155474587888623 ], [ 72.960645032256721, 19.152871043416305 ], [ 72.960638568656407, 19.148123808556299 ], [ 72.964689858395985, 19.145979859690129 ], [ 72.96874791607695, 19.148583285629655 ] ] ] } },
{ "type": "Feature", "properties": { "hex_id": "88608b46c5fffff", "police_distance": 1674.3732948191243, "hospital_distance": 1306.5034739827806, "railway_distance": 1801.1701540405347, "metro_distance": 1931.9487540653752, "bus_stop_distance": 1076.5836888489655, "restaurants": 0, "parks": 0, "schools": 0, "pharmacies": 0, "crime_count": 0 }, "geometry": { "type": "Polygon", "coordinates": [ [ [ 72.822937430366366, 19.154494385311541 ], [ 72.822941606929902, 19.159236870451551 ], [ 72.818897148444663, 19.161375055915464 ], [ 72.814848818267151, 19.158770897139068 ], [ 72.814844775991006, 19.154028671474656 ], [ 72.818888929612811, 19.151890345111688 ], [ 72.822937430366366, 19.154494385311541 ] ] ] } },
{ "type": "Feature", "properties": { "hex_id": "88608b0b05fffff", "police_distance": 1006.9657075285869, "hospital_distance": 301.48668008508025, "railway_distance": 1117.6640799513539, "metro_distance": 1341.5931502210085, "bus_stop_distance": 163.5617045715976, "restaurants": 0, "parks": 0, "schools": 0, "pharmacies": 0, "crime_count": 0 }, "geometry": { "type": "Polygon", "coordinates": [ [ [ 72.863327722031713, 19.071410624693637 ], [ 72.863332567612005, 19.076156479433198 ], [ 72.859287276162547, 19.078299440565395 ], [ 72.855237443690186, 19.075696687225062 ], [ 72.855232732473766, 19.070951092014621 ], [ 72.859277719373651, 19.068807990616001 ], [ 72.863327722031713, 19.071410624693637 ] ] ] } },
{ "type": "Feature", "properties": { "hex_id": "88608b1991fffff", "police_distance": 2437.6107459565142, "hospital_distance": 387.51752356202229, "railway_distance": 846.36270925452618, "metro_distance": 2966.6752259868863, "bus_stop_distance": 1180.5869177168902, "restaurants": 0, "parks": 0, "schools": 0, "pharmacies": 0, "crime_count": 0 }, "geometry": { "type": "Polygon", "coordinates": [ [ [ 72.867309266492072, 19.007558295457354 ], [ 72.867314177069602, 19.012305821929328 ], [ 72.863269587586458, 19.014451446988566 ], [ 72.859220391934201, 19.01184968552608 ], [ 72.859215615675993, 19.007102418810778 ], [ 72.863259900758578, 19.004956653801923 ], [ 72.867309266492072, 19.007558295457354 ] ] ] } },
{ "type": "Feature", "properties": { "hex_id": "88608b5657fffff", "police_distance": 2531.0860721847907, "hospital_distance": 2413.4096382066068, "railway_distance": 2478.0320535320448, "metro_distance": 6301.6886572711137, "bus_stop_distance": 2716.1214208339034, "restaurants": 0, "parks": 0, "schools": 0, "pharmacies": 0, "crime_count": 0 }, "geometry": { "type": "Polygon", "coordinates": [ [ [ 72.96456581229917, 19.055756925313119 ], [ 72.964572339093266, 19.060506535482215 ], [ 72.960522260489427, 19.062653849073303 ], [ 72.956465959266097, 19.060051692047765 ], [ 72.956459567206508, 19.055302340759859 ], [ 72.960509341643544, 19.053154887616834 ], [ 72.96456581229917, 19.055756925313119 ] ] ] } },
{ "type": "Feature", "properties": { "hex_id": "88608b54c7fffff", "police_distance": 2044.0660132313633, "hospital_distance": 513.25426569253784, "railway_distance": 1182.2158695296164, "metro_distance": 1674.9063518187274, "bus_stop_distance": 784.30574976432467, "restaurants": 0, "parks": 1, "schools": 0, "pharmacies": 0, "crime_count": 0 }, "geometry": { "type": "Polygon", "coordinates": [ [ [ 72.89980781114204, 19.109074648771895 ], [ 72.89981326310199, 19.113820808630592 ], [ 72.895765633779931, 19.115963630301707 ], [ 72.89171285701002, 19.113360432320569 ], [ 72.891707539588282, 19.108614531584195 ], [ 72.89575486440603, 19.106471569707203 ], [ 72.89980781114204, 19.109074648771895 ] ] ] } },
{ "type": "Feature", "properties": { "hex_id": "88608b463bfffff", "police_distance": 506.45061333855176, "hospital_distance": 430.18183403573732, "railway_distance": 205.43288547675465, "metro_distance": 2494.9842560771572, "bus_stop_distance": 1273.9065902614914, "restaurants": 0, "parks": 5, "schools": 0, "pharmacies": 0, "crime_count": 0 }, "geometry": { "type": "Polygon", "coordinates": [ [ [ 72.839138928683298, 19.169653570749581 ], [ 72.839143374357647, 19.174396227406707 ], [ 72.835097897752817, 19.176534412029309 ], [ 72.831048280322108, 19.173930080860075 ], [ 72.831043969011276, 19.169187683504155 ], [ 72.835089140775466, 19.167049358016893 ], [ 72.839138928683298, 19.169653570749581 ] ] ] } },
{ "type": "Feature", "properties": { "hex_id": "88608b1907fffff", "police_distance": 1461.0023605727438, "hospital_distance": 1813.1511808026364, "railway_distance": 2281.081321980098, "metro_distance": 7056.0777091452064, "bus_stop_distance": 1461.3380352096938, "restaurants": 0, "parks": 0, "schools": 0, "pharmacies": 0, "crime_count": 0 }, "geometry": { "type": "Polygon", "coordinates": [ [ [ 72.940213189047284, 19.025896859775656 ], [ 72.940219310514124, 19.030646379205333 ], [ 72.936170855264891, 19.032793970066304 ], [ 72.932116582744982, 19.030192181068767 ], [ 72.932110595892169, 19.025442920810931 ], [ 72.936158746953041, 19.023295190379393 ], [ 72.940213189047284, 19.025896859775656 ] ] ] } },
{ "type": "Feature", "properties": { "hex_id": "88608b4741fffff", "police_distance": 2849.7784934642541, "hospital_distance": 2420.672620871936, "railway_distance": 3761.3079808313205, "metro_distance": 5140.0517051757124, "bus_stop_distance": 2908.6325307709135, "restaurants": 0, "parks": 0, "schools": 0, "pharmacies": 0, "crime_count": 0 }, "geometry": { "type": "Polygon", "coordinates": [ [ [ 72.903965961146781, 19.201836392485639 ], [ 72.903971483956212, 19.206580424364326 ], [ 72.899922340257476, 19.208719733352137 ], [ 72.895867978444045, 19.206115151059624 ], [ 72.895862590275684, 19.201371377898678 ], [ 72.899911429287499, 19.19923192831304 ], [ 72.903965961146781, 19.201836392485639 ] ] ] } },
{ "type": "Feature", "properties": { "hex_id": "88608b55cdfffff", "police_distance": 773.81684067186461, "hospital_distance": 585.46552200573035, "railway_distance": 1100.5009130831058, "metro_distance": 6169.1910845335287, "bus_stop_distance": 127.13040457106912, "restaurants": 0, "parks": 2, "schools": 2, "pharmacies": 2, "crime_count": 0 }, "geometry": { "type": "Polygon", "coordinates": [ [ [ 72.940378539890148, 19.154093623597678 ], [ 72.940384666838142, 19.158840038354285 ], [ 72.936334396059138, 19.160982581370721 ], [ 72.932278302799389, 19.158378849782629 ], [ 72.932272310586256, 19.153632693682113 ], [ 72.936322276905827, 19.151490010514138 ], [ 72.940378539890148, 19.154093623597678 ] ] ] } },
{ "type": "Feature", "properties": { "hex_id": "88608b543dfffff", "police_distance": 1842.5936253585403, "hospital_distance": 483.13660812949979, "railway_distance": 797.87555403379372, "metro_distance": 5068.3381876558187, "bus_stop_distance": 336.49199495238736, "restaurants": 0, "parks": 3, "schools": 1, "pharmacies": 1, "crime_count": 0 }, "geometry": { "type": "Polygon", "coordinates": [ [ [ 72.936298041009849, 19.132503480399475 ], [ 72.93630409968253, 19.137250286326012 ], [ 72.932254335138794, 19.139393531054765 ], [ 72.928198816357948, 19.136790109937525 ], [ 72.928192892384359, 19.132043562782961 ], [ 72.932242352500282, 19.129900177974182 ], [ 72.936298041009849, 19.132503480399475 ] ] ] } },
{ "type": "Feature", "properties": { "hex_id": "88608b4421fffff", "police_distance": 2694.8569945742884, "hospital_distance": 1062.9516844415439, "railway_distance": 1125.5238172380898, "metro_distance": 3352.5418276825035, "bus_stop_distance": 726.27048670813542, "restaurants": 0, "parks": 1, "schools": 0, "pharmacies": 0, "crime_count": 0 }, "geometry": { "type": "Polygon", "coordinates": [ [ [ 72.835150451805617, 19.233434983900437 ], [ 72.835154832253423, 19.238175941616191 ], [ 72.831108653675784, 19.240311451418219 ], [ 72.827058399648067, 19.237706144681315 ], [ 72.827054153608316, 19.232965446034559 ], [ 72.831100027196086, 19.230829795056291 ], [ 72.835150451805617, 19.233434983900437 ] ] ] } },
{ "type": "Feature", "properties": { "hex_id": "88608b4291fffff", "police_distance": 5022.0587237020136, "hospital_distance": 3680.0995907457618, "railway_distance": 5637.5181769993123, "metro_distance": 6497.203188613481, "bus_stop_distance": 2929.9370114641506, "restaurants": 0, "parks": 0, "schools": 0, "pharmacies": 0, "crime_count": 0 }, "geometry": { "type": "Polygon", "coordinates": [ [ [ 72.924237333249707, 19.210114571978654 ], [ 72.924243193090177, 19.214859075709423 ], [ 72.920192929605662, 19.216998807143288 ], [ 72.916137110922875, 19.214394175352975 ], [ 72.916131385808427, 19.209649930164325 ], [ 72.920181344658573, 19.207510058224404 ], [ 72.924237333249707, 19.210114571978654 ] ] ] } },
{ "type": "Feature", "properties": { "hex_id": "88608b56d3fffff", "police_distance": 1333.0181147422013, "hospital_distance": 345.38486531961991, "railway_distance": 530.47249515336227, "metro_distance": 4373.432276252297, "bus_stop_distance": 618.95464105020972, "restaurants": 3, "parks": 2, "schools": 0, "pharmacies": 0, "crime_count": 0 }, "geometry": { "type": "Polygon", "coordinates": [ [ [ 72.903783811095266, 19.045218441849595 ], [ 72.903789327867486, 19.049966280573411 ], [ 72.899742401712928, 19.052111767258186 ], [ 72.895690263149206, 19.049509555109999 ], [ 72.895684880870519, 19.044761975736847 ], [ 72.899731502669837, 19.04261634916179 ], [ 72.903783811095266, 19.045218441849595 ] ] ] } },
{ "type": "Feature", "properties": { "hex_id": "88608b5543fffff", "police_distance": 1464.4731731072709, "hospital_distance": 1728.3237992777867, "railway_distance": 2602.2314337075063, "metro_distance": 10222.538209904676, "bus_stop_distance": 1501.4677657440411, "restaurants": 0, "parks": 0, "schools": 0, "pharmacies": 0, "crime_count": 0 }, "geometry": { "type": "Polygon", "coordinates": [ [ [ 72.980923916387752, 19.156393708155999 ], [ 72.980930717478685, 19.161141415310436 ], [ 72.976878412362282, 19.163285365863405 ], [ 72.972819610485558, 19.160681749166354 ], [ 72.972812944285678, 19.155934300373652 ], [ 72.976864945079285, 19.153790209916782 ], [ 72.980923916387752, 19.156393708155999 ] ] ] } },
{ "type": "Feature", "properties": { "hex_id": "88608b1983fffff", "police_distance": 2383.089007687267, "hospital_distance": 1217.1846315582077, "railway_distance": 1289.2959863799231, "metro_distance": 3910.0326571472924, "bus_stop_distance": 1889.324194147659, "restaurants": 0, "parks": 0, "schools": 0, "pharmacies": 0, "crime_count": 0 }, "geometry": { "type": "Polygon", "coordinates": [ [ [ 72.879459190937141, 19.015363377020478 ], [ 72.879464303306307, 19.020111122192393 ], [ 72.875419001945062, 19.022256887823158 ], [ 72.871368892597985, 19.019655048190906 ], [ 72.871363914601773, 19.01490756265947 ], [ 72.875408911587485, 19.012761657120432 ], [ 72.879459190937141, 19.015363377020478 ] ] ] } },
{ "type": "Feature", "properties": { "hex_id": "88608b0967fffff", "police_distance": 1460.8597041369037, "hospital_distance": 271.23708317564382, "railway_distance": 649.32538488719115, "metro_distance": 1238.2706539834448, "bus_stop_distance": 494.99194219150195, "restaurants": 0, "parks": 5, "schools": 1, "pharmacies": 1, "crime_count": 0 }, "geometry": { "type": "Polygon", "coordinates": [ [ [ 72.84719362553767, 19.127427707009812 ], [ 72.847198204241337, 19.132171663219715 ], [ 72.84315292340213, 19.134311816052378 ], [ 72.839103368590585, 19.131708153298625 ], [ 72.839098924241668, 19.126964456504862 ], [ 72.843143900357376, 19.124824163049261 ], [ 72.84719362553767, 19.127427707009812 ] ] ] } },
{ "type": "Feature", "properties": { "hex_id": "88608b54b9fffff", "police_distance": 1239.1937271400473, "hospital_distance": 640.83478293037695, "railway_distance": 318.62520739579378, "metro_distance": 1528.1317341463025, "bus_stop_distance": 142.88767974855119, "restaurants": 2, "parks": 0, "schools": 0, "pharmacies": 0, "crime_count": 0 }, "geometry": { "type": "Polygon", "coordinates": [ [ [ 72.875524991073803, 19.121929190428162 ], [ 72.87553004001488, 19.126674227141514 ], [ 72.87148343203846, 19.128815644170238 ], [ 72.867432079743836, 19.126212164904512 ], [ 72.867427165260452, 19.121467387431654 ], [ 72.871473468621843, 19.119325829984597 ], [ 72.875524991073803, 19.121929190428162 ] ] ] } },
{ "type": "Feature", "properties": { "hex_id": "88608b462dfffff", "police_distance": 1361.1452081275727, "hospital_distance": 789.79110481004375, "railway_distance": 953.32292885009701, "metro_distance": 2127.2758196866571, "bus_stop_distance": 1351.2873344451614, "restaurants": 0, "parks": 0, "schools": 1, "pharmacies": 1, "crime_count": 0 }, "geometry": { "type": "Polygon", "coordinates": [ [ [ 72.871543226407354, 19.185744823392692 ], [ 72.871548210344898, 19.190488168633497 ], [ 72.867500899613432, 19.192626914977417 ], [ 72.863448909716467, 19.190022456812571 ], [ 72.863444060281239, 19.185279370581565 ], [ 72.867491066248505, 19.183140483506193 ], [ 72.871543226407354, 19.185744823392692 ] ] ] } },
{ "type": "Feature", "properties": { "hex_id": "88608b0367fffff", "police_distance": 1149.8830875811291, "hospital_distance": 779.48834403132753, "railway_distance": 1185.5760757656365, "metro_distance": 1183.2630424555737, "bus_stop_distance": 541.62873998811813, "restaurants": 1, "parks": 0, "schools": 0, "pharmacies": 0, "crime_count": 0 }, "geometry": { "type": "Polygon", "coordinates": [ [ [ 72.847001456869222, 18.928078195082168 ], [ 72.847006029208288, 18.932826940803974 ], [ 72.842963564928837, 18.934974944798313 ], [ 72.83891683261956, 18.932374342784318 ], [ 72.83891239444813, 18.927625857276897 ], [ 72.842954554426186, 18.925477713569805 ], [ 72.847001456869222, 18.928078195082168 ] ] ] } },
{ "type": "Feature", "properties": { "hex_id": "88608b1939fffff", "police_distance": 2146.9263389715225, "hospital_distance": 2532.4307341855219, "railway_distance": 2209.6093513924552, "metro_distance": 6794.2849184324641, "bus_stop_distance": 1651.1073882454891, "restaurants": 1, "parks": 2, "schools": 0, "pharmacies": 0, "crime_count": 0 }, "geometry": { "type": "Polygon", "coordinates": [ [ [ 72.932110595892169, 19.025442920810931 ], [ 72.932116582744982, 19.030192181068767 ], [ 72.928068534286041, 19.032339491077089 ], [ 72.924014803197551, 19.02973768044815 ], [ 72.924008950927501, 19.024988679420947 ], [ 72.92805669517098, 19.02284122979265 ], [ 72.932110595892169, 19.025442920810931 ] ] ] } },
{ "type": "Feature", "properties": { "hex_id": "88608b0a6dfffff", "police_distance": 890.83514571615615, "hospital_distance": 272.23983252548345, "railway_distance": 687.38875155160565, "metro_distance": 1736.6946268329345, "bus_stop_distance": 221.64615086723504, "restaurants": 6, "parks": 5, "schools": 1, "pharmacies": 1, "crime_count": 0 }, "geometry": { "type": "Polygon", "coordinates": [ [ [ 72.859229944925133, 19.021343877432852 ], [ 72.859234721657913, 19.026090802502146 ], [ 72.855190338547786, 19.028235586599429 ], [ 72.851141483170096, 19.02563358569197 ], [ 72.851136840738718, 19.020886920380914 ], [ 72.855180919391458, 19.018741996219674 ], [ 72.859229944925133, 19.021343877432852 ] ] ] } },
{ "type": "Feature", "properties": { "hex_id": "88608b0327fffff", "police_distance": 422.80824392786138, "hospital_distance": 253.73943192551766, "railway_distance": 308.92344448464627, "metro_distance": 310.16323583632976, "bus_stop_distance": 191.48165263350253, "restaurants": 7, "parks": 1, "schools": 0, "pharmacies": 0, "crime_count": 1 }, "geometry": { "type": "Polygon", "coordinates": [ [ [ 72.830837193939544, 18.941417557165405 ], [ 72.830841498402094, 18.946165443978604 ], [ 72.826799648460607, 18.948312328295057 ], [ 72.8227537984489, 18.945711465675863 ], [ 72.822749628104731, 18.940963839137421 ], [ 72.826791173661732, 18.938816814944147 ], [ 72.830837193939544, 18.941417557165405 ] ] ] } },
{ "type": "Feature", "properties": { "hex_id": "88608b466dfffff", "police_distance": 1689.9380347274212, "hospital_distance": 616.32079094373273, "railway_distance": 2682.4381021390886, "metro_distance": 2658.2911335513882, "bus_stop_distance": 321.20142459259444, "restaurants": 0, "parks": 0, "schools": 0, "pharmacies": 0, "crime_count": 0 }, "geometry": { "type": "Polygon", "coordinates": [ [ [ 72.887728651780463, 19.172442532945592 ], [ 72.887733904294365, 19.177186744184016 ], [ 72.883685979333563, 19.179326615519798 ], [ 72.879633106547089, 19.176722416186589 ], [ 72.879627988584801, 19.171978463898906 ], [ 72.88367560886519, 19.16983845199427 ], [ 72.887728651780463, 19.172442532945592 ] ] ] } },
{ "type": "Feature", "properties": { "hex_id": "88608b4733fffff", "police_distance": 245.92531343119046, "hospital_distance": 211.8004908766226, "railway_distance": 246.56857564608762, "metro_distance": 598.36690565065999, "bus_stop_distance": 186.9029172813635, "restaurants": 1, "parks": 0, "schools": 1, "pharmacies": 1, "crime_count": 16 }, "geometry": { "type": "Polygon", "coordinates": [ [ [ 72.863487710984785, 19.227962961428773 ], [ 72.863492561866764, 19.232705000441239 ], [ 72.859445054646329, 19.234841776510994 ], [ 72.855393001433256, 19.232236654540788 ], [ 72.85538828506246, 19.227494874422312 ], [ 72.85943548740137, 19.22535795738057 ], [ 72.863487710984785, 19.227962961428773 ] ] ] } },
{ "type": "Feature", "properties": { "hex_id": "88608b4283fffff", "police_distance": 5153.6227628944544, "hospital_distance": 3641.6073736672197, "railway_distance": 5872.9555888515279, "metro_distance": 7468.0495522634046, "bus_stop_distance": 2488.7276563508599, "restaurants": 0, "parks": 0, "schools": 0, "pharmacies": 0, "crime_count": 0 }, "geometry": { "type": "Polygon", "coordinates": [ [ [ 72.936407127858388, 19.217928257014833 ], [ 72.936413190148116, 19.222672973582686 ], [ 72.932362214647881, 19.224812846138207 ], [ 72.928305481474482, 19.222208142590098 ], [ 72.928299553964422, 19.217463684447296 ], [ 72.932350224855909, 19.215323671428045 ], [ 72.936407127858388, 19.217928257014833 ] ] ] } },
{ "type": "Feature", "properties": { "hex_id": "88608b010dfffff", "police_distance": 702.38147824163786, "hospital_distance": 136.24813287991068, "railway_distance": 973.40534482750274, "metro_distance": 2781.4995932632692, "bus_stop_distance": 40.617904266986706, "restaurants": 2, "parks": 3, "schools": 2, "pharmacies": 2, "crime_count": 0 }, "geometry": { "type": "Polygon", "coordinates": [ [ [ 72.810637922794058, 18.961644373089491 ], [ 72.810641892610633, 18.96639110065426 ], [ 72.80660076108687, 18.968536444944913 ], [ 72.802555964250018, 18.965935201769408 ], [ 72.802552128493573, 18.96118873454019 ], [ 72.806592955521694, 18.959043250151609 ], [ 72.810637922794058, 18.961644373089491 ] ] ] } },
{ "type": "Feature", "properties": { "hex_id": "88608b5689fffff", "police_distance": 138.01863951368861, "hospital_distance": 240.53039520531263, "railway_distance": 797.28145030267638, "metro_distance": 2722.5804780250714, "bus_stop_distance": 424.55196217609807, "restaurants": 2, "parks": 2, "schools": 3, "pharmacies": 3, "crime_count": 0 }, "geometry": { "type": "Polygon", "coordinates": [ [ [ 72.920001876166538, 19.060375195730401 ], [ 72.920007662594841, 19.065123209531805 ], [ 72.915959720598579, 19.067268697316496 ], [ 72.911906296513209, 19.06466631115676 ], [ 72.911900644654352, 19.059918556531571 ], [ 72.915948282319235, 19.057772928890508 ], [ 72.920001876166538, 19.060375195730401 ] ] ] } },
{ "type": "Feature", "properties": { "hex_id": "88608b56c5fffff", "police_distance": 1140.3221853804516, "hospital_distance": 463.38566353081842, "railway_distance": 1577.0553386151337, "metro_distance": 3539.3680975991897, "bus_stop_distance": 295.61685002939225, "restaurants": 1, "parks": 0, "schools": 1, "pharmacies": 1, "crime_count": 0 }, "geometry": { "type": "Polygon", "coordinates": [ [ [ 72.936207185016187, 19.061287566009636 ], [ 72.936213240677148, 19.066036097987158 ], [ 72.932164484710867, 19.068182147697168 ], [ 72.928109977368635, 19.065579805187689 ], [ 72.92810405633962, 19.06083153226885 ], [ 72.932152508028722, 19.058685342801375 ], [ 72.936207185016187, 19.061287566009636 ] ] ] } },
{ "type": "Feature", "properties": { "hex_id": "88608b46a9fffff", "police_distance": 2657.0587070665979, "hospital_distance": 1586.1206641696394, "railway_distance": 3159.403294576081, "metro_distance": 4461.9697872343859, "bus_stop_distance": 2131.635226786872, "restaurants": 0, "parks": 0, "schools": 0, "pharmacies": 0, "crime_count": 0 }, "geometry": { "type": "Polygon", "coordinates": [ [ [ 72.810816694735564, 19.175134221887784 ], [ 72.810820670472395, 19.179875797002406 ], [ 72.806776523027537, 19.182012716880116 ], [ 72.802728704802107, 19.179408202712729 ], [ 72.802724863325665, 19.174666887074167 ], [ 72.806768705822122, 19.172529826127583 ], [ 72.810816694735564, 19.175134221887784 ] ] ] } },
{ "type": "Feature", "properties": { "hex_id": "88608b4519fffff", "police_distance": 2833.2374139342951, "hospital_distance": 1180.8159589913828, "railway_distance": 696.56545333206043, "metro_distance": 3055.9068106909763, "bus_stop_distance": 954.90243730164275, "restaurants": 0, "parks": 0, "schools": 0, "pharmacies": 0, "crime_count": 0 }, "geometry": { "type": "Polygon", "coordinates": [ [ [ 72.843261246592306, 19.248127518369468 ], [ 72.843265761928492, 19.252868384803723 ], [ 72.839218973365618, 19.25500361223185 ], [ 72.835167974467922, 19.252398114416803 ], [ 72.835163593584568, 19.247657506934971 ], [ 72.839210077153908, 19.245522138316353 ], [ 72.843261246592306, 19.248127518369468 ] ] ] } },
{ "type": "Feature", "properties": { "hex_id": "88608b0959fffff", "police_distance": 881.80379076609461, "hospital_distance": 1018.3005945693859, "railway_distance": 1636.4956191940821, "metro_distance": 2189.0909610191638, "bus_stop_distance": 72.439902373909632, "restaurants": 4, "parks": 1, "schools": 1, "pharmacies": 1, "crime_count": 0 }, "geometry": { "type": "Polygon", "coordinates": [ [ [ 72.830966389834998, 19.083804789126898 ], [ 72.830970698575783, 19.088549261483188 ], [ 72.82692683781201, 19.090690538527255 ], [ 72.822878973001323, 19.088087483743692 ], [ 72.822874798512458, 19.083343271092708 ], [ 72.826918354590163, 19.081201853520639 ], [ 72.830966389834998, 19.083804789126898 ] ] ] } },
{ "type": "Feature", "properties": { "hex_id": "88608b563bfffff", "police_distance": 3062.3413156507304, "hospital_distance": 2496.1832771013978, "railway_distance": 3369.93080294433, "metro_distance": 4272.9056312587163, "bus_stop_distance": 2430.6933526029866, "restaurants": 0, "parks": 0, "schools": 0, "pharmacies": 0, "crime_count": 0 }, "geometry": { "type": "Polygon", "coordinates": [ [ [ 72.952435262933591, 19.076445530200459 ], [ 72.952441588581166, 19.081194235892816 ], [ 72.948391817267122, 19.083340287185422 ], [ 72.944336024566283, 19.08073777250949 ], [ 72.944329833626554, 19.075989325700931 ], [ 72.948379300687677, 19.073843134685077 ], [ 72.952435262933591, 19.076445530200459 ] ] ] } },
{ "type": "Feature", "properties": { "hex_id": "88608b54abfffff", "police_distance": 731.60135919629317, "hospital_distance": 1123.3817962226678, "railway_distance": 149.73442383253172, "metro_distance": 156.95139357734104, "bus_stop_distance": 294.9227614164227, "restaurants": 0, "parks": 0, "schools": 0, "pharmacies": 0, "crime_count": 0 }, "geometry": { "type": "Polygon", "coordinates": [ [ [ 72.887681386988589, 19.129739422269715 ], [ 72.887686637935929, 19.134484674684 ], [ 72.883639317638853, 19.136626232328837 ], [ 72.8795870509921, 19.134022677936358 ], [ 72.879581934556114, 19.129277684645963 ], [ 72.883628950263301, 19.127135986624694 ], [ 72.887681386988589, 19.129739422269715 ] ] ] } },
{ "type": "Feature", "properties": { "hex_id": "88608b0319fffff", "police_distance": 1581.5482633094471, "hospital_distance": 352.37974664933239, "railway_distance": 1849.5443450631251, "metro_distance": 3646.6168911221253, "bus_stop_distance": 408.54016727410988, "restaurants": 0, "parks": 0, "schools": 0, "pharmacies": 0, "crime_count": 0 }, "geometry": { "type": "Polygon", "coordinates": [ [ [ 72.814626691751556, 18.897778455609693 ], [ 72.814630726806413, 18.902526835088203 ], [ 72.810590295243472, 18.904674838283039 ], [ 72.806546132980358, 18.902074601777755 ], [ 72.806542231941279, 18.897326482859757 ], [ 72.810582359157351, 18.895178339887252 ], [ 72.814626691751556, 18.897778455609693 ] ] ] } },
{ "type": "Feature", "properties": { "hex_id": "88608b55b1fffff", "police_distance": 3059.6680707202522, "hospital_distance": 2057.197658685006, "railway_distance": 3960.3726697189713, "metro_distance": 4114.3594044547726, "bus_stop_distance": 1686.5392432876529, "restaurants": 0, "parks": 0, "schools": 0, "pharmacies": 0, "crime_count": 0 }, "geometry": { "type": "Polygon", "coordinates": [ [ [ 72.899889609517672, 19.180254923207087 ], [ 72.899895064188897, 19.18499934871009 ], [ 72.895846426842226, 19.187139360777614 ], [ 72.891792639487306, 19.184535087869413 ], [ 72.891787319421383, 19.179790921200368 ], [ 72.895835652112908, 19.177650768606107 ], [ 72.899889609517672, 19.180254923207087 ] ] ] } },
{ "type": "Feature", "properties": { "hex_id": "88608b4725fffff", "police_distance": 3075.2018656232613, "hospital_distance": 2069.6236504996209, "railway_distance": 2540.4525852073916, "metro_distance": 3310.8275454632462, "bus_stop_distance": 2464.9494138053474, "restaurants": 0, "parks": 0, "schools": 0, "pharmacies": 0, "crime_count": 0 }, "geometry": { "type": "Polygon", "coordinates": [ [ [ 72.895911090222327, 19.244061141770224 ], [ 72.895916479998661, 19.248803865376207 ], [ 72.891867138931275, 19.250941204017266 ], [ 72.887812712899802, 19.24833595989093 ], [ 72.887807457773476, 19.243593494886834 ], [ 72.891856494036475, 19.241456015407692 ], [ 72.895911090222327, 19.244061141770224 ] ] ] } },
{ "type": "Feature", "properties": { "hex_id": "88608b0b65fffff", "police_distance": 416.9742238436944, "hospital_distance": 247.89999147971739, "railway_distance": 1830.1599705360322, "metro_distance": 2905.3719280838177, "bus_stop_distance": 272.01042272573693, "restaurants": 5, "parks": 1, "schools": 1, "pharmacies": 1, "crime_count": 0 }, "geometry": { "type": "Polygon", "coordinates": [ [ [ 72.883577123690856, 19.079677847338907 ], [ 72.883582305575359, 19.084424178569503 ], [ 72.879535894260798, 19.086567561018803 ], [ 72.875484605567337, 19.083964752413586 ], [ 72.875479558131673, 19.079218680537217 ], [ 72.87952566494846, 19.077075157912432 ], [ 72.883577123690856, 19.079677847338907 ] ] ] } },
{ "type": "Feature", "properties": { "hex_id": "88608b5421fffff", "police_distance": 2118.5198145711515, "hospital_distance": 788.09243081073657, "railway_distance": 712.3146616258291, "metro_distance": 6463.4915808635342, "bus_stop_distance": 623.54308003713425, "restaurants": 0, "parks": 0, "schools": 0, "pharmacies": 0, "crime_count": 0 }, "geometry": { "type": "Polygon", "coordinates": [ [ [ 72.948466934173624, 19.140313534744344 ], [ 72.948473195264896, 19.145060555315585 ], [ 72.944422719274925, 19.147203941325646 ], [ 72.940366286603592, 19.144600446802919 ], [ 72.940360160265001, 19.13985368488666 ], [ 72.944410331852865, 19.137710158838658 ], [ 72.948466934173624, 19.140313534744344 ] ] ] } },
{ "type": "Feature", "properties": { "hex_id": "88608b0b37fffff", "police_distance": 252.22597022036956, "hospital_distance": 194.70495834025309, "railway_distance": 892.29716223980665, "metro_distance": 1433.6480584481583, "bus_stop_distance": 231.15847174726943, "restaurants": 0, "parks": 3, "schools": 3, "pharmacies": 3, "crime_count": 0 }, "geometry": { "type": "Polygon", "coordinates": [ [ [ 72.83905893172593, 19.084266005661142 ], [ 72.839063374750026, 19.089010737664381 ], [ 72.835019105841269, 19.091152295335686 ], [ 72.830970698575783, 19.088549261483188 ], [ 72.830966389834998, 19.083804789126898 ], [ 72.83501035408419, 19.081663090976797 ], [ 72.83905893172593, 19.084266005661142 ] ] ] } },
{ "type": "Feature", "properties": { "hex_id": "88608b19c3fffff", "police_distance": 4636.7546473581097, "hospital_distance": 3310.1470868728252, "railway_distance": 2606.4150514446478, "metro_distance": 5939.8106082439599, "bus_stop_distance": 2137.5183997868371, "restaurants": 0, "parks": 0, "schools": 0, "pharmacies": 0, "crime_count": 0 }, "geometry": { "type": "Polygon", "coordinates": [ [ [ 72.895636448385844, 19.002028625057346 ], [ 72.895641829059926, 19.006777230961454 ], [ 72.891595914422666, 19.008924117927499 ], [ 72.887544923410928, 19.006322538734604 ], [ 72.887539677158927, 19.001574192410619 ], [ 72.891585287504398, 18.999427165700034 ], [ 72.895636448385844, 19.002028625057346 ] ] ] } },
{ "type": "Feature", "properties": { "hex_id": "88608b4405fffff", "police_distance": 2389.780463918793, "hospital_distance": 212.30677681485943, "railway_distance": 1043.2434238891526, "metro_distance": 3647.3881162351763, "bus_stop_distance": 681.81484942937516, "restaurants": 0, "parks": 5, "schools": 2, "pharmacies": 2, "crime_count": 0 }, "geometry": { "type": "Polygon", "coordinates": [ [ [ 72.835137311333156, 19.21921141125507 ], [ 72.83514169134547, 19.223952718659223 ], [ 72.831095714170615, 19.2260887919699 ], [ 72.827045661950933, 19.223483698989671 ], [ 72.827041416333287, 19.21874265071277 ], [ 72.831087088548486, 19.21660643628945 ], [ 72.835137311333156, 19.21921141125507 ] ] ] } },
{ "type": "Feature", "properties": { "hex_id": "88608b56b7fffff", "police_distance": 78.687784463807787, "hospital_distance": 732.64571954835708, "railway_distance": 823.67517284715302, "metro_distance": 1728.9373698952995, "bus_stop_distance": 526.85443036386448, "restaurants": 0, "parks": 1, "schools": 0, "pharmacies": 0, "crime_count": 0 }, "geometry": { "type": "Polygon", "coordinates": [ [ [ 72.895733327799476, 19.087486067848236 ], [ 72.895738711683492, 19.092232615744347 ], [ 72.891691588380283, 19.094376138914626 ], [ 72.887639385673424, 19.091773254323247 ], [ 72.887634136291879, 19.087026965664894 ], [ 72.891680955122538, 19.08488330236078 ], [ 72.895733327799476, 19.087486067848236 ] ] ] } },
{ "type": "Feature", "properties": { "hex_id": "88608b5583fffff", "police_distance": 3054.9606661073685, "hospital_distance": 2689.3481229529743, "railway_distance": 4560.0846902268768, "metro_distance": 4690.5464484249242, "bus_stop_distance": 2421.234536296045, "restaurants": 0, "parks": 0, "schools": 0, "pharmacies": 0, "crime_count": 0 }, "geometry": { "type": "Polygon", "coordinates": [ [ [ 72.907976082653789, 19.166483872396014 ], [ 72.90798167140575, 19.17122890469884 ], [ 72.903932828134813, 19.173369760350273 ], [ 72.899878700717679, 19.170765724112808 ], [ 72.899873246588868, 19.166020950643176 ], [ 72.903921785261872, 19.163879954578395 ], [ 72.907976082653789, 19.166483872396014 ] ] ] } },
{ "type": "Feature", "properties": { "hex_id": "88608b1967fffff", "police_distance": 683.36437885400244, "hospital_distance": 862.81703644991694, "railway_distance": 2380.250088961212, "metro_distance": 7478.4129994106506, "bus_stop_distance": 771.09511570096333, "restaurants": 0, "parks": 0, "schools": 0, "pharmacies": 0, "crime_count": 0 }, "geometry": { "type": "Polygon", "coordinates": [ [ [ 72.960483506521015, 19.034155590993883 ], [ 72.960489964980539, 19.038905586710513 ], [ 72.956440392298944, 19.041053599914704 ], [ 72.952384665301011, 19.0384517568822 ], [ 72.952378341540253, 19.033702020161758 ], [ 72.956427610086493, 19.031553867478159 ], [ 72.960483506521015, 19.034155590993883 ] ] ] } },
{ "type": "Feature", "properties": { "hex_id": "88608b450bfffff", "police_distance": 1445.2130244660154, "hospital_distance": 546.96725836689939, "railway_distance": 184.11325549618417, "metro_distance": 2896.2583274606181, "bus_stop_distance": 1140.6169238687626, "restaurants": 0, "parks": 7, "schools": 0, "pharmacies": 0, "crime_count": 0 }, "geometry": { "type": "Polygon", "coordinates": [ [ [ 72.855416585632284, 19.255943804295882 ], [ 72.855421302941153, 19.260684883655063 ], [ 72.851373800940792, 19.262820251295331 ], [ 72.8473218866081, 19.260214680725234 ], [ 72.847317303805852, 19.255473860201846 ], [ 72.851364500837533, 19.253338351413319 ], [ 72.855416585632284, 19.255943804295882 ] ] ] } },
{ "type": "Feature", "properties": { "hex_id": "88608b094bfffff", "police_distance": 1135.6908126612552, "hospital_distance": 264.39452742977932, "railway_distance": 856.88126810419817, "metro_distance": 1542.0474848856506, "bus_stop_distance": 240.32524992194519, "restaurants": 0, "parks": 0, "schools": 0, "pharmacies": 0, "crime_count": 0 }, "geometry": { "type": "Polygon", "coordinates": [ [ [ 72.843112324408239, 19.091613750487877 ], [ 72.843116834809848, 19.096358440085929 ], [ 72.839072261239735, 19.098499857270745 ], [ 72.835023481937213, 19.095896725344605 ], [ 72.835019105841269, 19.091152295335686 ], [ 72.839063374750026, 19.089010737664381 ], [ 72.843112324408239, 19.091613750487877 ] ] ] } },
{ "type": "Feature", "properties": { "hex_id": "88608b549dfffff", "police_distance": 2109.0728162180058, "hospital_distance": 159.39933045703424, "railway_distance": 286.49063062374626, "metro_distance": 736.58055908512313, "bus_stop_distance": 381.41133276111435, "restaurants": 5, "parks": 0, "schools": 1, "pharmacies": 1, "crime_count": 6 }, "geometry": { "type": "Polygon", "coordinates": [ [ [ 72.875509845254342, 19.107693388961017 ], [ 72.875514893693534, 19.112438771277009 ], [ 72.871468487161124, 19.114580750028708 ], [ 72.867417336782211, 19.111977486818933 ], [ 72.867412422787339, 19.107232363800946 ], [ 72.871458524734877, 19.105090244695315 ], [ 72.875509845254342, 19.107693388961017 ] ] ] } },
{ "type": "Feature", "properties": { "hex_id": "88608b4611fffff", "police_distance": 1093.2785660040961, "hospital_distance": 539.6563412663146, "railway_distance": 506.40458907048617, "metro_distance": 1309.4362805365424, "bus_stop_distance": 9.2691185394236619, "restaurants": 0, "parks": 0, "schools": 2, "pharmacies": 2, "crime_count": 0 }, "geometry": { "type": "Polygon", "coordinates": [ [ [ 72.839125592543979, 19.155424906138148 ], [ 72.839130037776457, 19.160167910054529 ], [ 72.835084762504394, 19.162306657319576 ], [ 72.831035346818155, 19.159702541469425 ], [ 72.831031035935808, 19.154959796912095 ], [ 72.835076006397429, 19.152820908846461 ], [ 72.839125592543979, 19.155424906138148 ] ] ] } },
{ "type": "Feature", "properties": { "hex_id": "88608b0a51fffff", "police_distance": 883.6571799111058, "hospital_distance": 176.65190586716398, "railway_distance": 295.31273298145828, "metro_distance": 273.30952165733885, "bus_stop_distance": 322.33534145878082, "restaurants": 6, "parks": 1, "schools": 1, "pharmacies": 1, "crime_count": 0 }, "geometry": { "type": "Polygon", "coordinates": [ [ [ 72.826837792000518, 18.991036540254104 ], [ 72.82684203087328, 18.99578310822703 ], [ 72.822799681347959, 18.997927892044459 ], [ 72.818753397460924, 18.995326248020081 ], [ 72.818749292737635, 18.990579940152742 ], [ 72.822791337759753, 18.988435016204871 ], [ 72.826837792000518, 18.991036540254104 ] ] ] } },
{ "type": "Feature", "properties": { "hex_id": "88608b5733fffff", "police_distance": 3587.208937083431, "hospital_distance": 3269.308661982694, "railway_distance": 3376.3683689432701, "metro_distance": 8751.7793145423093, "bus_stop_distance": 2471.0437899347489, "restaurants": 0, "parks": 0, "schools": 0, "pharmacies": 0, "crime_count": 0 }, "geometry": { "type": "Polygon", "coordinates": [ [ [ 72.976838013192818, 19.134798508469526 ], [ 72.976844745829524, 19.139546607373134 ], [ 72.972792947012422, 19.141691259093268 ], [ 72.968734719857721, 19.13908795174272 ], [ 72.968728122076271, 19.134340111316671 ], [ 72.972779616602068, 19.132195319764108 ], [ 72.976838013192818, 19.134798508469526 ] ] ] } },
{ "type": "Feature", "properties": { "hex_id": "88608b42d1fffff", "police_distance": 2887.784492115195, "hospital_distance": 1433.0798746894711, "railway_distance": 3629.3473512463752, "metro_distance": 8660.4027478721709, "bus_stop_distance": 801.73766612686632, "restaurants": 0, "parks": 0, "schools": 0, "pharmacies": 0, "crime_count": 0 }, "geometry": { "type": "Polygon", "coordinates": [ [ [ 72.940433689736125, 19.196807180991463 ], [ 72.9404398185128, 19.201552550981166 ], [ 72.936388942195293, 19.203693407998994 ], [ 72.932332241658827, 19.201089035371005 ], [ 72.932326247657329, 19.196343923864003 ], [ 72.936376819424936, 19.194202926502772 ], [ 72.940433689736125, 19.196807180991463 ] ] ] } },
{ "type": "Feature", "properties": { "hex_id": "88608b55a3fffff", "police_distance": 4082.9401922460193, "hospital_distance": 3377.4376319714324, "railway_distance": 4947.5637260315289, "metro_distance": 5617.9170775589973, "bus_stop_distance": 3218.1297849138891, "restaurants": 0, "parks": 0, "schools": 0, "pharmacies": 0, "crime_count": 0 }, "geometry": { "type": "Polygon", "coordinates": [ [ [ 72.912053310611654, 19.188067533443885 ], [ 72.912058967530783, 19.192812172856037 ], [ 72.908009617944771, 19.194952325786709 ], [ 72.903954916077183, 19.192347979790359 ], [ 72.903949393816987, 19.18760359909534 ], [ 72.907998438773305, 19.185463305680084 ], [ 72.912053310611654, 19.188067533443885 ] ] ] } },
{ "type": "Feature", "properties": { "hex_id": "88608b4717fffff", "police_distance": 1199.587599190407, "hospital_distance": 519.714395261959, "railway_distance": 782.41489258975855, "metro_distance": 2078.9806787099014, "bus_stop_distance": 644.24112332085656, "restaurants": 0, "parks": 0, "schools": 0, "pharmacies": 0, "crime_count": 2 }, "geometry": { "type": "Polygon", "coordinates": [ [ [ 72.86347315930351, 19.213736145031671 ], [ 72.863478009703158, 19.218478533663287 ], [ 72.859430704016731, 19.220615872944531 ], [ 72.855378852789812, 19.218010964503033 ], [ 72.855374136887946, 19.213268834823594 ], [ 72.859421137723032, 19.211131354634009 ], [ 72.86347315930351, 19.213736145031671 ] ] ] } },
{ "type": "Feature", "properties": { "hex_id": "88608b5413fffff", "police_distance": 2766.7738025885346, "hospital_distance": 579.08975606539184, "railway_distance": 1691.5458585138711, "metro_distance": 2784.0496843932019, "bus_stop_distance": 520.6647966562748, "restaurants": 3, "parks": 3, "schools": 0, "pharmacies": 0, "crime_count": 0 }, "geometry": { "type": "Polygon", "coordinates": [ [ [ 72.916011202238792, 19.109993974211019 ], [ 72.916016923369014, 19.114740652138433 ], [ 72.91196847932423, 19.116884035953664 ], [ 72.907914618607336, 19.114280881949128 ], [ 72.907909032077882, 19.109534463026741 ], [ 72.911957171672327, 19.107390939104402 ], [ 72.916011202238792, 19.109993974211019 ] ] ] } },
{ "type": "Feature", "properties": { "hex_id": "88608b18bdfffff", "police_distance": 1581.1012681758489, "hospital_distance": 378.10127666620332, "railway_distance": 435.67713991601454, "metro_distance": 3005.0285527218134, "bus_stop_distance": 856.08861958412854, "restaurants": 0, "parks": 0, "schools": 0, "pharmacies": 0, "crime_count": 0 }, "geometry": { "type": "Polygon", "coordinates": [ [ [ 72.851095065774274, 18.978161813326953 ], [ 72.851099706822168, 18.982909501755756 ], [ 72.847056334930841, 18.985055686565591 ], [ 72.843008626393058, 18.982454322864868 ], [ 72.84300411957517, 18.977706894423264 ], [ 72.847047187072931, 18.975560569695851 ], [ 72.851095065774274, 18.978161813326953 ] ] ] } },
{ "type": "Feature", "properties": { "hex_id": "88608b4461fffff", "police_distance": 1211.3817455011826, "hospital_distance": 438.31802648842978, "railway_distance": 669.79945052202447, "metro_distance": 2121.4540669585035, "bus_stop_distance": 564.88962380813689, "restaurants": 0, "parks": 6, "schools": 0, "pharmacies": 0, "crime_count": 0 }, "geometry": { "type": "Polygon", "coordinates": [ [ [ 72.851331955330693, 19.220148022509566 ], [ 72.851336604226546, 19.224889847993349 ], [ 72.847289810181991, 19.227026483751239 ], [ 72.84323867215592, 19.224421435040021 ], [ 72.843234157717532, 19.219679868566899 ], [ 72.847280646855609, 19.217543091794905 ], [ 72.851331955330693, 19.220148022509566 ] ] ] } },
{ "type": "Feature", "properties": { "hex_id": "88608b19e3fffff", "police_distance": 3427.939873759678, "hospital_distance": 1061.411284647666, "railway_distance": 494.20497027386722, "metro_distance": 5640.1913780197392, "bus_stop_distance": 351.84824880323623, "restaurants": 0, "parks": 0, "schools": 0, "pharmacies": 0, "crime_count": 0 }, "geometry": { "type": "Polygon", "coordinates": [ [ [ 72.899709706750187, 19.023624142069608 ], [ 72.899715155459305, 19.02837236505237 ], [ 72.895668735104351, 19.030518552041443 ], [ 72.891617170371617, 19.027916655865909 ], [ 72.891611856120306, 19.023168692348683 ], [ 72.895657972151753, 19.021022365542073 ], [ 72.899709706750187, 19.023624142069608 ] ] ] } },
{ "type": "Feature", "properties": { "hex_id": "88608b0b57fffff", "police_distance": 894.31478801056232, "hospital_distance": 747.4934495741129, "railway_distance": 643.18024670505304, "metro_distance": 1200.8611339124527, "bus_stop_distance": 186.19199364488603, "restaurants": 0, "parks": 1, "schools": 0, "pharmacies": 0, "crime_count": 0 }, "geometry": { "type": "Polygon", "coordinates": [ [ [ 72.851164697633479, 19.049365201249639 ], [ 72.851169340987511, 19.054111181734438 ], [ 72.847124963181514, 19.056254563642703 ], [ 72.843076246573546, 19.053652105309848 ], [ 72.843071737516368, 19.048906384527626 ], [ 72.847115810778092, 19.046762862376259 ], [ 72.851164697633479, 19.049365201249639 ] ] ] } },
{ "type": "Feature", "properties": { "hex_id": "88608b56a9fffff", "police_distance": 2311.2868703244039, "hospital_distance": 745.02371927377953, "railway_distance": 1240.1347830775219, "metro_distance": 1226.3369420037195, "bus_stop_distance": 131.17946868999826, "restaurants": 0, "parks": 0, "schools": 0, "pharmacies": 0, "crime_count": 0 }, "geometry": { "type": "Polygon", "coordinates": [ [ [ 72.924079190969522, 19.081969144006386 ], [ 72.924085045567395, 19.08671677112892 ], [ 72.920036597613063, 19.088861558246816 ], [ 72.9159825994318, 19.086258858171423 ], [ 72.915976879439143, 19.081511490109911 ], [ 72.920025023030419, 19.079366563063374 ], [ 72.924079190969522, 19.081969144006386 ] ] ] } },
{ "type": "Feature", "properties": { "hex_id": "88608b5519fffff", "police_distance": 1539.2426136650167, "hospital_distance": 920.79055547034648, "railway_distance": 679.54215795375865, "metro_distance": 7762.0225994261482, "bus_stop_distance": 199.39150584038208, "restaurants": 0, "parks": 0, "schools": 0, "pharmacies": 0, "crime_count": 0 }, "geometry": { "type": "Polygon", "coordinates": [ [ [ 72.956593844968367, 19.155014570838947 ], [ 72.956600241479819, 19.159761502731371 ], [ 72.952549156681414, 19.161904608643642 ], [ 72.948491979784308, 19.159300922716561 ], [ 72.948485718070216, 19.154554249362626 ], [ 72.952536498463687, 19.152411003397788 ], [ 72.956593844968367, 19.155014570838947 ] ] ] } },
{ "type": "Feature", "properties": { "hex_id": "88608b468dfffff", "police_distance": 2235.3221578462071, "hospital_distance": 2590.7380454901004, "railway_distance": 2958.2668440508482, "metro_distance": 3382.3162750953225, "bus_stop_distance": 2104.0762970693204, "restaurants": 0, "parks": 0, "schools": 0, "pharmacies": 0, "crime_count": 0 }, "geometry": { "type": "Polygon", "coordinates": [ [ [ 72.810804768315307, 19.160908801762353 ], [ 72.810808743657049, 19.165650724207055 ], [ 72.806764797413635, 19.167788207024895 ], [ 72.802717180754499, 19.165183908403517 ], [ 72.802713339659803, 19.160442245492835 ], [ 72.806756980985028, 19.158304621670133 ], [ 72.810804768315307, 19.160908801762353 ] ] ] } },
{ "type": "Feature", "properties": { "hex_id": "88608b093dfffff", "police_distance": 1266.0839843747183, "hospital_distance": 271.51142246535966, "railway_distance": 350.04000988601803, "metro_distance": 304.9310601193751, "bus_stop_distance": 167.6248067828279, "restaurants": 15, "parks": 3, "schools": 0, "pharmacies": 0, "crime_count": 0 }, "geometry": { "type": "Polygon", "coordinates": [ [ [ 72.822912373890389, 19.12603704914498 ], [ 72.822916549623869, 19.130780226931531 ], [ 72.818872493582603, 19.132919537354109 ], [ 72.814824566618725, 19.13031581076136 ], [ 72.814820525145919, 19.125572892565884 ], [ 72.818864276384133, 19.123433441372715 ], [ 72.822912373890389, 19.12603704914498 ] ] ] } },
{ "type": "Feature", "properties": { "hex_id": "88608b4603fffff", "police_distance": 762.37224856342948, "hospital_distance": 268.65536621717467, "railway_distance": 250.34990437251219, "metro_distance": 1272.1287879855413, "bus_stop_distance": 391.75057924858464, "restaurants": 3, "parks": 2, "schools": 2, "pharmacies": 2, "crime_count": 1 }, "geometry": { "type": "Polygon", "coordinates": [ [ [ 72.85127618059613, 19.163237048599736 ], [ 72.851280827643578, 19.167980267840697 ], [ 72.8472348393326, 19.170119155307436 ], [ 72.843184508767649, 19.167514964292572 ], [ 72.843179996124064, 19.162772004294236 ], [ 72.84722567964937, 19.16063297606874 ], [ 72.85127618059613, 19.163237048599736 ] ] ] } },
{ "type": "Feature", "properties": { "hex_id": "88608b0a43fffff", "police_distance": 436.29772962498691, "hospital_distance": 370.05809041074548, "railway_distance": 725.14001048469379, "metro_distance": 1779.664800502562, "bus_stop_distance": 320.84918745816196, "restaurants": 0, "parks": 1, "schools": 1, "pharmacies": 1, "crime_count": 0 }, "geometry": { "type": "Polygon", "coordinates": [ [ [ 72.838978982450826, 18.998841271752191 ], [ 72.838983422827027, 19.003588059365747 ], [ 72.834940360893526, 19.005732983318271 ], [ 72.830893163070257, 19.003131259747263 ], [ 72.830888856897147, 18.998384732123345 ], [ 72.834931614352058, 18.996239668081504 ], [ 72.838978982450826, 18.998841271752191 ] ] ] } },
{ "type": "Feature", "properties": { "hex_id": "88608b016dfffff", "police_distance": 612.10730735474158, "hospital_distance": 341.69246761089306, "railway_distance": 636.3914208122543, "metro_distance": 2227.378855549056, "bus_stop_distance": 379.1519882045809, "restaurants": 0, "parks": 8, "schools": 3, "pharmacies": 3, "crime_count": 0 }, "geometry": { "type": "Polygon", "coordinates": [ [ [ 72.830863022852597, 18.969903182878639 ], [ 72.830867328170285, 18.974650391197411 ], [ 72.826825076224353, 18.976796155575045 ], [ 72.822778823413302, 18.97419485164243 ], [ 72.822774652240696, 18.969447903485175 ], [ 72.826816599741875, 18.967301999099707 ], [ 72.830863022852597, 18.969903182878639 ] ] ] } },
{ "type": "Feature", "properties": { "hex_id": "88608b5595fffff", "police_distance": 3075.9226094720098, "hospital_distance": 1849.2066574595442, "railway_distance": 3898.3195610331777, "metro_distance": 3907.1933422794345, "bus_stop_distance": 1605.2243222924726, "restaurants": 0, "parks": 0, "schools": 0, "pharmacies": 0, "crime_count": 0 }, "geometry": { "type": "Polygon", "coordinates": [ [ [ 72.899873246588868, 19.166020950643176 ], [ 72.899878700717679, 19.170765724112808 ], [ 72.895830265016102, 19.172906298475493 ], [ 72.891776679818491, 19.170302239831901 ], [ 72.891771360281538, 19.165557725254086 ], [ 72.895819491358182, 19.163417010428635 ], [ 72.899873246588868, 19.166020950643176 ] ] ] } },
{ "type": "Feature", "properties": { "hex_id": "88608b4709fffff", "police_distance": 1639.253544130109, "hospital_distance": 1148.8468951750465, "railway_distance": 2316.7384369782426, "metro_distance": 3721.0411148820449, "bus_stop_distance": 1564.3886803614703, "restaurants": 0, "parks": 0, "schools": 0, "pharmacies": 0, "crime_count": 0 }, "geometry": { "type": "Polygon", "coordinates": [ [ [ 72.891819242462461, 19.208254178631286 ], [ 72.891824563586624, 19.212997647841622 ], [ 72.887775930673897, 19.21513625333332 ], [ 72.883722281387222, 19.212531530318977 ], [ 72.88371709486384, 19.207788319885218 ], [ 72.887765423034168, 19.205649573689751 ], [ 72.891819242462461, 19.208254178631286 ] ] ] } },
{ "type": "Feature", "properties": { "hex_id": "88608b0b49fffff", "police_distance": 1516.2785268027174, "hospital_distance": 132.05969468626196, "railway_distance": 336.34072360115829, "metro_distance": 2575.1365154897476, "bus_stop_distance": 169.18771830794955, "restaurants": 0, "parks": 0, "schools": 0, "pharmacies": 0, "crime_count": 0 }, "geometry": { "type": "Polygon", "coordinates": [ [ [ 72.879489867692683, 19.043848137430757 ], [ 72.879494981078111, 19.048595197926669 ], [ 72.875449277029176, 19.050739842432439 ], [ 72.871398764038446, 19.048137566481184 ], [ 72.871393785052717, 19.043390765511742 ], [ 72.875439184665865, 19.041245980967716 ], [ 72.879489867692683, 19.043848137430757 ] ] ] } },
{ "type": "Feature", "properties": { "hex_id": "88608b5405fffff", "police_distance": 1288.2211305011408, "hospital_distance": 903.48056976588646, "railway_distance": 1722.1042333628693, "metro_distance": 5931.0044824777442, "bus_stop_distance": 328.34802643110669, "restaurants": 0, "parks": 0, "schools": 0, "pharmacies": 0, "crime_count": 0 }, "geometry": { "type": "Polygon", "coordinates": [ [ [ 72.948448152145275, 19.126071779571113 ], [ 72.948454412613813, 19.130819146811149 ], [ 72.944404138449855, 19.132963094198942 ], [ 72.940347908197083, 19.130359814320926 ], [ 72.940341782467797, 19.125612705793412 ], [ 72.944391752259818, 19.123468618431936 ], [ 72.948448152145275, 19.126071779571113 ] ] ] } },
{ "type": "Feature", "properties": { "hex_id": "88608b569bfffff", "police_distance": 926.03676790277666, "hospital_distance": 67.870565017646811, "railway_distance": 548.62301579560085, "metro_distance": 3429.848736794987, "bus_stop_distance": 364.74984738124601, "restaurants": 2, "parks": 1, "schools": 0, "pharmacies": 0, "crime_count": 0 }, "geometry": { "type": "Polygon", "coordinates": [ [ [ 72.891643744269231, 19.051654761029127 ], [ 72.891649059577034, 19.056402039149692 ], [ 72.887602643654972, 19.058546824345768 ], [ 72.883551216843586, 19.055944471418609 ], [ 72.883546035989099, 19.051197452708152 ], [ 72.887592147500527, 19.049052527515336 ], [ 72.891643744269231, 19.051654761029127 ] ] ] } },
{ "type": "Feature", "properties": { "hex_id": "88608b092bfffff", "police_distance": 569.18248575017651, "hospital_distance": 7.7697325644483133, "railway_distance": 342.35486100435844, "metro_distance": 255.12916180777648, "bus_stop_distance": 71.344021496647301, "restaurants": 5, "parks": 1, "schools": 2, "pharmacies": 2, "crime_count": 0 }, "geometry": { "type": "Polygon", "coordinates": [ [ [ 72.831005173640733, 19.126500903837279 ], [ 72.831009483666264, 19.131244341156599 ], [ 72.826965019265614, 19.133383932342692 ], [ 72.822916549623869, 19.130780226931531 ], [ 72.822912373890389, 19.12603704914498 ], [ 72.826956533514448, 19.123897317237496 ], [ 72.831005173640733, 19.126500903837279 ] ] ] } },
{ "type": "Feature", "properties": { "hex_id": "88608b550bfffff", "police_distance": 602.86052881253363, "hospital_distance": 300.31686132032786, "railway_distance": 1158.2099169988817, "metro_distance": 9280.1748745405894, "bus_stop_distance": 56.798884319325147, "restaurants": 0, "parks": 1, "schools": 2, "pharmacies": 2, "crime_count": 0 }, "geometry": { "type": "Polygon", "coordinates": [ [ [ 72.968767712046898, 19.162825418132876 ], [ 72.968774311141232, 19.167572563836231 ], [ 72.964722515096256, 19.169715811245563 ], [ 72.96066442434379, 19.167112052962295 ], [ 72.960657960100406, 19.16236516568026 ], [ 72.964709451766382, 19.160221778260638 ], [ 72.968767712046898, 19.162825418132876 ] ] ] } },
{ "type": "Feature", "properties": { "hex_id": "88608b5611fffff", "police_distance": 1779.6845630876651, "hospital_distance": 2143.6441777592986, "railway_distance": 1926.6905224454499, "metro_distance": 4837.5214375875066, "bus_stop_distance": 1844.4170903477388, "restaurants": 0, "parks": 0, "schools": 0, "pharmacies": 0, "crime_count": 0 }, "geometry": { "type": "Polygon", "coordinates": [ [ [ 72.952416287249008, 19.062198724549145 ], [ 72.952422612267526, 19.066947774467522 ], [ 72.948373042709107, 19.069094386259849 ], [ 72.944317452362739, 19.066492087792916 ], [ 72.944311262038596, 19.061743296815497 ], [ 72.948360527374248, 19.059596545364609 ], [ 72.952416287249008, 19.062198724549145 ] ] ] } },
{ "type": "Feature", "properties": { "hex_id": "88608b5481fffff", "police_distance": 847.32455084718151, "hospital_distance": 68.480315517973295, "railway_distance": 1055.2259004109837, "metro_distance": 1117.6745163454277, "bus_stop_distance": 370.39335937970122, "restaurants": 1, "parks": 0, "schools": 0, "pharmacies": 0, "crime_count": 0 }, "geometry": { "type": "Polygon", "coordinates": [ [ [ 72.887665635190501, 19.115502972978948 ], [ 72.887670885615861, 19.120248571356267 ], [ 72.88362376683321, 19.122390690729357 ], [ 72.879571702192749, 19.119787352037907 ], [ 72.879566586265383, 19.115042012842071 ], [ 72.883613400488301, 19.112899753156793 ], [ 72.887665635190501, 19.115502972978948 ] ] ] } },
{ "type": "Feature", "properties": { "hex_id": "88608b4465fffff", "police_distance": 482.93519195638731, "hospital_distance": 91.803096352541758, "railway_distance": 636.34533556315387, "metro_distance": 1328.5232871880489, "bus_stop_distance": 366.84577344965538, "restaurants": 1, "parks": 2, "schools": 0, "pharmacies": 0, "crime_count": 2 }, "geometry": { "type": "Polygon", "coordinates": [ [ [ 72.85538828506246, 19.227494874422312 ], [ 72.855393001433256, 19.232236654540788 ], [ 72.851345902480475, 19.234373149277374 ], [ 72.847294392072968, 19.231768004917328 ], [ 72.847289810181991, 19.227026483751239 ], [ 72.851336604226546, 19.224889847993349 ], [ 72.85538828506246, 19.227494874422312 ] ] ] } },
{ "type": "Feature", "properties": { "hex_id": "88608b42d5fffff", "police_distance": 3421.7110080021612, "hospital_distance": 1904.684828734607, "railway_distance": 4132.8737737832726, "metro_distance": 8721.5802589703999, "bus_stop_distance": 764.02000459022122, "restaurants": 0, "parks": 0, "schools": 0, "pharmacies": 0, "crime_count": 0 }, "geometry": { "type": "Polygon", "coordinates": [ [ [ 72.944497061060503, 19.204156900476576 ], [ 72.94450325754471, 19.208902225064087 ], [ 72.940452076675854, 19.211042941731396 ], [ 72.936395003881984, 19.2084384741622 ], [ 72.936388942195293, 19.203693407998994 ], [ 72.9404398185128, 19.201552550981166 ], [ 72.944497061060503, 19.204156900476576 ] ] ] } },
{ "type": "Feature", "properties": { "hex_id": "88608b5587fffff", "police_distance": 3223.0345209674783, "hospital_distance": 2625.8794752698404, "railway_distance": 4703.8495793288121, "metro_distance": 5212.3687052139667, "bus_stop_distance": 2410.767959636662, "restaurants": 0, "parks": 0, "schools": 0, "pharmacies": 0, "crime_count": 0 }, "geometry": { "type": "Polygon", "coordinates": [ [ [ 72.912036340979483, 19.173832918431742 ], [ 72.912041997336004, 19.178577906170936 ], [ 72.907992849465487, 19.180718621401716 ], [ 72.903938349845816, 19.178114489314495 ], [ 72.903932828134813, 19.173369760350273 ], [ 72.90798167140575, 19.17122890469884 ], [ 72.912036340979483, 19.173832918431742 ] ] ] } },
{ "type": "Feature", "properties": { "hex_id": "88608b0b3bfffff", "police_distance": 290.08223131756796, "hospital_distance": 66.659707123019601, "railway_distance": 686.30091163218867, "metro_distance": 1349.9584073995156, "bus_stop_distance": 90.153651557854985, "restaurants": 3, "parks": 2, "schools": 2, "pharmacies": 2, "crime_count": 0 }, "geometry": { "type": "Polygon", "coordinates": [ [ [ 72.839045603536619, 19.070031121582097 ], [ 72.83905004611924, 19.074776197559054 ], [ 72.835005978423069, 19.076918316748674 ], [ 72.830957772781474, 19.07431550037612 ], [ 72.830953464468777, 19.069570684103436 ], [ 72.834997227535581, 19.067428424499685 ], [ 72.839045603536619, 19.070031121582097 ] ] ] } },
{ "type": "Feature", "properties": { "hex_id": "88608b5507fffff", "police_distance": 486.69756313538073, "hospital_distance": 347.38731602064098, "railway_distance": 1152.5109255815655, "metro_distance": 10031.695868963261, "bus_stop_distance": 305.10155119483869, "restaurants": 1, "parks": 10, "schools": 0, "pharmacies": 0, "crime_count": 0 }, "geometry": { "type": "Polygon", "coordinates": [ [ [ 72.968787509986399, 19.1770665071808 ], [ 72.968794109737303, 19.181813304700196 ], [ 72.964742111715708, 19.183955990411349 ], [ 72.960683818360152, 19.181352018677874 ], [ 72.960677353473642, 19.176605479522006 ], [ 72.964729047086109, 19.174462653736594 ], [ 72.968787509986399, 19.1770665071808 ] ] ] } },
{ "type": "Feature", "properties": { "hex_id": "88608b19c7fffff", "police_distance": 4530.1037175794099, "hospital_distance": 2637.9773736811471, "railway_distance": 1846.5484830485223, "metro_distance": 6125.3629696024764, "bus_stop_distance": 1360.6251628826944, "restaurants": 0, "parks": 0, "schools": 0, "pharmacies": 0, "crime_count": 0 }, "geometry": { "type": "Polygon", "coordinates": [ [ [ 72.899693361705914, 19.009378789138047 ], [ 72.899698809873499, 19.014127354051343 ], [ 72.895652590942888, 19.016274101264973 ], [ 72.891601228145845, 19.013672423318354 ], [ 72.891595914422666, 19.008924117927499 ], [ 72.895641829059926, 19.006777230961454 ], [ 72.899693361705914, 19.009378789138047 ] ] ] } },
{ "type": "Feature", "properties": { "hex_id": "88608b456bfffff", "police_distance": 1208.7559937529297, "hospital_distance": 1143.6028247215834, "railway_distance": 702.00626384824886, "metro_distance": 3660.3260511488347, "bus_stop_distance": 413.28674399833386, "restaurants": 0, "parks": 1, "schools": 0, "pharmacies": 0, "crime_count": 0 }, "geometry": { "type": "Polygon", "coordinates": [ [ [ 72.875676532119897, 19.264229879560599 ], [ 72.875681586083914, 19.268971430150089 ], [ 72.871632962563737, 19.271107219673976 ], [ 72.867579590004354, 19.26850159966553 ], [ 72.867574670632095, 19.263760307736689 ], [ 72.871622989235334, 19.261624377156181 ], [ 72.875676532119897, 19.264229879560599 ] ] ] } },
{ "type": "Feature", "properties": { "hex_id": "88608b568dfffff", "police_distance": 785.3970350650211, "hospital_distance": 249.01845787573254, "railway_distance": 1687.8376734597332, "metro_distance": 2170.4916780845642, "bus_stop_distance": 270.94513015319353, "restaurants": 3, "parks": 1, "schools": 1, "pharmacies": 1, "crime_count": 0 }, "geometry": { "type": "Polygon", "coordinates": [ [ [ 72.924061628340169, 19.067725573915403 ], [ 72.924067482355952, 19.072473545338593 ], [ 72.920019236026761, 19.074618893259306 ], [ 72.915965440022561, 19.072016409621437 ], [ 72.915959720598579, 19.067268697316496 ], [ 72.920007662594841, 19.065123209531805 ], [ 72.924061628340169, 19.067725573915403 ] ] ] } },
{ "type": "Feature", "properties": { "hex_id": "88608b5697fffff", "police_distance": 541.04602556039401, "hospital_distance": 773.94826851189964, "railway_distance": 390.88765382110176, "metro_distance": 2951.0576457877, "bus_stop_distance": 727.52915026893027, "restaurants": 0, "parks": 0, "schools": 0, "pharmacies": 0, "crime_count": 4 }, "geometry": { "type": "Polygon", "coordinates": [ [ [ 72.891659690720985, 19.065896251990292 ], [ 72.891665006557147, 19.070643186588242 ], [ 72.887618389190834, 19.072787410932698 ], [ 72.883566760436935, 19.070184840741277 ], [ 72.883561579067475, 19.06543816549619 ], [ 72.887607891993028, 19.06329380109025 ], [ 72.891659690720985, 19.065896251990292 ] ] ] } },
{ "type": "Feature", "properties": { "hex_id": "88608b193dfffff", "police_distance": 1424.1638584966918, "hospital_distance": 1818.0485817672895, "railway_distance": 1469.4968656155877, "metro_distance": 6185.1129185647924, "bus_stop_distance": 805.87627418295608, "restaurants": 0, "parks": 3, "schools": 1, "pharmacies": 1, "crime_count": 0 }, "geometry": { "type": "Polygon", "coordinates": [ [ [ 72.936170855264891, 19.032793970066304 ], [ 72.936176909721766, 19.037543188617747 ], [ 72.932128557045857, 19.039690358998293 ], [ 72.928074454137814, 19.037088450455755 ], [ 72.928068534286041, 19.032339491077089 ], [ 72.932116582744982, 19.030192181068767 ], [ 72.936170855264891, 19.032793970066304 ] ] ] } },
{ "type": "Feature", "properties": { "hex_id": "88608b0921fffff", "police_distance": 1264.1262692688433, "hospital_distance": 321.47111645102558, "railway_distance": 526.70106349053242, "metro_distance": 421.39600185328572, "bus_stop_distance": 99.838607301691795, "restaurants": 11, "parks": 3, "schools": 1, "pharmacies": 1, "crime_count": 0 }, "geometry": { "type": "Polygon", "coordinates": [ [ [ 72.835058495923946, 19.133848025288117 ], [ 72.835062873324773, 19.138591419352238 ], [ 72.831018104145684, 19.140730869809392 ], [ 72.826969262352051, 19.138127066932004 ], [ 72.826965019265614, 19.133383932342692 ], [ 72.831009483666264, 19.131244341156599 ], [ 72.835058495923946, 19.133848025288117 ] ] ] } },
{ "type": "Feature", "properties": { "hex_id": "88608b4457fffff", "police_distance": 2995.1741487475924, "hospital_distance": 374.47096446274264, "railway_distance": 1585.5466522244717, "metro_distance": 5263.7341979087969, "bus_stop_distance": 182.05529859946245, "restaurants": 1, "parks": 3, "schools": 2, "pharmacies": 2, "crime_count": 0 }, "geometry": { "type": "Polygon", "coordinates": [ [ [ 72.82297502442006, 19.197172582933636 ], [ 72.822979202229163, 19.20191402500345 ], [ 72.818934139927748, 19.204050521630446 ], [ 72.814885204779145, 19.201445717279089 ], [ 72.814881161297592, 19.196704534511053 ], [ 72.818925918644922, 19.194567896793167 ], [ 72.82297502442006, 19.197172582933636 ] ] ] } },
{ "type": "Feature", "properties": { "hex_id": "88608b18b3fffff", "police_distance": 758.30100317284075, "hospital_distance": 292.74836763501497, "railway_distance": 367.98749488092096, "metro_distance": 1686.0518766092512, "bus_stop_distance": 127.00902289978112, "restaurants": 1, "parks": 1, "schools": 2, "pharmacies": 2, "crime_count": 3 }, "geometry": { "type": "Polygon", "coordinates": [ [ [ 72.83491412300674, 18.977251675127068 ], [ 72.834918495625899, 18.981998843523041 ], [ 72.830875939233337, 18.984144467884708 ], [ 72.82682931467609, 18.981543063867008 ], [ 72.826825076224353, 18.976796155575045 ], [ 72.830867328170285, 18.974650391197411 ], [ 72.83491412300674, 18.977251675127068 ] ] ] } },
{ "type": "Feature", "properties": { "hex_id": "88608b0151fffff", "police_distance": 2807.2747199228675, "hospital_distance": 470.651410950865, "railway_distance": 2744.1212984183621, "metro_distance": 3446.1995560953824, "bus_stop_distance": 937.74601134669183, "restaurants": 0, "parks": 1, "schools": 0, "pharmacies": 0, "crime_count": 0 }, "geometry": { "type": "Polygon", "coordinates": [ [ [ 72.798492629922492, 18.939600887918694 ], [ 72.798496398099331, 18.944347733283205 ], [ 72.794456180056727, 18.946493497843043 ], [ 72.790412498334945, 18.94389255711231 ], [ 72.790408864151232, 18.939145972255581 ], [ 72.794448777704019, 18.937000067622535 ], [ 72.798492629922492, 18.939600887918694 ] ] ] } },
{ "type": "Feature", "properties": { "hex_id": "88608b0b2dfffff", "police_distance": 1475.8228499488862, "hospital_distance": 1224.3154327160453, "railway_distance": 1560.5959561834889, "metro_distance": 1554.1139695876166, "bus_stop_distance": 1221.4815987182965, "restaurants": 0, "parks": 0, "schools": 0, "pharmacies": 0, "crime_count": 0 }, "geometry": { "type": "Polygon", "coordinates": [ [ [ 72.871438601862792, 19.086107854047526 ], [ 72.871443582333271, 19.090853624054748 ], [ 72.867397681779522, 19.092996304631036 ], [ 72.863347105316123, 19.09039335548248 ], [ 72.86334225925421, 19.085647844888559 ], [ 72.867387855254947, 19.083505024030501 ], [ 72.871438601862792, 19.086107854047526 ] ] ] } },
{ "type": "Feature", "properties": { "hex_id": "88608b455dfffff", "police_distance": 1562.7308325865824, "hospital_distance": 149.6292420699165, "railway_distance": 509.39932571058046, "metro_distance": 1164.354267552792, "bus_stop_distance": 505.28422250491309, "restaurants": 0, "parks": 1, "schools": 1, "pharmacies": 1, "crime_count": 2 }, "geometry": { "type": "Polygon", "coordinates": [ [ [ 72.863502264113151, 19.242188728422462 ], [ 72.863507115477546, 19.246930417269851 ], [ 72.859459406702996, 19.249066629942522 ], [ 72.855407151483632, 19.246461294803844 ], [ 72.855402434643835, 19.241719864792216 ], [ 72.859449838506634, 19.239583511084042 ], [ 72.863502264113151, 19.242188728422462 ] ] ] } },
{ "type": "Feature", "properties": { "hex_id": "88608b19b9fffff", "police_distance": 1603.7111417936994, "hospital_distance": 496.36792661453831, "railway_distance": 791.34574385644657, "metro_distance": 3371.7466740315754, "bus_stop_distance": 1160.1982981084759, "restaurants": 0, "parks": 2, "schools": 1, "pharmacies": 1, "crime_count": 0 }, "geometry": { "type": "Polygon", "coordinates": [ [ [ 72.875419001945062, 19.022256887823158 ], [ 72.875424047374551, 19.027004332233531 ], [ 72.871378849085147, 19.029149677369748 ], [ 72.867328909778067, 19.026547718061689 ], [ 72.867323998712578, 19.021800533292588 ], [ 72.871368892597985, 19.019655048190906 ], [ 72.875419001945062, 19.022256887823158 ] ] ] } },
{ "type": "Feature", "properties": { "hex_id": "88608b4663fffff", "police_distance": 215.25640443118218, "hospital_distance": 375.0662398671646, "railway_distance": 1032.2485855058694, "metro_distance": 978.54806503141378, "bus_stop_distance": 301.08536782821159, "restaurants": 2, "parks": 1, "schools": 2, "pharmacies": 2, "crime_count": 0 }, "geometry": { "type": "Polygon", "coordinates": [ [ [ 72.87152827558576, 19.17151409147349 ], [ 72.871533259027771, 19.176257784751908 ], [ 72.867486149810446, 19.178397093690275 ], [ 72.863434361892956, 19.175792850018322 ], [ 72.863429512939859, 19.171049415807612 ], [ 72.867476317423154, 19.16890996620171 ], [ 72.87152827558576, 19.17151409147349 ] ] ] } },
{ "type": "Feature", "properties": { "hex_id": "88608b4769fffff", "police_distance": 3954.6912064538997, "hospital_distance": 3461.7055237111827, "railway_distance": 4342.0748758320506, "metro_distance": 5048.9188166222921, "bus_stop_distance": 3826.4051538712642, "restaurants": 0, "parks": 0, "schools": 0, "pharmacies": 0, "crime_count": 0 }, "geometry": { "type": "Polygon", "coordinates": [ [ [ 72.912087254939806, 19.216533625241357 ], [ 72.912092912984363, 19.221277566357898 ], [ 72.908043159907066, 19.223416594128629 ], [ 72.903988053483133, 19.22081182139544 ], [ 72.903982530124367, 19.216068138879976 ], [ 72.908031978511602, 19.213928970497157 ], [ 72.912087254939806, 19.216533625241357 ] ] ] } },
{ "type": "Feature", "properties": { "hex_id": "88608b5465fffff", "police_distance": 3486.0875961449005, "hospital_distance": 2599.5507356080643, "railway_distance": 2763.5150808674098, "metro_distance": 8072.1052610190272, "bus_stop_distance": 1715.388972765036, "restaurants": 0, "parks": 0, "schools": 0, "pharmacies": 0, "crime_count": 0 }, "geometry": { "type": "Polygon", "coordinates": [ [ [ 72.968728122076271, 19.134340111316671 ], [ 72.968734719857721, 19.13908795174272 ], [ 72.964683327705643, 19.141232321985555 ], [ 72.960625642098691, 19.1386289916849 ], [ 72.960619179141304, 19.133881409795421 ], [ 72.964670266974622, 19.131736899670553 ], [ 72.968728122076271, 19.134340111316671 ] ] ] } },
{ "type": "Feature", "properties": { "hex_id": "88608b5401fffff", "police_distance": 396.04652276901811, "hospital_distance": 329.5090611563179, "railway_distance": 1554.8895794615964, "metro_distance": 5036.6404531756616, "bus_stop_distance": 159.31219298650151, "restaurants": 0, "parks": 1, "schools": 0, "pharmacies": 0, "crime_count": 0 }, "geometry": { "type": "Polygon", "coordinates": [ [ [ 72.944385559472749, 19.118721207426535 ], [ 72.944391752259818, 19.123468618431936 ], [ 72.940341782467797, 19.125612705793412 ], [ 72.936285924267025, 19.123009522116291 ], [ 72.936279866196855, 19.118262369881531 ], [ 72.940329531618389, 19.116118142553827 ], [ 72.944385559472749, 19.118721207426535 ] ] ] } },
{ "type": "Feature", "properties": { "hex_id": "88608b0b45fffff", "police_distance": 558.54967699996337, "hospital_distance": 338.50127049672477, "railway_distance": 688.06789291181462, "metro_distance": 2093.0017234079514, "bus_stop_distance": 498.49277039138491, "restaurants": 2, "parks": 2, "schools": 0, "pharmacies": 0, "crime_count": 0 }, "geometry": { "type": "Polygon", "coordinates": [ [ [ 72.879505208357187, 19.058088975878356 ], [ 72.879510322250852, 19.062835693212065 ], [ 72.875464416828009, 19.064979776871713 ], [ 72.87141370198529, 19.062377283301409 ], [ 72.871408722504711, 19.05763082543703 ], [ 72.875454323461597, 19.055486601674271 ], [ 72.879505208357187, 19.058088975878356 ] ] ] } },
{ "type": "Feature", "properties": { "hex_id": "88608b4449fffff", "police_distance": 1180.3612064399636, "hospital_distance": 21.93886102372667, "railway_distance": 799.9191412649742, "metro_distance": 2848.205709371347, "bus_stop_distance": 1219.258953878749, "restaurants": 0, "parks": 3, "schools": 4, "pharmacies": 4, "crime_count": 2 }, "geometry": { "type": "Polygon", "coordinates": [ [ [ 72.851304065190931, 19.191694625644466 ], [ 72.851308713162439, 19.19643714909979 ], [ 72.847262322024775, 19.198574911084393 ], [ 72.843211587769517, 19.195970290500956 ], [ 72.843207074228658, 19.191228026172464 ], [ 72.847253160520253, 19.189090123301206 ], [ 72.851304065190931, 19.191694625644466 ] ] ] } },
{ "type": "Feature", "properties": { "hex_id": "88608b42b9fffff", "police_distance": 6022.5031875665945, "hospital_distance": 4512.5656027045579, "railway_distance": 6566.2214354747475, "metro_distance": 6921.8451008921256, "bus_stop_distance": 3359.20433975285, "restaurants": 0, "parks": 0, "schools": 0, "pharmacies": 0, "crime_count": 0 }, "geometry": { "type": "Polygon", "coordinates": [ [ [ 72.932362214647881, 19.224812846138207 ], [ 72.932368209842068, 19.229557258512532 ], [ 72.92831733708428, 19.231696708912946 ], [ 72.924260773777505, 19.229091887459717 ], [ 72.924254913354062, 19.224347733510744 ], [ 72.928305481474482, 19.222208142590098 ], [ 72.932362214647881, 19.224812846138207 ] ] ] } },
{ "type": "Feature", "properties": { "hex_id": "88608b4705fffff", "police_distance": 2593.0139422675825, "hospital_distance": 1864.3513939162854, "railway_distance": 2371.1128721317009, "metro_distance": 2824.6974058766536, "bus_stop_distance": 2278.5636020392758, "restaurants": 0, "parks": 0, "schools": 0, "pharmacies": 0, "crime_count": 0 }, "geometry": { "type": "Polygon", "coordinates": [ [ [ 72.891835206364206, 19.222484236834326 ], [ 72.89184052801761, 19.227227356495241 ], [ 72.887791693439794, 19.229365399073583 ], [ 72.883737841989003, 19.226760462759007 ], [ 72.88373265494981, 19.222017601816606 ], [ 72.887781184755028, 19.219879418470793 ], [ 72.891835206364206, 19.222484236834326 ] ] ] } },
{ "type": "Feature", "properties": { "hex_id": "88608b5591fffff", "police_distance": 3018.801173672698, "hospital_distance": 1782.2822540274083, "railway_distance": 3427.4168335760323, "metro_distance": 3436.8022565935935, "bus_stop_distance": 1526.9385742147153, "restaurants": 0, "parks": 0, "schools": 0, "pharmacies": 0, "crime_count": 0 }, "geometry": { "type": "Polygon", "coordinates": [ [ [ 72.895814104797026, 19.158672192634022 ], [ 72.895819491358182, 19.163417010428635 ], [ 72.891771360281538, 19.165557725254086 ], [ 72.887718147274953, 19.162953762740965 ], [ 72.887712895283315, 19.158209203896376 ], [ 72.891760721736588, 19.156068348615431 ], [ 72.895814104797026, 19.158672192634022 ] ] ] } },
{ "type": "Feature", "properties": { "hex_id": "88608b19abfffff", "police_distance": 2703.1861592767991, "hospital_distance": 1368.2514477497084, "railway_distance": 722.02308981842077, "metro_distance": 4222.9028684401801, "bus_stop_distance": 999.9932017496983, "restaurants": 0, "parks": 0, "schools": 0, "pharmacies": 0, "crime_count": 0 }, "geometry": { "type": "Polygon", "coordinates": [ [ [ 72.887571157277961, 19.030062562198154 ], [ 72.887576404572826, 19.034810224831855 ], [ 72.883530494455513, 19.036955710622426 ], [ 72.879479641429995, 19.034353673703972 ], [ 72.879474528552734, 19.029606270595238 ], [ 72.883520134291189, 19.027460644880613 ], [ 72.887571157277961, 19.030062562198154 ] ] ] } },
{ "type": "Feature", "properties": { "hex_id": "88608b54e1fffff", "police_distance": 2178.7891647208266, "hospital_distance": 1216.1480414118655, "railway_distance": 2127.4604310810537, "metro_distance": 2127.3084829356126, "bus_stop_distance": 625.46312153862118, "restaurants": 0, "parks": 0, "schools": 0, "pharmacies": 0, "crime_count": 0 }, "geometry": { "type": "Polygon", "coordinates": [ [ [ 72.907925792221732, 19.123773374083093 ], [ 72.907931379306689, 19.128519447172838 ], [ 72.903883140971175, 19.130661988409685 ], [ 72.899829620066029, 19.128058596778207 ], [ 72.899824167563992, 19.12331278269469 ], [ 72.903872101391983, 19.121170101236995 ], [ 72.907925792221732, 19.123773374083093 ] ] ] } },
{ "type": "Feature", "properties": { "hex_id": "88608b4655fffff", "police_distance": 533.52428607554691, "hospital_distance": 981.71615269896699, "railway_distance": 163.90400236114303, "metro_distance": 1971.6885263797928, "bus_stop_distance": 299.0035258737355, "restaurants": 1, "parks": 2, "schools": 0, "pharmacies": 0, "crime_count": 0 }, "geometry": { "type": "Polygon", "coordinates": [ [ [ 72.859358972267259, 19.149470660439974 ], [ 72.85936375327465, 19.154214485995524 ], [ 72.855317558254242, 19.156354216914384 ], [ 72.851266886963103, 19.153750262923701 ], [ 72.851262240377551, 19.149006696610211 ], [ 72.855308130669144, 19.146866825045979 ], [ 72.859358972267259, 19.149470660439974 ] ] ] } },
{ "type": "Feature", "properties": { "hex_id": "88608b1921fffff", "police_distance": 534.013785213544, "hospital_distance": 619.97695785096607, "railway_distance": 961.77476076417361, "metro_distance": 6106.319106896166, "bus_stop_distance": 474.36199962596771, "restaurants": 0, "parks": 1, "schools": 2, "pharmacies": 2, "crime_count": 0 }, "geometry": { "type": "Polygon", "coordinates": [ [ [ 72.948335499193405, 19.040599489106082 ], [ 72.94834175592753, 19.045348924826438 ], [ 72.944292692297239, 19.047496236523013 ], [ 72.9402376761319, 19.044894252085918 ], [ 72.94023155405641, 19.040145075421599 ], [ 72.944280313495426, 19.037997624138946 ], [ 72.948335499193405, 19.040599489106082 ] ] ] } },
{ "type": "Feature", "properties": { "hex_id": "88608b0905fffff", "police_distance": 139.62770444658736, "hospital_distance": 432.32552607641156, "railway_distance": 728.50440097408966, "metro_distance": 672.36851725402948, "bus_stop_distance": 107.64455980016116, "restaurants": 0, "parks": 1, "schools": 3, "pharmacies": 3, "crime_count": 0 }, "geometry": { "type": "Polygon", "coordinates": [ [ [ 72.835045364591508, 19.119617151248939 ], [ 72.835049741557299, 19.124360891175655 ], [ 72.831005173640733, 19.126500903837279 ], [ 72.826956533514448, 19.123897317237496 ], [ 72.826952290849661, 19.119153836843225 ], [ 72.830996554017986, 19.117013683516941 ], [ 72.835045364591508, 19.119617151248939 ] ] ] } },
{ "type": "Feature", "properties": { "hex_id": "88608b475bfffff", "police_distance": 1641.230616352397, "hospital_distance": 670.69845909822595, "railway_distance": 1806.925858483281, "metro_distance": 2648.748192296976, "bus_stop_distance": 1463.4657352847298, "restaurants": 0, "parks": 0, "schools": 0, "pharmacies": 0, "crime_count": 0 }, "geometry": { "type": "Polygon", "coordinates": [ [ [ 72.8796433429806, 19.186209972787946 ], [ 72.879648461451822, 19.190953576980089 ], [ 72.87560074276135, 19.193092604561542 ], [ 72.871548210344898, 19.190488168633497 ], [ 72.871543226407354, 19.185744823392692 ], [ 72.875590640360414, 19.183605655129149 ], [ 72.8796433429806, 19.186209972787946 ] ] ] } },
{ "type": "Feature", "properties": { "hex_id": "88608b0169fffff", "police_distance": 356.03694897251575, "hospital_distance": 374.73634457289273, "railway_distance": 524.30071688717214, "metro_distance": 1956.7275566539199, "bus_stop_distance": 168.46685769147408, "restaurants": 3, "parks": 1, "schools": 4, "pharmacies": 4, "crime_count": 2 }, "geometry": { "type": "Polygon", "coordinates": [ [ [ 72.826812361711106, 18.962554751038599 ], [ 72.826816599741875, 18.967301999099707 ], [ 72.822774652240696, 18.969447903485175 ], [ 72.818728771159499, 18.966846699809921 ], [ 72.818724667251502, 18.962099711967817 ], [ 72.822766310309746, 18.959953667582614 ], [ 72.826812361711106, 18.962554751038599 ] ] ] } },
{ "type": "Feature", "properties": { "hex_id": "88608b55e7fffff", "police_distance": 2445.2833511262179, "hospital_distance": 1546.6620898210795, "railway_distance": 3228.5672255024483, "metro_distance": 7465.7121502623686, "bus_stop_distance": 1279.9909187106446, "restaurants": 0, "parks": 0, "schools": 0, "pharmacies": 0, "crime_count": 0 }, "geometry": { "type": "Polygon", "coordinates": [ [ [ 72.932308266845268, 19.182107891730315 ], [ 72.932314260250564, 19.186853351982826 ], [ 72.928263993031351, 19.188994489680269 ], [ 72.924208036961602, 19.186390307454747 ], [ 72.924202178286748, 19.181645105801593 ], [ 72.928252140959046, 19.179503827775118 ], [ 72.932308266845268, 19.182107891730315 ] ] ] } },
{ "type": "Feature", "properties": { "hex_id": "88608b5457fffff", "police_distance": 1490.4301360463144, "hospital_distance": 522.27190163698731, "railway_distance": 735.41185010475408, "metro_distance": 3289.3664244316797, "bus_stop_distance": 256.53103336391075, "restaurants": 0, "parks": 1, "schools": 0, "pharmacies": 0, "crime_count": 0 }, "geometry": { "type": "Polygon", "coordinates": [ [ [ 72.936261693191256, 19.104020221536491 ], [ 72.936267750658985, 19.108767719530661 ], [ 72.932218389606504, 19.110912086817205 ], [ 72.928163275461671, 19.108309096061408 ], [ 72.928157352666148, 19.103561856954137 ], [ 72.932206409351096, 19.101417349716282 ], [ 72.936261693191256, 19.104020221536491 ] ] ] } },
{ "type": "Feature", "properties": { "hex_id": "88608b1897fffff", "police_distance": 268.02770859301239, "hospital_distance": 149.52681115204004, "railway_distance": 1011.7805066579953, "metro_distance": 2014.860181963116, "bus_stop_distance": 54.690401569403171, "restaurants": 12, "parks": 0, "schools": 4, "pharmacies": 4, "crime_count": 2 }, "geometry": { "type": "Polygon", "coordinates": [ [ [ 72.834901006017972, 18.963009490165234 ], [ 72.834905378202791, 18.967756998387031 ], [ 72.830863022852597, 18.969903182878639 ], [ 72.826816599741875, 18.967301999099707 ], [ 72.826812361711106, 18.962554751038599 ], [ 72.830854412644825, 18.96040842659643 ], [ 72.834901006017972, 18.963009490165234 ] ] ] } },
{ "type": "Feature", "properties": { "hex_id": "88608b0a0bfffff", "police_distance": 623.2997279780999, "hospital_distance": 266.17196611474748, "railway_distance": 394.64703376080769, "metro_distance": 1323.2167050537028, "bus_stop_distance": 391.28875028857954, "restaurants": 0, "parks": 1, "schools": 0, "pharmacies": 0, "crime_count": 0 }, "geometry": { "type": "Polygon", "coordinates": [ [ [ 72.826850509039843, 19.005275903426181 ], [ 72.826854748333687, 19.010022130530331 ], [ 72.822812197766311, 19.012166353779271 ], [ 72.818765712446279, 19.009564490120436 ], [ 72.818761607315238, 19.004818523065001 ], [ 72.822803853349257, 19.002674159620383 ], [ 72.826850509039843, 19.005275903426181 ] ] ] } },
{ "type": "Feature", "properties": { "hex_id": "88608b56edfffff", "police_distance": 2747.9382021825286, "hospital_distance": 1762.1752377732737, "railway_distance": 3164.7443408354929, "metro_distance": 3453.6473398264206, "bus_stop_distance": 1753.0731812687914, "restaurants": 0, "parks": 0, "schools": 0, "pharmacies": 0, "crime_count": 0 }, "geometry": { "type": "Polygon", "coordinates": [ [ [ 72.944329833626554, 19.075989325700931 ], [ 72.944336024566283, 19.08073777250949 ], [ 72.940286660041224, 19.082883542681596 ], [ 72.93623140886433, 19.080281005818481 ], [ 72.936225352601198, 19.075532817952656 ], [ 72.940274412846151, 19.073386908007791 ], [ 72.944329833626554, 19.075989325700931 ] ] ] } },
{ "type": "Feature", "properties": { "hex_id": "88608b555dfffff", "police_distance": 2033.2876465444383, "hospital_distance": 2047.4890533611542, "railway_distance": 2778.1729790327086, "metro_distance": 9590.5781062541264, "bus_stop_distance": 1588.1142598979109, "restaurants": 0, "parks": 0, "schools": 0, "pharmacies": 0, "crime_count": 0 }, "geometry": { "type": "Polygon", "coordinates": [ [ [ 72.97685821177275, 19.149042458157762 ], [ 72.976864945079285, 19.153790209916782 ], [ 72.972812944285678, 19.155934300373652 ], [ 72.968754514514771, 19.153330778968641 ], [ 72.96874791607695, 19.148583285629655 ], [ 72.972799612549125, 19.146439055276144 ], [ 72.97685821177275, 19.149042458157762 ] ] ] } },
{ "type": "Feature", "properties": { "hex_id": "88608b46d1fffff", "police_distance": 1062.2027184731269, "hospital_distance": 1608.8871388608809, "railway_distance": 3058.4512706054375, "metro_distance": 2978.122313133822, "bus_stop_distance": 515.49109528833208, "restaurants": 0, "parks": 0, "schools": 0, "pharmacies": 0, "crime_count": 0 }, "geometry": { "type": "Polygon", "coordinates": [ [ [ 72.798651000806586, 19.138870525060003 ], [ 72.798654774227103, 19.143612578022115 ], [ 72.7946117427324, 19.145750483832067 ], [ 72.790565242737387, 19.143146477662899 ], [ 72.790561603496741, 19.138404684408691 ], [ 72.79460433007911, 19.136266637616391 ], [ 72.798651000806586, 19.138870525060003 ] ] ] } },
{ "type": "Feature", "properties": { "hex_id": "88608b548bfffff", "police_distance": 1702.9436297945415, "hospital_distance": 160.98497675829566, "railway_distance": 223.82844657604537, "metro_distance": 242.69924966917512, "bus_stop_distance": 225.82190630247695, "restaurants": 2, "parks": 0, "schools": 0, "pharmacies": 0, "crime_count": 0 }, "geometry": { "type": "Polygon", "coordinates": [ [ [ 72.883608217573496, 19.108154111601358 ], [ 72.883613400488301, 19.112899753156793 ], [ 72.879566586265383, 19.115042012842071 ], [ 72.875514893693534, 19.112438771277009 ], [ 72.875509845254342, 19.107693388961017 ], [ 72.879556354919188, 19.105550988971185 ], [ 72.883608217573496, 19.108154111601358 ] ] ] } },
{ "type": "Feature", "properties": { "hex_id": "88608b4541fffff", "police_distance": 898.2903297831956, "hospital_distance": 163.03831039766104, "railway_distance": 452.42492018955596, "metro_distance": 2170.1282712881866, "bus_stop_distance": 386.91281874184068, "restaurants": 0, "parks": 0, "schools": 0, "pharmacies": 0, "crime_count": 0 }, "geometry": { "type": "Polygon", "coordinates": [ [ [ 72.87566137123315, 19.250004525528716 ], [ 72.875666424694543, 19.254746427189286 ], [ 72.871618002819091, 19.256882780300558 ], [ 72.867564832376814, 19.254277372745001 ], [ 72.867559913493793, 19.249535729803398 ], [ 72.871608030482534, 19.247399235698918 ], [ 72.87566137123315, 19.250004525528716 ] ] ] } },
{ "type": "Feature", "properties": { "hex_id": "88608b0b11fffff", "police_distance": 238.11370501166124, "hospital_distance": 173.84734173793936, "railway_distance": 640.86289810049072, "metro_distance": 2015.4128117525649, "bus_stop_distance": 129.20906360578678, "restaurants": 15, "parks": 1, "schools": 2, "pharmacies": 2, "crime_count": 6 }, "geometry": { "type": "Polygon", "coordinates": [ [ [ 72.839032276671631, 19.055795206678781 ], [ 72.839036718812835, 19.060540626081 ], [ 72.834992852309242, 19.062683306600707 ], [ 72.830944848271443, 19.06008070806822 ], [ 72.830940540386806, 19.055335548427546 ], [ 72.834984102291187, 19.053192727558468 ], [ 72.839032276671631, 19.055795206678781 ] ] ] } },
{ "type": "Feature", "properties": { "hex_id": "88608b199dfffff", "police_distance": 2720.0185126047854, "hospital_distance": 1079.2498410648657, "railway_distance": 1466.754826679675, "metro_distance": 3713.7450743697691, "bus_stop_distance": 1969.8521897650689, "restaurants": 0, "parks": 0, "schools": 0, "pharmacies": 0, "crime_count": 0 }, "geometry": { "type": "Polygon", "coordinates": [ [ [ 72.87540386665934, 19.00801387095024 ], [ 72.875408911587485, 19.012761657120432 ], [ 72.871363914601773, 19.01490756265947 ], [ 72.867314177069602, 19.012305821929328 ], [ 72.867309266492072, 19.007558295457354 ], [ 72.871353959103942, 19.005412250017951 ], [ 72.87540386665934, 19.00801387095024 ] ] ] } },
{ "type": "Feature", "properties": { "hex_id": "88608b561bfffff", "police_distance": 976.58603604547727, "hospital_distance": 1768.4888881641552, "railway_distance": 1012.3063588894861, "metro_distance": 4961.1903772465721, "bus_stop_distance": 1042.1750750533013, "restaurants": 0, "parks": 0, "schools": 0, "pharmacies": 0, "crime_count": 0 }, "geometry": { "type": "Polygon", "coordinates": [ [ [ 72.948354270017958, 19.05484745301683 ], [ 72.948360527374248, 19.059596545364609 ], [ 72.944311262038596, 19.061743296815497 ], [ 72.940256043575815, 19.05914109557007 ], [ 72.940249920891588, 19.054392262221253 ], [ 72.944298882005882, 19.052245371119458 ], [ 72.948354270017958, 19.05484745301683 ] ] ] } },
{ "type": "Feature", "properties": { "hex_id": "88608b54d3fffff", "police_distance": 1525.1938091337022, "hospital_distance": 1322.1655814424364, "railway_distance": 810.55018310516118, "metro_distance": 1589.6175687243774, "bus_stop_distance": 648.78203627296352, "restaurants": 1, "parks": 0, "schools": 0, "pharmacies": 0, "crime_count": 0 }, "geometry": { "type": "Polygon", "coordinates": [ [ [ 72.875494700940365, 19.093456551782317 ], [ 72.875499748877772, 19.09820227915273 ], [ 72.871453543769306, 19.100344819439574 ], [ 72.867402595285995, 19.09774177264606 ], [ 72.867397681779522, 19.092996304631036 ], [ 72.871443582333271, 19.090853624054748 ], [ 72.875494700940365, 19.093456551782317 ] ] ] } },
{ "type": "Feature", "properties": { "hex_id": "88608b4647fffff", "police_distance": 1102.5338076348285, "hospital_distance": 1186.0734842234435, "railway_distance": 1379.9092347821372, "metro_distance": 1419.4937265948336, "bus_stop_distance": 1137.8025000600742, "restaurants": 1, "parks": 0, "schools": 0, "pharmacies": 0, "crime_count": 0 }, "geometry": { "type": "Polygon", "coordinates": [ [ [ 72.87151332625055, 19.157282316535401 ], [ 72.871518309197143, 19.16202635730443 ], [ 72.867471401473878, 19.164166228650572 ], [ 72.863419815515726, 19.161562199831835 ], [ 72.863414967044676, 19.156818418188362 ], [ 72.86746157006408, 19.154678406238713 ], [ 72.87151332625055, 19.157282316535401 ] ] ] } },
{ "type": "Feature", "properties": { "hex_id": "88608b1913fffff", "police_distance": 4057.1054035906795, "hospital_distance": 3030.9360462907839, "railway_distance": 2734.8243934550205, "metro_distance": 7787.1792670448694, "bus_stop_distance": 578.12210097549837, "restaurants": 0, "parks": 0, "schools": 0, "pharmacies": 0, "crime_count": 0 }, "geometry": { "type": "Polygon", "coordinates": [ [ [ 72.915891102291994, 19.010287226318578 ], [ 72.915896819442167, 19.015036310100655 ], [ 72.911849786351468, 19.017183618626376 ], [ 72.907797340357902, 19.014581983024406 ], [ 72.907791757714662, 19.009833158647375 ], [ 72.911838486565856, 19.007685710467889 ], [ 72.915891102291994, 19.010287226318578 ] ] ] } },
{ "type": "Feature", "properties": { "hex_id": "88608b55d9fffff", "police_distance": 2395.9941021515133, "hospital_distance": 1116.2582794671457, "railway_distance": 2145.6261703302876, "metro_distance": 3121.0072599395521, "bus_stop_distance": 472.99830872944722, "restaurants": 0, "parks": 0, "schools": 0, "pharmacies": 0, "crime_count": 0 }, "geometry": { "type": "Polygon", "coordinates": [ [ [ 72.916045531864782, 19.138472312020106 ], [ 72.916051254132924, 19.143218297618812 ], [ 72.91200240677766, 19.145360558391573 ], [ 72.907948141672719, 19.142756973801905 ], [ 72.907942554032175, 19.138011247093143 ], [ 72.91199109687679, 19.135868846084676 ], [ 72.916045531864782, 19.138472312020106 ] ] ] } },
{ "type": "Feature", "properties": { "hex_id": "88608b474dfffff", "police_distance": 3697.5490479861887, "hospital_distance": 3257.9777073076584, "railway_distance": 4546.2387219112707, "metro_distance": 5781.819585561554, "bus_stop_distance": 3737.0977587835932, "restaurants": 0, "parks": 0, "schools": 0, "pharmacies": 0, "crime_count": 0 }, "geometry": { "type": "Polygon", "coordinates": [ [ [ 72.91207028193169, 19.202301102927574 ], [ 72.912075939413484, 19.207045393465421 ], [ 72.908026388091884, 19.209184983909328 ], [ 72.903971483956212, 19.206580424364326 ], [ 72.903965961146781, 19.201836392485639 ], [ 72.908015207808475, 19.199696661493334 ], [ 72.91207028193169, 19.202301102927574 ] ] ] } },
{ "type": "Feature", "properties": { "hex_id": "88608b442dfffff", "police_distance": 1900.6115499980949, "hospital_distance": 287.19999420640812, "railway_distance": 543.38118916545682, "metro_distance": 2505.2834586009594, "bus_stop_distance": 625.01225958255748, "restaurants": 2, "parks": 0, "schools": 0, "pharmacies": 0, "crime_count": 0 }, "geometry": { "type": "Polygon", "coordinates": [ [ [ 72.843247701481573, 19.233904218360941 ], [ 72.843252216368839, 19.238645435087438 ], [ 72.839205629269173, 19.240781226151277 ], [ 72.835154832253423, 19.238175941616191 ], [ 72.835150451805617, 19.233434983900437 ], [ 72.839196733941961, 19.231299051709598 ], [ 72.843247701481573, 19.233904218360941 ] ] ] } },
{ "type": "Feature", "properties": { "hex_id": "88608b429dfffff", "police_distance": 4630.0482027249755, "hospital_distance": 3156.3556059876255, "railway_distance": 5369.3092714133045, "metro_distance": 7276.9964308439203, "bus_stop_distance": 2208.1966582739601, "restaurants": 0, "parks": 0, "schools": 0, "pharmacies": 0, "crime_count": 0 }, "geometry": { "type": "Polygon", "coordinates": [ [ [ 72.932344230258124, 19.210578909213858 ], [ 72.932350224855909, 19.215323671428045 ], [ 72.928299553964422, 19.217463684447296 ], [ 72.924243193090177, 19.214859075709423 ], [ 72.924237333249707, 19.210114571978654 ], [ 72.928287699533968, 19.207974418502829 ], [ 72.932344230258124, 19.210578909213858 ] ] ] } },
{ "type": "Feature", "properties": { "hex_id": "88608b086dfffff", "police_distance": 362.72011563037478, "hospital_distance": 469.8265344849126, "railway_distance": 1434.8102790301473, "metro_distance": 2164.1013218217336, "bus_stop_distance": 286.79113321434352, "restaurants": 5, "parks": 3, "schools": 1, "pharmacies": 1, "crime_count": 0 }, "geometry": { "type": "Polygon", "coordinates": [ [ [ 72.830953464468777, 19.069570684103436 ], [ 72.830957772781474, 19.07431550037612 ], [ 72.826914113189972, 19.076457338997329 ], [ 72.822866449949473, 19.07385450180983 ], [ 72.822862275875337, 19.069109945299772 ], [ 72.826905630810984, 19.066967966215238 ], [ 72.830953464468777, 19.069570684103436 ] ] ] } },
{ "type": "Feature", "properties": { "hex_id": "88608b46c3fffff", "police_distance": 689.7031547936881, "hospital_distance": 1255.5353393657908, "railway_distance": 2568.353350322709, "metro_distance": 2501.1637485609622, "bus_stop_distance": 690.48868721130361, "restaurants": 0, "parks": 0, "schools": 0, "pharmacies": 0, "crime_count": 0 }, "geometry": { "type": "Polygon", "coordinates": [ [ [ 72.810792843080208, 19.146682340739815 ], [ 72.810796818026887, 19.151424609968011 ], [ 72.806753072964923, 19.153562655539552 ], [ 72.802705657852059, 19.150958572824248 ], [ 72.802701817139024, 19.146216563187849 ], [ 72.80674525731304, 19.144078376675587 ], [ 72.810792843080208, 19.146682340739815 ] ] ] } },
{ "type": "Feature", "properties": { "hex_id": "88608b0b03fffff", "police_distance": 320.37762419647981, "hospital_distance": 427.75983572097192, "railway_distance": 522.3962464211728, "metro_distance": 833.31233546203896, "bus_stop_distance": 188.83461086248448, "restaurants": 2, "parks": 0, "schools": 4, "pharmacies": 4, "crime_count": 0 }, "geometry": { "type": "Polygon", "coordinates": [ [ [ 72.851178628157029, 19.063602799589376 ], [ 72.851183271972502, 19.068348436837478 ], [ 72.84713869292348, 19.070491257598285 ], [ 72.843089774641257, 19.067888581419552 ], [ 72.843085265135997, 19.063143203816832 ], [ 72.847129539610592, 19.06100024274809 ], [ 72.851178628157029, 19.063602799589376 ] ] ] } },
{ "type": "Feature", "properties": { "hex_id": "88608b54c5fffff", "police_distance": 2646.7909864177868, "hospital_distance": 526.06375568630676, "railway_distance": 1901.0430100998497, "metro_distance": 2522.7546914078594, "bus_stop_distance": 501.27752076997433, "restaurants": 0, "parks": 0, "schools": 2, "pharmacies": 2, "crime_count": 0 }, "geometry": { "type": "Polygon", "coordinates": [ [ [ 72.907909032077882, 19.109534463026741 ], [ 72.907914618607336, 19.114280881949128 ], [ 72.903866581876812, 19.116423984672505 ], [ 72.89981326310199, 19.113820808630592 ], [ 72.89980781114204, 19.109074648771895 ], [ 72.90385554339521, 19.106931405891984 ], [ 72.907909032077882, 19.109534463026741 ] ] ] } },
{ "type": "Feature", "properties": { "hex_id": "88608b4639fffff", "police_distance": 1229.0612782121657, "hospital_distance": 258.68065943629887, "railway_distance": 711.95484214392457, "metro_distance": 1650.3351163561879, "bus_stop_distance": 1154.5841187695974, "restaurants": 1, "parks": 1, "schools": 0, "pharmacies": 0, "crime_count": 0 }, "geometry": { "type": "Polygon", "coordinates": [ [ [ 72.8472348393326, 19.170119155307436 ], [ 72.847239419401859, 19.174862071207457 ], [ 72.843193534503413, 19.177000536849093 ], [ 72.839143374357647, 19.174396227406707 ], [ 72.839138928683298, 19.169653570749581 ], [ 72.843184508767649, 19.167514964292572 ], [ 72.8472348393326, 19.170119155307436 ] ] ] } },
{ "type": "Feature", "properties": { "hex_id": "88608b1905fffff", "police_distance": 1036.3856797455371, "hospital_distance": 1273.7293778769886, "railway_distance": 2408.7260121891618, "metro_distance": 7407.7957078001064, "bus_stop_distance": 838.29822569439943, "restaurants": 0, "parks": 0, "schools": 0, "pharmacies": 0, "crime_count": 0 }, "geometry": { "type": "Polygon", "coordinates": [ [ [ 72.948316730235177, 19.026350496178161 ], [ 72.948322986347236, 19.031100274720799 ], [ 72.944274124402227, 19.033248146473543 ], [ 72.940219310514124, 19.030646379205333 ], [ 72.940213189047284, 19.025896859775656 ], [ 72.944261746831131, 19.023748848501789 ], [ 72.948316730235177, 19.026350496178161 ] ] ] } },
{ "type": "Feature", "properties": { "hex_id": "88608b55cbfffff", "police_distance": 885.18858985515112, "hospital_distance": 460.49641901835042, "railway_distance": 1552.2495029469105, "metro_distance": 4638.1597846598561, "bus_stop_distance": 554.68960970539592, "restaurants": 0, "parks": 0, "schools": 1, "pharmacies": 1, "crime_count": 0 }, "geometry": { "type": "Polygon", "coordinates": [ [ [ 72.928210664894365, 19.146282857569489 ], [ 72.928216589457165, 19.151029057925005 ], [ 72.924167030316411, 19.153171459753981 ], [ 72.920111851105773, 19.150567801421698 ], [ 72.920106061224203, 19.145821859839259 ], [ 72.924155315879858, 19.143679317816598 ], [ 72.928210664894365, 19.146282857569489 ] ] ] } },
{ "type": "Feature", "properties": { "hex_id": "88608b543bfffff", "police_distance": 2024.8679601846873, "hospital_distance": 193.13981240366209, "railway_distance": 861.05464869526031, "metro_distance": 3791.3944447096487, "bus_stop_distance": 125.11090356606722, "restaurants": 1, "parks": 4, "schools": 3, "pharmacies": 3, "crime_count": 0 }, "geometry": { "type": "Polygon", "coordinates": [ [ [ 72.924131889336593, 19.124693646982578 ], [ 72.924137745681207, 19.129440237908671 ], [ 72.920088692731028, 19.131583341487243 ], [ 72.916034087897501, 19.128979994262284 ], [ 72.916028366198347, 19.124233662225009 ], [ 72.920077114695076, 19.122090418524422 ], [ 72.924131889336593, 19.124693646982578 ] ] ] } },
{ "type": "Feature", "properties": { "hex_id": "88608b4689fffff", "police_distance": 1421.4990829870426, "hospital_distance": 2108.4641397800528, "railway_distance": 3434.8597183032407, "metro_distance": 3369.11776329139, "bus_stop_distance": 1230.683977951297, "restaurants": 0, "parks": 0, "schools": 0, "pharmacies": 0, "crime_count": 0 }, "geometry": { "type": "Polygon", "coordinates": [ [ [ 72.806753072964923, 19.153562655539552 ], [ 72.806756980985028, 19.158304621670133 ], [ 72.802713339659803, 19.160442245492835 ], [ 72.798666095238531, 19.157838044182927 ], [ 72.798662321443061, 19.153096337644318 ], [ 72.802705657852059, 19.150958572824248 ], [ 72.806753072964923, 19.153562655539552 ] ] ] } },
{ "type": "Feature", "properties": { "hex_id": "88608b5515fffff", "police_distance": 405.23173362764459, "hospital_distance": 173.81564942627583, "railway_distance": 384.74139223570535, "metro_distance": 8487.065975876003, "bus_stop_distance": 169.8068736100881, "restaurants": 7, "parks": 2, "schools": 6, "pharmacies": 6, "crime_count": 0 }, "geometry": { "type": "Polygon", "coordinates": [ [ [ 72.956613035139057, 19.169255018814773 ], [ 72.956619432286871, 19.174001602883937 ], [ 72.952568145582092, 19.176144147102555 ], [ 72.948510766172376, 19.173540247369115 ], [ 72.94850450383538, 19.168793921780729 ], [ 72.952555486105069, 19.166651237445503 ], [ 72.956613035139057, 19.169255018814773 ] ] ] } },
{ "type": "Feature", "properties": { "hex_id": "88608b56d1fffff", "police_distance": 883.33419404830363, "hospital_distance": 238.16709974318152, "railway_distance": 91.054980342097124, "metro_distance": 4228.9533448069615, "bus_stop_distance": 119.59842592585635, "restaurants": 2, "parks": 1, "schools": 0, "pharmacies": 0, "crime_count": 0 }, "geometry": { "type": "Polygon", "coordinates": [ [ [ 72.911883690201478, 19.045674605752541 ], [ 72.911889341498508, 19.050422703768398 ], [ 72.907842008163456, 19.052568471258059 ], [ 72.903789327867486, 19.049966280573411 ], [ 72.903783811095266, 19.045218441849595 ], [ 72.907830840102022, 19.043072534519002 ], [ 72.911883690201478, 19.045674605752541 ] ] ] } },
{ "type": "Feature", "properties": { "hex_id": "88608b1981fffff", "police_distance": 3066.6759140509275, "hospital_distance": 1937.0210339164616, "railway_distance": 1364.8886237125721, "metro_distance": 4748.5270915657584, "bus_stop_distance": 1871.9824864306465, "restaurants": 0, "parks": 0, "schools": 0, "pharmacies": 0, "crime_count": 0 }, "geometry": { "type": "Polygon", "coordinates": [ [ [ 72.8875554164363, 19.015818889934618 ], [ 72.887560663209698, 19.02056689468845 ], [ 72.88351495446642, 19.022712940887534 ], [ 72.879464303306307, 19.020111122192393 ], [ 72.879459190937141, 19.015363377020478 ], [ 72.883504595331686, 19.013217190962422 ], [ 72.8875554164363, 19.015818889934618 ] ] ] } },
{ "type": "Feature", "properties": { "hex_id": "88608b40d3fffff", "police_distance": 3854.2181135861529, "hospital_distance": 2880.5977582669516, "railway_distance": 3235.4765324260916, "metro_distance": 4124.0348485195436, "bus_stop_distance": 3202.6139887249819, "restaurants": 0, "parks": 0, "schools": 0, "pharmacies": 0, "crime_count": 0 }, "geometry": { "type": "Polygon", "coordinates": [ [ [ 72.90401567302402, 19.244528484119904 ], [ 72.904021197481669, 19.249271466269256 ], [ 72.899971448576338, 19.251409086502825 ], [ 72.895916479998661, 19.248803865376207 ], [ 72.895911090222327, 19.244061141770224 ], [ 72.8999605343502, 19.241923380747995 ], [ 72.90401567302402, 19.244528484119904 ] ] ] } },
{ "type": "Feature", "properties": { "hex_id": "88608b56a5fffff", "police_distance": 2896.3240448879906, "hospital_distance": 749.56960097819206, "railway_distance": 1677.8414563736044, "metro_distance": 1758.8361639342302, "bus_stop_distance": 208.35488002211747, "restaurants": 3, "parks": 6, "schools": 0, "pharmacies": 0, "crime_count": 0 }, "geometry": { "type": "Polygon", "coordinates": [ [ [ 72.924096755345204, 19.096211680646093 ], [ 72.92410261052521, 19.100958962918742 ], [ 72.920053960925713, 19.103103189045147 ], [ 72.915999760547194, 19.100500272892742 ], [ 72.915994039985819, 19.095753249623833 ], [ 72.920042385192119, 19.093608883504178 ], [ 72.924096755345204, 19.096211680646093 ] ] ] } },
{ "type": "Feature", "properties": { "hex_id": "88608b0965fffff", "police_distance": 2285.6485455351826, "hospital_distance": 193.77085623820119, "railway_distance": 477.12831677269571, "metro_distance": 1718.9871420929446, "bus_stop_distance": 528.79662773406324, "restaurants": 1, "parks": 0, "schools": 0, "pharmacies": 0, "crime_count": 0 }, "geometry": { "type": "Polygon", "coordinates": [ [ [ 72.855289277373075, 19.127890655214284 ], [ 72.855293990462854, 19.132634870782006 ], [ 72.851248301544615, 19.134775304497573 ], [ 72.847198204241337, 19.132171663219715 ], [ 72.84719362553767, 19.127427707009812 ], [ 72.851239009759041, 19.125287132720537 ], [ 72.855289277373075, 19.127890655214284 ] ] ] } },
{ "type": "Feature", "properties": { "hex_id": "88608b54b7fffff", "police_distance": 2085.2468363737225, "hospital_distance": 427.04789183374027, "railway_distance": 1032.3520042092284, "metro_distance": 2338.6144720463526, "bus_stop_distance": 116.78517916585668, "restaurants": 0, "parks": 9, "schools": 0, "pharmacies": 0, "crime_count": 0 }, "geometry": { "type": "Polygon", "coordinates": [ [ [ 72.867441909199115, 19.135701373878984 ], [ 72.86744682417104, 19.140445805258821 ], [ 72.863400422595475, 19.142586379365238 ], [ 72.859349410727759, 19.139982662624274 ], [ 72.859344630195594, 19.135238490485765 ], [ 72.863390727099215, 19.133097775847464 ], [ 72.867441909199115, 19.135701373878984 ] ] ] } },
{ "type": "Feature", "properties": { "hex_id": "88608b462bfffff", "police_distance": 280.62883110762226, "hospital_distance": 249.41336172172129, "railway_distance": 312.93612909529242, "metro_distance": 1114.156185222173, "bus_stop_distance": 1167.8639782177111, "restaurants": 0, "parks": 1, "schools": 0, "pharmacies": 0, "crime_count": 0 }, "geometry": { "type": "Polygon", "coordinates": [ [ [ 72.859387660688199, 19.177931877817873 ], [ 72.859392442646268, 19.182675008565759 ], [ 72.855345844758631, 19.184813614492931 ], [ 72.851294769709966, 19.182209230446212 ], [ 72.851290122200496, 19.177466358824699 ], [ 72.855336415298936, 19.175327612124082 ], [ 72.859387660688199, 19.177931877817873 ] ] ] } },
{ "type": "Feature", "properties": { "hex_id": "88608b0a6bfffff", "police_distance": 801.75992817242548, "hospital_distance": 132.59445712280581, "railway_distance": 187.45176553194628, "metro_distance": 913.87936698662213, "bus_stop_distance": 253.40076573976978, "restaurants": 1, "parks": 0, "schools": 2, "pharmacies": 2, "crime_count": 0 }, "geometry": { "type": "Polygon", "coordinates": [ [ [ 72.847083782140075, 19.013538312264899 ], [ 72.847088357205209, 19.018285018523908 ], [ 72.843044686309099, 19.020429662273848 ], [ 72.838996744837885, 19.017827739870725 ], [ 72.83899230402055, 19.013081293486064 ], [ 72.84303567043446, 19.010936509630845 ], [ 72.847083782140075, 19.013538312264899 ] ] ] } },
{ "type": "Feature", "properties": { "hex_id": "88608b0325fffff", "police_distance": 215.42596829695484, "hospital_distance": 179.96782324123643, "railway_distance": 401.76801400216812, "metro_distance": 844.06855121132367, "bus_stop_distance": 238.93078334241352, "restaurants": 5, "parks": 0, "schools": 1, "pharmacies": 1, "crime_count": 2 }, "geometry": { "type": "Polygon", "coordinates": [ [ [ 72.838925709403199, 18.941870975443639 ], [ 72.838930148015464, 18.946619122473173 ], [ 72.83488789033197, 18.948766286826469 ], [ 72.830841498402094, 18.946165443978604 ], [ 72.830837193939544, 18.941417557165405 ], [ 72.834879147264985, 18.939270252984461 ], [ 72.838925709403199, 18.941870975443639 ] ] ] } },
{ "type": "Feature", "properties": { "hex_id": "88608b55bdfffff", "police_distance": 3901.7744336417704, "hospital_distance": 2875.9234080764968, "railway_distance": 4810.5538906336478, "metro_distance": 4943.7307576850017, "bus_stop_distance": 2504.7657935582888, "restaurants": 0, "parks": 0, "schools": 0, "pharmacies": 0, "crime_count": 0 }, "geometry": { "type": "Polygon", "coordinates": [ [ [ 72.907992849465487, 19.180718621401716 ], [ 72.907998438773305, 19.185463305680084 ], [ 72.903949393816987, 19.18760359909534 ], [ 72.899895064188897, 19.18499934871009 ], [ 72.899889609517672, 19.180254923207087 ], [ 72.903938349845816, 19.178114489314495 ], [ 72.907992849465487, 19.180718621401716 ] ] ] } },
{ "type": "Feature", "properties": { "hex_id": "88608b4731fffff", "police_distance": 1014.8052779231183, "hospital_distance": 474.22478220851195, "railway_distance": 644.30538003781248, "metro_distance": 638.45644762591724, "bus_stop_distance": 412.70519444109067, "restaurants": 0, "parks": 4, "schools": 0, "pharmacies": 0, "crime_count": 0 }, "geometry": { "type": "Polygon", "coordinates": [ [ [ 72.871588087792745, 19.228430744631904 ], [ 72.871593073217298, 19.233173042479997 ], [ 72.867545157822988, 19.23531009992308 ], [ 72.863492561866764, 19.232705000441239 ], [ 72.863487710984785, 19.227962961428773 ], [ 72.867535321524301, 19.225825763063064 ], [ 72.871588087792745, 19.228430744631904 ] ] ] } },
{ "type": "Feature", "properties": { "hex_id": "88608b542dfffff", "police_distance": 2797.4218290786812, "hospital_distance": 1200.3687994894094, "railway_distance": 1437.4471585145286, "metro_distance": 7310.168726707624, "bus_stop_distance": 254.78142424601998, "restaurants": 0, "parks": 0, "schools": 0, "pharmacies": 0, "crime_count": 0 }, "geometry": { "type": "Polygon", "coordinates": [ [ [ 72.956574656706593, 19.140773080489964 ], [ 72.956581052581754, 19.145520359657283 ], [ 72.9525301696696, 19.147664027075635 ], [ 72.948473195264896, 19.145060555315585 ], [ 72.948466934173624, 19.140313534744344 ], [ 72.952517512710969, 19.138169727337587 ], [ 72.956574656706593, 19.140773080489964 ] ] ] } },
{ "type": "Feature", "properties": { "hex_id": "88608b4411fffff", "police_distance": 2553.6095458657587, "hospital_distance": 1209.9469293540928, "railway_distance": 2946.9276998855612, "metro_distance": 6703.7221977138715, "bus_stop_distance": 1048.8649308059837, "restaurants": 0, "parks": 0, "schools": 0, "pharmacies": 0, "crime_count": 0 }, "geometry": { "type": "Polygon", "coordinates": [ [ [ 72.810840551132316, 19.203581932890433 ], [ 72.810844527659512, 19.208322811706321 ], [ 72.806799977751709, 19.210458605145607 ], [ 72.802751756333379, 19.207853660966215 ], [ 72.802747914093302, 19.203113041510363 ], [ 72.806792158992295, 19.200977106874486 ], [ 72.810840551132316, 19.203581932890433 ] ] ] } },
{ "type": "Feature", "properties": { "hex_id": "88608b56c3fffff", "police_distance": 808.66769467466293, "hospital_distance": 383.11382386824386, "railway_distance": 519.38533746201097, "metro_distance": 3582.033450829616, "bus_stop_distance": 211.28899183390817, "restaurants": 0, "parks": 2, "schools": 1, "pharmacies": 1, "crime_count": 0 }, "geometry": { "type": "Polygon", "coordinates": [ [ [ 72.924044067456904, 19.053480972021422 ], [ 72.924049920890667, 19.058229287195761 ], [ 72.920001876166538, 19.060375195730401 ], [ 72.915948282319235, 19.057772928890508 ], [ 72.91594256346383, 19.053024872891552 ], [ 72.919990303885157, 19.050878824557678 ], [ 72.924044067456904, 19.053480972021422 ] ] ] } },
{ "type": "Feature", "properties": { "hex_id": "88608b0b53fffff", "police_distance": 377.393824971296, "hospital_distance": 256.35452423021491, "railway_distance": 537.18457610913106, "metro_distance": 548.09154440411328, "bus_stop_distance": 388.85386767559447, "restaurants": 3, "parks": 0, "schools": 2, "pharmacies": 2, "crime_count": 0 }, "geometry": { "type": "Polygon", "coordinates": [ [ [ 72.847111234803734, 19.042016840337173 ], [ 72.847115810778092, 19.046762862376259 ], [ 72.843071737516368, 19.048906384527626 ], [ 72.839023392830597, 19.046304024875884 ], [ 72.839018951130754, 19.041558262597135 ], [ 72.843062719849982, 19.03941460021047 ], [ 72.847111234803734, 19.042016840337173 ] ] ] } },
{ "type": "Feature", "properties": { "hex_id": "88608b5533fffff", "police_distance": 1156.4846746738958, "hospital_distance": 301.90654423145094, "railway_distance": 1900.1539146043915, "metro_distance": 8753.6351729518392, "bus_stop_distance": 222.3326052615746, "restaurants": 1, "parks": 2, "schools": 1, "pharmacies": 1, "crime_count": 0 }, "geometry": { "type": "Polygon", "coordinates": [ [ [ 72.948523291469385, 19.183032550354124 ], [ 72.948529554429371, 19.187778527629003 ], [ 72.944478472840771, 19.189920228380153 ], [ 72.940421432792476, 19.187316092087016 ], [ 72.940415304625446, 19.182570373293913 ], [ 72.944466081721558, 19.180428532312725 ], [ 72.948523291469385, 19.183032550354124 ] ] ] } },
{ "type": "Feature", "properties": { "hex_id": "88608b46a7fffff", "police_distance": 3909.6758138529231, "hospital_distance": 2052.58402446624, "railway_distance": 3746.0482363259775, "metro_distance": 6188.5265467745658, "bus_stop_distance": 1216.3651912011096, "restaurants": 0, "parks": 0, "schools": 0, "pharmacies": 0, "crime_count": 0 }, "geometry": { "type": "Polygon", "coordinates": [ [ [ 72.802736388136765, 19.188890486292824 ], [ 72.802740229994996, 19.19363145411301 ], [ 72.79869629010291, 19.195767529938177 ], [ 72.794648813365384, 19.193162779125768 ], [ 72.794645105749495, 19.188422070781812 ], [ 72.798688740636621, 19.186285853774663 ], [ 72.802736388136765, 19.188890486292824 ] ] ] } },
{ "type": "Feature", "properties": { "hex_id": "88608b5639fffff", "police_distance": 3558.926629425122, "hospital_distance": 3289.0718399247426, "railway_distance": 3762.7733131127679, "metro_distance": 5103.871169057451, "bus_stop_distance": 3194.4697409770461, "restaurants": 0, "parks": 0, "schools": 0, "pharmacies": 0, "crime_count": 0 }, "geometry": { "type": "Polygon", "coordinates": [ [ [ 72.960541640364283, 19.076901431313793 ], [ 72.96054810075087, 19.081650395831108 ], [ 72.956497922742599, 19.083796728283446 ], [ 72.952441588581166, 19.081194235892816 ], [ 72.952435262933591, 19.076445530200459 ], [ 72.956485136716253, 19.074299058074345 ], [ 72.960541640364283, 19.076901431313793 ] ] ] } },
{ "type": "Feature", "properties": { "hex_id": "88608b4713fffff", "police_distance": 562.32243047770908, "hospital_distance": 393.95654440515978, "railway_distance": 620.22343409617247, "metro_distance": 2968.2918889871726, "bus_stop_distance": 764.91875917750565, "restaurants": 0, "parks": 0, "schools": 0, "pharmacies": 0, "crime_count": 1 }, "geometry": { "type": "Polygon", "coordinates": [ [ [ 72.859416354813973, 19.206388920880947 ], [ 72.859421137723032, 19.211131354634009 ], [ 72.855374136887946, 19.213268834823594 ], [ 72.851322658001223, 19.210664022161769 ], [ 72.851318009567578, 19.205921847419127 ], [ 72.855364705553086, 19.203784226328441 ], [ 72.859416354813973, 19.206388920880947 ] ] ] } },
{ "type": "Feature", "properties": { "hex_id": "88608b54a9fffff", "police_distance": 1191.5513729962222, "hospital_distance": 908.71963019288523, "railway_distance": 804.36249141011137, "metro_distance": 808.59654259457295, "bus_stop_distance": 572.07521266546496, "restaurants": 0, "parks": 0, "schools": 0, "pharmacies": 0, "crime_count": 0 }, "geometry": { "type": "Polygon", "coordinates": [ [ [ 72.895781789179196, 19.130200856903564 ], [ 72.895787174669238, 19.134946368383208 ], [ 72.891739446762202, 19.137088207109606 ], [ 72.887686637935929, 19.134484674684 ], [ 72.887681386988589, 19.129739422269715 ], [ 72.891728810332609, 19.127597443216196 ], [ 72.895781789179196, 19.130200856903564 ] ] ] } },
{ "type": "Feature", "properties": { "hex_id": "88608b461dfffff", "police_distance": 253.84980008277199, "hospital_distance": 371.54759525660097, "railway_distance": 965.05746347044533, "metro_distance": 1699.9098001964026, "bus_stop_distance": 69.140932815051769, "restaurants": 0, "parks": 1, "schools": 0, "pharmacies": 0, "crime_count": 1 }, "geometry": { "type": "Polygon", "coordinates": [ [ [ 72.847221100035384, 19.155889712851629 ], [ 72.84722567964937, 19.16063297606874 ], [ 72.843179996124064, 19.162772004294236 ], [ 72.839130037776457, 19.160167910054529 ], [ 72.839125592543979, 19.155424906138148 ], [ 72.843170971285417, 19.153285737161319 ], [ 72.847221100035384, 19.155889712851629 ] ] ] } },
{ "type": "Feature", "properties": { "hex_id": "88608b0a5dfffff", "police_distance": 246.52570104106076, "hospital_distance": 220.71017309055904, "railway_distance": 84.181590172077094, "metro_distance": 1069.4996478216281, "bus_stop_distance": 133.0661295429916, "restaurants": 0, "parks": 0, "schools": 3, "pharmacies": 3, "crime_count": 0 }, "geometry": { "type": "Polygon", "coordinates": [ [ [ 72.83492724129853, 18.991492840061373 ], [ 72.834931614352058, 18.996239668081504 ], [ 72.830888856897147, 18.998384732123345 ], [ 72.82684203087328, 18.99578310822703 ], [ 72.826837792000518, 18.991036540254104 ], [ 72.830880244978701, 18.988891336130987 ], [ 72.83492724129853, 18.991492840061373 ] ] ] } },
{ "type": "Feature", "properties": { "hex_id": "88608b4723fffff", "police_distance": 2524.6622336327246, "hospital_distance": 1353.8173898585551, "railway_distance": 1719.5030073306812, "metro_distance": 1816.5912684567572, "bus_stop_distance": 1683.9267426163401, "restaurants": 0, "parks": 0, "schools": 0, "pharmacies": 0, "crime_count": 0 }, "geometry": { "type": "Polygon", "coordinates": [ [ [ 72.883748216583314, 19.236245834727598 ], [ 72.883753404138417, 19.24098834563241 ], [ 72.879704775834483, 19.243125543608542 ], [ 72.875651264812987, 19.240520371560841 ], [ 72.875646211854161, 19.235778119374867 ], [ 72.879694535328412, 19.233640780518314 ], [ 72.883748216583314, 19.236245834727598 ] ] ] } },
{ "type": "Feature", "properties": { "hex_id": "88608b0b63fffff", "police_distance": 1286.3926641125124, "hospital_distance": 415.21206427596593, "railway_distance": 1579.555369088454, "metro_distance": 1987.4534918782613, "bus_stop_distance": 258.12883436515415, "restaurants": 3, "parks": 4, "schools": 0, "pharmacies": 0, "crime_count": 0 }, "geometry": { "type": "Polygon", "coordinates": [ [ [ 72.871423661441312, 19.07186985549793 ], [ 72.871428641416813, 19.076615969708115 ], [ 72.86738294223683, 19.078759211566897 ], [ 72.863332567612005, 19.076156479433198 ], [ 72.863327722031713, 19.071410624693637 ], [ 72.867373116688839, 19.069267242617737 ], [ 72.871423661441312, 19.07186985549793 ] ] ] } },
{ "type": "Feature", "properties": { "hex_id": "88608b4403fffff", "police_distance": 2249.0074566682329, "hospital_distance": 428.88885080475063, "railway_distance": 1854.1918771783226, "metro_distance": 5171.203562613845, "bus_stop_distance": 492.34307277702879, "restaurants": 0, "parks": 3, "schools": 1, "pharmacies": 1, "crime_count": 0 }, "geometry": { "type": "Polygon", "coordinates": [ [ [ 72.822987558262668, 19.211396560481965 ], [ 72.822991736487054, 19.216137653769337 ], [ 72.81894647287352, 19.218273587078606 ], [ 72.814897336027713, 19.215668568255797 ], [ 72.814893292144205, 19.21092773421211 ], [ 72.818938250773456, 19.208791659748165 ], [ 72.822987558262668, 19.211396560481965 ] ] ] } },
{ "type": "Feature", "properties": { "hex_id": "88608b56b5fffff", "police_distance": 823.85411640092127, "hospital_distance": 362.98552831187425, "railway_distance": 351.2826176321895, "metro_distance": 911.25578994332477, "bus_stop_distance": 332.17770428729648, "restaurants": 0, "parks": 0, "schools": 0, "pharmacies": 0, "crime_count": 0 }, "geometry": { "type": "Polygon", "coordinates": [ [ [ 72.903833468626885, 19.087944867431393 ], [ 72.903838987044622, 19.092691674506565 ], [ 72.899791456346207, 19.094835478620514 ], [ 72.895738711683492, 19.092232615744347 ], [ 72.895733327799476, 19.087486067848236 ], [ 72.899780554052256, 19.085342123649852 ], [ 72.903833468626885, 19.087944867431393 ] ] ] } },
{ "type": "Feature", "properties": { "hex_id": "88608b4509fffff", "police_distance": 605.3523915760087, "hospital_distance": 409.72573031498865, "railway_distance": 738.46503682568994, "metro_distance": 2704.4623440363098, "bus_stop_distance": 905.02764830457954, "restaurants": 0, "parks": 6, "schools": 1, "pharmacies": 1, "crime_count": 0 }, "geometry": { "type": "Polygon", "coordinates": [ [ [ 72.86351681868878, 19.256413444375095 ], [ 72.863521670535647, 19.261154782511682 ], [ 72.859473760186916, 19.263290431601902 ], [ 72.855421302941153, 19.260684883655063 ], [ 72.855416585632284, 19.255943804295882 ], [ 72.859464191039024, 19.25380801410672 ], [ 72.86351681868878, 19.256413444375095 ] ] ] } },
{ "type": "Feature", "properties": { "hex_id": "88608b0949fffff", "police_distance": 1673.5900726424961, "hospital_distance": 262.77838229255366, "railway_distance": 676.11944675384916, "metro_distance": 693.99016560747725, "bus_stop_distance": 209.41452884800321, "restaurants": 1, "parks": 1, "schools": 1, "pharmacies": 1, "crime_count": 0 }, "geometry": { "type": "Polygon", "coordinates": [ [ [ 72.851206493357466, 19.092074903846221 ], [ 72.851211138096033, 19.096819852975031 ], [ 72.847166156500919, 19.098961550875931 ], [ 72.843116834809848, 19.096358440085929 ], [ 72.843112324408239, 19.091613750487877 ], [ 72.847157001368601, 19.089471912149712 ], [ 72.851206493357466, 19.092074903846221 ] ] ] } },
{ "type": "Feature", "properties": { "hex_id": "88608b549bfffff", "police_distance": 2802.514620286805, "hospital_distance": 838.74619297788456, "railway_distance": 623.87774211768988, "metro_distance": 1108.8835430238646, "bus_stop_distance": 506.94005070253269, "restaurants": 0, "parks": 0, "schools": 0, "pharmacies": 0, "crime_count": 0 }, "geometry": { "type": "Polygon", "coordinates": [ [ [ 72.863356797921611, 19.099884032098018 ], [ 72.863361644465229, 19.104629197997763 ], [ 72.859315950328778, 19.106771036258788 ], [ 72.855265714266423, 19.10416784901625 ], [ 72.85526100211348, 19.0994229425309 ], [ 72.859306391640061, 19.097280963874258 ], [ 72.863356797921611, 19.099884032098018 ] ] ] } },
{ "type": "Feature", "properties": { "hex_id": "88608b4715fffff", "police_distance": 1281.8852457072801, "hospital_distance": 198.04281603317645, "railway_distance": 91.394313430072316, "metro_distance": 2050.9039428806959, "bus_stop_distance": 932.56252550557315, "restaurants": 1, "parks": 0, "schools": 0, "pharmacies": 0, "crime_count": 0 }, "geometry": { "type": "Polygon", "coordinates": [ [ [ 72.871573132510647, 19.214203151611706 ], [ 72.871578117439427, 19.218945799137074 ], [ 72.867530403619483, 19.22108341973308 ], [ 72.863478009703158, 19.218478533663287 ], [ 72.86347315930351, 19.213736145031671 ], [ 72.867520568298858, 19.211598383576636 ], [ 72.871573132510647, 19.214203151611706 ] ] ] } },
{ "type": "Feature", "properties": { "hex_id": "88608b0a4dfffff", "police_distance": 1502.7039950405863, "hospital_distance": 446.24617381942375, "railway_distance": 490.22895763351676, "metro_distance": 2661.0521572371758, "bus_stop_distance": 368.79864161917465, "restaurants": 0, "parks": 2, "schools": 1, "pharmacies": 1, "crime_count": 0 }, "geometry": { "type": "Polygon", "coordinates": [ [ [ 72.855162082950443, 18.99975344911234 ], [ 72.855166791826761, 19.004500756529964 ], [ 72.851122914367082, 19.006646241147472 ], [ 72.84707463246437, 19.004044558338922 ], [ 72.847070057853756, 18.999297510794168 ], [ 72.851113630887994, 18.997151886185748 ], [ 72.855162082950443, 18.99975344911234 ] ] ] } },
{ "type": "Feature", "properties": { "hex_id": "88608b55a1fffff", "police_distance": 3713.6279170195844, "hospital_distance": 2830.5057113327875, "railway_distance": 4688.1106064489604, "metro_distance": 6430.0334745026648, "bus_stop_distance": 2739.809723002244, "restaurants": 0, "parks": 0, "schools": 0, "pharmacies": 0, "crime_count": 0 }, "geometry": { "type": "Polygon", "coordinates": [ [ [ 72.920158177068927, 19.188531163684985 ], [ 72.920163968678295, 19.193276061755537 ], [ 72.916114211603983, 19.195416496123247 ], [ 72.912058967530783, 19.192812172856037 ], [ 72.912053310611654, 19.188067533443885 ], [ 72.916102763083316, 19.185926958641076 ], [ 72.920158177068927, 19.188531163684985 ] ] ] } },
{ "type": "Feature", "properties": { "hex_id": "88608b5411fffff", "police_distance": 1938.7095836890117, "hospital_distance": 754.4644856021448, "railway_distance": 846.32256629029359, "metro_distance": 3079.8347494143404, "bus_stop_distance": 236.43433754377895, "restaurants": 0, "parks": 0, "schools": 0, "pharmacies": 0, "crime_count": 0 }, "geometry": { "type": "Polygon", "coordinates": [ [ [ 72.924114321467471, 19.110453182187051 ], [ 72.924120177229739, 19.115200119060827 ], [ 72.92007132596494, 19.117343784007385 ], [ 72.916016923369014, 19.114740652138433 ], [ 72.916011202238792, 19.109993974211019 ], [ 72.920059749080266, 19.107850169206774 ], [ 72.924114321467471, 19.110453182187051 ] ] ] } },
{ "type": "Feature", "properties": { "hex_id": "88608b19e1fffff", "police_distance": 2879.3370988822612, "hospital_distance": 1293.0860684687793, "railway_distance": 1307.9404957136567, "metro_distance": 6273.6517790962753, "bus_stop_distance": 708.59769872048219, "restaurants": 0, "parks": 0, "schools": 0, "pharmacies": 0, "crime_count": 0 }, "geometry": { "type": "Polygon", "coordinates": [ [ [ 72.907808506199316, 19.024079289913303 ], [ 72.90781408939749, 19.028827772302897 ], [ 72.903767261875288, 19.030974239988048 ], [ 72.899715155459305, 19.02837236505237 ], [ 72.899709706750187, 19.023624142069608 ], [ 72.903756229975826, 19.021477534616306 ], [ 72.907808506199316, 19.024079289913303 ] ] ] } },
{ "type": "Feature", "properties": { "hex_id": "88608b460dfffff", "police_distance": 951.61546268088091, "hospital_distance": 915.4112377906655, "railway_distance": 590.99664077253306, "metro_distance": 591.24599987504519, "bus_stop_distance": 507.14618572569583, "restaurants": 0, "parks": 0, "schools": 0, "pharmacies": 0, "crime_count": 0 }, "geometry": { "type": "Polygon", "coordinates": [ [ [ 72.867471401473878, 19.164166228650572 ], [ 72.867476317423154, 19.16890996620171 ], [ 72.863429512939859, 19.171049415807612 ], [ 72.859378097247429, 19.168445268523172 ], [ 72.859373315764728, 19.163701790097925 ], [ 72.863419815515726, 19.161562199831835 ], [ 72.867471401473878, 19.164166228650572 ] ] ] } },
{ "type": "Feature", "properties": { "hex_id": "88608b5499fffff", "police_distance": 2385.3462467740615, "hospital_distance": 508.24157783124087, "railway_distance": 230.8166785452741, "metro_distance": 1319.6295003033663, "bus_stop_distance": 436.64917764304772, "restaurants": 1, "parks": 0, "schools": 1, "pharmacies": 1, "crime_count": 0 }, "geometry": { "type": "Polygon", "coordinates": [ [ [ 72.871453543769306, 19.100344819439574 ], [ 72.871458524734877, 19.105090244695315 ], [ 72.867412422787339, 19.107232363800946 ], [ 72.863361644465229, 19.104629197997763 ], [ 72.863356797921611, 19.099884032098018 ], [ 72.867402595285995, 19.09774177264606 ], [ 72.871453543769306, 19.100344819439574 ] ] ] } },
{ "type": "Feature", "properties": { "hex_id": "88608b0b55fffff", "police_distance": 993.06402199548063, "hospital_distance": 529.80485087458362, "railway_distance": 855.10438373855084, "metro_distance": 833.65760359961905, "bus_stop_distance": 598.6166410094113, "restaurants": 0, "parks": 2, "schools": 1, "pharmacies": 1, "crime_count": 0 }, "geometry": { "type": "Polygon", "coordinates": [ [ [ 72.859258607695239, 19.049823716565953 ], [ 72.859263385377446, 19.05456995669492 ], [ 72.855218599760846, 19.056713619181888 ], [ 72.851169340987511, 19.054111181734438 ], [ 72.851164697633479, 19.049365201249639 ], [ 72.855209178732423, 19.047221398568762 ], [ 72.859258607695239, 19.049823716565953 ] ] ] } },
{ "type": "Feature", "properties": { "hex_id": "88608b56a7fffff", "police_distance": 2265.7476746548014, "hospital_distance": 259.08710285977565, "railway_distance": 1215.130921809844, "metro_distance": 1248.7037643717958, "bus_stop_distance": 377.36446506675935, "restaurants": 2, "parks": 1, "schools": 0, "pharmacies": 0, "crime_count": 0 }, "geometry": { "type": "Polygon", "coordinates": [ [ [ 72.915994039985819, 19.095753249623833 ], [ 72.915999760547194, 19.100500272892742 ], [ 72.911951518127481, 19.102644217947176 ], [ 72.907897859574433, 19.10004127977594 ], [ 72.907892273600396, 19.095294515569428 ], [ 72.911940211599884, 19.09315043047237 ], [ 72.915994039985819, 19.095753249623833 ] ] ] } },
{ "type": "Feature", "properties": { "hex_id": "88608b5517fffff", "police_distance": 1037.3963649295326, "hospital_distance": 265.9850370294464, "railway_distance": 1236.7530171582171, "metro_distance": 7748.5493121289692, "bus_stop_distance": 42.894129489807014, "restaurants": 6, "parks": 0, "schools": 2, "pharmacies": 2, "crime_count": 0 }, "geometry": { "type": "Polygon", "coordinates": [ [ [ 72.94850450383538, 19.168793921780729 ], [ 72.948510766172376, 19.173540247369115 ], [ 72.944459886470113, 19.175682510060607 ], [ 72.940403048901004, 19.173078587330309 ], [ 72.940396921343549, 19.168332520281488 ], [ 72.94444749658345, 19.166190117423906 ], [ 72.94850450383538, 19.168793921780729 ] ] ] } },
{ "type": "Feature", "properties": { "hex_id": "88608b468bfffff", "police_distance": 1709.1271395119484, "hospital_distance": 2487.5476295631029, "railway_distance": 3947.0720462677177, "metro_distance": 3873.8341828382895, "bus_stop_distance": 1404.0575141477011, "restaurants": 0, "parks": 0, "schools": 0, "pharmacies": 0, "crime_count": 0 }, "geometry": { "type": "Polygon", "coordinates": [ [ [ 72.798662321443061, 19.153096337644318 ], [ 72.798666095238531, 19.157838044182927 ], [ 72.794622862633034, 19.159975387245009 ], [ 72.790576161182457, 19.157371164815601 ], [ 72.790572521580231, 19.152629717927113 ], [ 72.794615449243196, 19.150492233818511 ], [ 72.798662321443061, 19.153096337644318 ] ] ] } },
{ "type": "Feature", "properties": { "hex_id": "88608b561dfffff", "police_distance": 2508.4854257355523, "hospital_distance": 2950.9613833184535, "railway_distance": 2520.1731570590487, "metro_distance": 5570.5771841531841, "bus_stop_distance": 2574.6107137964909, "restaurants": 0, "parks": 0, "schools": 0, "pharmacies": 0, "crime_count": 0 }, "geometry": { "type": "Polygon", "coordinates": [ [ [ 72.960522260489427, 19.062653849073303 ], [ 72.960528720233569, 19.067403157873787 ], [ 72.956478744020956, 19.069550050766093 ], [ 72.952422612267526, 19.066947774467522 ], [ 72.952416287249008, 19.062198724549145 ], [ 72.956465959266097, 19.060051692047765 ], [ 72.960522260489427, 19.062653849073303 ] ] ] } },
{ "type": "Feature", "properties": { "hex_id": "88608b548dfffff", "police_distance": 1199.4611641821716, "hospital_distance": 340.78513070819525, "railway_distance": 1596.6738194589086, "metro_distance": 1589.7787608196522, "bus_stop_distance": 234.46204704701495, "restaurants": 1, "parks": 0, "schools": 0, "pharmacies": 0, "crime_count": 0 }, "geometry": { "type": "Polygon", "coordinates": [ [ [ 72.895765633779931, 19.115963630301707 ], [ 72.895771018734536, 19.120709487801893 ], [ 72.89172349238217, 19.122851888197498 ], [ 72.887670885615861, 19.120248571356267 ], [ 72.887665635190501, 19.115502972978948 ], [ 72.89171285701002, 19.113360432320569 ], [ 72.895765633779931, 19.115963630301707 ] ] ] } },
{ "type": "Feature", "properties": { "hex_id": "88608b4601fffff", "police_distance": 122.35404497434348, "hospital_distance": 109.80322492060709, "railway_distance": 530.65804511682495, "metro_distance": 505.53257913107711, "bus_stop_distance": 132.81784940571484, "restaurants": 2, "parks": 0, "schools": 2, "pharmacies": 2, "crime_count": 0 }, "geometry": { "type": "Polygon", "coordinates": [ [ [ 72.859373315764728, 19.163701790097925 ], [ 72.859378097247429, 19.168445268523172 ], [ 72.855331700803433, 19.170584437039526 ], [ 72.851280827643578, 19.167980267840697 ], [ 72.85127618059613, 19.163237048599736 ], [ 72.855322272281086, 19.161097739373904 ], [ 72.859373315764728, 19.163701790097925 ] ] ] } },
{ "type": "Feature", "properties": { "hex_id": "88608b0a41fffff", "police_distance": 703.92303976625067, "hospital_distance": 268.02815598363321, "railway_distance": 127.4989855701851, "metro_distance": 2404.7021604748124, "bus_stop_distance": 127.84356105414275, "restaurants": 1, "parks": 5, "schools": 1, "pharmacies": 1, "crime_count": 0 }, "geometry": { "type": "Polygon", "coordinates": [ [ [ 72.847070057853756, 18.999297510794168 ], [ 72.84707463246437, 19.004044558338922 ], [ 72.843031162721076, 19.00618976260435 ], [ 72.838983422827027, 19.003588059365747 ], [ 72.838978982450826, 18.998841271752191 ], [ 72.84302214774209, 18.996695927446677 ], [ 72.847070057853756, 18.999297510794168 ] ] ] } },
{ "type": "Feature", "properties": { "hex_id": "88608b016bfffff", "police_distance": 355.74428591682926, "hospital_distance": 201.01995228422197, "railway_distance": 155.61152534120799, "metro_distance": 2248.2508133054325, "bus_stop_distance": 251.25763601931999, "restaurants": 8, "parks": 1, "schools": 8, "pharmacies": 8, "crime_count": 2 }, "geometry": { "type": "Polygon", "coordinates": [ [ [ 72.818724667251502, 18.962099711967817 ], [ 72.818728771159499, 18.966846699809921 ], [ 72.814687231600502, 18.968992324128376 ], [ 72.810641892610633, 18.96639110065426 ], [ 72.810637922794058, 18.961644373089491 ], [ 72.814679157883745, 18.959498608722189 ], [ 72.818724667251502, 18.962099711967817 ] ] ] } },
{ "type": "Feature", "properties": { "hex_id": "88608b5593fffff", "police_distance": 2384.4706954833568, "hospital_distance": 1278.1191459368818, "railway_distance": 2799.2585035286625, "metro_distance": 2805.0930627253415, "bus_stop_distance": 816.96790325662619, "restaurants": 0, "parks": 0, "schools": 0, "pharmacies": 0, "crime_count": 0 }, "geometry": { "type": "Polygon", "coordinates": [ [ [ 72.887712895283315, 19.158209203896376 ], [ 72.887718147274953, 19.162953762740965 ], [ 72.883670423888788, 19.165094196366837 ], [ 72.879617753169043, 19.162490211653502 ], [ 72.879612635715588, 19.157745911817443 ], [ 72.883660054451525, 19.155605337686755 ], [ 72.887712895283315, 19.158209203896376 ] ] ] } },
{ "type": "Feature", "properties": { "hex_id": "88608b0947fffff", "police_distance": 857.06577700827938, "hospital_distance": 187.73695391784275, "railway_distance": 1033.6846276895774, "metro_distance": 2060.9740625351019, "bus_stop_distance": 197.32492914965539, "restaurants": 2, "parks": 1, "schools": 1, "pharmacies": 1, "crime_count": 0 }, "geometry": { "type": "Polygon", "coordinates": [ [ [ 72.843125856061263, 19.105847474579146 ], [ 72.84313036691114, 19.110591819352525 ], [ 72.839085592078234, 19.112732674766516 ], [ 72.83503661109485, 19.110129325958791 ], [ 72.835032234564011, 19.105385240717069 ], [ 72.839076704705377, 19.103244244752059 ], [ 72.843125856061263, 19.105847474579146 ] ] ] } },
{ "type": "Feature", "properties": { "hex_id": "88608b4707fffff", "police_distance": 2137.9887654051645, "hospital_distance": 1052.1974398521813, "railway_distance": 1581.086694257956, "metro_distance": 2090.1538365712754, "bus_stop_distance": 1756.1567121711737, "restaurants": 0, "parks": 0, "schools": 0, "pharmacies": 0, "crime_count": 0 }, "geometry": { "type": "Polygon", "coordinates": [ [ [ 72.88373265494981, 19.222017601816606 ], [ 72.883737841989003, 19.226760462759007 ], [ 72.879689415329963, 19.228898223893069 ], [ 72.875636106439003, 19.226293264902065 ], [ 72.875631053982673, 19.221550662736639 ], [ 72.879679175842256, 19.219412760785772 ], [ 72.88373265494981, 19.222017601816606 ] ] ] } },
{ "type": "Feature", "properties": { "hex_id": "88608b0b47fffff", "police_distance": 906.63172126136533, "hospital_distance": 580.37977811695293, "railway_distance": 904.84091050828556, "metro_distance": 1239.6022759735556, "bus_stop_distance": 506.4173079201102, "restaurants": 6, "parks": 0, "schools": 0, "pharmacies": 0, "crime_count": 0 }, "geometry": { "type": "Polygon", "coordinates": [ [ [ 72.871408722504711, 19.05763082543703 ], [ 72.87141370198529, 19.062377283301409 ], [ 72.867368204158993, 19.064521086254157 ], [ 72.863318031352662, 19.061918571495621 ], [ 72.863313186253905, 19.057172373159119 ], [ 72.867358379587472, 19.055028430053934 ], [ 72.871408722504711, 19.05763082543703 ] ] ] } },
{ "type": "Feature", "properties": { "hex_id": "88608b5403fffff", "police_distance": 567.76285475674047, "hospital_distance": 273.3633668136618, "railway_distance": 1013.9276049589799, "metro_distance": 4465.870868206167, "bus_stop_distance": 486.82471450840626, "restaurants": 0, "parks": 2, "schools": 3, "pharmacies": 3, "crime_count": 0 }, "geometry": { "type": "Polygon", "coordinates": [ [ [ 72.936279866196855, 19.118262369881531 ], [ 72.936285924267025, 19.123009522116291 ], [ 72.932236361478957, 19.125153328217966 ], [ 72.928181045026193, 19.12255012210117 ], [ 72.928175121641686, 19.117803228695895 ], [ 72.932224380032068, 19.115659282578502 ], [ 72.936279866196855, 19.118262369881531 ] ] ] } },
{ "type": "Feature", "properties": { "hex_id": "88608b1963fffff", "police_distance": 836.34203909564701, "hospital_distance": 1190.9166190450032, "railway_distance": 2702.8340403745342, "metro_distance": 7837.3713942928334, "bus_stop_distance": 664.31505885225999, "restaurants": 0, "parks": 0, "schools": 0, "pharmacies": 0, "crime_count": 0 }, "geometry": { "type": "Polygon", "coordinates": [ [ [ 72.956421219298008, 19.026803829881427 ], [ 72.956427610086493, 19.031553867478159 ], [ 72.952378341540253, 19.033702020161758 ], [ 72.948322986347236, 19.031100274720799 ], [ 72.948316730235177, 19.026350496178161 ], [ 72.952365694647497, 19.024202204022934 ], [ 72.956421219298008, 19.026803829881427 ] ] ] } },
{ "type": "Feature", "properties": { "hex_id": "88608b5699fffff", "police_distance": 979.0528023607701, "hospital_distance": 195.86144321685458, "railway_distance": 232.86413643980339, "metro_distance": 3758.6231171918084, "bus_stop_distance": 212.00228286974721, "restaurants": 2, "parks": 2, "schools": 1, "pharmacies": 1, "crime_count": 0 }, "geometry": { "type": "Polygon", "coordinates": [ [ [ 72.899742401712928, 19.052111767258186 ], [ 72.899747851505339, 19.056859304730207 ], [ 72.895701028241618, 19.05900437070197 ], [ 72.891649059577034, 19.056402039149692 ], [ 72.891643744269231, 19.051654761029127 ], [ 72.895690263149206, 19.049509555109999 ], [ 72.899742401712928, 19.052111767258186 ] ] ] } },
{ "type": "Feature", "properties": { "hex_id": "88608b5509fffff", "police_distance": 611.43503131984744, "hospital_distance": 1025.0025225279644, "railway_distance": 1852.2327104140445, "metro_distance": 10083.918590207713, "bus_stop_distance": 864.81661697338893, "restaurants": 0, "parks": 0, "schools": 0, "pharmacies": 0, "crime_count": 0 }, "geometry": { "type": "Polygon", "coordinates": [ [ [ 72.976878412362282, 19.163285365863405 ], [ 72.976885146338802, 19.168032769929141 ], [ 72.972832943548553, 19.170176298934923 ], [ 72.968774311141232, 19.167572563836231 ], [ 72.968767712046898, 19.162825418132876 ], [ 72.972819610485558, 19.160681749166354 ], [ 72.976878412362282, 19.163285365863405 ] ] ] } },
{ "type": "Feature", "properties": { "hex_id": "88608b092dfffff", "police_distance": 1462.432661703504, "hospital_distance": 165.41539157148338, "railway_distance": 909.08262930967692, "metro_distance": 846.0686058128872, "bus_stop_distance": 226.21843925096258, "restaurants": 1, "parks": 3, "schools": 0, "pharmacies": 0, "crime_count": 2 }, "geometry": { "type": "Polygon", "coordinates": [ [ [ 72.84315292340213, 19.134311816052378 ], [ 72.843157435148726, 19.139055469532998 ], [ 72.839112257730179, 19.141195200842777 ], [ 72.835062873324773, 19.138591419352238 ], [ 72.835058495923946, 19.133848025288117 ], [ 72.839103368590585, 19.131708153298625 ], [ 72.84315292340213, 19.134311816052378 ] ] ] } },
{ "type": "Feature", "properties": { "hex_id": "88608b4463fffff", "police_distance": 1778.1151184487483, "hospital_distance": 113.2758730460657, "railway_distance": 216.23129535102444, "metro_distance": 2859.0756118827549, "bus_stop_distance": 925.01239413750784, "restaurants": 5, "parks": 7, "schools": 0, "pharmacies": 0, "crime_count": 0 }, "geometry": { "type": "Polygon", "coordinates": [ [ [ 72.843234157717532, 19.219679868566899 ], [ 72.84323867215592, 19.224421435040021 ], [ 72.839192286499426, 19.226557789554196 ], [ 72.83514169134547, 19.223952718659223 ], [ 72.835137311333156, 19.21921141125507 ], [ 72.839183392056569, 19.217074915677514 ], [ 72.843234157717532, 19.219679868566899 ] ] ] } },
{ "type": "Feature", "properties": { "hex_id": "88608b42d3fffff", "police_distance": 3401.4968197026233, "hospital_distance": 2083.434550729427, "railway_distance": 4140.4204487394909, "metro_distance": 7935.0571849873832, "bus_stop_distance": 1593.886234396434, "restaurants": 0, "parks": 0, "schools": 0, "pharmacies": 0, "crime_count": 0 }, "geometry": { "type": "Polygon", "coordinates": [ [ [ 72.932326247657329, 19.196343923864003 ], [ 72.932332241658827, 19.201089035371005 ], [ 72.928281772613545, 19.203229610822675 ], [ 72.924225614151638, 19.200625215160706 ], [ 72.924219754894025, 19.195880362195144 ], [ 72.928269919362251, 19.19373964635059 ], [ 72.932326247657329, 19.196343923864003 ] ] ] } },
{ "type": "Feature", "properties": { "hex_id": "88608b5585fffff", "police_distance": 2639.5521426517416, "hospital_distance": 1834.212409723393, "railway_distance": 4020.1163962590163, "metro_distance": 6065.3477375335069, "bus_stop_distance": 1723.7254399289754, "restaurants": 0, "parks": 0, "schools": 0, "pharmacies": 0, "crime_count": 0 }, "geometry": { "type": "Polygon", "coordinates": [ [ [ 72.920140803392911, 19.174295772581726 ], [ 72.920146594426242, 19.179041019037243 ], [ 72.916097039107655, 19.181182015645948 ], [ 72.912041997336004, 19.178577906170936 ], [ 72.912036340979483, 19.173832918431742 ], [ 72.916085591725576, 19.171691781451806 ], [ 72.920140803392911, 19.174295772581726 ] ] ] } },
{ "type": "Feature", "properties": { "hex_id": "88608b0b39fffff", "police_distance": 573.49865967854987, "hospital_distance": 136.45122322737564, "railway_distance": 582.96928284850071, "metro_distance": 645.53349255554076, "bus_stop_distance": 435.97820273998366, "restaurants": 0, "parks": 1, "schools": 0, "pharmacies": 0, "crime_count": 0 }, "geometry": { "type": "Polygon", "coordinates": [ [ [ 72.84713869292348, 19.070491257598285 ], [ 72.847143269807333, 19.075236593221192 ], [ 72.843098794099888, 19.077378993018794 ], [ 72.83905004611924, 19.074776197559054 ], [ 72.839045603536619, 19.070031121582097 ], [ 72.843089774641257, 19.067888581419552 ], [ 72.84713869292348, 19.070491257598285 ] ] ] } },
{ "type": "Feature", "properties": { "hex_id": "88608b56b3fffff", "police_distance": 767.33731835242622, "hospital_distance": 482.72286417780612, "railway_distance": 1043.7256697347159, "metro_distance": 2198.0340084035001, "bus_stop_distance": 299.18789797106456, "restaurants": 2, "parks": 3, "schools": 2, "pharmacies": 2, "crime_count": 0 }, "geometry": { "type": "Polygon", "coordinates": [ [ [ 72.891675638757917, 19.080136711834502 ], [ 72.891680955122538, 19.08488330236078 ], [ 72.887634136291879, 19.087026965664894 ], [ 72.883582305575359, 19.084424178569503 ], [ 72.883577123690856, 19.079677847338907 ], [ 72.887623638050584, 19.07753404390861 ], [ 72.891675638757917, 19.080136711834502 ] ] ] } },
{ "type": "Feature", "properties": { "hex_id": "88608b19c5fffff", "police_distance": 4315.3671803802426, "hospital_distance": 2709.7720783464615, "railway_distance": 2171.3058942085713, "metro_distance": 6953.3928904244385, "bus_stop_distance": 602.47727879039394, "restaurants": 0, "parks": 0, "schools": 0, "pharmacies": 0, "crime_count": 0 }, "geometry": { "type": "Polygon", "coordinates": [ [ [ 72.907791757714662, 19.009833158647375 ], [ 72.907797340357902, 19.014581983024406 ], [ 72.903750714300187, 19.016729010874538 ], [ 72.899698809873499, 19.014127354051343 ], [ 72.899693361705914, 19.009378789138047 ], [ 72.90373968349715, 19.00723162158484 ], [ 72.907791757714662, 19.009833158647375 ] ] ] } },
{ "type": "Feature", "properties": { "hex_id": "88608b568bfffff", "police_distance": 331.7661078202533, "hospital_distance": 417.27711345708713, "railway_distance": 709.53782982816335, "metro_distance": 2652.1449181794455, "bus_stop_distance": 175.7713934777924, "restaurants": 3, "parks": 0, "schools": 2, "pharmacies": 2, "crime_count": 0 }, "geometry": { "type": "Polygon", "coordinates": [ [ [ 72.911900644654352, 19.059918556531571 ], [ 72.911906296513209, 19.06466631115676 ], [ 72.907858761643439, 19.066811518037785 ], [ 72.903805879281009, 19.064209110199947 ], [ 72.90380036196035, 19.05946161480967 ], [ 72.90784759247174, 19.057316268022898 ], [ 72.911900644654352, 19.059918556531571 ] ] ] } },
{ "type": "Feature", "properties": { "hex_id": "88608b193bfffff", "police_distance": 2397.5998154079589, "hospital_distance": 2407.7992319734799, "railway_distance": 1976.4772599885191, "metro_distance": 6633.0379958341282, "bus_stop_distance": 1791.7669260646355, "restaurants": 0, "parks": 0, "schools": 0, "pharmacies": 0, "crime_count": 0 }, "geometry": { "type": "Polygon", "coordinates": [ [ [ 72.924008950927501, 19.024988679420947 ], [ 72.924014803197551, 19.02973768044815 ], [ 72.919967161623248, 19.031884709642924 ], [ 72.915913972029287, 19.029282877480533 ], [ 72.915908254310807, 19.024534135742758 ], [ 72.91995559164252, 19.022386966878553 ], [ 72.924008950927501, 19.024988679420947 ] ] ] } },
{ "type": "Feature", "properties": { "hex_id": "88608b4455fffff", "police_distance": 2575.0518890502772, "hospital_distance": 264.37427212826657, "railway_distance": 781.53798011199569, "metro_distance": 4650.411759276978, "bus_stop_distance": 346.77800461287944, "restaurants": 3, "parks": 19, "schools": 1, "pharmacies": 1, "crime_count": 0 }, "geometry": { "type": "Polygon", "coordinates": [ [ [ 72.831069839019079, 19.197640328595686 ], [ 72.83107415118711, 19.202382029909081 ], [ 72.827028680324418, 19.204518807591818 ], [ 72.822979202229163, 19.20191402500345 ], [ 72.82297502442006, 19.197172582933636 ], [ 72.827020190355171, 19.1950356642092 ], [ 72.831069839019079, 19.197640328595686 ] ] ] } },
{ "type": "Feature", "properties": { "hex_id": "88608b18b1fffff", "police_distance": 899.29910339358025, "hospital_distance": 466.44539147470016, "railway_distance": 598.38511885527112, "metro_distance": 2282.0292950972243, "bus_stop_distance": 275.48840568893405, "restaurants": 1, "parks": 1, "schools": 0, "pharmacies": 0, "crime_count": 0 }, "geometry": { "type": "Polygon", "coordinates": [ [ [ 72.84300411957517, 18.977706894423264 ], [ 72.843008626393058, 18.982454322864868 ], [ 72.83896566220443, 18.98460022743102 ], [ 72.834918495625899, 18.981998843523041 ], [ 72.83491412300674, 18.977251675127068 ], [ 72.838956782775256, 18.975105630594136 ], [ 72.84300411957517, 18.977706894423264 ] ] ] } },
{ "type": "Feature", "properties": { "hex_id": "88608b0b2bfffff", "police_distance": 1692.3830469570896, "hospital_distance": 93.560171463576282, "railway_distance": 864.64116009495228, "metro_distance": 849.51006991463498, "bus_stop_distance": 145.33895751469015, "restaurants": 0, "parks": 2, "schools": 1, "pharmacies": 1, "crime_count": 0 }, "geometry": { "type": "Polygon", "coordinates": [ [ [ 72.859287276162547, 19.078299440565395 ], [ 72.859292054794466, 19.08304499355777 ], [ 72.855246866591244, 19.085187533679505 ], [ 72.851197204341929, 19.082584661132881 ], [ 72.851192560064945, 19.07783936767019 ], [ 72.855237443690186, 19.075696687225062 ], [ 72.859287276162547, 19.078299440565395 ] ] ] } },
{ "type": "Feature", "properties": { "hex_id": "88608b19b7fffff", "police_distance": 829.65046488715313, "hospital_distance": 356.17066647637506, "railway_distance": 112.53237348781094, "metro_distance": 2203.3852738248106, "bus_stop_distance": 211.1493755456419, "restaurants": 1, "parks": 2, "schools": 0, "pharmacies": 0, "crime_count": 0 }, "geometry": { "type": "Polygon", "coordinates": [ [ [ 72.867338732397101, 19.036041745469479 ], [ 72.867343643950633, 19.040788587986043 ], [ 72.863298651920559, 19.042933091931701 ], [ 72.859249052805595, 19.040330893441151 ], [ 72.859244275598144, 19.035584310567344 ], [ 72.863288963167363, 19.033439666541984 ], [ 72.867338732397101, 19.036041745469479 ] ] ] } },
{ "type": "Feature", "properties": { "hex_id": "88608b4401fffff", "police_distance": 2478.8123230567558, "hospital_distance": 216.77427713564387, "railway_distance": 1080.0215112311298, "metro_distance": 4398.539029581847, "bus_stop_distance": 219.41817084659343, "restaurants": 2, "parks": 1, "schools": 1, "pharmacies": 1, "crime_count": 0 }, "geometry": { "type": "Polygon", "coordinates": [ [ [ 72.831082775951799, 19.21186508381664 ], [ 72.831087088548486, 19.21660643628945 ], [ 72.827041416333287, 19.21874265071277 ], [ 72.822991736487054, 19.216137653769337 ], [ 72.822987558262668, 19.211396560481965 ], [ 72.827032925520044, 19.209260204953189 ], [ 72.831082775951799, 19.21186508381664 ] ] ] } },
{ "type": "Feature", "properties": { "hex_id": "88608b455bfffff", "police_distance": 1190.7333494402264, "hospital_distance": 156.83380899416227, "railway_distance": 587.19961110887402, "metro_distance": 1663.9304963005729, "bus_stop_distance": 839.21086479444364, "restaurants": 1, "parks": 1, "schools": 2, "pharmacies": 2, "crime_count": 0 }, "geometry": { "type": "Polygon", "coordinates": [ [ [ 72.851345902480475, 19.234373149277374 ], [ 72.851350551838564, 19.239114624956308 ], [ 72.847303556310493, 19.241250697322215 ], [ 72.843252216368839, 19.238645435087438 ], [ 72.843247701481573, 19.233904218360941 ], [ 72.847294392072968, 19.231768004917328 ], [ 72.851345902480475, 19.234373149277374 ] ] ] } },
{ "type": "Feature", "properties": { "hex_id": "88608b54edfffff", "police_distance": 2798.707643837668, "hospital_distance": 474.06380148320596, "railway_distance": 1708.6506183138542, "metro_distance": 2952.9913183445396, "bus_stop_distance": 184.81139313846728, "restaurants": 3, "parks": 6, "schools": 0, "pharmacies": 0, "crime_count": 0 }, "geometry": { "type": "Polygon", "coordinates": [ [ [ 72.916028366198347, 19.124233662225009 ], [ 72.916034087897501, 19.128979994262284 ], [ 72.911985442207509, 19.131122816650191 ], [ 72.907931379306689, 19.128519447172838 ], [ 72.907925792221732, 19.123773374083093 ], [ 72.911974133431229, 19.121630411523736 ], [ 72.916028366198347, 19.124233662225009 ] ] ] } },
{ "type": "Feature", "properties": { "hex_id": "88608b4661fffff", "police_distance": 849.85710090397708, "hospital_distance": 242.31940252850436, "railway_distance": 1844.3321118514498, "metro_distance": 1811.9298778568868, "bus_stop_distance": 470.72639569305096, "restaurants": 0, "parks": 0, "schools": 2, "pharmacies": 2, "crime_count": 0 }, "geometry": { "type": "Polygon", "coordinates": [ [ [ 72.879627988584801, 19.171978463898906 ], [ 72.879633106547089, 19.176722416186589 ], [ 72.875585589411045, 19.178862006303667 ], [ 72.871533259027771, 19.176257784751908 ], [ 72.87152827558576, 19.17151409147349 ], [ 72.875575488014562, 19.16937436073815 ], [ 72.879627988584801, 19.171978463898906 ] ] ] } },
{ "type": "Feature", "properties": { "hex_id": "88608b541dfffff", "police_distance": 1149.5580366553415, "hospital_distance": 356.13048021095176, "railway_distance": 175.25724737778441, "metro_distance": 3554.9069138085761, "bus_stop_distance": 232.91629123701108, "restaurants": 0, "parks": 0, "schools": 1, "pharmacies": 1, "crime_count": 0 }, "geometry": { "type": "Polygon", "coordinates": [ [ [ 72.932218389606504, 19.110912086817205 ], [ 72.932224380032068, 19.115659282578502 ], [ 72.928175121641686, 19.117803228695895 ], [ 72.924120177229739, 19.115200119060827 ], [ 72.924114321467471, 19.110453182187051 ], [ 72.928163275461671, 19.108309096061408 ], [ 72.932218389606504, 19.110912086817205 ] ] ] } },
{ "type": "Feature", "properties": { "hex_id": "88608b19edfffff", "police_distance": 2507.9201658314951, "hospital_distance": 1917.6155321630706, "railway_distance": 1963.4077047688652, "metro_distance": 6579.6975802235847, "bus_stop_distance": 1271.7433312570161, "restaurants": 0, "parks": 0, "schools": 0, "pharmacies": 0, "crime_count": 0 }, "geometry": { "type": "Polygon", "coordinates": [ [ [ 72.915908254310807, 19.024534135742758 ], [ 72.915913972029287, 19.029282877480533 ], [ 72.91186673743394, 19.031429625900909 ], [ 72.90781408939749, 19.028827772302897 ], [ 72.907808506199316, 19.024079289913303 ], [ 72.911855436525073, 19.021932401774123 ], [ 72.915908254310807, 19.024534135742758 ] ] ] } },
{ "type": "Feature", "properties": { "hex_id": "88608b0b61fffff", "police_distance": 970.58697960463951, "hospital_distance": 448.0665913226623, "railway_distance": 1091.3757387092351, "metro_distance": 2648.7485288882344, "bus_stop_distance": 304.09069601385755, "restaurants": 2, "parks": 1, "schools": 0, "pharmacies": 0, "crime_count": 0 }, "geometry": { "type": "Polygon", "coordinates": [ [ [ 72.879520550546474, 19.072328784290097 ], [ 72.87952566494846, 19.077075157912432 ], [ 72.875479558131673, 19.079218680537217 ], [ 72.871428641416813, 19.076615969708115 ], [ 72.871423661441312, 19.07186985549793 ], [ 72.875469463762016, 19.069726192705286 ], [ 72.879520550546474, 19.072328784290097 ] ] ] } },
{ "type": "Feature", "properties": { "hex_id": "88608b192dfffff", "police_distance": 822.5188178104903, "hospital_distance": 584.95140530202673, "railway_distance": 1609.3526540022467, "metro_distance": 6630.1947131838615, "bus_stop_distance": 966.88465529409132, "restaurants": 0, "parks": 0, "schools": 2, "pharmacies": 2, "crime_count": 0 }, "geometry": { "type": "Polygon", "coordinates": [ [ [ 72.956440392298944, 19.041053599914704 ], [ 72.956446783722939, 19.045803294632194 ], [ 72.952397313451328, 19.047950887319473 ], [ 72.94834175592753, 19.045348924826438 ], [ 72.948335499193405, 19.040599489106082 ], [ 72.952384665301011, 19.0384517568822 ], [ 72.956440392298944, 19.041053599914704 ] ] ] } },
{ "type": "Feature", "properties": { "hex_id": "88608b4721fffff", "police_distance": 3148.4854516127707, "hospital_distance": 2120.4376957659679, "railway_distance": 2532.4068025457836, "metro_distance": 2660.0361184134326, "bus_stop_distance": 2502.4807611454094, "restaurants": 0, "parks": 0, "schools": 0, "pharmacies": 0, "crime_count": 0 }, "geometry": { "type": "Polygon", "coordinates": [ [ [ 72.89185117185373, 19.236713245842612 ], [ 72.891856494036475, 19.241456015407692 ], [ 72.887807457773476, 19.243593494886834 ], [ 72.883753404138417, 19.24098834563241 ], [ 72.883748216583314, 19.236245834727598 ], [ 72.887796948043487, 19.234108214417475 ], [ 72.89185117185373, 19.236713245842612 ] ] ] } },
{ "type": "Feature", "properties": { "hex_id": "88608b55adfffff", "police_distance": 3271.5683069306269, "hospital_distance": 2233.0832741338318, "railway_distance": 3966.9141616032894, "metro_distance": 7251.8844191913149, "bus_stop_distance": 2025.2676155515871, "restaurants": 0, "parks": 0, "schools": 0, "pharmacies": 0, "crime_count": 0 }, "geometry": { "type": "Polygon", "coordinates": [ [ [ 72.928263993031351, 19.188994489680269 ], [ 72.928269919362251, 19.19373964635059 ], [ 72.924219754894025, 19.195880362195144 ], [ 72.920163968678295, 19.193276061755537 ], [ 72.920158177068927, 19.188531163684985 ], [ 72.924208036961602, 19.186390307454747 ], [ 72.928263993031351, 19.188994489680269 ] ] ] } },
{ "type": "Feature", "properties": { "hex_id": "88608b4767fffff", "police_distance": 4085.4434193197485, "hospital_distance": 3370.3330007165368, "railway_distance": 3860.3889468297884, "metro_distance": 3896.2115061253203, "bus_stop_distance": 3800.7239215292175, "restaurants": 0, "parks": 0, "schools": 0, "pharmacies": 0, "crime_count": 0 }, "geometry": { "type": "Polygon", "coordinates": [ [ [ 72.903999100750042, 19.230298836637981 ], [ 72.904004624658199, 19.23504216924357 ], [ 72.899955077508523, 19.237180352581159 ], [ 72.89590031120575, 19.234575344038809 ], [ 72.895894921965493, 19.229832270034773 ], [ 72.899944164367909, 19.227693945972057 ], [ 72.903999100750042, 19.230298836637981 ] ] ] } },
{ "type": "Feature", "properties": { "hex_id": "88608b5463fffff", "police_distance": 1940.7984518633216, "hospital_distance": 1722.9651543451005, "railway_distance": 2207.4026658697617, "metro_distance": 6547.8489161271827, "bus_stop_distance": 1131.1285481228108, "restaurants": 0, "parks": 0, "schools": 0, "pharmacies": 0, "crime_count": 0 }, "geometry": { "type": "Polygon", "coordinates": [ [ [ 72.956555470353393, 19.126530549413271 ], [ 72.956561865592406, 19.131278175306949 ], [ 72.952511184546381, 19.13342240404355 ], [ 72.948454412613813, 19.130819146811149 ], [ 72.948448152145275, 19.126071779571113 ], [ 72.952498528846633, 19.123927410910344 ], [ 72.956555470353393, 19.126530549413271 ] ] ] } },
{ "type": "Feature", "properties": { "hex_id": "88608b4447fffff", "police_distance": 1174.3199434430055, "hospital_distance": 135.41001084556646, "railway_distance": 483.48346966305343, "metro_distance": 3877.2731365242307, "bus_stop_distance": 299.71257612892731, "restaurants": 3, "parks": 0, "schools": 0, "pharmacies": 0, "crime_count": 4 }, "geometry": { "type": "Polygon", "coordinates": [ [ [ 72.843220615299956, 19.205454470624694 ], [ 72.84322512928955, 19.210196386298566 ], [ 72.839178945056162, 19.212333304077479 ], [ 72.835128551743921, 19.209728447182844 ], [ 72.835124172166999, 19.20498679063607 ], [ 72.83917005149749, 19.202849731857441 ], [ 72.843220615299956, 19.205454470624694 ] ] ] } },
{ "type": "Feature", "properties": { "hex_id": "88608b18a3fffff", "police_distance": 1827.077411847813, "hospital_distance": 1044.6253363830363, "railway_distance": 760.96152533684972, "metro_distance": 3196.6732349416825, "bus_stop_distance": 1159.0913950781028, "restaurants": 0, "parks": 0, "schools": 0, "pharmacies": 0, "crime_count": 0 }, "geometry": { "type": "Polygon", "coordinates": [ [ [ 72.855147957257145, 18.985510845151705 ], [ 72.855152665665656, 18.990258493362102 ], [ 72.851108989379, 18.992404538246291 ], [ 72.84706090908702, 18.989803074846375 ], [ 72.847056334930841, 18.985055686565591 ], [ 72.851099706822168, 18.982909501755756 ], [ 72.855147957257145, 18.985510845151705 ] ] ] } },
{ "type": "Feature", "properties": { "hex_id": "88608b19a9fffff", "police_distance": 3119.7668878983936, "hospital_distance": 556.71333711190607, "railway_distance": 505.5409526078306, "metro_distance": 4823.9748514758021, "bus_stop_distance": 480.98279925093715, "restaurants": 0, "parks": 6, "schools": 0, "pharmacies": 0, "crime_count": 0 }, "geometry": { "type": "Polygon", "coordinates": [ [ [ 72.895668735104351, 19.030518552041443 ], [ 72.895674116848099, 19.035266474141508 ], [ 72.891627799402428, 19.037412240599053 ], [ 72.887576404572826, 19.034810224831855 ], [ 72.887571157277961, 19.030062562198154 ], [ 72.891617170371617, 19.027916655865909 ], [ 72.895668735104351, 19.030518552041443 ] ] ] } },
{ "type": "Feature", "properties": { "hex_id": "88608b454dfffff", "police_distance": 1625.8179032000032, "hospital_distance": 692.64206209592294, "railway_distance": 1113.9814387932799, "metro_distance": 2682.1239047049762, "bus_stop_distance": 1006.7026569068178, "restaurants": 0, "parks": 0, "schools": 0, "pharmacies": 0, "crime_count": 0 }, "geometry": { "type": "Polygon", "coordinates": [ [ [ 72.883763779764578, 19.250473016979623 ], [ 72.883768967835636, 19.255215177300734 ], [ 72.879720137866769, 19.25735181193339 ], [ 72.875666424694543, 19.254746427189286 ], [ 72.87566137123315, 19.250004525528716 ], [ 72.879709896342149, 19.247867749952206 ], [ 72.883763779764578, 19.250473016979623 ] ] ] } },
{ "type": "Feature", "properties": { "hex_id": "88608b0b1dfffff", "police_distance": 300.49361938489136, "hospital_distance": 363.16436989258023, "railway_distance": 483.68923674319217, "metro_distance": 1176.9331995242708, "bus_stop_distance": 322.56098075127335, "restaurants": 3, "parks": 1, "schools": 1, "pharmacies": 1, "crime_count": 0 }, "geometry": { "type": "Polygon", "coordinates": [ [ [ 72.847124963181514, 19.056254563642703 ], [ 72.847129539610592, 19.06100024274809 ], [ 72.843085265135997, 19.063143203816832 ], [ 72.839036718812835, 19.060540626081 ], [ 72.839032276671631, 19.055795206678781 ], [ 72.843076246573546, 19.053652105309848 ], [ 72.847124963181514, 19.056254563642703 ] ] ] } },
{ "type": "Feature", "properties": { "hex_id": "88608b4653fffff", "police_distance": 1281.8120147605334, "hospital_distance": 17.594670834577951, "railway_distance": 720.78408164771611, "metro_distance": 1059.0998206263164, "bus_stop_distance": 219.73150627127518, "restaurants": 2, "parks": 6, "schools": 1, "pharmacies": 1, "crime_count": 0 }, "geometry": { "type": "Polygon", "coordinates": [ [ [ 72.847207362103802, 19.141659229538519 ], [ 72.8472119412626, 19.146402839525699 ], [ 72.843166459090355, 19.148542430148279 ], [ 72.83911670252084, 19.14593855147146 ], [ 72.839112257730179, 19.141195200842777 ], [ 72.843157435148726, 19.139055469532998 ], [ 72.847207362103802, 19.141659229538519 ] ] ] } },
{ "type": "Feature", "properties": { "hex_id": "88608b4759fffff", "police_distance": 2211.0991806687721, "hospital_distance": 1163.8732186292812, "railway_distance": 2651.2869110509737, "metro_distance": 3311.2309318010989, "bus_stop_distance": 1417.0907033289466, "restaurants": 0, "parks": 0, "schools": 0, "pharmacies": 0, "crime_count": 0 }, "geometry": { "type": "Polygon", "coordinates": [ [ [ 72.887744409844473, 19.186674818629051 ], [ 72.88774966288068, 19.191418681714016 ], [ 72.883701536325148, 19.193557990572895 ], [ 72.879648461451822, 19.190953576980089 ], [ 72.8796433429806, 19.186209972787946 ], [ 72.883691164825549, 19.184070523296302 ], [ 72.887744409844473, 19.186674818629051 ] ] ] } },
{ "type": "Feature", "properties": { "hex_id": "88608b55e5fffff", "police_distance": 1809.4208249741391, "hospital_distance": 771.25525223542616, "railway_distance": 2507.4625567822518, "metro_distance": 8119.8690803654154, "bus_stop_distance": 598.6872996613663, "restaurants": 0, "parks": 1, "schools": 0, "pharmacies": 0, "crime_count": 0 }, "geometry": { "type": "Polygon", "coordinates": [ [ [ 72.940415304625446, 19.182570373293913 ], [ 72.940421432792476, 19.187316092087016 ], [ 72.936370758341241, 19.189457511291426 ], [ 72.932314260250564, 19.186853351982826 ], [ 72.932308266845268, 19.182107891730315 ], [ 72.936358636776774, 19.179966332246366 ], [ 72.940415304625446, 19.182570373293913 ] ] ] } },
{ "type": "Feature", "properties": { "hex_id": "88608b0a5bfffff", "police_distance": 1428.7816724208751, "hospital_distance": 557.26265255670933, "railway_distance": 624.04454115980332, "metro_distance": 659.9512192991582, "bus_stop_distance": 477.28513588513846, "restaurants": 0, "parks": 1, "schools": 0, "pharmacies": 0, "crime_count": 0 }, "geometry": { "type": "Polygon", "coordinates": [ [ [ 72.82278716617283, 18.983688408063404 ], [ 72.822791337759753, 18.988435016204871 ], [ 72.818749292737635, 18.990579940152742 ], [ 72.814703380637781, 18.987978396082202 ], [ 72.814699343177963, 18.983232048103797 ], [ 72.81874108369874, 18.981086984033563 ], [ 72.82278716617283, 18.983688408063404 ] ] ] } },
{ "type": "Feature", "properties": { "hex_id": "88608b5455fffff", "police_distance": 1375.6959875193841, "hospital_distance": 856.13440151530995, "railway_distance": 1401.3564599840265, "metro_distance": 4009.9837053534648, "bus_stop_distance": 854.18487630135837, "restaurants": 0, "parks": 0, "schools": 0, "pharmacies": 0, "crime_count": 0 }, "geometry": { "type": "Polygon", "coordinates": [ [ [ 72.944366982343354, 19.104478282654593 ], [ 72.944373174514553, 19.109226039476869 ], [ 72.940323406498266, 19.11137068796371 ], [ 72.936267750658985, 19.108767719530661 ], [ 72.936261693191256, 19.104020221536491 ], [ 72.940311156867153, 19.101875433147786 ], [ 72.944366982343354, 19.104478282654593 ] ] ] } },
{ "type": "Feature", "properties": { "hex_id": "88608b4439fffff", "police_distance": 1410.5591863294578, "hospital_distance": 559.55316904871074, "railway_distance": 2460.8733831700802, "metro_distance": 5284.5023923025146, "bus_stop_distance": 997.35792522217196, "restaurants": 0, "parks": 0, "schools": 1, "pharmacies": 1, "crime_count": 0 }, "geometry": { "type": "Polygon", "coordinates": [ [ [ 72.81894647287352, 19.218273587078606 ], [ 72.818950584127862, 19.223014376170028 ], [ 72.814905424196681, 19.225149887194323 ], [ 72.810856458031623, 19.222544750338905 ], [ 72.810852481109166, 19.2178042204912 ], [ 72.814897336027713, 19.215668568255797 ], [ 72.81894647287352, 19.218273587078606 ] ] ] } },
{ "type": "Feature", "properties": { "hex_id": "88608b0a09fffff", "police_distance": 189.76727610055994, "hospital_distance": 483.28674459075262, "railway_distance": 528.36398040352253, "metro_distance": 1817.5323995581948, "bus_stop_distance": 126.08581379384013, "restaurants": 0, "parks": 1, "schools": 5, "pharmacies": 5, "crime_count": 0 }, "geometry": { "type": "Polygon", "coordinates": [ [ [ 72.834940360893526, 19.005732983318271 ], [ 72.834944734381466, 19.010479470412758 ], [ 72.830901775844197, 19.012623973945203 ], [ 72.826854748333687, 19.010022130530331 ], [ 72.826850509039843, 19.005275903426181 ], [ 72.830893163070257, 19.003131259747263 ], [ 72.834940360893526, 19.005732983318271 ] ] ] } },
{ "type": "Feature", "properties": { "hex_id": "88608b461bfffff", "police_distance": 297.1264540625283, "hospital_distance": 368.1923762507713, "railway_distance": 555.9838856974493, "metro_distance": 540.49055829948111, "bus_stop_distance": 408.7259954421267, "restaurants": 6, "parks": 2, "schools": 10, "pharmacies": 10, "crime_count": 0 }, "geometry": { "type": "Polygon", "coordinates": [ [ [ 72.835071628561508, 19.14807786119222 ], [ 72.835076006397429, 19.152820908846461 ], [ 72.831031035935808, 19.154959796912095 ], [ 72.826981992454748, 19.152355778117222 ], [ 72.826977748946604, 19.147612989880063 ], [ 72.831022414599587, 19.145473961021306 ], [ 72.835071628561508, 19.14807786119222 ] ] ] } },
{ "type": "Feature", "properties": { "hex_id": "88608b54a7fffff", "police_distance": 2306.6309019700921, "hospital_distance": 823.44277850173103, "railway_distance": 1710.1136769071131, "metro_distance": 1719.1564640524527, "bus_stop_distance": 1484.7183925598367, "restaurants": 0, "parks": 0, "schools": 0, "pharmacies": 0, "crime_count": 0 }, "geometry": { "type": "Polygon", "coordinates": [ [ [ 72.887697140352756, 19.143974833123387 ], [ 72.887702391822216, 19.148719739026728 ], [ 72.883654869990636, 19.150860734755714 ], [ 72.87960240131747, 19.14825696502265 ], [ 72.879597284372778, 19.143512318185579 ], [ 72.883644501584314, 19.141371182015899 ], [ 72.887697140352756, 19.143974833123387 ] ] ] } },
{ "type": "Feature", "properties": { "hex_id": "88608b1895fffff", "police_distance": 384.44295462777075, "hospital_distance": 211.21621362148011, "railway_distance": 520.76985665576001, "metro_distance": 2397.4437977079124, "bus_stop_distance": 351.18461922779869, "restaurants": 0, "parks": 0, "schools": 1, "pharmacies": 1, "crime_count": 0 }, "geometry": { "type": "Polygon", "coordinates": [ [ [ 72.842990600016932, 18.963463929211184 ], [ 72.842995106387136, 18.968211697535256 ], [ 72.838952343281164, 18.970358162172175 ], [ 72.834905378202791, 18.967756998387031 ], [ 72.834901006017972, 18.963009490165234 ], [ 72.838943464733958, 18.960862885626973 ], [ 72.842990600016932, 18.963463929211184 ] ] ] } },
{ "type": "Feature", "properties": { "hex_id": "88608b56ebfffff", "police_distance": 1411.9529638720805, "hospital_distance": 290.4115178066848, "railway_distance": 2151.5304093634622, "metro_distance": 2706.5105049227518, "bus_stop_distance": 453.10275864336057, "restaurants": 0, "parks": 0, "schools": 0, "pharmacies": 0, "crime_count": 0 }, "geometry": { "type": "Polygon", "coordinates": [ [ [ 72.932164484710867, 19.068182147697168 ], [ 72.932170473349657, 19.072930378179841 ], [ 72.928121820015392, 19.075076007092978 ], [ 72.924067482355952, 19.072473545338593 ], [ 72.924061628340169, 19.067725573915403 ], [ 72.928109977368635, 19.065579805187689 ], [ 72.932164484710867, 19.068182147697168 ] ] ] } },
{ "type": "Feature", "properties": { "hex_id": "88608b5637fffff", "police_distance": 3093.6314437751043, "hospital_distance": 2494.6390035710465, "railway_distance": 2976.9605163003371, "metro_distance": 4253.1322702425796, "bus_stop_distance": 2245.2679835535223, "restaurants": 0, "parks": 0, "schools": 0, "pharmacies": 0, "crime_count": 0 }, "geometry": { "type": "Polygon", "coordinates": [ [ [ 72.952454240505332, 19.090691302623949 ], [ 72.952460566781994, 19.095439663540571 ], [ 72.948410593692316, 19.097585154144507 ], [ 72.944354598616783, 19.094982423620209 ], [ 72.944348407061383, 19.090234321530154 ], [ 72.948398075868042, 19.088088691138349 ], [ 72.952454240505332, 19.090691302623949 ] ] ] } },
{ "type": "Feature", "properties": { "hex_id": "88608b555bfffff", "police_distance": 2901.7712637128047, "hospital_distance": 1805.8637071641087, "railway_distance": 1928.380029130024, "metro_distance": 8158.5832658858099, "bus_stop_distance": 1057.4296902668329, "restaurants": 0, "parks": 0, "schools": 0, "pharmacies": 0, "crime_count": 0 }, "geometry": { "type": "Polygon", "coordinates": [ [ [ 72.964683327705643, 19.141232321985555 ], [ 72.964689858395985, 19.145979859690129 ], [ 72.960638568656407, 19.148123808556299 ], [ 72.956581052581754, 19.145520359657283 ], [ 72.956574656706593, 19.140773080489964 ], [ 72.960625642098691, 19.1386289916849 ], [ 72.964683327705643, 19.141232321985555 ] ] ] } },
{ "type": "Feature", "properties": { "hex_id": "88608b199bfffff", "police_distance": 2340.6535853298519, "hospital_distance": 853.88625043069101, "railway_distance": 641.16909487157363, "metro_distance": 3131.07091953587, "bus_stop_distance": 865.61593702390496, "restaurants": 0, "parks": 0, "schools": 0, "pharmacies": 0, "crime_count": 0 }, "geometry": { "type": "Polygon", "coordinates": [ [ [ 72.863255057585278, 19.000209086569942 ], [ 72.863259900758578, 19.004956653801923 ], [ 72.859215615675993, 19.007102418810778 ], [ 72.855166791826761, 19.004500756529964 ], [ 72.855162082950443, 18.99975344911234 ], [ 72.859206063634204, 18.997607544161824 ], [ 72.863255057585278, 19.000209086569942 ] ] ] } },
{ "type": "Feature", "properties": { "hex_id": "88608b54d1fffff", "police_distance": 1202.5929134482749, "hospital_distance": 593.37082704690465, "railway_distance": 876.40292433540696, "metro_distance": 1329.1357805318423, "bus_stop_distance": 869.11016281756622, "restaurants": 2, "parks": 0, "schools": 0, "pharmacies": 0, "crime_count": 0 }, "geometry": { "type": "Polygon", "coordinates": [ [ [ 72.883592669859453, 19.093916496589365 ], [ 72.883597852259058, 19.098662483256671 ], [ 72.879551239500344, 19.10080530441801 ], [ 72.875499748877772, 19.09820227915273 ], [ 72.875494700940365, 19.093456551782317 ], [ 72.879541009171149, 19.09131359038086 ], [ 72.883592669859453, 19.093916496589365 ] ] ] } },
{ "type": "Feature", "properties": { "hex_id": "88608b4645fffff", "police_distance": 1927.8199382729304, "hospital_distance": 1244.4656266063546, "railway_distance": 2050.9535244546514, "metro_distance": 2052.5042982965642, "bus_stop_distance": 679.25867337106229, "restaurants": 0, "parks": 1, "schools": 0, "pharmacies": 0, "crime_count": 0 }, "geometry": { "type": "Polygon", "coordinates": [ [ [ 72.879612635715588, 19.157745911817443 ], [ 72.879617753169043, 19.162490211653502 ], [ 72.875570437567376, 19.164630364119635 ], [ 72.871518309197143, 19.16202635730443 ], [ 72.87151332625055, 19.157282316535401 ], [ 72.875560337175159, 19.155142023515147 ], [ 72.879612635715588, 19.157745911817443 ] ] ] } },
{ "type": "Feature", "properties": { "hex_id": "88608b1911fffff", "police_distance": 3852.4626884976738, "hospital_distance": 3534.1928767764803, "railway_distance": 3421.1541469360482, "metro_distance": 8188.1378983367031, "bus_stop_distance": 1328.7244186925309, "restaurants": 0, "parks": 0, "schools": 0, "pharmacies": 0, "crime_count": 0 }, "geometry": { "type": "Polygon", "coordinates": [ [ [ 72.923991395280879, 19.010740992014735 ], [ 72.923997246969179, 19.015490335143102 ], [ 72.919949806939698, 19.017637924383575 ], [ 72.915896819442167, 19.015036310100655 ], [ 72.915891102291994, 19.010287226318578 ], [ 72.91993823810904, 19.008139497473742 ], [ 72.923991395280879, 19.010740992014735 ] ] ] } },
{ "type": "Feature", "properties": { "hex_id": "88608b55d7fffff", "police_distance": 2652.0464445970215, "hospital_distance": 2566.7054629866466, "railway_distance": 3339.286320936937, "metro_distance": 3347.8032812172264, "bus_stop_distance": 1725.6023676652781, "restaurants": 0, "parks": 0, "schools": 0, "pharmacies": 0, "crime_count": 0 }, "geometry": { "type": "Polygon", "coordinates": [ [ [ 72.907959317509452, 19.152248080412111 ], [ 72.907964905705654, 19.156993460191803 ], [ 72.903916264099905, 19.159134877892356 ], [ 72.899862338873632, 19.156531056163164 ], [ 72.899856885287164, 19.151785935274393 ], [ 72.903905222325065, 19.149644377224512 ], [ 72.907959317509452, 19.152248080412111 ] ] ] } },
{ "type": "Feature", "properties": { "hex_id": "88608b474bfffff", "police_distance": 2625.850499683469, "hospital_distance": 2213.6244711366621, "railway_distance": 3528.6853067988245, "metro_distance": 4853.4515374965931, "bus_stop_distance": 2734.9215951519623, "restaurants": 0, "parks": 0, "schools": 0, "pharmacies": 0, "crime_count": 0 }, "geometry": { "type": "Polygon", "coordinates": [ [ [ 72.899905974073789, 19.194487851323881 ], [ 72.899911429287499, 19.19923192831304 ], [ 72.895862590275684, 19.201371377898678 ], [ 72.891808600743275, 19.198766891086279 ], [ 72.891803280148252, 19.194023072873147 ], [ 72.895851814474781, 19.191883482696912 ], [ 72.899905974073789, 19.194487851323881 ] ] ] } },
{ "type": "Feature", "properties": { "hex_id": "88608b0955fffff", "police_distance": 222.49376824225669, "hospital_distance": 899.64792875065768, "railway_distance": 1796.7645252542391, "metro_distance": 2913.122085608396, "bus_stop_distance": 88.273350098253573, "restaurants": 11, "parks": 0, "schools": 2, "pharmacies": 2, "crime_count": 0 }, "geometry": { "type": "Polygon", "coordinates": [ [ [ 72.830979316485568, 19.098037861852987 ], [ 72.830983625654554, 19.102781989744759 ], [ 72.826939563698502, 19.104922705023768 ], [ 72.822891497297547, 19.102319433004254 ], [ 72.822887322393882, 19.097575564760366 ], [ 72.826931079633681, 19.09543470888876 ], [ 72.830979316485568, 19.098037861852987 ] ] ] } },
{ "type": "Feature", "properties": { "hex_id": "88608b5447fffff", "police_distance": 1664.5790424864681, "hospital_distance": 1425.174598986586, "railway_distance": 2595.3560014449954, "metro_distance": 5554.7088374977011, "bus_stop_distance": 1556.1624109428913, "restaurants": 0, "parks": 0, "schools": 0, "pharmacies": 0, "crime_count": 0 }, "geometry": { "type": "Polygon", "coordinates": [ [ [ 72.956536285908513, 19.112286979255167 ], [ 72.956542680511447, 19.117034951326367 ], [ 72.952492201311429, 19.119179741193104 ], [ 72.948435631830847, 19.116576698849013 ], [ 72.948429371984943, 19.11182898548892 ], [ 72.952479546870393, 19.109684055762344 ], [ 72.956536285908513, 19.112286979255167 ] ] ] } },
{ "type": "Feature", "properties": { "hex_id": "88608b442bfffff", "police_distance": 2349.6171451049918, "hospital_distance": 230.39007498595103, "railway_distance": 1494.246319596429, "metro_distance": 3836.6887657474294, "bus_stop_distance": 208.94661129337362, "restaurants": 0, "parks": 1, "schools": 3, "pharmacies": 3, "crime_count": 0 }, "geometry": { "type": "Polygon", "coordinates": [ [ [ 72.831095714170615, 19.2260887919699 ], [ 72.831100027196086, 19.230829795056291 ], [ 72.827054153608316, 19.232965446034559 ], [ 72.823004271990996, 19.230360235096171 ], [ 72.823000093351212, 19.225619491137071 ], [ 72.827045661950933, 19.223483698989671 ], [ 72.831095714170615, 19.2260887919699 ] ] ] } },
{ "type": "Feature", "properties": { "hex_id": "88608b1887fffff", "police_distance": 1779.6452594851605, "hospital_distance": 497.09828726631315, "railway_distance": 867.04825795380384, "metro_distance": 3741.8220380433204, "bus_stop_distance": 935.37405242418924, "restaurants": 0, "parks": 0, "schools": 0, "pharmacies": 0, "crime_count": 0 }, "geometry": { "type": "Polygon", "coordinates": [ [ [ 72.855133832967127, 18.971267219912889 ], [ 72.855138540907902, 18.97601520836594 ], [ 72.851095065774274, 18.978161813326953 ], [ 72.847047187072931, 18.975560569695851 ], [ 72.847042613371144, 18.970812841229133 ], [ 72.851085784139556, 18.968666096407848 ], [ 72.855133832967127, 18.971267219912889 ] ] ] } },
{ "type": "Feature", "properties": { "hex_id": "88608b429bfffff", "police_distance": 4547.7254326618295, "hospital_distance": 3545.8274774544761, "railway_distance": 5352.4335700559877, "metro_distance": 6472.8823401856007, "bus_stop_distance": 3021.6419609229742, "restaurants": 0, "parks": 0, "schools": 0, "pharmacies": 0, "crime_count": 0 }, "geometry": { "type": "Polygon", "coordinates": [ [ [ 72.920175552473097, 19.202765509086063 ], [ 72.920181344658573, 19.207510058224404 ], [ 72.916131385808427, 19.209649930164325 ], [ 72.912075939413484, 19.207045393465421 ], [ 72.91207028193169, 19.202301102927574 ], [ 72.916119936148988, 19.200161090488706 ], [ 72.920175552473097, 19.202765509086063 ] ] ] } },
{ "type": "Feature", "properties": { "hex_id": "88608b56ddfffff", "police_distance": 177.75906149557474, "hospital_distance": 413.34114575436968, "railway_distance": 415.03162710310392, "metro_distance": 4254.4939065058234, "bus_stop_distance": 395.7333263012045, "restaurants": 3, "parks": 3, "schools": 0, "pharmacies": 0, "crime_count": 0 }, "geometry": { "type": "Polygon", "coordinates": [ [ [ 72.919984518032095, 19.046130467308526 ], [ 72.919990303885157, 19.050878824557678 ], [ 72.91594256346383, 19.053024872891552 ], [ 72.911889341498508, 19.050422703768398 ], [ 72.911883690201478, 19.045674605752541 ], [ 72.915931126321553, 19.043528417627126 ], [ 72.919984518032095, 19.046130467308526 ] ] ] } },
{ "type": "Feature", "properties": { "hex_id": "88608b46c1fffff", "police_distance": 1294.3130473814556, "hospital_distance": 961.62938422957836, "railway_distance": 2014.1045809753264, "metro_distance": 1982.5012293246223, "bus_stop_distance": 998.4280512082189, "restaurants": 0, "parks": 1, "schools": 0, "pharmacies": 0, "crime_count": 0 }, "geometry": { "type": "Polygon", "coordinates": [ [ [ 72.818884820401095, 19.147147816349911 ], [ 72.818888929612811, 19.151890345111688 ], [ 72.814844775991006, 19.154028671474656 ], [ 72.810796818026887, 19.151424609968011 ], [ 72.810792843080208, 19.146682340739815 ], [ 72.814836691840441, 19.144543873485315 ], [ 72.818884820401095, 19.147147816349911 ] ] ] } },
{ "type": "Feature", "properties": { "hex_id": "88608b0b01fffff", "police_distance": 533.23603380698057, "hospital_distance": 476.10258718909716, "railway_distance": 616.35991706275831, "metro_distance": 533.38859677769915, "bus_stop_distance": 277.00362766414605, "restaurants": 0, "parks": 1, "schools": 0, "pharmacies": 0, "crime_count": 0 }, "geometry": { "type": "Polygon", "coordinates": [ [ [ 72.859272941216645, 19.064062093780933 ], [ 72.859277719373651, 19.068807990616001 ], [ 72.855232732473766, 19.070951092014621 ], [ 72.851183271972502, 19.068348436837478 ], [ 72.851178628157029, 19.063602799589376 ], [ 72.855223310509089, 19.061459557932046 ], [ 72.859272941216645, 19.064062093780933 ] ] ] } },
{ "type": "Feature", "properties": { "hex_id": "88608b46a5fffff", "police_distance": 3199.8948628607395, "hospital_distance": 1235.2777677830422, "railway_distance": 2900.0815527074565, "metro_distance": 5773.9415861973175, "bus_stop_distance": 584.63655574960683, "restaurants": 0, "parks": 0, "schools": 0, "pharmacies": 0, "crime_count": 0 }, "geometry": { "type": "Polygon", "coordinates": [ [ [ 72.810828622341191, 19.189358599476684 ], [ 72.810832598473169, 19.194099826714968 ], [ 72.806788249806843, 19.196236183466425 ], [ 72.802740229994996, 19.19363145411301 ], [ 72.802736388136765, 19.188890486292824 ], [ 72.806780431824478, 19.186753988408579 ], [ 72.810828622341191, 19.189358599476684 ] ] ] } },
{ "type": "Feature", "properties": { "hex_id": "88608b5531fffff", "police_distance": 927.87477307505571, "hospital_distance": 178.46527871202235, "railway_distance": 1547.1793518516813, "metro_distance": 9422.3869740378104, "bus_stop_distance": 194.4191214965611, "restaurants": 0, "parks": 2, "schools": 0, "pharmacies": 0, "crime_count": 0 }, "geometry": { "type": "Polygon", "coordinates": [ [ [ 72.95663222721889, 19.183494422772696 ], [ 72.956638625003166, 19.188240658470519 ], [ 72.952587136371889, 19.19038264080816 ], [ 72.948529554429371, 19.187778527629003 ], [ 72.948523291469385, 19.183032550354124 ], [ 72.95257447563543, 19.180890427835969 ], [ 72.95663222721889, 19.183494422772696 ] ] ] } },
{ "type": "Feature", "properties": { "hex_id": "88608b198dfffff", "police_distance": 3819.5800029725619, "hospital_distance": 1932.8259325479787, "railway_distance": 1029.3860322120636, "metro_distance": 5590.131637447892, "bus_stop_distance": 1270.0547703710311, "restaurants": 0, "parks": 0, "schools": 0, "pharmacies": 0, "crime_count": 0 }, "geometry": { "type": "Polygon", "coordinates": [ [ [ 72.895652590942888, 19.016274101264973 ], [ 72.895657972151753, 19.021022365542073 ], [ 72.891611856120306, 19.023168692348683 ], [ 72.887560663209698, 19.02056689468845 ], [ 72.8875554164363, 19.015818889934618 ], [ 72.891601228145845, 19.013672423318354 ], [ 72.895652590942888, 19.016274101264973 ] ] ] } },
{ "type": "Feature", "properties": { "hex_id": "88608b5653fffff", "police_distance": 1735.9996984078844, "hospital_distance": 1495.9902288658352, "railway_distance": 1876.1562047730363, "metro_distance": 6402.3457323872281, "bus_stop_distance": 1824.0239451783923, "restaurants": 0, "parks": 0, "schools": 0, "pharmacies": 0, "crime_count": 0 }, "geometry": { "type": "Polygon", "coordinates": [ [ [ 72.960502882541761, 19.048405235083159 ], [ 72.960509341643544, 19.053154887616834 ], [ 72.956459567206508, 19.055302340759859 ], [ 72.952403637840916, 19.052700280913992 ], [ 72.952397313451328, 19.047950887319473 ], [ 72.956446783722939, 19.045803294632194 ], [ 72.960502882541761, 19.048405235083159 ] ] ] } },
{ "type": "Feature", "properties": { "hex_id": "88608b56c1fffff", "police_distance": 373.30001037848433, "hospital_distance": 582.0000788760326, "railway_distance": 828.67375483194462, "metro_distance": 3913.9050072723685, "bus_stop_distance": 206.46795359938963, "restaurants": 0, "parks": 1, "schools": 0, "pharmacies": 0, "crime_count": 0 }, "geometry": { "type": "Polygon", "coordinates": [ [ [ 72.932146519985309, 19.053936768510372 ], [ 72.932152508028722, 19.058685342801375 ], [ 72.92810405633962, 19.06083153226885 ], [ 72.924049920890667, 19.058229287195761 ], [ 72.924044067456904, 19.053480972021422 ], [ 72.928092214870276, 19.0513346428041 ], [ 72.932146519985309, 19.053936768510372 ] ] ] } },
{ "type": "Feature", "properties": { "hex_id": "88608b54c3fffff", "police_distance": 1503.5594106817161, "hospital_distance": 166.77727661727812, "railway_distance": 395.79989940765762, "metro_distance": 1298.751332291956, "bus_stop_distance": 394.36360268488312, "restaurants": 2, "parks": 1, "schools": 2, "pharmacies": 2, "crime_count": 0 }, "geometry": { "type": "Polygon", "coordinates": [ [ [ 72.895749479986762, 19.101725366734776 ], [ 72.89575486440603, 19.106471569707203 ], [ 72.891707539588282, 19.108614531584195 ], [ 72.88765513486176, 19.106011430687694 ], [ 72.88764988495835, 19.101265486895613 ], [ 72.89169690527342, 19.09912238482028 ], [ 72.895749479986762, 19.101725366734776 ] ] ] } },
{ "type": "Feature", "properties": { "hex_id": "88608b4637fffff", "police_distance": 1027.4495884788084, "hospital_distance": 260.2476481682213, "railway_distance": 113.57537514092172, "metro_distance": 3021.8990558771588, "bus_stop_distance": 1426.5103557335929, "restaurants": 1, "parks": 0, "schools": 0, "pharmacies": 0, "crime_count": 2 }, "geometry": { "type": "Polygon", "coordinates": [ [ [ 72.839152266148318, 19.183881193036434 ], [ 72.839156712264625, 19.188623501887548 ], [ 72.835111034306948, 19.190761123681284 ], [ 72.831061215111717, 19.188156577553066 ], [ 72.831056903372314, 19.183414527945228 ], [ 72.835102276459097, 19.181276765222901 ], [ 72.839152266148318, 19.183881193036434 ] ] ] } },
{ "type": "Feature", "properties": { "hex_id": "88608b1903fffff", "police_distance": 2365.3017563331118, "hospital_distance": 2697.1315330657521, "railway_distance": 3046.5578449427403, "metro_distance": 7653.3751927015146, "bus_stop_distance": 2363.3004418822488, "restaurants": 0, "parks": 0, "schools": 0, "pharmacies": 0, "crime_count": 0 }, "geometry": { "type": "Polygon", "coordinates": [ [ [ 72.936152693098038, 19.018545629366226 ], [ 72.936158746953041, 19.023295190379393 ], [ 72.932110595892169, 19.025442920810931 ], [ 72.92805669517098, 19.02284122979265 ], [ 72.928050775907678, 19.018091928009181 ], [ 72.93209862278168, 19.015944058014899 ], [ 72.936152693098038, 19.018545629366226 ] ] ] } },
{ "type": "Feature", "properties": { "hex_id": "88608b0109fffff", "police_distance": 1127.9926136306954, "hospital_distance": 509.10317137990057, "railway_distance": 1594.4457236949272, "metro_distance": 2725.6515691731033, "bus_stop_distance": 179.98398518586791, "restaurants": 0, "parks": 5, "schools": 0, "pharmacies": 0, "crime_count": 0 }, "geometry": { "type": "Polygon", "coordinates": [ [ [ 72.806589052932878, 18.954296483139867 ], [ 72.806592955521694, 18.959043250151609 ], [ 72.802552128493573, 18.96118873454019 ], [ 72.798507703378192, 18.958587592007454 ], [ 72.798503934827181, 18.953841085388724 ], [ 72.802544457361563, 18.951695460910393 ], [ 72.806589052932878, 18.954296483139867 ] ] ] } },
{ "type": "Feature", "properties": { "hex_id": "88608b55c9fffff", "police_distance": 742.99101554605522, "hospital_distance": 168.33261934548099, "railway_distance": 884.24706618681512, "metro_distance": 5440.8865816524476, "bus_stop_distance": 451.75619366286583, "restaurants": 0, "parks": 0, "schools": 6, "pharmacies": 6, "crime_count": 0 }, "geometry": { "type": "Polygon", "coordinates": [ [ [ 72.93631621763052, 19.146743551444281 ], [ 72.936322276905827, 19.151490010514138 ], [ 72.932272310586256, 19.153632693682113 ], [ 72.928216589457165, 19.151029057925005 ], [ 72.928210664894365, 19.146282857569489 ], [ 72.932260326755951, 19.144140034257269 ], [ 72.93631621763052, 19.146743551444281 ] ] ] } },
{ "type": "Feature", "properties": { "hex_id": "88608b473dfffff", "police_distance": 1859.1022714687874, "hospital_distance": 1075.5269637846745, "railway_distance": 1373.4148847025967, "metro_distance": 1383.5435829272478, "bus_stop_distance": 1265.6631025430042, "restaurants": 0, "parks": 0, "schools": 0, "pharmacies": 0, "crime_count": 0 }, "geometry": { "type": "Polygon", "coordinates": [ [ [ 72.879689415329963, 19.228898223893069 ], [ 72.879694535328412, 19.233640780518314 ], [ 72.875646211854161, 19.235778119374867 ], [ 72.871593073217298, 19.233173042479997 ], [ 72.871588087792745, 19.228430744631904 ], [ 72.875636106439003, 19.226293264902065 ], [ 72.879689415329963, 19.228898223893069 ] ] ] } },
{ "type": "Feature", "properties": { "hex_id": "88608b5439fffff", "police_distance": 1351.5465403801466, "hospital_distance": 437.3951048877534, "railway_distance": 150.90232012367272, "metro_distance": 4635.6717034437224, "bus_stop_distance": 271.38375384358574, "restaurants": 1, "parks": 3, "schools": 0, "pharmacies": 0, "crime_count": 0 }, "geometry": { "type": "Polygon", "coordinates": [ [ [ 72.932236361478957, 19.125153328217966 ], [ 72.932242352500282, 19.129900177974182 ], [ 72.928192892384359, 19.132043562782961 ], [ 72.924137745681207, 19.129440237908671 ], [ 72.924131889336593, 19.124693646982578 ], [ 72.928181045026193, 19.12255012210117 ], [ 72.932236361478957, 19.125153328217966 ] ] ] } },
{ "type": "Feature", "properties": { "hex_id": "88608b441dfffff", "police_distance": 2712.3217978077437, "hospital_distance": 363.58979334065458, "railway_distance": 2095.0716457837389, "metro_distance": 5939.8393208925791, "bus_stop_distance": 690.09471692135776, "restaurants": 0, "parks": 2, "schools": 0, "pharmacies": 0, "crime_count": 0 }, "geometry": { "type": "Polygon", "coordinates": [ [ [ 72.818934139927748, 19.204050521630446 ], [ 72.818938250773456, 19.208791659748165 ], [ 72.814893292144205, 19.21092773421211 ], [ 72.810844527659512, 19.208322811706321 ], [ 72.810840551132316, 19.203581932890433 ], [ 72.814885204779145, 19.201445717279089 ], [ 72.818934139927748, 19.204050521630446 ] ] ] } },
{ "type": "Feature", "properties": { "hex_id": "88608b0963fffff", "police_distance": 942.02091643860604, "hospital_distance": 373.4407809170109, "railway_distance": 541.07316382353224, "metro_distance": 1066.0583762190918, "bus_stop_distance": 553.1171325738195, "restaurants": 0, "parks": 2, "schools": 0, "pharmacies": 0, "crime_count": 0 }, "geometry": { "type": "Polygon", "coordinates": [ [ [ 72.843139389059175, 19.120080163648446 ], [ 72.843143900357376, 19.124824163049261 ], [ 72.839098924241668, 19.126964456504862 ], [ 72.835049741557299, 19.124360891175655 ], [ 72.835045364591508, 19.119617151248939 ], [ 72.839090035985492, 19.117476717177944 ], [ 72.843139389059175, 19.120080163648446 ] ] ] } },
{ "type": "Feature", "properties": { "hex_id": "88608b54b5fffff", "police_distance": 1894.9427852793185, "hospital_distance": 659.63749799170762, "railway_distance": 1382.6603409142897, "metro_distance": 1592.4877434633461, "bus_stop_distance": 73.573043091013304, "restaurants": 0, "parks": 3, "schools": 0, "pharmacies": 0, "crime_count": 0 }, "geometry": { "type": "Polygon", "coordinates": [ [ [ 72.875540138398975, 19.136163954539317 ], [ 72.875545187842008, 19.140908645102019 ], [ 72.87149837840154, 19.143049500220208 ], [ 72.86744682417104, 19.140445805258821 ], [ 72.867441909199115, 19.135701373878984 ], [ 72.871488413994399, 19.133560378278236 ], [ 72.875540138398975, 19.136163954539317 ] ] ] } },
{ "type": "Feature", "properties": { "hex_id": "88608b4629fffff", "police_distance": 625.48212776594153, "hospital_distance": 41.887510688143465, "railway_distance": 547.73977825500617, "metro_distance": 1209.7217528530582, "bus_stop_distance": 564.85937555380451, "restaurants": 0, "parks": 2, "schools": 0, "pharmacies": 0, "crime_count": 0 }, "geometry": { "type": "Polygon", "coordinates": [ [ [ 72.867486149810446, 19.178397093690275 ], [ 72.867491066248505, 19.183140483506193 ], [ 72.863444060281239, 19.185279370581565 ], [ 72.859392442646268, 19.182675008565759 ], [ 72.859387660688199, 19.177931877817873 ], [ 72.863434361892956, 19.175792850018322 ], [ 72.867486149810446, 19.178397093690275 ] ] ] } },
{ "type": "Feature", "properties": { "hex_id": "88608b542bfffff", "police_distance": 1842.1451239371911, "hospital_distance": 627.45979575273464, "railway_distance": 893.35958602944493, "metro_distance": 5922.4847377294609, "bus_stop_distance": 549.61692252880869, "restaurants": 0, "parks": 0, "schools": 1, "pharmacies": 1, "crime_count": 0 }, "geometry": { "type": "Polygon", "coordinates": [ [ [ 72.944404138449855, 19.132963094198942 ], [ 72.944410331852865, 19.137710158838658 ], [ 72.940360160265001, 19.13985368488666 ], [ 72.93630409968253, 19.137250286326012 ], [ 72.936298041009849, 19.132503480399475 ], [ 72.940347908197083, 19.130359814320926 ], [ 72.944404138449855, 19.132963094198942 ] ] ] } },
{ "type": "Feature", "properties": { "hex_id": "88608b0a69fffff", "police_distance": 1333.7205426153305, "hospital_distance": 467.36619563028972, "railway_distance": 115.99543168074459, "metro_distance": 1503.7593255116658, "bus_stop_distance": 196.7838673692564, "restaurants": 2, "parks": 0, "schools": 4, "pharmacies": 4, "crime_count": 0 }, "geometry": { "type": "Polygon", "coordinates": [ [ [ 72.855176210047276, 19.013995030144734 ], [ 72.855180919391458, 19.018741996219674 ], [ 72.851136840738718, 19.020886920380914 ], [ 72.847088357205209, 19.018285018523908 ], [ 72.847083782140075, 19.013538312264899 ], [ 72.851127556337218, 19.011393248047597 ], [ 72.855176210047276, 19.013995030144734 ] ] ] } },
{ "type": "Feature", "properties": { "hex_id": "88608b55bbfffff", "police_distance": 2539.2329038533026, "hospital_distance": 1465.7825791157461, "railway_distance": 3528.1361727830254, "metro_distance": 3508.3172509251785, "bus_stop_distance": 1123.6095522735295, "restaurants": 0, "parks": 0, "schools": 0, "pharmacies": 0, "crime_count": 0 }, "geometry": { "type": "Polygon", "coordinates": [ [ [ 72.895830265016102, 19.172906298475493 ], [ 72.895835652112908, 19.177650768606107 ], [ 72.891787319421383, 19.179790921200368 ], [ 72.887733904294365, 19.177186744184016 ], [ 72.887728651780463, 19.172442532945592 ], [ 72.891776679818491, 19.170302239831901 ], [ 72.895830265016102, 19.172906298475493 ] ] ] } },
{ "type": "Feature", "properties": { "hex_id": "88608b09adfffff", "police_distance": 2557.4700404278474, "hospital_distance": 2891.4365558397599, "railway_distance": 4107.4701352294669, "metro_distance": 4028.1568701241245, "bus_stop_distance": 1215.2815740698791, "restaurants": 0, "parks": 0, "schools": 0, "pharmacies": 0, "crime_count": 0 }, "geometry": { "type": "Polygon", "coordinates": [ [ [ 72.78651190370509, 19.131058939726831 ], [ 72.786515475690095, 19.135800776068713 ], [ 72.782473157906324, 19.13793854224782 ], [ 72.778427573082013, 19.135334613109556 ], [ 72.778424135223105, 19.130593036591527 ], [ 72.782466148070284, 19.128455129388541 ], [ 72.78651190370509, 19.131058939726831 ] ] ] } },
{ "type": "Feature", "properties": { "hex_id": "88608b45c9fffff", "police_distance": 2099.7144758091367, "hospital_distance": 1972.8166453825952, "railway_distance": 2578.1592586216516, "metro_distance": 4702.648593350762, "bus_stop_distance": 1710.0731436905826, "restaurants": 0, "parks": 0, "schools": 0, "pharmacies": 0, "crime_count": 0 }, "geometry": { "type": "Polygon", "coordinates": [ [ [ 72.823012629685948, 19.239841373261768 ], [ 72.823016808741144, 19.244581767347093 ], [ 72.818971142443232, 19.246716573464404 ], [ 72.814921602142718, 19.244111126778879 ], [ 72.814917557455189, 19.239370991820806 ], [ 72.818962918708351, 19.237236044421604 ], [ 72.823012629685948, 19.239841373261768 ] ] ] } },
{ "type": "Feature", "properties": { "hex_id": "88608b4589fffff", "police_distance": 2947.4934688825924, "hospital_distance": 4152.2779969965595, "railway_distance": 4566.1596692882667, "metro_distance": 6737.2978551904935, "bus_stop_distance": 3932.9124128123858, "restaurants": 0, "parks": 0, "schools": 0, "pharmacies": 0, "crime_count": 0 }, "geometry": { "type": "Polygon", "coordinates": [ [ [ 72.806835168581372, 19.253119584370943 ], [ 72.806839079321392, 19.257859109841259 ], [ 72.802794029377054, 19.259992789628747 ], [ 72.798745373828396, 19.257387085390192 ], [ 72.798741597406604, 19.252647819105039 ], [ 72.802786342223087, 19.250513997873824 ], [ 72.806835168581372, 19.253119584370943 ] ] ] } },
{ "type": "Feature", "properties": { "hex_id": "88608b45d3fffff", "police_distance": 2285.6644408415591, "hospital_distance": 4079.2889301111486, "railway_distance": 5787.8883824994045, "metro_distance": 8055.9910216518365, "bus_stop_distance": 4564.0295704170248, "restaurants": 0, "parks": 0, "schools": 0, "pharmacies": 0, "crime_count": 0 }, "geometry": { "type": "Polygon", "coordinates": [ [ [ 72.790638052869411, 19.237958029178682 ], [ 72.790641694642446, 19.242697386406199 ], [ 72.786597664007289, 19.244831068004952 ], [ 72.782550296757137, 19.242225533855411 ], [ 72.78254678922606, 19.237486435987606 ], [ 72.786590514711023, 19.235352612910248 ], [ 72.790638052869411, 19.237958029178682 ] ] ] } },
{ "type": "Feature", "properties": { "hex_id": "88608b4435fffff", "police_distance": 1257.8698476127413, "hospital_distance": 1646.7272262037125, "railway_distance": 2752.3136438540087, "metro_distance": 5052.7005424292684, "bus_stop_distance": 1541.1722580137769, "restaurants": 0, "parks": 0, "schools": 0, "pharmacies": 0, "crime_count": 0 }, "geometry": { "type": "Polygon", "coordinates": [ [ [ 72.818958807045277, 19.232495604902148 ], [ 72.818962918708351, 19.237236044421604 ], [ 72.814917557455189, 19.239370991820806 ], [ 72.810868389589672, 19.236765640975854 ], [ 72.810864412271883, 19.232025460641857 ], [ 72.81490946848217, 19.229890371967929 ], [ 72.818958807045277, 19.232495604902148 ] ] ] } },
{ "type": "Feature", "properties": { "hex_id": "88608b44e9fffff", "police_distance": 2117.6498084323434, "hospital_distance": 2205.9384896383617, "railway_distance": 4272.6116506024446, "metro_distance": 7592.5989505794614, "bus_stop_distance": 2284.3231726184254, "restaurants": 0, "parks": 0, "schools": 0, "pharmacies": 0, "crime_count": 0 }, "geometry": { "type": "Polygon", "coordinates": [ [ [ 72.798707615240218, 19.209989173421057 ], [ 72.798711390536113, 19.214729488802838 ], [ 72.794667353287281, 19.216864579011219 ], [ 72.79061984581385, 19.214259495140681 ], [ 72.790616204764646, 19.209519439177036 ], [ 72.794659936950012, 19.207384207666433 ], [ 72.798707615240218, 19.209989173421057 ] ] ] } },
{ "type": "Feature", "properties": { "hex_id": "88608b45ddfffff", "police_distance": 1381.2813530115977, "hospital_distance": 3103.7391132130792, "railway_distance": 4144.8763821260291, "metro_distance": 6371.8601473528479, "bus_stop_distance": 2994.9423991424756, "restaurants": 0, "parks": 0, "schools": 0, "pharmacies": 0, "crime_count": 0 }, "geometry": { "type": "Polygon", "coordinates": [ [ [ 72.806823437138789, 19.238900307234072 ], [ 72.806827347490071, 19.243640183006782 ], [ 72.802782498837118, 19.245774426784077 ], [ 72.798734044938357, 19.243168936169599 ], [ 72.798730268891916, 19.23842931964046 ], [ 72.802774812447254, 19.236294934482856 ], [ 72.806823437138789, 19.238900307234072 ] ] ] } },
{ "type": "Feature", "properties": { "hex_id": "88608b44a9fffff", "police_distance": 2781.9610453664218, "hospital_distance": 4033.0357390153686, "railway_distance": 6292.0894695496145, "metro_distance": 8938.3096494903748, "bus_stop_distance": 4519.5454383803199, "restaurants": 0, "parks": 0, "schools": 0, "pharmacies": 0, "crime_count": 0 }, "geometry": { "type": "Polygon", "coordinates": [ [ [ 72.78253626733003, 19.22326844309833 ], [ 72.782539774512529, 19.228007890548525 ], [ 72.778496354175772, 19.23014185509729 ], [ 72.774449731810591, 19.227536513660709 ], [ 72.774446358825287, 19.222797325686553 ], [ 72.778489474015828, 19.22066321967359 ], [ 72.78253626733003, 19.22326844309833 ] ] ] } },
{ "type": "Feature", "properties": { "hex_id": "88608b459dfffff", "police_distance": 3416.1827507634125, "hospital_distance": 5265.7016683816346, "railway_distance": 6172.2411437870051, "metro_distance": 8327.9819424093566, "bus_stop_distance": 5195.6203041325753, "restaurants": 0, "parks": 0, "schools": 0, "pharmacies": 0, "crime_count": 0 }, "geometry": { "type": "Polygon", "coordinates": [ [ [ 72.790648978550507, 19.252175750796699 ], [ 72.790652620685535, 19.256914757838629 ], [ 72.786608388839909, 19.25904787533165 ], [ 72.782560820047564, 19.256442127325474 ], [ 72.782557312167881, 19.251703379584868 ], [ 72.786601238833057, 19.249570120549745 ], [ 72.790648978550507, 19.252175750796699 ] ] ] } },
{ "type": "Feature", "properties": { "hex_id": "88608b45c7fffff", "police_distance": 3062.2754737860373, "hospital_distance": 3716.2629603340165, "railway_distance": 3734.0525597474352, "metro_distance": 5965.6142452351751, "bus_stop_distance": 3447.4462052853769, "restaurants": 0, "parks": 0, "schools": 0, "pharmacies": 0, "crime_count": 0 }, "geometry": { "type": "Polygon", "coordinates": [ [ [ 72.814929691919886, 19.253591046455465 ], [ 72.814933737009525, 19.258330831052845 ], [ 72.810888278155645, 19.260464792048168 ], [ 72.806839079321392, 19.257859109841259 ], [ 72.806835168581372, 19.253119584370943 ], [ 72.810880322333844, 19.250985481981061 ], [ 72.814929691919886, 19.253591046455465 ] ] ] } },
{ "type": "Feature", "properties": { "hex_id": "88608b45d1fffff", "police_distance": 1684.988241544417, "hospital_distance": 3536.1786297727813, "railway_distance": 4961.1752227734487, "metro_distance": 7212.727896628031, "bus_stop_distance": 3764.7492689688502, "restaurants": 0, "parks": 0, "schools": 0, "pharmacies": 0, "crime_count": 0 }, "geometry": { "type": "Polygon", "coordinates": [ [ [ 72.798730268891916, 19.23842931964046 ], [ 72.798734044938357, 19.243168936169599 ], [ 72.794689605247711, 19.245302898837423 ], [ 72.790641694642446, 19.242697386406199 ], [ 72.790638052869411, 19.237958029178682 ], [ 72.794682187436095, 19.235823925081384 ], [ 72.798730268891916, 19.23842931964046 ] ] ] } },
{ "type": "Feature", "properties": { "hex_id": "88608b4433fffff", "police_distance": 292.15720723701224, "hospital_distance": 1832.3860111539748, "railway_distance": 3899.8105087525528, "metro_distance": 6384.9188735750695, "bus_stop_distance": 2457.0169535475929, "restaurants": 2, "parks": 2, "schools": 0, "pharmacies": 0, "crime_count": 0 }, "geometry": { "type": "Polygon", "coordinates": [ [ [ 72.806811706862291, 19.224679980280385 ], [ 72.806815616824906, 19.229420205810314 ], [ 72.802770969443316, 19.23155501339247 ], [ 72.7987227171743, 19.228949736762051 ], [ 72.798718941503168, 19.224209770533946 ], [ 72.802763283817413, 19.222074821635054 ], [ 72.806811706862291, 19.224679980280385 ] ] ] } },
{ "type": "Feature", "properties": { "hex_id": "88608b44e7fffff", "police_distance": 1932.460268769375, "hospital_distance": 3241.8201285556884, "railway_distance": 5494.4181257661203, "metro_distance": 8086.9556897318571, "bus_stop_distance": 3992.1648770615029, "restaurants": 0, "parks": 0, "schools": 0, "pharmacies": 0, "crime_count": 0 }, "geometry": { "type": "Polygon", "coordinates": [ [ [ 72.790627128274181, 19.223739258093701 ], [ 72.790630769685279, 19.228478964961869 ], [ 72.786586940240539, 19.23061321048144 ], [ 72.782539774512529, 19.228007890548525 ], [ 72.78253626733003, 19.22326844309833 ], [ 72.786579791654802, 19.221134056163706 ], [ 72.790627128274181, 19.223739258093701 ] ] ] } },
{ "type": "Feature", "properties": { "hex_id": "88608b45dbfffff", "police_distance": 1563.2879519054104, "hospital_distance": 3265.5854097011675, "railway_distance": 5286.2294634418613, "metro_distance": 7607.1215752650769, "bus_stop_distance": 3916.7095669341088, "restaurants": 0, "parks": 0, "schools": 0, "pharmacies": 0, "crime_count": 0 }, "geometry": { "type": "Polygon", "coordinates": [ [ [ 72.794678478714602, 19.231084263292736 ], [ 72.794682187436095, 19.235823925081384 ], [ 72.790638052869411, 19.237958029178682 ], [ 72.786590514711023, 19.235352612910248 ], [ 72.786586940240539, 19.23061321048144 ], [ 72.790630769685279, 19.228478964961869 ], [ 72.794678478714602, 19.231084263292736 ] ] ] } },
{ "type": "Feature", "properties": { "hex_id": "88608b44e5fffff", "police_distance": 1087.6257620111778, "hospital_distance": 2491.3174027475643, "railway_distance": 4687.4225519792108, "metro_distance": 7235.7883550399993, "bus_stop_distance": 3203.1818941021074, "restaurants": 0, "parks": 0, "schools": 0, "pharmacies": 0, "crime_count": 0 }, "geometry": { "type": "Polygon", "coordinates": [ [ [ 72.798718941503168, 19.224209770533946 ], [ 72.7987227171743, 19.228949736762051 ], [ 72.794678478714602, 19.231084263292736 ], [ 72.790630769685279, 19.228478964961869 ], [ 72.790627128274181, 19.223739258093701 ], [ 72.794671061640173, 19.221604590197082 ], [ 72.798718941503168, 19.224209770533946 ] ] ] } },
{ "type": "Feature", "properties": { "hex_id": "88608b44c5fffff", "police_distance": 3035.2975578632781, "hospital_distance": 2854.7316771430333, "railway_distance": 4624.8809923097479, "metro_distance": 7922.5047997141573, "bus_stop_distance": 2120.9861723206618, "restaurants": 0, "parks": 0, "schools": 0, "pharmacies": 0, "crime_count": 0 }, "geometry": { "type": "Polygon", "coordinates": [ [ [ 72.794656228965621, 19.2026438476287 ], [ 72.794659936950012, 19.207384207666433 ], [ 72.790616204764646, 19.209519439177036 ], [ 72.78656906966421, 19.206914451945487 ], [ 72.786565495904114, 19.202174351384027 ], [ 72.790608923028032, 19.200038978578466 ], [ 72.794656228965621, 19.2026438476287 ] ] ] } },
{ "type": "Feature", "properties": { "hex_id": "88608b45d9fffff", "police_distance": 838.09592598516213, "hospital_distance": 2677.9427747496852, "railway_distance": 4438.5809632189421, "metro_distance": 6755.4173498433129, "bus_stop_distance": 3168.7938311492239, "restaurants": 0, "parks": 0, "schools": 0, "pharmacies": 0, "crime_count": 0 }, "geometry": { "type": "Polygon", "coordinates": [ [ [ 72.802770969443316, 19.23155501339247 ], [ 72.802774812447254, 19.236294934482856 ], [ 72.798730268891916, 19.23842931964046 ], [ 72.794682187436095, 19.235823925081384 ], [ 72.794678478714602, 19.231084263292736 ], [ 72.7987227171743, 19.228949736762051 ], [ 72.802770969443316, 19.23155501339247 ] ] ] } },
{ "type": "Feature", "properties": { "hex_id": "88608b4599fffff", "police_distance": 3086.0490542118469, "hospital_distance": 4912.830495003851, "railway_distance": 6369.7605515681698, "metro_distance": 8570.1984704852348, "bus_stop_distance": 5208.1291984970749, "restaurants": 0, "parks": 0, "schools": 0, "pharmacies": 0, "crime_count": 0 }, "geometry": { "type": "Polygon", "coordinates": [ [ [ 72.786597664007289, 19.244831068004952 ], [ 72.786601238833057, 19.249570120549745 ], [ 72.782557312167881, 19.251703379584868 ], [ 72.77851011586327, 19.249097727610771 ], [ 72.778506675270435, 19.244358934425488 ], [ 72.782550296757137, 19.242225533855411 ], [ 72.786597664007289, 19.244831068004952 ] ] ] } },
{ "type": "Feature", "properties": { "hex_id": "88608b45c3fffff", "police_distance": 2190.8029950221021, "hospital_distance": 3298.3041348181655, "railway_distance": 3949.8750629446963, "metro_distance": 6103.4036165934649, "bus_stop_distance": 3095.8350119547754, "restaurants": 0, "parks": 0, "schools": 0, "pharmacies": 0, "crime_count": 0 }, "geometry": { "type": "Polygon", "coordinates": [ [ [ 72.810876344620652, 19.246245651706023 ], [ 72.810880322333844, 19.250985481981061 ], [ 72.806835168581372, 19.253119584370943 ], [ 72.802786342223087, 19.250513997873824 ], [ 72.802782498837118, 19.245774426784077 ], [ 72.806827347490071, 19.243640183006782 ], [ 72.810876344620652, 19.246245651706023 ] ] ] } },
{ "type": "Feature", "properties": { "hex_id": "88608b4583fffff", "police_distance": 3937.3348431685217, "hospital_distance": 5536.28243564483, "railway_distance": 5950.6793155281948, "metro_distance": 8182.1641085082429, "bus_stop_distance": 5343.2170836053056, "restaurants": 0, "parks": 0, "schools": 0, "pharmacies": 0, "crime_count": 0 }, "geometry": { "type": "Polygon", "coordinates": [ [ [ 72.794700732886866, 19.259520484010231 ], [ 72.794704442345704, 19.264259445369337 ], [ 72.790659905317639, 19.266392421313153 ], [ 72.786611964021006, 19.263786577447682 ], [ 72.786608388839909, 19.25904787533165 ], [ 72.790652620685535, 19.256914757838629 ], [ 72.794700732886866, 19.259520484010231 ] ] ] } },
{ "type": "Feature", "properties": { "hex_id": "88608b45cdfffff", "police_distance": 2986.9597743134891, "hospital_distance": 2530.5032458716346, "railway_distance": 2365.2197550081914, "metro_distance": 4515.1343647286258, "bus_stop_distance": 2271.5621648305801, "restaurants": 0, "parks": 0, "schools": 0, "pharmacies": 0, "crime_count": 0 }, "geometry": { "type": "Polygon", "coordinates": [ [ [ 72.827066892149674, 19.247187191920325 ], [ 72.827071138611558, 19.251927540391435 ], [ 72.823025167267019, 19.254062205219761 ], [ 72.818975254515067, 19.251456662866573 ], [ 72.818971142443232, 19.246716573464404 ], [ 72.823016808741144, 19.244581767347093 ], [ 72.827066892149674, 19.247187191920325 ] ] ] } },
{ "type": "Feature", "properties": { "hex_id": "88608b44e3fffff", "police_distance": 2590.5014339441373, "hospital_distance": 3469.9452815991822, "railway_distance": 5664.4947230377193, "metro_distance": 8637.9983965817391, "bus_stop_distance": 3687.5077058534671, "restaurants": 0, "parks": 0, "schools": 0, "pharmacies": 0, "crime_count": 0 }, "geometry": { "type": "Polygon", "coordinates": [ [ [ 72.786576217539533, 19.216394304395923 ], [ 72.786579791654802, 19.221134056163706 ], [ 72.78253626733003, 19.22326844309833 ], [ 72.778489474015828, 19.22066321967359 ], [ 72.778486034106777, 19.215923727381949 ], [ 72.782529253313569, 19.213789199039539 ], [ 72.786576217539533, 19.216394304395923 ] ] ] } },
{ "type": "Feature", "properties": { "hex_id": "88608b45d7fffff", "police_distance": 2548.5855700850002, "hospital_distance": 4399.6334630407509, "railway_distance": 5571.7649063783647, "metro_distance": 7741.4546489860095, "bus_stop_distance": 4452.4763349323484, "restaurants": 0, "parks": 0, "schools": 0, "pharmacies": 0, "crime_count": 0 }, "geometry": { "type": "Polygon", "coordinates": [ [ [ 72.794689605247711, 19.245302898837423 ], [ 72.794693314337877, 19.250042210683755 ], [ 72.790648978550507, 19.252175750796699 ], [ 72.786601238833057, 19.249570120549745 ], [ 72.786597664007289, 19.244831068004952 ], [ 72.790641694642446, 19.242697386406199 ], [ 72.794689605247711, 19.245302898837423 ] ] ] } },
{ "type": "Feature", "properties": { "hex_id": "88608b44edfffff", "police_distance": 1200.7717340002555, "hospital_distance": 1807.9962205925558, "railway_distance": 4069.3880082562018, "metro_distance": 6954.4520962644683, "bus_stop_distance": 2588.3675700282629, "restaurants": 0, "parks": 0, "schools": 0, "pharmacies": 0, "crime_count": 0 }, "geometry": { "type": "Polygon", "coordinates": [ [ [ 72.80275944119542, 19.217334551089198 ], [ 72.802763283817413, 19.222074821635054 ], [ 72.798718941503168, 19.224209770533946 ], [ 72.794671061640173, 19.221604590197082 ], [ 72.794667353287281, 19.216864579011219 ], [ 72.798711390536113, 19.214729488802838 ], [ 72.80275944119542, 19.217334551089198 ] ] ] } },
{ "type": "Feature", "properties": { "hex_id": "88608b44ebfffff", "police_distance": 2683.6174708527742, "hospital_distance": 3055.3378166994034, "railway_distance": 5108.9854793113582, "metro_distance": 8417.5971507255963, "bus_stop_distance": 2878.9478201785018, "restaurants": 0, "parks": 0, "schools": 0, "pharmacies": 0, "crime_count": 0 }, "geometry": { "type": "Polygon", "coordinates": [ [ [ 72.790616204764646, 19.209519439177036 ], [ 72.79061984581385, 19.214259495140681 ], [ 72.786576217539533, 19.216394304395923 ], [ 72.782529253313569, 19.213789199039539 ], [ 72.782525746479621, 19.209049402552115 ], [ 72.78656906966421, 19.206914451945487 ], [ 72.790616204764646, 19.209519439177036 ] ] ] } },
{ "type": "Feature", "properties": { "hex_id": "88608b44adfffff", "police_distance": 2374.6503321058035, "hospital_distance": 3950.9697165698685, "railway_distance": 6122.2208868828047, "metro_distance": 8458.9266769754649, "bus_stop_distance": 4654.1275533201024, "restaurants": 0, "parks": 0, "schools": 0, "pharmacies": 0, "crime_count": 0 }, "geometry": { "type": "Polygon", "coordinates": [ [ [ 72.786586940240539, 19.23061321048144 ], [ 72.786590514711023, 19.235352612910248 ], [ 72.78254678922606, 19.237486435987606 ], [ 72.778499794426693, 19.234880998108213 ], [ 72.778496354175772, 19.23014185509729 ], [ 72.782539774512529, 19.228007890548525 ], [ 72.786586940240539, 19.23061321048144 ] ] ] } },
{ "type": "Feature", "properties": { "hex_id": "88608b45c1fffff", "police_distance": 2476.5483836862704, "hospital_distance": 2844.5654847436481, "railway_distance": 3141.8108846257919, "metro_distance": 5300.1950442193947, "bus_stop_distance": 2577.7591027222161, "restaurants": 0, "parks": 0, "schools": 0, "pharmacies": 0, "crime_count": 0 }, "geometry": { "type": "Polygon", "coordinates": [ [ [ 72.818971142443232, 19.246716573464404 ], [ 72.818975254515067, 19.251456662866573 ], [ 72.814929691919886, 19.253591046455465 ], [ 72.810880322333844, 19.250985481981061 ], [ 72.810876344620652, 19.246245651706023 ], [ 72.814921602142718, 19.244111126778879 ], [ 72.818971142443232, 19.246716573464404 ] ] ] } },
{ "type": "Feature", "properties": { "hex_id": "88608b45cbfffff", "police_distance": 1559.1624618708322, "hospital_distance": 2456.7131883132611, "railway_distance": 3346.6910626054491, "metro_distance": 5534.5219004962073, "bus_stop_distance": 2284.7017115017816, "restaurants": 0, "parks": 0, "schools": 0, "pharmacies": 0, "crime_count": 0 }, "geometry": { "type": "Polygon", "coordinates": [ [ [ 72.814917557455189, 19.239370991820806 ], [ 72.814921602142718, 19.244111126778879 ], [ 72.810876344620652, 19.246245651706023 ], [ 72.806827347490071, 19.243640183006782 ], [ 72.806823437138789, 19.238900307234072 ], [ 72.810868389589672, 19.236765640975854 ], [ 72.814917557455189, 19.239370991820806 ] ] ] } },
{ "type": "Feature", "properties": { "hex_id": "88608b458bfffff", "police_distance": 3074.4318682810181, "hospital_distance": 4703.8282714347079, "railway_distance": 5368.0620821328721, "metro_distance": 7526.4144687524622, "bus_stop_distance": 4528.1877291458868, "restaurants": 0, "parks": 0, "schools": 0, "pharmacies": 0, "crime_count": 0 }, "geometry": { "type": "Polygon", "coordinates": [ [ [ 72.798741597406604, 19.252647819105039 ], [ 72.798745373828396, 19.257387085390192 ], [ 72.794700732886866, 19.259520484010231 ], [ 72.790652620685535, 19.256914757838629 ], [ 72.790648978550507, 19.252175750796699 ], [ 72.794693314337877, 19.250042210683755 ], [ 72.798741597406604, 19.252647819105039 ] ] ] } },
{ "type": "Feature", "properties": { "hex_id": "88608b44e1fffff", "police_distance": 1830.1434926318977, "hospital_distance": 2632.0959401379632, "railway_distance": 4857.636691345323, "metro_distance": 7795.0896114896568, "bus_stop_distance": 3143.8681573425611, "restaurants": 0, "parks": 0, "schools": 0, "pharmacies": 0, "crime_count": 0 }, "geometry": { "type": "Polygon", "coordinates": [ [ [ 72.794667353287281, 19.216864579011219 ], [ 72.794671061640173, 19.221604590197082 ], [ 72.790627128274181, 19.223739258093701 ], [ 72.786579791654802, 19.221134056163706 ], [ 72.786576217539533, 19.216394304395923 ], [ 72.79061984581385, 19.214259495140681 ], [ 72.794667353287281, 19.216864579011219 ] ] ] } },
{ "type": "Feature", "properties": { "hex_id": "88608b45d5fffff", "police_distance": 2218.2062599071983, "hospital_distance": 3888.4600640425806, "railway_distance": 4773.4462653928313, "metro_distance": 6918.4084618959769, "bus_stop_distance": 3738.6608129156789, "restaurants": 0, "parks": 0, "schools": 0, "pharmacies": 0, "crime_count": 0 }, "geometry": { "type": "Polygon", "coordinates": [ [ [ 72.802782498837118, 19.245774426784077 ], [ 72.802786342223087, 19.250513997873824 ], [ 72.798741597406604, 19.252647819105039 ], [ 72.794693314337877, 19.250042210683755 ], [ 72.794689605247711, 19.245302898837423 ], [ 72.798734044938357, 19.243168936169599 ], [ 72.802782498837118, 19.245774426784077 ] ] ] } },
{ "type": "Feature", "properties": { "hex_id": "88608b44c1fffff", "police_distance": 3953.1678111664501, "hospital_distance": 3461.8360360491333, "railway_distance": 4967.004289760067, "metro_distance": 7538.5007991671455, "bus_stop_distance": 2337.7392639612062, "restaurants": 0, "parks": 0, "schools": 0, "pharmacies": 0, "crime_count": 0 }, "geometry": { "type": "Polygon", "coordinates": [ [ [ 72.790605282340621, 19.195298574064825 ], [ 72.790608923028032, 19.200038978578466 ], [ 72.786565495904114, 19.202174351384027 ], [ 72.782518733160146, 19.199569460964131 ], [ 72.782515226674661, 19.194829315984805 ], [ 72.786558348739064, 19.192693801891675 ], [ 72.790605282340621, 19.195298574064825 ] ] ] } },
{ "type": "Feature", "properties": { "hex_id": "88608b4437fffff", "police_distance": 644.23452860407167, "hospital_distance": 2265.5280314536703, "railway_distance": 3593.213235086338, "metro_distance": 5903.8972304576073, "bus_stop_distance": 2341.1918759782125, "restaurants": 0, "parks": 0, "schools": 0, "pharmacies": 0, "crime_count": 0 }, "geometry": { "type": "Polygon", "coordinates": [ [ [ 72.810864412271883, 19.232025460641857 ], [ 72.810868389589672, 19.236765640975854 ], [ 72.806823437138789, 19.238900307234072 ], [ 72.802774812447254, 19.236294934482856 ], [ 72.802770969443316, 19.23155501339247 ], [ 72.806815616824906, 19.229420205810314 ], [ 72.810864412271883, 19.232025460641857 ] ] ] } }
]
}
