{
"type": "FeatureCollection",
"name": "mumbai_boundary",
"crs": { "type": "name", "properties": { "name": "urn:ogc:def:crs:OGC:1.3:CRS84" } },
"features": [
{ "type": "Feature", "properties": { "GID_2": "IND.20.17_1", "GID_0": "IND", "COUNTRY": "India", "GID_1": "IND.20_1", "NAME_1": "Maharashtra", "NL_NAME_1": "NA", "NAME_2": "Mumbai City", "VARNAME_2": "NA", "NL_NAME_2": "NA", "TYPE_2": "District", "ENGTYPE_2": "District", "CC_2": "NA", "HASC_2": "IN.MH.MC" }, "geometry": { "type": "MultiPolygon", "coordinates": [ [ [ [ 72.881813050000119, 19.008752824000169 ], [ 72.881805420000035, 19.007917405000057 ], [ 72.880691528000057, 19.007921220000128 ], [ 72.880691528000057, 19.007642747000091 ], [ 72.879859924000186, 19.007642747000091 ], [ 72.879859924000186, 19.007360458999983 ], [ 72.879028320000089, 19.007360458999983 ], [ 72.879028320000089, 19.007083893000015 ], [ 72.874305726000159, 19.007083893000015 ], [ 72.874305726000159, 19.006805419999978 ], [ 72.873191834000181, 19.00681114300005 ], [ 72.873191834000181, 19.006532670000183 ], [ 72.87236023000014, 19.006532670000183 ], [ 72.87236023000014, 19.006250382000076 ], [ 72.870971680000196, 19.006250382000076 ], [ 72.870971680000196, 19.005971909000039 ], [ 72.870697022000172, 19.005971909000039 ], [ 72.870697022000172, 19.005416870000033 ], [ 72.870140076000098, 19.005420685000104 ], [ 72.870140076000098, 19.005151748000117 ], [ 72.869308472000057, 19.005151748000117 ], [ 72.869308472000057, 19.004859924000129 ], [ 72.867919922000112, 19.004861832000131 ], [ 72.867919922000112, 19.004583359000094 ], [ 72.867362976000038, 19.004583359000094 ], [ 72.867362976000038, 19.004861832000131 ], [ 72.865692140000135, 19.004861832000131 ], [ 72.865692140000135, 19.004583359000094 ], [ 72.864860536000094, 19.004583359000094 ], [ 72.864860536000094, 19.004304886000057 ], [ 72.864303590000191, 19.004304886000057 ], [ 72.864303590000191, 19.004028320000089 ], [ 72.864036560000102, 19.004028320000089 ], [ 72.864036560000102, 19.003749847000051 ], [ 72.863746644000116, 19.003749847000051 ], [ 72.863746644000116, 19.003469467000116 ], [ 72.863197326000147, 19.003471374000185 ], [ 72.863197326000147, 19.003194809000149 ], [ 72.862640382000052, 19.003194809000149 ], [ 72.862640382000052, 19.002916336000112 ], [ 72.862075805000131, 19.002918243000181 ], [ 72.862075805000131, 19.001808166000046 ], [ 72.861808778000182, 19.001808166000046 ], [ 72.861808778000182, 19.000690461000033 ], [ 72.861526490000074, 19.000694274000068 ], [ 72.861526490000074, 19.000417709000033 ], [ 72.860969544, 19.000419616000102 ], [ 72.860969544, 19.000141143000064 ], [ 72.860679627000081, 19.000141143000064 ], [ 72.860679627000081, 18.999860765000108 ], [ 72.860420228000066, 18.999860765000108 ], [ 72.860420228000066, 18.999580384000126 ], [ 72.860137940000129, 18.999584198999969 ], [ 72.860137940000129, 18.99875068800003 ], [ 72.859863282000163, 18.99875068800003 ], [ 72.859863282000163, 18.998189927000112 ], [ 72.860137940000129, 18.998195649000024 ], [ 72.860137940000129, 18.997917176000158 ], [ 72.860420228000066, 18.997920989000022 ], [ 72.860420228000066, 18.997360230000083 ], [ 72.860679627000081, 18.997360230000083 ], [ 72.860679627000081, 18.997079850000148 ], [ 72.860969544, 18.997085572000117 ], [ 72.860969544, 18.996528626000043 ], [ 72.861251832000107, 18.996530533999987 ], [ 72.861251832000107, 18.995960235000155 ], [ 72.861526490000074, 18.99597358800014 ], [ 72.861526490000074, 18.995693207000102 ], [ 72.860420228000066, 18.995700837000186 ], [ 72.860420228000066, 18.994031907000135 ], [ 72.860137940000129, 18.994031907000135 ], [ 72.860137940000129, 18.993749619000027 ], [ 72.859863282000163, 18.993749619000027 ], [ 72.859863282000163, 18.993469238000046 ], [ 72.858749390000185, 18.993471146 ], [ 72.858749390000185, 18.993194580000022 ], [ 72.859024047000048, 18.993194580000022 ], [ 72.859024047000048, 18.992916106999985 ], [ 72.858749390000185, 18.992921830000057 ], [ 72.858749390000185, 18.99263954200012 ], [ 72.858467100999974, 18.99263954200012 ], [ 72.858467100999974, 18.992359161000081 ], [ 72.857086182000046, 18.992359161000081 ], [ 72.857086182000046, 18.992080688000044 ], [ 72.856803894000166, 18.992082596000046 ], [ 72.856803894000166, 18.99152755700004 ], [ 72.857086182000046, 18.991531372000111 ], [ 72.857086182000046, 18.990970611000137 ], [ 72.857360840000013, 18.990972519000138 ], [ 72.857360840000013, 18.990137100000027 ], [ 72.85764312800012, 18.990148545000181 ], [ 72.85764312800012, 18.989580155000056 ], [ 72.857917786000087, 18.989583968999966 ], [ 72.857917786000087, 18.989028930000188 ], [ 72.85819244400011, 18.989030838000133 ], [ 72.85819244400011, 18.988189697999985 ], [ 72.858474732, 18.988193513000056 ], [ 72.858474732, 18.98763847400005 ], [ 72.858749390000185, 18.987640382000052 ], [ 72.858749390000185, 18.987079621000078 ], [ 72.859024047000048, 18.987083436000148 ], [ 72.859024047000048, 18.986528397000143 ], [ 72.859306336000088, 18.986530305000088 ], [ 72.859306336000088, 18.98596954400017 ], [ 72.859580994000055, 18.985971451000069 ], [ 72.859580994000055, 18.98541641300011 ], [ 72.859863282000163, 18.98542022800018 ], [ 72.859863282000163, 18.984859467000035 ], [ 72.860137940000129, 18.984861374000104 ], [ 72.860137940000129, 18.984306336000031 ], [ 72.860420228000066, 18.984310151000102 ], [ 72.860420228000066, 18.983470917000091 ], [ 72.860694886000033, 18.983474732000161 ], [ 72.860694886000033, 18.982362747000082 ], [ 72.860969544, 18.982362747000082 ], [ 72.860969544, 18.981531142999984 ], [ 72.860679627000081, 18.981531142999984 ], [ 72.860679627000081, 18.981252670000174 ], [ 72.860420228000066, 18.981252670000174 ], [ 72.860420228000066, 18.980979920000152 ], [ 72.860137940000129, 18.980979920000152 ], [ 72.860137940000129, 18.980691909000029 ], [ 72.859863282000163, 18.980693817000031 ], [ 72.859863282000163, 18.980417251000063 ], [ 72.859306336000088, 18.980421066000076 ], [ 72.859306336000088, 18.980142593000039 ], [ 72.85901641900017, 18.980142593000039 ], [ 72.85901641900017, 18.979860305000159 ], [ 72.858749390000185, 18.979860305000159 ], [ 72.858749390000185, 18.979581832000122 ], [ 72.858474732, 18.979583740000066 ], [ 72.858474732, 18.979305267000029 ], [ 72.85819244400011, 18.97931289700017 ], [ 72.85819244400011, 18.978748321000126 ], [ 72.857910155000127, 18.978748321000126 ], [ 72.857910155000127, 18.978469850000124 ], [ 72.857635497000103, 18.978471754999987 ], [ 72.857635497000103, 18.978195190000122 ], [ 72.857360840000013, 18.978195190000122 ], [ 72.857360840000013, 18.978471754999987 ], [ 72.856246947000159, 18.978469850000124 ], [ 72.856246947000159, 18.978748321000126 ], [ 72.855140686000198, 18.978748321000126 ], [ 72.855140686000198, 18.979032516000132 ], [ 72.854026793000116, 18.979032516000132 ], [ 72.854026793000116, 18.97931289700017 ], [ 72.85263824499998, 18.97931289700017 ], [ 72.85263824499998, 18.978748321000126 ], [ 72.852912903000174, 18.978748321000126 ], [ 72.852912903000174, 18.978469850000124 ], [ 72.854026793000116, 18.978471754999987 ], [ 72.854026793000116, 18.978195190000122 ], [ 72.854866028, 18.97821045000012 ], [ 72.854866028, 18.977920532000155 ], [ 72.855697632000101, 18.977920532000155 ], [ 72.855697632000101, 18.976800919000141 ], [ 72.855415343000118, 18.976804733999984 ], [ 72.855415343000118, 18.976528169000119 ], [ 72.854858397000044, 18.976528169000119 ], [ 72.854858397000044, 18.976804733999984 ], [ 72.853752136000082, 18.976804733999984 ], [ 72.853752136000082, 18.977083207000021 ], [ 72.85263824499998, 18.977083207000021 ], [ 72.85263824499998, 18.977361678000079 ], [ 72.851249695000035, 18.977361678000079 ], [ 72.851249695000035, 18.976804733999984 ], [ 72.85180664100011, 18.976804733999984 ], [ 72.85180664100011, 18.976528169000119 ], [ 72.85263824499998, 18.976528169000119 ], [ 72.85263824499998, 18.976249696000082 ], [ 72.854026793000116, 18.976249696000082 ], [ 72.854026793000116, 18.975971223000045 ], [ 72.855415343000118, 18.975973130000114 ], [ 72.855415343000118, 18.974306107000132 ], [ 72.854858397000044, 18.974306107000132 ], [ 72.854858397000044, 18.9745826730001 ], [ 72.853752136000082, 18.9745826730001 ], [ 72.853752136000082, 18.974861146000137 ], [ 72.851524353, 18.974861146000137 ], [ 72.851524353, 18.9745826730001 ], [ 72.851249695000035, 18.9745826730001 ], [ 72.851249695000035, 18.974306107000132 ], [ 72.851516723000088, 18.974309921999975 ], [ 72.851516723000088, 18.974029542000096 ], [ 72.852912903000174, 18.974029542000096 ], [ 72.852912903000174, 18.973751069000059 ], [ 72.853752136000082, 18.973751069000059 ], [ 72.853752136000082, 18.973470688000191 ], [ 72.853469849000078, 18.973472596000022 ], [ 72.853469849000078, 18.972917557000187 ], [ 72.853202820000092, 18.972919465000132 ], [ 72.853202820000092, 18.972360611000113 ], [ 72.852912903000174, 18.972360611000113 ], [ 72.852912903000174, 18.972080231000177 ], [ 72.85180664100011, 18.972080231000177 ], [ 72.85180664100011, 18.972360611000113 ], [ 72.851249695000035, 18.972360611000113 ], [ 72.851249695000035, 18.972640992000095 ], [ 72.850135803000057, 18.972640992000095 ], [ 72.850135803000057, 18.972080231000177 ], [ 72.850418091000165, 18.972085953000089 ], [ 72.850418091000165, 18.971250533999978 ], [ 72.850692749000132, 18.971250533999978 ], [ 72.850692749000132, 18.970689773000061 ], [ 72.850975037000069, 18.970695496000076 ], [ 72.850975037000069, 18.969303131000061 ], [ 72.851516723000088, 18.969310760999974 ], [ 72.851516723000088, 18.969039918000078 ], [ 72.852081299000076, 18.969039918000078 ], [ 72.852081299000076, 18.96764183 ], [ 72.851249695000035, 18.96764183 ], [ 72.851249695000035, 18.967359542000111 ], [ 72.850975037000069, 18.967363357000181 ], [ 72.850975037000069, 18.967081071000052 ], [ 72.850692749000132, 18.967081071000052 ], [ 72.850692749000132, 18.966806411000107 ], [ 72.850418091000165, 18.966810226000121 ], [ 72.850418091000165, 18.966531753000083 ], [ 72.850135803000057, 18.966531753000083 ], [ 72.850135803000057, 18.966249467000182 ], [ 72.849861145000091, 18.966249467000182 ], [ 72.849861145000091, 18.965421676000176 ], [ 72.849586487000067, 18.965421676000176 ], [ 72.849586487000067, 18.964311599000098 ], [ 72.849296569000103, 18.964311599000098 ], [ 72.849296569000103, 18.963188171000184 ], [ 72.849029541, 18.963193894000028 ], [ 72.849029541, 18.962083817000121 ], [ 72.848747253000113, 18.962083817000121 ], [ 72.848747253000113, 18.960971833000144 ], [ 72.848472595000146, 18.960971833000144 ], [ 72.848472595000146, 18.959583283000029 ], [ 72.848197937000123, 18.959583283000029 ], [ 72.848197937000123, 18.95791626 ], [ 72.847923280000032, 18.957920075000061 ], [ 72.847923280000032, 18.956809998000153 ], [ 72.847640991000048, 18.956809998000153 ], [ 72.847640991000048, 18.955970763000039 ], [ 72.847358703000168, 18.955974579000042 ], [ 72.847358703000168, 18.954860688000167 ], [ 72.84707641500006, 18.954860688000167 ], [ 72.84707641500006, 18.953752517 ], [ 72.846801757000094, 18.953752517 ], [ 72.846801757000094, 18.948190689000114 ], [ 72.84652709900007, 18.948194504000128 ], [ 72.84652709900007, 18.947360992000085 ], [ 72.846252441000104, 18.947360992000085 ], [ 72.846252441000104, 18.946250915000178 ], [ 72.845970153, 18.946250915000178 ], [ 72.845970153, 18.944311142000174 ], [ 72.845703126000046, 18.944311142000174 ], [ 72.845703126000046, 18.941530229000023 ], [ 72.845413207000092, 18.941530229000023 ], [ 72.845413207000092, 18.939859391000141 ], [ 72.845138549000126, 18.939859391000141 ], [ 72.845138549000126, 18.939306260000137 ], [ 72.844856261000018, 18.93931007499998 ], [ 72.844856261000018, 18.937360764000118 ], [ 72.844581603000051, 18.937360764000118 ], [ 72.844581603000051, 18.93708038300008 ], [ 72.844306945000085, 18.93708419800015 ], [ 72.844306945000085, 18.936805725000113 ], [ 72.844017029000042, 18.936807633000058 ], [ 72.844017029000042, 18.936529160000021 ], [ 72.843749999000181, 18.936529160000021 ], [ 72.843749999000181, 18.935970306000172 ], [ 72.843475340999987, 18.935972214000117 ], [ 72.843475340999987, 18.93569374100008 ], [ 72.843193053000107, 18.93569374100008 ], [ 72.843193053000107, 18.935138702000074 ], [ 72.843482972000174, 18.935140610000076 ], [ 72.843482972000174, 18.93375015200013 ], [ 72.843749999000181, 18.93375015200013 ], [ 72.843749999000181, 18.932081224000058 ], [ 72.844024657000148, 18.932083129000148 ], [ 72.844024657000148, 18.929861070000072 ], [ 72.844306945000085, 18.929870605000019 ], [ 72.844306945000085, 18.929029465999974 ], [ 72.844017029000042, 18.929029465999974 ], [ 72.844017029000042, 18.928470612000126 ], [ 72.843475340999987, 18.928470612000126 ], [ 72.843475340999987, 18.928192139000089 ], [ 72.842636109000182, 18.928192139000089 ], [ 72.842636109000182, 18.928470612000126 ], [ 72.842361449, 18.928470612000126 ], [ 72.842361449, 18.9287529 ], [ 72.842086791000042, 18.9287529 ], [ 72.842086791000042, 18.931249620000187 ], [ 72.841804505000141, 18.931249620000187 ], [ 72.841804505000141, 18.932083129000148 ], [ 72.841529845000139, 18.932083129000148 ], [ 72.841529845000139, 18.932361602000185 ], [ 72.840698241000098, 18.932361602000185 ], [ 72.840690613000163, 18.930414201000076 ], [ 72.840415955000196, 18.93041992100018 ], [ 72.840415955000196, 18.930139543000109 ], [ 72.839859009000122, 18.930139543000109 ], [ 72.839859009000122, 18.929584504000104 ], [ 72.839584351000099, 18.929584504000104 ], [ 72.839584351000099, 18.929306031000067 ], [ 72.839302063000048, 18.929309846000081 ], [ 72.839302063000048, 18.929029465999974 ], [ 72.838752747000058, 18.929029465999974 ], [ 72.838752747000058, 18.9287529 ], [ 72.838470459000121, 18.9287529 ], [ 72.838470459000121, 18.928470612000126 ], [ 72.838195801000154, 18.928470612000126 ], [ 72.838195801000154, 18.928192139000089 ], [ 72.838470459000121, 18.928192139000089 ], [ 72.838470459000121, 18.927917481000065 ], [ 72.838752747000058, 18.927919389000067 ], [ 72.838752747000058, 18.927642823000099 ], [ 72.839302063000048, 18.927642823000099 ], [ 72.839302063000048, 18.927919389000067 ], [ 72.840415955000196, 18.927919389000067 ], [ 72.840415955000196, 18.927642823000099 ], [ 72.840690613000163, 18.927642823000099 ], [ 72.840690613000163, 18.927360535 ], [ 72.840415955000196, 18.927360535 ], [ 72.840415955000196, 18.926811219000058 ], [ 72.840141297000173, 18.926811219000058 ], [ 72.840141297000173, 18.926532746000191 ], [ 72.839576721000185, 18.926532746000191 ], [ 72.839576721000185, 18.926252366000085 ], [ 72.839302063000048, 18.926252366000085 ], [ 72.839302063000048, 18.925970077000102 ], [ 72.838752747000058, 18.925970077000102 ], [ 72.838752747000058, 18.925695420000181 ], [ 72.838470459000121, 18.925689697000166 ], [ 72.838470459000121, 18.925416947000144 ], [ 72.838752747000058, 18.925422669000056 ], [ 72.838752747000058, 18.924858093000068 ], [ 72.839027405000024, 18.924861908000139 ], [ 72.839027405000024, 18.924304962000065 ], [ 72.839302063000048, 18.92431068500008 ], [ 72.839302063000048, 18.924028397000029 ], [ 72.839576721000185, 18.924028397000029 ], [ 72.839576721000185, 18.923469543000124 ], [ 72.839859009000122, 18.923471450000022 ], [ 72.839859009000122, 18.92291641200012 ], [ 72.840141297000173, 18.922918320000065 ], [ 72.840141297000173, 18.922359466000046 ], [ 72.8409729010001, 18.922359466000046 ], [ 72.8409729010001, 18.922639847000028 ], [ 72.841247559000067, 18.922639847000028 ], [ 72.841247559000067, 18.922918320000065 ], [ 72.841529845000139, 18.92291641200012 ], [ 72.841529845000139, 18.923194885000157 ], [ 72.841804505000141, 18.923194885000157 ], [ 72.841804505000141, 18.923471450000022 ], [ 72.842361449, 18.923471450000022 ], [ 72.842361449, 18.923749924000163 ], [ 72.842636109000182, 18.923740388000056 ], [ 72.842636109000182, 18.924028397000029 ], [ 72.842918395000083, 18.924028397000029 ], [ 72.842918395000083, 18.924583435000102 ], [ 72.843193053000107, 18.924583435000102 ], [ 72.843193053000107, 18.924861908000139 ], [ 72.843749999000181, 18.924858093000068 ], [ 72.843749999000181, 18.925422669000056 ], [ 72.844024657000148, 18.925416947000144 ], [ 72.844024657000148, 18.92569351200018 ], [ 72.844306945000085, 18.92569351200018 ], [ 72.844306945000085, 18.925970077000102 ], [ 72.844863891000159, 18.925970077000102 ], [ 72.844863891000159, 18.924861908000139 ], [ 72.844581603000051, 18.924861908000139 ], [ 72.844581603000051, 18.924304962000065 ], [ 72.844306945000085, 18.92431068500008 ], [ 72.844306945000085, 18.924028397000029 ], [ 72.843749999000181, 18.924028397000029 ], [ 72.843749999000181, 18.923740388000056 ], [ 72.843475340999987, 18.923749924000163 ], [ 72.843475340999987, 18.923471450000022 ], [ 72.843193053000107, 18.923471450000022 ], [ 72.843193053000107, 18.923194885000157 ], [ 72.842918395000083, 18.923194885000157 ], [ 72.842918395000083, 18.92291641200012 ], [ 72.842636109000182, 18.922918320000065 ], [ 72.842636109000182, 18.922359466000046 ], [ 72.842361449, 18.922361373000115 ], [ 72.842361449, 18.922082900000078 ], [ 72.842086791000042, 18.922082900000078 ], [ 72.842086791000042, 18.921806334999985 ], [ 72.841796875000057, 18.921808243000157 ], [ 72.841796875000057, 18.92152977000012 ], [ 72.841529845000139, 18.92152977000012 ], [ 72.841529845000139, 18.92097091800008 ], [ 72.841247559000067, 18.920972823000113 ], [ 72.841247559000067, 18.920694350000076 ], [ 72.8409729010001, 18.920694350000076 ], [ 72.8409729010001, 18.920417785000041 ], [ 72.840415955000196, 18.920419693000042 ], [ 72.840415955000196, 18.920141220000176 ], [ 72.839576721000185, 18.920141220000176 ], [ 72.839576721000185, 18.919860841000173 ], [ 72.838752747000058, 18.919860841000173 ], [ 72.838752747000058, 18.920141220000176 ], [ 72.838195801000154, 18.920141220000176 ], [ 72.838195801000154, 18.920419693000042 ], [ 72.837913513000046, 18.920417785000041 ], [ 72.837913513000046, 18.920694350000076 ], [ 72.837364197000113, 18.920694350000076 ], [ 72.837364197000113, 18.920972823000113 ], [ 72.836799621000125, 18.92097091800008 ], [ 72.836799621000125, 18.921249389000081 ], [ 72.836517333000188, 18.921249389000081 ], [ 72.836517333000188, 18.92152977000012 ], [ 72.836250305000135, 18.92152977000012 ], [ 72.836250305000135, 18.921808243000157 ], [ 72.835975647000112, 18.921806334999985 ], [ 72.835975647000112, 18.922082900000078 ], [ 72.835418701000037, 18.922082900000078 ], [ 72.835418701000037, 18.922361373000115 ], [ 72.83486175500019, 18.922361373000115 ], [ 72.83486175500019, 18.921806334999985 ], [ 72.835136413000157, 18.921808243000157 ], [ 72.835136413000157, 18.921249389000081 ], [ 72.834587097000167, 18.921249389000081 ], [ 72.834587097000167, 18.92152977000012 ], [ 72.834030151000093, 18.92152977000012 ], [ 72.834030151000093, 18.921249389000081 ], [ 72.833190917000138, 18.921249389000081 ], [ 72.833190917000138, 18.920419693000042 ], [ 72.832916259000115, 18.920419693000042 ], [ 72.832916259000115, 18.919309616000078 ], [ 72.832641601000148, 18.919309616000078 ], [ 72.832641601000148, 18.918470383000056 ], [ 72.83235931300004, 18.918472291000171 ], [ 72.83235931300004, 18.917917252000166 ], [ 72.832077027000139, 18.917930603000116 ], [ 72.832077027000139, 18.917360306000091 ], [ 72.831802369000172, 18.917360306000091 ], [ 72.831802369000172, 18.917079925999985 ], [ 72.83152770900017, 18.917085648000125 ], [ 72.83152770900017, 18.916803360000017 ], [ 72.831253051000033, 18.916810990000158 ], [ 72.831253051000033, 18.916530610000052 ], [ 72.830970765000075, 18.916530610000052 ], [ 72.830970765000075, 18.916250229000184 ], [ 72.830406189000087, 18.916250229000184 ], [ 72.830406189000087, 18.915969849000078 ], [ 72.830970765000075, 18.915973664000148 ], [ 72.830970765000075, 18.915695191000111 ], [ 72.831253051000033, 18.915700914000126 ], [ 72.831253051000033, 18.914579391000132 ], [ 72.830970765000075, 18.914581299000133 ], [ 72.830970765000075, 18.914304733000165 ], [ 72.830696105000129, 18.914304733000165 ], [ 72.830696105000129, 18.914028168000073 ], [ 72.830406189000087, 18.914030074999971 ], [ 72.830406189000087, 18.913749695000035 ], [ 72.830139161000034, 18.913749695000035 ], [ 72.830139161000034, 18.914030074999971 ], [ 72.82958221500013, 18.914030074999971 ], [ 72.82958221500013, 18.913190841000187 ], [ 72.829307555000128, 18.91319465600003 ], [ 72.829307555000128, 18.912916183 ], [ 72.829032897000161, 18.912921906000065 ], [ 72.829032897000161, 18.912641525000026 ], [ 72.828750611000089, 18.912641525000026 ], [ 72.828750611000089, 18.912359237000146 ], [ 72.828475951000087, 18.912359237000146 ], [ 72.828475951000087, 18.912080764000109 ], [ 72.828193665000185, 18.912082672000054 ], [ 72.828193665000185, 18.911806106000085 ], [ 72.827919007, 18.911806106000085 ], [ 72.827919007, 18.911527633000048 ], [ 72.827636719000111, 18.911531448000119 ], [ 72.827636719000111, 18.911249160000182 ], [ 72.827362061000144, 18.911249160000182 ], [ 72.827362061000144, 18.910970687000145 ], [ 72.827079773000037, 18.910972595000146 ], [ 72.827079773000037, 18.909860610000067 ], [ 72.82680511500007, 18.909860610000067 ], [ 72.82680511500007, 18.909027101000106 ], [ 72.826530457000047, 18.909030914000141 ], [ 72.826530457000047, 18.908470155000032 ], [ 72.826248169000166, 18.908472062000101 ], [ 72.826248169000166, 18.908193589000064 ], [ 72.825973511000143, 18.908193589000064 ], [ 72.825973511000143, 18.907918929000061 ], [ 72.825691223000092, 18.907920837000063 ], [ 72.825691223000092, 18.90764045800006 ], [ 72.825416565000069, 18.90764045800006 ], [ 72.825416565000069, 18.907360078000124 ], [ 72.825141907000102, 18.907360078000124 ], [ 72.825141907000102, 18.90764045800006 ], [ 72.824859619, 18.90764045800006 ], [ 72.824859619, 18.907920837000063 ], [ 72.824584961000198, 18.907918929000061 ], [ 72.824584961000198, 18.908193589000064 ], [ 72.824302673000091, 18.908193589000064 ], [ 72.824302673000091, 18.908472062000101 ], [ 72.823753357000157, 18.908472062000101 ], [ 72.823753357000157, 18.908750533000159 ], [ 72.82347106900005, 18.908740998000155 ], [ 72.82347106900005, 18.909030914000141 ], [ 72.823196411000083, 18.909030914000141 ], [ 72.823196411000083, 18.909307479000063 ], [ 72.822914123000146, 18.909305572000164 ], [ 72.822914123000146, 18.909584045000031 ], [ 72.822357177000072, 18.90958023200011 ], [ 72.822357177000072, 18.909860610000067 ], [ 72.821800233000033, 18.909860610000067 ], [ 72.821800233000033, 18.90958023200011 ], [ 72.821525573000031, 18.909584045000031 ], [ 72.821525573000031, 18.909305572000164 ], [ 72.820968629000106, 18.909307479000063 ], [ 72.820968629000106, 18.909030914000141 ], [ 72.820686341000055, 18.909030914000141 ], [ 72.820686341000055, 18.908470155000032 ], [ 72.820968629000106, 18.908472062000101 ], [ 72.820968629000106, 18.908193589000064 ], [ 72.82069396900016, 18.908193589000064 ], [ 72.82069396900016, 18.907638551000161 ], [ 72.820419311000137, 18.90764045800006 ], [ 72.820419311000137, 18.907360078000124 ], [ 72.819862365000063, 18.907361985000023 ], [ 72.819862365000063, 18.907083512000156 ], [ 72.819030761000192, 18.907083512000156 ], [ 72.819030761000192, 18.906806947000064 ], [ 72.818885804, 18.906806947000064 ], [ 72.818740844999979, 18.906810760000155 ], [ 72.818740844999979, 18.906530381000096 ], [ 72.818466187000183, 18.906530381000096 ], [ 72.818466187000183, 18.9034729010001 ], [ 72.818191529000046, 18.903474808000169 ], [ 72.818191529000046, 18.902639389000058 ], [ 72.817916871000023, 18.902639389000058 ], [ 72.817916871000023, 18.901531220000095 ], [ 72.817642211000077, 18.901531220000095 ], [ 72.817642211000077, 18.900970459000177 ], [ 72.817359925000119, 18.900970459000177 ], [ 72.817359925000119, 18.900417328000117 ], [ 72.817092895000087, 18.900421143000187 ], [ 72.817092895000087, 18.90014267000015 ], [ 72.816802979000045, 18.90014267000015 ], [ 72.816802979000045, 18.899570465000124 ], [ 72.816528321000078, 18.899583816000074 ], [ 72.816528321000078, 18.89902687 ], [ 72.816246033000198, 18.899032593000072 ], [ 72.816246033000198, 18.898748397000134 ], [ 72.815406799000186, 18.898748397000134 ], [ 72.815406799000186, 18.89819908100003 ], [ 72.815139771000133, 18.89819908100003 ], [ 72.815139771000133, 18.897359849 ], [ 72.814857483000196, 18.89736175500019 ], [ 72.814857483000196, 18.897083284000132 ], [ 72.814582825000059, 18.897083284000132 ], [ 72.814582825000059, 18.896804811000095 ], [ 72.814308167000036, 18.896804811000095 ], [ 72.814308167000036, 18.89624977200009 ], [ 72.814025879000155, 18.89624977200009 ], [ 72.814025879000155, 18.895969391999984 ], [ 72.813751221000189, 18.895971299000053 ], [ 72.813751221000189, 18.895694734000188 ], [ 72.813468933000081, 18.895694734000188 ], [ 72.813468933000081, 18.895139695000182 ], [ 72.813186644999973, 18.895139695000182 ], [ 72.813186644999973, 18.894861222000145 ], [ 72.812919617000091, 18.894861222000145 ], [ 72.812919617000091, 18.894580841000106 ], [ 72.81263732900004, 18.894582749000108 ], [ 72.81263732900004, 18.894027711000035 ], [ 72.811813355000027, 18.894029618000104 ], [ 72.811813355000027, 18.893190384000093 ], [ 72.811531067000146, 18.893194199000163 ], [ 72.811531067000146, 18.892639161000034 ], [ 72.810966491000158, 18.892641068000103 ], [ 72.810966491000158, 18.892360688 ], [ 72.809860229000094, 18.892360688 ], [ 72.809860229000094, 18.892080307000185 ], [ 72.80930328300019, 18.892084122000028 ], [ 72.80930328300019, 18.891805649 ], [ 72.808471679000149, 18.891809464000062 ], [ 72.808471679000149, 18.89097023000005 ], [ 72.808197021000126, 18.890972137000119 ], [ 72.808197021000126, 18.890695572000084 ], [ 72.807914735000054, 18.890695572000084 ], [ 72.807914735000054, 18.890972137000119 ], [ 72.807640075000052, 18.89097023000005 ], [ 72.807640075000052, 18.891809464000062 ], [ 72.80790710500014, 18.891809464000062 ], [ 72.80790710500014, 18.892641068000103 ], [ 72.808197021000126, 18.892639161000034 ], [ 72.808197021000126, 18.89347267200003 ], [ 72.808471679000149, 18.893470765000131 ], [ 72.808471679000149, 18.894308091000141 ], [ 72.808197021000126, 18.894306184000072 ], [ 72.808197021000126, 18.894582749000108 ], [ 72.80790710500014, 18.894580841000106 ], [ 72.80790710500014, 18.894861222000145 ], [ 72.807640075000052, 18.894861222000145 ], [ 72.807640075000052, 18.895139695000182 ], [ 72.80735778900015, 18.895139695000182 ], [ 72.80735778900015, 18.895694734000188 ], [ 72.807083131000184, 18.895694734000188 ], [ 72.807083131000184, 18.895971299000053 ], [ 72.806800843000076, 18.895969391999984 ], [ 72.806800843000076, 18.89624977200009 ], [ 72.806526185000109, 18.89624977200009 ], [ 72.806526185000109, 18.896528245000127 ], [ 72.806251527000143, 18.896528245000127 ], [ 72.806251527000143, 18.897083284000132 ], [ 72.805969239000035, 18.897083284000132 ], [ 72.805969239000035, 18.89736175500019 ], [ 72.805686951000098, 18.897359849 ], [ 72.805686951000098, 18.897920608000163 ], [ 72.805419923000045, 18.897920608000163 ], [ 72.805419923000045, 18.89819908100003 ], [ 72.805137635000165, 18.89819908100003 ], [ 72.805137635000165, 18.898748397000134 ], [ 72.804862977000141, 18.898748397000134 ], [ 72.804862977000141, 18.899311066000109 ], [ 72.80458068900009, 18.899311066000109 ], [ 72.80458068900009, 18.90014267000015 ], [ 72.804306031000067, 18.90013885500008 ], [ 72.804306031000067, 18.900970459000177 ], [ 72.8040313730001, 18.900970459000177 ], [ 72.8040313730001, 18.902362823999965 ], [ 72.803749085, 18.902362823999965 ], [ 72.803756715000134, 18.903749466000136 ], [ 72.803474427000197, 18.903749466000136 ], [ 72.803474427000197, 18.907361985000023 ], [ 72.803749085, 18.907361985000023 ], [ 72.803749085, 18.908472062000101 ], [ 72.8040313730001, 18.908470155000032 ], [ 72.8040313730001, 18.909307479000063 ], [ 72.804306031000067, 18.909305572000164 ], [ 72.804306031000067, 18.909584045000031 ], [ 72.80458068900009, 18.90958023200011 ], [ 72.80458068900009, 18.910139083000104 ], [ 72.804862977000141, 18.910139083000104 ], [ 72.804862977000141, 18.910417556000141 ], [ 72.805137635000165, 18.910417556000141 ], [ 72.805137635000165, 18.910972595000146 ], [ 72.805419923000045, 18.910970687000145 ], [ 72.805419923000045, 18.911531448000119 ], [ 72.805694581000068, 18.911527633000048 ], [ 72.805694581000068, 18.911806106000085 ], [ 72.805969239000035, 18.911800386000152 ], [ 72.805969239000035, 18.912359237000146 ], [ 72.806251527000143, 18.912359237000146 ], [ 72.806251527000143, 18.912921906000065 ], [ 72.806526185000109, 18.912916183 ], [ 72.806526185000109, 18.91319465600003 ], [ 72.806808471000181, 18.91319465600003 ], [ 72.806808471000181, 18.913471222 ], [ 72.807083131000184, 18.913469314000054 ], [ 72.807083131000184, 18.914030074999971 ], [ 72.80735778900015, 18.914028168000073 ], [ 72.80735778900015, 18.914304733000165 ], [ 72.807640075000052, 18.914304733000165 ], [ 72.807640075000052, 18.914581299000133 ], [ 72.808197021000126, 18.914579391000132 ], [ 72.808197021000126, 18.914871215000119 ], [ 72.808471679000149, 18.914871215000119 ], [ 72.808471679000149, 18.914579391000132 ], [ 72.808746339000152, 18.914581299000133 ], [ 72.808746339000152, 18.914304733000165 ], [ 72.809028625000053, 18.914304733000165 ], [ 72.809028625000053, 18.914028168000073 ], [ 72.80930328300019, 18.914030074999971 ], [ 72.80930328300019, 18.913749695000035 ], [ 72.809593201000041, 18.913749695000035 ], [ 72.809585571000127, 18.913471222 ], [ 72.809860229000094, 18.913471222 ], [ 72.809860229000094, 18.91319465600003 ], [ 72.810142517000031, 18.91319465600003 ], [ 72.810142517000031, 18.912916183 ], [ 72.810691833000135, 18.912921906000065 ], [ 72.810691833000135, 18.912641525000026 ], [ 72.810966491000158, 18.912641525000026 ], [ 72.810966491000158, 18.912359237000146 ], [ 72.811248779000039, 18.912359237000146 ], [ 72.811248779000039, 18.912080764000109 ], [ 72.811531067000146, 18.912082672000054 ], [ 72.811531067000146, 18.911527633000048 ], [ 72.811813355000027, 18.911531448000119 ], [ 72.811813355000027, 18.911249160000182 ], [ 72.812919617000091, 18.911249160000182 ], [ 72.812919617000091, 18.911531448000119 ], [ 72.813468933000081, 18.911527633000048 ], [ 72.813468933000081, 18.911806106000085 ], [ 72.813751221000189, 18.911806106000085 ], [ 72.813751221000189, 18.912082672000054 ], [ 72.814025879000155, 18.912080764000109 ], [ 72.814025879000155, 18.912359237000146 ], [ 72.814582825000059, 18.912359237000146 ], [ 72.814582825000059, 18.912921906000065 ], [ 72.814857483000196, 18.912916183 ], [ 72.814857483000196, 18.91319465600003 ], [ 72.8154144290001, 18.91319465600003 ], [ 72.8154144290001, 18.914581299000133 ], [ 72.815696717000037, 18.914579391000132 ], [ 72.815696717000037, 18.914871215000119 ], [ 72.815971375000174, 18.914871215000119 ], [ 72.815971375000174, 18.915140152000106 ], [ 72.816246033000198, 18.915140152000106 ], [ 72.816246033000198, 18.915420533000088 ], [ 72.816528321000078, 18.915420533000088 ], [ 72.816528321000078, 18.916250229000184 ], [ 72.816246033000198, 18.916250229000184 ], [ 72.816246033000198, 18.916530610000052 ], [ 72.815971375000174, 18.916530610000052 ], [ 72.815971375000174, 18.91764068700013 ], [ 72.816253663000111, 18.917638779000129 ], [ 72.816253663000111, 18.918195725000032 ], [ 72.816528321000078, 18.918195725000032 ], [ 72.816528321000078, 18.918472291000171 ], [ 72.817642211000077, 18.918472291000171 ], [ 72.817642211000077, 18.918195725000032 ], [ 72.818473815000118, 18.918195725000032 ], [ 72.818473815000118, 18.917917252000166 ], [ 72.819580079000161, 18.917930603000116 ], [ 72.819580079000161, 18.91764068700013 ], [ 72.820968629000106, 18.91764068700013 ], [ 72.820968629000106, 18.917360306000091 ], [ 72.821250915, 18.917360306000091 ], [ 72.821250915, 18.917079925999985 ], [ 72.821525573000031, 18.917085648000125 ], [ 72.821525573000031, 18.916803360000017 ], [ 72.822364806999985, 18.916803360000017 ], [ 72.822364806999985, 18.917085648000125 ], [ 72.822639465000179, 18.917079925999985 ], [ 72.822639465000179, 18.917360306000091 ], [ 72.822906495000041, 18.917360306000091 ], [ 72.822906495000041, 18.917930603000116 ], [ 72.823196411000083, 18.917917252000166 ], [ 72.823196411000083, 18.918195725000032 ], [ 72.82347106900005, 18.91819000300012 ], [ 72.82347106900005, 18.918750764000038 ], [ 72.823753357000157, 18.918750764000038 ], [ 72.823753357000157, 18.919031143000041 ], [ 72.824066162000179, 18.919031143000041 ], [ 72.824302673000091, 18.919031143000041 ], [ 72.824302673000091, 18.919309616000078 ], [ 72.824584961000198, 18.919305802000167 ], [ 72.824584961000198, 18.919582368000135 ], [ 72.825416565000069, 18.919580460000134 ], [ 72.825416565000069, 18.920141220000176 ], [ 72.824859619, 18.920139313999982 ], [ 72.824859619, 18.920351029000187 ], [ 72.824859619, 18.921808243000157 ], [ 72.825141907000102, 18.921808243000157 ], [ 72.825141907000102, 18.922639847000028 ], [ 72.824302673000091, 18.922639847000028 ], [ 72.824302673000091, 18.922359466000046 ], [ 72.823753357000157, 18.922361373000115 ], [ 72.823753357000157, 18.922082900000078 ], [ 72.823196411000083, 18.922080993000179 ], [ 72.823196411000083, 18.922639847000028 ], [ 72.822906495000041, 18.922639847000028 ], [ 72.822906495000041, 18.922918320000065 ], [ 72.822364806999985, 18.92291641200012 ], [ 72.822364806999985, 18.923194885000157 ], [ 72.821807861000082, 18.923194885000157 ], [ 72.821807861000082, 18.923471450000022 ], [ 72.820968629000106, 18.923471450000022 ], [ 72.820968629000106, 18.923749924000163 ], [ 72.819862365000063, 18.923740388000056 ], [ 72.819862365000063, 18.924028397000029 ], [ 72.819313049000073, 18.924028397000029 ], [ 72.819313049000073, 18.92431068500008 ], [ 72.819030761000192, 18.924304962000065 ], [ 72.819030761000192, 18.924583435000102 ], [ 72.81874847500012, 18.924583435000102 ], [ 72.81874847500012, 18.924861908000139 ], [ 72.818473815000118, 18.924861908000139 ], [ 72.818473815000118, 18.92569351200018 ], [ 72.818740844999979, 18.925689697000166 ], [ 72.818740844999979, 18.926532746000191 ], [ 72.819030761000192, 18.926532746000191 ], [ 72.819030761000192, 18.926811219000058 ], [ 72.819305419000159, 18.926805497000089 ], [ 72.819305419000159, 18.927082062000181 ], [ 72.819862365000063, 18.92708015400018 ], [ 72.819862365000063, 18.927360535 ], [ 72.820137023000086, 18.927360535 ], [ 72.820137023000086, 18.927919389000067 ], [ 72.820419311000137, 18.927917481000065 ], [ 72.820419311000137, 18.928192139000089 ], [ 72.820686341000055, 18.928190231000087 ], [ 72.820686341000055, 18.9287529 ], [ 72.820968629000106, 18.9287529 ], [ 72.820968629000106, 18.929309846000081 ], [ 72.821250915, 18.929306031000067 ], [ 72.821250915, 18.929584504000104 ], [ 72.821525573000031, 18.929584504000104 ], [ 72.821525573000031, 18.930139543000109 ], [ 72.821800233000033, 18.930139543000109 ], [ 72.821800233000033, 18.93041992100018 ], [ 72.822082519000105, 18.930414201000076 ], [ 72.822082519000105, 18.930973054000049 ], [ 72.822357177000072, 18.93097114700015 ], [ 72.822357177000072, 18.931529998000144 ], [ 72.822639465000179, 18.931528093000054 ], [ 72.822639465000179, 18.932083129000148 ], [ 72.822914123000146, 18.932083129000148 ], [ 72.822914123000146, 18.93291664100019 ], [ 72.823196411000083, 18.932910920000154 ], [ 72.823196411000083, 18.93375015200013 ], [ 72.82347106900005, 18.93375015200013 ], [ 72.82347106900005, 18.934860229000037 ], [ 72.823753357000157, 18.934860229000037 ], [ 72.823753357000157, 18.940141679000078 ], [ 72.82347106900005, 18.940141679000078 ], [ 72.82347106900005, 18.941530229000023 ], [ 72.823196411000083, 18.941528321000021 ], [ 72.823196411000083, 18.942363738000154 ], [ 72.822906495000041, 18.942359925000119 ], [ 72.822906495000041, 18.943201065000096 ], [ 72.822639465000179, 18.943201065000096 ], [ 72.822639465000179, 18.944030761000135 ], [ 72.822364806999985, 18.944026946000122 ], [ 72.822364806999985, 18.944585800000141 ], [ 72.822082519000105, 18.944580079000104 ], [ 72.822082519000105, 18.9451408380001 ], [ 72.821807861000082, 18.945138931000031 ], [ 72.821807861000082, 18.945695877000105 ], [ 72.821525573000031, 18.945695877000105 ], [ 72.821533203000115, 18.946250915000178 ], [ 72.821250915, 18.946250915000178 ], [ 72.821250915, 18.946809769000026 ], [ 72.820968629000106, 18.946807861000082 ], [ 72.820968629000106, 18.947082519000048 ], [ 72.820686341000055, 18.94708061200015 ], [ 72.820686341000055, 18.947639465000123 ], [ 72.820419311000137, 18.947639465000123 ], [ 72.820419311000137, 18.94791793800016 ], [ 72.820137023000086, 18.94791793800016 ], [ 72.820137023000086, 18.948194504000128 ], [ 72.819862365000063, 18.948194504000128 ], [ 72.819862365000063, 18.948320390000049 ], [ 72.819862365000063, 18.94874954200003 ], [ 72.819580079000161, 18.94874954200003 ], [ 72.819580079000161, 18.949029923000069 ], [ 72.819313049000073, 18.949029923000069 ], [ 72.819313049000073, 18.949310303000175 ], [ 72.819030761000192, 18.949306488000104 ], [ 72.819030761000192, 18.949583054000072 ], [ 72.81874847500012, 18.949583054000072 ], [ 72.81874847500012, 18.94986152700011 ], [ 72.818191529000046, 18.949859619000165 ], [ 72.818191529000046, 18.950138092000032 ], [ 72.817916871000023, 18.950138092000032 ], [ 72.817916871000023, 18.950700761000121 ], [ 72.817642211000077, 18.950695038000106 ], [ 72.817642211000077, 18.950971604000074 ], [ 72.817085267000152, 18.950971604000074 ], [ 72.817092895000087, 18.95124816900011 ], [ 72.816802979000045, 18.95124816900011 ], [ 72.816802979000045, 18.951528550000148 ], [ 72.816246033000198, 18.951528550000148 ], [ 72.816246033000198, 18.95181083600005 ], [ 72.815696717000037, 18.951805115000184 ], [ 72.815696717000037, 18.95208358800005 ], [ 72.8154144290001, 18.95208358800005 ], [ 72.8154144290001, 18.952360154000189 ], [ 72.814857483000196, 18.952360154000189 ], [ 72.814857483000196, 18.952642440000091 ], [ 72.814582825000059, 18.952642440000091 ], [ 72.814582825000059, 18.952922821000129 ], [ 72.814308167000036, 18.952917100000093 ], [ 72.814308167000036, 18.953193665000128 ], [ 72.814025879000155, 18.953193665000128 ], [ 72.814025879000155, 18.953470231000097 ], [ 72.813468933000081, 18.953470231000097 ], [ 72.813468933000081, 18.953752517 ], [ 72.812919617000091, 18.953752517 ], [ 72.812919617000091, 18.954040528000121 ], [ 72.81263732900004, 18.954040528000121 ], [ 72.81263732900004, 18.954309463000072 ], [ 72.812362671000187, 18.954305650000038 ], [ 72.812362671000187, 18.95458221500013 ], [ 72.810417175000168, 18.954580308000061 ], [ 72.810417175000168, 18.954860688000167 ], [ 72.808197021000126, 18.954860688000167 ], [ 72.808197021000126, 18.954580308000061 ], [ 72.807914735000054, 18.95458221500013 ], [ 72.807914735000054, 18.954305650000038 ], [ 72.807640075000052, 18.954309463000072 ], [ 72.807640075000052, 18.954040528000121 ], [ 72.80735778900015, 18.954040528000121 ], [ 72.80735778900015, 18.953752517 ], [ 72.807083131000184, 18.953752517 ], [ 72.807083131000184, 18.953470231000097 ], [ 72.806808471000181, 18.953470231000097 ], [ 72.806808471000181, 18.952917100000093 ], [ 72.806251527000143, 18.952922821000129 ], [ 72.806251527000143, 18.952642440000091 ], [ 72.805801391000159, 18.952642440000091 ], [ 72.805419923000045, 18.952642440000091 ], [ 72.805412293000131, 18.952100754000071 ], [ 72.804862977000141, 18.95207977299998 ], [ 72.804862977000141, 18.951528550000148 ], [ 72.80458068900009, 18.951528550000148 ], [ 72.80458068900009, 18.95124816900011 ], [ 72.804306031000067, 18.95124816900011 ], [ 72.804306031000067, 18.950969696000072 ], [ 72.8040313730001, 18.950971604000074 ], [ 72.8040313730001, 18.950695038000106 ], [ 72.803756715000134, 18.950700761000121 ], [ 72.803756715000134, 18.950138092000032 ], [ 72.803192139000089, 18.950138092000032 ], [ 72.803192139000089, 18.949581146000128 ], [ 72.802635193000015, 18.949583054000072 ], [ 72.802635193000015, 18.949306488000104 ], [ 72.802360535000048, 18.949310303000175 ], [ 72.802360535000048, 18.949029923000069 ], [ 72.802085877000081, 18.949029923000069 ], [ 72.802085877000081, 18.94874954200003 ], [ 72.801528931000178, 18.94874954200003 ], [ 72.801528931000178, 18.948471069 ], [ 72.800971985000103, 18.948472977000165 ], [ 72.800971985000103, 18.948194504000128 ], [ 72.800140381, 18.948194504000128 ], [ 72.800140381, 18.94791793800016 ], [ 72.799583435000159, 18.94791793800016 ], [ 72.799583435000159, 18.947639465000123 ], [ 72.798751831000061, 18.947639465000123 ], [ 72.798751831000061, 18.94708061200015 ], [ 72.798469543000181, 18.947082519000048 ], [ 72.798469543000181, 18.946807861000082 ], [ 72.798187256000176, 18.946809769000026 ], [ 72.798187256000176, 18.946529388000044 ], [ 72.797920227000191, 18.946529388000044 ], [ 72.797920227000191, 18.946250915000178 ], [ 72.797630310000102, 18.946250915000178 ], [ 72.797630310000102, 18.9451408380001 ], [ 72.797363281000116, 18.9451408380001 ], [ 72.797363281000116, 18.944852830000059 ], [ 72.796806335000042, 18.944860458000164 ], [ 72.796806335000042, 18.944585800000141 ], [ 72.796524049000141, 18.944585800000141 ], [ 72.796524049000141, 18.944305419000159 ], [ 72.796249391000117, 18.944311142000174 ], [ 72.796249391000117, 18.944030761000135 ], [ 72.795967102000134, 18.944030761000135 ], [ 72.795967102000134, 18.943470002000026 ], [ 72.795692445000043, 18.943473815000061 ], [ 72.795692445000043, 18.942363738000154 ], [ 72.795417787000076, 18.942363738000154 ], [ 72.795417787000076, 18.941249847999984 ], [ 72.795135499000196, 18.941249847999984 ], [ 72.795135499000196, 18.940416337000045 ], [ 72.794860841000173, 18.940420152000115 ], [ 72.794860841000173, 18.939580918000104 ], [ 72.794586183000035, 18.939582825000173 ], [ 72.794586183000035, 18.939306260000137 ], [ 72.794296264000081, 18.93931007499998 ], [ 72.794296264000081, 18.939031602000171 ], [ 72.794029237000132, 18.939031602000171 ], [ 72.794029237000132, 18.938749314000063 ], [ 72.793197633000034, 18.938749314000063 ], [ 72.793197633000034, 18.939031602000171 ], [ 72.792922973000088, 18.939031602000171 ], [ 72.792922973000088, 18.93931007499998 ], [ 72.792640687000187, 18.939306260000137 ], [ 72.792640687000187, 18.939582825000173 ], [ 72.792083741000113, 18.939582825000173 ], [ 72.792083741000113, 18.939859391000141 ], [ 72.791809083000089, 18.939859391000141 ], [ 72.791809083000089, 18.940694810000082 ], [ 72.792083741000113, 18.940694810000082 ], [ 72.792083741000113, 18.940971375000174 ], [ 72.792358398000147, 18.940969468000105 ], [ 72.792358398000147, 18.941530229000023 ], [ 72.792640687000187, 18.941528321000021 ], [ 72.792640687000187, 18.942081452000082 ], [ 72.792922973000088, 18.942079545000183 ], [ 72.792922973000088, 18.942640304000122 ], [ 72.793197633000034, 18.942640304000122 ], [ 72.793197633000034, 18.943750381000029 ], [ 72.792915345000154, 18.943750381000029 ], [ 72.792915345000154, 18.944585800000141 ], [ 72.792640687000187, 18.944580079000104 ], [ 72.792640687000187, 18.945421219000082 ], [ 72.792358398000147, 18.945421219000082 ], [ 72.792358398000147, 18.946529388000044 ], [ 72.792083741000113, 18.946527481000146 ], [ 72.792083741000113, 18.947082519000048 ], [ 72.791809083000089, 18.947082519000048 ], [ 72.791816711000195, 18.947639465000123 ], [ 72.791526795000038, 18.947639465000123 ], [ 72.791526795000038, 18.948194504000128 ], [ 72.791816711000195, 18.948190689000114 ], [ 72.791816711000195, 18.950700761000121 ], [ 72.792358398000147, 18.950700761000121 ], [ 72.792358398000147, 18.95124816900011 ], [ 72.792640687000187, 18.95124816900011 ], [ 72.792640687000187, 18.95181083600005 ], [ 72.792915345000154, 18.951805115000184 ], [ 72.792915345000154, 18.952360154000189 ], [ 72.793197633000034, 18.952360154000189 ], [ 72.793197633000034, 18.952642440000091 ], [ 72.793472291000057, 18.952642440000091 ], [ 72.793472291000057, 18.952922821000129 ], [ 72.793746948000148, 18.952917100000093 ], [ 72.793746948000148, 18.953470231000097 ], [ 72.794029237000132, 18.953470231000097 ], [ 72.794029237000132, 18.953752517 ], [ 72.794296264000081, 18.953752517 ], [ 72.794296264000081, 18.954040528000121 ], [ 72.794586183000035, 18.954040528000121 ], [ 72.794586183000035, 18.954309463000072 ], [ 72.794860841000173, 18.954305650000038 ], [ 72.794860841000173, 18.95458221500013 ], [ 72.795135499000196, 18.95458221500013 ], [ 72.795135499000196, 18.955692292000037 ], [ 72.795417787000076, 18.955692292000037 ], [ 72.795417787000076, 18.955974579000042 ], [ 72.795692445000043, 18.955970763000039 ], [ 72.795692445000043, 18.956251144000078 ], [ 72.795967102000134, 18.956251144000078 ], [ 72.795967102000134, 18.956529617000115 ], [ 72.796249391000117, 18.956529617000115 ], [ 72.796249391000117, 18.956809998000153 ], [ 72.796524049000141, 18.956806183000083 ], [ 72.796524049000141, 18.95708465600012 ], [ 72.797080995000044, 18.957080840000174 ], [ 72.797080995000044, 18.957361220999985 ], [ 72.797363281000116, 18.957361220999985 ], [ 72.797363281000116, 18.957639694000022 ], [ 72.797630310000102, 18.957639694000022 ], [ 72.797630310000102, 18.957920075000061 ], [ 72.798187256000176, 18.957920075000061 ], [ 72.798187256000176, 18.959030152000139 ], [ 72.799308777000135, 18.959028244000024 ], [ 72.799308777000135, 18.959306717000061 ], [ 72.799575806000121, 18.959300993999989 ], [ 72.799575806000121, 18.960140229000103 ], [ 72.799308777000135, 18.960138321000102 ], [ 72.799308777000135, 18.960971833000144 ], [ 72.799575806000121, 18.960969925000143 ], [ 72.799575806000121, 18.961530686000117 ], [ 72.799858093000125, 18.961530686000117 ], [ 72.799858093000125, 18.961811067000099 ], [ 72.800140381, 18.961811067000099 ], [ 72.800140381, 18.962360383000089 ], [ 72.800422669000113, 18.962360383000089 ], [ 72.800422669000113, 18.962640763000024 ], [ 72.80069732700008, 18.962638856000126 ], [ 72.80069732700008, 18.963193894000028 ], [ 72.800971985000103, 18.963193894000028 ], [ 72.800971985000103, 18.963472367000065 ], [ 72.80124664300007, 18.96347046 ], [ 72.80124664300007, 18.964029312999969 ], [ 72.801528931000178, 18.964029312999969 ], [ 72.801528931000178, 18.965421676000176 ], [ 72.802085877000081, 18.965415956000072 ], [ 72.802085877000081, 18.965694429000109 ], [ 72.802635193000015, 18.965694429000109 ], [ 72.802635193000015, 18.96847152700019 ], [ 72.802085877000081, 18.968469619000189 ], [ 72.802085877000081, 18.968751907000126 ], [ 72.801795958000127, 18.968751907000126 ], [ 72.801795958000127, 18.969039918000078 ], [ 72.801528931000178, 18.969028473000094 ], [ 72.801528931000178, 18.969863892000035 ], [ 72.801803589000144, 18.969863892000035 ], [ 72.801803589000144, 18.970695496000076 ], [ 72.802085877000081, 18.970689773000061 ], [ 72.802085877000081, 18.971250533999978 ], [ 72.802360535000048, 18.971250533999978 ], [ 72.802360535000048, 18.971809388000054 ], [ 72.802635193000015, 18.971805572999983 ], [ 72.802635193000015, 18.972360611000113 ], [ 72.803192139000089, 18.972360611000113 ], [ 72.803192139000089, 18.972640992000095 ], [ 72.803466797000112, 18.972640992000095 ], [ 72.803466797000112, 18.972919465000132 ], [ 72.803749085, 18.972917557000187 ], [ 72.803749085, 18.973194123000155 ], [ 72.8040313730001, 18.973194123000155 ], [ 72.8040313730001, 18.973472596000022 ], [ 72.804306031000067, 18.973470688000191 ], [ 72.804306031000067, 18.973751069000059 ], [ 72.80458068900009, 18.973751069000059 ], [ 72.80458068900009, 18.974309921999975 ], [ 72.804862977000141, 18.974306107000132 ], [ 72.804862977000141, 18.974861146000137 ], [ 72.805137635000165, 18.974849701000153 ], [ 72.805137635000165, 18.975418092000041 ], [ 72.805694581000068, 18.975416184000039 ], [ 72.805694581000068, 18.975973130000114 ], [ 72.805969239000035, 18.975971223000045 ], [ 72.805969239000035, 18.976528169000119 ], [ 72.805686951000098, 18.976528169000119 ], [ 72.805686951000098, 18.97821045000012 ], [ 72.808471679000149, 18.978195190000122 ], [ 72.808471679000149, 18.978471754999987 ], [ 72.808746339000152, 18.978469850000124 ], [ 72.808746339000152, 18.978748321000126 ], [ 72.809028625000053, 18.978748321000126 ], [ 72.809028625000053, 18.979032516000132 ], [ 72.80930328300019, 18.979032516000132 ], [ 72.80930328300019, 18.978748321000126 ], [ 72.811248779000039, 18.978748321000126 ], [ 72.811248779000039, 18.979032516000132 ], [ 72.811531067000146, 18.979032516000132 ], [ 72.811531067000146, 18.97931289700017 ], [ 72.811805725000113, 18.979305267000029 ], [ 72.811805725000113, 18.979583740000066 ], [ 72.812080383000136, 18.979581832000122 ], [ 72.812080383000136, 18.979860305000159 ], [ 72.812362671000187, 18.979860305000159 ], [ 72.812362671000187, 18.980142593000039 ], [ 72.81263732900004, 18.980138778000025 ], [ 72.81263732900004, 18.980693817000031 ], [ 72.813186644999973, 18.980691909000029 ], [ 72.813186644999973, 18.981252670000174 ], [ 72.813751221000189, 18.981252670000174 ], [ 72.813751221000189, 18.981809616000021 ], [ 72.814025879000155, 18.981809616000021 ], [ 72.814025879000155, 18.982919693000156 ], [ 72.814308167000036, 18.982919693000156 ], [ 72.814308167000036, 18.985139846999971 ], [ 72.814025879000155, 18.985139846999971 ], [ 72.814025879000155, 18.986249924000106 ], [ 72.813751221000189, 18.986249924000106 ], [ 72.813751221000189, 18.986530305000088 ], [ 72.813468933000081, 18.986528397000143 ], [ 72.813468933000081, 18.987083436000148 ], [ 72.812919617000091, 18.987083436000148 ], [ 72.812919617000091, 18.98680687000018 ], [ 72.812362671000187, 18.98680687000018 ], [ 72.812362671000187, 18.987083436000148 ], [ 72.811248779000039, 18.987083436000148 ], [ 72.811248779000039, 18.987361909000185 ], [ 72.810974121000072, 18.987361909000185 ], [ 72.810974121000072, 18.988471986000093 ], [ 72.810691833000135, 18.988470078000091 ], [ 72.810691833000135, 18.989030838000133 ], [ 72.810974121000072, 18.989028930000188 ], [ 72.810974121000072, 18.989583968999966 ], [ 72.811248779000039, 18.989580155000056 ], [ 72.811248779000039, 18.990148545000181 ], [ 72.811531067000146, 18.990137100000027 ], [ 72.811531067000146, 18.990694046000101 ], [ 72.811813355000027, 18.990690232000134 ], [ 72.811813355000027, 18.991249084000174 ], [ 72.812080383000136, 18.991249084000174 ], [ 72.812080383000136, 18.992359161000081 ], [ 72.812362671000187, 18.992359161000081 ], [ 72.812362671000187, 18.993471146 ], [ 72.812080383000136, 18.993469238000046 ], [ 72.812080383000136, 18.994031907000135 ], [ 72.811531067000146, 18.994028092000065 ], [ 72.811531067000146, 18.994304657000157 ], [ 72.811805725000113, 18.994304657000157 ], [ 72.811805725000113, 18.99597358800014 ], [ 72.811531067000146, 18.995960235000155 ], [ 72.811531067000146, 18.997920989000022 ], [ 72.811248779000039, 18.997920989000022 ], [ 72.811248779000039, 18.999309539000024 ], [ 72.810966491000158, 18.999309539000024 ], [ 72.810966491000158, 18.999860765000108 ], [ 72.811248779000039, 18.999860765000108 ], [ 72.811248779000039, 19.002361297000107 ], [ 72.811531067000146, 19.002361297000107 ], [ 72.811531067000146, 19.003471374000185 ], [ 72.811813355000027, 19.003469467000116 ], [ 72.811813355000027, 19.004028320000089 ], [ 72.812080383000136, 19.004028320000089 ], [ 72.812080383000136, 19.004583359000094 ], [ 72.812362671000187, 19.004579544000023 ], [ 72.812362671000187, 19.005151748000117 ], [ 72.81263732900004, 19.005151748000117 ], [ 72.81263732900004, 19.005701066000086 ], [ 72.812919617000091, 19.00569534300007 ], [ 72.812919617000091, 19.005971909000039 ], [ 72.813186644999973, 19.005971909000039 ], [ 72.813186644999973, 19.006532670000183 ], [ 72.813468933000081, 19.006526947000111 ], [ 72.813468933000081, 19.007083893000015 ], [ 72.813751221000189, 19.007083893000015 ], [ 72.813751221000189, 19.009584428000096 ], [ 72.814025879000155, 19.009580613000026 ], [ 72.814025879000155, 19.009862901000133 ], [ 72.814308167000036, 19.009862901000133 ], [ 72.814308167000036, 19.010139466000169 ], [ 72.814582825000059, 19.010139466000169 ], [ 72.814582825000059, 19.010692597000173 ], [ 72.814857483000196, 19.010690690000104 ], [ 72.814857483000196, 19.011249543000076 ], [ 72.815139771000133, 19.011249543000076 ], [ 72.815139771000133, 19.011800767000068 ], [ 72.8154144290001, 19.011806487000172 ], [ 72.8154144290001, 19.01208305300014 ], [ 72.815696717000037, 19.01208305300014 ], [ 72.815696717000037, 19.012361526000177 ], [ 72.815971375000174, 19.012359619999984 ], [ 72.815971375000174, 19.013200760000132 ], [ 72.816246033000198, 19.013200760000132 ], [ 72.816246033000198, 19.016529083000137 ], [ 72.815971375000174, 19.016529083000137 ], [ 72.815971375000174, 19.017639160000044 ], [ 72.815696717000037, 19.017639160000044 ], [ 72.815696717000037, 19.020694732999971 ], [ 72.815406799000186, 19.020692826000072 ], [ 72.815406799000186, 19.024030685000128 ], [ 72.815139771000133, 19.024026870000114 ], [ 72.815139771000133, 19.024585724000133 ], [ 72.814857483000196, 19.024580003000096 ], [ 72.814857483000196, 19.025140762000035 ], [ 72.814582825000059, 19.025138854999966 ], [ 72.814582825000059, 19.02708244300004 ], [ 72.8154144290001, 19.02708244300004 ], [ 72.8154144290001, 19.026807785000074 ], [ 72.815696717000037, 19.026809693000018 ], [ 72.815696717000037, 19.025690078000025 ], [ 72.815971375000174, 19.02569580100004 ], [ 72.815971375000174, 19.025138854999966 ], [ 72.816246033000198, 19.025140762000035 ], [ 72.816246033000198, 19.024860382000156 ], [ 72.816528321000078, 19.024860382000156 ], [ 72.816528321000078, 19.024580003000096 ], [ 72.816802979000045, 19.024585724000133 ], [ 72.816802979000045, 19.024303436000082 ], [ 72.817092895000087, 19.024311066000166 ], [ 72.817092895000087, 19.024030685000128 ], [ 72.817359925000119, 19.024030685000128 ], [ 72.817359925000119, 19.023750305000192 ], [ 72.817642211000077, 19.023750305000192 ], [ 72.817642211000077, 19.023469926000189 ], [ 72.817916871000023, 19.023473739000053 ], [ 72.817916871000023, 19.022916795000185 ], [ 72.818191529000046, 19.022920608000049 ], [ 72.818191529000046, 19.022640228000114 ], [ 72.818466187000183, 19.022640228000114 ], [ 72.818466187000183, 19.022359849000111 ], [ 72.81874847500012, 19.022363662000146 ], [ 72.81874847500012, 19.020694732999971 ], [ 72.819030761000192, 19.020694732999971 ], [ 72.819030761000192, 19.020139695000069 ], [ 72.819305419000159, 19.020139695000069 ], [ 72.819305419000159, 19.019306183000026 ], [ 72.819580079000161, 19.019311906000041 ], [ 72.819580079000161, 19.018470764000085 ], [ 72.819862365000063, 19.018472672000087 ], [ 72.819862365000063, 19.01819419900005 ], [ 72.820137023000086, 19.01819419900005 ], [ 72.820137023000086, 19.017915726000183 ], [ 72.820419311000137, 19.017921449000028 ], [ 72.820419311000137, 19.017639160000044 ], [ 72.822906495000041, 19.017639160000044 ], [ 72.822906495000041, 19.017921449000028 ], [ 72.825141907000102, 19.017915726000183 ], [ 72.825141907000102, 19.01819419900005 ], [ 72.825416565000069, 19.01819419900005 ], [ 72.825416565000069, 19.018472672000087 ], [ 72.826530457000047, 19.018470764000085 ], [ 72.826530457000047, 19.018749237000122 ], [ 72.826812743000119, 19.018749237000122 ], [ 72.826812743000119, 19.019031526000106 ], [ 72.827079773000037, 19.019031526000106 ], [ 72.827079773000037, 19.019311906000041 ], [ 72.827362061000144, 19.019306183000026 ], [ 72.827362061000144, 19.019582749000165 ], [ 72.827636719000111, 19.019580841 ], [ 72.827636719000111, 19.01985931400003 ], [ 72.828193665000185, 19.01985931400003 ], [ 72.828193665000185, 19.020139695000069 ], [ 72.828475951000087, 19.020128250000084 ], [ 72.828475951000087, 19.020420076000107 ], [ 72.829025269000056, 19.020416260000104 ], [ 72.829025269000056, 19.020694732999971 ], [ 72.82958221500013, 19.020694732999971 ], [ 72.82958221500013, 19.020971299000109 ], [ 72.829856873000153, 19.020969391000165 ], [ 72.829856873000153, 19.021249771999976 ], [ 72.830406189000087, 19.021249771999976 ], [ 72.830406189000087, 19.021530153000185 ], [ 72.830696105000129, 19.021528245000013 ], [ 72.830696105000129, 19.021804810000106 ], [ 72.830970765000075, 19.021804810000106 ], [ 72.830970765000075, 19.022081376000074 ], [ 72.831253051000033, 19.022081376000074 ], [ 72.831253051000033, 19.022363662000146 ], [ 72.83152770900017, 19.022359849000111 ], [ 72.83152770900017, 19.022640228000114 ], [ 72.831802369000172, 19.022640228000114 ], [ 72.831802369000172, 19.022920608000049 ], [ 72.832084655000074, 19.022916795000185 ], [ 72.832084655000074, 19.023195266000187 ], [ 72.83235931300004, 19.023195266000187 ], [ 72.83235931300004, 19.023473739000053 ], [ 72.832641601000148, 19.023469926000189 ], [ 72.832641601000148, 19.024030685000128 ], [ 72.832916259000115, 19.024030685000128 ], [ 72.832916259000115, 19.024311066000166 ], [ 72.833190917000138, 19.024303436000082 ], [ 72.833190917000138, 19.024585724000133 ], [ 72.833473205000189, 19.024580003000096 ], [ 72.833473205000189, 19.024860382000156 ], [ 72.833740235000107, 19.024860382000156 ], [ 72.833740235000107, 19.025140762000035 ], [ 72.834030151000093, 19.025140762000035 ], [ 72.834030151000093, 19.026260377000085 ], [ 72.834297181000181, 19.026260377000085 ], [ 72.834297181000181, 19.026531219999981 ], [ 72.83486175500019, 19.026531219999981 ], [ 72.83486175500019, 19.026809693000018 ], [ 72.835136413000157, 19.026809693000018 ], [ 72.835136413000157, 19.027360916000077 ], [ 72.835418701000037, 19.027360916000077 ], [ 72.835418701000037, 19.027639389000115 ], [ 72.835693359000061, 19.027639389000115 ], [ 72.835693359000061, 19.02819442800012 ], [ 72.835975647000112, 19.02819442800012 ], [ 72.835975647000112, 19.028749466000022 ], [ 72.836250305000135, 19.028749466000022 ], [ 72.836250305000135, 19.029321670000115 ], [ 72.836517333000188, 19.029321670000115 ], [ 72.836517333000188, 19.030139924000139 ], [ 72.836799621000125, 19.030139924000139 ], [ 72.836799621000125, 19.030418397000176 ], [ 72.837081909000176, 19.030418397000176 ], [ 72.837081909000176, 19.031248093000102 ], [ 72.837364197000113, 19.031248093000102 ], [ 72.837364197000113, 19.032083512000042 ], [ 72.83763885500008, 19.032068251999988 ], [ 72.83763885500008, 19.032922744000189 ], [ 72.837905883000133, 19.032922744000189 ], [ 72.837905883000133, 19.034860610000123 ], [ 72.838195801000154, 19.034860610000123 ], [ 72.838195801000154, 19.039281845000119 ], [ 72.837905883000133, 19.039300918000151 ], [ 72.837905883000133, 19.041810990000045 ], [ 72.83763885500008, 19.041805268000076 ], [ 72.83763885500008, 19.043752671000163 ], [ 72.83763885500008, 19.044584275000091 ], [ 72.837356566999972, 19.044580460000191 ], [ 72.837356566999972, 19.045139314000096 ], [ 72.837081909000176, 19.045139314000096 ], [ 72.837081909000176, 19.045421600000168 ], [ 72.836807251000039, 19.045415879000132 ], [ 72.836807251000039, 19.045972823 ], [ 72.836524963000102, 19.045972823 ], [ 72.836524963000102, 19.048194885000044 ], [ 72.836250305000135, 19.048191070000144 ], [ 72.836250305000135, 19.048749923000116 ], [ 72.835983275000046, 19.048749923000116 ], [ 72.835983275000046, 19.049030304000155 ], [ 72.835693359000061, 19.049030304000155 ], [ 72.835693359000061, 19.049310685000137 ], [ 72.835136413000157, 19.04930305400012 ], [ 72.835136413000157, 19.049581526999987 ], [ 72.83486175500019, 19.049581526999987 ], [ 72.83486175500019, 19.049863816000027 ], [ 72.833473205000189, 19.049863816000027 ], [ 72.833473205000189, 19.049581526999987 ], [ 72.832641601000148, 19.049581526999987 ], [ 72.832641601000148, 19.04930305400012 ], [ 72.83235931300004, 19.049310685000137 ], [ 72.83235931300004, 19.049030304000155 ], [ 72.831253051000033, 19.049030304000155 ], [ 72.831253051000033, 19.048191070000144 ], [ 72.830696105000129, 19.048194885000044 ], [ 72.830696105000129, 19.047916412000177 ], [ 72.830406189000087, 19.04792022700002 ], [ 72.830406189000087, 19.047359466000103 ], [ 72.830139161000034, 19.047361373000172 ], [ 72.830139161000034, 19.046806335000042 ], [ 72.829856873000153, 19.046810150000113 ], [ 72.829856873000153, 19.046531677000075 ], [ 72.82958221500013, 19.046531677000075 ], [ 72.82958221500013, 19.045970918000137 ], [ 72.829864501000031, 19.045972823 ], [ 72.829864501000031, 19.045694352000169 ], [ 72.82958221500013, 19.045694352000169 ], [ 72.82958221500013, 19.045415879000132 ], [ 72.829032897000161, 19.045421600000168 ], [ 72.829032897000161, 19.045139314000096 ], [ 72.828475951000087, 19.045139314000096 ], [ 72.828475951000087, 19.044860841000059 ], [ 72.827919007, 19.044860841000059 ], [ 72.827919007, 19.044584275000091 ], [ 72.827636719000111, 19.044584275000091 ], [ 72.827636719000111, 19.044305802000054 ], [ 72.827362061000144, 19.044321061000119 ], [ 72.827362061000144, 19.044029237000132 ], [ 72.826530457000047, 19.044029237000132 ], [ 72.826530457000047, 19.043750764000094 ], [ 72.826248169000166, 19.043750764000094 ], [ 72.826248169000166, 19.043470383000113 ], [ 72.825416565000069, 19.043472291000057 ], [ 72.825416565000069, 19.04319381800002 ], [ 72.825141907000102, 19.04319381800002 ], [ 72.825141907000102, 19.042917252000052 ], [ 72.824859619, 19.042919160000054 ], [ 72.824859619, 19.042640687000187 ], [ 72.824302673000091, 19.042640687000187 ], [ 72.824302673000091, 19.042360305999978 ], [ 72.824028015000124, 19.042360305999978 ], [ 72.824028015000124, 19.042079926000042 ], [ 72.823753357000157, 19.042083741000113 ], [ 72.823753357000157, 19.040416718000131 ], [ 72.824028015000124, 19.040420532999974 ], [ 72.824028015000124, 19.039859772000057 ], [ 72.824302673000091, 19.039861679000126 ], [ 72.824302673000091, 19.039306641 ], [ 72.824584961000198, 19.039306641 ], [ 72.824584961000198, 19.038194656000144 ], [ 72.824302673000091, 19.038200379000159 ], [ 72.824302673000091, 19.037639618000185 ], [ 72.823753357000157, 19.037639618000185 ], [ 72.823753357000157, 19.03791999800012 ], [ 72.82347106900005, 19.03791999800012 ], [ 72.82347106900005, 19.038200379000159 ], [ 72.823196411000083, 19.038194656000144 ], [ 72.823196411000083, 19.038473129000181 ], [ 72.822906495000041, 19.038471222000112 ], [ 72.822906495000041, 19.039030075000028 ], [ 72.822639465000179, 19.039028168000186 ], [ 72.822639465000179, 19.039583206000088 ], [ 72.822357177000072, 19.039579391000188 ], [ 72.822357177000072, 19.04070091300008 ], [ 72.822082519000105, 19.04070091300008 ], [ 72.822082519000105, 19.041810990000045 ], [ 72.821800233000033, 19.041810990000045 ], [ 72.821807861000082, 19.042360305999978 ], [ 72.821533203000115, 19.042360305999978 ], [ 72.821533203000115, 19.042640687000187 ], [ 72.820968629000106, 19.042640687000187 ], [ 72.820968629000106, 19.042360305999978 ], [ 72.820686341000055, 19.042360305999978 ], [ 72.820686341000055, 19.042079926000042 ], [ 72.820137023000086, 19.042083741000113 ], [ 72.820137023000086, 19.041805268000076 ], [ 72.819030761000192, 19.041810990000045 ], [ 72.819030761000192, 19.041530610000109 ], [ 72.818740844999979, 19.041530610000109 ], [ 72.818740844999979, 19.041259765000177 ], [ 72.817642211000077, 19.041259765000177 ], [ 72.817642211000077, 19.041530610000109 ], [ 72.817359925000119, 19.041530610000109 ], [ 72.817359925000119, 19.041810990000045 ], [ 72.816802979000045, 19.041810990000045 ], [ 72.816802979000045, 19.041530610000109 ], [ 72.816528321000078, 19.041530610000109 ], [ 72.816528321000078, 19.041810990000045 ], [ 72.816246033000198, 19.041810990000045 ], [ 72.816246033000198, 19.042360305999978 ], [ 72.815971375000174, 19.042360305999978 ], [ 72.815971375000174, 19.042640687000187 ], [ 72.816246033000198, 19.042640687000187 ], [ 72.816246033000198, 19.042919160000054 ], [ 72.816528321000078, 19.042917252000052 ], [ 72.816528321000078, 19.043472291000057 ], [ 72.817092895000087, 19.043470383000113 ], [ 72.817092895000087, 19.044029237000132 ], [ 72.817642211000077, 19.044029237000132 ], [ 72.817642211000077, 19.044860841000059 ], [ 72.817916871000023, 19.044860841000059 ], [ 72.817916871000023, 19.045421600000168 ], [ 72.818191529000046, 19.045421600000168 ], [ 72.818191529000046, 19.046531677000075 ], [ 72.818466187000183, 19.046531677000075 ], [ 72.818466187000183, 19.046249388999968 ], [ 72.818740844999979, 19.046249388999968 ], [ 72.818740844999979, 19.046531677000075 ], [ 72.819030761000192, 19.046531677000075 ], [ 72.819030761000192, 19.046810150000113 ], [ 72.819305419000159, 19.046806335000042 ], [ 72.819305419000159, 19.047082900000134 ], [ 72.819580079000161, 19.047082900000134 ], [ 72.819580079000161, 19.047361373000172 ], [ 72.819862365000063, 19.047361373000172 ], [ 72.819862365000063, 19.048471450000079 ], [ 72.820137023000086, 19.048469543000181 ], [ 72.820137023000086, 19.049030304000155 ], [ 72.820419311000137, 19.049028396000153 ], [ 72.820419311000137, 19.049863816000027 ], [ 72.820968629000106, 19.04986 ], [ 72.820968629000106, 19.050140381000062 ], [ 72.821250915, 19.050140381000062 ], [ 72.821250915, 19.051530839000179 ], [ 72.821525573000031, 19.051525116000164 ], [ 72.821525573000031, 19.052360535000105 ], [ 72.821800233000033, 19.052360535000105 ], [ 72.821800233000033, 19.052640916000087 ], [ 72.822082519000105, 19.052640916000087 ], [ 72.822082519000105, 19.053199769000059 ], [ 72.822357177000072, 19.053199769000059 ], [ 72.822357177000072, 19.054029466000031 ], [ 72.822639465000179, 19.054029466000031 ], [ 72.822639465000179, 19.054861070000129 ], [ 72.82347106900005, 19.054861070000129 ], [ 72.82347106900005, 19.055139543000166 ], [ 72.823753357000157, 19.055139543000166 ], [ 72.823753357000157, 19.055973054000106 ], [ 72.82347106900005, 19.055971147000037 ], [ 72.82347106900005, 19.056259155000077 ], [ 72.823196411000083, 19.056249620000074 ], [ 72.823196411000083, 19.056804657999976 ], [ 72.822914123000146, 19.056804657999976 ], [ 72.822914123000146, 19.057361602000071 ], [ 72.822639465000179, 19.057359696999981 ], [ 72.822639465000179, 19.057638170000018 ], [ 72.820968629000106, 19.057638170000018 ], [ 72.820968629000106, 19.058471679000149 ], [ 72.82069396900016, 19.058471679000149 ], [ 72.82069396900016, 19.060693740999966 ], [ 72.820968629000106, 19.060693740999966 ], [ 72.820968629000106, 19.060970306000058 ], [ 72.821525573000031, 19.060970306000058 ], [ 72.821525573000031, 19.061252594000109 ], [ 72.821800233000033, 19.061252594000109 ], [ 72.821800233000033, 19.062360764000175 ], [ 72.822082519000105, 19.062360764000175 ], [ 72.822082519000105, 19.063474656000153 ], [ 72.821807861000082, 19.063474656000153 ], [ 72.821807861000082, 19.064861298000096 ], [ 72.821533203000115, 19.064859391000027 ], [ 72.821533203000115, 19.06653022900008 ], [ 72.821250915, 19.066528321000135 ], [ 72.821250915, 19.066806794000172 ], [ 72.820968629000106, 19.066801072000032 ], [ 72.820968629000106, 19.067920684000114 ], [ 72.821525573000031, 19.067916871000079 ], [ 72.821525573000031, 19.068471910000085 ], [ 72.822357177000072, 19.068470002000083 ], [ 72.822357177000072, 19.068750381000086 ], [ 72.822639465000179, 19.068750381000086 ], [ 72.822639465000179, 19.069860458000051 ], [ 72.822364806999985, 19.069860458000051 ], [ 72.822364806999985, 19.070972442000027 ], [ 72.822082519000105, 19.070970535000129 ], [ 72.822082519000105, 19.072359085000073 ], [ 72.821800233000033, 19.072359085000073 ], [ 72.821800233000033, 19.075700761000178 ], [ 72.820968629000106, 19.075700761000178 ], [ 72.820968629000106, 19.077640534000182 ], [ 72.821525573000031, 19.077638627000113 ], [ 72.821525573000031, 19.078195573000187 ], [ 72.822082519000105, 19.078195573000187 ], [ 72.822082519000105, 19.078472138000052 ], [ 72.822357177000072, 19.078470230999983 ], [ 72.822357177000072, 19.078750611000089 ], [ 72.822906495000041, 19.078750611000089 ], [ 72.822906495000041, 19.079030990000149 ], [ 72.823753357000157, 19.079030990000149 ], [ 72.823753357000157, 19.079309463000186 ], [ 72.824302673000091, 19.079309463000186 ], [ 72.824302673000091, 19.078750611000089 ], [ 72.824577331000114, 19.078750611000089 ], [ 72.824577331000114, 19.078470230999983 ], [ 72.824859619, 19.078472138000052 ], [ 72.824859619, 19.07791710000015 ], [ 72.825973511000143, 19.07791710000015 ], [ 72.825973511000143, 19.078195573000187 ], [ 72.826248169000166, 19.078189850000172 ], [ 72.826248169000166, 19.079860688000053 ], [ 72.825965881000059, 19.079860688000053 ], [ 72.825965881000059, 19.081529617000172 ], [ 72.826248169000166, 19.081529617000172 ], [ 72.826248169000166, 19.082361221000042 ], [ 72.825965881000059, 19.082361221000042 ], [ 72.825965881000059, 19.082918167000116 ], [ 72.825691223000092, 19.082916259000172 ], [ 72.825691223000092, 19.083471298000177 ], [ 72.825416565000069, 19.083469390000175 ], [ 72.825416565000069, 19.085420609000096 ], [ 72.825973511000143, 19.085416794000025 ], [ 72.825973511000143, 19.086250306000068 ], [ 72.826248169000166, 19.086240768000152 ], [ 72.826248169000166, 19.087642671000083 ], [ 72.826530457000047, 19.087638856000183 ], [ 72.826530457000047, 19.088470459000177 ], [ 72.826812743000119, 19.088470459000177 ], [ 72.826812743000119, 19.094030380000049 ], [ 72.826530457000047, 19.094028473000151 ], [ 72.826530457000047, 19.095418930000164 ], [ 72.826248169000166, 19.095418930000164 ], [ 72.826248169000166, 19.098194123000042 ], [ 72.825965881000059, 19.098180772000092 ], [ 72.825965881000059, 19.098749161000114 ], [ 72.825691223000092, 19.098749161000114 ], [ 72.825691223000092, 19.100139619000061 ], [ 72.825416565000069, 19.100139619000061 ], [ 72.825416565000069, 19.102081300000066 ], [ 72.825141907000102, 19.102079392000064 ], [ 72.825141907000102, 19.102640151000173 ], [ 72.824859619, 19.102640151000173 ], [ 72.824859619, 19.103200912000148 ], [ 72.824577331000114, 19.103200912000148 ], [ 72.824577331000114, 19.104310989000055 ], [ 72.824302673000091, 19.104310989000055 ], [ 72.824302673000091, 19.105140686000027 ], [ 72.824028015000124, 19.105138778000082 ], [ 72.824028015000124, 19.105972290000125 ], [ 72.823753357000157, 19.105970382000123 ], [ 72.823753357000157, 19.107641220000176 ], [ 72.82347106900005, 19.107639313000107 ], [ 72.82347106900005, 19.109861374 ], [ 72.823196411000083, 19.109861374 ], [ 72.823196411000083, 19.110971451000125 ], [ 72.822906495000041, 19.110969544000056 ], [ 72.822906495000041, 19.111528397000029 ], [ 72.822639465000179, 19.111528397000029 ], [ 72.822639465000179, 19.112361909000072 ], [ 72.822364806999985, 19.112361909000072 ], [ 72.822357177000072, 19.113740921000101 ], [ 72.822082519000105, 19.113750459000187 ], [ 72.822082519000105, 19.114311218000125 ], [ 72.821800233000033, 19.114311218000125 ], [ 72.821807861000082, 19.114860534000115 ], [ 72.821533203000115, 19.114860534000115 ], [ 72.821533203000115, 19.115419388000191 ], [ 72.821250915, 19.11541748000019 ], [ 72.821250915, 19.115974426000093 ], [ 72.820968629000106, 19.115970611000023 ], [ 72.820968629000106, 19.116540910000083 ], [ 72.820686341000055, 19.116540910000083 ], [ 72.820686341000055, 19.117361068000037 ], [ 72.820419311000137, 19.117361068000037 ], [ 72.820419311000137, 19.117639542000177 ], [ 72.820137023000086, 19.117639542000177 ], [ 72.820137023000086, 19.120420457000137 ], [ 72.820419311000137, 19.120420457000137 ], [ 72.820419311000137, 19.120700837000072 ], [ 72.821525573000031, 19.12069511500016 ], [ 72.821525573000031, 19.122083665000105 ], [ 72.820968629000106, 19.122083665000105 ], [ 72.820968629000106, 19.12236023000014 ], [ 72.820686341000055, 19.122350692000055 ], [ 72.820686341000055, 19.122919084000046 ], [ 72.820419311000137, 19.122917176000044 ], [ 72.820419311000137, 19.123193742000183 ], [ 72.819862365000063, 19.123189926000066 ], [ 72.819862365000063, 19.123750688000086 ], [ 72.819580079000161, 19.123750688000086 ], [ 72.819580079000161, 19.124029161000124 ], [ 72.819313049000073, 19.124029161000124 ], [ 72.819313049000073, 19.124311447000025 ], [ 72.818473815000118, 19.124305725999989 ], [ 72.818473815000118, 19.124584199000026 ], [ 72.817916871000023, 19.124580384000183 ], [ 72.817916871000023, 19.124860765 ], [ 72.817642211000077, 19.124860765 ], [ 72.817642211000077, 19.125139238000031 ], [ 72.817359925000119, 19.125139238000031 ], [ 72.817359925000119, 19.12542152400016 ], [ 72.817085267000152, 19.125415803000124 ], [ 72.817085267000152, 19.125694276000161 ], [ 72.816802979000045, 19.125694276000161 ], [ 72.816802979000045, 19.125972747 ], [ 72.816528321000078, 19.125970842000129 ], [ 72.816528321000078, 19.12624931300013 ], [ 72.816246033000198, 19.12624931300013 ], [ 72.816246033000198, 19.126531601000067 ], [ 72.815971375000174, 19.126531601000067 ], [ 72.815971375000174, 19.126810074000105 ], [ 72.8154144290001, 19.126806259000034 ], [ 72.8154144290001, 19.127082824000126 ], [ 72.815139771000133, 19.127082824000126 ], [ 72.815139771000133, 19.127361297000164 ], [ 72.814857483000196, 19.127359390000095 ], [ 72.814857483000196, 19.12763977000003 ], [ 72.814582825000059, 19.12763977000003 ], [ 72.814582825000059, 19.128194809000036 ], [ 72.814857483000196, 19.128192901000034 ], [ 72.814857483000196, 19.128480912000157 ], [ 72.814582825000059, 19.128480912000157 ], [ 72.814582825000059, 19.129030228000147 ], [ 72.814025879000155, 19.129028320000145 ], [ 72.814025879000155, 19.129304886000114 ], [ 72.813751221000189, 19.129304886000114 ], [ 72.813751221000189, 19.129028320000145 ], [ 72.813468933000081, 19.129028320000145 ], [ 72.813468933000081, 19.129581451000149 ], [ 72.813194275000114, 19.129581451000149 ], [ 72.813194275000114, 19.129863739000086 ], [ 72.812919617000091, 19.129863739000086 ], [ 72.812919617000091, 19.130973816000164 ], [ 72.81263732900004, 19.130970001000151 ], [ 72.81263732900004, 19.131250382000133 ], [ 72.812362671000187, 19.131250382000133 ], [ 72.812362671000187, 19.131526947 ], [ 72.812080383000136, 19.131521225000085 ], [ 72.812080383000136, 19.131811143000107 ], [ 72.811805725000113, 19.131803512999966 ], [ 72.811805725000113, 19.132085801000073 ], [ 72.811531067000146, 19.132080078000058 ], [ 72.811531067000146, 19.13236045900004 ], [ 72.811248779000039, 19.13236045900004 ], [ 72.811248779000039, 19.132640838999976 ], [ 72.810974121000072, 19.132638932000077 ], [ 72.810974121000072, 19.133195877999981 ], [ 72.810417175000168, 19.133195877999981 ], [ 72.810417175000168, 19.133472443000073 ], [ 72.810142517000031, 19.133470536000175 ], [ 72.810142517000031, 19.134029389000148 ], [ 72.809860229000094, 19.134029389000148 ], [ 72.809860229000094, 19.134309770000129 ], [ 72.809585571000127, 19.134307862000185 ], [ 72.809585571000127, 19.134582520000151 ], [ 72.80930328300019, 19.134580613000082 ], [ 72.80930328300019, 19.135139466000055 ], [ 72.809028625000053, 19.135139466000055 ], [ 72.809028625000053, 19.135419845000058 ], [ 72.808746339000152, 19.135417939000092 ], [ 72.808746339000152, 19.13569450500006 ], [ 72.808471679000149, 19.13569450500006 ], [ 72.808471679000149, 19.135972978000098 ], [ 72.808197021000126, 19.135971070000096 ], [ 72.808197021000126, 19.136249543000133 ], [ 72.80790710500014, 19.136249543000133 ], [ 72.80790710500014, 19.136529921999966 ], [ 72.807640075000052, 19.136529921999966 ], [ 72.807640075000052, 19.136808395 ], [ 72.807083131000184, 19.136806487000058 ], [ 72.807083131000184, 19.137083055000176 ], [ 72.806800843000076, 19.13708114700006 ], [ 72.806800843000076, 19.137638091000099 ], [ 72.806526185000109, 19.137638091000099 ], [ 72.806526185000109, 19.137918472000138 ], [ 72.806251527000143, 19.137918472000138 ], [ 72.806251527000143, 19.138200760000018 ], [ 72.805969239000035, 19.138195037000173 ], [ 72.805969239000035, 19.138471603000141 ], [ 72.805686951000098, 19.138469697000176 ], [ 72.805686951000098, 19.138748168 ], [ 72.805419923000045, 19.138748168 ], [ 72.805419923000045, 19.139028549000045 ], [ 72.804862977000141, 19.139028549000045 ], [ 72.804862977000141, 19.139583587000118 ], [ 72.80458068900009, 19.139583587000118 ], [ 72.80458068900009, 19.139860153000086 ], [ 72.8040313730001, 19.139860153000086 ], [ 72.8040313730001, 19.140142441000023 ], [ 72.803749085, 19.140138626000123 ], [ 72.803749085, 19.140693664000082 ], [ 72.803466797000112, 19.140691757000184 ], [ 72.803466797000112, 19.141532898000037 ], [ 72.803749085, 19.141527176000125 ], [ 72.803749085, 19.142082214000027 ], [ 72.8040313730001, 19.142082214000027 ], [ 72.8040313730001, 19.143474579000042 ], [ 72.804306031000067, 19.143461227000159 ], [ 72.804306031000067, 19.144029618000047 ], [ 72.80458068900009, 19.144029618000047 ], [ 72.80458068900009, 19.144309998000153 ], [ 72.804862977000141, 19.144309998000153 ], [ 72.804862977000141, 19.144861222000088 ], [ 72.805419923000045, 19.144861222000088 ], [ 72.805419923000045, 19.145139695000125 ], [ 72.805694581000068, 19.145139695000125 ], [ 72.805694581000068, 19.145696641000029 ], [ 72.805969239000035, 19.145690918000184 ], [ 72.805969239000035, 19.148750304000032 ], [ 72.806251527000143, 19.148750304000032 ], [ 72.806251527000143, 19.149311066000053 ], [ 72.806526185000109, 19.149311066000053 ], [ 72.806526185000109, 19.14958953900009 ], [ 72.807083131000184, 19.14958953900009 ], [ 72.807083131000184, 19.150140762000149 ], [ 72.807640075000052, 19.150140762000149 ], [ 72.807640075000052, 19.150419235000186 ], [ 72.807914735000054, 19.150417328000117 ], [ 72.807914735000054, 19.150693893000152 ], [ 72.808197021000126, 19.150693893000152 ], [ 72.808197021000126, 19.15097236600019 ], [ 72.808471679000149, 19.150970458000188 ], [ 72.808471679000149, 19.151250839000056 ], [ 72.808746339000152, 19.151250839000056 ], [ 72.808746339000152, 19.151529312000093 ], [ 72.809028625000053, 19.151529312000093 ], [ 72.809028625000053, 19.151811599999974 ], [ 72.80930328300019, 19.151805878000062 ], [ 72.80930328300019, 19.152082443000097 ], [ 72.809585571000127, 19.152082443000097 ], [ 72.809585571000127, 19.152360916000134 ], [ 72.809860229000094, 19.152360916000134 ], [ 72.809860229000094, 19.152652740000121 ], [ 72.810142517000031, 19.152639389000171 ], [ 72.810142517000031, 19.153194428000177 ], [ 72.810691833000135, 19.153194428000177 ], [ 72.810691833000135, 19.153472901000043 ], [ 72.810966491000158, 19.153469085000097 ], [ 72.810966491000158, 19.154031754000187 ], [ 72.811531067000146, 19.154031754000187 ], [ 72.811531067000146, 19.154310227000053 ], [ 72.812080383000136, 19.154306411999983 ], [ 72.812080383000136, 19.154581070000177 ], [ 72.812362671000187, 19.154581070000177 ], [ 72.812362671000187, 19.154861450999988 ], [ 72.812919617000091, 19.154859543000043 ], [ 72.812919617000091, 19.155420304000131 ], [ 72.813194275000114, 19.155416489000118 ], [ 72.813194275000114, 19.155971528000123 ], [ 72.813751221000189, 19.155969620000121 ], [ 72.813751221000189, 19.15625000100016 ], [ 72.814025879000155, 19.15625000100016 ], [ 72.814025879000155, 19.156530381000096 ], [ 72.814308167000036, 19.156528474000027 ], [ 72.814308167000036, 19.157085420000101 ], [ 72.814857483000196, 19.157085420000101 ], [ 72.814857483000196, 19.157363893000138 ], [ 72.815139771000133, 19.157360078000067 ], [ 72.815139771000133, 19.157920837000177 ], [ 72.815696717000037, 19.157917024000142 ], [ 72.815696717000037, 19.158195497000179 ], [ 72.815971375000174, 19.158195497000179 ], [ 72.815971375000174, 19.158472062000044 ], [ 72.816528321000078, 19.15846061700006 ], [ 72.816528321000078, 19.159030914000084 ], [ 72.817359925000119, 19.159030914000084 ], [ 72.817359925000119, 19.159309387000121 ], [ 72.817642211000077, 19.159305574000086 ], [ 72.817642211000077, 19.159585952000043 ], [ 72.818191529000046, 19.15958023200011 ], [ 72.818191529000046, 19.159860611999989 ], [ 72.818466187000183, 19.159860611999989 ], [ 72.818466187000183, 19.160140991000048 ], [ 72.818740844999979, 19.160140991000048 ], [ 72.818740844999979, 19.160419464000086 ], [ 72.819030761000192, 19.160417556000084 ], [ 72.819030761000192, 19.160972595000089 ], [ 72.819313049000073, 19.160970687000088 ], [ 72.819313049000073, 19.161251068000126 ], [ 72.819580079000161, 19.161251068000126 ], [ 72.819580079000161, 19.161809921000099 ], [ 72.820137023000086, 19.161806106000029 ], [ 72.820137023000086, 19.162082672 ], [ 72.820419311000137, 19.162080764000052 ], [ 72.820419311000137, 19.162361145000034 ], [ 72.820968629000106, 19.162361145000034 ], [ 72.820968629000106, 19.162639618000071 ], [ 72.821250915, 19.162639618000071 ], [ 72.821250915, 19.162918091000108 ], [ 72.821525573000031, 19.162916183000164 ], [ 72.821525573000031, 19.16319465600003 ], [ 72.821807861000082, 19.16319465600003 ], [ 72.821807861000082, 19.163473129000067 ], [ 72.822082519000105, 19.163471222000169 ], [ 72.822082519000105, 19.164028168000073 ], [ 72.822639465000179, 19.164028168000073 ], [ 72.822639465000179, 19.164304733000108 ], [ 72.822914123000146, 19.164304733000108 ], [ 72.822914123000146, 19.164861679000182 ], [ 72.82347106900005, 19.164859772000113 ], [ 72.82347106900005, 19.165138245000151 ], [ 72.823753357000157, 19.165138245000151 ], [ 72.823753357000157, 19.165418625000086 ], [ 72.824028015000124, 19.165416718000188 ], [ 72.824028015000124, 19.16597175600009 ], [ 72.825141907000102, 19.165969849000192 ], [ 72.825141907000102, 19.166250229000127 ], [ 72.825965881000059, 19.166250229000127 ], [ 72.825965881000059, 19.165969849000192 ], [ 72.82680511500007, 19.16597175600009 ], [ 72.82680511500007, 19.165416718000188 ], [ 72.827362061000144, 19.165418625000086 ], [ 72.827362061000144, 19.165138245000151 ], [ 72.828186035000101, 19.165138245000151 ], [ 72.828186035000101, 19.165418625000086 ], [ 72.828750611000089, 19.165418625000086 ], [ 72.828750611000089, 19.165700912999966 ], [ 72.829307555000128, 19.165695191000054 ], [ 72.829307555000128, 19.16597175600009 ], [ 72.82958221500013, 19.165969849000192 ], [ 72.82958221500013, 19.166812898000046 ], [ 72.829307555000128, 19.166812898000046 ], [ 72.829307555000128, 19.16765022300018 ], [ 72.829032897000161, 19.16765022300018 ], [ 72.829032897000161, 19.167921067000179 ], [ 72.828475951000087, 19.167917252000109 ], [ 72.828475951000087, 19.168193818000077 ], [ 72.827926635000097, 19.168191910000132 ], [ 72.827926635000097, 19.169031144000087 ], [ 72.828193665000185, 19.169027329000073 ], [ 72.828193665000185, 19.169582368000079 ], [ 72.828750611000089, 19.169580460000077 ], [ 72.828750611000089, 19.169860841000116 ], [ 72.829032897000161, 19.169860841000116 ], [ 72.829032897000161, 19.170141219000186 ], [ 72.829307555000128, 19.170139314000153 ], [ 72.829307555000128, 19.170692445000157 ], [ 72.82958221500013, 19.170690536999984 ], [ 72.82958221500013, 19.171529769000188 ], [ 72.829856873000153, 19.171529769000188 ], [ 72.829856873000153, 19.171810150000169 ], [ 72.830139161000034, 19.171810150000169 ], [ 72.830139161000034, 19.172639846000095 ], [ 72.830413819, 19.172637939000026 ], [ 72.830413819, 19.173471450000136 ], [ 72.830139161000034, 19.173469543000067 ], [ 72.830139161000034, 19.175140381000119 ], [ 72.829864501000031, 19.175138473000118 ], [ 72.829864501000031, 19.175693512000123 ], [ 72.830413819, 19.175693512000123 ], [ 72.830413819, 19.175971985 ], [ 72.830696105000129, 19.175970077000045 ], [ 72.830696105000129, 19.176530838000133 ], [ 72.830970765000075, 19.176530838000133 ], [ 72.830970765000075, 19.177640915000097 ], [ 72.830696105000129, 19.177637100000027 ], [ 72.830696105000129, 19.178472519000138 ], [ 72.830406189000087, 19.178470612000069 ], [ 72.830406189000087, 19.179859162000184 ], [ 72.830139161000034, 19.179859162000184 ], [ 72.830139161000034, 19.180971146 ], [ 72.829864501000031, 19.180971146 ], [ 72.829864501000031, 19.18236351000013 ], [ 72.82958221500013, 19.18236351000013 ], [ 72.82958221500013, 19.182638169000029 ], [ 72.829307555000128, 19.182630539000115 ], [ 72.829307555000128, 19.182920456000033 ], [ 72.829032897000161, 19.182920456000033 ], [ 72.829032897000161, 19.18320083600014 ], [ 72.828475951000087, 19.183193208000034 ], [ 72.828475951000087, 19.183471679000036 ], [ 72.828186035000101, 19.18346977300007 ], [ 72.828193665000185, 19.183750152000073 ], [ 72.827919007, 19.183750152000073 ], [ 72.827919007, 19.183471679000036 ], [ 72.827636719000111, 19.183471679000036 ], [ 72.827636719000111, 19.182638169000029 ], [ 72.827919007, 19.182638169000029 ], [ 72.827919007, 19.18236351000013 ], [ 72.828193665000185, 19.18236351000013 ], [ 72.828193665000185, 19.181528092000065 ], [ 72.828475951000087, 19.181531906000032 ], [ 72.828475951000087, 19.180971146 ], [ 72.828750611000089, 19.180971146 ], [ 72.828750611000089, 19.180694581000125 ], [ 72.829025269000056, 19.180694581000125 ], [ 72.829025269000056, 19.179582596000046 ], [ 72.829307555000128, 19.179590225000084 ], [ 72.829307555000128, 19.177921296000079 ], [ 72.829032897000161, 19.177921296000079 ], [ 72.829032897000161, 19.177360535000162 ], [ 72.828750611000089, 19.177360535000162 ], [ 72.828750611000089, 19.176820755000051 ], [ 72.828186035000101, 19.176820755000051 ], [ 72.828186035000101, 19.176530838000133 ], [ 72.827926635000097, 19.176530838000133 ], [ 72.827926635000097, 19.176250458000027 ], [ 72.827636719000111, 19.176250458000027 ], [ 72.827636719000111, 19.175970077000045 ], [ 72.827362061000144, 19.175971985 ], [ 72.827362061000144, 19.175695419000022 ], [ 72.827079773000037, 19.175689697000109 ], [ 72.827079773000037, 19.175418854000156 ], [ 72.826812743000119, 19.175420761000055 ], [ 72.826812743000119, 19.175140381000119 ], [ 72.826530457000047, 19.175140381000119 ], [ 72.826530457000047, 19.17486 ], [ 72.826248169000166, 19.174861908000082 ], [ 72.826248169000166, 19.174583435000045 ], [ 72.825691223000092, 19.174583435000045 ], [ 72.825691223000092, 19.174306869000077 ], [ 72.825416565000069, 19.174310684000147 ], [ 72.825416565000069, 19.174030304000041 ], [ 72.824859619, 19.174030304000041 ], [ 72.824859619, 19.173749923000173 ], [ 72.824584961000198, 19.173749923000173 ], [ 72.824584961000198, 19.173471450000136 ], [ 72.824302673000091, 19.173471450000136 ], [ 72.824302673000091, 19.173196792000169 ], [ 72.823753357000157, 19.173196792000169 ], [ 72.823753357000157, 19.172916412000063 ], [ 72.82347106900005, 19.172920227000077 ], [ 72.82347106900005, 19.172639846000095 ], [ 72.823196411000083, 19.172639846000095 ], [ 72.823196411000083, 19.17235946600016 ], [ 72.822914123000146, 19.172361373000058 ], [ 72.822914123000146, 19.172084807999966 ], [ 72.822639465000179, 19.172084807999966 ], [ 72.822639465000179, 19.171806335000156 ], [ 72.822357177000072, 19.171810150000169 ], [ 72.822357177000072, 19.171529769000188 ], [ 72.821800233000033, 19.171529769000188 ], [ 72.821800233000033, 19.171810150000169 ], [ 72.820137023000086, 19.171810150000169 ], [ 72.820137023000086, 19.171529769000188 ], [ 72.819862365000063, 19.171529769000188 ], [ 72.819862365000063, 19.17124939100006 ], [ 72.819305419000159, 19.17124939100006 ], [ 72.819305419000159, 19.170974731000058 ], [ 72.819030761000192, 19.170974731000058 ], [ 72.819030761000192, 19.170692445000157 ], [ 72.81874847500012, 19.170692445000157 ], [ 72.81874847500012, 19.170139314000153 ], [ 72.818466187000183, 19.170141219000186 ], [ 72.818466187000183, 19.169031144000087 ], [ 72.818191529000046, 19.169031144000087 ], [ 72.818191529000046, 19.168470383000169 ], [ 72.817642211000077, 19.168470383000169 ], [ 72.817642211000077, 19.168193818000077 ], [ 72.817359925000119, 19.168193818000077 ], [ 72.817359925000119, 19.167917252000109 ], [ 72.817092895000087, 19.167921067000179 ], [ 72.817092895000087, 19.16765022300018 ], [ 72.816802979000045, 19.16765022300018 ], [ 72.816802979000045, 19.167360306000035 ], [ 72.816528321000078, 19.167360306000035 ], [ 72.816528321000078, 19.167081833 ], [ 72.816253663000111, 19.16708374100017 ], [ 72.816253663000111, 19.166805268000132 ], [ 72.815971375000174, 19.166812898000046 ], [ 72.815971375000174, 19.166532517000064 ], [ 72.815696717000037, 19.166532517000064 ], [ 72.815696717000037, 19.165969849000192 ], [ 72.8154144290001, 19.16597175600009 ], [ 72.8154144290001, 19.165695191000054 ], [ 72.815139771000133, 19.165700912999966 ], [ 72.815139771000133, 19.165138245000151 ], [ 72.814857483000196, 19.165138245000151 ], [ 72.814857483000196, 19.164859772000113 ], [ 72.814582825000059, 19.164861679000182 ], [ 72.814582825000059, 19.164583206000145 ], [ 72.814308167000036, 19.164590836000059 ], [ 72.814308167000036, 19.164028168000073 ], [ 72.814025879000155, 19.164028168000073 ], [ 72.814025879000155, 19.163749695000035 ], [ 72.813751221000189, 19.163749695000035 ], [ 72.813751221000189, 19.163471222000169 ], [ 72.813468933000081, 19.163473129000067 ], [ 72.813468933000081, 19.16319465600003 ], [ 72.813194275000114, 19.16319465600003 ], [ 72.813194275000114, 19.162916183000164 ], [ 72.812919617000091, 19.162918091000108 ], [ 72.812919617000091, 19.162361145000034 ], [ 72.81263732900004, 19.162361145000034 ], [ 72.81263732900004, 19.161809921000099 ], [ 72.812362671000187, 19.161809921000099 ], [ 72.812362671000187, 19.161251068000126 ], [ 72.812080383000136, 19.161251068000126 ], [ 72.812080383000136, 19.160419464000086 ], [ 72.811813355000027, 19.160419464000086 ], [ 72.811813355000027, 19.159860611999989 ], [ 72.811531067000146, 19.159860611999989 ], [ 72.811531067000146, 19.15958023200011 ], [ 72.811805725000113, 19.159585952000043 ], [ 72.811805725000113, 19.159025193000105 ], [ 72.811531067000146, 19.159030914000084 ], [ 72.811531067000146, 19.15846061700006 ], [ 72.811248779000039, 19.158472062000044 ], [ 72.811248779000039, 19.157917024000142 ], [ 72.810966491000158, 19.157920837000177 ], [ 72.810966491000158, 19.157360078000067 ], [ 72.810691833000135, 19.157363893000138 ], [ 72.810691833000135, 19.157085420000101 ], [ 72.810142517000031, 19.157085420000101 ], [ 72.810142517000031, 19.156803132000164 ], [ 72.809860229000094, 19.156810762000077 ], [ 72.809860229000094, 19.156530381000096 ], [ 72.809028625000053, 19.156530381000096 ], [ 72.809028625000053, 19.15625000100016 ], [ 72.808471679000149, 19.15625000100016 ], [ 72.808471679000149, 19.155969620000121 ], [ 72.807914735000054, 19.155971528000123 ], [ 72.807914735000054, 19.155693055000086 ], [ 72.80735778900015, 19.155710220000174 ], [ 72.80735778900015, 19.155141831000094 ], [ 72.807083131000184, 19.155141831000094 ], [ 72.807083131000184, 19.154859543000043 ], [ 72.806526185000109, 19.154861450999988 ], [ 72.806526185000109, 19.154581070000177 ], [ 72.806251527000143, 19.154581070000177 ], [ 72.806251527000143, 19.154861450999988 ], [ 72.805969239000035, 19.154861450999988 ], [ 72.805969239000035, 19.154581070000177 ], [ 72.805694581000068, 19.154581070000177 ], [ 72.805694581000068, 19.154027939000116 ], [ 72.805419923000045, 19.154031754000187 ], [ 72.805419923000045, 19.153749466000079 ], [ 72.805137635000165, 19.153749466000079 ], [ 72.805137635000165, 19.15319061200006 ], [ 72.804862977000141, 19.153194428000177 ], [ 72.804862977000141, 19.152639389000171 ], [ 72.80458068900009, 19.152652740000121 ], [ 72.80458068900009, 19.151529312000093 ], [ 72.804306031000067, 19.151529312000093 ], [ 72.804306031000067, 19.150970458000188 ], [ 72.803749085, 19.15097236600019 ], [ 72.803756715000134, 19.151250839000056 ], [ 72.803466797000112, 19.151250839000056 ], [ 72.803466797000112, 19.151529312000093 ], [ 72.802360535000048, 19.151529312000093 ], [ 72.802360535000048, 19.151811599999974 ], [ 72.802085877000081, 19.151805878000062 ], [ 72.802085877000081, 19.152082443000097 ], [ 72.801795958000127, 19.152080535000152 ], [ 72.801795958000127, 19.152360916000134 ], [ 72.80124664300007, 19.152360916000134 ], [ 72.80124664300007, 19.152652740000121 ], [ 72.800971985000103, 19.152652740000121 ], [ 72.800971985000103, 19.152921677000109 ], [ 72.80069732700008, 19.15291595500014 ], [ 72.80069732700008, 19.153194428000177 ], [ 72.800415039000029, 19.153194428000177 ], [ 72.800415039000029, 19.153472901000043 ], [ 72.800140381, 19.153469085000097 ], [ 72.800140381, 19.153749466000079 ], [ 72.799575806000121, 19.153749466000079 ], [ 72.799575806000121, 19.154031754000187 ], [ 72.799858093000125, 19.154031754000187 ], [ 72.799858093000125, 19.154310227000053 ], [ 72.799583435000159, 19.154306411999983 ], [ 72.799583435000159, 19.154581070000177 ], [ 72.799308777000135, 19.154581070000177 ], [ 72.799308777000135, 19.155141831000094 ], [ 72.799026489000084, 19.155141831000094 ], [ 72.799026489000084, 19.155710220000174 ], [ 72.798751831000061, 19.155693055000086 ], [ 72.798751831000061, 19.155971528000123 ], [ 72.798469543000181, 19.155969620000121 ], [ 72.798469543000181, 19.15625000100016 ], [ 72.798187256000176, 19.15625000100016 ], [ 72.798187256000176, 19.155969620000121 ], [ 72.797920227000191, 19.155971528000123 ], [ 72.797920227000191, 19.155416489000118 ], [ 72.798187256000176, 19.155420304000131 ], [ 72.798187256000176, 19.154581070000177 ], [ 72.798469543000181, 19.154581070000177 ], [ 72.798469543000181, 19.154306411999983 ], [ 72.798751831000061, 19.154310227000053 ], [ 72.798751831000061, 19.154031754000187 ], [ 72.799026489000084, 19.154031754000187 ], [ 72.799026489000084, 19.153469085000097 ], [ 72.799308777000135, 19.153472901000043 ], [ 72.799308777000135, 19.153194428000177 ], [ 72.799583435000159, 19.153194428000177 ], [ 72.799583435000159, 19.15291595500014 ], [ 72.800140381, 19.152921677000109 ], [ 72.800140381, 19.152360916000134 ], [ 72.799858093000125, 19.152360916000134 ], [ 72.799858093000125, 19.152080535000152 ], [ 72.800140381, 19.152082443000097 ], [ 72.800140381, 19.151805878000062 ], [ 72.80069732700008, 19.151811599999974 ], [ 72.80069732700008, 19.151250839000056 ], [ 72.800971985000103, 19.151250839000056 ], [ 72.800971985000103, 19.150970458000188 ], [ 72.80124664300007, 19.15097236600019 ], [ 72.80124664300007, 19.150693893000152 ], [ 72.801528931000178, 19.150693893000152 ], [ 72.801528931000178, 19.150417328000117 ], [ 72.802085877000081, 19.150419235000186 ], [ 72.802085877000081, 19.148750304000032 ], [ 72.802360535000048, 19.148750304000032 ], [ 72.802360535000048, 19.146520615000156 ], [ 72.802635193000015, 19.14652824500007 ], [ 72.802635193000015, 19.145139695000125 ], [ 72.802360535000048, 19.145139695000125 ], [ 72.802360535000048, 19.144029618000047 ], [ 72.801528931000178, 19.144029618000047 ], [ 72.801528931000178, 19.143751145000181 ], [ 72.800971985000103, 19.143751145000181 ], [ 72.800971985000103, 19.143461227000159 ], [ 72.80069732700008, 19.143474579000042 ], [ 72.80069732700008, 19.142082214000027 ], [ 72.800415039000029, 19.142082214000027 ], [ 72.800415039000029, 19.141527176000125 ], [ 72.800292968000122, 19.141529083000023 ], [ 72.800140381, 19.141532898000037 ], [ 72.800140381, 19.141250610000156 ], [ 72.799858093000125, 19.141250610000156 ], [ 72.799858093000125, 19.14097023000005 ], [ 72.799583435000159, 19.14097023000005 ], [ 72.799583435000159, 19.140693664000082 ], [ 72.799308777000135, 19.140693664000082 ], [ 72.799308777000135, 19.140417099 ], [ 72.799026489000084, 19.140422821000129 ], [ 72.799026489000084, 19.140142441000023 ], [ 72.797920227000191, 19.140142441000023 ], [ 72.797920227000191, 19.140422821000129 ], [ 72.797637939000083, 19.140417099 ], [ 72.797637939000083, 19.140693664000082 ], [ 72.795135499000196, 19.140693664000082 ], [ 72.795135499000196, 19.140417099 ], [ 72.794860841000173, 19.140422821000129 ], [ 72.794860841000173, 19.140142441000023 ], [ 72.795143127000074, 19.140142441000023 ], [ 72.795143127000074, 19.139860153000086 ], [ 72.795974731000172, 19.139860153000086 ], [ 72.795967102000134, 19.13708114700006 ], [ 72.796249391000117, 19.137083055000176 ], [ 72.796249391000117, 19.136529921999966 ], [ 72.796516418000124, 19.136529921999966 ], [ 72.796516418000124, 19.136249543000133 ], [ 72.796806335000042, 19.136249543000133 ], [ 72.796806335000042, 19.133470536000175 ], [ 72.796524049000141, 19.133472443000073 ], [ 72.796524049000141, 19.132917405000114 ], [ 72.796249391000117, 19.132921220000185 ], [ 72.796249391000117, 19.132640838999976 ], [ 72.795967102000134, 19.132640838999976 ], [ 72.795967102000134, 19.13236045900004 ], [ 72.795692445000043, 19.13236045900004 ], [ 72.795692445000043, 19.132080078000058 ], [ 72.795417787000076, 19.132085801000073 ], [ 72.795417787000076, 19.131526947 ], [ 72.795135499000196, 19.131526947 ], [ 72.795135499000196, 19.130973816000164 ], [ 72.794860841000173, 19.130973816000164 ], [ 72.794860841000173, 19.130695343000127 ], [ 72.794586183000035, 19.130701065999972 ], [ 72.794586183000035, 19.130420685000161 ], [ 72.793746948000148, 19.130420685000161 ], [ 72.793746948000148, 19.130140305000054 ], [ 72.793472291000057, 19.130140305000054 ], [ 72.793472291000057, 19.129859924000186 ], [ 72.791526795000038, 19.129859924000186 ], [ 72.791526795000038, 19.130140305000054 ], [ 72.790969848000032, 19.130140305000054 ], [ 72.790969848000032, 19.130420685000161 ], [ 72.789855956000054, 19.130420685000161 ], [ 72.789855956000054, 19.130140305000054 ], [ 72.789581298000087, 19.130140305000054 ], [ 72.789581298000087, 19.12957954400008 ], [ 72.789306641000167, 19.129581451000149 ], [ 72.789306641000167, 19.129304886000114 ], [ 72.787918091000051, 19.129304886000114 ], [ 72.787918091000051, 19.129028320000145 ], [ 72.786804198000141, 19.129028320000145 ], [ 72.786804198000141, 19.129304886000114 ], [ 72.786529540000174, 19.129304886000114 ], [ 72.786529540000174, 19.129581451000149 ], [ 72.786247254000102, 19.12957954400008 ], [ 72.786247254000102, 19.130420685000161 ], [ 72.786529540000174, 19.130420685000161 ], [ 72.786529540000174, 19.130701065999972 ], [ 72.787361144000045, 19.130695343000127 ], [ 72.787361144000045, 19.130973816000164 ], [ 72.787918091000051, 19.130973816000164 ], [ 72.787918091000051, 19.131526947 ], [ 72.787635802000011, 19.131521225000085 ], [ 72.787635802000011, 19.131811143000107 ], [ 72.786529540000174, 19.131803512999966 ], [ 72.786529540000174, 19.132085801000073 ], [ 72.7859725940001, 19.132080078000058 ], [ 72.7859725940001, 19.132640838999976 ], [ 72.785690308000198, 19.132640838999976 ], [ 72.785690308000198, 19.132921220000185 ], [ 72.7859725940001, 19.132917405000114 ], [ 72.7859725940001, 19.133472443000073 ], [ 72.787635802000011, 19.133470536000175 ], [ 72.787635802000011, 19.134029389000148 ], [ 72.787918091000051, 19.134029389000148 ], [ 72.787918091000051, 19.134860993000189 ], [ 72.788192748000085, 19.134860993000189 ], [ 72.788192748000085, 19.139583587000118 ], [ 72.787918091000051, 19.139581680000049 ], [ 72.787918091000051, 19.140142441000023 ], [ 72.787635802000011, 19.140142441000023 ], [ 72.787635802000011, 19.141532898000037 ], [ 72.787361144000045, 19.141527176000125 ], [ 72.787361144000045, 19.143192291000105 ], [ 72.787635802000011, 19.143190384000036 ], [ 72.787635802000011, 19.143751145000181 ], [ 72.787918091000051, 19.143751145000181 ], [ 72.787918091000051, 19.144309998000153 ], [ 72.788192748000085, 19.144306183000083 ], [ 72.788192748000085, 19.14458465600012 ], [ 72.788475037000126, 19.14458465600012 ], [ 72.788475037000126, 19.144861222000088 ], [ 72.788757325000176, 19.144861222000088 ], [ 72.788757325000176, 19.145420075000061 ], [ 72.789016724000078, 19.145420075000061 ], [ 72.789016724000078, 19.150140762000149 ], [ 72.788757325000176, 19.150140762000149 ], [ 72.788757325000176, 19.150419235000186 ], [ 72.788475037000126, 19.150417328000117 ], [ 72.788475037000126, 19.150693893000152 ], [ 72.788192748000085, 19.150688172000116 ], [ 72.788192748000085, 19.151250839000056 ], [ 72.787918091000051, 19.151250839000056 ], [ 72.787918091000051, 19.152082443000097 ], [ 72.787635802000011, 19.152080535000152 ], [ 72.787635802000011, 19.152360916000134 ], [ 72.787361144000045, 19.152360916000134 ], [ 72.787361144000045, 19.152652740000121 ], [ 72.787086487000124, 19.152652740000121 ], [ 72.787086487000124, 19.152921677000109 ], [ 72.786804198000141, 19.15291595500014 ], [ 72.786804198000141, 19.153194428000177 ], [ 72.786529540000174, 19.153194428000177 ], [ 72.786529540000174, 19.153472901000043 ], [ 72.7859725940001, 19.153469085000097 ], [ 72.7859725940001, 19.153749466000079 ], [ 72.785423279000042, 19.153749466000079 ], [ 72.785423279000042, 19.154031754000187 ], [ 72.78457641600005, 19.154031754000187 ], [ 72.78457641600005, 19.154310227000053 ], [ 72.784309387000064, 19.154306411999983 ], [ 72.784301758000026, 19.154861450999988 ], [ 72.78402710000006, 19.154859543000043 ], [ 72.78402710000006, 19.155420304000131 ], [ 72.784301758000026, 19.155420304000131 ], [ 72.784309387000064, 19.15625000100016 ], [ 72.78457641600005, 19.15625000100016 ], [ 72.78457641600005, 19.156530381000096 ], [ 72.784309387000064, 19.156528474000027 ], [ 72.784301758000026, 19.157085420000101 ], [ 72.78402710000006, 19.157085420000101 ], [ 72.78402710000006, 19.157363893000138 ], [ 72.783470154000156, 19.157360078000067 ], [ 72.783470154000156, 19.157640458000174 ], [ 72.781250000000114, 19.157638551000105 ], [ 72.781250000000114, 19.158195497000179 ], [ 72.781517028000053, 19.158189774000164 ], [ 72.781517028000053, 19.158750535000081 ], [ 72.781806946000017, 19.158750535000081 ], [ 72.781806946000017, 19.159309387000121 ], [ 72.782363892000092, 19.159305574000086 ], [ 72.782363892000092, 19.159585952000043 ], [ 72.783195496000189, 19.159585952000043 ], [ 72.783195496000189, 19.159860611999989 ], [ 72.783752440000058, 19.159860611999989 ], [ 72.783752440000058, 19.160140991000048 ], [ 72.78402710000006, 19.160140991000048 ], [ 72.78402710000006, 19.162361145000034 ], [ 72.783752440000058, 19.162361145000034 ], [ 72.783752440000058, 19.162639618000071 ], [ 72.783203125000171, 19.162639618000071 ], [ 72.783203125000171, 19.162918091000108 ], [ 72.782638550000115, 19.162916183000164 ], [ 72.782638550000115, 19.16319465600003 ], [ 72.781250000000114, 19.16319465600003 ], [ 72.781250000000114, 19.163473129000067 ], [ 72.780975342000147, 19.163473129000067 ], [ 72.780975342000147, 19.164304733000108 ], [ 72.780693054000039, 19.164300918000038 ], [ 72.780693054000039, 19.165138245000151 ], [ 72.780418396000073, 19.165138245000151 ], [ 72.780418396000073, 19.16597175600009 ], [ 72.780136108000193, 19.165969849000192 ], [ 72.780136108000193, 19.166250229000127 ], [ 72.780418396000073, 19.166250229000127 ], [ 72.780418396000073, 19.166532517000064 ], [ 72.780693054000039, 19.166532517000064 ], [ 72.780693054000039, 19.167360306000035 ], [ 72.780982971000185, 19.167360306000035 ], [ 72.780982971000185, 19.16765022300018 ], [ 72.781250000000114, 19.16765022300018 ], [ 72.781250000000114, 19.167921067000179 ], [ 72.781524658000137, 19.167917252000109 ], [ 72.781524658000137, 19.168193818000077 ], [ 72.782363892000092, 19.168193818000077 ], [ 72.782363892000092, 19.167917252000109 ], [ 72.78402710000006, 19.167921067000179 ], [ 72.78402710000006, 19.16765022300018 ], [ 72.78457641600005, 19.16765022300018 ], [ 72.78457641600005, 19.167081833 ], [ 72.784858704000101, 19.16708374100017 ], [ 72.784858704000101, 19.166805268000132 ], [ 72.78514099, 19.166812898000046 ], [ 72.78514099, 19.166532517000064 ], [ 72.786247254000102, 19.166532517000064 ], [ 72.786247254000102, 19.166812898000046 ], [ 72.786796570000035, 19.166812898000046 ], [ 72.786796570000035, 19.167360306000035 ], [ 72.787086487000124, 19.167360306000035 ], [ 72.787086487000124, 19.167921067000179 ], [ 72.787361144000045, 19.167917252000109 ], [ 72.787361144000045, 19.168193818000077 ], [ 72.787635802000011, 19.168191910000132 ], [ 72.787635802000011, 19.16875267100005 ], [ 72.787918091000051, 19.16875267100005 ], [ 72.787918091000051, 19.169309615000145 ], [ 72.788192748000085, 19.16930580200011 ], [ 72.788192748000085, 19.169582368000079 ], [ 72.790138244000161, 19.169580460000077 ], [ 72.790138244000161, 19.169860841000116 ], [ 72.790412902000128, 19.169860841000116 ], [ 72.790412902000128, 19.170141219000186 ], [ 72.790695191000111, 19.170139314000153 ], [ 72.790695191000111, 19.170974731000058 ], [ 72.790969848000032, 19.170970918000023 ], [ 72.790969848000032, 19.17124939100006 ], [ 72.792076110000096, 19.17124939100006 ], [ 72.792076110000096, 19.171529769000188 ], [ 72.792358398000147, 19.171529769000188 ], [ 72.792358398000147, 19.171810150000169 ], [ 72.794303895000098, 19.171806335000156 ], [ 72.794303895000098, 19.172084807999966 ], [ 72.794586183000035, 19.172080995000101 ], [ 72.794586183000035, 19.172920227000077 ], [ 72.794860841000173, 19.172916412000063 ], [ 72.794860841000173, 19.173471450000136 ], [ 72.795135499000196, 19.173471450000136 ], [ 72.795135499000196, 19.173749923000173 ], [ 72.795417787000076, 19.173749923000173 ], [ 72.795417787000076, 19.174861908000082 ], [ 72.795692445000043, 19.17486 ], [ 72.795692445000043, 19.175420761000055 ], [ 72.795967102000134, 19.175420761000055 ], [ 72.795967102000134, 19.177640915000097 ], [ 72.796249391000117, 19.177640915000097 ], [ 72.796249391000117, 19.177921296000079 ], [ 72.796524049000141, 19.177917481000065 ], [ 72.796524049000141, 19.180694581000125 ], [ 72.796249391000117, 19.180690766000112 ], [ 72.796249391000117, 19.181531906000032 ], [ 72.795974731000172, 19.181528092000065 ], [ 72.795974731000172, 19.181804658000033 ], [ 72.796249391000117, 19.181804658000033 ], [ 72.796249391000117, 19.18236351000013 ], [ 72.795967102000134, 19.182359696000162 ], [ 72.795967102000134, 19.182920456000033 ], [ 72.796249391000117, 19.182920456000033 ], [ 72.796249391000117, 19.184030533000112 ], [ 72.796516418000124, 19.184030533000112 ], [ 72.796516418000124, 19.184860229000037 ], [ 72.796249391000117, 19.184860229000037 ], [ 72.796249391000117, 19.187360764000061 ], [ 72.795967102000134, 19.187360764000061 ], [ 72.795967102000134, 19.187919617000034 ], [ 72.795692445000043, 19.187917710000136 ], [ 72.795692445000043, 19.188472748000038 ], [ 72.795967102000134, 19.188470841000139 ], [ 72.795967102000134, 19.191249848000155 ], [ 72.796249391000117, 19.191249848000155 ], [ 72.796249391000117, 19.191528321000192 ], [ 72.795974731000172, 19.191528321000192 ], [ 72.795974731000172, 19.19180488700016 ], [ 72.796249391000117, 19.191799164000088 ], [ 72.796249391000117, 19.193750383000179 ], [ 72.796524049000141, 19.193750383000179 ], [ 72.796524049000141, 19.194583892000139 ], [ 72.796630859000061, 19.194578172000035 ], [ 72.796806335000042, 19.194570541000189 ], [ 72.796806335000042, 19.194860458000107 ], [ 72.796524049000141, 19.194860458000107 ], [ 72.796524049000141, 19.195421219000025 ], [ 72.796524049000141, 19.198192596000126 ], [ 72.796806335000042, 19.198192596000126 ], [ 72.796806335000042, 19.198474884000177 ], [ 72.797080995000044, 19.198471069000163 ], [ 72.797080995000044, 19.19874954200003 ], [ 72.796806335000042, 19.19874954200003 ], [ 72.796806335000042, 19.199029923000182 ], [ 72.797080995000044, 19.199028015000067 ], [ 72.797080995000044, 19.199583054000072 ], [ 72.797363281000116, 19.199583054000072 ], [ 72.797363281000116, 19.19986152700011 ], [ 72.797920227000191, 19.19986152700011 ], [ 72.797920227000191, 19.199583054000072 ], [ 72.798751831000061, 19.199583054000072 ], [ 72.798751831000061, 19.19986152700011 ], [ 72.799026489000084, 19.19986152700011 ], [ 72.799026489000084, 19.199583054000072 ], [ 72.800415039000029, 19.199583054000072 ], [ 72.800415039000029, 19.19986152700011 ], [ 72.80069732700008, 19.199859619000108 ], [ 72.80069732700008, 19.200420380000025 ], [ 72.800971985000103, 19.200420380000025 ], [ 72.800971985000103, 19.200700761000064 ], [ 72.80124664300007, 19.200696946 ], [ 72.80124664300007, 19.200971604000188 ], [ 72.801528931000178, 19.200969696000186 ], [ 72.801528931000178, 19.20153045700016 ], [ 72.801803589000144, 19.201528550000091 ], [ 72.801803589000144, 19.202083588000164 ], [ 72.802085877000081, 19.20207977300015 ], [ 72.802085877000081, 19.202640534000068 ], [ 72.802642823000156, 19.202640534000068 ], [ 72.802642823000156, 19.205139161000147 ], [ 72.802917481000122, 19.205139161000147 ], [ 72.802917481000122, 19.206249236000076 ], [ 72.803192139000089, 19.206249236000076 ], [ 72.803192139000089, 19.206529617000058 ], [ 72.803474427000197, 19.206527709000113 ], [ 72.803474427000197, 19.20680618200015 ], [ 72.803749085, 19.20680618200015 ], [ 72.803749085, 19.208471298000063 ], [ 72.8040313730001, 19.208469390000062 ], [ 72.8040313730001, 19.2087497710001 ], [ 72.804306031000067, 19.2087497710001 ], [ 72.804306031000067, 19.209030151000036 ], [ 72.80458068900009, 19.209028244000137 ], [ 72.80458068900009, 19.209304809000173 ], [ 72.805137635000165, 19.209304809000173 ], [ 72.805137635000165, 19.209581375000141 ], [ 72.805419923000045, 19.209581375000141 ], [ 72.805419923000045, 19.209863663000078 ], [ 72.805686951000098, 19.209859848000178 ], [ 72.805686951000098, 19.210140228000114 ], [ 72.805969239000035, 19.210140228000114 ], [ 72.805969239000035, 19.210420609000153 ], [ 72.806251527000143, 19.210420609000153 ], [ 72.806251527000143, 19.210700990000134 ], [ 72.806808471000181, 19.210693359000118 ], [ 72.806808471000181, 19.210973740000156 ], [ 72.807640075000052, 19.210969925000086 ], [ 72.807640075000052, 19.211250305000021 ], [ 72.80790710500014, 19.211250305000021 ], [ 72.80790710500014, 19.21153068600006 ], [ 72.808197021000126, 19.21153068600006 ], [ 72.808197021000126, 19.211811067000099 ], [ 72.809028625000053, 19.211803436000082 ], [ 72.809028625000053, 19.212085724000133 ], [ 72.80930328300019, 19.21208000200005 ], [ 72.80930328300019, 19.212360382000156 ], [ 72.809593201000041, 19.212360382000156 ], [ 72.809593201000041, 19.212640763000138 ], [ 72.809860229000094, 19.212640763000138 ], [ 72.809860229000094, 19.212930679000181 ], [ 72.810142517000031, 19.21291732800006 ], [ 72.810142517000031, 19.213195801000097 ], [ 72.810417175000168, 19.213190079000128 ], [ 72.810417175000168, 19.213750840000102 ], [ 72.810691833000135, 19.213750840000102 ], [ 72.810691833000135, 19.214309694000121 ], [ 72.811248779000039, 19.214307786000177 ], [ 72.811248779000039, 19.214582444000143 ], [ 72.811531067000146, 19.214580536000142 ], [ 72.811531067000146, 19.215139390000047 ], [ 72.811248779000039, 19.215139390000047 ], [ 72.811248779000039, 19.21541976900005 ], [ 72.810966491000158, 19.21541976900005 ], [ 72.810966491000158, 19.215698242000087 ], [ 72.811248779000039, 19.215698242000087 ], [ 72.811248779000039, 19.216249467000125 ], [ 72.810966491000158, 19.216249467000125 ], [ 72.810966491000158, 19.220140457000184 ], [ 72.811248779000039, 19.220140457000184 ], [ 72.811248779000039, 19.221250534000148 ], [ 72.811531067000146, 19.221250534000148 ], [ 72.811531067000146, 19.221532822000029 ], [ 72.811805725000113, 19.221527100000117 ], [ 72.811805725000113, 19.222082138000189 ], [ 72.812080383000136, 19.22208023100012 ], [ 72.812080383000136, 19.222360611000056 ], [ 72.812362671000187, 19.222360611000056 ], [ 72.812362671000187, 19.222919465000075 ], [ 72.81263732900004, 19.22291755700013 ], [ 72.81263732900004, 19.223474503000034 ], [ 72.814308167000036, 19.223470688000134 ], [ 72.814308167000036, 19.223751069000173 ], [ 72.815139771000133, 19.223751069000173 ], [ 72.815139771000133, 19.224029542000039 ], [ 72.815696717000037, 19.224029542000039 ], [ 72.815696717000037, 19.224309922000145 ], [ 72.815971375000174, 19.224304200000176 ], [ 72.815971375000174, 19.224584580000112 ], [ 72.816528321000078, 19.224580765000042 ], [ 72.816528321000078, 19.224870681000084 ], [ 72.816802979000045, 19.224870681000084 ], [ 72.816802979000045, 19.225139619000117 ], [ 72.817092895000087, 19.225139619000117 ], [ 72.817092895000087, 19.225419999000053 ], [ 72.817359925000119, 19.225414277000084 ], [ 72.817359925000119, 19.225696565000192 ], [ 72.817642211000077, 19.225696565000192 ], [ 72.817642211000077, 19.225973130000057 ], [ 72.817916871000023, 19.225971222999988 ], [ 72.817916871000023, 19.226249696000025 ], [ 72.818466187000183, 19.226249696000025 ], [ 72.818466187000183, 19.226530076000131 ], [ 72.81874847500012, 19.226528169000062 ], [ 72.81874847500012, 19.226806642000099 ], [ 72.819030761000192, 19.226806642000099 ], [ 72.819030761000192, 19.227083207000192 ], [ 72.819305419000159, 19.227083207000192 ], [ 72.819305419000159, 19.227361680000058 ], [ 72.819580079000161, 19.22735977300016 ], [ 72.819580079000161, 19.227928162000183 ], [ 72.819862365000063, 19.227928162000183 ], [ 72.819862365000063, 19.228200912000034 ], [ 72.820137023000086, 19.228195190000065 ], [ 72.820137023000086, 19.228471757000136 ], [ 72.820419311000137, 19.228469850000067 ], [ 72.820419311000137, 19.228750227999967 ], [ 72.820686341000055, 19.228750227999967 ], [ 72.820686341000055, 19.229030609000176 ], [ 72.820968629000106, 19.229028701 ], [ 72.820968629000106, 19.22958374000001 ], [ 72.821250915, 19.229579927000145 ], [ 72.821250915, 19.229860305000102 ], [ 72.821533203000115, 19.229860305000102 ], [ 72.821533203000115, 19.230419159000121 ], [ 72.821807861000082, 19.230417251000176 ], [ 72.821807861000082, 19.230693817000144 ], [ 72.822082519000105, 19.230693817000144 ], [ 72.822082519000105, 19.230972290000182 ], [ 72.822357177000072, 19.23097038200018 ], [ 72.822357177000072, 19.231529236000085 ], [ 72.822639465000179, 19.231527328000084 ], [ 72.822639465000179, 19.232082367000089 ], [ 72.822914123000146, 19.232084274000158 ], [ 72.822914123000146, 19.233472824000103 ], [ 72.823196411000083, 19.233472824000103 ], [ 72.823196411000083, 19.233749390000071 ], [ 72.82347106900005, 19.233739854000191 ], [ 72.82347106900005, 19.234310151000045 ], [ 72.823753357000157, 19.234306336000145 ], [ 72.823753357000157, 19.234582901000067 ], [ 72.824028015000124, 19.234582901000067 ], [ 72.824028015000124, 19.234861374000104 ], [ 72.824302673000091, 19.234859467000035 ], [ 72.824302673000091, 19.235420228000123 ], [ 72.824584961000198, 19.23541641300011 ], [ 72.824584961000198, 19.236249924000049 ], [ 72.825141907000102, 19.236249924000049 ], [ 72.825141907000102, 19.236530305000031 ], [ 72.825416565000069, 19.236528397000086 ], [ 72.825416565000069, 19.23708152800009 ], [ 72.825691223000092, 19.23708152800009 ], [ 72.825691223000092, 19.239585876000035 ], [ 72.825965881000059, 19.239580155000169 ], [ 72.825965881000059, 19.240419387000145 ], [ 72.826248169000166, 19.240417480000076 ], [ 72.826248169000166, 19.240695953000113 ], [ 72.826530457000047, 19.240690232000077 ], [ 72.826530457000047, 19.241529464000052 ], [ 72.826812743000119, 19.241529464000052 ], [ 72.826812743000119, 19.241809845000091 ], [ 72.826530457000047, 19.24180793700009 ], [ 72.826530457000047, 19.242082595000113 ], [ 72.82680511500007, 19.242082595000113 ], [ 72.82680511500007, 19.242639541000187 ], [ 72.827079773000037, 19.242639541000187 ], [ 72.827079773000037, 19.242916107000156 ], [ 72.82680511500007, 19.242916107000156 ], [ 72.82680511500007, 19.243194579999965 ], [ 72.827079773000037, 19.243190765000122 ], [ 72.827079773000037, 19.243749618000095 ], [ 72.827362061000144, 19.243749618000095 ], [ 72.827362061000144, 19.2443046570001 ], [ 72.827636719000111, 19.2443046570001 ], [ 72.827636719000111, 19.244861603000174 ], [ 72.827926635000097, 19.244859695000173 ], [ 72.827926635000097, 19.24513816800004 ], [ 72.828186035000101, 19.24513816800004 ], [ 72.828186035000101, 19.245700837000129 ], [ 72.828475951000087, 19.245695114000114 ], [ 72.828475951000087, 19.24596977200008 ], [ 72.828788758000144, 19.24601364199998 ], [ 72.828750611000089, 19.246250153000119 ], [ 72.829032897000161, 19.246250153000119 ], [ 72.829032897000161, 19.246532441000056 ], [ 72.829307555000128, 19.246532441000056 ], [ 72.829307555000128, 19.246812822000038 ], [ 72.830413819, 19.246805191000021 ], [ 72.830413819, 19.247083664000058 ], [ 72.831253051000033, 19.247081756999989 ], [ 72.831253051000033, 19.247360230000027 ], [ 72.831802369000172, 19.247360230000027 ], [ 72.831802369000172, 19.247642518000134 ], [ 72.833740235000107, 19.247642518000134 ], [ 72.833740235000107, 19.247922897000137 ], [ 72.834030151000093, 19.247917176000101 ], [ 72.834030151000093, 19.248193741000023 ], [ 72.835693359000061, 19.248193741000023 ], [ 72.835693359000061, 19.248470307000161 ], [ 72.836250305000135, 19.248470307000161 ], [ 72.836250305000135, 19.248750688000143 ], [ 72.836799621000125, 19.248750688000143 ], [ 72.836799621000125, 19.249031068000079 ], [ 72.837081909000176, 19.249031068000079 ], [ 72.837081909000176, 19.249309539000137 ], [ 72.83763885500008, 19.249305726000102 ], [ 72.83763885500008, 19.249582291000138 ], [ 72.837905883000133, 19.249580384000069 ], [ 72.837905883000133, 19.249860765000108 ], [ 72.838195801000154, 19.249860765000108 ], [ 72.838195801000154, 19.250141143000178 ], [ 72.838752747000058, 19.250141143000178 ], [ 72.838752747000058, 19.250419616000045 ], [ 72.839302063000048, 19.25041580300018 ], [ 72.839302063000048, 19.250692368000045 ], [ 72.839584351000099, 19.250692368000045 ], [ 72.839584351000099, 19.25236129700005 ], [ 72.839866637, 19.252359390000152 ], [ 72.839866637, 19.252920151000069 ], [ 72.839584351000099, 19.252914428000054 ], [ 72.839584351000099, 19.253471374000128 ], [ 72.839866637, 19.253469467000059 ], [ 72.839866637, 19.254030228000033 ], [ 72.839584351000099, 19.254028320000032 ], [ 72.839584351000099, 19.254583359000037 ], [ 72.839302063000048, 19.254579543999967 ], [ 72.839302063000048, 19.255420685000047 ], [ 72.839027405000024, 19.255420685000047 ], [ 72.839027405000024, 19.255701066000029 ], [ 72.838752747000058, 19.255695343000184 ], [ 72.838752747000058, 19.255971909000152 ], [ 72.838470459000121, 19.255970001000037 ], [ 72.838470459000121, 19.256250382000189 ], [ 72.838195801000154, 19.256250382000189 ], [ 72.838195801000154, 19.256530762000125 ], [ 72.83763885500008, 19.256528855000056 ], [ 72.83763885500008, 19.257083893000186 ], [ 72.837425232999976, 19.257080078000115 ], [ 72.838081361000093, 19.263856888000191 ], [ 72.842201234000186, 19.265989302999969 ], [ 72.856475830000193, 19.269216537000034 ], [ 72.862373352000191, 19.266843796000103 ], [ 72.868537903000174, 19.268249512000011 ], [ 72.86866760200013, 19.268291473000033 ], [ 72.87914276000015, 19.264070511000057 ], [ 72.879615785000112, 19.263700486000062 ], [ 72.885902404000092, 19.258800506000171 ], [ 72.900558471000124, 19.250272751000068 ], [ 72.904769898000154, 19.248781204000181 ], [ 72.919586183000092, 19.24588966400006 ], [ 72.918739318000064, 19.240999222000085 ], [ 72.923393249000128, 19.233318329000042 ], [ 72.933761597000057, 19.220590591000132 ], [ 72.939376830000015, 19.21239089900007 ], [ 72.949127197000053, 19.204181672000061 ], [ 72.949226379000095, 19.188859939 ], [ 72.960189820000096, 19.18576049800015 ], [ 72.967697144000056, 19.182510375999982 ], [ 72.975296021000077, 19.180620193000038 ], [ 72.982887269000059, 19.175931931000093 ], [ 72.984680176000154, 19.172729493000134 ], [ 72.979736329000104, 19.161552429000096 ], [ 72.978645325000059, 19.150665284000183 ], [ 72.976989745000026, 19.14327812300013 ], [ 72.97306823700012, 19.135890962000076 ], [ 72.970207215000187, 19.128654480000137 ], [ 72.969604492000144, 19.127296449000085 ], [ 72.967185973000142, 19.131217957000047 ], [ 72.963722229000098, 19.13377952500008 ], [ 72.966438293000124, 19.129859924000186 ], [ 72.968544007000048, 19.125940323000179 ], [ 72.968544007000048, 19.122623445000158 ], [ 72.965682983000136, 19.116895676000127 ], [ 72.963417054000161, 19.112220765000075 ], [ 72.961608887000182, 19.105737686000055 ], [ 72.960105896000073, 19.100914002000081 ], [ 72.956336975000113, 19.102874757000052 ], [ 72.954978944000061, 19.105737686000055 ], [ 72.949935913000161, 19.108974457999977 ], [ 72.953773497999975, 19.104532242000175 ], [ 72.958297729000151, 19.099254608000081 ], [ 72.958900452000194, 19.095485688 ], [ 72.958297729000151, 19.09081268400007 ], [ 72.957992553000111, 19.089305879 ], [ 72.95482635400009, 19.092472077000139 ], [ 72.951965332000157, 19.094581604000155 ], [ 72.948341370000151, 19.095787048000091 ], [ 72.943969726000091, 19.095335006000141 ], [ 72.94954681400003, 19.094581604000155 ], [ 72.95301818900009, 19.092622757000186 ], [ 72.955131531000177, 19.090209961000028 ], [ 72.957084655000131, 19.08779716500004 ], [ 72.956939698000156, 19.082973480000192 ], [ 72.956939698000156, 19.079204560000107 ], [ 72.957084655000131, 19.075887680000108 ], [ 72.958145142000035, 19.071516038000084 ], [ 72.959197999000196, 19.068651199000101 ], [ 72.956634521000183, 19.068349839000177 ], [ 72.953170777000139, 19.067443847 ], [ 72.950149535000094, 19.065334319999977 ], [ 72.947593690000076, 19.062921525000093 ], [ 72.944877625000174, 19.060811996000098 ], [ 72.941940308000198, 19.060989379000091 ], [ 72.945175172000177, 19.059303283000077 ], [ 72.94819641100014, 19.060508729000162 ], [ 72.952568053000164, 19.06443023800017 ], [ 72.956787109, 19.066539764000083 ], [ 72.959648133000144, 19.06669044400013 ], [ 72.961158753000063, 19.063674928000182 ], [ 72.961914063000052, 19.060508729000162 ], [ 72.962638855000137, 19.058200836000026 ], [ 72.962638855000137, 19.057918548000146 ], [ 72.962356567000086, 19.057918548000146 ], [ 72.962356567000086, 19.056800843000133 ], [ 72.962081909000062, 19.056804657999976 ], [ 72.962081909000062, 19.0518054960001 ], [ 72.962356567000086, 19.051811219000115 ], [ 72.962356567000086, 19.049579620000088 ], [ 72.962081909000062, 19.049581526999987 ], [ 72.962081909000062, 19.04930305400012 ], [ 72.962356567000086, 19.049310685000137 ], [ 72.962356567000086, 19.049030304000155 ], [ 72.962081909000062, 19.049030304000155 ], [ 72.962081909000062, 19.047067642000115 ], [ 72.961807251000096, 19.047082900000134 ], [ 72.961807251000096, 19.046806335000042 ], [ 72.962081909000062, 19.046810150000113 ], [ 72.962081909000062, 19.046531677000075 ], [ 72.961807251000096, 19.046531677000075 ], [ 72.961807251000096, 19.045690537000098 ], [ 72.961524963000159, 19.045694352000169 ], [ 72.961524963000159, 19.045415879000132 ], [ 72.961250305000192, 19.045421600000168 ], [ 72.961250305000192, 19.042360305999978 ], [ 72.960975647, 19.042360305999978 ], [ 72.960975647, 19.039583206000088 ], [ 72.960693359000118, 19.039583206000088 ], [ 72.960693359000118, 19.038473129000181 ], [ 72.960418701000151, 19.038473129000181 ], [ 72.960418701000151, 19.037914276000038 ], [ 72.960128785000109, 19.03791999800012 ], [ 72.960128785000109, 19.036809921000042 ], [ 72.959861755000077, 19.036809921000042 ], [ 72.959861755000077, 19.035970687000031 ], [ 72.959587097000053, 19.035974502000101 ], [ 72.959587097000053, 19.035692216000029 ], [ 72.959304809000173, 19.035692216000029 ], [ 72.959304809000173, 19.035417556000027 ], [ 72.95903015100015, 19.035419464000029 ], [ 72.95903015100015, 19.034860610000123 ], [ 72.958717346000128, 19.034856797000089 ], [ 72.95873260500008, 19.034580232 ], [ 72.958747863000099, 19.03430557400003 ], [ 72.958473205000075, 19.034309387000064 ], [ 72.958473205000075, 19.034032821000096 ], [ 72.958190917000195, 19.034032821000096 ], [ 72.958190917000195, 19.033470155000089 ], [ 72.957916259, 19.033470155000089 ], [ 72.957916259, 19.03319358900012 ], [ 72.957641601000034, 19.03319358900012 ], [ 72.957641601000034, 19.032638551000048 ], [ 72.957359313000097, 19.032642364000083 ], [ 72.957359313000097, 19.032068251999988 ], [ 72.957084655000131, 19.032083512000042 ], [ 72.957084655000131, 19.031570436000038 ], [ 72.957084655000131, 19.030694962000098 ], [ 72.956802369000059, 19.030700685000113 ], [ 72.956802369000059, 19.030139924000139 ], [ 72.956527709000056, 19.030139924000139 ], [ 72.956527709000056, 19.029321670000115 ], [ 72.95625305100009, 19.029321670000115 ], [ 72.95625305100009, 19.029029847000061 ], [ 72.955970765000188, 19.029029847000061 ], [ 72.955970765000188, 19.028749466000022 ], [ 72.955696105000186, 19.028749466000022 ], [ 72.955696105000186, 19.028190613000049 ], [ 72.955413819000114, 19.02819442800012 ], [ 72.955413819000114, 19.027639389000115 ], [ 72.955139161000091, 19.027639389000115 ], [ 72.955139161000091, 19.027360916000077 ], [ 72.95485687300004, 19.027360916000077 ], [ 72.95485687300004, 19.027080536000142 ], [ 72.954025269000113, 19.02708244300004 ], [ 72.954025269000113, 19.026807785000074 ], [ 72.953475953000179, 19.026809693000018 ], [ 72.953475953000179, 19.025970459000064 ], [ 72.953193665000072, 19.025972366000133 ], [ 72.953193665000072, 19.02569580100004 ], [ 72.952636719000168, 19.02569580100004 ], [ 72.952636719000168, 19.025417328 ], [ 72.952079773000094, 19.025421143000074 ], [ 72.952079773000094, 19.025140762000035 ], [ 72.951812743, 19.025140762000035 ], [ 72.951812743, 19.024860382000156 ], [ 72.951530457000104, 19.024860382000156 ], [ 72.951530457000104, 19.024311066000166 ], [ 72.950965881000116, 19.024311066000166 ], [ 72.950965881000116, 19.024030685000128 ], [ 72.950691223000149, 19.024030685000128 ], [ 72.950691223000149, 19.023750305000192 ], [ 72.950416565000126, 19.023750305000192 ], [ 72.950416565000126, 19.023469926000189 ], [ 72.950141907000159, 19.023473739000053 ], [ 72.950141907000159, 19.023195266000187 ], [ 72.949859619000051, 19.023195266000187 ], [ 72.949859619000051, 19.022638322000148 ], [ 72.949577331000171, 19.022640228000114 ], [ 72.949577331000171, 19.022359849000111 ], [ 72.949302672999977, 19.022363662000146 ], [ 72.949302672999977, 19.021804810000106 ], [ 72.948471069000107, 19.021804810000106 ], [ 72.948471069000107, 19.021528245000013 ], [ 72.947906495000097, 19.021530153000185 ], [ 72.947906495000097, 19.021249771999976 ], [ 72.947639465000066, 19.021249771999976 ], [ 72.947639465000066, 19.020692826000072 ], [ 72.947364807000042, 19.020694732999971 ], [ 72.947364807000042, 19.020416260000104 ], [ 72.946533203000172, 19.020420076000107 ], [ 72.946533203000172, 19.020128250000084 ], [ 72.946250915000121, 19.020139695000069 ], [ 72.946250915000121, 19.01985931400003 ], [ 72.945686341000112, 19.01985931400003 ], [ 72.945686341000112, 19.019580841 ], [ 72.945137025000122, 19.019582749000165 ], [ 72.945137025000122, 19.019027710000159 ], [ 72.94486236500012, 19.019031526000106 ], [ 72.94486236500012, 19.018749237000122 ], [ 72.944580079000048, 19.018749237000122 ], [ 72.944580079000048, 19.019031526000106 ], [ 72.944313049000186, 19.019031526000106 ], [ 72.944313049000186, 19.018749237000122 ], [ 72.944030761000079, 19.018749237000122 ], [ 72.944030761000079, 19.018470764000085 ], [ 72.943748475000177, 19.018472672000087 ], [ 72.943748475000177, 19.01819419900005 ], [ 72.943473816999983, 19.01819419900005 ], [ 72.943473816999983, 19.017917633000081 ], [ 72.943176270000151, 19.017921449000028 ], [ 72.942916871000079, 19.017921449000028 ], [ 72.942916871000079, 19.017639160000044 ], [ 72.942642211000134, 19.017639160000044 ], [ 72.942642211000134, 19.017360687000178 ], [ 72.942359925, 19.017360687000178 ], [ 72.942359925, 19.017089845000157 ], [ 72.940971375000061, 19.017089845000157 ], [ 72.940971375000061, 19.016807556000174 ], [ 72.940406799000073, 19.016807556000174 ], [ 72.940406799000073, 19.016529083000137 ], [ 72.94013977100019, 19.016529083000137 ], [ 72.94013977100019, 19.0162506100001 ], [ 72.939857483000083, 19.0162506100001 ], [ 72.939857483000083, 19.015970230000164 ], [ 72.939025879000042, 19.015972137000063 ], [ 72.939025879000042, 19.015693664000025 ], [ 72.938751221000075, 19.015693664000025 ], [ 72.938751221000075, 19.015417099000103 ], [ 72.938468933000138, 19.015420914000174 ], [ 72.938468933000138, 19.015140533000135 ], [ 72.93818664500003, 19.015140533000135 ], [ 72.93818664500003, 19.014860153000029 ], [ 72.937919617000148, 19.014862060000098 ], [ 72.937919617000148, 19.014583587000061 ], [ 72.937637329000097, 19.014583587000061 ], [ 72.937637329000097, 19.014305114000024 ], [ 72.937362671000074, 19.014320375000125 ], [ 72.937362671000074, 19.014030456000057 ], [ 72.936531067000033, 19.014030456000057 ], [ 72.936531067000033, 19.013750076000122 ], [ 72.936248779000096, 19.013750076000122 ], [ 72.936248779000096, 19.013469695000083 ], [ 72.935691833000021, 19.013471603000085 ], [ 72.935691833000021, 19.013196945000118 ], [ 72.935417175000055, 19.013200760000132 ], [ 72.935417175000055, 19.01292037900015 ], [ 72.935142517000088, 19.01292037900015 ], [ 72.935142517000088, 19.012639999000044 ], [ 72.934860229000151, 19.012639999000044 ], [ 72.934860229000151, 19.012359619999984 ], [ 72.934585571000184, 19.012361526000177 ], [ 72.934585571000184, 19.01208305300014 ], [ 72.934303285000112, 19.01208305300014 ], [ 72.934303285000112, 19.011806487000172 ], [ 72.93402862500011, 19.011810302000015 ], [ 72.93402862500011, 19.011529922000079 ], [ 72.933746339000038, 19.011529922000079 ], [ 72.933746339000038, 19.011249543000076 ], [ 72.93289947400018, 19.011249543000076 ], [ 72.93289947400018, 19.010690690000104 ], [ 72.932357789000037, 19.010692597000173 ], [ 72.932357789000037, 19.010414124000135 ], [ 72.931808471000068, 19.010419845000172 ], [ 72.931808471000068, 19.009862901000133 ], [ 72.931526185000166, 19.009862901000133 ], [ 72.931526185000166, 19.009580613000026 ], [ 72.930969239000092, 19.009584428000096 ], [ 72.930969239000092, 19.009304047000057 ], [ 72.93015289300007, 19.009309768000094 ], [ 72.93015289300007, 19.008752824000169 ], [ 72.929862977000028, 19.008752824000169 ], [ 72.929862977000028, 19.008470536000118 ], [ 72.929306031000124, 19.008470536000118 ], [ 72.929306031000124, 19.008192063000081 ], [ 72.928749085000049, 19.008192063000081 ], [ 72.928749085000049, 19.007917405000057 ], [ 72.928466797000169, 19.007921220000128 ], [ 72.928466797000169, 19.007642747000091 ], [ 72.928192138999975, 19.007642747000091 ], [ 72.928192138999975, 19.007360458999983 ], [ 72.927635193000128, 19.007360458999983 ], [ 72.927635193000128, 19.007083893000015 ], [ 72.927360535000105, 19.007083893000015 ], [ 72.927360535000105, 19.006805419999978 ], [ 72.926795960000049, 19.00681114300005 ], [ 72.926795960000049, 19.006532670000183 ], [ 72.926528931000064, 19.006532670000183 ], [ 72.926528931000064, 19.006250382000076 ], [ 72.92597198500016, 19.006250382000076 ], [ 72.92597198500016, 19.005971909000039 ], [ 72.925697327000194, 19.005971909000039 ], [ 72.925697327000194, 19.00569534300007 ], [ 72.925140381000119, 19.005701066000086 ], [ 72.925140381000119, 19.005420685000104 ], [ 72.924575806000178, 19.005420685000104 ], [ 72.924575806000178, 19.005151748000117 ], [ 72.924308777000192, 19.005151748000117 ], [ 72.924308777000192, 19.004579544000023 ], [ 72.924026489000141, 19.004583359000094 ], [ 72.924026489000141, 19.004304886000057 ], [ 72.924308777000192, 19.004304886000057 ], [ 72.924308777000192, 19.004028320000089 ], [ 72.923751831000118, 19.004028320000089 ], [ 72.923751831000118, 19.003749847000051 ], [ 72.923187256000062, 19.003749847000051 ], [ 72.923187256000062, 19.003469467000116 ], [ 72.92263793900014, 19.003471374000185 ], [ 72.92263793900014, 19.003194809000149 ], [ 72.922080994000169, 19.003194809000149 ], [ 72.922080994000169, 19.002916336000112 ], [ 72.921806335000099, 19.002918243000181 ], [ 72.921806335000099, 19.002090454000154 ], [ 72.921516418000181, 19.002090454000154 ], [ 72.921516418000181, 19.001808166000046 ], [ 72.920692444000053, 19.001808166000046 ], [ 72.920692444000053, 19.00152969300018 ], [ 72.920143127000131, 19.00152969300018 ], [ 72.920143127000131, 19.001251220000142 ], [ 72.919860840000183, 19.001251220000142 ], [ 72.919860840000183, 19.000970842000072 ], [ 72.919586183000092, 19.000972747000105 ], [ 72.919586183000092, 19.000694274000068 ], [ 72.919029237000188, 19.000694274000068 ], [ 72.919029237000188, 19.000139236000166 ], [ 72.918472290000182, 19.000141143000064 ], [ 72.918472290000182, 18.999580384000126 ], [ 72.913749694000046, 18.999580384000126 ], [ 72.913749694000046, 18.999860765000108 ], [ 72.913475036000079, 18.999860765000108 ], [ 72.913475036000079, 18.999584198999969 ], [ 72.913192747999972, 18.999584198999969 ], [ 72.913192747999972, 18.999305726000102 ], [ 72.911796570000092, 18.999309539000024 ], [ 72.911796570000092, 18.999019623000152 ], [ 72.91152954000006, 18.999019623000152 ], [ 72.91152954000006, 18.999309539000024 ], [ 72.90875244200015, 18.999305726000102 ], [ 72.90875244200015, 18.999584198999969 ], [ 72.907363891999978, 18.999584198999969 ], [ 72.907363891999978, 18.999305726000102 ], [ 72.906806946000074, 18.999309539000024 ], [ 72.906806946000074, 18.998189927000112 ], [ 72.906311036000091, 18.998191834000181 ], [ 72.905975342000033, 18.998195649000024 ], [ 72.905975342000033, 18.997638703000121 ], [ 72.90625, 18.997640611000122 ], [ 72.90625, 18.997079850000148 ], [ 72.906524658000194, 18.997085572000117 ], [ 72.906524658000194, 18.996528626000043 ], [ 72.90625, 18.996530533999987 ], [ 72.90625, 18.996810914000093 ], [ 72.905975342000033, 18.99680328400018 ], [ 72.905975342000033, 18.997085572000117 ], [ 72.905693054000153, 18.997079850000148 ], [ 72.905693054000153, 18.997360230000083 ], [ 72.905136108000079, 18.997360230000083 ], [ 72.905136108000079, 18.996530533999987 ], [ 72.90541839600013, 18.996530533999987 ], [ 72.90541839600013, 18.995960235000155 ], [ 72.905693054000153, 18.99597358800014 ], [ 72.905693054000153, 18.995693207000102 ], [ 72.905982971000071, 18.995700837000186 ], [ 72.905982971000071, 18.99542045700008 ], [ 72.90625, 18.99542045700008 ], [ 72.90625, 18.995140076000098 ], [ 72.90651702800011, 18.995140076000098 ], [ 72.90651702800011, 18.994859696000162 ], [ 72.906806946000074, 18.994863511000176 ], [ 72.906806946000074, 18.994581223000125 ], [ 72.907081604000098, 18.994581223000125 ], [ 72.907081604000098, 18.994304657000157 ], [ 72.907363891999978, 18.994304657000157 ], [ 72.907363891999978, 18.994028092000065 ], [ 72.907638550000172, 18.994031907000135 ], [ 72.907638550000172, 18.993749619000027 ], [ 72.907913208000139, 18.993749619000027 ], [ 72.907913208000139, 18.993469238000046 ], [ 72.908195496000076, 18.993471146 ], [ 72.908195496000076, 18.993194580000022 ], [ 72.908470154000042, 18.993194580000022 ], [ 72.908470154000042, 18.992916106999985 ], [ 72.90875244200015, 18.992921830000057 ], [ 72.90875244200015, 18.99263954200012 ], [ 72.909301758000083, 18.99263954200012 ], [ 72.909301758000083, 18.991249084000174 ], [ 72.907913208000139, 18.991249084000174 ], [ 72.907913208000139, 18.991531372000111 ], [ 72.908195496000076, 18.99152755700004 ], [ 72.908195496000076, 18.992082596000046 ], [ 72.907638550000172, 18.992080688000044 ], [ 72.907638550000172, 18.99263954200012 ], [ 72.907363891999978, 18.99263954200012 ], [ 72.907363891999978, 18.993194580000022 ], [ 72.907081604000098, 18.993194580000022 ], [ 72.907081604000098, 18.993471146 ], [ 72.906806946000074, 18.993469238000046 ], [ 72.906806946000074, 18.993749619000027 ], [ 72.90651702800011, 18.993749619000027 ], [ 72.90651702800011, 18.994031907000135 ], [ 72.90625, 18.994028092000065 ], [ 72.90625, 18.994304657000157 ], [ 72.905975342000033, 18.994304657000157 ], [ 72.905975342000033, 18.994863511000176 ], [ 72.905693054000153, 18.994859696000162 ], [ 72.905693054000153, 18.995140076000098 ], [ 72.90541839600013, 18.995140076000098 ], [ 72.90541839600013, 18.99542045700008 ], [ 72.904861450000055, 18.99542045700008 ], [ 72.904861450000055, 18.994859696000162 ], [ 72.904586792000089, 18.994863511000176 ], [ 72.904586792000089, 18.994028092000065 ], [ 72.904861450000055, 18.994031907000135 ], [ 72.904861450000055, 18.993469238000046 ], [ 72.905136108000079, 18.993471146 ], [ 72.905136108000079, 18.99263954200012 ], [ 72.90541839600013, 18.99263954200012 ], [ 72.90541839600013, 18.991811753000093 ], [ 72.905693054000153, 18.991811753000093 ], [ 72.905693054000153, 18.991531372000111 ], [ 72.90625, 18.991531372000111 ], [ 72.90625, 18.990970611000137 ], [ 72.906524658000194, 18.990972519000138 ], [ 72.906524658000194, 18.990694046000101 ], [ 72.905975342000033, 18.990694046000101 ], [ 72.905975342000033, 18.990417480000133 ], [ 72.90541839600013, 18.990417480000133 ], [ 72.90541839600013, 18.990148545000181 ], [ 72.905136108000079, 18.990148545000181 ], [ 72.905136108000079, 18.990417480000133 ], [ 72.904861450000055, 18.990417480000133 ], [ 72.904861450000055, 18.992082596000046 ], [ 72.904586792000089, 18.992080688000044 ], [ 72.904586792000089, 18.99263954200012 ], [ 72.904304504000152, 18.99263954200012 ], [ 72.904304504000152, 18.993194580000022 ], [ 72.904029846000185, 18.993190765000179 ], [ 72.904029846000185, 18.995700837000186 ], [ 72.903747558000077, 18.995700837000186 ], [ 72.903747558000077, 18.996250153000176 ], [ 72.903472900000111, 18.996250153000176 ], [ 72.903472900000111, 18.996810914000093 ], [ 72.903198242000144, 18.99680328400018 ], [ 72.903198242000144, 18.997085572000117 ], [ 72.902915954000036, 18.997079850000148 ], [ 72.902915954000036, 18.997360230000083 ], [ 72.898750304000146, 18.997360230000083 ], [ 72.898750304000146, 18.997079850000148 ], [ 72.897636414000033, 18.997085572000117 ], [ 72.897636414000033, 18.99680328400018 ], [ 72.896530152000139, 18.996810914000093 ], [ 72.896530152000139, 18.996530533999987 ], [ 72.895973206000065, 18.996528626000043 ], [ 72.895973206000065, 18.998195649000024 ], [ 72.896530152000139, 18.998195649000024 ], [ 72.896530152000139, 18.997917176000158 ], [ 72.897636414000033, 18.997917176000158 ], [ 72.897636414000033, 18.998195649000024 ], [ 72.89736175600018, 18.998195649000024 ], [ 72.89736175600018, 18.999027253000065 ], [ 72.896789550000108, 18.999019623000152 ], [ 72.896789550000108, 18.999309539000024 ], [ 72.895690918000128, 18.999309539000024 ], [ 72.895690918000128, 18.999019623000152 ], [ 72.895416260000161, 18.999027253000065 ], [ 72.895416260000161, 18.999584198999969 ], [ 72.895240784, 18.999584198999969 ], [ 72.890419006000059, 18.999580384000126 ], [ 72.890419006000059, 18.999860765000108 ], [ 72.889862060000155, 18.999860765000108 ], [ 72.889862060000155, 18.999580384000126 ], [ 72.885971070000096, 18.999580384000126 ], [ 72.885971070000096, 19.000141143000064 ], [ 72.885971070000096, 19.003749847000051 ], [ 72.885696412000073, 19.003749847000051 ], [ 72.885696412000073, 19.007642747000091 ], [ 72.885406494000108, 19.007642747000091 ], [ 72.885414124000192, 19.008192063000081 ], [ 72.885139466, 19.008190155000079 ], [ 72.885139466, 19.009029389000091 ], [ 72.884124756000062, 19.009029389000091 ], [ 72.881813050000119, 19.009029389000091 ], [ 72.881813050000119, 19.008752824000169 ] ] ], [ [ [ 72.783470154000156, 19.134860993000189 ], [ 72.783470154000156, 19.13236045900004 ], [ 72.781806946000017, 19.13236045900004 ], [ 72.781806946000017, 19.132640838999976 ], [ 72.780982971000185, 19.132640838999976 ], [ 72.780982971000185, 19.132921220000185 ], [ 72.780418396000073, 19.132917405000114 ], [ 72.780418396000073, 19.133472443000073 ], [ 72.780136108000193, 19.133470536000175 ], [ 72.780136108000193, 19.134029389000148 ], [ 72.780418396000073, 19.134029389000148 ], [ 72.780418396000073, 19.134309770000129 ], [ 72.780693054000039, 19.134309770000129 ], [ 72.780693054000039, 19.134860993000189 ], [ 72.780975342000147, 19.134860993000189 ], [ 72.780975342000147, 19.135139466000055 ], [ 72.781250000000114, 19.135139466000055 ], [ 72.781250000000114, 19.135419845000058 ], [ 72.781806946000017, 19.135419845000058 ], [ 72.781806946000017, 19.135139466000055 ], [ 72.782630919999974, 19.135139466000055 ], [ 72.782630919999974, 19.134860993000189 ], [ 72.783470154000156, 19.134860993000189 ] ] ], [ [ [ 72.825141907000102, 19.247917176000101 ], [ 72.824859619, 19.247922897000137 ], [ 72.824859619, 19.247642518000134 ], [ 72.824577331000114, 19.247642518000134 ], [ 72.824577331000114, 19.247360230000027 ], [ 72.824302673000091, 19.247360230000027 ], [ 72.824302673000091, 19.247081756999989 ], [ 72.823753357000157, 19.247083664000058 ], [ 72.823753357000157, 19.246805191000021 ], [ 72.82347106900005, 19.246812822000038 ], [ 72.82347106900005, 19.246532441000056 ], [ 72.823196411000083, 19.246532441000056 ], [ 72.823196411000083, 19.246250153000119 ], [ 72.822906495000041, 19.246250153000119 ], [ 72.822906495000041, 19.24596977200008 ], [ 72.822639465000179, 19.245971680000082 ], [ 72.822639465000179, 19.245695114000114 ], [ 72.822357177000072, 19.245700837000129 ], [ 72.822357177000072, 19.245418549000078 ], [ 72.821800233000033, 19.245418549000078 ], [ 72.821800233000033, 19.24513816800004 ], [ 72.820968629000106, 19.24513816800004 ], [ 72.820968629000106, 19.245418549000078 ], [ 72.820419311000137, 19.245418549000078 ], [ 72.820419311000137, 19.244859695000173 ], [ 72.82069396900016, 19.244861603000174 ], [ 72.82069396900016, 19.244583130000137 ], [ 72.820968629000106, 19.244583130000137 ], [ 72.820968629000106, 19.243749618000095 ], [ 72.821533203000115, 19.243749618000095 ], [ 72.821525573000031, 19.242082595000113 ], [ 72.821250915, 19.242082595000113 ], [ 72.821250915, 19.24180793700009 ], [ 72.821533203000115, 19.241809845000091 ], [ 72.821533203000115, 19.241529464000052 ], [ 72.821250915, 19.241529464000052 ], [ 72.821250915, 19.240690232000077 ], [ 72.820968629000106, 19.240695953000113 ], [ 72.820968629000106, 19.240139007000039 ], [ 72.820686341000055, 19.240140914000108 ], [ 72.820686341000055, 19.239311218000182 ], [ 72.820419311000137, 19.239311218000182 ], [ 72.820419311000137, 19.238470078000034 ], [ 72.820137023000086, 19.238473893000105 ], [ 72.820137023000086, 19.237638474000164 ], [ 72.819862365000063, 19.237640382000166 ], [ 72.819862365000063, 19.236810683000158 ], [ 72.819580079000161, 19.236810683000158 ], [ 72.819580079000161, 19.236249924000049 ], [ 72.819305419000159, 19.236249924000049 ], [ 72.819305419000159, 19.235971451000182 ], [ 72.819030761000192, 19.235971451000182 ], [ 72.819030761000192, 19.23541641300011 ], [ 72.818466187000183, 19.235420228000123 ], [ 72.818466187000183, 19.235139847000141 ], [ 72.818191529000046, 19.235139847000141 ], [ 72.818191529000046, 19.234582901000067 ], [ 72.817916871000023, 19.234582901000067 ], [ 72.817916871000023, 19.234306336000145 ], [ 72.817642211000077, 19.234310151000045 ], [ 72.817642211000077, 19.234031678000179 ], [ 72.817092895000087, 19.234031678000179 ], [ 72.817092895000087, 19.233470917000034 ], [ 72.816802979000045, 19.233472824000103 ], [ 72.816802979000045, 19.232915878000028 ], [ 72.816528321000078, 19.232921601000101 ], [ 72.816528321000078, 19.232639313000163 ], [ 72.816246033000198, 19.232639313000163 ], [ 72.816246033000198, 19.232080459000088 ], [ 72.815971375000174, 19.232084274000158 ], [ 72.815971375000174, 19.231805801000121 ], [ 72.815696717000037, 19.231811524000136 ], [ 72.815696717000037, 19.231250763000048 ], [ 72.815139771000133, 19.231250763000048 ], [ 72.815139771000133, 19.23097038200018 ], [ 72.814857483000196, 19.230972290000182 ], [ 72.814857483000196, 19.230693817000144 ], [ 72.814582825000059, 19.230693817000144 ], [ 72.814582825000059, 19.230417251000176 ], [ 72.814308167000036, 19.230419159000121 ], [ 72.814308167000036, 19.230140686000084 ], [ 72.813186644999973, 19.230140686000084 ], [ 72.813186644999973, 19.229860305000102 ], [ 72.812362671000187, 19.229860305000102 ], [ 72.812362671000187, 19.229579927000145 ], [ 72.812080383000136, 19.22958374000001 ], [ 72.812080383000136, 19.229305266999972 ], [ 72.811813355000027, 19.229309082000043 ], [ 72.811813355000027, 19.229030609000176 ], [ 72.811531067000146, 19.229030609000176 ], [ 72.811531067000146, 19.228750227999967 ], [ 72.811248779000039, 19.228750227999967 ], [ 72.811248779000039, 19.228469850000067 ], [ 72.810974121000072, 19.228471757000136 ], [ 72.810974121000072, 19.228195190000065 ], [ 72.810691833000135, 19.228200912000034 ], [ 72.810691833000135, 19.227928162000183 ], [ 72.810417175000168, 19.227928162000183 ], [ 72.810417175000168, 19.22764015100006 ], [ 72.810142517000031, 19.22764015100006 ], [ 72.810142517000031, 19.22735977300016 ], [ 72.809860229000094, 19.227361680000058 ], [ 72.809860229000094, 19.226806642000099 ], [ 72.809585571000127, 19.226806642000099 ], [ 72.809585571000127, 19.226528169000062 ], [ 72.80930328300019, 19.226530076000131 ], [ 72.80930328300019, 19.226249696000025 ], [ 72.809028625000053, 19.226249696000025 ], [ 72.809028625000053, 19.225971222999988 ], [ 72.808471679000149, 19.225973130000057 ], [ 72.808471679000149, 19.225696565000192 ], [ 72.808197021000126, 19.225696565000192 ], [ 72.808197021000126, 19.225414277000084 ], [ 72.80790710500014, 19.225419999000053 ], [ 72.80790710500014, 19.225139619000117 ], [ 72.807640075000052, 19.225139619000117 ], [ 72.807640075000052, 19.224870681000084 ], [ 72.80735778900015, 19.224870681000084 ], [ 72.80735778900015, 19.224580765000042 ], [ 72.807083131000184, 19.224584580000112 ], [ 72.807083131000184, 19.224027634000038 ], [ 72.806800843000076, 19.224029542000039 ], [ 72.806800843000076, 19.223470688000134 ], [ 72.806526185000109, 19.223474503000034 ], [ 72.806526185000109, 19.223192215000097 ], [ 72.806251527000143, 19.223192215000097 ], [ 72.806251527000143, 19.22291755700013 ], [ 72.805969239000035, 19.222919465000075 ], [ 72.805969239000035, 19.222360611000056 ], [ 72.805686951000098, 19.222360611000056 ], [ 72.805686951000098, 19.22208023100012 ], [ 72.805419923000045, 19.222082138000189 ], [ 72.805419923000045, 19.221805573000154 ], [ 72.805137635000165, 19.221805573000154 ], [ 72.805137635000165, 19.220970154000042 ], [ 72.804306031000067, 19.220970154000042 ], [ 72.804306031000067, 19.221250534000148 ], [ 72.8040313730001, 19.221250534000148 ], [ 72.8040313730001, 19.221532822000029 ], [ 72.803474427000197, 19.221527100000117 ], [ 72.803474427000197, 19.221805573000154 ], [ 72.802917481000122, 19.221805573000154 ], [ 72.802917481000122, 19.222082138000189 ], [ 72.802360535000048, 19.22208023100012 ], [ 72.802360535000048, 19.222360611000056 ], [ 72.80069732700008, 19.222360611000056 ], [ 72.80069732700008, 19.222919465000075 ], [ 72.800415039000029, 19.22291755700013 ], [ 72.800415039000029, 19.223192215000097 ], [ 72.799858093000125, 19.223192215000097 ], [ 72.799858093000125, 19.223474503000034 ], [ 72.798751831000061, 19.223474503000034 ], [ 72.798751831000061, 19.223192215000097 ], [ 72.798469543000181, 19.223192215000097 ], [ 72.798469543000181, 19.222639084000093 ], [ 72.798751831000061, 19.222642899000107 ], [ 72.798751831000061, 19.222360611000056 ], [ 72.799308777000135, 19.222360611000056 ], [ 72.799308777000135, 19.22208023100012 ], [ 72.800140381, 19.222082138000189 ], [ 72.800140381, 19.221805573000154 ], [ 72.80069732700008, 19.221805573000154 ], [ 72.80069732700008, 19.221527100000117 ], [ 72.80124664300007, 19.221532822000029 ], [ 72.80124664300007, 19.221250534000148 ], [ 72.801528931000178, 19.221250534000148 ], [ 72.801528931000178, 19.220970154000042 ], [ 72.802635193000015, 19.220970154000042 ], [ 72.802635193000015, 19.220693588000074 ], [ 72.802917481000122, 19.220693588000074 ], [ 72.802917481000122, 19.220417023000152 ], [ 72.803192139000089, 19.220422745000121 ], [ 72.803192139000089, 19.220140457000184 ], [ 72.803466797000112, 19.220140457000184 ], [ 72.803466797000112, 19.219860077000078 ], [ 72.803749085, 19.219860077000078 ], [ 72.803749085, 19.219305038000073 ], [ 72.8040313730001, 19.219312667999986 ], [ 72.8040313730001, 19.21874046400012 ], [ 72.803749085, 19.218748092 ], [ 72.803749085, 19.217361450000055 ], [ 72.803474427000197, 19.217361450000055 ], [ 72.803474427000197, 19.21680641100005 ], [ 72.803192139000089, 19.216808319 ], [ 72.803192139000089, 19.216529846000128 ], [ 72.802917481000122, 19.216529846000128 ], [ 72.802917481000122, 19.216249467000125 ], [ 72.802642823000156, 19.216249467000125 ], [ 72.802642823000156, 19.216529846000128 ], [ 72.802360535000048, 19.216529846000128 ], [ 72.802360535000048, 19.216249467000125 ], [ 72.802085877000081, 19.216249467000125 ], [ 72.802085877000081, 19.215698242000087 ], [ 72.801795958000127, 19.215698242000087 ], [ 72.801795958000127, 19.21541976900005 ], [ 72.801528931000178, 19.21541976900005 ], [ 72.801528931000178, 19.215139390000047 ], [ 72.80124664300007, 19.215139390000047 ], [ 72.80124664300007, 19.214860917000181 ], [ 72.800971985000103, 19.214860917000181 ], [ 72.800971985000103, 19.214580536000142 ], [ 72.80069732700008, 19.214582444000143 ], [ 72.80069732700008, 19.214307786000177 ], [ 72.800140381, 19.214309694000121 ], [ 72.800140381, 19.213470459000064 ], [ 72.799858093000125, 19.213472367000065 ], [ 72.799858093000125, 19.21291732800006 ], [ 72.799575806000121, 19.212930679000181 ], [ 72.799575806000121, 19.212640763000138 ], [ 72.799308777000135, 19.212640763000138 ], [ 72.799308777000135, 19.212360382000156 ], [ 72.799026489000084, 19.212360382000156 ], [ 72.799026489000084, 19.21208000200005 ], [ 72.798751831000061, 19.212085724000133 ], [ 72.798751831000061, 19.211803436000082 ], [ 72.798469543000181, 19.211811067000099 ], [ 72.798469543000181, 19.21153068600006 ], [ 72.798187256000176, 19.21153068600006 ], [ 72.798187256000176, 19.211250305000021 ], [ 72.797920227000191, 19.211250305000021 ], [ 72.797920227000191, 19.210700990000134 ], [ 72.797630310000102, 19.210700990000134 ], [ 72.797630310000102, 19.210420609000153 ], [ 72.797363281000116, 19.210420609000153 ], [ 72.797363281000116, 19.209859848000178 ], [ 72.797080995000044, 19.209863663000078 ], [ 72.797080995000044, 19.209304809000173 ], [ 72.796806335000042, 19.209304809000173 ], [ 72.796806335000042, 19.2087497710001 ], [ 72.796516418000124, 19.2087497710001 ], [ 72.796516418000124, 19.207920074000072 ], [ 72.796249391000117, 19.207920074000072 ], [ 72.796249391000117, 19.207639693999965 ], [ 72.795967102000134, 19.207639693999965 ], [ 72.795967102000134, 19.207080840000117 ], [ 72.794860841000173, 19.207082748000118 ], [ 72.794860841000173, 19.20680618200015 ], [ 72.794586183000035, 19.20680618200015 ], [ 72.794586183000035, 19.206527709000113 ], [ 72.794296264000081, 19.206529617000058 ], [ 72.794296264000081, 19.206249236000076 ], [ 72.794029237000132, 19.206249236000076 ], [ 72.794029237000132, 19.205970765000188 ], [ 72.793746948000148, 19.205972671000154 ], [ 72.793746948000148, 19.205417632000149 ], [ 72.793197633000034, 19.205421447000049 ], [ 72.793197633000034, 19.205139161000147 ], [ 72.792922973000088, 19.205139161000147 ], [ 72.792922973000088, 19.204580308000175 ], [ 72.792640687000187, 19.204584123000018 ], [ 72.792640687000187, 19.204305649999981 ], [ 72.792358398000147, 19.20430755700005 ], [ 72.792358398000147, 19.203758240000184 ], [ 72.792076110000096, 19.203758240000184 ], [ 72.792076110000096, 19.202640534000068 ], [ 72.791816711000195, 19.202640534000068 ], [ 72.791816711000195, 19.200700761000064 ], [ 72.792076110000096, 19.200700761000064 ], [ 72.792076110000096, 19.200140000000147 ], [ 72.792358398000147, 19.200140000000147 ], [ 72.792358398000147, 19.199859619000108 ], [ 72.792640687000187, 19.19986152700011 ], [ 72.792640687000187, 19.199583054000072 ], [ 72.792915345000154, 19.199583054000072 ], [ 72.792915345000154, 19.199028015000067 ], [ 72.793197633000034, 19.199029923000182 ], [ 72.793197633000034, 19.198471069000163 ], [ 72.793472291000057, 19.198474884000177 ], [ 72.793472291000057, 19.197639465000066 ], [ 72.793746948000148, 19.197639465000066 ], [ 72.793746948000148, 19.195974350000085 ], [ 72.793472291000057, 19.195974350000085 ], [ 72.793472291000057, 19.195692062000148 ], [ 72.793197633000034, 19.195692062000148 ], [ 72.793197633000034, 19.195138931000145 ], [ 72.792922973000088, 19.195142745999988 ], [ 72.792922973000088, 19.194860458000107 ], [ 72.792640687000187, 19.194860458000107 ], [ 72.792640687000187, 19.194570541000189 ], [ 72.792358398000147, 19.194583892000139 ], [ 72.792358398000147, 19.194305419000102 ], [ 72.792076110000096, 19.194311142000117 ], [ 72.792076110000096, 19.19403266900008 ], [ 72.791816711000195, 19.19403266900008 ], [ 72.791816711000195, 19.193750383000179 ], [ 72.791526795000038, 19.193750383000179 ], [ 72.791526795000038, 19.193471910000142 ], [ 72.791252137000185, 19.193471910000142 ], [ 72.791252137000185, 19.193195344000173 ], [ 72.790969848000032, 19.193201065000039 ], [ 72.790969848000032, 19.192922592000173 ], [ 72.790138244000161, 19.192922592000173 ], [ 72.790138244000161, 19.192640306000101 ], [ 72.789016724000078, 19.192640306000101 ], [ 72.789016724000078, 19.192922592000173 ], [ 72.788757325000176, 19.192922592000173 ], [ 72.788757325000176, 19.193201065000039 ], [ 72.788475037000126, 19.193195344000173 ], [ 72.788475037000126, 19.193471910000142 ], [ 72.787918091000051, 19.193471910000142 ], [ 72.787918091000051, 19.193195344000173 ], [ 72.787086487000124, 19.193201065000039 ], [ 72.787086487000124, 19.192922592000173 ], [ 72.7859725940001, 19.192922592000173 ], [ 72.7859725940001, 19.192640306000101 ], [ 72.785690308000198, 19.192640306000101 ], [ 72.785690308000198, 19.192359925000062 ], [ 72.785423279000042, 19.192359925000062 ], [ 72.785423279000042, 19.192640306000101 ], [ 72.78457641600005, 19.192640306000101 ], [ 72.78457641600005, 19.192359925000062 ], [ 72.783752440000058, 19.192359925000062 ], [ 72.783752440000058, 19.192640306000101 ], [ 72.783470154000156, 19.192640306000101 ], [ 72.783470154000156, 19.192922592000173 ], [ 72.783203125000171, 19.192922592000173 ], [ 72.783203125000171, 19.193201065000039 ], [ 72.782363892000092, 19.193195344000173 ], [ 72.782363892000092, 19.193471910000142 ], [ 72.782081604000041, 19.193471910000142 ], [ 72.782081604000041, 19.193750383000179 ], [ 72.781806946000017, 19.193750383000179 ], [ 72.781806946000017, 19.19403266900008 ], [ 72.781524658000137, 19.194026948000044 ], [ 72.781524658000137, 19.194583892000139 ], [ 72.781250000000114, 19.194570541000189 ], [ 72.781250000000114, 19.196529388000158 ], [ 72.781524658000137, 19.196527481000089 ], [ 72.781524658000137, 19.197082519 ], [ 72.781806946000017, 19.197082519 ], [ 72.781806946000017, 19.199300766000135 ], [ 72.782081604000041, 19.199310303000118 ], [ 72.782081604000041, 19.200140000000147 ], [ 72.782356262000178, 19.200140000000147 ], [ 72.782356262000178, 19.200700761000064 ], [ 72.782638550000115, 19.200696946 ], [ 72.782638550000115, 19.200971604000188 ], [ 72.782913208000082, 19.200969696000186 ], [ 72.782913208000082, 19.201250077000054 ], [ 72.78457641600005, 19.201250077000054 ], [ 72.78457641600005, 19.200969696000186 ], [ 72.78514099, 19.200969696000186 ], [ 72.78514099, 19.201250077000054 ], [ 72.785690308000198, 19.201250077000054 ], [ 72.785690308000198, 19.20153045700016 ], [ 72.7859725940001, 19.20153045700016 ], [ 72.7859725940001, 19.201810837999972 ], [ 72.786247254000102, 19.201810837999972 ], [ 72.786247254000102, 19.202640534000068 ], [ 72.7859725940001, 19.202638627000169 ], [ 72.7859725940001, 19.203472138000109 ], [ 72.785690308000198, 19.20347023100004 ], [ 72.785690308000198, 19.203758240000184 ], [ 72.78514099, 19.203758240000184 ], [ 72.78514099, 19.205139161000147 ], [ 72.784858704000101, 19.205139161000147 ], [ 72.784858704000101, 19.205421447000049 ], [ 72.784584044000155, 19.205417632000149 ], [ 72.784584044000155, 19.205694198000117 ], [ 72.784309387000064, 19.205694198000117 ], [ 72.784301758000026, 19.205972671000154 ], [ 72.783752440000058, 19.205970765000188 ], [ 72.783752440000058, 19.206249236000076 ], [ 72.781517028000053, 19.206249236000076 ], [ 72.781517028000053, 19.205970765000188 ], [ 72.781250000000114, 19.205972671000154 ], [ 72.781250000000114, 19.205694198000117 ], [ 72.780975342000147, 19.205694198000117 ], [ 72.780975342000147, 19.205417632000149 ], [ 72.779296874000181, 19.205421447000049 ], [ 72.779296874000181, 19.207359313000154 ], [ 72.779586792000032, 19.207359313000154 ], [ 72.779586792000032, 19.207639693999965 ], [ 72.779861450000169, 19.207639693999965 ], [ 72.779861450000169, 19.207920074000072 ], [ 72.780136108000193, 19.207916259000058 ], [ 72.780136108000193, 19.208471298000063 ], [ 72.780418396000073, 19.208469390000062 ], [ 72.780418396000073, 19.209030151000036 ], [ 72.780693054000039, 19.209028244000137 ], [ 72.780693054000039, 19.209304809000173 ], [ 72.780982971000185, 19.209302902000104 ], [ 72.780982971000185, 19.210140228000114 ], [ 72.781250000000114, 19.210140228000114 ], [ 72.781250000000114, 19.21153068600006 ], [ 72.781517028000053, 19.21153068600006 ], [ 72.781517028000053, 19.215139390000047 ], [ 72.781250000000114, 19.215139390000047 ], [ 72.781250000000114, 19.215698242000087 ], [ 72.780982971000185, 19.215698242000087 ], [ 72.780982971000185, 19.216529846000128 ], [ 72.780693054000039, 19.216529846000128 ], [ 72.780693054000039, 19.216808319 ], [ 72.780418396000073, 19.21680641100005 ], [ 72.780418396000073, 19.217082978000064 ], [ 72.780136108000193, 19.217082978000064 ], [ 72.780136108000193, 19.217361450000055 ], [ 72.779861450000169, 19.217359544000033 ], [ 72.779861450000169, 19.217639923000092 ], [ 72.779586792000032, 19.217639923000092 ], [ 72.779586792000032, 19.21791839600013 ], [ 72.779029846000128, 19.21791839600013 ], [ 72.779029846000128, 19.219312667999986 ], [ 72.778747558000191, 19.219305038000073 ], [ 72.778747558000191, 19.219860077000078 ], [ 72.778472900000054, 19.219860077000078 ], [ 72.778472900000054, 19.220140457000184 ], [ 72.77819824200003, 19.220140457000184 ], [ 72.77819824200003, 19.219999313000073 ], [ 72.778190612000117, 19.219860077000078 ], [ 72.77791595400015, 19.219860077000078 ], [ 72.77791595400015, 19.220140457000184 ], [ 72.777641296000184, 19.220138550000115 ], [ 72.777641296000184, 19.220693588000074 ], [ 72.777359008000076, 19.220693588000074 ], [ 72.777359008000076, 19.220970154000042 ], [ 72.776802062000172, 19.220970154000042 ], [ 72.776802062000172, 19.221250534000148 ], [ 72.776527404000035, 19.221250534000148 ], [ 72.776527404000035, 19.221532822000029 ], [ 72.776252746000182, 19.221527100000117 ], [ 72.776252746000182, 19.222082138000189 ], [ 72.775970458000131, 19.222082138000189 ], [ 72.775970458000131, 19.224584580000112 ], [ 72.776252746000182, 19.224584580000112 ], [ 72.776252746000182, 19.225696565000192 ], [ 72.776527404000035, 19.225690842000176 ], [ 72.776527404000035, 19.226249696000025 ], [ 72.776802062000172, 19.226249696000025 ], [ 72.776802062000172, 19.226806642000099 ], [ 72.777359008000076, 19.226806642000099 ], [ 72.777359008000076, 19.227083207000192 ], [ 72.777641296000184, 19.227083207000192 ], [ 72.777641296000184, 19.227361680000058 ], [ 72.77791595400015, 19.22735977300016 ], [ 72.77791595400015, 19.22764015100006 ], [ 72.778472900000054, 19.22764015100006 ], [ 72.778472900000054, 19.227928162000183 ], [ 72.778747558000191, 19.227928162000183 ], [ 72.778747558000191, 19.228200912000034 ], [ 72.779029846000128, 19.228200912000034 ], [ 72.779029846000128, 19.228750227999967 ], [ 72.779296874000181, 19.228750227999967 ], [ 72.779296874000181, 19.229860305000102 ], [ 72.779586792000032, 19.229860305000102 ], [ 72.779586792000032, 19.230419159000121 ], [ 72.779861450000169, 19.230417251000176 ], [ 72.779861450000169, 19.233194351000066 ], [ 72.779586792000032, 19.233190536000052 ], [ 72.779586792000032, 19.235420228000123 ], [ 72.779304504000095, 19.23541641300011 ], [ 72.779304504000095, 19.235971451000182 ], [ 72.779029846000128, 19.235969544000113 ], [ 72.779029846000128, 19.236249924000049 ], [ 72.778747558000191, 19.236249924000049 ], [ 72.778747558000191, 19.236530305000031 ], [ 72.77819824200003, 19.236528397000086 ], [ 72.77819824200003, 19.23708152800009 ], [ 72.77791595400015, 19.237079621000191 ], [ 72.77791595400015, 19.237920760000065 ], [ 72.779586792000032, 19.237916947000031 ], [ 72.779586792000032, 19.238195420000068 ], [ 72.779861450000169, 19.238195420000068 ], [ 72.779861450000169, 19.238473893000105 ], [ 72.780136108000193, 19.238470078000034 ], [ 72.780136108000193, 19.239311218000182 ], [ 72.780418396000073, 19.239311218000182 ], [ 72.780418396000073, 19.239870072000087 ], [ 72.780693054000039, 19.239860535999981 ], [ 72.780693054000039, 19.240972518000149 ], [ 72.780418396000073, 19.24097061100008 ], [ 72.780418396000073, 19.241250991000186 ], [ 72.780136108000193, 19.241250991000186 ], [ 72.780136108000193, 19.24236106800015 ], [ 72.780418396000073, 19.24236106800015 ], [ 72.780418396000073, 19.243194579999965 ], [ 72.780693054000039, 19.243194579999965 ], [ 72.780693054000039, 19.243473053 ], [ 72.780975342000147, 19.243473053 ], [ 72.780975342000147, 19.243749618000095 ], [ 72.781250000000114, 19.243749618000095 ], [ 72.781250000000114, 19.2443046570001 ], [ 72.780982971000185, 19.24430084200003 ], [ 72.780982971000185, 19.245418549000078 ], [ 72.781250000000114, 19.245416641000077 ], [ 72.781250000000114, 19.245971680000082 ], [ 72.781517028000053, 19.24596977200008 ], [ 72.781517028000053, 19.246812822000038 ], [ 72.781806946000017, 19.246812822000038 ], [ 72.781806946000017, 19.247922897000137 ], [ 72.782081604000041, 19.247922897000137 ], [ 72.782081604000041, 19.249031068000079 ], [ 72.782356262000178, 19.249031068000079 ], [ 72.782356262000178, 19.249860765000108 ], [ 72.782630919999974, 19.249860765000108 ], [ 72.782630919999974, 19.250141143000178 ], [ 72.782913208000082, 19.250141143000178 ], [ 72.782913208000082, 19.251810074000161 ], [ 72.782638550000115, 19.251806259000091 ], [ 72.782638550000115, 19.253196716000161 ], [ 72.782356262000178, 19.253190994000022 ], [ 72.782356262000178, 19.256530762000125 ], [ 72.782081604000041, 19.256528855000056 ], [ 72.782081604000041, 19.257083893000186 ], [ 72.781806946000017, 19.257083893000186 ], [ 72.781806946000017, 19.258193970000093 ], [ 72.781524658000137, 19.258193970000093 ], [ 72.781524658000137, 19.259582520000038 ], [ 72.781806946000017, 19.259580613000139 ], [ 72.781806946000017, 19.260139466000112 ], [ 72.782913208000082, 19.260139466000112 ], [ 72.782913208000082, 19.260421752000184 ], [ 72.783195496000189, 19.26041603200008 ], [ 72.783195496000189, 19.260694505000117 ], [ 72.783470154000156, 19.260690690000047 ], [ 72.783470154000156, 19.261531829000148 ], [ 72.783752440000058, 19.261528016000057 ], [ 72.783752440000058, 19.26180267400008 ], [ 72.78402710000006, 19.261806489000094 ], [ 72.78402710000006, 19.263471603000028 ], [ 72.783752440000058, 19.263469697000062 ], [ 72.783752440000058, 19.264039994000086 ], [ 72.783470154000156, 19.264039994000086 ], [ 72.783470154000156, 19.265140533000078 ], [ 72.783752440000058, 19.265140533000078 ], [ 72.783752440000058, 19.265420914000117 ], [ 72.784301758000026, 19.265417099000047 ], [ 72.784309387000064, 19.265695572000084 ], [ 72.784584044000155, 19.265695572000084 ], [ 72.788513183000077, 19.264059067000176 ], [ 72.794067383000083, 19.262220384000159 ], [ 72.803115845000036, 19.259059906000118 ], [ 72.808341980000137, 19.258670806999987 ], [ 72.812797546000013, 19.259950638000134 ], [ 72.818038940000122, 19.255399704000183 ], [ 72.825698853000176, 19.248750688000143 ], [ 72.825691223000092, 19.248470307000161 ], [ 72.825416565000069, 19.248470307000161 ], [ 72.825416565000069, 19.248193741000023 ], [ 72.825141907000102, 19.248193741000023 ], [ 72.825141907000102, 19.247917176000101 ] ] ] ] } }
]
}
