{
"type": "FeatureCollection",
"name": "mumbai_hexagons",
"crs": { "type": "name", "properties": { "name": "urn:ogc:def:crs:OGC:1.3:CRS84" } },
"features": [
{ "type": "Feature", "properties": { "hex_id": "88608b5619fffff" }, "geometry": { "type": "Polygon", "coordinates": [ [ [ 72.956459567206508, 19.055302340759852 ], [ 72.956465959266097, 19.060051692047765 ], [ 72.952416287249008, 19.062198724549148 ], [ 72.948360527374248, 19.059596545364609 ], [ 72.948354270017958, 19.05484745301683 ], [ 72.952403637840916, 19.052700280913996 ], [ 72.956459567206508, 19.055302340759852 ] ] ] } },
{ "type": "Feature", "properties": { "hex_id": "88608b5489fffff" }, "geometry": { "type": "Polygon", "coordinates": [ [ [ 72.891707539588282, 19.108614531584202 ], [ 72.89171285701002, 19.113360432320572 ], [ 72.887665635190501, 19.115502972978948 ], [ 72.883613400488301, 19.112899753156793 ], [ 72.883608217573496, 19.108154111601351 ], [ 72.88765513486176, 19.106011430687698 ], [ 72.891707539588282, 19.108614531584202 ] ] ] } },
{ "type": "Feature", "properties": { "hex_id": "88608b446dfffff" }, "geometry": { "type": "Polygon", "coordinates": [ [ [ 72.859430704016731, 19.220615872944531 ], [ 72.85943548740137, 19.225357957380577 ], [ 72.85538828506246, 19.227494874422305 ], [ 72.851336604226546, 19.224889847993353 ], [ 72.851331955330693, 19.220148022509587 ], [ 72.855378852789812, 19.21801096450303 ], [ 72.859430704016731, 19.220615872944531 ] ] ] } },
{ "type": "Feature", "properties": { "hex_id": "88608b42ddfffff" }, "geometry": { "type": "Polygon", "coordinates": [ [ [ 72.948542080972473, 19.197270133439165 ], [ 72.94854834455559, 19.202015761852746 ], [ 72.944497061060503, 19.204156900476576 ], [ 72.9404398185128, 19.201552550981173 ], [ 72.940433689736125, 19.196807180991463 ], [ 72.94448466870854, 19.194665902073773 ], [ 72.948542080972473, 19.197270133439165 ] ] ] } },
{ "type": "Feature", "properties": { "hex_id": "88608b0167fffff" }, "geometry": { "type": "Polygon", "coordinates": [ [ [ 72.818736979383104, 18.976340335903888 ], [ 72.81874108369874, 18.981086984033567 ], [ 72.814699343177963, 18.983232048103797 ], [ 72.810653802848861, 18.980630604159348 ], [ 72.810649832638006, 18.9758842162503 ], [ 72.814691268659345, 18.973739012065813 ], [ 72.818736979383104, 18.976340335903888 ] ] ] } },
{ "type": "Feature", "properties": { "hex_id": "88608b4703fffff" }, "geometry": { "type": "Polygon", "coordinates": [ [ [ 72.879674056352954, 19.214669854425097 ], [ 72.879679175842256, 19.219412760785772 ], [ 72.875631053982673, 19.221550662736643 ], [ 72.871578117439427, 19.218945799137074 ], [ 72.871573132510647, 19.214203151611706 ], [ 72.875620949572422, 19.212065108851132 ], [ 72.879674056352954, 19.214669854425097 ] ] ] } },
{ "type": "Feature", "properties": { "hex_id": "88608b0b43fffff" }, "geometry": { "type": "Polygon", "coordinates": [ [ [ 72.867353467545826, 19.050281930339299 ], [ 72.867358379587472, 19.055028430053941 ], [ 72.863313186253905, 19.057172373159116 ], [ 72.859263385377446, 19.05456995669492 ], [ 72.859258607695239, 19.049823716565957 ], [ 72.863303496537839, 19.04767963331614 ], [ 72.867353467545826, 19.050281930339299 ] ] ] } },
{ "type": "Feature", "properties": { "hex_id": "88608b5695fffff" }, "geometry": { "type": "Polygon", "coordinates": [ [ [ 72.899758751631907, 19.066354036216584 ], [ 72.899764201966079, 19.071101230108891 ], [ 72.895717177217833, 19.073245735288314 ], [ 72.891665006557147, 19.070643186588246 ], [ 72.891659690720985, 19.065896251990292 ], [ 72.895706411055315, 19.063751606798668 ], [ 72.899758751631907, 19.066354036216584 ] ] ] } },
{ "type": "Feature", "properties": { "hex_id": "88608b5505fffff" }, "geometry": { "type": "Polygon", "coordinates": [ [ [ 72.976898614961783, 19.177527229940729 ], [ 72.976905349608316, 19.182274285764727 ], [ 72.972852944801318, 19.184417253131901 ], [ 72.968794109737303, 19.181813304700214 ], [ 72.968787509986399, 19.1770665071808 ], [ 72.972839610411697, 19.174923399788973 ], [ 72.976898614961783, 19.177527229940729 ] ] ] } },
{ "type": "Feature", "properties": { "hex_id": "88608b0929fffff" }, "geometry": { "type": "Polygon", "coordinates": [ [ [ 72.839098924241668, 19.126964456504847 ], [ 72.839103368590585, 19.131708153298636 ], [ 72.835058495923946, 19.133848025288117 ], [ 72.831009483666264, 19.131244341156595 ], [ 72.831005173640733, 19.126500903837279 ], [ 72.835049741557299, 19.124360891175645 ], [ 72.839098924241668, 19.126964456504847 ] ] ] } },
{ "type": "Feature", "properties": { "hex_id": "88608b18bbfffff" }, "geometry": { "type": "Polygon", "coordinates": [ [ [ 72.838952343281164, 18.970358162172175 ], [ 72.838956782775256, 18.975105630594133 ], [ 72.83491412300674, 18.977251675127068 ], [ 72.830867328170285, 18.974650391197418 ], [ 72.830863022852597, 18.969903182878639 ], [ 72.834905378202791, 18.967756998387021 ], [ 72.838952343281164, 18.970358162172175 ] ] ] } },
{ "type": "Feature", "properties": { "hex_id": "88608b5581fffff" }, "geometry": { "type": "Polygon", "coordinates": [ [ [ 72.916079868319159, 19.166946490374396 ], [ 72.916085591725576, 19.171691781451802 ], [ 72.912036340979483, 19.173832918431749 ], [ 72.90798167140575, 19.171228904698836 ], [ 72.907976082653789, 19.166483872396014 ], [ 72.912025028828921, 19.164342595052094 ], [ 72.916079868319159, 19.166946490374396 ] ] ] } },
{ "type": "Feature", "properties": { "hex_id": "88608b0b35fffff" }, "geometry": { "type": "Polygon", "coordinates": [ [ [ 72.847152424029886, 19.084726920557841 ], [ 72.847157001368601, 19.089471912149719 ], [ 72.843112324408239, 19.091613750487877 ], [ 72.839063374750026, 19.089010737664385 ], [ 72.83905893172593, 19.084266005661132 ], [ 72.843103304053287, 19.082124026893386 ], [ 72.847152424029886, 19.084726920557841 ] ] ] } },
{ "type": "Feature", "properties": { "hex_id": "88608b19c1fffff" }, "geometry": { "type": "Polygon", "coordinates": [ [ [ 72.903734168369724, 19.002482756159235 ], [ 72.90373968349715, 19.00723162158484 ], [ 72.899693361705914, 19.009378789138054 ], [ 72.895641829059926, 19.006777230961454 ], [ 72.895636448385844, 19.002028625057335 ], [ 72.899682465912207, 18.999881317808921 ], [ 72.903734168369724, 19.002482756159235 ] ] ] } },
{ "type": "Feature", "properties": { "hex_id": "88608b5687fffff" }, "geometry": { "type": "Polygon", "coordinates": [ [ [ 72.911917600792819, 19.074161476589047 ], [ 72.911923253213573, 19.078908887274075 ], [ 72.907875516788991, 19.081053533357473 ], [ 72.903822432339965, 19.078450908726893 ], [ 72.903816914470809, 19.073703757219597 ], [ 72.907864346506869, 19.071558971165725 ], [ 72.911917600792819, 19.074161476589047 ] ] ] } },
{ "type": "Feature", "properties": { "hex_id": "88608b4687fffff" }, "geometry": { "type": "Polygon", "coordinates": [ [ [ 72.798673643204495, 19.167321110411578 ], [ 72.798677417375004, 19.172062469980162 ], [ 72.79463398363869, 19.174199250107868 ], [ 72.790587080712484, 19.171594811778213 ], [ 72.790583440748591, 19.166853711801878 ], [ 72.794626569512147, 19.164716790563581 ], [ 72.798673643204495, 19.167321110411578 ] ] ] } },
{ "type": "Feature", "properties": { "hex_id": "88608b5513fffff" }, "geometry": { "type": "Polygon", "coordinates": [ [ [ 72.94444130194826, 19.161443747161098 ], [ 72.94444749658345, 19.166190117423906 ], [ 72.940396921343549, 19.168332520281499 ], [ 72.936340455937142, 19.165728693035661 ], [ 72.936334396059138, 19.160982581370725 ], [ 72.940384666838142, 19.158840038354288 ], [ 72.94444130194826, 19.161443747161098 ] ] ] } },
{ "type": "Feature", "properties": { "hex_id": "88608b466bfffff" }, "geometry": { "type": "Polygon", "coordinates": [ [ [ 72.875570437567376, 19.164630364119631 ], [ 72.875575488014562, 19.169374360738146 ], [ 72.87152827558576, 19.171514091473483 ], [ 72.867476317423154, 19.16890996620171 ], [ 72.867471401473878, 19.16416622865059 ], [ 72.871518309197143, 19.162026357304434 ], [ 72.875570437567376, 19.164630364119631 ] ] ] } },
{ "type": "Feature", "properties": { "hex_id": "88608b1937fffff" }, "geometry": { "type": "Polygon", "coordinates": [ [ [ 72.924026508319443, 19.039235339973345 ], [ 72.924032361171285, 19.043983998349109 ], [ 72.919984518032095, 19.046130467308526 ], [ 72.915931126321553, 19.043528417627126 ], [ 72.915925408034667, 19.038780018483834 ], [ 72.919972946901169, 19.036633409790046 ], [ 72.924026508319443, 19.039235339973345 ] ] ] } },
{ "type": "Feature", "properties": { "hex_id": "88608b40d1fffff" }, "geometry": { "type": "Polygon", "coordinates": [ [ [ 72.912121206021368, 19.244995521797147 ], [ 72.912126865191695, 19.249738762431235 ], [ 72.908076708542708, 19.251876664297438 ], [ 72.904021197481669, 19.249271466269256 ], [ 72.90401567302402, 19.244528484119897 ], [ 72.908065524922563, 19.242390441514512 ], [ 72.912121206021368, 19.244995521797147 ] ] ] } },
{ "type": "Feature", "properties": { "hex_id": "88608b56a3fffff" }, "geometry": { "type": "Polygon", "coordinates": [ [ [ 72.911934558617105, 19.08840336427674 ], [ 72.911940211599884, 19.093150430472374 ], [ 72.907892273600396, 19.095294515569439 ], [ 72.903838987044622, 19.092691674506565 ], [ 72.903833468626885, 19.087944867431396 ], [ 72.907881102207682, 19.085800642299219 ], [ 72.911934558617105, 19.08840336427674 ] ] ] } },
{ "type": "Feature", "properties": { "hex_id": "88608b546dfffff" }, "geometry": { "type": "Polygon", "coordinates": [ [ [ 72.97277295172843, 19.127447176739828 ], [ 72.972779616602068, 19.132195319764108 ], [ 72.968728122076271, 19.134340111316671 ], [ 72.964670266974622, 19.13173689967056 ], [ 72.9646637369339, 19.126989015182094 ], [ 72.968714927169728, 19.124844083804433 ], [ 72.97277295172843, 19.127447176739828 ] ] ] } },
{ "type": "Feature", "properties": { "hex_id": "88608b4451fffff" }, "geometry": { "type": "Polygon", "coordinates": [ [ [ 72.827015945581508, 19.190293918309322 ], [ 72.827020190355171, 19.1950356642092 ], [ 72.82297502442006, 19.197172582933643 ], [ 72.818925918644922, 19.194567896793167 ], [ 72.81892180820779, 19.189826410194978 ], [ 72.822966669217152, 19.187689350436163 ], [ 72.827015945581508, 19.190293918309322 ] ] ] } },
{ "type": "Feature", "properties": { "hex_id": "88608b46e7fffff" }, "geometry": { "type": "Polygon", "coordinates": [ [ [ 72.818909477713504, 19.175601254410356 ], [ 72.818913587742102, 19.180343088942887 ], [ 72.814869031656642, 19.182480289728751 ], [ 72.810820670472395, 19.17987579700241 ], [ 72.810816694735564, 19.175134221887784 ], [ 72.814860945899056, 19.172996880082245 ], [ 72.818909477713504, 19.175601254410356 ] ] ] } },
{ "type": "Feature", "properties": { "hex_id": "88608b0b27fffff" }, "geometry": { "type": "Polygon", "coordinates": [ [ [ 72.859301612533201, 19.092535755273158 ], [ 72.859306391640061, 19.097280963874276 ], [ 72.85526100211348, 19.099422942530911 ], [ 72.851211138096033, 19.096819852975031 ], [ 72.851206493357466, 19.092074903846221 ], [ 72.855251578275897, 19.089932784801594 ], [ 72.859301612533201, 19.092535755273158 ] ] ] } },
{ "type": "Feature", "properties": { "hex_id": "88608b19b3fffff" }, "geometry": { "type": "Polygon", "coordinates": [ [ [ 72.863284119031491, 19.028692782658791 ], [ 72.863288963167363, 19.033439666541977 ], [ 72.859244275598144, 19.035584310567355 ], [ 72.855195048359946, 19.03298221078207 ], [ 72.855190338547786, 19.028235586599429 ], [ 72.859234721657913, 19.026090802502154 ], [ 72.863284119031491, 19.028692782658791 ] ] ] } },
{ "type": "Feature", "properties": { "hex_id": "88608b4557fffff" }, "geometry": { "type": "Polygon", "coordinates": [ [ [ 72.851359851017094, 19.248597226084904 ], [ 72.851364500837533, 19.253338351413333 ], [ 72.847317303805852, 19.255473860201846 ], [ 72.843265761928492, 19.252868384803719 ], [ 72.843261246592306, 19.248127518369468 ], [ 72.84730813865707, 19.245991868439749 ], [ 72.851359851017094, 19.248597226084904 ] ] ] } },
{ "type": "Feature", "properties": { "hex_id": "88608b54e9fffff" }, "geometry": { "type": "Polygon", "coordinates": [ [ [ 72.911968479324216, 19.116884035953667 ], [ 72.911974133431229, 19.121630411523746 ], [ 72.907925792221732, 19.123773374083111 ], [ 72.903872101391983, 19.121170101236999 ], [ 72.903866581876812, 19.116423984672505 ], [ 72.907914618607336, 19.114280881949124 ], [ 72.911968479324216, 19.116884035953667 ] ] ] } },
{ "type": "Feature", "properties": { "hex_id": "88608b465dfffff" }, "geometry": { "type": "Polygon", "coordinates": [ [ [ 72.863400422595475, 19.14258637936523 ], [ 72.863405270584551, 19.147330507894242 ], [ 72.859358972267259, 19.149470660439977 ], [ 72.855308130669144, 19.146866825045979 ], [ 72.855303417110861, 19.14212295575868 ], [ 72.859349410727759, 19.139982662624281 ], [ 72.863400422595475, 19.14258637936523 ] ] ] } },
{ "type": "Feature", "properties": { "hex_id": "88608b1929fffff" }, "geometry": { "type": "Polygon", "coordinates": [ [ [ 72.952378341540253, 19.033702020161758 ], [ 72.952384665301011, 19.03845175688221 ], [ 72.948335499193405, 19.040599489106082 ], [ 72.944280313495426, 19.037997624138946 ], [ 72.944274124402227, 19.033248146473547 ], [ 72.948322986347236, 19.031100274720799 ], [ 72.952378341540253, 19.033702020161758 ] ] ] } },
{ "type": "Feature", "properties": { "hex_id": "88608b090dfffff" }, "geometry": { "type": "Polygon", "coordinates": [ [ [ 72.839085592078234, 19.112732674766526 ], [ 72.839090035985492, 19.11747671717794 ], [ 72.835045364591508, 19.119617151248942 ], [ 72.830996554017986, 19.117013683516944 ], [ 72.830992244420742, 19.112269900637596 ], [ 72.83503661109485, 19.110129325958788 ], [ 72.839085592078234, 19.112732674766526 ] ] ] } },
{ "type": "Feature", "properties": { "hex_id": "88608b0b51fffff" }, "geometry": { "type": "Polygon", "coordinates": [ [ [ 72.855204468452257, 19.042475116827767 ], [ 72.855209178732423, 19.047221398568762 ], [ 72.851164697633479, 19.049365201249643 ], [ 72.847115810778092, 19.046762862376259 ], [ 72.847111234803734, 19.042016840337187 ], [ 72.85115541138677, 19.039872897470239 ], [ 72.855204468452257, 19.042475116827767 ] ] ] } },
{ "type": "Feature", "properties": { "hex_id": "88608b540dfffff" }, "geometry": { "type": "Polygon", "coordinates": [ [ [ 72.952492201311429, 19.119179741193111 ], [ 72.952498528846633, 19.123927410910344 ], [ 72.948448152145275, 19.126071779571113 ], [ 72.944391752259818, 19.123468618431943 ], [ 72.944385559472749, 19.118721207426535 ], [ 72.948435631830847, 19.116576698849013 ], [ 72.952492201311429, 19.119179741193111 ] ] ] } },
{ "type": "Feature", "properties": { "hex_id": "88608b4763fffff" }, "geometry": { "type": "Polygon", "coordinates": [ [ [ 72.899938708068973, 19.222950567651232 ], [ 72.899944164367909, 19.227693945972057 ], [ 72.895894921965493, 19.22983227003478 ], [ 72.89184052801761, 19.227227356495241 ], [ 72.891835206364206, 19.222484236834326 ], [ 72.895884144020968, 19.22034577205357 ], [ 72.899938708068973, 19.222950567651232 ] ] ] } },
{ "type": "Feature", "properties": { "hex_id": "88608b4443fffff" }, "geometry": { "type": "Polygon", "coordinates": [ [ [ 72.839165604939183, 19.198107771358782 ], [ 72.83917005149749, 19.202849731857441 ], [ 72.835124172166999, 19.204986790636074 ], [ 72.831074151187096, 19.202382029909078 ], [ 72.831069839019079, 19.197640328595682 ], [ 72.83511541344852, 19.195503128824601 ], [ 72.839165604939183, 19.198107771358782 ] ] ] } },
{ "type": "Feature", "properties": { "hex_id": "88608b4711fffff" }, "geometry": { "type": "Polygon", "coordinates": [ [ [ 72.867515650883021, 19.206855690871567 ], [ 72.867520568298858, 19.211598383576636 ], [ 72.86347315930351, 19.213736145031671 ], [ 72.859421137723032, 19.211131354634009 ], [ 72.859416354813973, 19.206388920880947 ], [ 72.863463458986459, 19.204251018574084 ], [ 72.867515650883021, 19.206855690871567 ] ] ] } },
{ "type": "Feature", "properties": { "hex_id": "88608b559dfffff" }, "geometry": { "type": "Polygon", "coordinates": [ [ [ 72.903916264099905, 19.159134877892374 ], [ 72.903921785261872, 19.163879954578395 ], [ 72.899873246588868, 19.166020950643187 ], [ 72.895819491358182, 19.163417010428635 ], [ 72.895814104797026, 19.158672192634022 ], [ 72.899862338873632, 19.156531056163161 ], [ 72.903916264099905, 19.159134877892374 ] ] ] } },
{ "type": "Feature", "properties": { "hex_id": "88608b42b3fffff" }, "geometry": { "type": "Polygon", "coordinates": [ [ [ 72.920210308466892, 19.231231056215698 ], [ 72.920216101804812, 19.235974905848604 ], [ 72.916165739342702, 19.238113652373897 ], [ 72.912109888243677, 19.235508689893077 ], [ 72.912104229636284, 19.230765098744495 ], [ 72.916154287405206, 19.228626211592942 ], [ 72.920210308466892, 19.231231056215698 ] ] ] } },
{ "type": "Feature", "properties": { "hex_id": "88608b19a5fffff" }, "geometry": { "type": "Polygon", "coordinates": [ [ [ 72.895684880870519, 19.044761975736847 ], [ 72.895690263149206, 19.049509555109999 ], [ 72.891643744269231, 19.05165476102913 ], [ 72.887592147500527, 19.049052527515347 ], [ 72.887586899684109, 19.04430520755152 ], [ 72.891633114181928, 19.042159861692745 ], [ 72.895684880870519, 19.044761975736847 ] ] ] } },
{ "type": "Feature", "properties": { "hex_id": "88608b4549fffff" }, "geometry": { "type": "Polygon", "coordinates": [ [ [ 72.879704775834483, 19.243125543608542 ], [ 72.879709896342149, 19.24786774995221 ], [ 72.87566137123315, 19.250004525528716 ], [ 72.871608030482534, 19.247399235698918 ], [ 72.871603044562178, 19.24265728807417 ], [ 72.875651264812987, 19.240520371560848 ], [ 72.879704775834483, 19.243125543608542 ] ] ] } },
{ "type": "Feature", "properties": { "hex_id": "88608b0b19fffff" }, "geometry": { "type": "Polygon", "coordinates": [ [ [ 72.843071737516368, 19.048906384527623 ], [ 72.843076246573546, 19.053652105309865 ], [ 72.839032276671631, 19.055795206678795 ], [ 72.834984102291187, 19.053192727558468 ], [ 72.83497972749953, 19.048447266537146 ], [ 72.839023392830597, 19.046304024875884 ], [ 72.843071737516368, 19.048906384527623 ] ] ] } },
{ "type": "Feature", "properties": { "hex_id": "88608b54dbfffff" }, "geometry": { "type": "Polygon", "coordinates": [ [ [ 72.879535894260798, 19.086567561018803 ], [ 72.879541009171149, 19.09131359038086 ], [ 72.875494700940365, 19.093456551782314 ], [ 72.871443582333271, 19.090853624054755 ], [ 72.871438601862792, 19.086107854047526 ], [ 72.875484605567337, 19.083964752413586 ], [ 72.879535894260798, 19.086567561018803 ] ] ] } },
{ "type": "Feature", "properties": { "hex_id": "88608b191bfffff" }, "geometry": { "type": "Polygon", "coordinates": [ [ [ 72.919932453981176, 19.003390113181219 ], [ 72.91993823810904, 19.008139497473742 ], [ 72.915891102291994, 19.010287226318578 ], [ 72.911838486565856, 19.007685710467893 ], [ 72.911832836953835, 19.002936585579459 ], [ 72.915879668559924, 19.000788717138192 ], [ 72.919932453981176, 19.003390113181219 ] ] ] } },
{ "type": "Feature", "properties": { "hex_id": "88608b4755fffff" }, "geometry": { "type": "Polygon", "coordinates": [ [ [ 72.887760169475527, 19.200906059305165 ], [ 72.887765423034168, 19.205649573689755 ], [ 72.88371709486384, 19.207788319885218 ], [ 72.879663817883483, 19.205183692393231 ], [ 72.879658698903228, 19.200440436843493 ], [ 72.883706722332818, 19.198301549951456 ], [ 72.887760169475527, 19.200906059305165 ] ] ] } },
{ "type": "Feature", "properties": { "hex_id": "88608b55e1fffff" }, "geometry": { "type": "Polygon", "coordinates": [ [ [ 72.936352576295945, 19.175220568534353 ], [ 72.936358636776774, 19.179966332246366 ], [ 72.932308266845268, 19.182107891730332 ], [ 72.928252140959046, 19.179503827775125 ], [ 72.928246215217598, 19.174758322662012 ], [ 72.932296280630837, 19.172616622905693 ], [ 72.936352576295945, 19.175220568534353 ] ] ] } },
{ "type": "Feature", "properties": { "hex_id": "88608b5451fffff" }, "geometry": { "type": "Polygon", "coordinates": [ [ [ 72.940305032356179, 19.097127633044032 ], [ 72.940311156867153, 19.101875433147789 ], [ 72.936261693191256, 19.104020221536491 ], [ 72.932206409351096, 19.101417349716282 ], [ 72.932200419521195, 19.096669808498692 ], [ 72.936249578858181, 19.094524880215658 ], [ 72.940305032356179, 19.097127633044032 ] ] ] } },
{ "type": "Feature", "properties": { "hex_id": "88608b1891fffff" }, "geometry": { "type": "Polygon", "coordinates": [ [ [ 72.838939025680816, 18.956115077626023 ], [ 72.838943464733958, 18.960862885626966 ], [ 72.834901006017972, 18.963009490165241 ], [ 72.830854412644825, 18.96040842659643 ], [ 72.830850107754728, 18.955660878755253 ], [ 72.834892262082562, 18.953514134323814 ], [ 72.838939025680816, 18.956115077626023 ] ] ] } },
{ "type": "Feature", "properties": { "hex_id": "88608b0305fffff" }, "geometry": { "type": "Polygon", "coordinates": [ [ [ 72.83486166286761, 18.920276831624324 ], [ 72.834866033749904, 18.925025356020882 ], [ 72.830824281406848, 18.927173219760686 ], [ 72.826778462515392, 18.924572698858313 ], [ 72.82677422574713, 18.919824434792002 ], [ 72.830815673764107, 18.917676431298503 ], [ 72.83486166286761, 18.920276831624324 ] ] ] } },
{ "type": "Feature", "properties": { "hex_id": "88608b0a4bfffff" }, "geometry": { "type": "Polygon", "coordinates": [ [ [ 72.843017640476489, 18.991948839437686 ], [ 72.84302214774209, 18.996695927446687 ], [ 72.838978982450826, 18.998841271752191 ], [ 72.834931614352058, 18.996239668081511 ], [ 72.83492724129853, 18.991492840061369 ], [ 72.838970102139541, 18.989347355723751 ], [ 72.843017640476489, 18.991948839437686 ] ] ] } },
{ "type": "Feature", "properties": { "hex_id": "88608b56e7fffff" }, "geometry": { "type": "Polygon", "coordinates": [ [ [ 72.932182451222744, 19.082426494909448 ], [ 72.93218844045704, 19.087174381034231 ], [ 72.928139585457473, 19.089319449204091 ], [ 72.924085045567381, 19.086716771128916 ], [ 72.924079190969522, 19.081969144006386 ], [ 72.928127741633162, 19.079823935957315 ], [ 72.932182451222744, 19.082426494909448 ] ] ] } },
{ "type": "Feature", "properties": { "hex_id": "88608b5557fffff" }, "geometry": { "type": "Polygon", "coordinates": [ [ [ 72.964702920426333, 19.155474587888623 ], [ 72.964709451766382, 19.160221778260638 ], [ 72.960657960100406, 19.16236516568026 ], [ 72.956600241479819, 19.159761502731371 ], [ 72.956593844968367, 19.155014570838929 ], [ 72.960645032256721, 19.152871043416308 ], [ 72.964702920426333, 19.155474587888623 ] ] ] } },
{ "type": "Feature", "properties": { "hex_id": "88608b460bfffff" }, "geometry": { "type": "Polygon", "coordinates": [ [ [ 72.855317558254242, 19.156354216914384 ], [ 72.855322272281086, 19.161097739373904 ], [ 72.851276180596116, 19.16323704859974 ], [ 72.84722567964937, 19.16063297606874 ], [ 72.847221100035384, 19.155889712851632 ], [ 72.851266886963103, 19.153750262923701 ], [ 72.855317558254242, 19.156354216914384 ] ] ] } },
{ "type": "Feature", "properties": { "hex_id": "88608b5497fffff" }, "geometry": { "type": "Polygon", "coordinates": [ [ [ 72.86337133803417, 19.114119184676749 ], [ 72.863376185059522, 19.11886400533416 ], [ 72.859330289549504, 19.121005281877618 ], [ 72.855279851662019, 19.118401878224351 ], [ 72.855275139040685, 19.11365731692387 ], [ 72.859320729910664, 19.111515899920359 ], [ 72.86337133803417, 19.114119184676749 ] ] ] } },
{ "type": "Feature", "properties": { "hex_id": "88608b46cbfffff" }, "geometry": { "type": "Polygon", "coordinates": [ [ [ 72.814832649965979, 19.139801301281874 ], [ 72.814836691840441, 19.144543873485318 ], [ 72.810792843080208, 19.146682340739826 ], [ 72.80674525731304, 19.144078376675594 ], [ 72.806741349681261, 19.139336064063741 ], [ 72.810784893581825, 19.137197455925168 ], [ 72.814832649965979, 19.139801301281874 ] ] ] } },
{ "type": "Feature", "properties": { "hex_id": "88608b0b0bfffff" }, "geometry": { "type": "Polygon", "coordinates": [ [ [ 72.855218599760846, 19.056713619181888 ], [ 72.855223310509089, 19.061459557932046 ], [ 72.851178628157029, 19.063602799589376 ], [ 72.847129539610592, 19.061000242748083 ], [ 72.847124963181514, 19.056254563642703 ], [ 72.851169340987511, 19.054111181734452 ], [ 72.855218599760846, 19.056713619181888 ] ] ] } },
{ "type": "Feature", "properties": { "hex_id": "88608b1997fffff" }, "geometry": { "type": "Polygon", "coordinates": [ [ [ 72.863269587586458, 19.014451446988566 ], [ 72.863274431241038, 19.01919867282103 ], [ 72.859229944925133, 19.021343877432852 ], [ 72.855180919391458, 19.018741996219674 ], [ 72.855176210047276, 19.013995030144734 ], [ 72.859220391934201, 19.01184968552608 ], [ 72.863269587586458, 19.014451446988566 ] ] ] } },
{ "type": "Feature", "properties": { "hex_id": "88608b4641fffff" }, "geometry": { "type": "Polygon", "coordinates": [ [ [ 72.8755552872301, 19.150397679650798 ], [ 72.875560337175159, 19.155142023515147 ], [ 72.87151332625055, 19.157282316535412 ], [ 72.86746157006408, 19.154678406238713 ], [ 72.867456654603515, 19.149934321499515 ], [ 72.871503360852756, 19.147793887932469 ], [ 72.8755552872301, 19.150397679650798 ] ] ] } },
{ "type": "Feature", "properties": { "hex_id": "88608b54cdfffff" }, "geometry": { "type": "Polygon", "coordinates": [ [ [ 72.911951518127481, 19.10264421794718 ], [ 72.911957171672327, 19.107390939104402 ], [ 72.907909032077882, 19.109534463026741 ], [ 72.90385554339521, 19.106931405891988 ], [ 72.903850024428777, 19.102184943797837 ], [ 72.907897859574433, 19.100041279775937 ], [ 72.911951518127481, 19.10264421794718 ] ] ] } },
{ "type": "Feature", "properties": { "hex_id": "88608b190dfffff" }, "geometry": { "type": "Polygon", "coordinates": [ [ [ 72.952359371515499, 19.019452124726939 ], [ 72.952365694647497, 19.024202204022934 ], [ 72.948316730235177, 19.026350496178161 ], [ 72.944261746831131, 19.023748848501793 ], [ 72.944255558353248, 19.018999028317793 ], [ 72.948304218633055, 19.01685059669871 ], [ 72.952359371515499, 19.019452124726939 ] ] ] } },
{ "type": "Feature", "properties": { "hex_id": "88608b55d3fffff" }, "geometry": { "type": "Polygon", "coordinates": [ [ [ 72.903899701712135, 19.144898953364368 ], [ 72.903905222325065, 19.149644377224512 ], [ 72.899856885287164, 19.151785935274408 ], [ 72.895803332210363, 19.149182209806675 ], [ 72.895797946184814, 19.144437044895664 ], [ 72.899845978656487, 19.142295346503801 ], [ 72.903899701712135, 19.144898953364368 ] ] ] } },
{ "type": "Feature", "properties": { "hex_id": "88608b4747fffff" }, "geometry": { "type": "Polygon", "coordinates": [ [ [ 72.899922340257476, 19.208719733352133 ], [ 72.89992779601377, 19.213463461280522 ], [ 72.895878755316687, 19.215602348197802 ], [ 72.891824563586624, 19.212997647841622 ], [ 72.891819242462461, 19.208254178631286 ], [ 72.895867978444045, 19.20611515105962 ], [ 72.899922340257476, 19.208719733352133 ] ] ] } },
{ "type": "Feature", "properties": { "hex_id": "88608b5443fffff" }, "geometry": { "type": "Polygon", "coordinates": [ [ [ 72.952473219964531, 19.104936040170831 ], [ 72.952479546870393, 19.109684055762347 ], [ 72.948429371984943, 19.111828985488927 ], [ 72.944373174514553, 19.109226039476866 ], [ 72.944366982343354, 19.104478282654593 ], [ 72.948416852915699, 19.102333213075674 ], [ 72.952473219964531, 19.104936040170831 ] ] ] } },
{ "type": "Feature", "properties": { "hex_id": "88608b4427fffff" }, "geometry": { "type": "Polygon", "coordinates": [ [ [ 72.831108653675784, 19.240311451418215 ], [ 72.831112967130053, 19.245052104572519 ], [ 72.827066892149674, 19.247187191920339 ], [ 72.823016808741144, 19.244581767347096 ], [ 72.823012629685948, 19.239841373261768 ], [ 72.827058399648067, 19.237706144681319 ], [ 72.831108653675784, 19.240311451418215 ] ] ] } },
{ "type": "Feature", "properties": { "hex_id": "88608b0945fffff" }, "geometry": { "type": "Polygon", "coordinates": [ [ [ 72.851220428034793, 19.106309406472281 ], [ 72.851225073234986, 19.111054010718966 ], [ 72.847179890336776, 19.113195146907891 ], [ 72.84313036691114, 19.110591819352518 ], [ 72.843125856061263, 19.105847474579146 ], [ 72.847170734294551, 19.103706197888467 ], [ 72.851220428034793, 19.106309406472281 ] ] ] } },
{ "type": "Feature", "properties": { "hex_id": "88608b1883fffff" }, "geometry": { "type": "Polygon", "coordinates": [ [ [ 72.851081143552705, 18.963918068039874 ], [ 72.851085784139556, 18.968666096407855 ], [ 72.847042613371144, 18.970812841229129 ], [ 72.842995106387136, 18.968211697535271 ], [ 72.842990600016932, 18.963463929211184 ], [ 72.847033466421919, 18.961317044537751 ], [ 72.851081143552705, 18.963918068039874 ] ] ] } },
{ "type": "Feature", "properties": { "hex_id": "88608b4297fffff" }, "geometry": { "type": "Polygon", "coordinates": [ [ [ 72.920192929605662, 19.216998807143288 ], [ 72.920198722367317, 19.221743006802296 ], [ 72.916148561721258, 19.22388231612803 ], [ 72.912092912984363, 19.221277566357905 ], [ 72.912087254939806, 19.216533625241357 ], [ 72.916137110922875, 19.214394175352975 ], [ 72.920192929605662, 19.216998807143288 ] ] ] } },
{ "type": "Feature", "properties": { "hex_id": "88608b56d9fffff" }, "geometry": { "type": "Polygon", "coordinates": [ [ [ 72.915925408034667, 19.038780018483834 ], [ 72.915931126321553, 19.043528417627126 ], [ 72.911883690201478, 19.045674605752541 ], [ 72.907830840102022, 19.043072534518998 ], [ 72.907825256348843, 19.038324394666859 ], [ 72.911872388169215, 19.036178066757685 ], [ 72.915925408034667, 19.038780018483834 ] ] ] } },
{ "type": "Feature", "properties": { "hex_id": "88608b1989fffff" }, "geometry": { "type": "Polygon", "coordinates": [ [ [ 72.891595914422666, 19.008924117927499 ], [ 72.891601228145845, 19.013672423318354 ], [ 72.8875554164363, 19.015818889934625 ], [ 72.883504595331672, 19.013217190962422 ], [ 72.88349941602165, 19.00846914515261 ], [ 72.887544923410928, 19.006322538734604 ], [ 72.891595914422666, 19.008924117927499 ] ] ] } },
{ "type": "Feature", "properties": { "hex_id": "88608b096dfffff" }, "geometry": { "type": "Polygon", "coordinates": [ [ [ 72.859330289549504, 19.121005281877618 ], [ 72.859335069606487, 19.125749800051569 ], [ 72.855289277373075, 19.12789065521428 ], [ 72.851239009759027, 19.125287132720537 ], [ 72.85123436409711, 19.120542873903968 ], [ 72.855279851662019, 19.118401878224351 ], [ 72.859330289549504, 19.121005281877618 ] ] ] } },
{ "type": "Feature", "properties": { "hex_id": "88608b4633fffff" }, "geometry": { "type": "Polygon", "coordinates": [ [ [ 72.835097897752817, 19.176534412029319 ], [ 72.835102276459097, 19.181276765222901 ], [ 72.831056903372314, 19.183414527945228 ], [ 72.827007456456101, 19.18081007839583 ], [ 72.827003212104358, 19.176067984503639 ], [ 72.831048280322108, 19.17393008086006 ], [ 72.835097897752817, 19.176534412029319 ] ] ] } },
{ "type": "Feature", "properties": { "hex_id": "88608b032dfffff" }, "geometry": { "type": "Polygon", "coordinates": [ [ [ 72.842963564928837, 18.934974944798306 ], [ 72.842968070403899, 18.939723391236026 ], [ 72.838925709403199, 18.941870975443642 ], [ 72.834879147264985, 18.939270252984461 ], [ 72.834874775948578, 18.934522066762145 ], [ 72.83891683261956, 18.932374342784318 ], [ 72.842963564928837, 18.934974944798306 ] ] ] } },
{ "type": "Feature", "properties": { "hex_id": "88608b55c5fffff" }, "geometry": { "type": "Polygon", "coordinates": [ [ [ 72.936334396059138, 19.160982581370725 ], [ 72.936340455937142, 19.165728693035661 ], [ 72.932290287821672, 19.167870814455288 ], [ 72.928234364324098, 19.165266964418866 ], [ 72.928228439172031, 19.160521111410588 ], [ 72.932278302799389, 19.158378849782629 ], [ 72.936334396059138, 19.160982581370725 ] ] ] } },
{ "type": "Feature", "properties": { "hex_id": "88608b4739fffff" }, "geometry": { "type": "Polygon", "coordinates": [ [ [ 72.875631053982673, 19.221550662736643 ], [ 72.875636106439003, 19.226293264902079 ], [ 72.871588087792745, 19.228430744631904 ], [ 72.867535321524301, 19.225825763063057 ], [ 72.867530403619483, 19.221083419733084 ], [ 72.871578117439427, 19.218945799137074 ], [ 72.875631053982673, 19.221550662736643 ] ] ] } },
{ "type": "Feature", "properties": { "hex_id": "88608b5435fffff" }, "geometry": { "type": "Polygon", "coordinates": [ [ [ 72.932254335138779, 19.139393531054765 ], [ 72.932260326755951, 19.144140034257269 ], [ 72.928210664894365, 19.146282857569489 ], [ 72.924155315879858, 19.143679317816598 ], [ 72.924149458952812, 19.138933073386617 ], [ 72.928198816357948, 19.136790109937547 ], [ 72.932254335138779, 19.139393531054765 ] ] ] } },
{ "type": "Feature", "properties": { "hex_id": "88608b4419fffff" }, "geometry": { "type": "Polygon", "coordinates": [ [ [ 72.814881161297592, 19.196704534511053 ], [ 72.814885204779145, 19.201445717279089 ], [ 72.810840551132316, 19.203581932890433 ], [ 72.806792158992295, 19.200977106874479 ], [ 72.806788249806843, 19.196236183466421 ], [ 72.810832598473169, 19.194099826714968 ], [ 72.814881161297592, 19.196704534511053 ] ] ] } },
{ "type": "Feature", "properties": { "hex_id": "88608b56b1fffff" }, "geometry": { "type": "Polygon", "coordinates": [ [ [ 72.899775103176239, 19.080595273886512 ], [ 72.899780554052256, 19.085342123649845 ], [ 72.895733327799476, 19.087486067848243 ], [ 72.891680955122538, 19.084883302360783 ], [ 72.891675638757917, 19.080136711834502 ], [ 72.895722560566668, 19.077992627559269 ], [ 72.899775103176239, 19.080595273886512 ] ] ] } },
{ "type": "Feature", "properties": { "hex_id": "88608b56cbfffff" }, "geometry": { "type": "Polygon", "coordinates": [ [ [ 72.928086294429932, 19.046586026380396 ], [ 72.928092214870276, 19.051334642804104 ], [ 72.924044067456904, 19.053480972021422 ], [ 72.919990303885157, 19.050878824557678 ], [ 72.919984518032095, 19.046130467308526 ], [ 72.924032361171285, 19.043983998349109 ], [ 72.928086294429932, 19.046586026380396 ] ] ] } },
{ "type": "Feature", "properties": { "hex_id": "88608b553bfffff" }, "geometry": { "type": "Polygon", "coordinates": [ [ [ 72.952568145582077, 19.176144147102555 ], [ 72.95257447563543, 19.180890427835962 ], [ 72.948523291469385, 19.183032550354131 ], [ 72.944466081721558, 19.180428532312721 ], [ 72.944459886470113, 19.175682510060607 ], [ 72.948510766172376, 19.173540247369115 ], [ 72.952568145582077, 19.176144147102555 ] ] ] } },
{ "type": "Feature", "properties": { "hex_id": "88608b54b1fffff" }, "geometry": { "type": "Polygon", "coordinates": [ [ [ 72.87148343203846, 19.128815644170242 ], [ 72.871488413994399, 19.13356037827824 ], [ 72.867441909199115, 19.13570137387898 ], [ 72.863390727099215, 19.133097775847464 ], [ 72.863385879592045, 19.12835330098039 ], [ 72.867432079743836, 19.126212164904526 ], [ 72.87148343203846, 19.128815644170242 ] ] ] } },
{ "type": "Feature", "properties": { "hex_id": "88608b4625fffff" }, "geometry": { "type": "Polygon", "coordinates": [ [ [ 72.867500899613432, 19.192626914977424 ], [ 72.867505816540316, 19.197369956511213 ], [ 72.863458609069056, 19.199508280869544 ], [ 72.859406789471407, 19.196903704482693 ], [ 72.859402007037872, 19.192160921958926 ], [ 72.863448909716467, 19.190022456812571 ], [ 72.867500899613432, 19.192626914977424 ] ] ] } },
{ "type": "Feature", "properties": { "hex_id": "88608b0a65fffff" }, "geometry": { "type": "Polygon", "coordinates": [ [ [ 72.855190338547786, 19.028235586599429 ], [ 72.855195048359946, 19.03298221078207 ], [ 72.851150768494108, 19.035126574297681 ], [ 72.847102083309707, 19.032524453752391 ], [ 72.847097507790011, 19.027778089328727 ], [ 72.851141483170096, 19.025633585691978 ], [ 72.855190338547786, 19.028235586599429 ] ] ] } },
{ "type": "Feature", "properties": { "hex_id": "88608b55b7fffff" }, "geometry": { "type": "Polygon", "coordinates": [ [ [ 72.895846426842226, 19.187139360777607 ], [ 72.895851814474781, 19.191883482696912 ], [ 72.891803280148252, 19.194023072873151 ], [ 72.88774966288068, 19.19141868171403 ], [ 72.887744409844473, 19.186674818629051 ], [ 72.891792639487306, 19.184535087869406 ], [ 72.895846426842226, 19.187139360777607 ] ] ] } },
{ "type": "Feature", "properties": { "hex_id": "88608b472bfffff" }, "geometry": { "type": "Polygon", "coordinates": [ [ [ 72.887791693439794, 19.229365399073583 ], [ 72.887796948043487, 19.234108214417486 ], [ 72.883748216583314, 19.236245834727605 ], [ 72.879694535328412, 19.233640780518314 ], [ 72.879689415329963, 19.228898223893076 ], [ 72.883737841989003, 19.226760462759017 ], [ 72.887791693439794, 19.229365399073583 ] ] ] } },
{ "type": "Feature", "properties": { "hex_id": "88608b0b6bfffff" }, "geometry": { "type": "Polygon", "coordinates": [ [ [ 72.875464416828009, 19.064979776871716 ], [ 72.875469463762016, 19.069726192705286 ], [ 72.871423661441312, 19.071869855497926 ], [ 72.867373116688839, 19.069267242617745 ], [ 72.867368204158993, 19.064521086254157 ], [ 72.87141370198529, 19.062377283301402 ], [ 72.875464416828009, 19.064979776871716 ] ] ] } },
{ "type": "Feature", "properties": { "hex_id": "88608b5427fffff" }, "geometry": { "type": "Polygon", "coordinates": [ [ [ 72.944422719274925, 19.147203941325646 ], [ 72.94442891329399, 19.151950659051067 ], [ 72.940378539890148, 19.154093623597678 ], [ 72.936322276905827, 19.151490010514141 ], [ 72.93631621763052, 19.146743551444281 ], [ 72.940366286603592, 19.144600446802919 ], [ 72.944422719274925, 19.147203941325646 ] ] ] } },
{ "type": "Feature", "properties": { "hex_id": "88608b440bfffff" }, "geometry": { "type": "Polygon", "coordinates": [ [ [ 72.827028680324418, 19.204518807591814 ], [ 72.827032925520044, 19.2092602049532 ], [ 72.822987558262668, 19.211396560481965 ], [ 72.818938250773456, 19.208791659748162 ], [ 72.818934139927748, 19.204050521630446 ], [ 72.822979202229163, 19.20191402500345 ], [ 72.827028680324418, 19.204518807591814 ] ] ] } },
{ "type": "Feature", "properties": { "hex_id": "88608b0105fffff" }, "geometry": { "type": "Polygon", "coordinates": [ [ [ 72.80660076108687, 18.968536444944913 ], [ 72.806604664063244, 18.973282872604219 ], [ 72.80256363614383, 18.975427796750971 ], [ 72.798519009779724, 18.972826433394349 ], [ 72.798515240854456, 18.968080266071382 ], [ 72.802555964250018, 18.965935201769405 ], [ 72.80660076108687, 18.968536444944913 ] ] ] } },
{ "type": "Feature", "properties": { "hex_id": "88608b19ebfffff" }, "geometry": { "type": "Polygon", "coordinates": [ [ [ 72.903750714300187, 19.016729010874538 ], [ 72.903756229975826, 19.021477534616309 ], [ 72.899709706750187, 19.023624142069608 ], [ 72.895657972151753, 19.02102236554207 ], [ 72.895652590942888, 19.016274101264973 ], [ 72.899698809873499, 19.014127354051343 ], [ 72.903750714300187, 19.016729010874538 ] ] ] } },
{ "type": "Feature", "properties": { "hex_id": "88608b541bfffff" }, "geometry": { "type": "Polygon", "coordinates": [ [ [ 72.920053960925713, 19.10310318904515 ], [ 72.920059749080266, 19.107850169206774 ], [ 72.916011202238792, 19.109993974211019 ], [ 72.911957171672327, 19.107390939104402 ], [ 72.911951518127481, 19.10264421794718 ], [ 72.915999760547194, 19.100500272892742 ], [ 72.920053960925713, 19.10310318904515 ] ] ] } },
{ "type": "Feature", "properties": { "hex_id": "88608b56bdfffff" }, "geometry": { "type": "Polygon", "coordinates": [ [ [ 72.907875516788991, 19.081053533357473 ], [ 72.907881102207682, 19.085800642299219 ], [ 72.903833468626885, 19.087944867431396 ], [ 72.899780554052256, 19.085342123649845 ], [ 72.899775103176239, 19.080595273886512 ], [ 72.903822432339965, 19.078450908726893 ], [ 72.907875516788991, 19.081053533357473 ] ] ] } },
{ "type": "Feature", "properties": { "hex_id": "88608b46a1fffff" }, "geometry": { "type": "Polygon", "coordinates": [ [ [ 72.806776523027537, 19.182012716880116 ], [ 72.806780431824478, 19.186753988408579 ], [ 72.802736388136765, 19.188890486292827 ], [ 72.798688740636621, 19.186285853774663 ], [ 72.798684966091059, 19.18154484172241 ], [ 72.802728704802107, 19.179408202712732 ], [ 72.806776523027537, 19.182012716880116 ] ] ] } },
{ "type": "Feature", "properties": { "hex_id": "88608b55abfffff" }, "geometry": { "type": "Polygon", "coordinates": [ [ [ 72.916097039107655, 19.181182015645948 ], [ 72.916102763083316, 19.185926958641076 ], [ 72.912053310611654, 19.188067533443903 ], [ 72.907998438773291, 19.185463305680088 ], [ 72.907992849465487, 19.180718621401713 ], [ 72.912041997336004, 19.178577906170954 ], [ 72.916097039107655, 19.181182015645948 ] ] ] } },
{ "type": "Feature", "properties": { "hex_id": "88608b5633fffff" }, "geometry": { "type": "Polygon", "coordinates": [ [ [ 72.948391817267122, 19.083340287185422 ], [ 72.948398075868042, 19.088088691138349 ], [ 72.944348407061383, 19.090234321530154 ], [ 72.940292783943178, 19.087631687749891 ], [ 72.94028666004121, 19.082883542681596 ], [ 72.944336024566283, 19.080737772509487 ], [ 72.948391817267122, 19.083340287185422 ] ] ] } },
{ "type": "Feature", "properties": { "hex_id": "88608b54a3fffff" }, "geometry": { "type": "Polygon", "coordinates": [ [ [ 72.883639317638853, 19.136626232328837 ], [ 72.883644501584314, 19.141371182015909 ], [ 72.879597284372778, 19.143512318185579 ], [ 72.875545187842008, 19.140908645102023 ], [ 72.875540138398975, 19.136163954539317 ], [ 72.8795870509921, 19.134022677936361 ], [ 72.883639317638853, 19.136626232328837 ] ] ] } },
{ "type": "Feature", "properties": { "hex_id": "88608b4617fffff" }, "geometry": { "type": "Polygon", "coordinates": [ [ [ 72.835084762504394, 19.162306657319572 ], [ 72.835089140775466, 19.167049358016893 ], [ 72.831043969011276, 19.169187683504155 ], [ 72.826994723822693, 19.166583449151965 ], [ 72.826990479892771, 19.16184100781393 ], [ 72.831035346818155, 19.159702541469425 ], [ 72.835084762504394, 19.162306657319572 ] ] ] } },
{ "type": "Feature", "properties": { "hex_id": "88608b0a57fffff" }, "geometry": { "type": "Polygon", "coordinates": [ [ [ 72.822799681347959, 18.997927892044459 ], [ 72.822803853349257, 19.002674159620391 ], [ 72.818761607315238, 19.004818523065001 ], [ 72.814715493819236, 19.002216759122017 ], [ 72.814711455958403, 18.997470751652376 ], [ 72.818753397460924, 18.995326248020088 ], [ 72.822799681347959, 18.997927892044459 ] ] ] } },
{ "type": "Feature", "properties": { "hex_id": "88608b0311fffff" }, "geometry": { "type": "Polygon", "coordinates": [ [ [ 72.810590295243472, 18.904674838283036 ], [ 72.810594263483537, 18.909422918968108 ], [ 72.806553935445876, 18.911570502585704 ], [ 72.80250994355103, 18.908970145354107 ], [ 72.802506109317775, 18.904222325230524 ], [ 72.806546132980358, 18.90207460177777 ], [ 72.810590295243472, 18.904674838283036 ] ] ] } },
{ "type": "Feature", "properties": { "hex_id": "88608b471dfffff" }, "geometry": { "type": "Polygon", "coordinates": [ [ [ 72.875615897618488, 19.207322157252481 ], [ 72.875620949572422, 19.212065108851132 ], [ 72.871573132510647, 19.214203151611706 ], [ 72.867520568298858, 19.211598383576636 ], [ 72.867515650883021, 19.206855690871567 ], [ 72.871563163148707, 19.204717507308516 ], [ 72.875615897618488, 19.207322157252481 ] ] ] } },
{ "type": "Feature", "properties": { "hex_id": "88608b55a9fffff" }, "geometry": { "type": "Polygon", "coordinates": [ [ [ 72.924202178286748, 19.181645105801593 ], [ 72.924208036961602, 19.186390307454747 ], [ 72.920158177068927, 19.188531163684985 ], [ 72.916102763083316, 19.185926958641076 ], [ 72.916097039107655, 19.181182015645948 ], [ 72.920146594426242, 19.179041019037243 ], [ 72.924202178286748, 19.181645105801593 ] ] ] } },
{ "type": "Feature", "properties": { "hex_id": "88608b19e9fffff" }, "geometry": { "type": "Polygon", "coordinates": [ [ [ 72.911849786351468, 19.017183618626376 ], [ 72.911855436525073, 19.021932401774123 ], [ 72.907808506199316, 19.024079289913296 ], [ 72.903756229975826, 19.021477534616309 ], [ 72.903750714300187, 19.016729010874538 ], [ 72.907797340357902, 19.014581983024399 ], [ 72.911849786351468, 19.017183618626376 ] ] ] } },
{ "type": "Feature", "properties": { "hex_id": "88608b5419fffff" }, "geometry": { "type": "Polygon", "coordinates": [ [ [ 72.928157352666148, 19.103561856954137 ], [ 72.928163275461671, 19.108309096061411 ], [ 72.924114321467471, 19.110453182187058 ], [ 72.920059749080266, 19.107850169206774 ], [ 72.920053960925713, 19.10310318904515 ], [ 72.92410261052521, 19.100958962918742 ], [ 72.928157352666148, 19.103561856954137 ] ] ] } },
{ "type": "Feature", "properties": { "hex_id": "88608b0b5dfffff" }, "geometry": { "type": "Polygon", "coordinates": [ [ [ 72.863298651920559, 19.042933091931697 ], [ 72.863303496537839, 19.04767963331614 ], [ 72.859258607695239, 19.049823716565957 ], [ 72.855209178732423, 19.047221398568762 ], [ 72.855204468452257, 19.042475116827767 ], [ 72.859249052805595, 19.040330893441158 ], [ 72.863298651920559, 19.042933091931697 ] ] ] } },
{ "type": "Feature", "properties": { "hex_id": "88608b4503fffff" }, "geometry": { "type": "Polygon", "coordinates": [ [ [ 72.851373800940792, 19.262820251295331 ], [ 72.851378451223624, 19.267561025727741 ], [ 72.847331052668295, 19.269695970753741 ], [ 72.843279308835093, 19.267090282552495 ], [ 72.843274793049886, 19.262349766955811 ], [ 72.8473218866081, 19.260214680725234 ], [ 72.851373800940792, 19.262820251295331 ] ] ] } },
{ "type": "Feature", "properties": { "hex_id": "88608b0a59fffff" }, "geometry": { "type": "Polygon", "coordinates": [ [ [ 72.830875939233337, 18.984144467884708 ], [ 72.830880244978701, 18.98889133613099 ], [ 72.826837792000518, 18.991036540254107 ], [ 72.822791337759753, 18.988435016204875 ], [ 72.82278716617283, 18.983688408063397 ], [ 72.826829314676075, 18.981543063867019 ], [ 72.830875939233337, 18.984144467884708 ] ] ] } },
{ "type": "Feature", "properties": { "hex_id": "88608b0943fffff" }, "geometry": { "type": "Polygon", "coordinates": [ [ [ 72.839072261239735, 19.098499857270752 ], [ 72.839076704705377, 19.103244244752062 ], [ 72.835032234564011, 19.105385240717077 ], [ 72.830983625654554, 19.102781989744759 ], [ 72.830979316485568, 19.09803786185299 ], [ 72.835023481937213, 19.095896725344616 ], [ 72.839072261239735, 19.098499857270752 ] ] ] } },
{ "type": "Feature", "properties": { "hex_id": "88608b5495fffff" }, "geometry": { "type": "Polygon", "coordinates": [ [ [ 72.871468487161124, 19.114580750028718 ], [ 72.871473468621843, 19.119325829984611 ], [ 72.867427165260452, 19.121467387431647 ], [ 72.863376185059522, 19.11886400533416 ], [ 72.86337133803417, 19.114119184676749 ], [ 72.867417336782211, 19.111977486818954 ], [ 72.871468487161124, 19.114580750028718 ] ] ] } },
{ "type": "Feature", "properties": { "hex_id": "88608b4609fffff" }, "geometry": { "type": "Polygon", "coordinates": [ [ [ 72.863414967044676, 19.156818418188362 ], [ 72.863419815515726, 19.161562199831835 ], [ 72.859373315764728, 19.163701790097925 ], [ 72.855322272281086, 19.161097739373904 ], [ 72.855317558254242, 19.156354216914384 ], [ 72.85936375327465, 19.154214485995524 ], [ 72.863414967044676, 19.156818418188362 ] ] ] } },
{ "type": "Feature", "properties": { "hex_id": "88608b4619fffff" }, "geometry": { "type": "Polygon", "coordinates": [ [ [ 72.843166459090355, 19.148542430148282 ], [ 72.843170971285417, 19.15328573716133 ], [ 72.839125592543979, 19.155424906138148 ], [ 72.835076006397429, 19.152820908846465 ], [ 72.835071628561508, 19.14807786119222 ], [ 72.83911670252084, 19.14593855147146 ], [ 72.843166459090355, 19.148542430148282 ] ] ] } },
{ "type": "Feature", "properties": { "hex_id": "88608b54a5fffff" }, "geometry": { "type": "Polygon", "coordinates": [ [ [ 72.895797946184814, 19.144437044895664 ], [ 72.895803332210363, 19.149182209806675 ], [ 72.891755402728563, 19.151323486676251 ], [ 72.887702391822216, 19.148719739026728 ], [ 72.887697140352756, 19.143974833123387 ], [ 72.89174476524137, 19.141833415862468 ], [ 72.895797946184814, 19.144437044895664 ] ] ] } },
{ "type": "Feature", "properties": { "hex_id": "88608b0303fffff" }, "geometry": { "type": "Polygon", "coordinates": [ [ [ 72.822724608938614, 18.912475712208821 ], [ 72.822728778454561, 18.917224014926379 ], [ 72.81868773819221, 18.919371738540633 ], [ 72.814642832772364, 18.916771299232522 ], [ 72.814638797316817, 18.91202325696085 ], [ 72.818679533228533, 18.909875393552117 ], [ 72.822724608938614, 18.912475712208821 ] ] ] } },
{ "type": "Feature", "properties": { "hex_id": "88608b0a49fffff" }, "geometry": { "type": "Polygon", "coordinates": [ [ [ 72.851108989379, 18.992404538246291 ], [ 72.851113630887994, 18.997151886185748 ], [ 72.847070057853756, 18.999297510794168 ], [ 72.84302214774209, 18.996695927446687 ], [ 72.843017640476489, 18.991948839437686 ], [ 72.84706090908702, 18.989803074846375 ], [ 72.851108989379, 18.992404538246291 ] ] ] } },
{ "type": "Feature", "properties": { "hex_id": "88608b5635fffff" }, "geometry": { "type": "Polygon", "coordinates": [ [ [ 72.960561022166587, 19.091147980154879 ], [ 72.960567483195746, 19.095896599839239 ], [ 72.956517103371681, 19.098042371662647 ], [ 72.952460566781994, 19.095439663540578 ], [ 72.952454240505332, 19.090691302623949 ], [ 72.956504316073662, 19.08854539106218 ], [ 72.960561022166587, 19.091147980154879 ] ] ] } },
{ "type": "Feature", "properties": { "hex_id": "88608b559bfffff" }, "geometry": { "type": "Polygon", "coordinates": [ [ [ 72.891755402728563, 19.151323486676251 ], [ 72.891760721736588, 19.156068348615435 ], [ 72.887712895283315, 19.158209203896369 ], [ 72.883660054451525, 19.155605337686755 ], [ 72.883654869990636, 19.150860734755717 ], [ 72.887702391822216, 19.148719739026728 ], [ 72.891755402728563, 19.151323486676251 ] ] ] } },
{ "type": "Feature", "properties": { "hex_id": "88608b540bfffff" }, "geometry": { "type": "Polygon", "coordinates": [ [ [ 72.940323406498266, 19.111370687963703 ], [ 72.940329531618389, 19.116118142553827 ], [ 72.936279866196855, 19.118262369881542 ], [ 72.932224380032068, 19.115659282578502 ], [ 72.932218389606504, 19.110912086817201 ], [ 72.936267750658985, 19.108767719530661 ], [ 72.940323406498266, 19.111370687963703 ] ] ] } },
{ "type": "Feature", "properties": { "hex_id": "88608b56a1fffff" }, "geometry": { "type": "Polygon", "coordinates": [ [ [ 72.920036597613063, 19.088861558246816 ], [ 72.920042385192119, 19.093608883504178 ], [ 72.915994039985804, 19.095753249623833 ], [ 72.911940211599884, 19.093150430472374 ], [ 72.911934558617105, 19.08840336427674 ], [ 72.9159825994318, 19.086258858171419 ], [ 72.920036597613063, 19.088861558246816 ] ] ] } },
{ "type": "Feature", "properties": { "hex_id": "88608b5511fffff" }, "geometry": { "type": "Polygon", "coordinates": [ [ [ 72.952549156681414, 19.161904608643638 ], [ 72.952555486105069, 19.166651237445503 ], [ 72.94850450383538, 19.168793921780718 ], [ 72.94444749658345, 19.166190117423906 ], [ 72.94444130194826, 19.161443747161098 ], [ 72.948491979784308, 19.159300922716561 ], [ 72.952549156681414, 19.161904608643638 ] ] ] } },
{ "type": "Feature", "properties": { "hex_id": "88608b4685fffff" }, "geometry": { "type": "Polygon", "coordinates": [ [ [ 72.806764797413635, 19.167788207024891 ], [ 72.806768705822122, 19.172529826127583 ], [ 72.802724863325665, 19.174666887074171 ], [ 72.798677417375004, 19.172062469980162 ], [ 72.798673643204495, 19.167321110411578 ], [ 72.802717180754499, 19.16518390840352 ], [ 72.806764797413635, 19.167788207024891 ] ] ] } },
{ "type": "Feature", "properties": { "hex_id": "88608b0935fffff" }, "geometry": { "type": "Polygon", "coordinates": [ [ [ 72.818872493582603, 19.132919537354116 ], [ 72.818876602385998, 19.137662412410332 ], [ 72.814832649965979, 19.139801301281874 ], [ 72.810784893581825, 19.137197455925168 ], [ 72.810780919030108, 19.132454840460269 ], [ 72.814824566618725, 19.13031581076137 ], [ 72.818872493582603, 19.132919537354116 ] ] ] } },
{ "type": "Feature", "properties": { "hex_id": "88608b5617fffff" }, "geometry": { "type": "Polygon", "coordinates": [ [ [ 72.948373042709107, 19.069094386259849 ], [ 72.948379300687677, 19.073843134685077 ], [ 72.944329833626554, 19.075989325700952 ], [ 72.940274412846151, 19.073386908007802 ], [ 72.940268289553089, 19.068638418524419 ], [ 72.944317452362739, 19.066492087792902 ], [ 72.948373042709107, 19.069094386259849 ] ] ] } },
{ "type": "Feature", "properties": { "hex_id": "88608b5487fffff" }, "geometry": { "type": "Polygon", "coordinates": [ [ [ 72.88362376683321, 19.122390690729379 ], [ 72.883628950263301, 19.127135986624694 ], [ 72.879581934556114, 19.129277684645967 ], [ 72.87553004001488, 19.126674227141514 ], [ 72.875524991073803, 19.121929190428162 ], [ 72.879571702192749, 19.119787352037907 ], [ 72.88362376683321, 19.122390690729379 ] ] ] } },
{ "type": "Feature", "properties": { "hex_id": "88608b446bfffff" }, "geometry": { "type": "Polygon", "coordinates": [ [ [ 72.847276065420161, 19.212801221126 ], [ 72.847280646855609, 19.217543091794905 ], [ 72.843234157717532, 19.219679868566899 ], [ 72.839183392056569, 19.217074915677518 ], [ 72.839178945056162, 19.21233330407749 ], [ 72.84322512928955, 19.210196386298566 ], [ 72.847276065420161, 19.212801221126 ] ] ] } },
{ "type": "Feature", "properties": { "hex_id": "88608b42dbfffff" }, "geometry": { "type": "Polygon", "coordinates": [ [ [ 72.936370758341241, 19.189457511291423 ], [ 72.936376819424936, 19.194202926502768 ], [ 72.932326247657329, 19.196343923863999 ], [ 72.928269919362251, 19.19373964635059 ], [ 72.928263993031351, 19.188994489680269 ], [ 72.932314260250564, 19.186853351982826 ], [ 72.936370758341241, 19.189457511291423 ] ] ] } },
{ "type": "Feature", "properties": { "hex_id": "88608b0165fffff" }, "geometry": { "type": "Polygon", "coordinates": [ [ [ 72.826825076224353, 18.976796155575048 ], [ 72.826829314676075, 18.981543063867019 ], [ 72.82278716617283, 18.983688408063397 ], [ 72.81874108369874, 18.981086984033567 ], [ 72.818736979383104, 18.976340335903888 ], [ 72.822778823413302, 18.974194851642437 ], [ 72.826825076224353, 18.976796155575048 ] ] ] } },
{ "type": "Feature", "properties": { "hex_id": "88608b558dfffff" }, "geometry": { "type": "Polygon", "coordinates": [ [ [ 72.924184603427634, 19.16740880444021 ], [ 72.924190461519771, 19.172154354233477 ], [ 72.920140803392911, 19.174295772581729 ], [ 72.916085591725576, 19.171691781451802 ], [ 72.916079868319159, 19.166946490374396 ], [ 72.920129221902158, 19.164804931711618 ], [ 72.924184603427634, 19.16740880444021 ] ] ] } },
{ "type": "Feature", "properties": { "hex_id": "88608b4701fffff" }, "geometry": { "type": "Polygon", "coordinates": [ [ [ 72.887775930673897, 19.215136253333316 ], [ 72.887781184755028, 19.219879418470807 ], [ 72.88373265494981, 19.222017601816599 ], [ 72.879679175842256, 19.219412760785772 ], [ 72.879674056352954, 19.214669854425097 ], [ 72.883722281387222, 19.212531530318977 ], [ 72.887775930673897, 19.215136253333316 ] ] ] } },
{ "type": "Feature", "properties": { "hex_id": "88608b0b41fffff" }, "geometry": { "type": "Polygon", "coordinates": [ [ [ 72.875449277029176, 19.050739842432439 ], [ 72.875454323461597, 19.055486601674271 ], [ 72.871408722504711, 19.057630825437034 ], [ 72.867358379587472, 19.055028430053941 ], [ 72.867353467545826, 19.050281930339299 ], [ 72.871398764038446, 19.048137566481184 ], [ 72.875449277029176, 19.050739842432439 ] ] ] } },
{ "type": "Feature", "properties": { "hex_id": "88608b19cdfffff" }, "geometry": { "type": "Polygon", "coordinates": [ [ [ 72.911832836953835, 19.002936585579459 ], [ 72.911838486565856, 19.007685710467893 ], [ 72.907791757714662, 19.009833158647382 ], [ 72.90373968349715, 19.00723162158484 ], [ 72.903734168369724, 19.002482756159235 ], [ 72.907780592983002, 19.000335168333905 ], [ 72.911832836953835, 19.002936585579459 ] ] ] } },
{ "type": "Feature", "properties": { "hex_id": "88608b5693fffff" }, "geometry": { "type": "Polygon", "coordinates": [ [ [ 72.887602643654972, 19.058546824345765 ], [ 72.887607891993028, 19.063293801090257 ], [ 72.883561579067475, 19.065438165496193 ], [ 72.879510322250852, 19.062835693212065 ], [ 72.879505208357187, 19.058088975878356 ], [ 72.883551216843586, 19.055944471418616 ], [ 72.887602643654972, 19.058546824345765 ] ] ] } },
{ "type": "Feature", "properties": { "hex_id": "88608b5503fffff" }, "geometry": { "type": "Polygon", "coordinates": [ [ [ 72.964722515096256, 19.169715811245563 ], [ 72.964729047086109, 19.174462653736608 ], [ 72.960677353473642, 19.176605479522017 ], [ 72.956619432286857, 19.174001602883937 ], [ 72.956613035139057, 19.169255018814781 ], [ 72.96066442434379, 19.167112052962306 ], [ 72.964722515096256, 19.169715811245563 ] ] ] } },
{ "type": "Feature", "properties": { "hex_id": "88608b0927fffff" }, "geometry": { "type": "Polygon", "coordinates": [ [ [ 72.831018104145684, 19.140730869809403 ], [ 72.831022414599587, 19.145473961021306 ], [ 72.826977748946604, 19.147612989880059 ], [ 72.822929077654337, 19.145009068313236 ], [ 72.822924901505843, 19.140266236576441 ], [ 72.826969262352051, 19.138127066932004 ], [ 72.831018104145684, 19.140730869809403 ] ] ] } },
{ "type": "Feature", "properties": { "hex_id": "88608b445dfffff" }, "geometry": { "type": "Polygon", "coordinates": [ [ [ 72.835111034306948, 19.190761123681284 ], [ 72.83511541344852, 19.195503128824601 ], [ 72.831069839019079, 19.197640328595682 ], [ 72.827020190355171, 19.1950356642092 ], [ 72.827015945581508, 19.190293918309322 ], [ 72.831061215111717, 19.188156577553066 ], [ 72.835111034306948, 19.190761123681284 ] ] ] } },
{ "type": "Feature", "properties": { "hex_id": "88608b0a2dfffff" }, "geometry": { "type": "Polygon", "coordinates": [ [ [ 72.843058211240802, 19.034668536797579 ], [ 72.843062719849982, 19.03941460021047 ], [ 72.839018951130754, 19.041558262597132 ], [ 72.834970978350853, 19.038956001799026 ], [ 72.83496660399382, 19.034210198204175 ], [ 72.839010068172371, 19.032066395590078 ], [ 72.843058211240802, 19.034668536797579 ] ] ] } },
{ "type": "Feature", "properties": { "hex_id": "88608b18b9fffff" }, "geometry": { "type": "Polygon", "coordinates": [ [ [ 72.847042613371144, 18.970812841229129 ], [ 72.847047187072931, 18.975560569695848 ], [ 72.84300411957517, 18.977706894423264 ], [ 72.838956782775256, 18.975105630594133 ], [ 72.838952343281164, 18.970358162172175 ], [ 72.842995106387136, 18.968211697535271 ], [ 72.847042613371144, 18.970812841229129 ] ] ] } },
{ "type": "Feature", "properties": { "hex_id": "88608b0b33fffff" }, "geometry": { "type": "Polygon", "coordinates": [ [ [ 72.835005978423069, 19.076918316748671 ], [ 72.83501035408419, 19.081663090976804 ], [ 72.830966389834984, 19.083804789126901 ], [ 72.826918354590163, 19.081201853520636 ], [ 72.826914113189972, 19.076457338997329 ], [ 72.830957772781474, 19.074315500376116 ], [ 72.835005978423069, 19.076918316748671 ] ] ] } },
{ "type": "Feature", "properties": { "hex_id": "88608b5685fffff" }, "geometry": { "type": "Polygon", "coordinates": [ [ [ 72.920019236026761, 19.074618893259302 ], [ 72.920025023030419, 19.079366563063374 ], [ 72.915976879439143, 19.081511490109918 ], [ 72.911923253213573, 19.078908887274075 ], [ 72.911917600792819, 19.074161476589047 ], [ 72.915965440022561, 19.07201640962144 ], [ 72.920019236026761, 19.074618893259302 ] ] ] } },
{ "type": "Feature", "properties": { "hex_id": "88608b084dfffff" }, "geometry": { "type": "Polygon", "coordinates": [ [ [ 72.826888667738459, 19.047987847415474 ], [ 72.826892908295918, 19.052733048617508 ], [ 72.822849754482363, 19.054875589026221 ], [ 72.818802664743004, 19.052273068624299 ], [ 72.818798558388394, 19.047528127299877 ], [ 72.822841407578139, 19.045385446500443 ], [ 72.826888667738459, 19.047987847415474 ] ] ] } },
{ "type": "Feature", "properties": { "hex_id": "88608b4669fffff" }, "geometry": { "type": "Polygon", "coordinates": [ [ [ 72.883670423888788, 19.165094196366841 ], [ 72.88367560886519, 19.16983845199427 ], [ 72.879627988584801, 19.171978463898895 ], [ 72.875575488014562, 19.169374360738146 ], [ 72.875570437567376, 19.164630364119631 ], [ 72.879617753169043, 19.162490211653502 ], [ 72.883670423888788, 19.165094196366841 ] ] ] } },
{ "type": "Feature", "properties": { "hex_id": "88608b1935fffff" }, "geometry": { "type": "Polygon", "coordinates": [ [ [ 72.932128557045857, 19.039690358998303 ], [ 72.932134544493906, 19.044439276547749 ], [ 72.928086294429932, 19.046586026380396 ], [ 72.924032361171285, 19.043983998349109 ], [ 72.924026508319443, 19.039235339973345 ], [ 72.928074454137814, 19.037088450455755 ], [ 72.932128557045857, 19.039690358998303 ] ] ] } },
{ "type": "Feature", "properties": { "hex_id": "88608b0363fffff" }, "geometry": { "type": "Polygon", "coordinates": [ [ [ 72.842950049398581, 18.92072892890145 ], [ 72.842954554426186, 18.925477713569801 ], [ 72.83891239444813, 18.927625857276901 ], [ 72.834866033749904, 18.925025356020882 ], [ 72.83486166286761, 18.920276831624324 ], [ 72.838903518546061, 18.918128548212707 ], [ 72.842950049398581, 18.92072892890145 ] ] ] } },
{ "type": "Feature", "properties": { "hex_id": "88608b440dfffff" }, "geometry": { "type": "Polygon", "coordinates": [ [ [ 72.839178945056162, 19.21233330407749 ], [ 72.839183392056569, 19.217074915677518 ], [ 72.835137311333156, 19.21921141125507 ], [ 72.831087088548486, 19.21660643628945 ], [ 72.831082775951799, 19.21186508381663 ], [ 72.835128551743921, 19.209728447182844 ], [ 72.839178945056162, 19.21233330407749 ] ] ] } },
{ "type": "Feature", "properties": { "hex_id": "88608b546bfffff" }, "geometry": { "type": "Polygon", "coordinates": [ [ [ 72.960599791554813, 19.119637971043591 ], [ 72.960606253869372, 19.124385899413788 ], [ 72.956555470353393, 19.126530549413275 ], [ 72.952498528846633, 19.123927410910344 ], [ 72.952492201311429, 19.119179741193111 ], [ 72.956542680511447, 19.117034951326374 ], [ 72.960599791554813, 19.119637971043591 ] ] ] } },
{ "type": "Feature", "properties": { "hex_id": "88608b18abfffff" }, "geometry": { "type": "Polygon", "coordinates": [ [ [ 72.859186961448529, 18.978616431701479 ], [ 72.859191736757722, 18.983364380059058 ], [ 72.855147957257145, 18.985510845151705 ], [ 72.851099706822168, 18.982909501755767 ], [ 72.851095065774274, 18.978161813326949 ], [ 72.855138540907902, 18.97601520836594 ], [ 72.859186961448529, 18.978616431701479 ] ] ] } },
{ "type": "Feature", "properties": { "hex_id": "88608b46e5fffff" }, "geometry": { "type": "Polygon", "coordinates": [ [ [ 72.827003212104358, 19.176067984503639 ], [ 72.827007456456101, 19.18081007839583 ], [ 72.82296249182329, 19.182947560129904 ], [ 72.818913587742102, 19.180343088942887 ], [ 72.818909477713504, 19.175601254410356 ], [ 72.822954137450793, 19.1734636317058 ], [ 72.827003212104358, 19.176067984503639 ] ] ] } },
{ "type": "Feature", "properties": { "hex_id": "88608b5429fffff" }, "geometry": { "type": "Polygon", "coordinates": [ [ [ 72.952511184546381, 19.13342240404355 ], [ 72.952517512710969, 19.138169727337587 ], [ 72.948466934173624, 19.140313534744351 ], [ 72.944410331852865, 19.137710158838654 ], [ 72.944404138449855, 19.13296309419896 ], [ 72.948454412613813, 19.130819146811149 ], [ 72.952511184546381, 19.13342240404355 ] ] ] } },
{ "type": "Feature", "properties": { "hex_id": "88608b0b6dfffff" }, "geometry": { "type": "Polygon", "coordinates": [ [ [ 72.887618389190834, 19.072787410932698 ], [ 72.887623638050584, 19.077534043908628 ], [ 72.883577123690856, 19.079677847338928 ], [ 72.87952566494846, 19.077075157912436 ], [ 72.879520550546474, 19.072328784290097 ], [ 72.883566760436935, 19.070184840741273 ], [ 72.887618389190834, 19.072787410932698 ] ] ] } },
{ "type": "Feature", "properties": { "hex_id": "88608b0b25fffff" }, "geometry": { "type": "Polygon", "coordinates": [ [ [ 72.867397681779522, 19.092996304631033 ], [ 72.867402595285995, 19.097741772646057 ], [ 72.863356797921611, 19.099884032098007 ], [ 72.859306391640061, 19.097280963874276 ], [ 72.859301612533201, 19.092535755273158 ], [ 72.863347105316123, 19.090393355482487 ], [ 72.867397681779522, 19.092996304631033 ] ] ] } },
{ "type": "Feature", "properties": { "hex_id": "88608b19b1fffff" }, "geometry": { "type": "Polygon", "coordinates": [ [ [ 72.871378849085147, 19.029149677369745 ], [ 72.871383827576082, 19.03389682089497 ], [ 72.867338732397087, 19.036041745469479 ], [ 72.863288963167363, 19.033439666541977 ], [ 72.863284119031491, 19.028692782658791 ], [ 72.867328909778067, 19.026547718061689 ], [ 72.871378849085147, 19.029149677369745 ] ] ] } },
{ "type": "Feature", "properties": { "hex_id": "88608b472dfffff" }, "geometry": { "type": "Polygon", "coordinates": [ [ [ 72.899955077508523, 19.237180352581159 ], [ 72.8999605343502, 19.241923380747995 ], [ 72.895911090222327, 19.244061141770224 ], [ 72.89185649403646, 19.241456015407707 ], [ 72.89185117185373, 19.236713245842623 ], [ 72.89590031120575, 19.234575344038809 ], [ 72.899955077508523, 19.237180352581159 ] ] ] } },
{ "type": "Feature", "properties": { "hex_id": "88608b55b9fffff" }, "geometry": { "type": "Polygon", "coordinates": [ [ [ 72.903932828134813, 19.17336976035028 ], [ 72.903938349845816, 19.178114489314492 ], [ 72.899889609517672, 19.180254923207084 ], [ 72.895835652112908, 19.177650768606107 ], [ 72.895830265016102, 19.172906298475493 ], [ 72.899878700717679, 19.170765724112805 ], [ 72.903932828134813, 19.17336976035028 ] ] ] } },
{ "type": "Feature", "properties": { "hex_id": "88608b4555fffff" }, "geometry": { "type": "Polygon", "coordinates": [ [ [ 72.859459406702996, 19.249066629942529 ], [ 72.859464191039024, 19.25380801410672 ], [ 72.855416585632284, 19.255943804295882 ], [ 72.851364500837533, 19.253338351413333 ], [ 72.851359851017094, 19.248597226084904 ], [ 72.855407151483632, 19.246461294803851 ], [ 72.859459406702996, 19.249066629942529 ] ] ] } },
{ "type": "Feature", "properties": { "hex_id": "88608b54e7fffff" }, "geometry": { "type": "Polygon", "coordinates": [ [ [ 72.903883140971175, 19.130661988409685 ], [ 72.903888661035182, 19.135407758896054 ], [ 72.899840525612262, 19.137549878743677 ], [ 72.895787174669238, 19.134946368383208 ], [ 72.895781789179196, 19.130200856903564 ], [ 72.899829620066029, 19.128058596778207 ], [ 72.903883140971175, 19.130661988409685 ] ] ] } },
{ "type": "Feature", "properties": { "hex_id": "88608b465bfffff" }, "geometry": { "type": "Polygon", "coordinates": [ [ [ 72.851248301544615, 19.134775304497577 ], [ 72.851252947668314, 19.13951921733636 ], [ 72.847207362103802, 19.141659229538526 ], [ 72.843157435148726, 19.139055469532998 ], [ 72.84315292340213, 19.134311816052378 ], [ 72.847198204241337, 19.132171663219729 ], [ 72.851248301544615, 19.134775304497577 ] ] ] } },
{ "type": "Feature", "properties": { "hex_id": "88608b1927fffff" }, "geometry": { "type": "Polygon", "coordinates": [ [ [ 72.944292692297239, 19.047496236523017 ], [ 72.944298882005882, 19.052245371119465 ], [ 72.940249920891588, 19.054392262221253 ], [ 72.936195074296407, 19.051790158370434 ], [ 72.936189019237517, 19.04704128283095 ], [ 72.9402376761319, 19.044894252085918 ], [ 72.944292692297239, 19.047496236523017 ] ] ] } },
{ "type": "Feature", "properties": { "hex_id": "88608b4761fffff" }, "geometry": { "type": "Polygon", "coordinates": [ [ [ 72.908043159907066, 19.223416594128636 ], [ 72.90804875088287, 19.228160231050843 ], [ 72.903999100750042, 19.230298836637981 ], [ 72.899944164367909, 19.227693945972057 ], [ 72.899938708068973, 19.222950567651232 ], [ 72.903988053483133, 19.220811821395458 ], [ 72.908043159907066, 19.223416594128636 ] ] ] } },
{ "type": "Feature", "properties": { "hex_id": "88608b55edfffff" }, "geometry": { "type": "Polygon", "coordinates": [ [ [ 72.944459886470113, 19.175682510060607 ], [ 72.944466081721558, 19.180428532312721 ], [ 72.940415304625446, 19.18257037329392 ], [ 72.936358636776774, 19.179966332246366 ], [ 72.936352576295945, 19.175220568534353 ], [ 72.940403048901004, 19.173078587330309 ], [ 72.944459886470113, 19.175682510060607 ] ] ] } },
{ "type": "Feature", "properties": { "hex_id": "88608b545dfffff" }, "geometry": { "type": "Polygon", "coordinates": [ [ [ 72.948410593692316, 19.097585154144511 ], [ 72.948416852915699, 19.102333213075674 ], [ 72.944366982343354, 19.104478282654593 ], [ 72.940311156867153, 19.101875433147789 ], [ 72.940305032356179, 19.097127633044032 ], [ 72.944354598616783, 19.09498242362022 ], [ 72.948410593692316, 19.097585154144511 ] ] ] } },
{ "type": "Feature", "properties": { "hex_id": "88608b4441fffff" }, "geometry": { "type": "Polygon", "coordinates": [ [ [ 72.847262322024775, 19.198574911084393 ], [ 72.847266903004751, 19.203317130710058 ], [ 72.843220615299956, 19.205454470624694 ], [ 72.83917005149749, 19.202849731857441 ], [ 72.839165604939183, 19.198107771358782 ], [ 72.843211587769517, 19.195970290500956 ], [ 72.847262322024775, 19.198574911084393 ] ] ] } },
{ "type": "Feature", "properties": { "hex_id": "88608b189dfffff" }, "geometry": { "type": "Polygon", "coordinates": [ [ [ 72.847028893174468, 18.956568976435392 ], [ 72.847033466421919, 18.961317044537751 ], [ 72.842990600016932, 18.963463929211184 ], [ 72.838943464733958, 18.960862885626966 ], [ 72.838939025680816, 18.956115077626023 ], [ 72.84298158772414, 18.953968053108543 ], [ 72.847028893174468, 18.956568976435392 ] ] ] } },
{ "type": "Feature", "properties": { "hex_id": "88608b46d7fffff" }, "geometry": { "type": "Polygon", "coordinates": [ [ [ 72.7946117427324, 19.145750483832067 ], [ 72.794615449243182, 19.150492233818511 ], [ 72.790572521580231, 19.152629717927109 ], [ 72.786526192354927, 19.150025593088913 ], [ 72.78652262001502, 19.145284102810514 ], [ 72.790565242737387, 19.143146477662903 ], [ 72.7946117427324, 19.145750483832067 ] ] ] } },
{ "type": "Feature", "properties": { "hex_id": "88608b0321fffff" }, "geometry": { "type": "Polygon", "coordinates": [ [ [ 72.834874775948578, 18.934522066762145 ], [ 72.834879147264985, 18.939270252984461 ], [ 72.830837193939544, 18.941417557165405 ], [ 72.826791173661732, 18.938816814944147 ], [ 72.826786936472686, 18.934068888995593 ], [ 72.830828585441935, 18.931921444995265 ], [ 72.834874775948578, 18.934522066762145 ] ] ] } },
{ "type": "Feature", "properties": { "hex_id": "88608b0a67fffff" }, "geometry": { "type": "Polygon", "coordinates": [ [ [ 72.847097507790011, 19.027778089328727 ], [ 72.847102083309707, 19.032524453752391 ], [ 72.843058211240802, 19.034668536797579 ], [ 72.839010068172371, 19.032066395590078 ], [ 72.839005626913817, 19.027320290983774 ], [ 72.843049194470368, 19.025176067768253 ], [ 72.847097507790011, 19.027778089328727 ] ] ] } },
{ "type": "Feature", "properties": { "hex_id": "88608b19a3fffff" }, "geometry": { "type": "Polygon", "coordinates": [ [ [ 72.883530494455513, 19.036955710622433 ], [ 72.883535674795084, 19.041703072249007 ], [ 72.879489867692683, 19.043848137430754 ], [ 72.875439184665865, 19.041245980967716 ], [ 72.875434138734931, 19.036498878866869 ], [ 72.879479641429995, 19.034353673703972 ], [ 72.883530494455513, 19.036955710622433 ] ] ] } },
{ "type": "Feature", "properties": { "hex_id": "88608b4547fffff" }, "geometry": { "type": "Polygon", "coordinates": [ [ [ 72.871618002819091, 19.256882780300558 ], [ 72.871622989235334, 19.261624377156178 ], [ 72.867574670632095, 19.263760307736689 ], [ 72.863521670535647, 19.26115478251171 ], [ 72.86351681868878, 19.256413444375099 ], [ 72.867564832376814, 19.254277372745019 ], [ 72.871618002819091, 19.256882780300558 ] ] ] } },
{ "type": "Feature", "properties": { "hex_id": "88608b4627fffff" }, "geometry": { "type": "Polygon", "coordinates": [ [ [ 72.859402007037872, 19.192160921958926 ], [ 72.859406789471407, 19.196903704482693 ], [ 72.855359990120064, 19.199041747634141 ], [ 72.851308713162439, 19.19643714909979 ], [ 72.851304065190931, 19.191694625644466 ], [ 72.855350559722865, 19.189556441655668 ], [ 72.859402007037872, 19.192160921958926 ] ] ] } },
{ "type": "Feature", "properties": { "hex_id": "88608b54b3fffff" }, "geometry": { "type": "Polygon", "coordinates": [ [ [ 72.863385879592045, 19.12835330098039 ], [ 72.863390727099215, 19.133097775847464 ], [ 72.859344630195594, 19.135238490485765 ], [ 72.855293990462854, 19.132634870782006 ], [ 72.855289277373075, 19.12789065521428 ], [ 72.859335069606487, 19.125749800051569 ], [ 72.863385879592045, 19.12835330098039 ] ] ] } },
{ "type": "Feature", "properties": { "hex_id": "88608b0b17fffff" }, "geometry": { "type": "Polygon", "coordinates": [ [ [ 72.834992852309227, 19.062683306600707 ], [ 72.834997227535581, 19.067428424499695 ], [ 72.830953464468777, 19.069570684103454 ], [ 72.826905630810984, 19.066967966215238 ], [ 72.826901389832173, 19.062223108078349 ], [ 72.830944848271443, 19.060080708068213 ], [ 72.834992852309227, 19.062683306600707 ] ] ] } },
{ "type": "Feature", "properties": { "hex_id": "88608b464dfffff" }, "geometry": { "type": "Polygon", "coordinates": [ [ [ 72.883654869990636, 19.150860734755717 ], [ 72.883660054451525, 19.155605337686755 ], [ 72.879612635715588, 19.157745911817443 ], [ 72.875560337175159, 19.155142023515147 ], [ 72.8755552872301, 19.150397679650798 ], [ 72.87960240131747, 19.148256965022647 ], [ 72.883654869990636, 19.150860734755717 ] ] ] } },
{ "type": "Feature", "properties": { "hex_id": "88608b54d9fffff" }, "geometry": { "type": "Polygon", "coordinates": [ [ [ 72.887634136291879, 19.087026965664894 ], [ 72.887639385673424, 19.091773254323247 ], [ 72.883592669859453, 19.093916496589369 ], [ 72.879541009171149, 19.09131359038086 ], [ 72.879535894260798, 19.086567561018803 ], [ 72.883582305575359, 19.08442417856951 ], [ 72.887634136291879, 19.087026965664894 ] ] ] } },
{ "type": "Feature", "properties": { "hex_id": "88608b1919fffff" }, "geometry": { "type": "Polygon", "coordinates": [ [ [ 72.928033019294588, 19.00384333882764 ], [ 72.928038937969475, 19.008592982465494 ], [ 72.923991395280879, 19.010740992014735 ], [ 72.91993823810904, 19.008139497473742 ], [ 72.919932453981176, 19.003390113181219 ], [ 72.923979692485915, 19.001241964084926 ], [ 72.928033019294588, 19.00384333882764 ] ] ] } },
{ "type": "Feature", "properties": { "hex_id": "88608b4753fffff" }, "geometry": { "type": "Polygon", "coordinates": [ [ [ 72.87560074276135, 19.193092604561546 ], [ 72.875605794212959, 19.19783590504694 ], [ 72.871558178715574, 19.199974510652162 ], [ 72.867505816540316, 19.197369956511213 ], [ 72.867500899613432, 19.192626914977424 ], [ 72.871548210344898, 19.190488168633497 ], [ 72.87560074276135, 19.193092604561546 ] ] ] } },
{ "type": "Feature", "properties": { "hex_id": "88608b0a03fffff" }, "geometry": { "type": "Polygon", "coordinates": [ [ [ 72.822812197766311, 19.012166353779275 ], [ 72.822816370182039, 19.01691228024012 ], [ 72.818773923116126, 19.019056082992069 ], [ 72.814727608203924, 19.016454099536698 ], [ 72.814723569942004, 19.011708433125225 ], [ 72.818765712446279, 19.009564490120436 ], [ 72.822812197766311, 19.012166353779275 ] ] ] } },
{ "type": "Feature", "properties": { "hex_id": "88608b56e5fffff" }, "geometry": { "type": "Polygon", "coordinates": [ [ [ 72.94028666004121, 19.082883542681596 ], [ 72.940292783943178, 19.087631687749891 ], [ 72.936243521992793, 19.089777037011032 ], [ 72.93218844045704, 19.087174381034231 ], [ 72.932182451222744, 19.082426494909448 ], [ 72.93623140886433, 19.080281005818481 ], [ 72.94028666004121, 19.082883542681596 ] ] ] } },
{ "type": "Feature", "properties": { "hex_id": "88608b5555fffff" }, "geometry": { "type": "Polygon", "coordinates": [ [ [ 72.972812944285678, 19.155934300373652 ], [ 72.972819610485558, 19.160681749166354 ], [ 72.968767712046898, 19.162825418132872 ], [ 72.964709451766382, 19.160221778260638 ], [ 72.964702920426333, 19.155474587888623 ], [ 72.968754514514771, 19.153330778968641 ], [ 72.972812944285678, 19.155934300373652 ] ] ] } },
{ "type": "Feature", "properties": { "hex_id": "88608b46c9fffff" }, "geometry": { "type": "Polygon", "coordinates": [ [ [ 72.822924901505843, 19.140266236576441 ], [ 72.822929077654337, 19.145009068313236 ], [ 72.818884820401095, 19.147147816349932 ], [ 72.814836691840441, 19.144543873485318 ], [ 72.814832649965979, 19.139801301281874 ], [ 72.818876602385998, 19.137662412410332 ], [ 72.822924901505843, 19.140266236576441 ] ] ] } },
{ "type": "Feature", "properties": { "hex_id": "88608b0b09fffff" }, "geometry": { "type": "Polygon", "coordinates": [ [ [ 72.863313186253905, 19.057172373159116 ], [ 72.863318031352662, 19.061918571495621 ], [ 72.859272941216645, 19.06406209378093 ], [ 72.855223310509089, 19.061459557932046 ], [ 72.855218599760846, 19.056713619181888 ], [ 72.859263385377446, 19.05456995669492 ], [ 72.863313186253905, 19.057172373159116 ] ] ] } },
{ "type": "Feature", "properties": { "hex_id": "88608b0961fffff" }, "geometry": { "type": "Polygon", "coordinates": [ [ [ 72.85123436409711, 19.120542873903968 ], [ 72.851239009759027, 19.125287132720537 ], [ 72.84719362553767, 19.127427707009812 ], [ 72.843143900357376, 19.124824163049261 ], [ 72.843139389059175, 19.120080163648453 ], [ 72.847184468585397, 19.117939448793013 ], [ 72.85123436409711, 19.120542873903968 ] ] ] } },
{ "type": "Feature", "properties": { "hex_id": "88608b1995fffff" }, "geometry": { "type": "Polygon", "coordinates": [ [ [ 72.871363914601773, 19.014907562659481 ], [ 72.871368892597985, 19.019655048190906 ], [ 72.867323998712578, 19.021800533292591 ], [ 72.863274431241038, 19.01919867282103 ], [ 72.863269587586458, 19.014451446988566 ], [ 72.867314177069588, 19.012305821929328 ], [ 72.871363914601773, 19.014907562659481 ] ] ] } },
{ "type": "Feature", "properties": { "hex_id": "88608b565bfffff" }, "geometry": { "type": "Polygon", "coordinates": [ [ [ 72.964546233214989, 19.041507407710323 ], [ 72.964552759360046, 19.046257361366052 ], [ 72.960502882541761, 19.048405235083159 ], [ 72.956446783722939, 19.04580329463219 ], [ 72.956440392298944, 19.041053599914704 ], [ 72.960489964980539, 19.038905586710513 ], [ 72.964546233214989, 19.041507407710323 ] ] ] } },
{ "type": "Feature", "properties": { "hex_id": "88608b54cbfffff" }, "geometry": { "type": "Polygon", "coordinates": [ [ [ 72.899791456346207, 19.09483547862051 ], [ 72.899796907764156, 19.0995819837059 ], [ 72.895749479986762, 19.101725366734772 ], [ 72.891696905273406, 19.099122384820284 ], [ 72.891691588380283, 19.09437613891463 ], [ 72.895738711683492, 19.092232615744351 ], [ 72.899791456346207, 19.09483547862051 ] ] ] } },
{ "type": "Feature", "properties": { "hex_id": "88608b190bfffff" }, "geometry": { "type": "Polygon", "coordinates": [ [ [ 72.940194825863927, 19.01164761693445 ], [ 72.9402009467222, 19.016397478579069 ], [ 72.936152693098038, 19.018545629366233 ], [ 72.93209862278168, 19.015944058014895 ], [ 72.93209263652399, 19.011194455599 ], [ 72.936140585989889, 19.009046165306319 ], [ 72.940194825863927, 19.01164761693445 ] ] ] } },
{ "type": "Feature", "properties": { "hex_id": "88608b55d1fffff" }, "geometry": { "type": "Polygon", "coordinates": [ [ [ 72.91200240677766, 19.145360558391573 ], [ 72.912008062009264, 19.150106241142183 ], [ 72.907959317509452, 19.152248080412111 ], [ 72.903905222325065, 19.149644377224512 ], [ 72.903899701712135, 19.144898953364368 ], [ 72.907948141672719, 19.142756973801912 ], [ 72.91200240677766, 19.145360558391573 ] ] ] } },
{ "type": "Feature", "properties": { "hex_id": "88608b4745fffff" }, "geometry": { "type": "Polygon", "coordinates": [ [ [ 72.908026388091884, 19.209184983909324 ], [ 72.908031978511602, 19.21392897049715 ], [ 72.903982530124367, 19.216068138879979 ], [ 72.89992779601377, 19.213463461280522 ], [ 72.899922340257476, 19.208719733352133 ], [ 72.903971483956212, 19.206580424364329 ], [ 72.908026388091884, 19.209184983909324 ] ] ] } },
{ "type": "Feature", "properties": { "hex_id": "88608b5441fffff" }, "geometry": { "type": "Polygon", "coordinates": [ [ [ 72.960580405896678, 19.10539349394757 ], [ 72.960586867568495, 19.110141768249484 ], [ 72.956536285908513, 19.112286979255167 ], [ 72.952479546870393, 19.109684055762347 ], [ 72.952473219964531, 19.104936040170831 ], [ 72.956523497338637, 19.10279068936228 ], [ 72.960580405896678, 19.10539349394757 ] ] ] } },
{ "type": "Feature", "properties": { "hex_id": "88608b4425fffff" }, "geometry": { "type": "Polygon", "coordinates": [ [ [ 72.839205629269173, 19.24078122615127 ], [ 72.839210077153908, 19.24552213831635 ], [ 72.835163593584568, 19.247657506934971 ], [ 72.831112967130053, 19.245052104572519 ], [ 72.831108653675784, 19.240311451418215 ], [ 72.835154832253423, 19.238175941616191 ], [ 72.839205629269173, 19.24078122615127 ] ] ] } },
{ "type": "Feature", "properties": { "hex_id": "88608b4295fffff" }, "geometry": { "type": "Polygon", "coordinates": [ [ [ 72.928299553964422, 19.217463684447296 ], [ 72.928305481474482, 19.222208142590098 ], [ 72.924254913354062, 19.224347733510736 ], [ 72.920198722367317, 19.221743006802296 ], [ 72.920192929605662, 19.216998807143288 ], [ 72.924243193090177, 19.214859075709441 ], [ 72.928299553964422, 19.217463684447296 ] ] ] } },
{ "type": "Feature", "properties": { "hex_id": "88608b0865fffff" }, "geometry": { "type": "Polygon", "coordinates": [ [ [ 72.826914113189972, 19.076457338997329 ], [ 72.826918354590163, 19.081201853520636 ], [ 72.822874798512458, 19.083343271092708 ], [ 72.818827305726543, 19.080740314662421 ], [ 72.818823198555933, 19.075996059902188 ], [ 72.822866449949473, 19.07385450180983 ], [ 72.826914113189972, 19.076457338997329 ] ] ] } },
{ "type": "Feature", "properties": { "hex_id": "88608b56d7fffff" }, "geometry": { "type": "Polygon", "coordinates": [ [ [ 72.907842008163456, 19.052568471258077 ], [ 72.90784759247174, 19.057316268022898 ], [ 72.90380036196035, 19.059461614809663 ], [ 72.899747851505339, 19.05685930473021 ], [ 72.899742401712928, 19.052111767258186 ], [ 72.903789327867486, 19.049966280573411 ], [ 72.907842008163456, 19.052568471258077 ] ] ] } },
{ "type": "Feature", "properties": { "hex_id": "88608b56cdfffff" }, "geometry": { "type": "Polygon", "coordinates": [ [ [ 72.940249920891588, 19.054392262221253 ], [ 72.940256043575815, 19.059141095570073 ], [ 72.936207185016187, 19.061287566009636 ], [ 72.932152508028722, 19.058685342801375 ], [ 72.932146519985309, 19.053936768510368 ], [ 72.936195074296407, 19.051790158370434 ], [ 72.940249920891588, 19.054392262221253 ] ] ] } },
{ "type": "Feature", "properties": { "hex_id": "88608b5547fffff" }, "geometry": { "type": "Polygon", "coordinates": [ [ [ 72.984990060887867, 19.163745008733812 ], [ 72.984996929777751, 19.168492671102921 ], [ 72.980944320337244, 19.170636481744779 ], [ 72.976885146338802, 19.168032769929138 ], [ 72.976878412362282, 19.163285365863409 ], [ 72.980930717478685, 19.161141415310432 ], [ 72.984990060887867, 19.163745008733812 ] ] ] } },
{ "type": "Feature", "properties": { "hex_id": "88608b1987fffff" }, "geometry": { "type": "Polygon", "coordinates": [ [ [ 72.88351495446642, 19.022712940887534 ], [ 72.883520134291189, 19.027460644880613 ], [ 72.879474528552734, 19.029606270595245 ], [ 72.875424047374551, 19.027004332233528 ], [ 72.875419001945062, 19.022256887823158 ], [ 72.879464303306307, 19.020111122192393 ], [ 72.88351495446642, 19.022712940887534 ] ] ] } },
{ "type": "Feature", "properties": { "hex_id": "88608b096bfffff" }, "geometry": { "type": "Polygon", "coordinates": [ [ [ 72.847179890336776, 19.113195146907891 ], [ 72.847184468585397, 19.117939448793013 ], [ 72.843139389059175, 19.120080163648453 ], [ 72.839090035985492, 19.11747671717794 ], [ 72.839085592078234, 19.112732674766526 ], [ 72.84313036691114, 19.110591819352518 ], [ 72.847179890336776, 19.113195146907891 ] ] ] } },
{ "type": "Feature", "properties": { "hex_id": "88608b428bfffff" }, "geometry": { "type": "Polygon", "coordinates": [ [ [ 72.940452076675854, 19.211042941731399 ], [ 72.940458206062274, 19.215787962370324 ], [ 72.936407127858388, 19.217928257014851 ], [ 72.932350224855909, 19.21532367142807 ], [ 72.932344230258124, 19.210578909213858 ], [ 72.936395003881984, 19.2084384741622 ], [ 72.940452076675854, 19.211042941731399 ] ] ] } },
{ "type": "Feature", "properties": { "hex_id": "88608b54bdfffff" }, "geometry": { "type": "Polygon", "coordinates": [ [ [ 72.879581934556114, 19.129277684645967 ], [ 72.8795870509921, 19.134022677936361 ], [ 72.875540138398975, 19.136163954539317 ], [ 72.871488413994399, 19.13356037827824 ], [ 72.87148343203846, 19.128815644170242 ], [ 72.87553004001488, 19.126674227141514 ], [ 72.879581934556114, 19.129277684645967 ] ] ] } },
{ "type": "Feature", "properties": { "hex_id": "88608b4631fffff" }, "geometry": { "type": "Polygon", "coordinates": [ [ [ 72.843193534503413, 19.177000536849093 ], [ 72.843198047595621, 19.181743149285829 ], [ 72.839152266148304, 19.183881193036424 ], [ 72.835102276459097, 19.181276765222901 ], [ 72.835097897752817, 19.176534412029319 ], [ 72.839143374357647, 19.174396227406707 ], [ 72.843193534503413, 19.177000536849093 ] ] ] } },
{ "type": "Feature", "properties": { "hex_id": "88608b032bfffff" }, "geometry": { "type": "Polygon", "coordinates": [ [ [ 72.830824281406848, 18.927173219760686 ], [ 72.830828585441935, 18.931921444995265 ], [ 72.826786936472686, 18.934068888995593 ], [ 72.822741287830553, 18.931468247573164 ], [ 72.82273711790053, 18.926720282669777 ], [ 72.826778462515392, 18.924572698858313 ], [ 72.830824281406848, 18.927173219760686 ] ] ] } },
{ "type": "Feature", "properties": { "hex_id": "88608b441bfffff" }, "geometry": { "type": "Polygon", "coordinates": [ [ [ 72.806788249806843, 19.196236183466421 ], [ 72.806792158992295, 19.200977106874479 ], [ 72.802747914093302, 19.203113041510363 ], [ 72.798700065023624, 19.200508193928101 ], [ 72.79869629010291, 19.195767529938173 ], [ 72.802740229994996, 19.193631454113003 ], [ 72.806788249806843, 19.196236183466421 ] ] ] } },
{ "type": "Feature", "properties": { "hex_id": "88608b55c3fffff" }, "geometry": { "type": "Polygon", "coordinates": [ [ [ 72.924167030316411, 19.153171459753981 ], [ 72.924172887825961, 19.15791735713961 ], [ 72.920123431444736, 19.16005933741874 ], [ 72.91606842207554, 19.157455560563317 ], [ 72.916062699238296, 19.152709921951317 ], [ 72.920111851105773, 19.150567801421683 ], [ 72.924167030316411, 19.153171459753981 ] ] ] } },
{ "type": "Feature", "properties": { "hex_id": "88608b4737fffff" }, "geometry": { "type": "Polygon", "coordinates": [ [ [ 72.867545157822988, 19.23531009992308 ], [ 72.867550076216887, 19.240052093331805 ], [ 72.863502264113151, 19.242188728422462 ], [ 72.859449838506634, 19.239583511084042 ], [ 72.859445054646329, 19.234841776511004 ], [ 72.863492561866764, 19.232705000441261 ], [ 72.867545157822988, 19.23531009992308 ] ] ] } },
{ "type": "Feature", "properties": { "hex_id": "88608b5433fffff" }, "geometry": { "type": "Polygon", "coordinates": [ [ [ 72.920088692731028, 19.131583341487239 ], [ 72.920094482036816, 19.136329629811108 ], [ 72.916045531864782, 19.138472312020106 ], [ 72.91199109687679, 19.135868846084676 ], [ 72.911985442207509, 19.131122816650191 ], [ 72.916034087897501, 19.128979994262288 ], [ 72.920088692731028, 19.131583341487239 ] ] ] } },
{ "type": "Feature", "properties": { "hex_id": "88608b5437fffff" }, "geometry": { "type": "Polygon", "coordinates": [ [ [ 72.924149458952812, 19.138933073386617 ], [ 72.924155315879858, 19.143679317816598 ], [ 72.920106061224203, 19.145821859839259 ], [ 72.916051254132924, 19.143218297618819 ], [ 72.916045531864782, 19.138472312020106 ], [ 72.920094482036816, 19.136329629811108 ], [ 72.924149458952812, 19.138933073386617 ] ] ] } },
{ "type": "Feature", "properties": { "hex_id": "88608b56c9fffff" }, "geometry": { "type": "Polygon", "coordinates": [ [ [ 72.936189019237517, 19.04704128283095 ], [ 72.936195074296407, 19.051790158370434 ], [ 72.932146519985309, 19.053936768510368 ], [ 72.928092214870276, 19.051334642804104 ], [ 72.928086294429932, 19.046586026380396 ], [ 72.932134544493906, 19.044439276547749 ], [ 72.936189019237517, 19.04704128283095 ] ] ] } },
{ "type": "Feature", "properties": { "hex_id": "88608b46adfffff" }, "geometry": { "type": "Polygon", "coordinates": [ [ [ 72.814869031656642, 19.182480289728751 ], [ 72.81487307473634, 19.187221820675202 ], [ 72.810828622341191, 19.18935859947668 ], [ 72.806780431824478, 19.186753988408579 ], [ 72.806776523027537, 19.182012716880116 ], [ 72.810820670472395, 19.17987579700241 ], [ 72.814869031656642, 19.182480289728751 ] ] ] } },
{ "type": "Feature", "properties": { "hex_id": "88608b5539fffff" }, "geometry": { "type": "Polygon", "coordinates": [ [ [ 72.960677353473642, 19.176605479522017 ], [ 72.960683818360152, 19.181352018677874 ], [ 72.95663222721889, 19.183494422772696 ], [ 72.95257447563543, 19.180890427835962 ], [ 72.952568145582077, 19.176144147102555 ], [ 72.956619432286857, 19.174001602883937 ], [ 72.960677353473642, 19.176605479522017 ] ] ] } },
{ "type": "Feature", "properties": { "hex_id": "88608b473bfffff" }, "geometry": { "type": "Polygon", "coordinates": [ [ [ 72.867530403619483, 19.221083419733084 ], [ 72.867535321524301, 19.225825763063057 ], [ 72.863487710984785, 19.227962961428769 ], [ 72.85943548740137, 19.225357957380577 ], [ 72.859430704016731, 19.220615872944531 ], [ 72.863478009703158, 19.218478533663294 ], [ 72.867530403619483, 19.221083419733084 ] ] ] } },
{ "type": "Feature", "properties": { "hex_id": "88608b55c7fffff" }, "geometry": { "type": "Polygon", "coordinates": [ [ [ 72.928228439172031, 19.160521111410588 ], [ 72.928234364324098, 19.165266964418866 ], [ 72.924184603427634, 19.16740880444021 ], [ 72.920129221902158, 19.164804931711618 ], [ 72.920123431444736, 19.16005933741874 ], [ 72.924172887825961, 19.15791735713961 ], [ 72.928228439172031, 19.160521111410588 ] ] ] } },
{ "type": "Feature", "properties": { "hex_id": "88608b451dfffff" }, "geometry": { "type": "Polygon", "coordinates": [ [ [ 72.847317303805852, 19.255473860201846 ], [ 72.8473218866081, 19.260214680725234 ], [ 72.843274793049886, 19.262349766955811 ], [ 72.839223421692608, 19.259744173861129 ], [ 72.839218973365618, 19.25500361223185 ], [ 72.843265761928492, 19.252868384803719 ], [ 72.847317303805852, 19.255473860201846 ] ] ] } },
{ "type": "Feature", "properties": { "hex_id": "88608b095dfffff" }, "geometry": { "type": "Polygon", "coordinates": [ [ [ 72.835019105841269, 19.091152295335686 ], [ 72.835023481937213, 19.095896725344616 ], [ 72.830979316485568, 19.09803786185299 ], [ 72.826931079633681, 19.095434708888771 ], [ 72.82692683781201, 19.090690538527255 ], [ 72.830970698575783, 19.088549261483188 ], [ 72.835019105841269, 19.091152295335686 ] ] ] } },
{ "type": "Feature", "properties": { "hex_id": "88608b4623fffff" }, "geometry": { "type": "Polygon", "coordinates": [ [ [ 72.855345844758631, 19.184813614492931 ], [ 72.855350559722865, 19.189556441655668 ], [ 72.851304065190931, 19.191694625644466 ], [ 72.847253160520253, 19.189090123301206 ], [ 72.847248579995664, 19.184347555265092 ], [ 72.851294769709966, 19.182209230446208 ], [ 72.855345844758631, 19.184813614492931 ] ] ] } },
{ "type": "Feature", "properties": { "hex_id": "88608b0a63fffff" }, "geometry": { "type": "Polygon", "coordinates": [ [ [ 72.843044686309099, 19.020429662273848 ], [ 72.843049194470368, 19.025176067768253 ], [ 72.839005626913817, 19.027320290983774 ], [ 72.834957855714336, 19.024718248867977 ], [ 72.834953481791871, 19.019972103248666 ], [ 72.838996744837885, 19.017827739870725 ], [ 72.843044686309099, 19.020429662273848 ] ] ] } },
{ "type": "Feature", "properties": { "hex_id": "88608b031dfffff" }, "geometry": { "type": "Polygon", "coordinates": [ [ [ 72.818675430950378, 18.905127052363827 ], [ 72.818679533228533, 18.909875393552117 ], [ 72.814638797316817, 18.91202325696085 ], [ 72.810594263483537, 18.909422918968108 ], [ 72.810590295243472, 18.904674838283036 ], [ 72.814630726806413, 18.902526835088203 ], [ 72.818675430950378, 18.905127052363827 ] ] ] } },
{ "type": "Feature", "properties": { "hex_id": "88608b55b5fffff" }, "geometry": { "type": "Polygon", "coordinates": [ [ [ 72.903949393816987, 19.18760359909534 ], [ 72.903954916077183, 19.192347979790359 ], [ 72.899905974073789, 19.194487851323888 ], [ 72.895851814474781, 19.191883482696912 ], [ 72.895846426842226, 19.187139360777607 ], [ 72.899895064188897, 19.184999348710093 ], [ 72.903949393816987, 19.18760359909534 ] ] ] } },
{ "type": "Feature", "properties": { "hex_id": "88608b4729fffff" }, "geometry": { "type": "Polygon", "coordinates": [ [ [ 72.895894921965493, 19.22983227003478 ], [ 72.89590031120575, 19.234575344038809 ], [ 72.89185117185373, 19.236713245842623 ], [ 72.887796948043487, 19.234108214417486 ], [ 72.887791693439794, 19.229365399073583 ], [ 72.89184052801761, 19.227227356495241 ], [ 72.895894921965493, 19.22983227003478 ] ] ] } },
{ "type": "Feature", "properties": { "hex_id": "88608b0b69fffff" }, "geometry": { "type": "Polygon", "coordinates": [ [ [ 72.883561579067475, 19.065438165496193 ], [ 72.883566760436935, 19.070184840741273 ], [ 72.879520550546474, 19.072328784290097 ], [ 72.875469463762016, 19.069726192705286 ], [ 72.875464416828009, 19.064979776871716 ], [ 72.879510322250852, 19.062835693212065 ], [ 72.883561579067475, 19.065438165496193 ] ] ] } },
{ "type": "Feature", "properties": { "hex_id": "88608b5425fffff" }, "geometry": { "type": "Polygon", "coordinates": [ [ [ 72.9525301696696, 19.147664027075635 ], [ 72.952536498463687, 19.152411003397788 ], [ 72.948485718070216, 19.154554249362629 ], [ 72.94442891329399, 19.151950659051067 ], [ 72.944422719274925, 19.147203941325646 ], [ 72.948473195264896, 19.145060555315588 ], [ 72.9525301696696, 19.147664027075635 ] ] ] } },
{ "type": "Feature", "properties": { "hex_id": "88608b4409fffff" }, "geometry": { "type": "Polygon", "coordinates": [ [ [ 72.835124172166999, 19.204986790636074 ], [ 72.835128551743921, 19.209728447182844 ], [ 72.831082775951799, 19.21186508381663 ], [ 72.827032925520044, 19.2092602049532 ], [ 72.827028680324418, 19.204518807591814 ], [ 72.831074151187096, 19.202382029909078 ], [ 72.835124172166999, 19.204986790636074 ] ] ] } },
{ "type": "Feature", "properties": { "hex_id": "88608b1901fffff" }, "geometry": { "type": "Polygon", "coordinates": [ [ [ 72.944255558353248, 19.018999028317793 ], [ 72.944261746831131, 19.023748848501793 ], [ 72.940213189047284, 19.025896859775656 ], [ 72.936158746953041, 19.02329519037939 ], [ 72.936152693098038, 19.018545629366233 ], [ 72.9402009467222, 19.016397478579069 ], [ 72.944255558353248, 19.018999028317793 ] ] ] } },
{ "type": "Feature", "properties": { "hex_id": "88608b0849fffff" }, "geometry": { "type": "Polygon", "coordinates": [ [ [ 72.822837234333321, 19.040640203917391 ], [ 72.822841407578139, 19.045385446500443 ], [ 72.818798558388394, 19.047528127299877 ], [ 72.814751840583668, 19.044925705899825 ], [ 72.814747801519374, 19.040180723252089 ], [ 72.818790346087127, 19.038037902069782 ], [ 72.822837234333321, 19.040640203917391 ] ] ] } },
{ "type": "Feature", "properties": { "hex_id": "88608b56bbfffff" }, "geometry": { "type": "Polygon", "coordinates": [ [ [ 72.895717177217833, 19.073245735288314 ], [ 72.895722560566668, 19.077992627559269 ], [ 72.891675638757917, 19.080136711834502 ], [ 72.887623638050584, 19.077534043908628 ], [ 72.887618389190834, 19.072787410932698 ], [ 72.891665006557147, 19.070643186588246 ], [ 72.895717177217833, 19.073245735288314 ] ] ] } },
{ "type": "Feature", "properties": { "hex_id": "88608b5631fffff" }, "geometry": { "type": "Polygon", "coordinates": [ [ [ 72.956497922742599, 19.083796728283456 ], [ 72.956504316073662, 19.08854539106218 ], [ 72.952454240505332, 19.090691302623949 ], [ 72.948398075868042, 19.088088691138349 ], [ 72.948391817267122, 19.083340287185422 ], [ 72.952441588581152, 19.08119423589282 ], [ 72.956497922742599, 19.083796728283456 ] ] ] } },
{ "type": "Feature", "properties": { "hex_id": "88608b4635fffff" }, "geometry": { "type": "Polygon", "coordinates": [ [ [ 72.847248579995664, 19.184347555265092 ], [ 72.847253160520253, 19.189090123301206 ], [ 72.843207074228658, 19.191228026172464 ], [ 72.839156712264611, 19.188623501887548 ], [ 72.839152266148304, 19.183881193036424 ], [ 72.843198047595621, 19.181743149285829 ], [ 72.847248579995664, 19.184347555265092 ] ] ] } },
{ "type": "Feature", "properties": { "hex_id": "88608b54c1fffff" }, "geometry": { "type": "Polygon", "coordinates": [ [ [ 72.903850024428777, 19.102184943797837 ], [ 72.90385554339521, 19.106931405891988 ], [ 72.89980781114204, 19.109074648771898 ], [ 72.89575486440603, 19.106471569707207 ], [ 72.895749479986762, 19.101725366734772 ], [ 72.899796907764156, 19.0995819837059 ], [ 72.903850024428777, 19.102184943797837 ] ] ] } },
{ "type": "Feature", "properties": { "hex_id": "88608b54a1fffff" }, "geometry": { "type": "Polygon", "coordinates": [ [ [ 72.891739446762202, 19.137088207109606 ], [ 72.89174476524137, 19.141833415862468 ], [ 72.887697140352756, 19.143974833123387 ], [ 72.883644501584314, 19.141371182015909 ], [ 72.883639317638853, 19.136626232328837 ], [ 72.887686637935929, 19.13448467468401 ], [ 72.891739446762202, 19.137088207109606 ] ] ] } },
{ "type": "Feature", "properties": { "hex_id": "88608b4615fffff" }, "geometry": { "type": "Polygon", "coordinates": [ [ [ 72.843179996124064, 19.162772004294233 ], [ 72.843184508767649, 19.167514964292572 ], [ 72.839138928683298, 19.169653570749588 ], [ 72.835089140775466, 19.167049358016893 ], [ 72.835084762504394, 19.162306657319572 ], [ 72.839130037776457, 19.160167910054529 ], [ 72.843179996124064, 19.162772004294233 ] ] ] } },
{ "type": "Feature", "properties": { "hex_id": "88608b0a55fffff" }, "geometry": { "type": "Polygon", "coordinates": [ [ [ 72.830888856897147, 18.998384732123355 ], [ 72.830893163070243, 19.003131259747267 ], [ 72.826850509039843, 19.005275903426181 ], [ 72.822803853349257, 19.002674159620391 ], [ 72.822799681347959, 18.997927892044459 ], [ 72.82684203087328, 18.99578310822703 ], [ 72.830888856897147, 18.998384732123355 ] ] ] } },
{ "type": "Feature", "properties": { "hex_id": "88608b5737fffff" }, "geometry": { "type": "Polygon", "coordinates": [ [ [ 72.98090351446821, 19.14214989167521 ], [ 72.980910314882522, 19.146897946277427 ], [ 72.97685821177275, 19.149042458157762 ], [ 72.972799612549125, 19.146439055276147 ], [ 72.972792947012422, 19.141691259093275 ], [ 72.976844745829524, 19.139546607373155 ], [ 72.98090351446821, 19.14214989167521 ] ] ] } },
{ "type": "Feature", "properties": { "hex_id": "88608b471bfffff" }, "geometry": { "type": "Polygon", "coordinates": [ [ [ 72.863458609069056, 19.199508280869544 ], [ 72.863463458986459, 19.204251018574084 ], [ 72.859416354813973, 19.206388920880947 ], [ 72.855364705553086, 19.203784226328455 ], [ 72.855359990120064, 19.199041747634141 ], [ 72.859406789471407, 19.196903704482693 ], [ 72.863458609069056, 19.199508280869544 ] ] ] } },
{ "type": "Feature", "properties": { "hex_id": "88608b55a7fffff" }, "geometry": { "type": "Polygon", "coordinates": [ [ [ 72.916114211603983, 19.195416496123251 ], [ 72.916119936148988, 19.200161090488706 ], [ 72.91207028193169, 19.202301102927581 ], [ 72.908015207808475, 19.199696661493334 ], [ 72.908009617944771, 19.194952325786709 ], [ 72.912058967530783, 19.192812172856041 ], [ 72.916114211603983, 19.195416496123251 ] ] ] } },
{ "type": "Feature", "properties": { "hex_id": "88608b5417fffff" }, "geometry": { "type": "Polygon", "coordinates": [ [ [ 72.92007132596494, 19.117343784007382 ], [ 72.920077114695076, 19.122090418524422 ], [ 72.916028366198347, 19.124233662225013 ], [ 72.911974133431229, 19.121630411523746 ], [ 72.911968479324216, 19.116884035953667 ], [ 72.916016923369014, 19.114740652138437 ], [ 72.92007132596494, 19.117343784007382 ] ] ] } },
{ "type": "Feature", "properties": { "hex_id": "88608b19e7fffff" }, "geometry": { "type": "Polygon", "coordinates": [ [ [ 72.903767261875288, 19.030974239988048 ], [ 72.903772778099182, 19.035722421495802 ], [ 72.899726053419116, 19.03786846865955 ], [ 72.895674116848099, 19.035266474141512 ], [ 72.895668735104351, 19.030518552041443 ], [ 72.899715155459305, 19.028372365052373 ], [ 72.903767261875288, 19.030974239988048 ] ] ] } },
{ "type": "Feature", "properties": { "hex_id": "88608b0b5bfffff" }, "geometry": { "type": "Polygon", "coordinates": [ [ [ 72.851150768494108, 19.035126574297681 ], [ 72.85115541138677, 19.039872897470239 ], [ 72.847111234803734, 19.042016840337187 ], [ 72.843062719849982, 19.03941460021047 ], [ 72.843058211240802, 19.034668536797579 ], [ 72.847102083309707, 19.032524453752391 ], [ 72.851150768494108, 19.035126574297681 ] ] ] } },
{ "type": "Feature", "properties": { "hex_id": "88608b56adfffff" }, "geometry": { "type": "Polygon", "coordinates": [ [ [ 72.928139585457473, 19.089319449204091 ], [ 72.92814550766407, 19.094067033464469 ], [ 72.924096755345204, 19.09621168064611 ], [ 72.920042385192119, 19.093608883504178 ], [ 72.920036597613063, 19.088861558246816 ], [ 72.924085045567381, 19.086716771128916 ], [ 72.928139585457473, 19.089319449204091 ] ] ] } },
{ "type": "Feature", "properties": { "hex_id": "88608b40dbfffff" }, "geometry": { "type": "Polygon", "coordinates": [ [ [ 72.908059933390589, 19.237647154804492 ], [ 72.908065524922563, 19.242390441514512 ], [ 72.90401567302402, 19.244528484119897 ], [ 72.8999605343502, 19.241923380747995 ], [ 72.899955077508523, 19.237180352581159 ], [ 72.904004624658199, 19.235042169243574 ], [ 72.908059933390589, 19.237647154804492 ] ] ] } },
{ "type": "Feature", "properties": { "hex_id": "88608b551dfffff" }, "geometry": { "type": "Polygon", "coordinates": [ [ [ 72.960657960100406, 19.16236516568026 ], [ 72.96066442434379, 19.167112052962306 ], [ 72.956613035139057, 19.169255018814781 ], [ 72.952555486105069, 19.166651237445503 ], [ 72.952549156681414, 19.161904608643638 ], [ 72.956600241479819, 19.159761502731371 ], [ 72.960657960100406, 19.16236516568026 ] ] ] } },
{ "type": "Feature", "properties": { "hex_id": "88608b4501fffff" }, "geometry": { "type": "Polygon", "coordinates": [ [ [ 72.859473760186916, 19.263290431601924 ], [ 72.85947854499878, 19.268031464811752 ], [ 72.855430738027991, 19.270166691296737 ], [ 72.851378451223624, 19.267561025727741 ], [ 72.851373800940792, 19.262820251295331 ], [ 72.855421302941153, 19.260684883655063 ], [ 72.859473760186916, 19.263290431601924 ] ] ] } },
{ "type": "Feature", "properties": { "hex_id": "88608b0941fffff" }, "geometry": { "type": "Polygon", "coordinates": [ [ [ 72.847166156500919, 19.098961550875934 ], [ 72.847170734294551, 19.103706197888467 ], [ 72.843125856061263, 19.105847474579146 ], [ 72.839076704705377, 19.103244244752062 ], [ 72.839072261239735, 19.098499857270752 ], [ 72.843116834809848, 19.096358440085936 ], [ 72.847166156500919, 19.098961550875934 ] ] ] } },
{ "type": "Feature", "properties": { "hex_id": "88608b198bfffff" }, "geometry": { "type": "Polygon", "coordinates": [ [ [ 72.88349941602165, 19.00846914515261 ], [ 72.883504595331672, 19.013217190962422 ], [ 72.879459190937141, 19.015363377020478 ], [ 72.875408911587485, 19.012761657120436 ], [ 72.87540386665934, 19.008013870950247 ], [ 72.879448966706804, 19.005867545041127 ], [ 72.88349941602165, 19.00846914515261 ] ] ] } },
{ "type": "Feature", "properties": { "hex_id": "88608b5493fffff" }, "geometry": { "type": "Polygon", "coordinates": [ [ [ 72.859315950328778, 19.106771036258777 ], [ 72.859320729910664, 19.111515899920359 ], [ 72.855275139040685, 19.11365731692387 ], [ 72.851225073234986, 19.111054010718966 ], [ 72.851220428034793, 19.106309406472281 ], [ 72.855265714266423, 19.104167849016253 ], [ 72.859315950328778, 19.106771036258777 ] ] ] } },
{ "type": "Feature", "properties": { "hex_id": "88608b4607fffff" }, "geometry": { "type": "Polygon", "coordinates": [ [ [ 72.855331700803433, 19.170584437039537 ], [ 72.855336415298936, 19.175327612124086 ], [ 72.851290122200496, 19.177466358824702 ], [ 72.847239419401859, 19.174862071207464 ], [ 72.8472348393326, 19.170119155307439 ], [ 72.851280827643578, 19.167980267840701 ], [ 72.855331700803433, 19.170584437039537 ] ] ] } },
{ "type": "Feature", "properties": { "hex_id": "88608b0a47fffff" }, "geometry": { "type": "Polygon", "coordinates": [ [ [ 72.843031162721076, 19.00618976260435 ], [ 72.84303567043446, 19.010936509630842 ], [ 72.83899230402055, 19.013081293486064 ], [ 72.834944734381466, 19.010479470412761 ], [ 72.834940360893526, 19.005732983318271 ], [ 72.838983422827027, 19.00358805936575 ], [ 72.843031162721076, 19.00618976260435 ] ] ] } },
{ "type": "Feature", "properties": { "hex_id": "88608b0301fffff" }, "geometry": { "type": "Polygon", "coordinates": [ [ [ 72.830811370156454, 18.912927868193364 ], [ 72.830815673764107, 18.917676431298503 ], [ 72.82677422574713, 18.919824434792002 ], [ 72.822728778454561, 18.917224014926379 ], [ 72.822724608938614, 18.912475712208821 ], [ 72.826765752631346, 18.910327568970004 ], [ 72.830811370156454, 18.912927868193364 ] ] ] } },
{ "type": "Feature", "properties": { "hex_id": "88608b18d3fffff" }, "geometry": { "type": "Polygon", "coordinates": [ [ [ 72.847015174340541, 18.942324093835687 ], [ 72.847019747133757, 18.947072501023168 ], [ 72.84297708180155, 18.949219945452349 ], [ 72.838930148015464, 18.946619122473177 ], [ 72.838925709403199, 18.941870975443642 ], [ 72.842968070403899, 18.939723391236026 ], [ 72.847015174340541, 18.942324093835687 ] ] ] } },
{ "type": "Feature", "properties": { "hex_id": "88608b5599fffff" }, "geometry": { "type": "Polygon", "coordinates": [ [ [ 72.899856885287164, 19.151785935274408 ], [ 72.899862338873632, 19.156531056163161 ], [ 72.895814104797026, 19.158672192634022 ], [ 72.891760721736588, 19.156068348615435 ], [ 72.891755402728563, 19.151323486676251 ], [ 72.895803332210363, 19.149182209806675 ], [ 72.899856885287164, 19.151785935274408 ] ] ] } },
{ "type": "Feature", "properties": { "hex_id": "88608b470dfffff" }, "geometry": { "type": "Polygon", "coordinates": [ [ [ 72.895878755316687, 19.215602348197802 ], [ 72.895884144020968, 19.22034577205357 ], [ 72.891835206364206, 19.222484236834326 ], [ 72.887781184755028, 19.219879418470807 ], [ 72.887775930673897, 19.215136253333316 ], [ 72.891824563586624, 19.212997647841622 ], [ 72.895878755316687, 19.215602348197802 ] ] ] } },
{ "type": "Feature", "properties": { "hex_id": "88608b56dbfffff" }, "geometry": { "type": "Polygon", "coordinates": [ [ [ 72.907825256348843, 19.038324394666859 ], [ 72.907830840102022, 19.043072534518998 ], [ 72.903783811095266, 19.045218441849592 ], [ 72.899731502669837, 19.042616349161793 ], [ 72.899726053419116, 19.03786846865955 ], [ 72.903772778099182, 19.035722421495802 ], [ 72.907825256348843, 19.038324394666859 ] ] ] } },
{ "type": "Feature", "properties": { "hex_id": "88608b0b4dfffff" }, "geometry": { "type": "Polygon", "coordinates": [ [ [ 72.883546035989099, 19.051197452708152 ], [ 72.883551216843586, 19.055944471418616 ], [ 72.879505208357187, 19.058088975878356 ], [ 72.875454323461597, 19.055486601674271 ], [ 72.875449277029176, 19.050739842432439 ], [ 72.879494981078111, 19.048595197926669 ], [ 72.883546035989099, 19.051197452708152 ] ] ] } },
{ "type": "Feature", "properties": { "hex_id": "88608b5409fffff" }, "geometry": { "type": "Polygon", "coordinates": [ [ [ 72.948429371984943, 19.111828985488927 ], [ 72.948435631830847, 19.116576698849013 ], [ 72.944385559472749, 19.118721207426535 ], [ 72.940329531618389, 19.116118142553827 ], [ 72.940323406498266, 19.111370687963703 ], [ 72.944373174514553, 19.109226039476866 ], [ 72.948429371984943, 19.111828985488927 ] ] ] } },
{ "type": "Feature", "properties": { "hex_id": "88608b4683fffff" }, "geometry": { "type": "Polygon", "coordinates": [ [ [ 72.794622862633034, 19.159975387245009 ], [ 72.794626569512147, 19.164716790563581 ], [ 72.790583440748591, 19.166853711801878 ], [ 72.786536910084578, 19.164249370825409 ], [ 72.786533337389713, 19.159508227157055 ], [ 72.790576161182457, 19.157371164815601 ], [ 72.794622862633034, 19.159975387245009 ] ] ] } },
{ "type": "Feature", "properties": { "hex_id": "88608b0869fffff" }, "geometry": { "type": "Polygon", "coordinates": [ [ [ 72.826901389832173, 19.062223108078349 ], [ 72.826905630810984, 19.066967966215238 ], [ 72.822862275875337, 19.069109945299779 ], [ 72.818814984622747, 19.066507206703651 ], [ 72.818810877860173, 19.061762608387131 ], [ 72.822853928141811, 19.059620488847038 ], [ 72.826901389832173, 19.062223108078349 ] ] ] } },
{ "type": "Feature", "properties": { "hex_id": "88608b4299fffff" }, "geometry": { "type": "Polygon", "coordinates": [ [ [ 72.928281772613545, 19.203229610822671 ], [ 72.928287699533968, 19.207974418502822 ], [ 72.924237333249707, 19.210114571978661 ], [ 72.920181344658573, 19.207510058224404 ], [ 72.920175552473097, 19.20276550908607 ], [ 72.924225614151638, 19.200625215160716 ], [ 72.928281772613545, 19.203229610822671 ] ] ] } },
{ "type": "Feature", "properties": { "hex_id": "88608b5615fffff" }, "geometry": { "type": "Polygon", "coordinates": [ [ [ 72.956478744020956, 19.069550050766097 ], [ 72.956485136716253, 19.074299058074345 ], [ 72.952435262933591, 19.076445530200459 ], [ 72.948379300687677, 19.073843134685077 ], [ 72.948373042709107, 19.069094386259849 ], [ 72.952422612267526, 19.066947774467522 ], [ 72.956478744020956, 19.069550050766097 ] ] ] } },
{ "type": "Feature", "properties": { "hex_id": "88608b5485fffff" }, "geometry": { "type": "Polygon", "coordinates": [ [ [ 72.89172349238217, 19.122851888197498 ], [ 72.891728810332609, 19.127597443216203 ], [ 72.887681386988575, 19.129739422269715 ], [ 72.883628950263301, 19.127135986624694 ], [ 72.88362376683321, 19.122390690729379 ], [ 72.887670885615861, 19.120248571356267 ], [ 72.89172349238217, 19.122851888197498 ] ] ] } },
{ "type": "Feature", "properties": { "hex_id": "88608b4429fffff" }, "geometry": { "type": "Polygon", "coordinates": [ [ [ 72.839192286499426, 19.226557789554203 ], [ 72.839196733941961, 19.231299051709598 ], [ 72.835150451805617, 19.233434983900441 ], [ 72.831100027196086, 19.230829795056291 ], [ 72.831095714170615, 19.226088791969918 ], [ 72.83514169134547, 19.223952718659241 ], [ 72.839192286499426, 19.226557789554203 ] ] ] } },
{ "type": "Feature", "properties": { "hex_id": "88608b4469fffff" }, "geometry": { "type": "Polygon", "coordinates": [ [ [ 72.855374136887946, 19.213268834823594 ], [ 72.855378852789812, 19.21801096450303 ], [ 72.851331955330693, 19.220148022509587 ], [ 72.847280646855609, 19.217543091794905 ], [ 72.847276065420161, 19.212801221126 ], [ 72.851322658001223, 19.210664022161794 ], [ 72.855374136887946, 19.213268834823594 ] ] ] } },
{ "type": "Feature", "properties": { "hex_id": "88608b42d9fffff" }, "geometry": { "type": "Polygon", "coordinates": [ [ [ 72.944478472840771, 19.18992022838016 ], [ 72.94448466870854, 19.194665902073773 ], [ 72.940433689736125, 19.196807180991463 ], [ 72.936376819424936, 19.194202926502768 ], [ 72.936370758341241, 19.189457511291423 ], [ 72.940421432792476, 19.187316092087016 ], [ 72.944478472840771, 19.18992022838016 ] ] ] } },
{ "type": "Feature", "properties": { "hex_id": "88608b0163fffff" }, "geometry": { "type": "Polygon", "coordinates": [ [ [ 72.814687231600502, 18.968992324128376 ], [ 72.814691268659345, 18.973739012065813 ], [ 72.810649832638006, 18.9758842162503 ], [ 72.806604664063244, 18.973282872604219 ], [ 72.80660076108687, 18.968536444944913 ], [ 72.810641892610633, 18.96639110065427 ], [ 72.814687231600502, 18.968992324128376 ] ] ] } },
{ "type": "Feature", "properties": { "hex_id": "88608b5445fffff" }, "geometry": { "type": "Polygon", "coordinates": [ [ [ 72.964644148110821, 19.112744669124762 ], [ 72.964650677502021, 19.117492899848198 ], [ 72.960599791554813, 19.119637971043591 ], [ 72.956542680511447, 19.117034951326374 ], [ 72.956536285908513, 19.112286979255167 ], [ 72.960586867568495, 19.110141768249484 ], [ 72.964644148110821, 19.112744669124762 ] ] ] } },
{ "type": "Feature", "properties": { "hex_id": "88608b558bfffff" }, "geometry": { "type": "Polygon", "coordinates": [ [ [ 72.912019373034894, 19.159597259533324 ], [ 72.912025028828921, 19.164342595052094 ], [ 72.907976082653789, 19.166483872396014 ], [ 72.903921785261872, 19.163879954578395 ], [ 72.903916264099905, 19.159134877892374 ], [ 72.907964905705654, 19.156993460191803 ], [ 72.912019373034894, 19.159597259533324 ] ] ] } },
{ "type": "Feature", "properties": { "hex_id": "88608b5691fffff" }, "geometry": { "type": "Polygon", "coordinates": [ [ [ 72.895701028241618, 19.059004370701967 ], [ 72.895706411055315, 19.063751606798668 ], [ 72.891659690720985, 19.065896251990292 ], [ 72.887607891993028, 19.063293801090257 ], [ 72.887602643654972, 19.058546824345765 ], [ 72.891649059577034, 19.056402039149699 ], [ 72.895701028241618, 19.059004370701967 ] ] ] } },
{ "type": "Feature", "properties": { "hex_id": "88608b5501fffff" }, "geometry": { "type": "Polygon", "coordinates": [ [ [ 72.972832943548553, 19.170176298934933 ], [ 72.972839610411697, 19.174923399788973 ], [ 72.968787509986399, 19.1770665071808 ], [ 72.964729047086109, 19.174462653736608 ], [ 72.964722515096256, 19.169715811245563 ], [ 72.968774311141217, 19.167572563836231 ], [ 72.972832943548553, 19.170176298934933 ] ] ] } },
{ "type": "Feature", "properties": { "hex_id": "88608b4749fffff" }, "geometry": { "type": "Polygon", "coordinates": [ [ [ 72.908009617944771, 19.194952325786709 ], [ 72.908015207808475, 19.199696661493334 ], [ 72.903965961146781, 19.201836392485639 ], [ 72.899911429287499, 19.199231928313058 ], [ 72.899905974073789, 19.194487851323888 ], [ 72.903954916077183, 19.192347979790359 ], [ 72.908009617944771, 19.194952325786709 ] ] ] } },
{ "type": "Feature", "properties": { "hex_id": "88608b55d5fffff" }, "geometry": { "type": "Polygon", "coordinates": [ [ [ 72.916062699238296, 19.152709921951317 ], [ 72.91606842207554, 19.157455560563317 ], [ 72.912019373034894, 19.159597259533324 ], [ 72.907964905705654, 19.156993460191803 ], [ 72.907959317509452, 19.152248080412111 ], [ 72.912008062009264, 19.150106241142183 ], [ 72.916062699238296, 19.152709921951317 ] ] ] } },
{ "type": "Feature", "properties": { "hex_id": "88608b0925fffff" }, "geometry": { "type": "Polygon", "coordinates": [ [ [ 72.839112257730179, 19.14119520084278 ], [ 72.83911670252084, 19.14593855147146 ], [ 72.835071628561508, 19.14807786119222 ], [ 72.831022414599587, 19.145473961021306 ], [ 72.831018104145684, 19.140730869809403 ], [ 72.835062873324773, 19.138591419352238 ], [ 72.839112257730179, 19.14119520084278 ] ] ] } },
{ "type": "Feature", "properties": { "hex_id": "88608b18b7fffff" }, "geometry": { "type": "Polygon", "coordinates": [ [ [ 72.83896566220443, 18.98460022743102 ], [ 72.838970102139541, 18.989347355723751 ], [ 72.83492724129853, 18.991492840061369 ], [ 72.830880244978701, 18.98889133613099 ], [ 72.830875939233337, 18.984144467884708 ], [ 72.834918495625899, 18.981998843523044 ], [ 72.83896566220443, 18.98460022743102 ] ] ] } },
{ "type": "Feature", "properties": { "hex_id": "88608b445bfffff" }, "geometry": { "type": "Polygon", "coordinates": [ [ [ 72.82296249182329, 19.182947560129904 ], [ 72.822966669217152, 19.187689350436163 ], [ 72.81892180820779, 19.189826410194978 ], [ 72.81487307473634, 19.187221820675202 ], [ 72.814869031656642, 19.182480289728751 ], [ 72.818913587742102, 19.180343088942887 ], [ 72.82296249182329, 19.182947560129904 ] ] ] } },
{ "type": "Feature", "properties": { "hex_id": "88608b0155fffff" }, "geometry": { "type": "Polygon", "coordinates": [ [ [ 72.802540621985997, 18.946948654632084 ], [ 72.802544457361563, 18.951695460910397 ], [ 72.798503934827181, 18.953841085388731 ], [ 72.794459881416827, 18.951240043670946 ], [ 72.794456180056727, 18.946493497843047 ], [ 72.798496398099331, 18.944347733283212 ], [ 72.802540621985997, 18.946948654632084 ] ] ] } },
{ "type": "Feature", "properties": { "hex_id": "88608b19bdfffff" }, "geometry": { "type": "Polygon", "coordinates": [ [ [ 72.879474528552734, 19.029606270595245 ], [ 72.879479641429995, 19.034353673703972 ], [ 72.875434138734931, 19.036498878866869 ], [ 72.871383827576082, 19.03389682089497 ], [ 72.871378849085147, 19.029149677369745 ], [ 72.875424047374551, 19.027004332233528 ], [ 72.879474528552734, 19.029606270595245 ] ] ] } },
{ "type": "Feature", "properties": { "hex_id": "88608b0b31fffff" }, "geometry": { "type": "Polygon", "coordinates": [ [ [ 72.843098794099888, 19.077378993018794 ], [ 72.843103304053287, 19.082124026893386 ], [ 72.83905893172593, 19.084266005661132 ], [ 72.83501035408419, 19.081663090976804 ], [ 72.835005978423069, 19.076918316748671 ], [ 72.83905004611924, 19.074776197559054 ], [ 72.843098794099888, 19.077378993018794 ] ] ] } },
{ "type": "Feature", "properties": { "hex_id": "88608b5683fffff" }, "geometry": { "type": "Polygon", "coordinates": [ [ [ 72.907858761643439, 19.066811518037781 ], [ 72.907864346506869, 19.071558971165725 ], [ 72.903816914470809, 19.073703757219597 ], [ 72.899764201966079, 19.071101230108891 ], [ 72.899758751631907, 19.066354036216584 ], [ 72.903805879281009, 19.064209110199947 ], [ 72.907858761643439, 19.066811518037781 ] ] ] } },
{ "type": "Feature", "properties": { "hex_id": "88608b4667fffff" }, "geometry": { "type": "Polygon", "coordinates": [ [ [ 72.875585589411045, 19.178862006303685 ], [ 72.875590640360414, 19.183605655129146 ], [ 72.871543226407354, 19.185744823392692 ], [ 72.867491066248505, 19.183140483506193 ], [ 72.867486149810446, 19.178397093690286 ], [ 72.871533259027771, 19.1762577847519 ], [ 72.875585589411045, 19.178862006303685 ] ] ] } },
{ "type": "Feature", "properties": { "hex_id": "88608b1933fffff" }, "geometry": { "type": "Polygon", "coordinates": [ [ [ 72.919967161623248, 19.031884709642924 ], [ 72.919972946901169, 19.036633409790046 ], [ 72.915925408034667, 19.038780018483834 ], [ 72.911872388169215, 19.036178066757685 ], [ 72.91186673743394, 19.031429625900909 ], [ 72.915913972029287, 19.029282877480536 ], [ 72.919967161623248, 19.031884709642924 ] ] ] } },
{ "type": "Feature", "properties": { "hex_id": "88608b476dfffff" }, "geometry": { "type": "Polygon", "coordinates": [ [ [ 72.916148561721258, 19.22388231612803 ], [ 72.916154287405206, 19.228626211592942 ], [ 72.912104229636284, 19.230765098744495 ], [ 72.90804875088287, 19.228160231050843 ], [ 72.908043159907066, 19.223416594128636 ], [ 72.912092912984363, 19.221277566357905 ], [ 72.916148561721258, 19.22388231612803 ] ] ] } },
{ "type": "Feature", "properties": { "hex_id": "88608b5469fffff" }, "geometry": { "type": "Polygon", "coordinates": [ [ [ 72.968708330044578, 19.120095896840198 ], [ 72.968714927169728, 19.124844083804433 ], [ 72.9646637369339, 19.126989015182094 ], [ 72.960606253869372, 19.124385899413788 ], [ 72.960599791554813, 19.119637971043591 ], [ 72.964650677502021, 19.117492899848198 ], [ 72.968708330044578, 19.120095896840198 ] ] ] } },
{ "type": "Feature", "properties": { "hex_id": "88608b444dfffff" }, "geometry": { "type": "Polygon", "coordinates": [ [ [ 72.855359990120064, 19.199041747634141 ], [ 72.855364705553086, 19.203784226328455 ], [ 72.851318009567578, 19.205921847419145 ], [ 72.847266903004751, 19.203317130710058 ], [ 72.847262322024775, 19.198574911084393 ], [ 72.851308713162439, 19.19643714909979 ], [ 72.855359990120064, 19.199041747634141 ] ] ] } },
{ "type": "Feature", "properties": { "hex_id": "88608b0a1dfffff" }, "geometry": { "type": "Polygon", "coordinates": [ [ [ 72.818761607315238, 19.004818523065001 ], [ 72.818765712446279, 19.009564490120436 ], [ 72.814723569942004, 19.011708433125225 ], [ 72.810677626874281, 19.009106549320077 ], [ 72.810673655874709, 19.004360842371632 ], [ 72.814715493819236, 19.002216759122017 ], [ 72.818761607315238, 19.004818523065001 ] ] ] } },
{ "type": "Feature", "properties": { "hex_id": "88608b0147fffff" }, "geometry": { "type": "Polygon", "coordinates": [ [ [ 72.814675121225818, 18.954751581375657 ], [ 72.814679157883745, 18.959498608722182 ], [ 72.810637922794058, 18.961644373089491 ], [ 72.806592955521694, 18.959043250151623 ], [ 72.806589052932878, 18.954296483139863 ], [ 72.81062998355516, 18.952150578731928 ], [ 72.814675121225818, 18.954751581375657 ] ] ] } },
{ "type": "Feature", "properties": { "hex_id": "88608b4643fffff" }, "geometry": { "type": "Polygon", "coordinates": [ [ [ 72.867456654603515, 19.149934321499515 ], [ 72.86746157006408, 19.154678406238713 ], [ 72.863414967044676, 19.156818418188362 ], [ 72.85936375327465, 19.154214485995524 ], [ 72.859358972267259, 19.149470660439977 ], [ 72.863405270584551, 19.147330507894242 ], [ 72.867456654603515, 19.149934321499515 ] ] ] } },
{ "type": "Feature", "properties": { "hex_id": "88608b46e3fffff" }, "geometry": { "type": "Polygon", "coordinates": [ [ [ 72.81485690322117, 19.168255001503578 ], [ 72.814860945899056, 19.172996880082245 ], [ 72.810816694735564, 19.175134221887784 ], [ 72.806768705822122, 19.172529826127583 ], [ 72.806764797413635, 19.167788207024891 ], [ 72.810808743657049, 19.165650724207065 ], [ 72.81485690322117, 19.168255001503578 ] ] ] } },
{ "type": "Feature", "properties": { "hex_id": "88608b0b23fffff" }, "geometry": { "type": "Polygon", "coordinates": [ [ [ 72.855246866591244, 19.085187533679502 ], [ 72.855251578275897, 19.089932784801594 ], [ 72.851206493357466, 19.092074903846221 ], [ 72.847157001368601, 19.089471912149719 ], [ 72.847152424029886, 19.084726920557841 ], [ 72.851197204341929, 19.082584661132884 ], [ 72.855246866591244, 19.085187533679502 ] ] ] } },
{ "type": "Feature", "properties": { "hex_id": "88608b4553fffff" }, "geometry": { "type": "Polygon", "coordinates": [ [ [ 72.847303556310493, 19.241250697322219 ], [ 72.84730813865707, 19.245991868439749 ], [ 72.843261246592306, 19.248127518369468 ], [ 72.839210077153908, 19.24552213831635 ], [ 72.839205629269173, 19.24078122615127 ], [ 72.843252216368839, 19.238645435087452 ], [ 72.847303556310493, 19.241250697322219 ] ] ] } },
{ "type": "Feature", "properties": { "hex_id": "88608b54e5fffff" }, "geometry": { "type": "Polygon", "coordinates": [ [ [ 72.911985442207509, 19.131122816650191 ], [ 72.91199109687679, 19.135868846084676 ], [ 72.907942554032175, 19.138011247093143 ], [ 72.903888661035182, 19.135407758896054 ], [ 72.903883140971175, 19.130661988409685 ], [ 72.907931379306689, 19.128519447172856 ], [ 72.911985442207509, 19.131122816650191 ] ] ] } },
{ "type": "Feature", "properties": { "hex_id": "88608b4659fffff" }, "geometry": { "type": "Polygon", "coordinates": [ [ [ 72.859344630195594, 19.135238490485765 ], [ 72.859349410727759, 19.139982662624281 ], [ 72.855303417110861, 19.14212295575868 ], [ 72.851252947668314, 19.13951921733636 ], [ 72.851248301544615, 19.134775304497577 ], [ 72.855293990462854, 19.132634870782006 ], [ 72.859344630195594, 19.135238490485765 ] ] ] } },
{ "type": "Feature", "properties": { "hex_id": "88608b1925fffff" }, "geometry": { "type": "Polygon", "coordinates": [ [ [ 72.952397313451328, 19.047950887319473 ], [ 72.952403637840916, 19.052700280913996 ], [ 72.948354270017958, 19.05484745301683 ], [ 72.944298882005882, 19.052245371119465 ], [ 72.944292692297239, 19.047496236523017 ], [ 72.94834175592753, 19.045348924826438 ], [ 72.952397313451328, 19.047950887319473 ] ] ] } },
{ "type": "Feature", "properties": { "hex_id": "88608b0909fffff" }, "geometry": { "type": "Polygon", "coordinates": [ [ [ 72.835032234564011, 19.105385240717077 ], [ 72.83503661109485, 19.110129325958788 ], [ 72.830992244420742, 19.112269900637596 ], [ 72.82694380594171, 19.109666530675533 ], [ 72.826939563698502, 19.104922705023768 ], [ 72.830983625654554, 19.102781989744759 ], [ 72.835032234564011, 19.105385240717077 ] ] ] } },
{ "type": "Feature", "properties": { "hex_id": "88608b55ebfffff" }, "geometry": { "type": "Polygon", "coordinates": [ [ [ 72.932290287821672, 19.167870814455288 ], [ 72.932296280630837, 19.172616622905693 ], [ 72.928246215217598, 19.174758322662012 ], [ 72.924190461519771, 19.172154354233477 ], [ 72.924184603427634, 19.16740880444021 ], [ 72.928234364324098, 19.165266964418866 ], [ 72.932290287821672, 19.167870814455288 ] ] ] } },
{ "type": "Feature", "properties": { "hex_id": "88608b545bfffff" }, "geometry": { "type": "Polygon", "coordinates": [ [ [ 72.936243521992793, 19.089777037011032 ], [ 72.936249578858181, 19.094524880215658 ], [ 72.932200419521195, 19.096669808498692 ], [ 72.92814550766407, 19.094067033464469 ], [ 72.928139585457473, 19.089319449204091 ], [ 72.93218844045704, 19.087174381034231 ], [ 72.936243521992793, 19.089777037011032 ] ] ] } },
{ "type": "Feature", "properties": { "hex_id": "88608b189bfffff" }, "geometry": { "type": "Polygon", "coordinates": [ [ [ 72.83488789033197, 18.948766286826469 ], [ 72.834892262082562, 18.953514134323814 ], [ 72.830850107754728, 18.955660878755253 ], [ 72.826803886070479, 18.953059915575121 ], [ 72.826799648460607, 18.948312328295057 ], [ 72.830841498402094, 18.946165443978597 ], [ 72.83488789033197, 18.948766286826469 ] ] ] } },
{ "type": "Feature", "properties": { "hex_id": "88608b46d5fffff" }, "geometry": { "type": "Polygon", "coordinates": [ [ [ 72.802701817139024, 19.146216563187849 ], [ 72.802705657852059, 19.150958572824251 ], [ 72.798662321443061, 19.153096337644314 ], [ 72.794615449243182, 19.150492233818511 ], [ 72.7946117427324, 19.145750483832067 ], [ 72.798654774227103, 19.143612578022115 ], [ 72.802701817139024, 19.146216563187849 ] ] ] } },
{ "type": "Feature", "properties": { "hex_id": "88608b19a1fffff" }, "geometry": { "type": "Polygon", "coordinates": [ [ [ 72.891627799402428, 19.037412240599053 ], [ 72.891633114181928, 19.042159861692745 ], [ 72.887586899684109, 19.04430520755152 ], [ 72.883535674795084, 19.041703072249007 ], [ 72.883530494455513, 19.036955710622433 ], [ 72.887576404572826, 19.034810224831851 ], [ 72.891627799402428, 19.037412240599053 ] ] ] } },
{ "type": "Feature", "properties": { "hex_id": "88608b0b15fffff" }, "geometry": { "type": "Polygon", "coordinates": [ [ [ 72.843085265135997, 19.063143203816839 ], [ 72.843089774641257, 19.067888581419567 ], [ 72.839045603536619, 19.070031121582094 ], [ 72.834997227535581, 19.067428424499695 ], [ 72.834992852309227, 19.062683306600707 ], [ 72.839036718812835, 19.060540626081 ], [ 72.843085265135997, 19.063143203816839 ] ] ] } },
{ "type": "Feature", "properties": { "hex_id": "88608b4545fffff" }, "geometry": { "type": "Polygon", "coordinates": [ [ [ 72.879720137866769, 19.257351811933393 ], [ 72.879725258883738, 19.262093667449587 ], [ 72.875676532119897, 19.264229879560606 ], [ 72.871622989235334, 19.261624377156178 ], [ 72.871618002819091, 19.256882780300558 ], [ 72.875666424694543, 19.254746427189289 ], [ 72.879720137866769, 19.257351811933393 ] ] ] } },
{ "type": "Feature", "properties": { "hex_id": "88608b464bfffff" }, "geometry": { "type": "Polygon", "coordinates": [ [ [ 72.87149837840154, 19.143049500220211 ], [ 72.871503360852756, 19.147793887932469 ], [ 72.867456654603515, 19.149934321499515 ], [ 72.863405270584551, 19.147330507894242 ], [ 72.863400422595475, 19.14258637936523 ], [ 72.86744682417104, 19.140445805258839 ], [ 72.87149837840154, 19.143049500220211 ] ] ] } },
{ "type": "Feature", "properties": { "hex_id": "88608b0b0dfffff" }, "geometry": { "type": "Polygon", "coordinates": [ [ [ 72.867368204158993, 19.064521086254157 ], [ 72.867373116688839, 19.069267242617745 ], [ 72.863327722031713, 19.071410624693641 ], [ 72.859277719373651, 19.068807990616001 ], [ 72.859272941216645, 19.06406209378093 ], [ 72.863318031352662, 19.061918571495621 ], [ 72.867368204158993, 19.064521086254157 ] ] ] } },
{ "type": "Feature", "properties": { "hex_id": "88608b54d7fffff" }, "geometry": { "type": "Polygon", "coordinates": [ [ [ 72.879551239500344, 19.100805304418021 ], [ 72.879556354919188, 19.105550988971189 ], [ 72.875509845254342, 19.107693388961025 ], [ 72.871458524734877, 19.105090244695315 ], [ 72.871453543769306, 19.100344819439577 ], [ 72.875499748877772, 19.098202279152733 ], [ 72.879551239500344, 19.100805304418021 ] ] ] } },
{ "type": "Feature", "properties": { "hex_id": "88608b1917fffff" }, "geometry": { "type": "Polygon", "coordinates": [ [ [ 72.919949806939698, 19.017637924383575 ], [ 72.91995559164252, 19.022386966878571 ], [ 72.915908254310807, 19.024534135742751 ], [ 72.911855436525073, 19.021932401774123 ], [ 72.911849786351468, 19.017183618626376 ], [ 72.915896819442167, 19.015036310100648 ], [ 72.919949806939698, 19.017637924383575 ] ] ] } },
{ "type": "Feature", "properties": { "hex_id": "88608b55ddfffff" }, "geometry": { "type": "Polygon", "coordinates": [ [ [ 72.920106061224203, 19.145821859839259 ], [ 72.920111851105773, 19.150567801421683 ], [ 72.916062699238296, 19.152709921951317 ], [ 72.912008062009264, 19.150106241142183 ], [ 72.91200240677766, 19.145360558391573 ], [ 72.916051254132924, 19.143218297618819 ], [ 72.920106061224203, 19.145821859839259 ] ] ] } },
{ "type": "Feature", "properties": { "hex_id": "88608b46cdfffff" }, "geometry": { "type": "Polygon", "coordinates": [ [ [ 72.826977748946604, 19.147612989880059 ], [ 72.826981992454748, 19.152355778117222 ], [ 72.822937430366366, 19.154494385311537 ], [ 72.818888929612811, 19.151890345111699 ], [ 72.818884820401095, 19.147147816349932 ], [ 72.822929077654337, 19.145009068313236 ], [ 72.826977748946604, 19.147612989880059 ] ] ] } },
{ "type": "Feature", "properties": { "hex_id": "88608b5559fffff" }, "geometry": { "type": "Polygon", "coordinates": [ [ [ 72.972792947012422, 19.141691259093275 ], [ 72.972799612549125, 19.146439055276147 ], [ 72.96874791607695, 19.148583285629659 ], [ 72.964689858395985, 19.145979859690129 ], [ 72.964683327705643, 19.141232321985566 ], [ 72.968734719857721, 19.139087951742724 ], [ 72.972792947012422, 19.141691259093275 ] ] ] } },
{ "type": "Feature", "properties": { "hex_id": "88608b4751fffff" }, "geometry": { "type": "Polygon", "coordinates": [ [ [ 72.883701536325148, 19.193557990572895 ], [ 72.883706722332818, 19.198301549951456 ], [ 72.879658698903228, 19.200440436843493 ], [ 72.875605794212959, 19.19783590504694 ], [ 72.87560074276135, 19.193092604561546 ], [ 72.879648461451822, 19.190953576980093 ], [ 72.883701536325148, 19.193557990572895 ] ] ] } },
{ "type": "Feature", "properties": { "hex_id": "88608b0a01fffff" }, "geometry": { "type": "Polygon", "coordinates": [ [ [ 72.830901775844197, 19.012623973945203 ], [ 72.830906082445082, 19.017370160397117 ], [ 72.826863227342486, 19.019514243442401 ], [ 72.822816370182039, 19.01691228024012 ], [ 72.822812197766311, 19.012166353779275 ], [ 72.826854748333687, 19.010022130530334 ], [ 72.830901775844197, 19.012623973945203 ] ] ] } },
{ "type": "Feature", "properties": { "hex_id": "88608b56e9fffff" }, "geometry": { "type": "Polygon", "coordinates": [ [ [ 72.940268289553089, 19.068638418524419 ], [ 72.940274412846151, 19.073386908007802 ], [ 72.936225352601198, 19.075532817952666 ], [ 72.932170473349657, 19.072930378179841 ], [ 72.932164484710867, 19.068182147697168 ], [ 72.936213240677148, 19.066036097987169 ], [ 72.940268289553089, 19.068638418524419 ] ] ] } },
{ "type": "Feature", "properties": { "hex_id": "88608b56e3fffff" }, "geometry": { "type": "Polygon", "coordinates": [ [ [ 72.928121820015392, 19.075076007092992 ], [ 72.928127741633162, 19.079823935957315 ], [ 72.924079190969522, 19.081969144006386 ], [ 72.920025023030419, 19.079366563063374 ], [ 72.920019236026761, 19.074618893259302 ], [ 72.924067482355952, 19.0724735453386 ], [ 72.928121820015392, 19.075076007092992 ] ] ] } },
{ "type": "Feature", "properties": { "hex_id": "88608b5553fffff" }, "geometry": { "type": "Polygon", "coordinates": [ [ [ 72.960638568656407, 19.148123808556303 ], [ 72.960645032256721, 19.152871043416308 ], [ 72.956593844968367, 19.155014570838929 ], [ 72.952536498463687, 19.152411003397788 ], [ 72.9525301696696, 19.147664027075635 ], [ 72.956581052581754, 19.145520359657286 ], [ 72.960638568656407, 19.148123808556303 ] ] ] } },
{ "type": "Feature", "properties": { "hex_id": "88608b0b07fffff" }, "geometry": { "type": "Polygon", "coordinates": [ [ [ 72.855232732473766, 19.070951092014621 ], [ 72.855237443690186, 19.075696687225058 ], [ 72.851192560064945, 19.07783936767019 ], [ 72.847143269807333, 19.075236593221199 ], [ 72.84713869292348, 19.070491257598285 ], [ 72.851183271972502, 19.068348436837475 ], [ 72.855232732473766, 19.070951092014621 ] ] ] } },
{ "type": "Feature", "properties": { "hex_id": "88608b1993fffff" }, "geometry": { "type": "Polygon", "coordinates": [ [ [ 72.859215615675993, 19.007102418810778 ], [ 72.859220391934201, 19.01184968552608 ], [ 72.855176210047276, 19.013995030144734 ], [ 72.851127556337218, 19.011393248047611 ], [ 72.851122914367082, 19.006646241147479 ], [ 72.855166791826761, 19.004500756529964 ], [ 72.859215615675993, 19.007102418810778 ] ] ] } },
{ "type": "Feature", "properties": { "hex_id": "88608b54c9fffff" }, "geometry": { "type": "Polygon", "coordinates": [ [ [ 72.907892273600396, 19.095294515569439 ], [ 72.907897859574433, 19.100041279775937 ], [ 72.903850024428777, 19.102184943797837 ], [ 72.899796907764156, 19.0995819837059 ], [ 72.899791456346207, 19.09483547862051 ], [ 72.903838987044622, 19.092691674506565 ], [ 72.907892273600396, 19.095294515569439 ] ] ] } },
{ "type": "Feature", "properties": { "hex_id": "88608b463dfffff" }, "geometry": { "type": "Polygon", "coordinates": [ [ [ 72.851290122200496, 19.177466358824702 ], [ 72.851294769709966, 19.182209230446208 ], [ 72.847248579995664, 19.184347555265092 ], [ 72.843198047595621, 19.181743149285829 ], [ 72.843193534503413, 19.177000536849093 ], [ 72.847239419401859, 19.174862071207464 ], [ 72.851290122200496, 19.177466358824702 ] ] ] } },
{ "type": "Feature", "properties": { "hex_id": "88608b4743fffff" }, "geometry": { "type": "Polygon", "coordinates": [ [ [ 72.895862590275684, 19.201371377898685 ], [ 72.895867978444045, 19.20611515105962 ], [ 72.891819242462461, 19.208254178631286 ], [ 72.887765423034168, 19.205649573689755 ], [ 72.887760169475527, 19.200906059305165 ], [ 72.891808600743275, 19.198766891086283 ], [ 72.895862590275684, 19.201371377898685 ] ] ] } },
{ "type": "Feature", "properties": { "hex_id": "88608b1893fffff" }, "geometry": { "type": "Polygon", "coordinates": [ [ [ 72.830850107754728, 18.955660878755253 ], [ 72.830854412644825, 18.96040842659643 ], [ 72.826812361711106, 18.962554751038596 ], [ 72.822766310309746, 18.959953667582631 ], [ 72.822762139551401, 18.955206379959638 ], [ 72.826803886070479, 18.953059915575121 ], [ 72.830850107754728, 18.955660878755253 ] ] ] } },
{ "type": "Feature", "properties": { "hex_id": "88608b4293fffff" }, "geometry": { "type": "Polygon", "coordinates": [ [ [ 72.916131385808427, 19.209649930164336 ], [ 72.916137110922875, 19.214394175352975 ], [ 72.912087254939806, 19.216533625241357 ], [ 72.908031978511602, 19.21392897049715 ], [ 72.908026388091884, 19.209184983909324 ], [ 72.912075939413484, 19.207045393465418 ], [ 72.916131385808427, 19.209649930164336 ] ] ] } },
{ "type": "Feature", "properties": { "hex_id": "88608b56d5fffff" }, "geometry": { "type": "Polygon", "coordinates": [ [ [ 72.91594256346383, 19.053024872891552 ], [ 72.915948282319235, 19.057772928890522 ], [ 72.911900644654352, 19.059918556531574 ], [ 72.90784759247174, 19.057316268022898 ], [ 72.907842008163456, 19.052568471258077 ], [ 72.911889341498508, 19.050422703768398 ], [ 72.91594256346383, 19.053024872891552 ] ] ] } },
{ "type": "Feature", "properties": { "hex_id": "88608b1985fffff" }, "geometry": { "type": "Polygon", "coordinates": [ [ [ 72.891611856120306, 19.023168692348683 ], [ 72.891617170371617, 19.027916655865909 ], [ 72.887571157277961, 19.030062562198157 ], [ 72.883520134291189, 19.027460644880613 ], [ 72.88351495446642, 19.022712940887534 ], [ 72.887560663209698, 19.02056689468845 ], [ 72.891611856120306, 19.023168692348683 ] ] ] } },
{ "type": "Feature", "properties": { "hex_id": "88608b5453fffff" }, "geometry": { "type": "Polygon", "coordinates": [ [ [ 72.932200419521195, 19.096669808498692 ], [ 72.932206409351096, 19.101417349716282 ], [ 72.928157352666148, 19.103561856954137 ], [ 72.92410261052521, 19.100958962918742 ], [ 72.924096755345204, 19.09621168064611 ], [ 72.92814550766407, 19.094067033464469 ], [ 72.932200419521195, 19.096669808498692 ] ] ] } },
{ "type": "Feature", "properties": { "hex_id": "88608b0969fffff" }, "geometry": { "type": "Polygon", "coordinates": [ [ [ 72.855275139040685, 19.11365731692387 ], [ 72.855279851662019, 19.118401878224351 ], [ 72.85123436409711, 19.120542873903968 ], [ 72.847184468585397, 19.117939448793013 ], [ 72.847179890336776, 19.113195146907891 ], [ 72.851225073234986, 19.111054010718966 ], [ 72.855275139040685, 19.11365731692387 ] ] ] } },
{ "type": "Feature", "properties": { "hex_id": "88608b54bbfffff" }, "geometry": { "type": "Polygon", "coordinates": [ [ [ 72.867427165260452, 19.121467387431647 ], [ 72.867432079743836, 19.126212164904526 ], [ 72.863385879592045, 19.12835330098039 ], [ 72.859335069606487, 19.125749800051569 ], [ 72.859330289549504, 19.121005281877618 ], [ 72.863376185059522, 19.11886400533416 ], [ 72.867427165260452, 19.121467387431647 ] ] ] } },
{ "type": "Feature", "properties": { "hex_id": "88608b0329fffff" }, "geometry": { "type": "Polygon", "coordinates": [ [ [ 72.83891239444813, 18.927625857276901 ], [ 72.83891683261956, 18.932374342784318 ], [ 72.834874775948578, 18.934522066762145 ], [ 72.830828585441935, 18.931921444995265 ], [ 72.830824281406848, 18.927173219760686 ], [ 72.834866033749904, 18.925025356020882 ], [ 72.83891239444813, 18.927625857276901 ] ] ] } },
{ "type": "Feature", "properties": { "hex_id": "88608b55e3fffff" }, "geometry": { "type": "Polygon", "coordinates": [ [ [ 72.928246215217598, 19.174758322662012 ], [ 72.928252140959046, 19.179503827775125 ], [ 72.924202178286748, 19.181645105801593 ], [ 72.920146594426242, 19.179041019037243 ], [ 72.920140803392911, 19.174295772581729 ], [ 72.924190461519771, 19.172154354233477 ], [ 72.928246215217598, 19.174758322662012 ] ] ] } },
{ "type": "Feature", "properties": { "hex_id": "88608b4757fffff" }, "geometry": { "type": "Polygon", "coordinates": [ [ [ 72.879658698903228, 19.200440436843493 ], [ 72.879663817883483, 19.205183692393231 ], [ 72.875615897618488, 19.207322157252481 ], [ 72.871563163148707, 19.204717507308516 ], [ 72.871558178715574, 19.199974510652162 ], [ 72.875605794212959, 19.19783590504694 ], [ 72.879658698903228, 19.200440436843493 ] ] ] } },
{ "type": "Feature", "properties": { "hex_id": "88608b55c1fffff" }, "geometry": { "type": "Polygon", "coordinates": [ [ [ 72.932272310586256, 19.153632693682123 ], [ 72.932278302799389, 19.158378849782629 ], [ 72.928228439172031, 19.160521111410588 ], [ 72.924172887825961, 19.15791735713961 ], [ 72.924167030316411, 19.153171459753981 ], [ 72.928216589457165, 19.151029057925005 ], [ 72.932272310586256, 19.153632693682123 ] ] ] } },
{ "type": "Feature", "properties": { "hex_id": "88608b4735fffff" }, "geometry": { "type": "Polygon", "coordinates": [ [ [ 72.875646211854161, 19.235778119374867 ], [ 72.875651264812987, 19.240520371560848 ], [ 72.871603044562178, 19.24265728807417 ], [ 72.867550076216887, 19.240052093331805 ], [ 72.867545157822988, 19.23531009992308 ], [ 72.871593073217298, 19.233173042479997 ], [ 72.875646211854161, 19.235778119374867 ] ] ] } },
{ "type": "Feature", "properties": { "hex_id": "88608b5431fffff" }, "geometry": { "type": "Polygon", "coordinates": [ [ [ 72.928192892384345, 19.132043562782954 ], [ 72.928198816357948, 19.136790109937547 ], [ 72.924149458952812, 19.138933073386617 ], [ 72.920094482036816, 19.136329629811108 ], [ 72.920088692731028, 19.131583341487239 ], [ 72.924137745681193, 19.129440237908671 ], [ 72.928192892384345, 19.132043562782954 ] ] ] } },
{ "type": "Feature", "properties": { "hex_id": "88608b4415fffff" }, "geometry": { "type": "Polygon", "coordinates": [ [ [ 72.814893292144205, 19.21092773421211 ], [ 72.814897336027713, 19.215668568255797 ], [ 72.810852481109166, 19.2178042204912 ], [ 72.8068038873257, 19.215199179887424 ], [ 72.806799977751709, 19.210458605145607 ], [ 72.810844527659512, 19.208322811706328 ], [ 72.814893292144205, 19.21092773421211 ] ] ] } },
{ "type": "Feature", "properties": { "hex_id": "88608b56c7fffff" }, "geometry": { "type": "Polygon", "coordinates": [ [ [ 72.92810405633962, 19.06083153226885 ], [ 72.928109977368635, 19.065579805187692 ], [ 72.924061628340169, 19.067725573915407 ], [ 72.920007662594841, 19.065123209531802 ], [ 72.920001876166538, 19.060375195730401 ], [ 72.924049920890667, 19.058229287195761 ], [ 72.92810405633962, 19.06083153226885 ] ] ] } },
{ "type": "Feature", "properties": { "hex_id": "88608b5537fffff" }, "geometry": { "type": "Polygon", "coordinates": [ [ [ 72.952587136371889, 19.19038264080816 ], [ 72.95259346705501, 19.195128572925217 ], [ 72.948542080972473, 19.197270133439165 ], [ 72.94448466870854, 19.194665902073773 ], [ 72.944478472840771, 19.18992022838016 ], [ 72.948529554429371, 19.18777852762901 ], [ 72.952587136371889, 19.19038264080816 ] ] ] } },
{ "type": "Feature", "properties": { "hex_id": "88608b0901fffff" }, "geometry": { "type": "Polygon", "coordinates": [ [ [ 72.830992244420742, 19.112269900637596 ], [ 72.830996554017986, 19.117013683516944 ], [ 72.826952290849661, 19.119153836843225 ], [ 72.822904022838344, 19.116550347947822 ], [ 72.822899847519793, 19.111806824658832 ], [ 72.82694380594171, 19.109666530675533 ], [ 72.830992244420742, 19.112269900637596 ] ] ] } },
{ "type": "Feature", "properties": { "hex_id": "88608b46abfffff" }, "geometry": { "type": "Polygon", "coordinates": [ [ [ 72.802724863325665, 19.174666887074171 ], [ 72.802728704802107, 19.179408202712732 ], [ 72.798684966091059, 19.18154484172241 ], [ 72.794637690886162, 19.178940306212201 ], [ 72.79463398363869, 19.174199250107868 ], [ 72.798677417375004, 19.172062469980162 ], [ 72.802724863325665, 19.174666887074171 ] ] ] } },
{ "type": "Feature", "properties": { "hex_id": "88608b54adfffff" }, "geometry": { "type": "Polygon", "coordinates": [ [ [ 72.899840525612262, 19.137549878743677 ], [ 72.899845978656487, 19.142295346503801 ], [ 72.895797946184814, 19.144437044895664 ], [ 72.89174476524137, 19.141833415862468 ], [ 72.891739446762202, 19.137088207109606 ], [ 72.895787174669238, 19.134946368383208 ], [ 72.899840525612262, 19.137549878743677 ] ] ] } },
{ "type": "Feature", "properties": { "hex_id": "88608b4621fffff" }, "geometry": { "type": "Polygon", "coordinates": [ [ [ 72.863444060281239, 19.185279370581576 ], [ 72.863448909716467, 19.190022456812571 ], [ 72.859402007037872, 19.192160921958926 ], [ 72.855350559722865, 19.189556441655668 ], [ 72.855345844758631, 19.184813614492931 ], [ 72.859392442646268, 19.182675008565763 ], [ 72.863444060281239, 19.185279370581576 ] ] ] } },
{ "type": "Feature", "properties": { "hex_id": "88608b191dfffff" }, "geometry": { "type": "Polygon", "coordinates": [ [ [ 72.93209263652399, 19.011194455599 ], [ 72.93209862278168, 19.015944058014895 ], [ 72.928050775907678, 19.018091928009174 ], [ 72.923997246969179, 19.015490335143102 ], [ 72.923991395280879, 19.010740992014735 ], [ 72.928038937969475, 19.008592982465494 ], [ 72.93209263652399, 19.011194455599 ] ] ] } },
{ "type": "Feature", "properties": { "hex_id": "88608b0a61fffff" }, "geometry": { "type": "Polygon", "coordinates": [ [ [ 72.851136840738718, 19.020886920380924 ], [ 72.851141483170096, 19.025633585691978 ], [ 72.847097507790011, 19.027778089328727 ], [ 72.843049194470368, 19.025176067768253 ], [ 72.843044686309099, 19.020429662273848 ], [ 72.847088357205209, 19.018285018523919 ], [ 72.851136840738718, 19.020886920380924 ] ] ] } },
{ "type": "Feature", "properties": { "hex_id": "88608b55b3fffff" }, "geometry": { "type": "Polygon", "coordinates": [ [ [ 72.891787319421383, 19.179790921200368 ], [ 72.891792639487306, 19.184535087869406 ], [ 72.887744409844473, 19.186674818629051 ], [ 72.883691164825549, 19.184070523296313 ], [ 72.883685979333563, 19.179326615519809 ], [ 72.887733904294365, 19.177186744184038 ], [ 72.891787319421383, 19.179790921200368 ] ] ] } },
{ "type": "Feature", "properties": { "hex_id": "88608b4727fffff" }, "geometry": { "type": "Polygon", "coordinates": [ [ [ 72.887807457773476, 19.243593494886838 ], [ 72.887812712899802, 19.248335959890923 ], [ 72.883763779764564, 19.250473016979623 ], [ 72.879709896342149, 19.24786774995221 ], [ 72.879704775834483, 19.243125543608542 ], [ 72.883753404138417, 19.240988345632413 ], [ 72.887807457773476, 19.243593494886838 ] ] ] } },
{ "type": "Feature", "properties": { "hex_id": "88608b4651fffff" }, "geometry": { "type": "Polygon", "coordinates": [ [ [ 72.855303417110861, 19.14212295575868 ], [ 72.855308130669144, 19.146866825045979 ], [ 72.851262240377551, 19.149006696610215 ], [ 72.8472119412626, 19.146402839525702 ], [ 72.847207362103802, 19.141659229538526 ], [ 72.851252947668314, 19.13951921733636 ], [ 72.855303417110861, 19.14212295575868 ] ] ] } },
{ "type": "Feature", "properties": { "hex_id": "88608b54ddfffff" }, "geometry": { "type": "Polygon", "coordinates": [ [ [ 72.891691588380283, 19.09437613891463 ], [ 72.891696905273406, 19.099122384820284 ], [ 72.88764988495835, 19.101265486895613 ], [ 72.883597852259058, 19.098662483256675 ], [ 72.883592669859453, 19.093916496589369 ], [ 72.887639385673424, 19.091773254323247 ], [ 72.891691588380283, 19.09437613891463 ] ] ] } },
{ "type": "Feature", "properties": { "hex_id": "88608b0b67fffff" }, "geometry": { "type": "Polygon", "coordinates": [ [ [ 72.875479558131673, 19.07921868053722 ], [ 72.875484605567337, 19.083964752413586 ], [ 72.871438601862792, 19.086107854047526 ], [ 72.867387855254947, 19.083505024030494 ], [ 72.86738294223683, 19.078759211566897 ], [ 72.871428641416813, 19.076615969708133 ], [ 72.875479558131673, 19.07921868053722 ] ] ] } },
{ "type": "Feature", "properties": { "hex_id": "88608b5423fffff" }, "geometry": { "type": "Polygon", "coordinates": [ [ [ 72.940360160265001, 19.139853684886653 ], [ 72.940366286603592, 19.144600446802919 ], [ 72.93631621763052, 19.146743551444281 ], [ 72.932260326755951, 19.144140034257269 ], [ 72.932254335138779, 19.139393531054765 ], [ 72.93630409968253, 19.137250286326012 ], [ 72.940360160265001, 19.139853684886653 ] ] ] } },
{ "type": "Feature", "properties": { "hex_id": "88608b409bfffff" }, "geometry": { "type": "Polygon", "coordinates": [ [ [ 72.891867138931275, 19.250941204017263 ], [ 72.891872461643388, 19.255683622940392 ], [ 72.88782322367517, 19.257820539134642 ], [ 72.883768967835636, 19.255215177300734 ], [ 72.883763779764564, 19.250473016979623 ], [ 72.887812712899802, 19.248335959890923 ], [ 72.891867138931275, 19.250941204017263 ] ] ] } },
{ "type": "Feature", "properties": { "hex_id": "88608b4407fffff" }, "geometry": { "type": "Polygon", "coordinates": [ [ [ 72.827041416333287, 19.218742650712773 ], [ 72.827045661950933, 19.223483698989678 ], [ 72.823000093351212, 19.225619491137071 ], [ 72.818950584127862, 19.223014376170028 ], [ 72.81894647287352, 19.218273587078606 ], [ 72.822991736487054, 19.216137653769341 ], [ 72.827041416333287, 19.218742650712773 ] ] ] } },
{ "type": "Feature", "properties": { "hex_id": "88608b56b9fffff" }, "geometry": { "type": "Polygon", "coordinates": [ [ [ 72.903816914470809, 19.073703757219597 ], [ 72.903822432339965, 19.078450908726893 ], [ 72.899775103176239, 19.080595273886512 ], [ 72.895722560566668, 19.077992627559269 ], [ 72.895717177217833, 19.073245735288314 ], [ 72.899764201966079, 19.071101230108891 ], [ 72.903816914470809, 19.073703757219597 ] ] ] } },
{ "type": "Feature", "properties": { "hex_id": "88608b469dfffff" }, "geometry": { "type": "Polygon", "coordinates": [ [ [ 72.790572521580231, 19.152629717927109 ], [ 72.790576161182457, 19.157371164815601 ], [ 72.786533337389713, 19.159508227157055 ], [ 72.782487178971408, 19.156903983706325 ], [ 72.782483673531004, 19.152162796526024 ], [ 72.786526192354927, 19.150025593088913 ], [ 72.790572521580231, 19.152629717927109 ] ] ] } },
{ "type": "Feature", "properties": { "hex_id": "88608b450dfffff" }, "geometry": { "type": "Polygon", "coordinates": [ [ [ 72.867574670632095, 19.263760307736689 ], [ 72.86757959000434, 19.268501599665534 ], [ 72.863531374711897, 19.270637107649826 ], [ 72.85947854499878, 19.268031464811752 ], [ 72.859473760186916, 19.263290431601924 ], [ 72.863521670535647, 19.26115478251171 ], [ 72.867574670632095, 19.263760307736689 ] ] ] } },
{ "type": "Feature", "properties": { "hex_id": "88608b094dfffff" }, "geometry": { "type": "Polygon", "coordinates": [ [ [ 72.85526100211348, 19.099422942530911 ], [ 72.855265714266423, 19.104167849016253 ], [ 72.851220428034793, 19.106309406472281 ], [ 72.847170734294551, 19.103706197888467 ], [ 72.847166156500919, 19.098961550875934 ], [ 72.851211138096033, 19.096819852975031 ], [ 72.85526100211348, 19.099422942530911 ] ] ] } },
{ "type": "Feature", "properties": { "hex_id": "88608b4613fffff" }, "geometry": { "type": "Polygon", "coordinates": [ [ [ 72.831031035935808, 19.154959796912088 ], [ 72.831035346818155, 19.159702541469425 ], [ 72.826990479892771, 19.16184100781393 ], [ 72.822941606929902, 19.15923687045154 ], [ 72.822937430366366, 19.154494385311537 ], [ 72.826981992454748, 19.152355778117222 ], [ 72.831031035935808, 19.154959796912088 ] ] ] } },
{ "type": "Feature", "properties": { "hex_id": "88608b0a53fffff" }, "geometry": { "type": "Polygon", "coordinates": [ [ [ 72.818749292737635, 18.990579940152742 ], [ 72.818753397460924, 18.995326248020088 ], [ 72.814711455958403, 18.997470751652376 ], [ 72.810665714270016, 18.994869087597575 ], [ 72.810661743664852, 18.990123039894051 ], [ 72.814703380637781, 18.987978396082202 ], [ 72.818749292737635, 18.990579940152742 ] ] ] } },
{ "type": "Feature", "properties": { "hex_id": "88608b4719fffff" }, "geometry": { "type": "Polygon", "coordinates": [ [ [ 72.871558178715574, 19.199974510652162 ], [ 72.871563163148707, 19.204717507308516 ], [ 72.867515650883021, 19.206855690871567 ], [ 72.863463458986459, 19.204251018574084 ], [ 72.863458609069056, 19.199508280869544 ], [ 72.867505816540316, 19.197369956511213 ], [ 72.871558178715574, 19.199974510652162 ] ] ] } },
{ "type": "Feature", "properties": { "hex_id": "88608b55a5fffff" }, "geometry": { "type": "Polygon", "coordinates": [ [ [ 72.924219754894025, 19.195880362195147 ], [ 72.924225614151638, 19.200625215160716 ], [ 72.920175552473097, 19.20276550908607 ], [ 72.916119936148988, 19.200161090488706 ], [ 72.916114211603983, 19.195416496123251 ], [ 72.920163968678295, 19.193276061755554 ], [ 72.924219754894025, 19.195880362195147 ] ] ] } },
{ "type": "Feature", "properties": { "hex_id": "88608b19e5fffff" }, "geometry": { "type": "Polygon", "coordinates": [ [ [ 72.91186673743394, 19.031429625900909 ], [ 72.911872388169215, 19.036178066757685 ], [ 72.907825256348843, 19.038324394666859 ], [ 72.903772778099182, 19.035722421495802 ], [ 72.903767261875288, 19.030974239988048 ], [ 72.90781408939749, 19.028827772302904 ], [ 72.91186673743394, 19.031429625900909 ] ] ] } },
{ "type": "Feature", "properties": { "hex_id": "88608b5415fffff" }, "geometry": { "type": "Polygon", "coordinates": [ [ [ 72.928175121641686, 19.117803228695905 ], [ 72.928181045026193, 19.12255012210117 ], [ 72.924131889336593, 19.124693646982568 ], [ 72.920077114695076, 19.122090418524422 ], [ 72.92007132596494, 19.117343784007382 ], [ 72.924120177229739, 19.115200119060827 ], [ 72.928175121641686, 19.117803228695905 ] ] ] } },
{ "type": "Feature", "properties": { "hex_id": "88608b0b1bfffff" }, "geometry": { "type": "Polygon", "coordinates": [ [ [ 72.83497972749953, 19.048447266537146 ], [ 72.834984102291187, 19.053192727558468 ], [ 72.830940540386806, 19.05533554842755 ], [ 72.826892908295918, 19.052733048617508 ], [ 72.826888667738459, 19.047987847415474 ], [ 72.830931925045505, 19.045844886204861 ], [ 72.83497972749953, 19.048447266537146 ] ] ] } },
{ "type": "Feature", "properties": { "hex_id": "88608b454bfffff" }, "geometry": { "type": "Polygon", "coordinates": [ [ [ 72.871603044562178, 19.24265728807417 ], [ 72.871608030482534, 19.247399235698918 ], [ 72.867559913493793, 19.249535729803398 ], [ 72.863507115477546, 19.246930417269851 ], [ 72.863502264113151, 19.242188728422462 ], [ 72.867550076216887, 19.240052093331805 ], [ 72.871603044562178, 19.24265728807417 ] ] ] } },
{ "type": "Feature", "properties": { "hex_id": "88608b19a7fffff" }, "geometry": { "type": "Polygon", "coordinates": [ [ [ 72.887586899684109, 19.04430520755152 ], [ 72.887592147500527, 19.049052527515347 ], [ 72.883546035989099, 19.051197452708152 ], [ 72.879494981078111, 19.048595197926669 ], [ 72.879489867692683, 19.043848137430754 ], [ 72.883535674795084, 19.041703072249007 ], [ 72.887586899684109, 19.04430520755152 ] ] ] } },
{ "type": "Feature", "properties": { "hex_id": "88608b0b59fffff" }, "geometry": { "type": "Polygon", "coordinates": [ [ [ 72.859244275598144, 19.035584310567355 ], [ 72.859249052805595, 19.040330893441158 ], [ 72.855204468452257, 19.042475116827767 ], [ 72.85115541138677, 19.039872897470239 ], [ 72.851150768494108, 19.035126574297681 ], [ 72.855195048359946, 19.03298221078207 ], [ 72.859244275598144, 19.035584310567355 ] ] ] } },
{ "type": "Feature", "properties": { "hex_id": "88608b46dbfffff" }, "geometry": { "type": "Polygon", "coordinates": [ [ [ 72.794600623936603, 19.131524541508675 ], [ 72.79460433007911, 19.136266637616394 ], [ 72.790561603496741, 19.138404684408684 ], [ 72.786515475690095, 19.135800776068717 ], [ 72.78651190370509, 19.131058939726831 ], [ 72.790554325377087, 19.128920751959733 ], [ 72.794600623936603, 19.131524541508675 ] ] ] } },
{ "type": "Feature", "properties": { "hex_id": "88608b56abfffff" }, "geometry": { "type": "Polygon", "coordinates": [ [ [ 72.915976879439143, 19.081511490109918 ], [ 72.9159825994318, 19.086258858171419 ], [ 72.911934558617105, 19.08840336427674 ], [ 72.907881102207682, 19.085800642299219 ], [ 72.907875516788991, 19.081053533357473 ], [ 72.911923253213573, 19.078908887274075 ], [ 72.915976879439143, 19.081511490109918 ] ] ] } },
{ "type": "Feature", "properties": { "hex_id": "88608b40d9fffff" }, "geometry": { "type": "Polygon", "coordinates": [ [ [ 72.916165739342702, 19.238113652373897 ], [ 72.916171465596264, 19.242857197568469 ], [ 72.912121206021368, 19.244995521797147 ], [ 72.908065524922563, 19.242390441514512 ], [ 72.908059933390589, 19.237647154804492 ], [ 72.912109888243677, 19.235508689893077 ], [ 72.916165739342702, 19.238113652373897 ] ] ] } },
{ "type": "Feature", "properties": { "hex_id": "88608b551bfffff" }, "geometry": { "type": "Polygon", "coordinates": [ [ [ 72.948485718070216, 19.154554249362629 ], [ 72.948491979784308, 19.159300922716561 ], [ 72.94444130194826, 19.161443747161098 ], [ 72.940384666838142, 19.158840038354288 ], [ 72.940378539890148, 19.154093623597678 ], [ 72.94442891329399, 19.151950659051067 ], [ 72.948485718070216, 19.154554249362629 ] ] ] } },
{ "type": "Feature", "properties": { "hex_id": "88608b5491fffff" }, "geometry": { "type": "Polygon", "coordinates": [ [ [ 72.867412422787339, 19.107232363800943 ], [ 72.867417336782211, 19.111977486818954 ], [ 72.86337133803417, 19.114119184676749 ], [ 72.859320729910664, 19.111515899920359 ], [ 72.859315950328778, 19.106771036258777 ], [ 72.863361644465229, 19.10462919799776 ], [ 72.867412422787339, 19.107232363800943 ] ] ] } },
{ "type": "Feature", "properties": { "hex_id": "88608b4605fffff" }, "geometry": { "type": "Polygon", "coordinates": [ [ [ 72.863429512939859, 19.171049415807616 ], [ 72.863434361892956, 19.175792850018322 ], [ 72.859387660688199, 19.17793187781788 ], [ 72.855336415298936, 19.175327612124086 ], [ 72.855331700803433, 19.170584437039537 ], [ 72.859378097247429, 19.168445268523172 ], [ 72.863429512939859, 19.171049415807616 ] ] ] } },
{ "type": "Feature", "properties": { "hex_id": "88608b0a45fffff" }, "geometry": { "type": "Polygon", "coordinates": [ [ [ 72.851122914367082, 19.006646241147479 ], [ 72.851127556337218, 19.011393248047611 ], [ 72.847083782140075, 19.013538312264899 ], [ 72.84303567043446, 19.010936509630842 ], [ 72.843031162721076, 19.00618976260435 ], [ 72.84707463246437, 19.004044558338929 ], [ 72.851122914367082, 19.006646241147479 ] ] ] } },
{ "type": "Feature", "properties": { "hex_id": "88608b5597fffff" }, "geometry": { "type": "Polygon", "coordinates": [ [ [ 72.891771360281538, 19.165557725254086 ], [ 72.891776679818491, 19.170302239831898 ], [ 72.887728651780463, 19.172442532945617 ], [ 72.88367560886519, 19.16983845199427 ], [ 72.883670423888788, 19.165094196366841 ], [ 72.887718147274953, 19.162953762740969 ], [ 72.891771360281538, 19.165557725254086 ] ] ] } },
{ "type": "Feature", "properties": { "hex_id": "88608b470bfffff" }, "geometry": { "type": "Polygon", "coordinates": [ [ [ 72.88371709486384, 19.207788319885218 ], [ 72.883722281387222, 19.212531530318977 ], [ 72.879674056352954, 19.214669854425097 ], [ 72.875620949572422, 19.212065108851132 ], [ 72.875615897618488, 19.207322157252481 ], [ 72.879663817883483, 19.205183692393231 ], [ 72.88371709486384, 19.207788319885218 ] ] ] } },
{ "type": "Feature", "properties": { "hex_id": "88608b0b4bfffff" }, "geometry": { "type": "Polygon", "coordinates": [ [ [ 72.871393785052717, 19.043390765511745 ], [ 72.871398764038446, 19.048137566481184 ], [ 72.867353467545826, 19.050281930339299 ], [ 72.863303496537839, 19.04767963331614 ], [ 72.863298651920559, 19.042933091931697 ], [ 72.867343643950633, 19.040788587986029 ], [ 72.871393785052717, 19.043390765511745 ] ] ] } },
{ "type": "Feature", "properties": { "hex_id": "88608b5407fffff" }, "geometry": { "type": "Polygon", "coordinates": [ [ [ 72.940341782467783, 19.125612705793408 ], [ 72.940347908197083, 19.130359814320926 ], [ 72.936298041009849, 19.132503480399471 ], [ 72.932242352500282, 19.129900177974186 ], [ 72.932236361478942, 19.125153328217966 ], [ 72.936285924267025, 19.123009522116291 ], [ 72.940341782467783, 19.125612705793408 ] ] ] } },
{ "type": "Feature", "properties": { "hex_id": "88608b569dfffff" }, "geometry": { "type": "Polygon", "coordinates": [ [ [ 72.90380036196035, 19.059461614809663 ], [ 72.903805879281009, 19.064209110199947 ], [ 72.899758751631907, 19.066354036216584 ], [ 72.895706411055315, 19.063751606798668 ], [ 72.895701028241618, 19.059004370701967 ], [ 72.899747851505339, 19.05685930473021 ], [ 72.90380036196035, 19.059461614809663 ] ] ] } },
{ "type": "Feature", "properties": { "hex_id": "88608b4445fffff" }, "geometry": { "type": "Polygon", "coordinates": [ [ [ 72.851318009567578, 19.205921847419145 ], [ 72.851322658001223, 19.210664022161794 ], [ 72.847276065420161, 19.212801221126 ], [ 72.84322512928955, 19.210196386298566 ], [ 72.843220615299956, 19.205454470624694 ], [ 72.847266903004751, 19.203317130710058 ], [ 72.851318009567578, 19.205921847419145 ] ] ] } },
{ "type": "Feature", "properties": { "hex_id": "88608b550dfffff" }, "geometry": { "type": "Polygon", "coordinates": [ [ [ 72.980944320337244, 19.170636481744779 ], [ 72.980951122104912, 19.175383840902835 ], [ 72.976898614961783, 19.177527229940729 ], [ 72.972839610411697, 19.174923399788973 ], [ 72.972832943548553, 19.170176298934933 ], [ 72.976885146338802, 19.168032769929138 ], [ 72.980944320337244, 19.170636481744779 ] ] ] } },
{ "type": "Feature", "properties": { "hex_id": "88608b4681fffff" }, "geometry": { "type": "Polygon", "coordinates": [ [ [ 72.802713339659803, 19.160442245492835 ], [ 72.802717180754499, 19.16518390840352 ], [ 72.798673643204495, 19.167321110411578 ], [ 72.794626569512147, 19.164716790563581 ], [ 72.794622862633034, 19.159975387245009 ], [ 72.798666095238531, 19.157838044182927 ], [ 72.802713339659803, 19.160442245492835 ] ] ] } },
{ "type": "Feature", "properties": { "hex_id": "88608b5613fffff" }, "geometry": { "type": "Polygon", "coordinates": [ [ [ 72.944311262038596, 19.061743296815497 ], [ 72.944317452362739, 19.066492087792902 ], [ 72.940268289553089, 19.068638418524419 ], [ 72.936213240677148, 19.066036097987169 ], [ 72.936207185016187, 19.061287566009636 ], [ 72.940256043575815, 19.059141095570073 ], [ 72.944311262038596, 19.061743296815497 ] ] ] } },
{ "type": "Feature", "properties": { "hex_id": "88608b5461fffff" }, "geometry": { "type": "Polygon", "coordinates": [ [ [ 72.9646637369339, 19.126989015182094 ], [ 72.964670266974622, 19.13173689967056 ], [ 72.960619179141304, 19.133881409795428 ], [ 72.956561865592406, 19.131278175306946 ], [ 72.956555470353393, 19.126530549413275 ], [ 72.960606253869372, 19.124385899413788 ], [ 72.9646637369339, 19.126989015182094 ] ] ] } },
{ "type": "Feature", "properties": { "hex_id": "88608b5483fffff" }, "geometry": { "type": "Polygon", "coordinates": [ [ [ 72.879566586265383, 19.115042012842064 ], [ 72.879571702192749, 19.119787352037907 ], [ 72.875524991073803, 19.121929190428162 ], [ 72.871473468621843, 19.119325829984611 ], [ 72.871468487161124, 19.114580750028718 ], [ 72.875514893693534, 19.11243877127702 ], [ 72.879566586265383, 19.115042012842064 ] ] ] } },
{ "type": "Feature", "properties": { "hex_id": "88608b4467fffff" }, "geometry": { "type": "Polygon", "coordinates": [ [ [ 72.847289810181991, 19.227026483751242 ], [ 72.847294392072968, 19.231768004917335 ], [ 72.843247701481573, 19.233904218360948 ], [ 72.839196733941961, 19.231299051709598 ], [ 72.839192286499426, 19.226557789554203 ], [ 72.84323867215592, 19.224421435040021 ], [ 72.847289810181991, 19.227026483751242 ] ] ] } },
{ "type": "Feature", "properties": { "hex_id": "88608b42d7fffff" }, "geometry": { "type": "Polygon", "coordinates": [ [ [ 72.936388942195293, 19.203693407998994 ], [ 72.936395003881984, 19.2084384741622 ], [ 72.932344230258124, 19.210578909213858 ], [ 72.928287699533968, 19.207974418502822 ], [ 72.928281772613545, 19.203229610822671 ], [ 72.932332241658827, 19.201089035371005 ], [ 72.936388942195293, 19.203693407998994 ] ] ] } },
{ "type": "Feature", "properties": { "hex_id": "88608b4765fffff" }, "geometry": { "type": "Polygon", "coordinates": [ [ [ 72.912104229636284, 19.230765098744495 ], [ 72.912109888243677, 19.235508689893077 ], [ 72.908059933390589, 19.237647154804492 ], [ 72.904004624658199, 19.235042169243574 ], [ 72.903999100750042, 19.230298836637981 ], [ 72.90804875088287, 19.228160231050843 ], [ 72.912104229636284, 19.230765098744495 ] ] ] } },
{ "type": "Feature", "properties": { "hex_id": "88608b0161fffff" }, "geometry": { "type": "Polygon", "coordinates": [ [ [ 72.822774652240696, 18.969447903485175 ], [ 72.822778823413302, 18.974194851642437 ], [ 72.818736979383104, 18.976340335903888 ], [ 72.814691268659345, 18.973739012065813 ], [ 72.814687231600502, 18.968992324128376 ], [ 72.818728771159499, 18.966846699809917 ], [ 72.822774652240696, 18.969447903485175 ] ] ] } },
{ "type": "Feature", "properties": { "hex_id": "88608b5589fffff" }, "geometry": { "type": "Polygon", "coordinates": [ [ [ 72.920123431444736, 19.16005933741874 ], [ 72.920129221902158, 19.164804931711618 ], [ 72.916079868319159, 19.166946490374396 ], [ 72.912025028828921, 19.164342595052094 ], [ 72.912019373034894, 19.159597259533324 ], [ 72.91606842207554, 19.157455560563317 ], [ 72.920123431444736, 19.16005933741874 ] ] ] } },
{ "type": "Feature", "properties": { "hex_id": "88608b0b3dfffff" }, "geometry": { "type": "Polygon", "coordinates": [ [ [ 72.851192560064945, 19.07783936767019 ], [ 72.851197204341929, 19.082584661132884 ], [ 72.847152424029886, 19.084726920557841 ], [ 72.843103304053287, 19.082124026893386 ], [ 72.843098794099888, 19.077378993018794 ], [ 72.847143269807333, 19.075236593221199 ], [ 72.851192560064945, 19.07783936767019 ] ] ] } },
{ "type": "Feature", "properties": { "hex_id": "88608b19c9fffff" }, "geometry": { "type": "Polygon", "coordinates": [ [ [ 72.907775010894582, 18.995586002519794 ], [ 72.907780592983002, 19.000335168333905 ], [ 72.903734168369724, 19.002482756159235 ], [ 72.899682465912207, 18.999881317808921 ], [ 72.899677018286056, 18.995132411515367 ], [ 72.903723138662968, 18.992984684052161 ], [ 72.907775010894582, 18.995586002519794 ] ] ] } },
{ "type": "Feature", "properties": { "hex_id": "88608b0923fffff" }, "geometry": { "type": "Polygon", "coordinates": [ [ [ 72.826965019265614, 19.133383932342706 ], [ 72.826969262352051, 19.138127066932004 ], [ 72.822924901505843, 19.140266236576441 ], [ 72.818876602385998, 19.137662412410332 ], [ 72.818872493582603, 19.132919537354116 ], [ 72.822916549623869, 19.130780226931531 ], [ 72.826965019265614, 19.133383932342706 ] ] ] } },
{ "type": "Feature", "properties": { "hex_id": "88608b18b5fffff" }, "geometry": { "type": "Polygon", "coordinates": [ [ [ 72.847056334930841, 18.985055686565588 ], [ 72.84706090908702, 18.989803074846375 ], [ 72.843017640476489, 18.991948839437686 ], [ 72.838970102139541, 18.989347355723751 ], [ 72.83896566220443, 18.98460022743102 ], [ 72.843008626393058, 18.982454322864868 ], [ 72.847056334930841, 18.985055686565588 ] ] ] } },
{ "type": "Feature", "properties": { "hex_id": "88608b4459fffff" }, "geometry": { "type": "Polygon", "coordinates": [ [ [ 72.831056903372314, 19.183414527945228 ], [ 72.831061215111717, 19.188156577553066 ], [ 72.827015945581508, 19.190293918309322 ], [ 72.822966669217152, 19.187689350436163 ], [ 72.82296249182329, 19.182947560129904 ], [ 72.827007456456101, 19.18081007839583 ], [ 72.831056903372314, 19.183414527945228 ] ] ] } },
{ "type": "Feature", "properties": { "hex_id": "88608b19bbfffff" }, "geometry": { "type": "Polygon", "coordinates": [ [ [ 72.867323998712578, 19.021800533292591 ], [ 72.867328909778067, 19.026547718061689 ], [ 72.863284119031491, 19.028692782658791 ], [ 72.859234721657913, 19.026090802502154 ], [ 72.859229944925133, 19.021343877432852 ], [ 72.863274431241038, 19.01919867282103 ], [ 72.867323998712578, 19.021800533292591 ] ] ] } },
{ "type": "Feature", "properties": { "hex_id": "88608b5681fffff" }, "geometry": { "type": "Polygon", "coordinates": [ [ [ 72.915959720598579, 19.067268697316493 ], [ 72.915965440022561, 19.07201640962144 ], [ 72.911917600792819, 19.074161476589047 ], [ 72.907864346506869, 19.071558971165725 ], [ 72.907858761643439, 19.066811518037781 ], [ 72.911906296513209, 19.06466631115676 ], [ 72.915959720598579, 19.067268697316493 ] ] ] } },
{ "type": "Feature", "properties": { "hex_id": "88608b4665fffff" }, "geometry": { "type": "Polygon", "coordinates": [ [ [ 72.883685979333563, 19.179326615519809 ], [ 72.883691164825549, 19.184070523296313 ], [ 72.8796433429806, 19.18620997278795 ], [ 72.875590640360414, 19.183605655129146 ], [ 72.875585589411045, 19.178862006303685 ], [ 72.879633106547089, 19.176722416186571 ], [ 72.883685979333563, 19.179326615519809 ] ] ] } },
{ "type": "Feature", "properties": { "hex_id": "88608b1931fffff" }, "geometry": { "type": "Polygon", "coordinates": [ [ [ 72.928068534286041, 19.032339491077089 ], [ 72.928074454137814, 19.037088450455755 ], [ 72.924026508319443, 19.039235339973345 ], [ 72.919972946901169, 19.036633409790046 ], [ 72.919967161623248, 19.031884709642924 ], [ 72.924014803197551, 19.02973768044815 ], [ 72.928068534286041, 19.032339491077089 ] ] ] } },
{ "type": "Feature", "properties": { "hex_id": "88608b192bfffff" }, "geometry": { "type": "Polygon", "coordinates": [ [ [ 72.944274124402227, 19.033248146473547 ], [ 72.944280313495426, 19.037997624138946 ], [ 72.94023155405641, 19.040145075421599 ], [ 72.936176909721766, 19.037543188617747 ], [ 72.936170855264891, 19.032793970066308 ], [ 72.940219310514124, 19.030646379205333 ], [ 72.944274124402227, 19.033248146473547 ] ] ] } },
{ "type": "Feature", "properties": { "hex_id": "88608b476bfffff" }, "geometry": { "type": "Polygon", "coordinates": [ [ [ 72.903982530124367, 19.216068138879979 ], [ 72.903988053483133, 19.220811821395458 ], [ 72.899938708068973, 19.222950567651232 ], [ 72.895884144020968, 19.22034577205357 ], [ 72.895878755316687, 19.215602348197802 ], [ 72.89992779601377, 19.213463461280522 ], [ 72.903982530124367, 19.216068138879979 ] ] ] } },
{ "type": "Feature", "properties": { "hex_id": "88608b5467fffff" }, "geometry": { "type": "Polygon", "coordinates": [ [ [ 72.960619179141304, 19.133881409795428 ], [ 72.960625642098691, 19.1386289916849 ], [ 72.956574656706579, 19.140773080489957 ], [ 72.952517512710969, 19.138169727337587 ], [ 72.952511184546381, 19.13342240404355 ], [ 72.956561865592406, 19.131278175306946 ], [ 72.960619179141304, 19.133881409795428 ] ] ] } },
{ "type": "Feature", "properties": { "hex_id": "88608b444bfffff" }, "geometry": { "type": "Polygon", "coordinates": [ [ [ 72.843207074228658, 19.191228026172464 ], [ 72.843211587769517, 19.195970290500956 ], [ 72.839165604939183, 19.198107771358782 ], [ 72.83511541344852, 19.195503128824601 ], [ 72.835111034306948, 19.190761123681284 ], [ 72.839156712264611, 19.188623501887548 ], [ 72.843207074228658, 19.191228026172464 ] ] ] } },
{ "type": "Feature", "properties": { "hex_id": "88608b54ebfffff" }, "geometry": { "type": "Polygon", "coordinates": [ [ [ 72.903866581876812, 19.116423984672505 ], [ 72.903872101391983, 19.121170101236999 ], [ 72.899824167563992, 19.12331278269469 ], [ 72.895771018734536, 19.120709487801896 ], [ 72.895765633779931, 19.115963630301707 ], [ 72.89981326310199, 19.113820808630592 ], [ 72.903866581876812, 19.116423984672505 ] ] ] } },
{ "type": "Feature", "properties": { "hex_id": "88608b18a7fffff" }, "geometry": { "type": "Polygon", "coordinates": [ [ [ 72.859201287850539, 18.992859936350371 ], [ 72.859206063634204, 18.997607544161838 ], [ 72.855162082950443, 18.999753449112347 ], [ 72.851113630887994, 18.997151886185748 ], [ 72.851108989379, 18.992404538246291 ], [ 72.855152665665656, 18.990258493362099 ], [ 72.859201287850539, 18.992859936350371 ] ] ] } },
{ "type": "Feature", "properties": { "hex_id": "88608b42bbfffff" }, "geometry": { "type": "Polygon", "coordinates": [ [ [ 72.924254913354062, 19.224347733510736 ], [ 72.924260773777505, 19.229091887459717 ], [ 72.920210308466892, 19.231231056215698 ], [ 72.916154287405206, 19.228626211592942 ], [ 72.916148561721258, 19.22388231612803 ], [ 72.920198722367317, 19.221743006802296 ], [ 72.924254913354062, 19.224347733510736 ] ] ] } },
{ "type": "Feature", "properties": { "hex_id": "88608b0145fffff" }, "geometry": { "type": "Polygon", "coordinates": [ [ [ 72.822762139551401, 18.955206379959638 ], [ 72.822766310309746, 18.959953667582631 ], [ 72.818724667251502, 18.962099711967824 ], [ 72.814679157883745, 18.959498608722182 ], [ 72.814675121225818, 18.954751581375657 ], [ 72.818716459843017, 18.952605396998987 ], [ 72.822762139551401, 18.955206379959638 ] ] ] } },
{ "type": "Feature", "properties": { "hex_id": "88608b46e1fffff" }, "geometry": { "type": "Polygon", "coordinates": [ [ [ 72.822949960472116, 19.16872149370942 ], [ 72.822954137450793, 19.1734636317058 ], [ 72.818909477713504, 19.175601254410356 ], [ 72.814860945899056, 19.172996880082245 ], [ 72.81485690322117, 19.168255001503578 ], [ 72.818901258064798, 19.166117237835937 ], [ 72.822949960472116, 19.16872149370942 ] ] ] } },
{ "type": "Feature", "properties": { "hex_id": "88608b0b21fffff" }, "geometry": { "type": "Polygon", "coordinates": [ [ [ 72.86334225925421, 19.085647844888559 ], [ 72.863347105316123, 19.090393355482487 ], [ 72.859301612533201, 19.092535755273158 ], [ 72.855251578275897, 19.089932784801594 ], [ 72.855246866591244, 19.085187533679502 ], [ 72.859292054794466, 19.08304499355777 ], [ 72.86334225925421, 19.085647844888559 ] ] ] } },
{ "type": "Feature", "properties": { "hex_id": "88608b19adfffff" }, "geometry": { "type": "Polygon", "coordinates": [ [ [ 72.899726053419116, 19.03786846865955 ], [ 72.899731502669837, 19.042616349161793 ], [ 72.895684880870519, 19.044761975736847 ], [ 72.891633114181928, 19.042159861692745 ], [ 72.891627799402428, 19.037412240599053 ], [ 72.895674116848099, 19.035266474141512 ], [ 72.899726053419116, 19.03786846865955 ] ] ] } },
{ "type": "Feature", "properties": { "hex_id": "88608b4551fffff" }, "geometry": { "type": "Polygon", "coordinates": [ [ [ 72.855402434643835, 19.241719864792216 ], [ 72.855407151483632, 19.246461294803851 ], [ 72.851359851017094, 19.248597226084904 ], [ 72.84730813865707, 19.245991868439749 ], [ 72.847303556310493, 19.241250697322219 ], [ 72.851350551838564, 19.239114624956308 ], [ 72.855402434643835, 19.241719864792216 ] ] ] } },
{ "type": "Feature", "properties": { "hex_id": "88608b54e3fffff" }, "geometry": { "type": "Polygon", "coordinates": [ [ [ 72.899824167563992, 19.12331278269469 ], [ 72.899829620066029, 19.128058596778207 ], [ 72.895781789179196, 19.130200856903564 ], [ 72.891728810332609, 19.127597443216203 ], [ 72.89172349238217, 19.122851888197498 ], [ 72.895771018734536, 19.120709487801896 ], [ 72.899824167563992, 19.12331278269469 ] ] ] } },
{ "type": "Feature", "properties": { "hex_id": "88608b4657fffff" }, "geometry": { "type": "Polygon", "coordinates": [ [ [ 72.851262240377551, 19.149006696610215 ], [ 72.851266886963103, 19.153750262923701 ], [ 72.847221100035384, 19.155889712851632 ], [ 72.843170971285417, 19.15328573716133 ], [ 72.843166459090355, 19.148542430148282 ], [ 72.8472119412626, 19.146402839525702 ], [ 72.851262240377551, 19.149006696610215 ] ] ] } },
{ "type": "Feature", "properties": { "hex_id": "88608b1923fffff" }, "geometry": { "type": "Polygon", "coordinates": [ [ [ 72.94023155405641, 19.040145075421599 ], [ 72.9402376761319, 19.044894252085918 ], [ 72.936189019237517, 19.04704128283095 ], [ 72.932134544493906, 19.044439276547749 ], [ 72.932128557045857, 19.039690358998303 ], [ 72.936176909721766, 19.037543188617747 ], [ 72.94023155405641, 19.040145075421599 ] ] ] } },
{ "type": "Feature", "properties": { "hex_id": "88608b0907fffff" }, "geometry": { "type": "Polygon", "coordinates": [ [ [ 72.826952290849661, 19.119153836843225 ], [ 72.826956533514448, 19.1238973172375 ], [ 72.822912373890389, 19.126037049144998 ], [ 72.818864276384133, 19.123433441372715 ], [ 72.818860167989016, 19.118690220569157 ], [ 72.822904022838344, 19.116550347947822 ], [ 72.826952290849661, 19.119153836843225 ] ] ] } },
{ "type": "Feature", "properties": { "hex_id": "88608b475dfffff" }, "geometry": { "type": "Polygon", "coordinates": [ [ [ 72.891803280148252, 19.194023072873151 ], [ 72.891808600743275, 19.198766891086283 ], [ 72.887760169475527, 19.200906059305165 ], [ 72.883706722332818, 19.198301549951456 ], [ 72.883701536325148, 19.193557990572895 ], [ 72.88774966288068, 19.19141868171403 ], [ 72.891803280148252, 19.194023072873151 ] ] ] } },
{ "type": "Feature", "properties": { "hex_id": "88608b55e9fffff" }, "geometry": { "type": "Polygon", "coordinates": [ [ [ 72.940396921343549, 19.168332520281499 ], [ 72.940403048901004, 19.173078587330309 ], [ 72.936352576295945, 19.175220568534353 ], [ 72.932296280630837, 19.172616622905693 ], [ 72.932290287821672, 19.167870814455288 ], [ 72.936340455937142, 19.165728693035661 ], [ 72.940396921343549, 19.168332520281499 ] ] ] } },
{ "type": "Feature", "properties": { "hex_id": "88608b5459fffff" }, "geometry": { "type": "Polygon", "coordinates": [ [ [ 72.944348407061383, 19.090234321530154 ], [ 72.944354598616783, 19.09498242362022 ], [ 72.940305032356179, 19.097127633044032 ], [ 72.936249578858181, 19.094524880215658 ], [ 72.936243521992793, 19.089777037011032 ], [ 72.940292783943178, 19.087631687749891 ], [ 72.944348407061383, 19.090234321530154 ] ] ] } },
{ "type": "Feature", "properties": { "hex_id": "88608b0a0dfffff" }, "geometry": { "type": "Polygon", "coordinates": [ [ [ 72.83899230402055, 19.013081293486064 ], [ 72.838996744837885, 19.017827739870725 ], [ 72.834953481791871, 19.019972103248666 ], [ 72.830906082445082, 19.017370160397117 ], [ 72.830901775844197, 19.012623973945203 ], [ 72.834944734381466, 19.010479470412761 ], [ 72.83899230402055, 19.013081293486064 ] ] ] } },
{ "type": "Feature", "properties": { "hex_id": "88608b4559fffff" }, "geometry": { "type": "Polygon", "coordinates": [ [ [ 72.859445054646329, 19.234841776511004 ], [ 72.859449838506634, 19.239583511084042 ], [ 72.855402434643835, 19.241719864792216 ], [ 72.851350551838564, 19.239114624956308 ], [ 72.851345902480475, 19.234373149277381 ], [ 72.855393001433256, 19.232236654540785 ], [ 72.859445054646329, 19.234841776511004 ] ] ] } },
{ "type": "Feature", "properties": { "hex_id": "88608b19b5fffff" }, "geometry": { "type": "Polygon", "coordinates": [ [ [ 72.875434138734931, 19.036498878866869 ], [ 72.875439184665865, 19.041245980967716 ], [ 72.871393785052717, 19.043390765511745 ], [ 72.867343643950633, 19.040788587986029 ], [ 72.867338732397087, 19.036041745469479 ], [ 72.871383827576082, 19.03389682089497 ], [ 72.875434138734931, 19.036498878866869 ] ] ] } },
{ "type": "Feature", "properties": { "hex_id": "88608b0b29fffff" }, "geometry": { "type": "Polygon", "coordinates": [ [ [ 72.86738294223683, 19.078759211566897 ], [ 72.867387855254947, 19.083505024030494 ], [ 72.86334225925421, 19.085647844888559 ], [ 72.859292054794466, 19.08304499355777 ], [ 72.859287276162547, 19.078299440565395 ], [ 72.863332567612005, 19.076156479433202 ], [ 72.86738294223683, 19.078759211566897 ] ] ] } },
{ "type": "Feature", "properties": { "hex_id": "88608b1899fffff" }, "geometry": { "type": "Polygon", "coordinates": [ [ [ 72.84297708180155, 18.949219945452349 ], [ 72.84298158772414, 18.953968053108543 ], [ 72.838939025680816, 18.956115077626023 ], [ 72.834892262082562, 18.953514134323814 ], [ 72.83488789033197, 18.948766286826469 ], [ 72.838930148015464, 18.946619122473177 ], [ 72.84297708180155, 18.949219945452349 ] ] ] } },
{ "type": "Feature", "properties": { "hex_id": "88608b46e9fffff" }, "geometry": { "type": "Polygon", "coordinates": [ [ [ 72.826990479892771, 19.16184100781393 ], [ 72.826994723822693, 19.166583449151965 ], [ 72.822949960472116, 19.16872149370942 ], [ 72.818901258064798, 19.166117237835937 ], [ 72.818897148444663, 19.161375055915471 ], [ 72.822941606929902, 19.15923687045154 ], [ 72.826990479892771, 19.16184100781393 ] ] ] } },
{ "type": "Feature", "properties": { "hex_id": "88608b4543fffff" }, "geometry": { "type": "Polygon", "coordinates": [ [ [ 72.867559913493793, 19.249535729803398 ], [ 72.867564832376814, 19.254277372745019 ], [ 72.86351681868878, 19.256413444375099 ], [ 72.859464191039024, 19.25380801410672 ], [ 72.859459406702996, 19.249066629942529 ], [ 72.863507115477546, 19.246930417269851 ], [ 72.867559913493793, 19.249535729803398 ] ] ] } },
{ "type": "Feature", "properties": { "hex_id": "88608b0b13fffff" }, "geometry": { "type": "Polygon", "coordinates": [ [ [ 72.830940540386806, 19.05533554842755 ], [ 72.830944848271443, 19.060080708068213 ], [ 72.826901389832173, 19.062223108078349 ], [ 72.822853928141811, 19.059620488847038 ], [ 72.822849754482363, 19.054875589026221 ], [ 72.826892908295918, 19.052733048617508 ], [ 72.830940540386806, 19.05533554842755 ] ] ] } },
{ "type": "Feature", "properties": { "hex_id": "88608b4093fffff" }, "geometry": { "type": "Polygon", "coordinates": [ [ [ 72.88782322367517, 19.257820539134642 ], [ 72.887828479324213, 19.262562653252942 ], [ 72.883779344493817, 19.264699146934738 ], [ 72.879725258883738, 19.262093667449587 ], [ 72.879720137866769, 19.257351811933393 ], [ 72.883768967835636, 19.255215177300734 ], [ 72.88782322367517, 19.257820539134642 ] ] ] } },
{ "type": "Feature", "properties": { "hex_id": "88608b4649fffff" }, "geometry": { "type": "Polygon", "coordinates": [ [ [ 72.879597284372778, 19.143512318185579 ], [ 72.87960240131747, 19.148256965022647 ], [ 72.8755552872301, 19.150397679650798 ], [ 72.871503360852756, 19.147793887932469 ], [ 72.87149837840154, 19.143049500220211 ], [ 72.875545187842008, 19.140908645102023 ], [ 72.879597284372778, 19.143512318185579 ] ] ] } },
{ "type": "Feature", "properties": { "hex_id": "88608b54d5fffff" }, "geometry": { "type": "Polygon", "coordinates": [ [ [ 72.88764988495835, 19.101265486895613 ], [ 72.88765513486176, 19.106011430687698 ], [ 72.883608217573496, 19.108154111601351 ], [ 72.879556354919188, 19.105550988971189 ], [ 72.879551239500344, 19.100805304418021 ], [ 72.883597852259058, 19.098662483256675 ], [ 72.88764988495835, 19.101265486895613 ] ] ] } },
{ "type": "Feature", "properties": { "hex_id": "88608b1915fffff" }, "geometry": { "type": "Polygon", "coordinates": [ [ [ 72.928050775907678, 19.018091928009174 ], [ 72.92805669517098, 19.02284122979265 ], [ 72.924008950927501, 19.02498867942095 ], [ 72.91995559164252, 19.022386966878571 ], [ 72.919949806939698, 19.017637924383575 ], [ 72.923997246969179, 19.015490335143102 ], [ 72.928050775907678, 19.018091928009174 ] ] ] } },
{ "type": "Feature", "properties": { "hex_id": "88608b55dbfffff" }, "geometry": { "type": "Polygon", "coordinates": [ [ [ 72.907942554032175, 19.138011247093143 ], [ 72.907948141672719, 19.142756973801912 ], [ 72.903899701712135, 19.144898953364368 ], [ 72.899845978656487, 19.142295346503801 ], [ 72.899840525612262, 19.137549878743677 ], [ 72.903888661035182, 19.135407758896054 ], [ 72.907942554032175, 19.138011247093143 ] ] ] } },
{ "type": "Feature", "properties": { "hex_id": "88608b014dfffff" }, "geometry": { "type": "Polygon", "coordinates": [ [ [ 72.826799648460607, 18.948312328295057 ], [ 72.826803886070479, 18.953059915575121 ], [ 72.822762139551401, 18.955206379959638 ], [ 72.818716459843017, 18.952605396998987 ], [ 72.818712356342587, 18.947858069994556 ], [ 72.8227537984489, 18.945711465675863 ], [ 72.826799648460607, 18.948312328295057 ] ] ] } },
{ "type": "Feature", "properties": { "hex_id": "88608b544bfffff" }, "geometry": { "type": "Polygon", "coordinates": [ [ [ 72.956517103371681, 19.098042371662647 ], [ 72.956523497338637, 19.10279068936228 ], [ 72.952473219964531, 19.104936040170831 ], [ 72.948416852915699, 19.102333213075674 ], [ 72.948410593692316, 19.097585154144511 ], [ 72.952460566781994, 19.095439663540578 ], [ 72.956517103371681, 19.098042371662647 ] ] ] } },
{ "type": "Feature", "properties": { "hex_id": "88608b0129fffff" }, "geometry": { "type": "Polygon", "coordinates": [ [ [ 72.810649832638006, 18.9758842162503 ], [ 72.810653802848861, 18.980630604159348 ], [ 72.806612470403635, 18.982775388142716 ], [ 72.802567472281197, 18.98017392438113 ], [ 72.80256363614383, 18.975427796750971 ], [ 72.806604664063244, 18.973282872604219 ], [ 72.810649832638006, 18.9758842162503 ] ] ] } },
{ "type": "Feature", "properties": { "hex_id": "88608b56e1fffff" }, "geometry": { "type": "Polygon", "coordinates": [ [ [ 72.936225352601198, 19.075532817952666 ], [ 72.93623140886433, 19.080281005818481 ], [ 72.932182451222744, 19.082426494909448 ], [ 72.928127741633162, 19.079823935957315 ], [ 72.928121820015392, 19.075076007092992 ], [ 72.932170473349657, 19.072930378179841 ], [ 72.936225352601198, 19.075532817952666 ] ] ] } },
{ "type": "Feature", "properties": { "hex_id": "88608b4453fffff" }, "geometry": { "type": "Polygon", "coordinates": [ [ [ 72.81892180820779, 19.189826410194978 ], [ 72.818925918644922, 19.194567896793167 ], [ 72.814881161297592, 19.196704534511053 ], [ 72.810832598473169, 19.194099826714968 ], [ 72.810828622341191, 19.18935859947668 ], [ 72.81487307473634, 19.187221820675202 ], [ 72.81892180820779, 19.189826410194978 ] ] ] } },
{ "type": "Feature", "properties": { "hex_id": "88608b5551fffff" }, "geometry": { "type": "Polygon", "coordinates": [ [ [ 72.96874791607695, 19.148583285629659 ], [ 72.968754514514771, 19.153330778968641 ], [ 72.964702920426333, 19.155474587888623 ], [ 72.960645032256721, 19.152871043416308 ], [ 72.960638568656407, 19.148123808556303 ], [ 72.964689858395985, 19.145979859690129 ], [ 72.96874791607695, 19.148583285629659 ] ] ] } },
{ "type": "Feature", "properties": { "hex_id": "88608b46c5fffff" }, "geometry": { "type": "Polygon", "coordinates": [ [ [ 72.822937430366366, 19.154494385311537 ], [ 72.822941606929902, 19.15923687045154 ], [ 72.818897148444663, 19.161375055915471 ], [ 72.814848818267151, 19.158770897139068 ], [ 72.814844775991006, 19.154028671474663 ], [ 72.818888929612811, 19.151890345111699 ], [ 72.822937430366366, 19.154494385311537 ] ] ] } },
{ "type": "Feature", "properties": { "hex_id": "88608b0b05fffff" }, "geometry": { "type": "Polygon", "coordinates": [ [ [ 72.863327722031713, 19.071410624693641 ], [ 72.863332567612005, 19.076156479433202 ], [ 72.859287276162547, 19.078299440565395 ], [ 72.855237443690186, 19.075696687225058 ], [ 72.855232732473766, 19.070951092014621 ], [ 72.859277719373651, 19.068807990616001 ], [ 72.863327722031713, 19.071410624693641 ] ] ] } },
{ "type": "Feature", "properties": { "hex_id": "88608b1991fffff" }, "geometry": { "type": "Polygon", "coordinates": [ [ [ 72.867309266492072, 19.007558295457336 ], [ 72.867314177069588, 19.012305821929328 ], [ 72.863269587586458, 19.014451446988566 ], [ 72.859220391934201, 19.01184968552608 ], [ 72.859215615675993, 19.007102418810778 ], [ 72.863259900758578, 19.004956653801923 ], [ 72.867309266492072, 19.007558295457336 ] ] ] } },
{ "type": "Feature", "properties": { "hex_id": "88608b5657fffff" }, "geometry": { "type": "Polygon", "coordinates": [ [ [ 72.96456581229917, 19.055756925313119 ], [ 72.964572339093266, 19.060506535482215 ], [ 72.960522260489427, 19.0626538490733 ], [ 72.956465959266097, 19.060051692047765 ], [ 72.956459567206508, 19.055302340759852 ], [ 72.960509341643544, 19.053154887616834 ], [ 72.96456581229917, 19.055756925313119 ] ] ] } },
{ "type": "Feature", "properties": { "hex_id": "88608b54c7fffff" }, "geometry": { "type": "Polygon", "coordinates": [ [ [ 72.89980781114204, 19.109074648771898 ], [ 72.89981326310199, 19.113820808630592 ], [ 72.895765633779931, 19.115963630301707 ], [ 72.89171285701002, 19.113360432320572 ], [ 72.891707539588282, 19.108614531584202 ], [ 72.89575486440603, 19.106471569707207 ], [ 72.89980781114204, 19.109074648771898 ] ] ] } },
{ "type": "Feature", "properties": { "hex_id": "88608b463bfffff" }, "geometry": { "type": "Polygon", "coordinates": [ [ [ 72.839138928683298, 19.169653570749588 ], [ 72.839143374357647, 19.174396227406707 ], [ 72.835097897752817, 19.176534412029319 ], [ 72.831048280322108, 19.17393008086006 ], [ 72.831043969011276, 19.169187683504155 ], [ 72.835089140775466, 19.167049358016893 ], [ 72.839138928683298, 19.169653570749588 ] ] ] } },
{ "type": "Feature", "properties": { "hex_id": "88608b1907fffff" }, "geometry": { "type": "Polygon", "coordinates": [ [ [ 72.940213189047284, 19.025896859775656 ], [ 72.940219310514124, 19.030646379205333 ], [ 72.936170855264891, 19.032793970066308 ], [ 72.932116582744982, 19.030192181068767 ], [ 72.932110595892169, 19.025442920810931 ], [ 72.936158746953041, 19.02329519037939 ], [ 72.940213189047284, 19.025896859775656 ] ] ] } },
{ "type": "Feature", "properties": { "hex_id": "88608b4741fffff" }, "geometry": { "type": "Polygon", "coordinates": [ [ [ 72.903965961146781, 19.201836392485639 ], [ 72.903971483956212, 19.206580424364329 ], [ 72.899922340257476, 19.208719733352133 ], [ 72.895867978444045, 19.20611515105962 ], [ 72.895862590275684, 19.201371377898685 ], [ 72.899911429287499, 19.199231928313058 ], [ 72.903965961146781, 19.201836392485639 ] ] ] } },
{ "type": "Feature", "properties": { "hex_id": "88608b55cdfffff" }, "geometry": { "type": "Polygon", "coordinates": [ [ [ 72.940378539890148, 19.154093623597678 ], [ 72.940384666838142, 19.158840038354288 ], [ 72.936334396059138, 19.160982581370725 ], [ 72.932278302799389, 19.158378849782629 ], [ 72.932272310586256, 19.153632693682123 ], [ 72.936322276905827, 19.151490010514141 ], [ 72.940378539890148, 19.154093623597678 ] ] ] } },
{ "type": "Feature", "properties": { "hex_id": "88608b543dfffff" }, "geometry": { "type": "Polygon", "coordinates": [ [ [ 72.936298041009849, 19.132503480399471 ], [ 72.93630409968253, 19.137250286326012 ], [ 72.932254335138779, 19.139393531054765 ], [ 72.928198816357948, 19.136790109937547 ], [ 72.928192892384345, 19.132043562782954 ], [ 72.932242352500282, 19.129900177974186 ], [ 72.936298041009849, 19.132503480399471 ] ] ] } },
{ "type": "Feature", "properties": { "hex_id": "88608b4421fffff" }, "geometry": { "type": "Polygon", "coordinates": [ [ [ 72.835150451805617, 19.233434983900441 ], [ 72.835154832253423, 19.238175941616191 ], [ 72.831108653675784, 19.240311451418215 ], [ 72.827058399648067, 19.237706144681319 ], [ 72.827054153608316, 19.232965446034559 ], [ 72.831100027196086, 19.230829795056291 ], [ 72.835150451805617, 19.233434983900441 ] ] ] } },
{ "type": "Feature", "properties": { "hex_id": "88608b4291fffff" }, "geometry": { "type": "Polygon", "coordinates": [ [ [ 72.924237333249707, 19.210114571978661 ], [ 72.924243193090177, 19.214859075709441 ], [ 72.920192929605662, 19.216998807143288 ], [ 72.916137110922875, 19.214394175352975 ], [ 72.916131385808427, 19.209649930164336 ], [ 72.920181344658573, 19.207510058224404 ], [ 72.924237333249707, 19.210114571978661 ] ] ] } },
{ "type": "Feature", "properties": { "hex_id": "88608b56d3fffff" }, "geometry": { "type": "Polygon", "coordinates": [ [ [ 72.903783811095266, 19.045218441849592 ], [ 72.903789327867486, 19.049966280573411 ], [ 72.899742401712928, 19.052111767258186 ], [ 72.895690263149206, 19.049509555109999 ], [ 72.895684880870519, 19.044761975736847 ], [ 72.899731502669837, 19.042616349161793 ], [ 72.903783811095266, 19.045218441849592 ] ] ] } },
{ "type": "Feature", "properties": { "hex_id": "88608b5543fffff" }, "geometry": { "type": "Polygon", "coordinates": [ [ [ 72.980923916387752, 19.156393708155999 ], [ 72.980930717478685, 19.161141415310432 ], [ 72.976878412362282, 19.163285365863409 ], [ 72.972819610485558, 19.160681749166354 ], [ 72.972812944285678, 19.155934300373652 ], [ 72.976864945079285, 19.153790209916778 ], [ 72.980923916387752, 19.156393708155999 ] ] ] } },
{ "type": "Feature", "properties": { "hex_id": "88608b1983fffff" }, "geometry": { "type": "Polygon", "coordinates": [ [ [ 72.879459190937141, 19.015363377020478 ], [ 72.879464303306307, 19.020111122192393 ], [ 72.875419001945062, 19.022256887823158 ], [ 72.871368892597985, 19.019655048190906 ], [ 72.871363914601773, 19.014907562659481 ], [ 72.875408911587485, 19.012761657120436 ], [ 72.879459190937141, 19.015363377020478 ] ] ] } },
{ "type": "Feature", "properties": { "hex_id": "88608b0967fffff" }, "geometry": { "type": "Polygon", "coordinates": [ [ [ 72.84719362553767, 19.127427707009812 ], [ 72.847198204241337, 19.132171663219729 ], [ 72.84315292340213, 19.134311816052378 ], [ 72.839103368590585, 19.131708153298636 ], [ 72.839098924241668, 19.126964456504847 ], [ 72.843143900357376, 19.124824163049261 ], [ 72.84719362553767, 19.127427707009812 ] ] ] } },
{ "type": "Feature", "properties": { "hex_id": "88608b54b9fffff" }, "geometry": { "type": "Polygon", "coordinates": [ [ [ 72.875524991073803, 19.121929190428162 ], [ 72.87553004001488, 19.126674227141514 ], [ 72.87148343203846, 19.128815644170242 ], [ 72.867432079743836, 19.126212164904526 ], [ 72.867427165260452, 19.121467387431647 ], [ 72.871473468621843, 19.119325829984611 ], [ 72.875524991073803, 19.121929190428162 ] ] ] } },
{ "type": "Feature", "properties": { "hex_id": "88608b462dfffff" }, "geometry": { "type": "Polygon", "coordinates": [ [ [ 72.871543226407354, 19.185744823392692 ], [ 72.871548210344898, 19.190488168633497 ], [ 72.867500899613432, 19.192626914977424 ], [ 72.863448909716467, 19.190022456812571 ], [ 72.863444060281239, 19.185279370581576 ], [ 72.867491066248505, 19.183140483506193 ], [ 72.871543226407354, 19.185744823392692 ] ] ] } },
{ "type": "Feature", "properties": { "hex_id": "88608b0367fffff" }, "geometry": { "type": "Polygon", "coordinates": [ [ [ 72.847001456869222, 18.928078195082165 ], [ 72.847006029208288, 18.932826940803995 ], [ 72.842963564928837, 18.934974944798306 ], [ 72.83891683261956, 18.932374342784318 ], [ 72.83891239444813, 18.927625857276901 ], [ 72.842954554426186, 18.925477713569801 ], [ 72.847001456869222, 18.928078195082165 ] ] ] } },
{ "type": "Feature", "properties": { "hex_id": "88608b1939fffff" }, "geometry": { "type": "Polygon", "coordinates": [ [ [ 72.932110595892169, 19.025442920810931 ], [ 72.932116582744982, 19.030192181068767 ], [ 72.928068534286041, 19.032339491077089 ], [ 72.924014803197551, 19.02973768044815 ], [ 72.924008950927501, 19.02498867942095 ], [ 72.92805669517098, 19.02284122979265 ], [ 72.932110595892169, 19.025442920810931 ] ] ] } },
{ "type": "Feature", "properties": { "hex_id": "88608b0a6dfffff" }, "geometry": { "type": "Polygon", "coordinates": [ [ [ 72.859229944925133, 19.021343877432852 ], [ 72.859234721657913, 19.026090802502154 ], [ 72.855190338547786, 19.028235586599429 ], [ 72.851141483170096, 19.025633585691978 ], [ 72.851136840738718, 19.020886920380924 ], [ 72.855180919391458, 19.018741996219674 ], [ 72.859229944925133, 19.021343877432852 ] ] ] } },
{ "type": "Feature", "properties": { "hex_id": "88608b0327fffff" }, "geometry": { "type": "Polygon", "coordinates": [ [ [ 72.830837193939544, 18.941417557165405 ], [ 72.830841498402094, 18.946165443978597 ], [ 72.826799648460607, 18.948312328295057 ], [ 72.8227537984489, 18.945711465675863 ], [ 72.822749628104731, 18.940963839137417 ], [ 72.826791173661732, 18.938816814944147 ], [ 72.830837193939544, 18.941417557165405 ] ] ] } },
{ "type": "Feature", "properties": { "hex_id": "88608b466dfffff" }, "geometry": { "type": "Polygon", "coordinates": [ [ [ 72.887728651780463, 19.172442532945617 ], [ 72.887733904294365, 19.177186744184038 ], [ 72.883685979333563, 19.179326615519809 ], [ 72.879633106547089, 19.176722416186571 ], [ 72.879627988584801, 19.171978463898895 ], [ 72.88367560886519, 19.16983845199427 ], [ 72.887728651780463, 19.172442532945617 ] ] ] } },
{ "type": "Feature", "properties": { "hex_id": "88608b4733fffff" }, "geometry": { "type": "Polygon", "coordinates": [ [ [ 72.863487710984785, 19.227962961428769 ], [ 72.863492561866764, 19.232705000441261 ], [ 72.859445054646329, 19.234841776511004 ], [ 72.855393001433256, 19.232236654540785 ], [ 72.85538828506246, 19.227494874422305 ], [ 72.85943548740137, 19.225357957380577 ], [ 72.863487710984785, 19.227962961428769 ] ] ] } },
{ "type": "Feature", "properties": { "hex_id": "88608b4283fffff" }, "geometry": { "type": "Polygon", "coordinates": [ [ [ 72.936407127858388, 19.217928257014851 ], [ 72.936413190148116, 19.222672973582686 ], [ 72.932362214647881, 19.2248128461382 ], [ 72.928305481474482, 19.222208142590098 ], [ 72.928299553964422, 19.217463684447296 ], [ 72.932350224855909, 19.21532367142807 ], [ 72.936407127858388, 19.217928257014851 ] ] ] } },
{ "type": "Feature", "properties": { "hex_id": "88608b010dfffff" }, "geometry": { "type": "Polygon", "coordinates": [ [ [ 72.810637922794058, 18.961644373089491 ], [ 72.810641892610633, 18.96639110065427 ], [ 72.80660076108687, 18.968536444944913 ], [ 72.802555964250018, 18.965935201769405 ], [ 72.802552128493573, 18.961188734540197 ], [ 72.806592955521694, 18.959043250151623 ], [ 72.810637922794058, 18.961644373089491 ] ] ] } },
{ "type": "Feature", "properties": { "hex_id": "88608b5689fffff" }, "geometry": { "type": "Polygon", "coordinates": [ [ [ 72.920001876166538, 19.060375195730401 ], [ 72.920007662594841, 19.065123209531802 ], [ 72.915959720598579, 19.067268697316493 ], [ 72.911906296513209, 19.06466631115676 ], [ 72.911900644654352, 19.059918556531574 ], [ 72.915948282319235, 19.057772928890522 ], [ 72.920001876166538, 19.060375195730401 ] ] ] } },
{ "type": "Feature", "properties": { "hex_id": "88608b56c5fffff" }, "geometry": { "type": "Polygon", "coordinates": [ [ [ 72.936207185016187, 19.061287566009636 ], [ 72.936213240677148, 19.066036097987169 ], [ 72.932164484710867, 19.068182147697168 ], [ 72.928109977368635, 19.065579805187692 ], [ 72.92810405633962, 19.06083153226885 ], [ 72.932152508028722, 19.058685342801375 ], [ 72.936207185016187, 19.061287566009636 ] ] ] } },
{ "type": "Feature", "properties": { "hex_id": "88608b46a9fffff" }, "geometry": { "type": "Polygon", "coordinates": [ [ [ 72.810816694735564, 19.175134221887784 ], [ 72.810820670472395, 19.17987579700241 ], [ 72.806776523027537, 19.182012716880116 ], [ 72.802728704802107, 19.179408202712732 ], [ 72.802724863325665, 19.174666887074171 ], [ 72.806768705822122, 19.172529826127583 ], [ 72.810816694735564, 19.175134221887784 ] ] ] } },
{ "type": "Feature", "properties": { "hex_id": "88608b4519fffff" }, "geometry": { "type": "Polygon", "coordinates": [ [ [ 72.843261246592306, 19.248127518369468 ], [ 72.843265761928492, 19.252868384803719 ], [ 72.839218973365618, 19.25500361223185 ], [ 72.835167974467922, 19.252398114416803 ], [ 72.835163593584568, 19.247657506934971 ], [ 72.839210077153908, 19.24552213831635 ], [ 72.843261246592306, 19.248127518369468 ] ] ] } },
{ "type": "Feature", "properties": { "hex_id": "88608b0959fffff" }, "geometry": { "type": "Polygon", "coordinates": [ [ [ 72.830966389834984, 19.083804789126901 ], [ 72.830970698575783, 19.088549261483188 ], [ 72.82692683781201, 19.090690538527255 ], [ 72.822878973001323, 19.088087483743706 ], [ 72.822874798512458, 19.083343271092708 ], [ 72.826918354590163, 19.081201853520636 ], [ 72.830966389834984, 19.083804789126901 ] ] ] } },
{ "type": "Feature", "properties": { "hex_id": "88608b563bfffff" }, "geometry": { "type": "Polygon", "coordinates": [ [ [ 72.952435262933591, 19.076445530200459 ], [ 72.952441588581152, 19.08119423589282 ], [ 72.948391817267122, 19.083340287185422 ], [ 72.944336024566283, 19.080737772509487 ], [ 72.944329833626554, 19.075989325700952 ], [ 72.948379300687677, 19.073843134685077 ], [ 72.952435262933591, 19.076445530200459 ] ] ] } },
{ "type": "Feature", "properties": { "hex_id": "88608b54abfffff" }, "geometry": { "type": "Polygon", "coordinates": [ [ [ 72.887681386988575, 19.129739422269715 ], [ 72.887686637935929, 19.13448467468401 ], [ 72.883639317638853, 19.136626232328837 ], [ 72.8795870509921, 19.134022677936361 ], [ 72.879581934556114, 19.129277684645967 ], [ 72.883628950263301, 19.127135986624694 ], [ 72.887681386988575, 19.129739422269715 ] ] ] } },
{ "type": "Feature", "properties": { "hex_id": "88608b0319fffff" }, "geometry": { "type": "Polygon", "coordinates": [ [ [ 72.814626691751556, 18.897778455609696 ], [ 72.814630726806413, 18.902526835088203 ], [ 72.810590295243472, 18.904674838283036 ], [ 72.806546132980358, 18.90207460177777 ], [ 72.806542231941279, 18.897326482859757 ], [ 72.810582359157351, 18.895178339887249 ], [ 72.814626691751556, 18.897778455609696 ] ] ] } },
{ "type": "Feature", "properties": { "hex_id": "88608b55b1fffff" }, "geometry": { "type": "Polygon", "coordinates": [ [ [ 72.899889609517672, 19.180254923207084 ], [ 72.899895064188897, 19.184999348710093 ], [ 72.895846426842226, 19.187139360777607 ], [ 72.891792639487306, 19.184535087869406 ], [ 72.891787319421383, 19.179790921200368 ], [ 72.895835652112908, 19.177650768606107 ], [ 72.899889609517672, 19.180254923207084 ] ] ] } },
{ "type": "Feature", "properties": { "hex_id": "88608b4725fffff" }, "geometry": { "type": "Polygon", "coordinates": [ [ [ 72.895911090222327, 19.244061141770224 ], [ 72.895916479998661, 19.24880386537621 ], [ 72.891867138931275, 19.250941204017263 ], [ 72.887812712899802, 19.248335959890923 ], [ 72.887807457773476, 19.243593494886838 ], [ 72.89185649403646, 19.241456015407707 ], [ 72.895911090222327, 19.244061141770224 ] ] ] } },
{ "type": "Feature", "properties": { "hex_id": "88608b0b65fffff" }, "geometry": { "type": "Polygon", "coordinates": [ [ [ 72.883577123690856, 19.079677847338928 ], [ 72.883582305575359, 19.08442417856951 ], [ 72.879535894260798, 19.086567561018803 ], [ 72.875484605567337, 19.083964752413586 ], [ 72.875479558131673, 19.07921868053722 ], [ 72.87952566494846, 19.077075157912436 ], [ 72.883577123690856, 19.079677847338928 ] ] ] } },
{ "type": "Feature", "properties": { "hex_id": "88608b5421fffff" }, "geometry": { "type": "Polygon", "coordinates": [ [ [ 72.948466934173624, 19.140313534744351 ], [ 72.948473195264896, 19.145060555315588 ], [ 72.944422719274925, 19.147203941325646 ], [ 72.940366286603592, 19.144600446802919 ], [ 72.940360160265001, 19.139853684886653 ], [ 72.944410331852865, 19.137710158838654 ], [ 72.948466934173624, 19.140313534744351 ] ] ] } },
{ "type": "Feature", "properties": { "hex_id": "88608b0b37fffff" }, "geometry": { "type": "Polygon", "coordinates": [ [ [ 72.83905893172593, 19.084266005661132 ], [ 72.839063374750026, 19.089010737664385 ], [ 72.835019105841269, 19.091152295335686 ], [ 72.830970698575783, 19.088549261483188 ], [ 72.830966389834984, 19.083804789126901 ], [ 72.83501035408419, 19.081663090976804 ], [ 72.83905893172593, 19.084266005661132 ] ] ] } },
{ "type": "Feature", "properties": { "hex_id": "88608b19c3fffff" }, "geometry": { "type": "Polygon", "coordinates": [ [ [ 72.895636448385844, 19.002028625057335 ], [ 72.895641829059926, 19.006777230961454 ], [ 72.891595914422666, 19.008924117927499 ], [ 72.887544923410928, 19.006322538734604 ], [ 72.887539677158927, 19.001574192410619 ], [ 72.891585287504398, 18.99942716570003 ], [ 72.895636448385844, 19.002028625057335 ] ] ] } },
{ "type": "Feature", "properties": { "hex_id": "88608b4405fffff" }, "geometry": { "type": "Polygon", "coordinates": [ [ [ 72.835137311333156, 19.21921141125507 ], [ 72.83514169134547, 19.223952718659241 ], [ 72.831095714170615, 19.226088791969918 ], [ 72.827045661950933, 19.223483698989678 ], [ 72.827041416333287, 19.218742650712773 ], [ 72.831087088548486, 19.21660643628945 ], [ 72.835137311333156, 19.21921141125507 ] ] ] } },
{ "type": "Feature", "properties": { "hex_id": "88608b56b7fffff" }, "geometry": { "type": "Polygon", "coordinates": [ [ [ 72.895733327799476, 19.087486067848243 ], [ 72.895738711683492, 19.092232615744351 ], [ 72.891691588380283, 19.09437613891463 ], [ 72.887639385673424, 19.091773254323247 ], [ 72.887634136291879, 19.087026965664894 ], [ 72.891680955122538, 19.084883302360783 ], [ 72.895733327799476, 19.087486067848243 ] ] ] } },
{ "type": "Feature", "properties": { "hex_id": "88608b5583fffff" }, "geometry": { "type": "Polygon", "coordinates": [ [ [ 72.907976082653789, 19.166483872396014 ], [ 72.90798167140575, 19.171228904698836 ], [ 72.903932828134813, 19.17336976035028 ], [ 72.899878700717679, 19.170765724112805 ], [ 72.899873246588868, 19.166020950643187 ], [ 72.903921785261872, 19.163879954578395 ], [ 72.907976082653789, 19.166483872396014 ] ] ] } },
{ "type": "Feature", "properties": { "hex_id": "88608b1967fffff" }, "geometry": { "type": "Polygon", "coordinates": [ [ [ 72.960483506521015, 19.034155590993883 ], [ 72.960489964980539, 19.038905586710513 ], [ 72.956440392298944, 19.041053599914704 ], [ 72.952384665301011, 19.03845175688221 ], [ 72.952378341540253, 19.033702020161758 ], [ 72.956427610086493, 19.031553867478163 ], [ 72.960483506521015, 19.034155590993883 ] ] ] } },
{ "type": "Feature", "properties": { "hex_id": "88608b450bfffff" }, "geometry": { "type": "Polygon", "coordinates": [ [ [ 72.855416585632284, 19.255943804295882 ], [ 72.855421302941153, 19.260684883655063 ], [ 72.851373800940792, 19.262820251295331 ], [ 72.8473218866081, 19.260214680725234 ], [ 72.847317303805852, 19.255473860201846 ], [ 72.851364500837533, 19.253338351413333 ], [ 72.855416585632284, 19.255943804295882 ] ] ] } },
{ "type": "Feature", "properties": { "hex_id": "88608b094bfffff" }, "geometry": { "type": "Polygon", "coordinates": [ [ [ 72.843112324408239, 19.091613750487877 ], [ 72.843116834809848, 19.096358440085936 ], [ 72.839072261239735, 19.098499857270752 ], [ 72.835023481937213, 19.095896725344616 ], [ 72.835019105841269, 19.091152295335686 ], [ 72.839063374750026, 19.089010737664385 ], [ 72.843112324408239, 19.091613750487877 ] ] ] } },
{ "type": "Feature", "properties": { "hex_id": "88608b549dfffff" }, "geometry": { "type": "Polygon", "coordinates": [ [ [ 72.875509845254342, 19.107693388961025 ], [ 72.875514893693534, 19.11243877127702 ], [ 72.871468487161124, 19.114580750028718 ], [ 72.867417336782211, 19.111977486818954 ], [ 72.867412422787339, 19.107232363800943 ], [ 72.871458524734877, 19.105090244695315 ], [ 72.875509845254342, 19.107693388961025 ] ] ] } },
{ "type": "Feature", "properties": { "hex_id": "88608b4611fffff" }, "geometry": { "type": "Polygon", "coordinates": [ [ [ 72.839125592543979, 19.155424906138148 ], [ 72.839130037776457, 19.160167910054529 ], [ 72.835084762504394, 19.162306657319572 ], [ 72.831035346818155, 19.159702541469425 ], [ 72.831031035935808, 19.154959796912088 ], [ 72.835076006397429, 19.152820908846465 ], [ 72.839125592543979, 19.155424906138148 ] ] ] } },
{ "type": "Feature", "properties": { "hex_id": "88608b0a51fffff" }, "geometry": { "type": "Polygon", "coordinates": [ [ [ 72.826837792000518, 18.991036540254107 ], [ 72.82684203087328, 18.99578310822703 ], [ 72.822799681347959, 18.997927892044459 ], [ 72.818753397460924, 18.995326248020088 ], [ 72.818749292737635, 18.990579940152742 ], [ 72.822791337759753, 18.988435016204875 ], [ 72.826837792000518, 18.991036540254107 ] ] ] } },
{ "type": "Feature", "properties": { "hex_id": "88608b5733fffff" }, "geometry": { "type": "Polygon", "coordinates": [ [ [ 72.976838013192818, 19.13479850846953 ], [ 72.976844745829524, 19.139546607373155 ], [ 72.972792947012422, 19.141691259093275 ], [ 72.968734719857721, 19.139087951742724 ], [ 72.968728122076271, 19.134340111316671 ], [ 72.972779616602068, 19.132195319764108 ], [ 72.976838013192818, 19.13479850846953 ] ] ] } },
{ "type": "Feature", "properties": { "hex_id": "88608b42d1fffff" }, "geometry": { "type": "Polygon", "coordinates": [ [ [ 72.940433689736125, 19.196807180991463 ], [ 72.9404398185128, 19.201552550981173 ], [ 72.936388942195293, 19.203693407998994 ], [ 72.932332241658827, 19.201089035371005 ], [ 72.932326247657329, 19.196343923863999 ], [ 72.936376819424936, 19.194202926502768 ], [ 72.940433689736125, 19.196807180991463 ] ] ] } },
{ "type": "Feature", "properties": { "hex_id": "88608b55a3fffff" }, "geometry": { "type": "Polygon", "coordinates": [ [ [ 72.912053310611654, 19.188067533443903 ], [ 72.912058967530783, 19.192812172856041 ], [ 72.908009617944771, 19.194952325786709 ], [ 72.903954916077183, 19.192347979790359 ], [ 72.903949393816987, 19.18760359909534 ], [ 72.907998438773291, 19.185463305680088 ], [ 72.912053310611654, 19.188067533443903 ] ] ] } },
{ "type": "Feature", "properties": { "hex_id": "88608b4717fffff" }, "geometry": { "type": "Polygon", "coordinates": [ [ [ 72.86347315930351, 19.213736145031671 ], [ 72.863478009703158, 19.218478533663294 ], [ 72.859430704016731, 19.220615872944531 ], [ 72.855378852789812, 19.21801096450303 ], [ 72.855374136887946, 19.213268834823594 ], [ 72.859421137723032, 19.211131354634009 ], [ 72.86347315930351, 19.213736145031671 ] ] ] } },
{ "type": "Feature", "properties": { "hex_id": "88608b5413fffff" }, "geometry": { "type": "Polygon", "coordinates": [ [ [ 72.916011202238792, 19.109993974211019 ], [ 72.916016923369014, 19.114740652138437 ], [ 72.911968479324216, 19.116884035953667 ], [ 72.907914618607336, 19.114280881949124 ], [ 72.907909032077882, 19.109534463026741 ], [ 72.911957171672327, 19.107390939104402 ], [ 72.916011202238792, 19.109993974211019 ] ] ] } },
{ "type": "Feature", "properties": { "hex_id": "88608b18bdfffff" }, "geometry": { "type": "Polygon", "coordinates": [ [ [ 72.851095065774274, 18.978161813326949 ], [ 72.851099706822168, 18.982909501755767 ], [ 72.847056334930841, 18.985055686565588 ], [ 72.843008626393058, 18.982454322864868 ], [ 72.84300411957517, 18.977706894423264 ], [ 72.847047187072931, 18.975560569695848 ], [ 72.851095065774274, 18.978161813326949 ] ] ] } },
{ "type": "Feature", "properties": { "hex_id": "88608b4461fffff" }, "geometry": { "type": "Polygon", "coordinates": [ [ [ 72.851331955330693, 19.220148022509587 ], [ 72.851336604226546, 19.224889847993353 ], [ 72.847289810181991, 19.227026483751242 ], [ 72.84323867215592, 19.224421435040021 ], [ 72.843234157717532, 19.219679868566899 ], [ 72.847280646855609, 19.217543091794905 ], [ 72.851331955330693, 19.220148022509587 ] ] ] } },
{ "type": "Feature", "properties": { "hex_id": "88608b19e3fffff" }, "geometry": { "type": "Polygon", "coordinates": [ [ [ 72.899709706750187, 19.023624142069608 ], [ 72.899715155459305, 19.028372365052373 ], [ 72.895668735104351, 19.030518552041443 ], [ 72.891617170371617, 19.027916655865909 ], [ 72.891611856120306, 19.023168692348683 ], [ 72.895657972151753, 19.02102236554207 ], [ 72.899709706750187, 19.023624142069608 ] ] ] } },
{ "type": "Feature", "properties": { "hex_id": "88608b0b57fffff" }, "geometry": { "type": "Polygon", "coordinates": [ [ [ 72.851164697633479, 19.049365201249643 ], [ 72.851169340987511, 19.054111181734452 ], [ 72.847124963181514, 19.056254563642703 ], [ 72.843076246573546, 19.053652105309865 ], [ 72.843071737516368, 19.048906384527623 ], [ 72.847115810778092, 19.046762862376259 ], [ 72.851164697633479, 19.049365201249643 ] ] ] } },
{ "type": "Feature", "properties": { "hex_id": "88608b56a9fffff" }, "geometry": { "type": "Polygon", "coordinates": [ [ [ 72.924079190969522, 19.081969144006386 ], [ 72.924085045567381, 19.086716771128916 ], [ 72.920036597613063, 19.088861558246816 ], [ 72.9159825994318, 19.086258858171419 ], [ 72.915976879439143, 19.081511490109918 ], [ 72.920025023030419, 19.079366563063374 ], [ 72.924079190969522, 19.081969144006386 ] ] ] } },
{ "type": "Feature", "properties": { "hex_id": "88608b5519fffff" }, "geometry": { "type": "Polygon", "coordinates": [ [ [ 72.956593844968367, 19.155014570838929 ], [ 72.956600241479819, 19.159761502731371 ], [ 72.952549156681414, 19.161904608643638 ], [ 72.948491979784308, 19.159300922716561 ], [ 72.948485718070216, 19.154554249362629 ], [ 72.952536498463687, 19.152411003397788 ], [ 72.956593844968367, 19.155014570838929 ] ] ] } },
{ "type": "Feature", "properties": { "hex_id": "88608b468dfffff" }, "geometry": { "type": "Polygon", "coordinates": [ [ [ 72.810804768315307, 19.160908801762353 ], [ 72.810808743657049, 19.165650724207065 ], [ 72.806764797413635, 19.167788207024891 ], [ 72.802717180754499, 19.16518390840352 ], [ 72.802713339659803, 19.160442245492835 ], [ 72.806756980985028, 19.158304621670133 ], [ 72.810804768315307, 19.160908801762353 ] ] ] } },
{ "type": "Feature", "properties": { "hex_id": "88608b093dfffff" }, "geometry": { "type": "Polygon", "coordinates": [ [ [ 72.822912373890389, 19.126037049144998 ], [ 72.822916549623869, 19.130780226931531 ], [ 72.818872493582603, 19.132919537354116 ], [ 72.814824566618725, 19.13031581076137 ], [ 72.814820525145919, 19.125572892565891 ], [ 72.818864276384133, 19.123433441372715 ], [ 72.822912373890389, 19.126037049144998 ] ] ] } },
{ "type": "Feature", "properties": { "hex_id": "88608b4603fffff" }, "geometry": { "type": "Polygon", "coordinates": [ [ [ 72.851276180596116, 19.16323704859974 ], [ 72.851280827643578, 19.167980267840701 ], [ 72.8472348393326, 19.170119155307439 ], [ 72.843184508767649, 19.167514964292572 ], [ 72.843179996124064, 19.162772004294233 ], [ 72.84722567964937, 19.16063297606874 ], [ 72.851276180596116, 19.16323704859974 ] ] ] } },
{ "type": "Feature", "properties": { "hex_id": "88608b0a43fffff" }, "geometry": { "type": "Polygon", "coordinates": [ [ [ 72.838978982450826, 18.998841271752191 ], [ 72.838983422827027, 19.00358805936575 ], [ 72.834940360893526, 19.005732983318271 ], [ 72.830893163070243, 19.003131259747267 ], [ 72.830888856897147, 18.998384732123355 ], [ 72.834931614352058, 18.996239668081511 ], [ 72.838978982450826, 18.998841271752191 ] ] ] } },
{ "type": "Feature", "properties": { "hex_id": "88608b016dfffff" }, "geometry": { "type": "Polygon", "coordinates": [ [ [ 72.830863022852597, 18.969903182878639 ], [ 72.830867328170285, 18.974650391197418 ], [ 72.826825076224353, 18.976796155575048 ], [ 72.822778823413302, 18.974194851642437 ], [ 72.822774652240696, 18.969447903485175 ], [ 72.826816599741875, 18.967301999099707 ], [ 72.830863022852597, 18.969903182878639 ] ] ] } },
{ "type": "Feature", "properties": { "hex_id": "88608b5595fffff" }, "geometry": { "type": "Polygon", "coordinates": [ [ [ 72.899873246588868, 19.166020950643187 ], [ 72.899878700717679, 19.170765724112805 ], [ 72.895830265016102, 19.172906298475493 ], [ 72.891776679818491, 19.170302239831898 ], [ 72.891771360281538, 19.165557725254086 ], [ 72.895819491358182, 19.163417010428635 ], [ 72.899873246588868, 19.166020950643187 ] ] ] } },
{ "type": "Feature", "properties": { "hex_id": "88608b4709fffff" }, "geometry": { "type": "Polygon", "coordinates": [ [ [ 72.891819242462461, 19.208254178631286 ], [ 72.891824563586624, 19.212997647841622 ], [ 72.887775930673897, 19.215136253333316 ], [ 72.883722281387222, 19.212531530318977 ], [ 72.88371709486384, 19.207788319885218 ], [ 72.887765423034168, 19.205649573689755 ], [ 72.891819242462461, 19.208254178631286 ] ] ] } },
{ "type": "Feature", "properties": { "hex_id": "88608b0b49fffff" }, "geometry": { "type": "Polygon", "coordinates": [ [ [ 72.879489867692683, 19.043848137430754 ], [ 72.879494981078111, 19.048595197926669 ], [ 72.875449277029176, 19.050739842432439 ], [ 72.871398764038446, 19.048137566481184 ], [ 72.871393785052717, 19.043390765511745 ], [ 72.875439184665865, 19.041245980967716 ], [ 72.879489867692683, 19.043848137430754 ] ] ] } },
{ "type": "Feature", "properties": { "hex_id": "88608b5405fffff" }, "geometry": { "type": "Polygon", "coordinates": [ [ [ 72.948448152145275, 19.126071779571113 ], [ 72.948454412613813, 19.130819146811149 ], [ 72.944404138449855, 19.13296309419896 ], [ 72.940347908197083, 19.130359814320926 ], [ 72.940341782467783, 19.125612705793408 ], [ 72.944391752259818, 19.123468618431943 ], [ 72.948448152145275, 19.126071779571113 ] ] ] } },
{ "type": "Feature", "properties": { "hex_id": "88608b569bfffff" }, "geometry": { "type": "Polygon", "coordinates": [ [ [ 72.891643744269231, 19.05165476102913 ], [ 72.891649059577034, 19.056402039149699 ], [ 72.887602643654972, 19.058546824345765 ], [ 72.883551216843586, 19.055944471418616 ], [ 72.883546035989099, 19.051197452708152 ], [ 72.887592147500527, 19.049052527515347 ], [ 72.891643744269231, 19.05165476102913 ] ] ] } },
{ "type": "Feature", "properties": { "hex_id": "88608b092bfffff" }, "geometry": { "type": "Polygon", "coordinates": [ [ [ 72.831005173640733, 19.126500903837279 ], [ 72.831009483666264, 19.131244341156595 ], [ 72.826965019265614, 19.133383932342706 ], [ 72.822916549623869, 19.130780226931531 ], [ 72.822912373890389, 19.126037049144998 ], [ 72.826956533514448, 19.1238973172375 ], [ 72.831005173640733, 19.126500903837279 ] ] ] } },
{ "type": "Feature", "properties": { "hex_id": "88608b550bfffff" }, "geometry": { "type": "Polygon", "coordinates": [ [ [ 72.968767712046898, 19.162825418132872 ], [ 72.968774311141217, 19.167572563836231 ], [ 72.964722515096256, 19.169715811245563 ], [ 72.96066442434379, 19.167112052962306 ], [ 72.960657960100406, 19.16236516568026 ], [ 72.964709451766382, 19.160221778260638 ], [ 72.968767712046898, 19.162825418132872 ] ] ] } },
{ "type": "Feature", "properties": { "hex_id": "88608b5611fffff" }, "geometry": { "type": "Polygon", "coordinates": [ [ [ 72.952416287249008, 19.062198724549148 ], [ 72.952422612267526, 19.066947774467522 ], [ 72.948373042709107, 19.069094386259849 ], [ 72.944317452362739, 19.066492087792902 ], [ 72.944311262038596, 19.061743296815497 ], [ 72.948360527374248, 19.059596545364609 ], [ 72.952416287249008, 19.062198724549148 ] ] ] } },
{ "type": "Feature", "properties": { "hex_id": "88608b5481fffff" }, "geometry": { "type": "Polygon", "coordinates": [ [ [ 72.887665635190501, 19.115502972978948 ], [ 72.887670885615861, 19.120248571356267 ], [ 72.88362376683321, 19.122390690729379 ], [ 72.879571702192749, 19.119787352037907 ], [ 72.879566586265383, 19.115042012842064 ], [ 72.883613400488301, 19.112899753156793 ], [ 72.887665635190501, 19.115502972978948 ] ] ] } },
{ "type": "Feature", "properties": { "hex_id": "88608b4465fffff" }, "geometry": { "type": "Polygon", "coordinates": [ [ [ 72.85538828506246, 19.227494874422305 ], [ 72.855393001433256, 19.232236654540785 ], [ 72.851345902480475, 19.234373149277381 ], [ 72.847294392072968, 19.231768004917335 ], [ 72.847289810181991, 19.227026483751242 ], [ 72.851336604226546, 19.224889847993353 ], [ 72.85538828506246, 19.227494874422305 ] ] ] } },
{ "type": "Feature", "properties": { "hex_id": "88608b42d5fffff" }, "geometry": { "type": "Polygon", "coordinates": [ [ [ 72.944497061060503, 19.204156900476576 ], [ 72.94450325754471, 19.208902225064087 ], [ 72.940452076675854, 19.211042941731399 ], [ 72.936395003881984, 19.2084384741622 ], [ 72.936388942195293, 19.203693407998994 ], [ 72.9404398185128, 19.201552550981173 ], [ 72.944497061060503, 19.204156900476576 ] ] ] } },
{ "type": "Feature", "properties": { "hex_id": "88608b5587fffff" }, "geometry": { "type": "Polygon", "coordinates": [ [ [ 72.912036340979483, 19.173832918431749 ], [ 72.912041997336004, 19.178577906170954 ], [ 72.907992849465487, 19.180718621401713 ], [ 72.903938349845816, 19.178114489314492 ], [ 72.903932828134813, 19.17336976035028 ], [ 72.90798167140575, 19.171228904698836 ], [ 72.912036340979483, 19.173832918431749 ] ] ] } },
{ "type": "Feature", "properties": { "hex_id": "88608b0b3bfffff" }, "geometry": { "type": "Polygon", "coordinates": [ [ [ 72.839045603536619, 19.070031121582094 ], [ 72.83905004611924, 19.074776197559054 ], [ 72.835005978423069, 19.076918316748671 ], [ 72.830957772781474, 19.074315500376116 ], [ 72.830953464468777, 19.069570684103454 ], [ 72.834997227535581, 19.067428424499695 ], [ 72.839045603536619, 19.070031121582094 ] ] ] } },
{ "type": "Feature", "properties": { "hex_id": "88608b5507fffff" }, "geometry": { "type": "Polygon", "coordinates": [ [ [ 72.968787509986399, 19.1770665071808 ], [ 72.968794109737303, 19.181813304700214 ], [ 72.964742111715708, 19.183955990411352 ], [ 72.960683818360152, 19.181352018677874 ], [ 72.960677353473642, 19.176605479522017 ], [ 72.964729047086109, 19.174462653736608 ], [ 72.968787509986399, 19.1770665071808 ] ] ] } },
{ "type": "Feature", "properties": { "hex_id": "88608b19c7fffff" }, "geometry": { "type": "Polygon", "coordinates": [ [ [ 72.899693361705914, 19.009378789138054 ], [ 72.899698809873499, 19.014127354051343 ], [ 72.895652590942888, 19.016274101264973 ], [ 72.891601228145845, 19.013672423318354 ], [ 72.891595914422666, 19.008924117927499 ], [ 72.895641829059926, 19.006777230961454 ], [ 72.899693361705914, 19.009378789138054 ] ] ] } },
{ "type": "Feature", "properties": { "hex_id": "88608b456bfffff" }, "geometry": { "type": "Polygon", "coordinates": [ [ [ 72.875676532119897, 19.264229879560606 ], [ 72.875681586083914, 19.268971430150089 ], [ 72.871632962563737, 19.271107219673979 ], [ 72.86757959000434, 19.268501599665534 ], [ 72.867574670632095, 19.263760307736689 ], [ 72.871622989235334, 19.261624377156178 ], [ 72.875676532119897, 19.264229879560606 ] ] ] } },
{ "type": "Feature", "properties": { "hex_id": "88608b568dfffff" }, "geometry": { "type": "Polygon", "coordinates": [ [ [ 72.924061628340169, 19.067725573915407 ], [ 72.924067482355952, 19.0724735453386 ], [ 72.920019236026761, 19.074618893259302 ], [ 72.915965440022561, 19.07201640962144 ], [ 72.915959720598579, 19.067268697316493 ], [ 72.920007662594841, 19.065123209531802 ], [ 72.924061628340169, 19.067725573915407 ] ] ] } },
{ "type": "Feature", "properties": { "hex_id": "88608b5697fffff" }, "geometry": { "type": "Polygon", "coordinates": [ [ [ 72.891659690720985, 19.065896251990292 ], [ 72.891665006557147, 19.070643186588246 ], [ 72.887618389190834, 19.072787410932698 ], [ 72.883566760436935, 19.070184840741273 ], [ 72.883561579067475, 19.065438165496193 ], [ 72.887607891993028, 19.063293801090257 ], [ 72.891659690720985, 19.065896251990292 ] ] ] } },
{ "type": "Feature", "properties": { "hex_id": "88608b193dfffff" }, "geometry": { "type": "Polygon", "coordinates": [ [ [ 72.936170855264891, 19.032793970066308 ], [ 72.936176909721766, 19.037543188617747 ], [ 72.932128557045857, 19.039690358998303 ], [ 72.928074454137814, 19.037088450455755 ], [ 72.928068534286041, 19.032339491077089 ], [ 72.932116582744982, 19.030192181068767 ], [ 72.936170855264891, 19.032793970066308 ] ] ] } },
{ "type": "Feature", "properties": { "hex_id": "88608b0921fffff" }, "geometry": { "type": "Polygon", "coordinates": [ [ [ 72.835058495923946, 19.133848025288117 ], [ 72.835062873324773, 19.138591419352238 ], [ 72.831018104145684, 19.140730869809403 ], [ 72.826969262352051, 19.138127066932004 ], [ 72.826965019265614, 19.133383932342706 ], [ 72.831009483666264, 19.131244341156595 ], [ 72.835058495923946, 19.133848025288117 ] ] ] } },
{ "type": "Feature", "properties": { "hex_id": "88608b4457fffff" }, "geometry": { "type": "Polygon", "coordinates": [ [ [ 72.82297502442006, 19.197172582933643 ], [ 72.822979202229163, 19.20191402500345 ], [ 72.818934139927748, 19.204050521630446 ], [ 72.814885204779145, 19.201445717279089 ], [ 72.814881161297592, 19.196704534511053 ], [ 72.818925918644922, 19.194567896793167 ], [ 72.82297502442006, 19.197172582933643 ] ] ] } },
{ "type": "Feature", "properties": { "hex_id": "88608b18b3fffff" }, "geometry": { "type": "Polygon", "coordinates": [ [ [ 72.83491412300674, 18.977251675127068 ], [ 72.834918495625899, 18.981998843523044 ], [ 72.830875939233337, 18.984144467884708 ], [ 72.826829314676075, 18.981543063867019 ], [ 72.826825076224353, 18.976796155575048 ], [ 72.830867328170285, 18.974650391197418 ], [ 72.83491412300674, 18.977251675127068 ] ] ] } },
{ "type": "Feature", "properties": { "hex_id": "88608b0151fffff" }, "geometry": { "type": "Polygon", "coordinates": [ [ [ 72.798492629922492, 18.939600887918694 ], [ 72.798496398099331, 18.944347733283212 ], [ 72.794456180056727, 18.946493497843047 ], [ 72.790412498334945, 18.94389255711231 ], [ 72.790408864151232, 18.939145972255577 ], [ 72.794448777704019, 18.937000067622538 ], [ 72.798492629922492, 18.939600887918694 ] ] ] } },
{ "type": "Feature", "properties": { "hex_id": "88608b0b2dfffff" }, "geometry": { "type": "Polygon", "coordinates": [ [ [ 72.871438601862792, 19.086107854047526 ], [ 72.871443582333271, 19.090853624054755 ], [ 72.867397681779522, 19.092996304631033 ], [ 72.863347105316123, 19.090393355482487 ], [ 72.86334225925421, 19.085647844888559 ], [ 72.867387855254947, 19.083505024030494 ], [ 72.871438601862792, 19.086107854047526 ] ] ] } },
{ "type": "Feature", "properties": { "hex_id": "88608b455dfffff" }, "geometry": { "type": "Polygon", "coordinates": [ [ [ 72.863502264113151, 19.242188728422462 ], [ 72.863507115477546, 19.246930417269851 ], [ 72.859459406702996, 19.249066629942529 ], [ 72.855407151483632, 19.246461294803851 ], [ 72.855402434643835, 19.241719864792216 ], [ 72.859449838506634, 19.239583511084042 ], [ 72.863502264113151, 19.242188728422462 ] ] ] } },
{ "type": "Feature", "properties": { "hex_id": "88608b19b9fffff" }, "geometry": { "type": "Polygon", "coordinates": [ [ [ 72.875419001945062, 19.022256887823158 ], [ 72.875424047374551, 19.027004332233528 ], [ 72.871378849085147, 19.029149677369745 ], [ 72.867328909778067, 19.026547718061689 ], [ 72.867323998712578, 19.021800533292591 ], [ 72.871368892597985, 19.019655048190906 ], [ 72.875419001945062, 19.022256887823158 ] ] ] } },
{ "type": "Feature", "properties": { "hex_id": "88608b4663fffff" }, "geometry": { "type": "Polygon", "coordinates": [ [ [ 72.87152827558576, 19.171514091473483 ], [ 72.871533259027771, 19.1762577847519 ], [ 72.867486149810446, 19.178397093690286 ], [ 72.863434361892956, 19.175792850018322 ], [ 72.863429512939859, 19.171049415807616 ], [ 72.867476317423154, 19.16890996620171 ], [ 72.87152827558576, 19.171514091473483 ] ] ] } },
{ "type": "Feature", "properties": { "hex_id": "88608b4769fffff" }, "geometry": { "type": "Polygon", "coordinates": [ [ [ 72.912087254939806, 19.216533625241357 ], [ 72.912092912984363, 19.221277566357905 ], [ 72.908043159907066, 19.223416594128636 ], [ 72.903988053483133, 19.220811821395458 ], [ 72.903982530124367, 19.216068138879979 ], [ 72.908031978511602, 19.21392897049715 ], [ 72.912087254939806, 19.216533625241357 ] ] ] } },
{ "type": "Feature", "properties": { "hex_id": "88608b5465fffff" }, "geometry": { "type": "Polygon", "coordinates": [ [ [ 72.968728122076271, 19.134340111316671 ], [ 72.968734719857721, 19.139087951742724 ], [ 72.964683327705643, 19.141232321985566 ], [ 72.960625642098691, 19.1386289916849 ], [ 72.960619179141304, 19.133881409795428 ], [ 72.964670266974622, 19.13173689967056 ], [ 72.968728122076271, 19.134340111316671 ] ] ] } },
{ "type": "Feature", "properties": { "hex_id": "88608b5401fffff" }, "geometry": { "type": "Polygon", "coordinates": [ [ [ 72.944385559472749, 19.118721207426535 ], [ 72.944391752259818, 19.123468618431943 ], [ 72.940341782467783, 19.125612705793408 ], [ 72.936285924267025, 19.123009522116291 ], [ 72.936279866196855, 19.118262369881542 ], [ 72.940329531618389, 19.116118142553827 ], [ 72.944385559472749, 19.118721207426535 ] ] ] } },
{ "type": "Feature", "properties": { "hex_id": "88608b0b45fffff" }, "geometry": { "type": "Polygon", "coordinates": [ [ [ 72.879505208357187, 19.058088975878356 ], [ 72.879510322250852, 19.062835693212065 ], [ 72.875464416828009, 19.064979776871716 ], [ 72.87141370198529, 19.062377283301402 ], [ 72.871408722504711, 19.057630825437034 ], [ 72.875454323461597, 19.055486601674271 ], [ 72.879505208357187, 19.058088975878356 ] ] ] } },
{ "type": "Feature", "properties": { "hex_id": "88608b4449fffff" }, "geometry": { "type": "Polygon", "coordinates": [ [ [ 72.851304065190931, 19.191694625644466 ], [ 72.851308713162439, 19.19643714909979 ], [ 72.847262322024775, 19.198574911084393 ], [ 72.843211587769517, 19.195970290500956 ], [ 72.843207074228658, 19.191228026172464 ], [ 72.847253160520253, 19.189090123301206 ], [ 72.851304065190931, 19.191694625644466 ] ] ] } },
{ "type": "Feature", "properties": { "hex_id": "88608b42b9fffff" }, "geometry": { "type": "Polygon", "coordinates": [ [ [ 72.932362214647881, 19.2248128461382 ], [ 72.932368209842068, 19.229557258512539 ], [ 72.92831733708428, 19.231696708912946 ], [ 72.924260773777505, 19.229091887459717 ], [ 72.924254913354062, 19.224347733510736 ], [ 72.928305481474482, 19.222208142590098 ], [ 72.932362214647881, 19.2248128461382 ] ] ] } },
{ "type": "Feature", "properties": { "hex_id": "88608b4705fffff" }, "geometry": { "type": "Polygon", "coordinates": [ [ [ 72.891835206364206, 19.222484236834326 ], [ 72.89184052801761, 19.227227356495241 ], [ 72.887791693439794, 19.229365399073583 ], [ 72.883737841989003, 19.226760462759017 ], [ 72.88373265494981, 19.222017601816599 ], [ 72.887781184755028, 19.219879418470807 ], [ 72.891835206364206, 19.222484236834326 ] ] ] } },
{ "type": "Feature", "properties": { "hex_id": "88608b5591fffff" }, "geometry": { "type": "Polygon", "coordinates": [ [ [ 72.895814104797026, 19.158672192634022 ], [ 72.895819491358182, 19.163417010428635 ], [ 72.891771360281538, 19.165557725254086 ], [ 72.887718147274953, 19.162953762740969 ], [ 72.887712895283315, 19.158209203896369 ], [ 72.891760721736588, 19.156068348615435 ], [ 72.895814104797026, 19.158672192634022 ] ] ] } },
{ "type": "Feature", "properties": { "hex_id": "88608b19abfffff" }, "geometry": { "type": "Polygon", "coordinates": [ [ [ 72.887571157277961, 19.030062562198157 ], [ 72.887576404572826, 19.034810224831851 ], [ 72.883530494455513, 19.036955710622433 ], [ 72.879479641429995, 19.034353673703972 ], [ 72.879474528552734, 19.029606270595245 ], [ 72.883520134291189, 19.027460644880613 ], [ 72.887571157277961, 19.030062562198157 ] ] ] } },
{ "type": "Feature", "properties": { "hex_id": "88608b54e1fffff" }, "geometry": { "type": "Polygon", "coordinates": [ [ [ 72.907925792221732, 19.123773374083111 ], [ 72.907931379306689, 19.128519447172856 ], [ 72.903883140971175, 19.130661988409685 ], [ 72.899829620066029, 19.128058596778207 ], [ 72.899824167563992, 19.12331278269469 ], [ 72.903872101391983, 19.121170101236999 ], [ 72.907925792221732, 19.123773374083111 ] ] ] } },
{ "type": "Feature", "properties": { "hex_id": "88608b4655fffff" }, "geometry": { "type": "Polygon", "coordinates": [ [ [ 72.859358972267259, 19.149470660439977 ], [ 72.85936375327465, 19.154214485995524 ], [ 72.855317558254242, 19.156354216914384 ], [ 72.851266886963103, 19.153750262923701 ], [ 72.851262240377551, 19.149006696610215 ], [ 72.855308130669144, 19.146866825045979 ], [ 72.859358972267259, 19.149470660439977 ] ] ] } },
{ "type": "Feature", "properties": { "hex_id": "88608b1921fffff" }, "geometry": { "type": "Polygon", "coordinates": [ [ [ 72.948335499193405, 19.040599489106082 ], [ 72.94834175592753, 19.045348924826438 ], [ 72.944292692297239, 19.047496236523017 ], [ 72.9402376761319, 19.044894252085918 ], [ 72.94023155405641, 19.040145075421599 ], [ 72.944280313495426, 19.037997624138946 ], [ 72.948335499193405, 19.040599489106082 ] ] ] } },
{ "type": "Feature", "properties": { "hex_id": "88608b0905fffff" }, "geometry": { "type": "Polygon", "coordinates": [ [ [ 72.835045364591508, 19.119617151248942 ], [ 72.835049741557299, 19.124360891175645 ], [ 72.831005173640733, 19.126500903837279 ], [ 72.826956533514448, 19.1238973172375 ], [ 72.826952290849661, 19.119153836843225 ], [ 72.830996554017986, 19.117013683516944 ], [ 72.835045364591508, 19.119617151248942 ] ] ] } },
{ "type": "Feature", "properties": { "hex_id": "88608b475bfffff" }, "geometry": { "type": "Polygon", "coordinates": [ [ [ 72.8796433429806, 19.18620997278795 ], [ 72.879648461451822, 19.190953576980093 ], [ 72.87560074276135, 19.193092604561546 ], [ 72.871548210344898, 19.190488168633497 ], [ 72.871543226407354, 19.185744823392692 ], [ 72.875590640360414, 19.183605655129146 ], [ 72.8796433429806, 19.18620997278795 ] ] ] } },
{ "type": "Feature", "properties": { "hex_id": "88608b0169fffff" }, "geometry": { "type": "Polygon", "coordinates": [ [ [ 72.826812361711106, 18.962554751038596 ], [ 72.826816599741875, 18.967301999099707 ], [ 72.822774652240696, 18.969447903485175 ], [ 72.818728771159499, 18.966846699809917 ], [ 72.818724667251502, 18.962099711967824 ], [ 72.822766310309746, 18.959953667582631 ], [ 72.826812361711106, 18.962554751038596 ] ] ] } },
{ "type": "Feature", "properties": { "hex_id": "88608b55e7fffff" }, "geometry": { "type": "Polygon", "coordinates": [ [ [ 72.932308266845268, 19.182107891730332 ], [ 72.932314260250564, 19.186853351982826 ], [ 72.928263993031351, 19.188994489680269 ], [ 72.924208036961602, 19.186390307454747 ], [ 72.924202178286748, 19.181645105801593 ], [ 72.928252140959046, 19.179503827775125 ], [ 72.932308266845268, 19.182107891730332 ] ] ] } },
{ "type": "Feature", "properties": { "hex_id": "88608b5457fffff" }, "geometry": { "type": "Polygon", "coordinates": [ [ [ 72.936261693191256, 19.104020221536491 ], [ 72.936267750658985, 19.108767719530661 ], [ 72.932218389606504, 19.110912086817201 ], [ 72.928163275461671, 19.108309096061411 ], [ 72.928157352666148, 19.103561856954137 ], [ 72.932206409351096, 19.101417349716282 ], [ 72.936261693191256, 19.104020221536491 ] ] ] } },
{ "type": "Feature", "properties": { "hex_id": "88608b1897fffff" }, "geometry": { "type": "Polygon", "coordinates": [ [ [ 72.834901006017972, 18.963009490165241 ], [ 72.834905378202791, 18.967756998387021 ], [ 72.830863022852597, 18.969903182878639 ], [ 72.826816599741875, 18.967301999099707 ], [ 72.826812361711106, 18.962554751038596 ], [ 72.830854412644825, 18.96040842659643 ], [ 72.834901006017972, 18.963009490165241 ] ] ] } },
{ "type": "Feature", "properties": { "hex_id": "88608b0a0bfffff" }, "geometry": { "type": "Polygon", "coordinates": [ [ [ 72.826850509039843, 19.005275903426181 ], [ 72.826854748333687, 19.010022130530334 ], [ 72.822812197766311, 19.012166353779275 ], [ 72.818765712446279, 19.009564490120436 ], [ 72.818761607315238, 19.004818523065001 ], [ 72.822803853349257, 19.002674159620391 ], [ 72.826850509039843, 19.005275903426181 ] ] ] } },
{ "type": "Feature", "properties": { "hex_id": "88608b56edfffff" }, "geometry": { "type": "Polygon", "coordinates": [ [ [ 72.944329833626554, 19.075989325700952 ], [ 72.944336024566283, 19.080737772509487 ], [ 72.94028666004121, 19.082883542681596 ], [ 72.93623140886433, 19.080281005818481 ], [ 72.936225352601198, 19.075532817952666 ], [ 72.940274412846151, 19.073386908007802 ], [ 72.944329833626554, 19.075989325700952 ] ] ] } },
{ "type": "Feature", "properties": { "hex_id": "88608b555dfffff" }, "geometry": { "type": "Polygon", "coordinates": [ [ [ 72.97685821177275, 19.149042458157762 ], [ 72.976864945079285, 19.153790209916778 ], [ 72.972812944285678, 19.155934300373652 ], [ 72.968754514514771, 19.153330778968641 ], [ 72.96874791607695, 19.148583285629659 ], [ 72.972799612549125, 19.146439055276147 ], [ 72.97685821177275, 19.149042458157762 ] ] ] } },
{ "type": "Feature", "properties": { "hex_id": "88608b46d1fffff" }, "geometry": { "type": "Polygon", "coordinates": [ [ [ 72.798651000806586, 19.138870525060003 ], [ 72.798654774227103, 19.143612578022115 ], [ 72.7946117427324, 19.145750483832067 ], [ 72.790565242737387, 19.143146477662903 ], [ 72.790561603496741, 19.138404684408684 ], [ 72.79460433007911, 19.136266637616394 ], [ 72.798651000806586, 19.138870525060003 ] ] ] } },
{ "type": "Feature", "properties": { "hex_id": "88608b548bfffff" }, "geometry": { "type": "Polygon", "coordinates": [ [ [ 72.883608217573496, 19.108154111601351 ], [ 72.883613400488301, 19.112899753156793 ], [ 72.879566586265383, 19.115042012842064 ], [ 72.875514893693534, 19.11243877127702 ], [ 72.875509845254342, 19.107693388961025 ], [ 72.879556354919188, 19.105550988971189 ], [ 72.883608217573496, 19.108154111601351 ] ] ] } },
{ "type": "Feature", "properties": { "hex_id": "88608b4541fffff" }, "geometry": { "type": "Polygon", "coordinates": [ [ [ 72.87566137123315, 19.250004525528716 ], [ 72.875666424694543, 19.254746427189289 ], [ 72.871618002819091, 19.256882780300558 ], [ 72.867564832376814, 19.254277372745019 ], [ 72.867559913493793, 19.249535729803398 ], [ 72.871608030482534, 19.247399235698918 ], [ 72.87566137123315, 19.250004525528716 ] ] ] } },
{ "type": "Feature", "properties": { "hex_id": "88608b0b11fffff" }, "geometry": { "type": "Polygon", "coordinates": [ [ [ 72.839032276671631, 19.055795206678795 ], [ 72.839036718812835, 19.060540626081 ], [ 72.834992852309227, 19.062683306600707 ], [ 72.830944848271443, 19.060080708068213 ], [ 72.830940540386806, 19.05533554842755 ], [ 72.834984102291187, 19.053192727558468 ], [ 72.839032276671631, 19.055795206678795 ] ] ] } },
{ "type": "Feature", "properties": { "hex_id": "88608b199dfffff" }, "geometry": { "type": "Polygon", "coordinates": [ [ [ 72.87540386665934, 19.008013870950247 ], [ 72.875408911587485, 19.012761657120436 ], [ 72.871363914601773, 19.014907562659481 ], [ 72.867314177069588, 19.012305821929328 ], [ 72.867309266492072, 19.007558295457336 ], [ 72.871353959103942, 19.005412250017947 ], [ 72.87540386665934, 19.008013870950247 ] ] ] } },
{ "type": "Feature", "properties": { "hex_id": "88608b561bfffff" }, "geometry": { "type": "Polygon", "coordinates": [ [ [ 72.948354270017958, 19.05484745301683 ], [ 72.948360527374248, 19.059596545364609 ], [ 72.944311262038596, 19.061743296815497 ], [ 72.940256043575815, 19.059141095570073 ], [ 72.940249920891588, 19.054392262221253 ], [ 72.944298882005882, 19.052245371119465 ], [ 72.948354270017958, 19.05484745301683 ] ] ] } },
{ "type": "Feature", "properties": { "hex_id": "88608b54d3fffff" }, "geometry": { "type": "Polygon", "coordinates": [ [ [ 72.875494700940365, 19.093456551782314 ], [ 72.875499748877772, 19.098202279152733 ], [ 72.871453543769306, 19.100344819439577 ], [ 72.867402595285995, 19.097741772646057 ], [ 72.867397681779522, 19.092996304631033 ], [ 72.871443582333271, 19.090853624054755 ], [ 72.875494700940365, 19.093456551782314 ] ] ] } },
{ "type": "Feature", "properties": { "hex_id": "88608b4647fffff" }, "geometry": { "type": "Polygon", "coordinates": [ [ [ 72.87151332625055, 19.157282316535412 ], [ 72.871518309197143, 19.162026357304434 ], [ 72.867471401473878, 19.16416622865059 ], [ 72.863419815515726, 19.161562199831835 ], [ 72.863414967044676, 19.156818418188362 ], [ 72.86746157006408, 19.154678406238713 ], [ 72.87151332625055, 19.157282316535412 ] ] ] } },
{ "type": "Feature", "properties": { "hex_id": "88608b1913fffff" }, "geometry": { "type": "Polygon", "coordinates": [ [ [ 72.915891102291994, 19.010287226318578 ], [ 72.915896819442167, 19.015036310100648 ], [ 72.911849786351468, 19.017183618626376 ], [ 72.907797340357902, 19.014581983024399 ], [ 72.907791757714662, 19.009833158647382 ], [ 72.911838486565856, 19.007685710467893 ], [ 72.915891102291994, 19.010287226318578 ] ] ] } },
{ "type": "Feature", "properties": { "hex_id": "88608b55d9fffff" }, "geometry": { "type": "Polygon", "coordinates": [ [ [ 72.916045531864782, 19.138472312020106 ], [ 72.916051254132924, 19.143218297618819 ], [ 72.91200240677766, 19.145360558391573 ], [ 72.907948141672719, 19.142756973801912 ], [ 72.907942554032175, 19.138011247093143 ], [ 72.91199109687679, 19.135868846084676 ], [ 72.916045531864782, 19.138472312020106 ] ] ] } },
{ "type": "Feature", "properties": { "hex_id": "88608b474dfffff" }, "geometry": { "type": "Polygon", "coordinates": [ [ [ 72.91207028193169, 19.202301102927581 ], [ 72.912075939413484, 19.207045393465418 ], [ 72.908026388091884, 19.209184983909324 ], [ 72.903971483956212, 19.206580424364329 ], [ 72.903965961146781, 19.201836392485639 ], [ 72.908015207808475, 19.199696661493334 ], [ 72.91207028193169, 19.202301102927581 ] ] ] } },
{ "type": "Feature", "properties": { "hex_id": "88608b442dfffff" }, "geometry": { "type": "Polygon", "coordinates": [ [ [ 72.843247701481573, 19.233904218360948 ], [ 72.843252216368839, 19.238645435087452 ], [ 72.839205629269173, 19.24078122615127 ], [ 72.835154832253423, 19.238175941616191 ], [ 72.835150451805617, 19.233434983900441 ], [ 72.839196733941961, 19.231299051709598 ], [ 72.843247701481573, 19.233904218360948 ] ] ] } },
{ "type": "Feature", "properties": { "hex_id": "88608b429dfffff" }, "geometry": { "type": "Polygon", "coordinates": [ [ [ 72.932344230258124, 19.210578909213858 ], [ 72.932350224855909, 19.21532367142807 ], [ 72.928299553964422, 19.217463684447296 ], [ 72.924243193090177, 19.214859075709441 ], [ 72.924237333249707, 19.210114571978661 ], [ 72.928287699533968, 19.207974418502822 ], [ 72.932344230258124, 19.210578909213858 ] ] ] } },
{ "type": "Feature", "properties": { "hex_id": "88608b086dfffff" }, "geometry": { "type": "Polygon", "coordinates": [ [ [ 72.830953464468777, 19.069570684103454 ], [ 72.830957772781474, 19.074315500376116 ], [ 72.826914113189972, 19.076457338997329 ], [ 72.822866449949473, 19.07385450180983 ], [ 72.822862275875337, 19.069109945299779 ], [ 72.826905630810984, 19.066967966215238 ], [ 72.830953464468777, 19.069570684103454 ] ] ] } },
{ "type": "Feature", "properties": { "hex_id": "88608b46c3fffff" }, "geometry": { "type": "Polygon", "coordinates": [ [ [ 72.810792843080208, 19.146682340739826 ], [ 72.810796818026887, 19.151424609968011 ], [ 72.806753072964923, 19.153562655539552 ], [ 72.802705657852059, 19.150958572824251 ], [ 72.802701817139024, 19.146216563187849 ], [ 72.80674525731304, 19.144078376675594 ], [ 72.810792843080208, 19.146682340739826 ] ] ] } },
{ "type": "Feature", "properties": { "hex_id": "88608b0b03fffff" }, "geometry": { "type": "Polygon", "coordinates": [ [ [ 72.851178628157029, 19.063602799589376 ], [ 72.851183271972502, 19.068348436837475 ], [ 72.84713869292348, 19.070491257598285 ], [ 72.843089774641257, 19.067888581419567 ], [ 72.843085265135997, 19.063143203816839 ], [ 72.847129539610592, 19.061000242748083 ], [ 72.851178628157029, 19.063602799589376 ] ] ] } },
{ "type": "Feature", "properties": { "hex_id": "88608b54c5fffff" }, "geometry": { "type": "Polygon", "coordinates": [ [ [ 72.907909032077882, 19.109534463026741 ], [ 72.907914618607336, 19.114280881949124 ], [ 72.903866581876812, 19.116423984672505 ], [ 72.89981326310199, 19.113820808630592 ], [ 72.89980781114204, 19.109074648771898 ], [ 72.90385554339521, 19.106931405891988 ], [ 72.907909032077882, 19.109534463026741 ] ] ] } },
{ "type": "Feature", "properties": { "hex_id": "88608b4639fffff" }, "geometry": { "type": "Polygon", "coordinates": [ [ [ 72.8472348393326, 19.170119155307439 ], [ 72.847239419401859, 19.174862071207464 ], [ 72.843193534503413, 19.177000536849093 ], [ 72.839143374357647, 19.174396227406707 ], [ 72.839138928683298, 19.169653570749588 ], [ 72.843184508767649, 19.167514964292572 ], [ 72.8472348393326, 19.170119155307439 ] ] ] } },
{ "type": "Feature", "properties": { "hex_id": "88608b1905fffff" }, "geometry": { "type": "Polygon", "coordinates": [ [ [ 72.948316730235177, 19.026350496178161 ], [ 72.948322986347236, 19.031100274720799 ], [ 72.944274124402227, 19.033248146473547 ], [ 72.940219310514124, 19.030646379205333 ], [ 72.940213189047284, 19.025896859775656 ], [ 72.944261746831131, 19.023748848501793 ], [ 72.948316730235177, 19.026350496178161 ] ] ] } },
{ "type": "Feature", "properties": { "hex_id": "88608b55cbfffff" }, "geometry": { "type": "Polygon", "coordinates": [ [ [ 72.928210664894365, 19.146282857569489 ], [ 72.928216589457165, 19.151029057925005 ], [ 72.924167030316411, 19.153171459753981 ], [ 72.920111851105773, 19.150567801421683 ], [ 72.920106061224203, 19.145821859839259 ], [ 72.924155315879858, 19.143679317816598 ], [ 72.928210664894365, 19.146282857569489 ] ] ] } },
{ "type": "Feature", "properties": { "hex_id": "88608b543bfffff" }, "geometry": { "type": "Polygon", "coordinates": [ [ [ 72.924131889336593, 19.124693646982568 ], [ 72.924137745681193, 19.129440237908671 ], [ 72.920088692731028, 19.131583341487239 ], [ 72.916034087897501, 19.128979994262288 ], [ 72.916028366198347, 19.124233662225013 ], [ 72.920077114695076, 19.122090418524422 ], [ 72.924131889336593, 19.124693646982568 ] ] ] } },
{ "type": "Feature", "properties": { "hex_id": "88608b4689fffff" }, "geometry": { "type": "Polygon", "coordinates": [ [ [ 72.806753072964923, 19.153562655539552 ], [ 72.806756980985028, 19.158304621670133 ], [ 72.802713339659803, 19.160442245492835 ], [ 72.798666095238531, 19.157838044182927 ], [ 72.798662321443061, 19.153096337644314 ], [ 72.802705657852059, 19.150958572824251 ], [ 72.806753072964923, 19.153562655539552 ] ] ] } },
{ "type": "Feature", "properties": { "hex_id": "88608b5515fffff" }, "geometry": { "type": "Polygon", "coordinates": [ [ [ 72.956613035139057, 19.169255018814781 ], [ 72.956619432286857, 19.174001602883937 ], [ 72.952568145582077, 19.176144147102555 ], [ 72.948510766172376, 19.173540247369115 ], [ 72.94850450383538, 19.168793921780718 ], [ 72.952555486105069, 19.166651237445503 ], [ 72.956613035139057, 19.169255018814781 ] ] ] } },
{ "type": "Feature", "properties": { "hex_id": "88608b56d1fffff" }, "geometry": { "type": "Polygon", "coordinates": [ [ [ 72.911883690201478, 19.045674605752541 ], [ 72.911889341498508, 19.050422703768398 ], [ 72.907842008163456, 19.052568471258077 ], [ 72.903789327867486, 19.049966280573411 ], [ 72.903783811095266, 19.045218441849592 ], [ 72.907830840102022, 19.043072534518998 ], [ 72.911883690201478, 19.045674605752541 ] ] ] } },
{ "type": "Feature", "properties": { "hex_id": "88608b1981fffff" }, "geometry": { "type": "Polygon", "coordinates": [ [ [ 72.8875554164363, 19.015818889934625 ], [ 72.887560663209698, 19.02056689468845 ], [ 72.88351495446642, 19.022712940887534 ], [ 72.879464303306307, 19.020111122192393 ], [ 72.879459190937141, 19.015363377020478 ], [ 72.883504595331672, 19.013217190962422 ], [ 72.8875554164363, 19.015818889934625 ] ] ] } },
{ "type": "Feature", "properties": { "hex_id": "88608b40d3fffff" }, "geometry": { "type": "Polygon", "coordinates": [ [ [ 72.90401567302402, 19.244528484119897 ], [ 72.904021197481669, 19.249271466269256 ], [ 72.899971448576338, 19.251409086502822 ], [ 72.895916479998661, 19.24880386537621 ], [ 72.895911090222327, 19.244061141770224 ], [ 72.8999605343502, 19.241923380747995 ], [ 72.90401567302402, 19.244528484119897 ] ] ] } },
{ "type": "Feature", "properties": { "hex_id": "88608b56a5fffff" }, "geometry": { "type": "Polygon", "coordinates": [ [ [ 72.924096755345204, 19.09621168064611 ], [ 72.92410261052521, 19.100958962918742 ], [ 72.920053960925713, 19.10310318904515 ], [ 72.915999760547194, 19.100500272892742 ], [ 72.915994039985804, 19.095753249623833 ], [ 72.920042385192119, 19.093608883504178 ], [ 72.924096755345204, 19.09621168064611 ] ] ] } },
{ "type": "Feature", "properties": { "hex_id": "88608b0965fffff" }, "geometry": { "type": "Polygon", "coordinates": [ [ [ 72.855289277373075, 19.12789065521428 ], [ 72.855293990462854, 19.132634870782006 ], [ 72.851248301544615, 19.134775304497577 ], [ 72.847198204241337, 19.132171663219729 ], [ 72.84719362553767, 19.127427707009812 ], [ 72.851239009759027, 19.125287132720537 ], [ 72.855289277373075, 19.12789065521428 ] ] ] } },
{ "type": "Feature", "properties": { "hex_id": "88608b54b7fffff" }, "geometry": { "type": "Polygon", "coordinates": [ [ [ 72.867441909199115, 19.13570137387898 ], [ 72.86744682417104, 19.140445805258839 ], [ 72.863400422595475, 19.14258637936523 ], [ 72.859349410727759, 19.139982662624281 ], [ 72.859344630195594, 19.135238490485765 ], [ 72.863390727099215, 19.133097775847464 ], [ 72.867441909199115, 19.13570137387898 ] ] ] } },
{ "type": "Feature", "properties": { "hex_id": "88608b462bfffff" }, "geometry": { "type": "Polygon", "coordinates": [ [ [ 72.859387660688199, 19.17793187781788 ], [ 72.859392442646268, 19.182675008565763 ], [ 72.855345844758631, 19.184813614492931 ], [ 72.851294769709966, 19.182209230446208 ], [ 72.851290122200496, 19.177466358824702 ], [ 72.855336415298936, 19.175327612124086 ], [ 72.859387660688199, 19.17793187781788 ] ] ] } },
{ "type": "Feature", "properties": { "hex_id": "88608b0a6bfffff" }, "geometry": { "type": "Polygon", "coordinates": [ [ [ 72.847083782140075, 19.013538312264899 ], [ 72.847088357205209, 19.018285018523919 ], [ 72.843044686309099, 19.020429662273848 ], [ 72.838996744837885, 19.017827739870725 ], [ 72.83899230402055, 19.013081293486064 ], [ 72.84303567043446, 19.010936509630842 ], [ 72.847083782140075, 19.013538312264899 ] ] ] } },
{ "type": "Feature", "properties": { "hex_id": "88608b0325fffff" }, "geometry": { "type": "Polygon", "coordinates": [ [ [ 72.838925709403199, 18.941870975443642 ], [ 72.838930148015464, 18.946619122473177 ], [ 72.83488789033197, 18.948766286826469 ], [ 72.830841498402094, 18.946165443978597 ], [ 72.830837193939544, 18.941417557165405 ], [ 72.834879147264985, 18.939270252984461 ], [ 72.838925709403199, 18.941870975443642 ] ] ] } },
{ "type": "Feature", "properties": { "hex_id": "88608b55bdfffff" }, "geometry": { "type": "Polygon", "coordinates": [ [ [ 72.907992849465487, 19.180718621401713 ], [ 72.907998438773291, 19.185463305680088 ], [ 72.903949393816987, 19.18760359909534 ], [ 72.899895064188897, 19.184999348710093 ], [ 72.899889609517672, 19.180254923207084 ], [ 72.903938349845816, 19.178114489314492 ], [ 72.907992849465487, 19.180718621401713 ] ] ] } },
{ "type": "Feature", "properties": { "hex_id": "88608b4731fffff" }, "geometry": { "type": "Polygon", "coordinates": [ [ [ 72.871588087792745, 19.228430744631904 ], [ 72.871593073217298, 19.233173042479997 ], [ 72.867545157822988, 19.23531009992308 ], [ 72.863492561866764, 19.232705000441261 ], [ 72.863487710984785, 19.227962961428769 ], [ 72.867535321524301, 19.225825763063057 ], [ 72.871588087792745, 19.228430744631904 ] ] ] } },
{ "type": "Feature", "properties": { "hex_id": "88608b542dfffff" }, "geometry": { "type": "Polygon", "coordinates": [ [ [ 72.956574656706579, 19.140773080489957 ], [ 72.956581052581754, 19.145520359657286 ], [ 72.9525301696696, 19.147664027075635 ], [ 72.948473195264896, 19.145060555315588 ], [ 72.948466934173624, 19.140313534744351 ], [ 72.952517512710969, 19.138169727337587 ], [ 72.956574656706579, 19.140773080489957 ] ] ] } },
{ "type": "Feature", "properties": { "hex_id": "88608b4411fffff" }, "geometry": { "type": "Polygon", "coordinates": [ [ [ 72.810840551132316, 19.203581932890433 ], [ 72.810844527659512, 19.208322811706328 ], [ 72.806799977751709, 19.210458605145607 ], [ 72.802751756333379, 19.207853660966215 ], [ 72.802747914093302, 19.203113041510363 ], [ 72.806792158992295, 19.200977106874479 ], [ 72.810840551132316, 19.203581932890433 ] ] ] } },
{ "type": "Feature", "properties": { "hex_id": "88608b56c3fffff" }, "geometry": { "type": "Polygon", "coordinates": [ [ [ 72.924044067456904, 19.053480972021422 ], [ 72.924049920890667, 19.058229287195761 ], [ 72.920001876166538, 19.060375195730401 ], [ 72.915948282319235, 19.057772928890522 ], [ 72.91594256346383, 19.053024872891552 ], [ 72.919990303885157, 19.050878824557678 ], [ 72.924044067456904, 19.053480972021422 ] ] ] } },
{ "type": "Feature", "properties": { "hex_id": "88608b0b53fffff" }, "geometry": { "type": "Polygon", "coordinates": [ [ [ 72.847111234803734, 19.042016840337187 ], [ 72.847115810778092, 19.046762862376259 ], [ 72.843071737516368, 19.048906384527623 ], [ 72.839023392830597, 19.046304024875884 ], [ 72.839018951130754, 19.041558262597132 ], [ 72.843062719849982, 19.03941460021047 ], [ 72.847111234803734, 19.042016840337187 ] ] ] } },
{ "type": "Feature", "properties": { "hex_id": "88608b5533fffff" }, "geometry": { "type": "Polygon", "coordinates": [ [ [ 72.948523291469385, 19.183032550354131 ], [ 72.948529554429371, 19.18777852762901 ], [ 72.944478472840771, 19.18992022838016 ], [ 72.940421432792476, 19.187316092087016 ], [ 72.940415304625446, 19.18257037329392 ], [ 72.944466081721558, 19.180428532312721 ], [ 72.948523291469385, 19.183032550354131 ] ] ] } },
{ "type": "Feature", "properties": { "hex_id": "88608b46a7fffff" }, "geometry": { "type": "Polygon", "coordinates": [ [ [ 72.802736388136765, 19.188890486292827 ], [ 72.802740229994996, 19.193631454113003 ], [ 72.79869629010291, 19.195767529938173 ], [ 72.794648813365384, 19.193162779125768 ], [ 72.794645105749495, 19.188422070781812 ], [ 72.798688740636621, 19.186285853774663 ], [ 72.802736388136765, 19.188890486292827 ] ] ] } },
{ "type": "Feature", "properties": { "hex_id": "88608b5639fffff" }, "geometry": { "type": "Polygon", "coordinates": [ [ [ 72.960541640364283, 19.0769014313138 ], [ 72.96054810075087, 19.081650395831108 ], [ 72.956497922742599, 19.083796728283456 ], [ 72.952441588581152, 19.08119423589282 ], [ 72.952435262933591, 19.076445530200459 ], [ 72.956485136716253, 19.074299058074345 ], [ 72.960541640364283, 19.0769014313138 ] ] ] } },
{ "type": "Feature", "properties": { "hex_id": "88608b4713fffff" }, "geometry": { "type": "Polygon", "coordinates": [ [ [ 72.859416354813973, 19.206388920880947 ], [ 72.859421137723032, 19.211131354634009 ], [ 72.855374136887946, 19.213268834823594 ], [ 72.851322658001223, 19.210664022161794 ], [ 72.851318009567578, 19.205921847419145 ], [ 72.855364705553086, 19.203784226328455 ], [ 72.859416354813973, 19.206388920880947 ] ] ] } },
{ "type": "Feature", "properties": { "hex_id": "88608b54a9fffff" }, "geometry": { "type": "Polygon", "coordinates": [ [ [ 72.895781789179196, 19.130200856903564 ], [ 72.895787174669238, 19.134946368383208 ], [ 72.891739446762202, 19.137088207109606 ], [ 72.887686637935929, 19.13448467468401 ], [ 72.887681386988575, 19.129739422269715 ], [ 72.891728810332609, 19.127597443216203 ], [ 72.895781789179196, 19.130200856903564 ] ] ] } },
{ "type": "Feature", "properties": { "hex_id": "88608b461dfffff" }, "geometry": { "type": "Polygon", "coordinates": [ [ [ 72.847221100035384, 19.155889712851632 ], [ 72.84722567964937, 19.16063297606874 ], [ 72.843179996124064, 19.162772004294233 ], [ 72.839130037776457, 19.160167910054529 ], [ 72.839125592543979, 19.155424906138148 ], [ 72.843170971285417, 19.15328573716133 ], [ 72.847221100035384, 19.155889712851632 ] ] ] } },
{ "type": "Feature", "properties": { "hex_id": "88608b0a5dfffff" }, "geometry": { "type": "Polygon", "coordinates": [ [ [ 72.83492724129853, 18.991492840061369 ], [ 72.834931614352058, 18.996239668081511 ], [ 72.830888856897147, 18.998384732123355 ], [ 72.82684203087328, 18.99578310822703 ], [ 72.826837792000518, 18.991036540254107 ], [ 72.830880244978701, 18.98889133613099 ], [ 72.83492724129853, 18.991492840061369 ] ] ] } },
{ "type": "Feature", "properties": { "hex_id": "88608b4723fffff" }, "geometry": { "type": "Polygon", "coordinates": [ [ [ 72.883748216583314, 19.236245834727605 ], [ 72.883753404138417, 19.240988345632413 ], [ 72.879704775834483, 19.243125543608542 ], [ 72.875651264812987, 19.240520371560848 ], [ 72.875646211854161, 19.235778119374867 ], [ 72.879694535328412, 19.233640780518314 ], [ 72.883748216583314, 19.236245834727605 ] ] ] } },
{ "type": "Feature", "properties": { "hex_id": "88608b0b63fffff" }, "geometry": { "type": "Polygon", "coordinates": [ [ [ 72.871423661441312, 19.071869855497926 ], [ 72.871428641416813, 19.076615969708133 ], [ 72.86738294223683, 19.078759211566897 ], [ 72.863332567612005, 19.076156479433202 ], [ 72.863327722031713, 19.071410624693641 ], [ 72.867373116688839, 19.069267242617745 ], [ 72.871423661441312, 19.071869855497926 ] ] ] } },
{ "type": "Feature", "properties": { "hex_id": "88608b4403fffff" }, "geometry": { "type": "Polygon", "coordinates": [ [ [ 72.822987558262668, 19.211396560481965 ], [ 72.822991736487054, 19.216137653769341 ], [ 72.81894647287352, 19.218273587078606 ], [ 72.814897336027713, 19.215668568255797 ], [ 72.814893292144205, 19.21092773421211 ], [ 72.818938250773456, 19.208791659748162 ], [ 72.822987558262668, 19.211396560481965 ] ] ] } },
{ "type": "Feature", "properties": { "hex_id": "88608b56b5fffff" }, "geometry": { "type": "Polygon", "coordinates": [ [ [ 72.903833468626885, 19.087944867431396 ], [ 72.903838987044622, 19.092691674506565 ], [ 72.899791456346207, 19.09483547862051 ], [ 72.895738711683492, 19.092232615744351 ], [ 72.895733327799476, 19.087486067848243 ], [ 72.899780554052256, 19.085342123649845 ], [ 72.903833468626885, 19.087944867431396 ] ] ] } },
{ "type": "Feature", "properties": { "hex_id": "88608b4509fffff" }, "geometry": { "type": "Polygon", "coordinates": [ [ [ 72.86351681868878, 19.256413444375099 ], [ 72.863521670535647, 19.26115478251171 ], [ 72.859473760186916, 19.263290431601924 ], [ 72.855421302941153, 19.260684883655063 ], [ 72.855416585632284, 19.255943804295882 ], [ 72.859464191039024, 19.25380801410672 ], [ 72.86351681868878, 19.256413444375099 ] ] ] } },
{ "type": "Feature", "properties": { "hex_id": "88608b0949fffff" }, "geometry": { "type": "Polygon", "coordinates": [ [ [ 72.851206493357466, 19.092074903846221 ], [ 72.851211138096033, 19.096819852975031 ], [ 72.847166156500919, 19.098961550875934 ], [ 72.843116834809848, 19.096358440085936 ], [ 72.843112324408239, 19.091613750487877 ], [ 72.847157001368601, 19.089471912149719 ], [ 72.851206493357466, 19.092074903846221 ] ] ] } },
{ "type": "Feature", "properties": { "hex_id": "88608b549bfffff" }, "geometry": { "type": "Polygon", "coordinates": [ [ [ 72.863356797921611, 19.099884032098007 ], [ 72.863361644465229, 19.10462919799776 ], [ 72.859315950328778, 19.106771036258777 ], [ 72.855265714266423, 19.104167849016253 ], [ 72.85526100211348, 19.099422942530911 ], [ 72.859306391640061, 19.097280963874276 ], [ 72.863356797921611, 19.099884032098007 ] ] ] } },
{ "type": "Feature", "properties": { "hex_id": "88608b4715fffff" }, "geometry": { "type": "Polygon", "coordinates": [ [ [ 72.871573132510647, 19.214203151611706 ], [ 72.871578117439427, 19.218945799137074 ], [ 72.867530403619483, 19.221083419733084 ], [ 72.863478009703158, 19.218478533663294 ], [ 72.86347315930351, 19.213736145031671 ], [ 72.867520568298858, 19.211598383576636 ], [ 72.871573132510647, 19.214203151611706 ] ] ] } },
{ "type": "Feature", "properties": { "hex_id": "88608b0a4dfffff" }, "geometry": { "type": "Polygon", "coordinates": [ [ [ 72.855162082950443, 18.999753449112347 ], [ 72.855166791826761, 19.004500756529964 ], [ 72.851122914367082, 19.006646241147479 ], [ 72.84707463246437, 19.004044558338929 ], [ 72.847070057853756, 18.999297510794168 ], [ 72.851113630887994, 18.997151886185748 ], [ 72.855162082950443, 18.999753449112347 ] ] ] } },
{ "type": "Feature", "properties": { "hex_id": "88608b55a1fffff" }, "geometry": { "type": "Polygon", "coordinates": [ [ [ 72.920158177068927, 19.188531163684985 ], [ 72.920163968678295, 19.193276061755554 ], [ 72.916114211603983, 19.195416496123251 ], [ 72.912058967530783, 19.192812172856041 ], [ 72.912053310611654, 19.188067533443903 ], [ 72.916102763083316, 19.185926958641076 ], [ 72.920158177068927, 19.188531163684985 ] ] ] } },
{ "type": "Feature", "properties": { "hex_id": "88608b5411fffff" }, "geometry": { "type": "Polygon", "coordinates": [ [ [ 72.924114321467471, 19.110453182187058 ], [ 72.924120177229739, 19.115200119060827 ], [ 72.92007132596494, 19.117343784007382 ], [ 72.916016923369014, 19.114740652138437 ], [ 72.916011202238792, 19.109993974211019 ], [ 72.920059749080266, 19.107850169206774 ], [ 72.924114321467471, 19.110453182187058 ] ] ] } },
{ "type": "Feature", "properties": { "hex_id": "88608b19e1fffff" }, "geometry": { "type": "Polygon", "coordinates": [ [ [ 72.907808506199316, 19.024079289913296 ], [ 72.90781408939749, 19.028827772302904 ], [ 72.903767261875288, 19.030974239988048 ], [ 72.899715155459305, 19.028372365052373 ], [ 72.899709706750187, 19.023624142069608 ], [ 72.903756229975826, 19.021477534616309 ], [ 72.907808506199316, 19.024079289913296 ] ] ] } },
{ "type": "Feature", "properties": { "hex_id": "88608b460dfffff" }, "geometry": { "type": "Polygon", "coordinates": [ [ [ 72.867471401473878, 19.16416622865059 ], [ 72.867476317423154, 19.16890996620171 ], [ 72.863429512939859, 19.171049415807616 ], [ 72.859378097247429, 19.168445268523172 ], [ 72.859373315764728, 19.163701790097925 ], [ 72.863419815515726, 19.161562199831835 ], [ 72.867471401473878, 19.16416622865059 ] ] ] } },
{ "type": "Feature", "properties": { "hex_id": "88608b5499fffff" }, "geometry": { "type": "Polygon", "coordinates": [ [ [ 72.871453543769306, 19.100344819439577 ], [ 72.871458524734877, 19.105090244695315 ], [ 72.867412422787339, 19.107232363800943 ], [ 72.863361644465229, 19.10462919799776 ], [ 72.863356797921611, 19.099884032098007 ], [ 72.867402595285995, 19.097741772646057 ], [ 72.871453543769306, 19.100344819439577 ] ] ] } },
{ "type": "Feature", "properties": { "hex_id": "88608b0b55fffff" }, "geometry": { "type": "Polygon", "coordinates": [ [ [ 72.859258607695239, 19.049823716565957 ], [ 72.859263385377446, 19.05456995669492 ], [ 72.855218599760846, 19.056713619181888 ], [ 72.851169340987511, 19.054111181734452 ], [ 72.851164697633479, 19.049365201249643 ], [ 72.855209178732423, 19.047221398568762 ], [ 72.859258607695239, 19.049823716565957 ] ] ] } },
{ "type": "Feature", "properties": { "hex_id": "88608b56a7fffff" }, "geometry": { "type": "Polygon", "coordinates": [ [ [ 72.915994039985804, 19.095753249623833 ], [ 72.915999760547194, 19.100500272892742 ], [ 72.911951518127481, 19.10264421794718 ], [ 72.907897859574433, 19.100041279775937 ], [ 72.907892273600396, 19.095294515569439 ], [ 72.911940211599884, 19.093150430472374 ], [ 72.915994039985804, 19.095753249623833 ] ] ] } },
{ "type": "Feature", "properties": { "hex_id": "88608b5517fffff" }, "geometry": { "type": "Polygon", "coordinates": [ [ [ 72.94850450383538, 19.168793921780718 ], [ 72.948510766172376, 19.173540247369115 ], [ 72.944459886470113, 19.175682510060607 ], [ 72.940403048901004, 19.173078587330309 ], [ 72.940396921343549, 19.168332520281499 ], [ 72.94444749658345, 19.166190117423906 ], [ 72.94850450383538, 19.168793921780718 ] ] ] } },
{ "type": "Feature", "properties": { "hex_id": "88608b468bfffff" }, "geometry": { "type": "Polygon", "coordinates": [ [ [ 72.798662321443061, 19.153096337644314 ], [ 72.798666095238531, 19.157838044182927 ], [ 72.794622862633034, 19.159975387245009 ], [ 72.790576161182457, 19.157371164815601 ], [ 72.790572521580231, 19.152629717927109 ], [ 72.794615449243182, 19.150492233818511 ], [ 72.798662321443061, 19.153096337644314 ] ] ] } },
{ "type": "Feature", "properties": { "hex_id": "88608b561dfffff" }, "geometry": { "type": "Polygon", "coordinates": [ [ [ 72.960522260489427, 19.0626538490733 ], [ 72.960528720233569, 19.067403157873787 ], [ 72.956478744020956, 19.069550050766097 ], [ 72.952422612267526, 19.066947774467522 ], [ 72.952416287249008, 19.062198724549148 ], [ 72.956465959266097, 19.060051692047765 ], [ 72.960522260489427, 19.0626538490733 ] ] ] } },
{ "type": "Feature", "properties": { "hex_id": "88608b548dfffff" }, "geometry": { "type": "Polygon", "coordinates": [ [ [ 72.895765633779931, 19.115963630301707 ], [ 72.895771018734536, 19.120709487801896 ], [ 72.89172349238217, 19.122851888197498 ], [ 72.887670885615861, 19.120248571356267 ], [ 72.887665635190501, 19.115502972978948 ], [ 72.89171285701002, 19.113360432320572 ], [ 72.895765633779931, 19.115963630301707 ] ] ] } },
{ "type": "Feature", "properties": { "hex_id": "88608b4601fffff" }, "geometry": { "type": "Polygon", "coordinates": [ [ [ 72.859373315764728, 19.163701790097925 ], [ 72.859378097247429, 19.168445268523172 ], [ 72.855331700803433, 19.170584437039537 ], [ 72.851280827643578, 19.167980267840701 ], [ 72.851276180596116, 19.16323704859974 ], [ 72.855322272281086, 19.161097739373904 ], [ 72.859373315764728, 19.163701790097925 ] ] ] } },
{ "type": "Feature", "properties": { "hex_id": "88608b0a41fffff" }, "geometry": { "type": "Polygon", "coordinates": [ [ [ 72.847070057853756, 18.999297510794168 ], [ 72.84707463246437, 19.004044558338929 ], [ 72.843031162721076, 19.00618976260435 ], [ 72.838983422827027, 19.00358805936575 ], [ 72.838978982450826, 18.998841271752191 ], [ 72.84302214774209, 18.996695927446687 ], [ 72.847070057853756, 18.999297510794168 ] ] ] } },
{ "type": "Feature", "properties": { "hex_id": "88608b016bfffff" }, "geometry": { "type": "Polygon", "coordinates": [ [ [ 72.818724667251502, 18.962099711967824 ], [ 72.818728771159499, 18.966846699809917 ], [ 72.814687231600502, 18.968992324128376 ], [ 72.810641892610633, 18.96639110065427 ], [ 72.810637922794058, 18.961644373089491 ], [ 72.814679157883745, 18.959498608722182 ], [ 72.818724667251502, 18.962099711967824 ] ] ] } },
{ "type": "Feature", "properties": { "hex_id": "88608b5593fffff" }, "geometry": { "type": "Polygon", "coordinates": [ [ [ 72.887712895283315, 19.158209203896369 ], [ 72.887718147274953, 19.162953762740969 ], [ 72.883670423888788, 19.165094196366841 ], [ 72.879617753169043, 19.162490211653502 ], [ 72.879612635715588, 19.157745911817443 ], [ 72.883660054451525, 19.155605337686755 ], [ 72.887712895283315, 19.158209203896369 ] ] ] } },
{ "type": "Feature", "properties": { "hex_id": "88608b0947fffff" }, "geometry": { "type": "Polygon", "coordinates": [ [ [ 72.843125856061263, 19.105847474579146 ], [ 72.84313036691114, 19.110591819352518 ], [ 72.839085592078234, 19.112732674766526 ], [ 72.83503661109485, 19.110129325958788 ], [ 72.835032234564011, 19.105385240717077 ], [ 72.839076704705377, 19.103244244752062 ], [ 72.843125856061263, 19.105847474579146 ] ] ] } },
{ "type": "Feature", "properties": { "hex_id": "88608b4707fffff" }, "geometry": { "type": "Polygon", "coordinates": [ [ [ 72.88373265494981, 19.222017601816599 ], [ 72.883737841989003, 19.226760462759017 ], [ 72.879689415329963, 19.228898223893076 ], [ 72.875636106439003, 19.226293264902079 ], [ 72.875631053982673, 19.221550662736643 ], [ 72.879679175842256, 19.219412760785772 ], [ 72.88373265494981, 19.222017601816599 ] ] ] } },
{ "type": "Feature", "properties": { "hex_id": "88608b0b47fffff" }, "geometry": { "type": "Polygon", "coordinates": [ [ [ 72.871408722504711, 19.057630825437034 ], [ 72.87141370198529, 19.062377283301402 ], [ 72.867368204158993, 19.064521086254157 ], [ 72.863318031352662, 19.061918571495621 ], [ 72.863313186253905, 19.057172373159116 ], [ 72.867358379587472, 19.055028430053941 ], [ 72.871408722504711, 19.057630825437034 ] ] ] } },
{ "type": "Feature", "properties": { "hex_id": "88608b5403fffff" }, "geometry": { "type": "Polygon", "coordinates": [ [ [ 72.936279866196855, 19.118262369881542 ], [ 72.936285924267025, 19.123009522116291 ], [ 72.932236361478942, 19.125153328217966 ], [ 72.928181045026193, 19.12255012210117 ], [ 72.928175121641686, 19.117803228695905 ], [ 72.932224380032068, 19.115659282578502 ], [ 72.936279866196855, 19.118262369881542 ] ] ] } },
{ "type": "Feature", "properties": { "hex_id": "88608b1963fffff" }, "geometry": { "type": "Polygon", "coordinates": [ [ [ 72.956421219298008, 19.026803829881434 ], [ 72.956427610086493, 19.031553867478163 ], [ 72.952378341540253, 19.033702020161758 ], [ 72.948322986347236, 19.031100274720799 ], [ 72.948316730235177, 19.026350496178161 ], [ 72.952365694647497, 19.024202204022934 ], [ 72.956421219298008, 19.026803829881434 ] ] ] } },
{ "type": "Feature", "properties": { "hex_id": "88608b5699fffff" }, "geometry": { "type": "Polygon", "coordinates": [ [ [ 72.899742401712928, 19.052111767258186 ], [ 72.899747851505339, 19.05685930473021 ], [ 72.895701028241618, 19.059004370701967 ], [ 72.891649059577034, 19.056402039149699 ], [ 72.891643744269231, 19.05165476102913 ], [ 72.895690263149206, 19.049509555109999 ], [ 72.899742401712928, 19.052111767258186 ] ] ] } },
{ "type": "Feature", "properties": { "hex_id": "88608b5509fffff" }, "geometry": { "type": "Polygon", "coordinates": [ [ [ 72.976878412362282, 19.163285365863409 ], [ 72.976885146338802, 19.168032769929138 ], [ 72.972832943548553, 19.170176298934933 ], [ 72.968774311141217, 19.167572563836231 ], [ 72.968767712046898, 19.162825418132872 ], [ 72.972819610485558, 19.160681749166354 ], [ 72.976878412362282, 19.163285365863409 ] ] ] } },
{ "type": "Feature", "properties": { "hex_id": "88608b092dfffff" }, "geometry": { "type": "Polygon", "coordinates": [ [ [ 72.84315292340213, 19.134311816052378 ], [ 72.843157435148726, 19.139055469532998 ], [ 72.839112257730179, 19.14119520084278 ], [ 72.835062873324773, 19.138591419352238 ], [ 72.835058495923946, 19.133848025288117 ], [ 72.839103368590585, 19.131708153298636 ], [ 72.84315292340213, 19.134311816052378 ] ] ] } },
{ "type": "Feature", "properties": { "hex_id": "88608b4463fffff" }, "geometry": { "type": "Polygon", "coordinates": [ [ [ 72.843234157717532, 19.219679868566899 ], [ 72.84323867215592, 19.224421435040021 ], [ 72.839192286499426, 19.226557789554203 ], [ 72.83514169134547, 19.223952718659241 ], [ 72.835137311333156, 19.21921141125507 ], [ 72.839183392056569, 19.217074915677518 ], [ 72.843234157717532, 19.219679868566899 ] ] ] } },
{ "type": "Feature", "properties": { "hex_id": "88608b42d3fffff" }, "geometry": { "type": "Polygon", "coordinates": [ [ [ 72.932326247657329, 19.196343923863999 ], [ 72.932332241658827, 19.201089035371005 ], [ 72.928281772613545, 19.203229610822671 ], [ 72.924225614151638, 19.200625215160716 ], [ 72.924219754894025, 19.195880362195147 ], [ 72.928269919362251, 19.19373964635059 ], [ 72.932326247657329, 19.196343923863999 ] ] ] } },
{ "type": "Feature", "properties": { "hex_id": "88608b5585fffff" }, "geometry": { "type": "Polygon", "coordinates": [ [ [ 72.920140803392911, 19.174295772581729 ], [ 72.920146594426242, 19.179041019037243 ], [ 72.916097039107655, 19.181182015645948 ], [ 72.912041997336004, 19.178577906170954 ], [ 72.912036340979483, 19.173832918431749 ], [ 72.916085591725576, 19.171691781451802 ], [ 72.920140803392911, 19.174295772581729 ] ] ] } },
{ "type": "Feature", "properties": { "hex_id": "88608b0b39fffff" }, "geometry": { "type": "Polygon", "coordinates": [ [ [ 72.84713869292348, 19.070491257598285 ], [ 72.847143269807333, 19.075236593221199 ], [ 72.843098794099888, 19.077378993018794 ], [ 72.83905004611924, 19.074776197559054 ], [ 72.839045603536619, 19.070031121582094 ], [ 72.843089774641257, 19.067888581419567 ], [ 72.84713869292348, 19.070491257598285 ] ] ] } },
{ "type": "Feature", "properties": { "hex_id": "88608b56b3fffff" }, "geometry": { "type": "Polygon", "coordinates": [ [ [ 72.891675638757917, 19.080136711834502 ], [ 72.891680955122538, 19.084883302360783 ], [ 72.887634136291879, 19.087026965664894 ], [ 72.883582305575359, 19.08442417856951 ], [ 72.883577123690856, 19.079677847338928 ], [ 72.887623638050584, 19.077534043908628 ], [ 72.891675638757917, 19.080136711834502 ] ] ] } },
{ "type": "Feature", "properties": { "hex_id": "88608b19c5fffff" }, "geometry": { "type": "Polygon", "coordinates": [ [ [ 72.907791757714662, 19.009833158647382 ], [ 72.907797340357902, 19.014581983024399 ], [ 72.903750714300187, 19.016729010874538 ], [ 72.899698809873499, 19.014127354051343 ], [ 72.899693361705914, 19.009378789138054 ], [ 72.90373968349715, 19.00723162158484 ], [ 72.907791757714662, 19.009833158647382 ] ] ] } },
{ "type": "Feature", "properties": { "hex_id": "88608b568bfffff" }, "geometry": { "type": "Polygon", "coordinates": [ [ [ 72.911900644654352, 19.059918556531574 ], [ 72.911906296513209, 19.06466631115676 ], [ 72.907858761643439, 19.066811518037781 ], [ 72.903805879281009, 19.064209110199947 ], [ 72.90380036196035, 19.059461614809663 ], [ 72.90784759247174, 19.057316268022898 ], [ 72.911900644654352, 19.059918556531574 ] ] ] } },
{ "type": "Feature", "properties": { "hex_id": "88608b193bfffff" }, "geometry": { "type": "Polygon", "coordinates": [ [ [ 72.924008950927501, 19.02498867942095 ], [ 72.924014803197551, 19.02973768044815 ], [ 72.919967161623248, 19.031884709642924 ], [ 72.915913972029287, 19.029282877480536 ], [ 72.915908254310807, 19.024534135742751 ], [ 72.91995559164252, 19.022386966878571 ], [ 72.924008950927501, 19.02498867942095 ] ] ] } },
{ "type": "Feature", "properties": { "hex_id": "88608b4455fffff" }, "geometry": { "type": "Polygon", "coordinates": [ [ [ 72.831069839019079, 19.197640328595682 ], [ 72.831074151187096, 19.202382029909078 ], [ 72.827028680324418, 19.204518807591814 ], [ 72.822979202229163, 19.20191402500345 ], [ 72.82297502442006, 19.197172582933643 ], [ 72.827020190355171, 19.1950356642092 ], [ 72.831069839019079, 19.197640328595682 ] ] ] } },
{ "type": "Feature", "properties": { "hex_id": "88608b18b1fffff" }, "geometry": { "type": "Polygon", "coordinates": [ [ [ 72.84300411957517, 18.977706894423264 ], [ 72.843008626393058, 18.982454322864868 ], [ 72.83896566220443, 18.98460022743102 ], [ 72.834918495625899, 18.981998843523044 ], [ 72.83491412300674, 18.977251675127068 ], [ 72.838956782775256, 18.975105630594133 ], [ 72.84300411957517, 18.977706894423264 ] ] ] } },
{ "type": "Feature", "properties": { "hex_id": "88608b0b2bfffff" }, "geometry": { "type": "Polygon", "coordinates": [ [ [ 72.859287276162547, 19.078299440565395 ], [ 72.859292054794466, 19.08304499355777 ], [ 72.855246866591244, 19.085187533679502 ], [ 72.851197204341929, 19.082584661132884 ], [ 72.851192560064945, 19.07783936767019 ], [ 72.855237443690186, 19.075696687225058 ], [ 72.859287276162547, 19.078299440565395 ] ] ] } },
{ "type": "Feature", "properties": { "hex_id": "88608b19b7fffff" }, "geometry": { "type": "Polygon", "coordinates": [ [ [ 72.867338732397087, 19.036041745469479 ], [ 72.867343643950633, 19.040788587986029 ], [ 72.863298651920559, 19.042933091931697 ], [ 72.859249052805595, 19.040330893441158 ], [ 72.859244275598144, 19.035584310567355 ], [ 72.863288963167363, 19.033439666541977 ], [ 72.867338732397087, 19.036041745469479 ] ] ] } },
{ "type": "Feature", "properties": { "hex_id": "88608b4401fffff" }, "geometry": { "type": "Polygon", "coordinates": [ [ [ 72.831082775951799, 19.21186508381663 ], [ 72.831087088548486, 19.21660643628945 ], [ 72.827041416333287, 19.218742650712773 ], [ 72.822991736487054, 19.216137653769341 ], [ 72.822987558262668, 19.211396560481965 ], [ 72.827032925520044, 19.2092602049532 ], [ 72.831082775951799, 19.21186508381663 ] ] ] } },
{ "type": "Feature", "properties": { "hex_id": "88608b455bfffff" }, "geometry": { "type": "Polygon", "coordinates": [ [ [ 72.851345902480475, 19.234373149277381 ], [ 72.851350551838564, 19.239114624956308 ], [ 72.847303556310493, 19.241250697322219 ], [ 72.843252216368839, 19.238645435087452 ], [ 72.843247701481573, 19.233904218360948 ], [ 72.847294392072968, 19.231768004917335 ], [ 72.851345902480475, 19.234373149277381 ] ] ] } },
{ "type": "Feature", "properties": { "hex_id": "88608b54edfffff" }, "geometry": { "type": "Polygon", "coordinates": [ [ [ 72.916028366198347, 19.124233662225013 ], [ 72.916034087897501, 19.128979994262288 ], [ 72.911985442207509, 19.131122816650191 ], [ 72.907931379306689, 19.128519447172856 ], [ 72.907925792221732, 19.123773374083111 ], [ 72.911974133431229, 19.121630411523746 ], [ 72.916028366198347, 19.124233662225013 ] ] ] } },
{ "type": "Feature", "properties": { "hex_id": "88608b4661fffff" }, "geometry": { "type": "Polygon", "coordinates": [ [ [ 72.879627988584801, 19.171978463898895 ], [ 72.879633106547089, 19.176722416186571 ], [ 72.875585589411045, 19.178862006303685 ], [ 72.871533259027771, 19.1762577847519 ], [ 72.87152827558576, 19.171514091473483 ], [ 72.875575488014562, 19.169374360738146 ], [ 72.879627988584801, 19.171978463898895 ] ] ] } },
{ "type": "Feature", "properties": { "hex_id": "88608b541dfffff" }, "geometry": { "type": "Polygon", "coordinates": [ [ [ 72.932218389606504, 19.110912086817201 ], [ 72.932224380032068, 19.115659282578502 ], [ 72.928175121641686, 19.117803228695905 ], [ 72.924120177229739, 19.115200119060827 ], [ 72.924114321467471, 19.110453182187058 ], [ 72.928163275461671, 19.108309096061411 ], [ 72.932218389606504, 19.110912086817201 ] ] ] } },
{ "type": "Feature", "properties": { "hex_id": "88608b19edfffff" }, "geometry": { "type": "Polygon", "coordinates": [ [ [ 72.915908254310807, 19.024534135742751 ], [ 72.915913972029287, 19.029282877480536 ], [ 72.91186673743394, 19.031429625900909 ], [ 72.90781408939749, 19.028827772302904 ], [ 72.907808506199316, 19.024079289913296 ], [ 72.911855436525073, 19.021932401774123 ], [ 72.915908254310807, 19.024534135742751 ] ] ] } },
{ "type": "Feature", "properties": { "hex_id": "88608b0b61fffff" }, "geometry": { "type": "Polygon", "coordinates": [ [ [ 72.879520550546474, 19.072328784290097 ], [ 72.87952566494846, 19.077075157912436 ], [ 72.875479558131673, 19.07921868053722 ], [ 72.871428641416813, 19.076615969708133 ], [ 72.871423661441312, 19.071869855497926 ], [ 72.875469463762016, 19.069726192705286 ], [ 72.879520550546474, 19.072328784290097 ] ] ] } },
{ "type": "Feature", "properties": { "hex_id": "88608b192dfffff" }, "geometry": { "type": "Polygon", "coordinates": [ [ [ 72.956440392298944, 19.041053599914704 ], [ 72.956446783722939, 19.04580329463219 ], [ 72.952397313451328, 19.047950887319473 ], [ 72.94834175592753, 19.045348924826438 ], [ 72.948335499193405, 19.040599489106082 ], [ 72.952384665301011, 19.03845175688221 ], [ 72.956440392298944, 19.041053599914704 ] ] ] } },
{ "type": "Feature", "properties": { "hex_id": "88608b4721fffff" }, "geometry": { "type": "Polygon", "coordinates": [ [ [ 72.89185117185373, 19.236713245842623 ], [ 72.89185649403646, 19.241456015407707 ], [ 72.887807457773476, 19.243593494886838 ], [ 72.883753404138417, 19.240988345632413 ], [ 72.883748216583314, 19.236245834727605 ], [ 72.887796948043487, 19.234108214417486 ], [ 72.89185117185373, 19.236713245842623 ] ] ] } },
{ "type": "Feature", "properties": { "hex_id": "88608b55adfffff" }, "geometry": { "type": "Polygon", "coordinates": [ [ [ 72.928263993031351, 19.188994489680269 ], [ 72.928269919362251, 19.19373964635059 ], [ 72.924219754894025, 19.195880362195147 ], [ 72.920163968678295, 19.193276061755554 ], [ 72.920158177068927, 19.188531163684985 ], [ 72.924208036961602, 19.186390307454747 ], [ 72.928263993031351, 19.188994489680269 ] ] ] } },
{ "type": "Feature", "properties": { "hex_id": "88608b4767fffff" }, "geometry": { "type": "Polygon", "coordinates": [ [ [ 72.903999100750042, 19.230298836637981 ], [ 72.904004624658199, 19.235042169243574 ], [ 72.899955077508523, 19.237180352581159 ], [ 72.89590031120575, 19.234575344038809 ], [ 72.895894921965493, 19.22983227003478 ], [ 72.899944164367909, 19.227693945972057 ], [ 72.903999100750042, 19.230298836637981 ] ] ] } },
{ "type": "Feature", "properties": { "hex_id": "88608b5463fffff" }, "geometry": { "type": "Polygon", "coordinates": [ [ [ 72.956555470353393, 19.126530549413275 ], [ 72.956561865592406, 19.131278175306946 ], [ 72.952511184546381, 19.13342240404355 ], [ 72.948454412613813, 19.130819146811149 ], [ 72.948448152145275, 19.126071779571113 ], [ 72.952498528846633, 19.123927410910344 ], [ 72.956555470353393, 19.126530549413275 ] ] ] } },
{ "type": "Feature", "properties": { "hex_id": "88608b4447fffff" }, "geometry": { "type": "Polygon", "coordinates": [ [ [ 72.843220615299956, 19.205454470624694 ], [ 72.84322512928955, 19.210196386298566 ], [ 72.839178945056162, 19.21233330407749 ], [ 72.835128551743921, 19.209728447182844 ], [ 72.835124172166999, 19.204986790636074 ], [ 72.83917005149749, 19.202849731857441 ], [ 72.843220615299956, 19.205454470624694 ] ] ] } },
{ "type": "Feature", "properties": { "hex_id": "88608b18a3fffff" }, "geometry": { "type": "Polygon", "coordinates": [ [ [ 72.855147957257145, 18.985510845151705 ], [ 72.855152665665656, 18.990258493362099 ], [ 72.851108989379, 18.992404538246291 ], [ 72.84706090908702, 18.989803074846375 ], [ 72.847056334930841, 18.985055686565588 ], [ 72.851099706822168, 18.982909501755767 ], [ 72.855147957257145, 18.985510845151705 ] ] ] } },
{ "type": "Feature", "properties": { "hex_id": "88608b19a9fffff" }, "geometry": { "type": "Polygon", "coordinates": [ [ [ 72.895668735104351, 19.030518552041443 ], [ 72.895674116848099, 19.035266474141512 ], [ 72.891627799402428, 19.037412240599053 ], [ 72.887576404572826, 19.034810224831851 ], [ 72.887571157277961, 19.030062562198157 ], [ 72.891617170371617, 19.027916655865909 ], [ 72.895668735104351, 19.030518552041443 ] ] ] } },
{ "type": "Feature", "properties": { "hex_id": "88608b454dfffff" }, "geometry": { "type": "Polygon", "coordinates": [ [ [ 72.883763779764564, 19.250473016979623 ], [ 72.883768967835636, 19.255215177300734 ], [ 72.879720137866769, 19.257351811933393 ], [ 72.875666424694543, 19.254746427189289 ], [ 72.87566137123315, 19.250004525528716 ], [ 72.879709896342149, 19.24786774995221 ], [ 72.883763779764564, 19.250473016979623 ] ] ] } },
{ "type": "Feature", "properties": { "hex_id": "88608b0b1dfffff" }, "geometry": { "type": "Polygon", "coordinates": [ [ [ 72.847124963181514, 19.056254563642703 ], [ 72.847129539610592, 19.061000242748083 ], [ 72.843085265135997, 19.063143203816839 ], [ 72.839036718812835, 19.060540626081 ], [ 72.839032276671631, 19.055795206678795 ], [ 72.843076246573546, 19.053652105309865 ], [ 72.847124963181514, 19.056254563642703 ] ] ] } },
{ "type": "Feature", "properties": { "hex_id": "88608b4653fffff" }, "geometry": { "type": "Polygon", "coordinates": [ [ [ 72.847207362103802, 19.141659229538526 ], [ 72.8472119412626, 19.146402839525702 ], [ 72.843166459090355, 19.148542430148282 ], [ 72.83911670252084, 19.14593855147146 ], [ 72.839112257730179, 19.14119520084278 ], [ 72.843157435148726, 19.139055469532998 ], [ 72.847207362103802, 19.141659229538526 ] ] ] } },
{ "type": "Feature", "properties": { "hex_id": "88608b4759fffff" }, "geometry": { "type": "Polygon", "coordinates": [ [ [ 72.887744409844473, 19.186674818629051 ], [ 72.88774966288068, 19.19141868171403 ], [ 72.883701536325148, 19.193557990572895 ], [ 72.879648461451822, 19.190953576980093 ], [ 72.8796433429806, 19.18620997278795 ], [ 72.883691164825549, 19.184070523296313 ], [ 72.887744409844473, 19.186674818629051 ] ] ] } },
{ "type": "Feature", "properties": { "hex_id": "88608b55e5fffff" }, "geometry": { "type": "Polygon", "coordinates": [ [ [ 72.940415304625446, 19.18257037329392 ], [ 72.940421432792476, 19.187316092087016 ], [ 72.936370758341241, 19.189457511291423 ], [ 72.932314260250564, 19.186853351982826 ], [ 72.932308266845268, 19.182107891730332 ], [ 72.936358636776774, 19.179966332246366 ], [ 72.940415304625446, 19.18257037329392 ] ] ] } },
{ "type": "Feature", "properties": { "hex_id": "88608b0a5bfffff" }, "geometry": { "type": "Polygon", "coordinates": [ [ [ 72.82278716617283, 18.983688408063397 ], [ 72.822791337759753, 18.988435016204875 ], [ 72.818749292737635, 18.990579940152742 ], [ 72.814703380637781, 18.987978396082202 ], [ 72.814699343177963, 18.983232048103797 ], [ 72.81874108369874, 18.981086984033567 ], [ 72.82278716617283, 18.983688408063397 ] ] ] } },
{ "type": "Feature", "properties": { "hex_id": "88608b5455fffff" }, "geometry": { "type": "Polygon", "coordinates": [ [ [ 72.944366982343354, 19.104478282654593 ], [ 72.944373174514553, 19.109226039476866 ], [ 72.940323406498266, 19.111370687963703 ], [ 72.936267750658985, 19.108767719530661 ], [ 72.936261693191256, 19.104020221536491 ], [ 72.940311156867153, 19.101875433147789 ], [ 72.944366982343354, 19.104478282654593 ] ] ] } },
{ "type": "Feature", "properties": { "hex_id": "88608b4439fffff" }, "geometry": { "type": "Polygon", "coordinates": [ [ [ 72.81894647287352, 19.218273587078606 ], [ 72.818950584127862, 19.223014376170028 ], [ 72.814905424196681, 19.225149887194323 ], [ 72.810856458031623, 19.222544750338916 ], [ 72.810852481109166, 19.2178042204912 ], [ 72.814897336027713, 19.215668568255797 ], [ 72.81894647287352, 19.218273587078606 ] ] ] } },
{ "type": "Feature", "properties": { "hex_id": "88608b0a09fffff" }, "geometry": { "type": "Polygon", "coordinates": [ [ [ 72.834940360893526, 19.005732983318271 ], [ 72.834944734381466, 19.010479470412761 ], [ 72.830901775844197, 19.012623973945203 ], [ 72.826854748333687, 19.010022130530334 ], [ 72.826850509039843, 19.005275903426181 ], [ 72.830893163070243, 19.003131259747267 ], [ 72.834940360893526, 19.005732983318271 ] ] ] } },
{ "type": "Feature", "properties": { "hex_id": "88608b461bfffff" }, "geometry": { "type": "Polygon", "coordinates": [ [ [ 72.835071628561508, 19.14807786119222 ], [ 72.835076006397429, 19.152820908846465 ], [ 72.831031035935808, 19.154959796912088 ], [ 72.826981992454748, 19.152355778117222 ], [ 72.826977748946604, 19.147612989880059 ], [ 72.831022414599587, 19.145473961021306 ], [ 72.835071628561508, 19.14807786119222 ] ] ] } },
{ "type": "Feature", "properties": { "hex_id": "88608b54a7fffff" }, "geometry": { "type": "Polygon", "coordinates": [ [ [ 72.887697140352756, 19.143974833123387 ], [ 72.887702391822216, 19.148719739026728 ], [ 72.883654869990636, 19.150860734755717 ], [ 72.87960240131747, 19.148256965022647 ], [ 72.879597284372778, 19.143512318185579 ], [ 72.883644501584314, 19.141371182015909 ], [ 72.887697140352756, 19.143974833123387 ] ] ] } },
{ "type": "Feature", "properties": { "hex_id": "88608b1895fffff" }, "geometry": { "type": "Polygon", "coordinates": [ [ [ 72.842990600016932, 18.963463929211184 ], [ 72.842995106387136, 18.968211697535271 ], [ 72.838952343281164, 18.970358162172175 ], [ 72.834905378202791, 18.967756998387021 ], [ 72.834901006017972, 18.963009490165241 ], [ 72.838943464733958, 18.960862885626966 ], [ 72.842990600016932, 18.963463929211184 ] ] ] } },
{ "type": "Feature", "properties": { "hex_id": "88608b56ebfffff" }, "geometry": { "type": "Polygon", "coordinates": [ [ [ 72.932164484710867, 19.068182147697168 ], [ 72.932170473349657, 19.072930378179841 ], [ 72.928121820015392, 19.075076007092992 ], [ 72.924067482355952, 19.0724735453386 ], [ 72.924061628340169, 19.067725573915407 ], [ 72.928109977368635, 19.065579805187692 ], [ 72.932164484710867, 19.068182147697168 ] ] ] } },
{ "type": "Feature", "properties": { "hex_id": "88608b5637fffff" }, "geometry": { "type": "Polygon", "coordinates": [ [ [ 72.952454240505332, 19.090691302623949 ], [ 72.952460566781994, 19.095439663540578 ], [ 72.948410593692316, 19.097585154144511 ], [ 72.944354598616783, 19.09498242362022 ], [ 72.944348407061383, 19.090234321530154 ], [ 72.948398075868042, 19.088088691138349 ], [ 72.952454240505332, 19.090691302623949 ] ] ] } },
{ "type": "Feature", "properties": { "hex_id": "88608b555bfffff" }, "geometry": { "type": "Polygon", "coordinates": [ [ [ 72.964683327705643, 19.141232321985566 ], [ 72.964689858395985, 19.145979859690129 ], [ 72.960638568656407, 19.148123808556303 ], [ 72.956581052581754, 19.145520359657286 ], [ 72.956574656706579, 19.140773080489957 ], [ 72.960625642098691, 19.1386289916849 ], [ 72.964683327705643, 19.141232321985566 ] ] ] } },
{ "type": "Feature", "properties": { "hex_id": "88608b199bfffff" }, "geometry": { "type": "Polygon", "coordinates": [ [ [ 72.863255057585263, 19.000209086569939 ], [ 72.863259900758578, 19.004956653801923 ], [ 72.859215615675993, 19.007102418810778 ], [ 72.855166791826761, 19.004500756529964 ], [ 72.855162082950443, 18.999753449112347 ], [ 72.859206063634204, 18.997607544161838 ], [ 72.863255057585263, 19.000209086569939 ] ] ] } },
{ "type": "Feature", "properties": { "hex_id": "88608b54d1fffff" }, "geometry": { "type": "Polygon", "coordinates": [ [ [ 72.883592669859453, 19.093916496589369 ], [ 72.883597852259058, 19.098662483256675 ], [ 72.879551239500344, 19.100805304418021 ], [ 72.875499748877772, 19.098202279152733 ], [ 72.875494700940365, 19.093456551782314 ], [ 72.879541009171149, 19.09131359038086 ], [ 72.883592669859453, 19.093916496589369 ] ] ] } },
{ "type": "Feature", "properties": { "hex_id": "88608b4645fffff" }, "geometry": { "type": "Polygon", "coordinates": [ [ [ 72.879612635715588, 19.157745911817443 ], [ 72.879617753169043, 19.162490211653502 ], [ 72.875570437567376, 19.164630364119631 ], [ 72.871518309197143, 19.162026357304434 ], [ 72.87151332625055, 19.157282316535412 ], [ 72.875560337175159, 19.155142023515147 ], [ 72.879612635715588, 19.157745911817443 ] ] ] } },
{ "type": "Feature", "properties": { "hex_id": "88608b1911fffff" }, "geometry": { "type": "Polygon", "coordinates": [ [ [ 72.923991395280879, 19.010740992014735 ], [ 72.923997246969179, 19.015490335143102 ], [ 72.919949806939698, 19.017637924383575 ], [ 72.915896819442167, 19.015036310100648 ], [ 72.915891102291994, 19.010287226318578 ], [ 72.91993823810904, 19.008139497473742 ], [ 72.923991395280879, 19.010740992014735 ] ] ] } },
{ "type": "Feature", "properties": { "hex_id": "88608b55d7fffff" }, "geometry": { "type": "Polygon", "coordinates": [ [ [ 72.907959317509452, 19.152248080412111 ], [ 72.907964905705654, 19.156993460191803 ], [ 72.903916264099905, 19.159134877892374 ], [ 72.899862338873632, 19.156531056163161 ], [ 72.899856885287164, 19.151785935274408 ], [ 72.903905222325065, 19.149644377224512 ], [ 72.907959317509452, 19.152248080412111 ] ] ] } },
{ "type": "Feature", "properties": { "hex_id": "88608b474bfffff" }, "geometry": { "type": "Polygon", "coordinates": [ [ [ 72.899905974073789, 19.194487851323888 ], [ 72.899911429287499, 19.199231928313058 ], [ 72.895862590275684, 19.201371377898685 ], [ 72.891808600743275, 19.198766891086283 ], [ 72.891803280148252, 19.194023072873151 ], [ 72.895851814474781, 19.191883482696912 ], [ 72.899905974073789, 19.194487851323888 ] ] ] } },
{ "type": "Feature", "properties": { "hex_id": "88608b0955fffff" }, "geometry": { "type": "Polygon", "coordinates": [ [ [ 72.830979316485568, 19.09803786185299 ], [ 72.830983625654554, 19.102781989744759 ], [ 72.826939563698502, 19.104922705023768 ], [ 72.822891497297547, 19.102319433004254 ], [ 72.822887322393882, 19.097575564760369 ], [ 72.826931079633681, 19.095434708888771 ], [ 72.830979316485568, 19.09803786185299 ] ] ] } },
{ "type": "Feature", "properties": { "hex_id": "88608b5447fffff" }, "geometry": { "type": "Polygon", "coordinates": [ [ [ 72.956536285908513, 19.112286979255167 ], [ 72.956542680511447, 19.117034951326374 ], [ 72.952492201311429, 19.119179741193111 ], [ 72.948435631830847, 19.116576698849013 ], [ 72.948429371984943, 19.111828985488927 ], [ 72.952479546870393, 19.109684055762347 ], [ 72.956536285908513, 19.112286979255167 ] ] ] } },
{ "type": "Feature", "properties": { "hex_id": "88608b442bfffff" }, "geometry": { "type": "Polygon", "coordinates": [ [ [ 72.831095714170615, 19.226088791969918 ], [ 72.831100027196086, 19.230829795056291 ], [ 72.827054153608316, 19.232965446034559 ], [ 72.823004271990996, 19.230360235096175 ], [ 72.823000093351212, 19.225619491137071 ], [ 72.827045661950933, 19.223483698989678 ], [ 72.831095714170615, 19.226088791969918 ] ] ] } },
{ "type": "Feature", "properties": { "hex_id": "88608b1887fffff" }, "geometry": { "type": "Polygon", "coordinates": [ [ [ 72.855133832967127, 18.971267219912896 ], [ 72.855138540907902, 18.97601520836594 ], [ 72.851095065774274, 18.978161813326949 ], [ 72.847047187072931, 18.975560569695848 ], [ 72.847042613371144, 18.970812841229129 ], [ 72.851085784139556, 18.968666096407855 ], [ 72.855133832967127, 18.971267219912896 ] ] ] } },
{ "type": "Feature", "properties": { "hex_id": "88608b429bfffff" }, "geometry": { "type": "Polygon", "coordinates": [ [ [ 72.920175552473097, 19.20276550908607 ], [ 72.920181344658573, 19.207510058224404 ], [ 72.916131385808427, 19.209649930164336 ], [ 72.912075939413484, 19.207045393465418 ], [ 72.91207028193169, 19.202301102927581 ], [ 72.916119936148988, 19.200161090488706 ], [ 72.920175552473097, 19.20276550908607 ] ] ] } },
{ "type": "Feature", "properties": { "hex_id": "88608b56ddfffff" }, "geometry": { "type": "Polygon", "coordinates": [ [ [ 72.919984518032095, 19.046130467308526 ], [ 72.919990303885157, 19.050878824557678 ], [ 72.91594256346383, 19.053024872891552 ], [ 72.911889341498508, 19.050422703768398 ], [ 72.911883690201478, 19.045674605752541 ], [ 72.915931126321553, 19.043528417627126 ], [ 72.919984518032095, 19.046130467308526 ] ] ] } },
{ "type": "Feature", "properties": { "hex_id": "88608b46c1fffff" }, "geometry": { "type": "Polygon", "coordinates": [ [ [ 72.818884820401095, 19.147147816349932 ], [ 72.818888929612811, 19.151890345111699 ], [ 72.814844775991006, 19.154028671474663 ], [ 72.810796818026887, 19.151424609968011 ], [ 72.810792843080208, 19.146682340739826 ], [ 72.814836691840441, 19.144543873485318 ], [ 72.818884820401095, 19.147147816349932 ] ] ] } },
{ "type": "Feature", "properties": { "hex_id": "88608b0b01fffff" }, "geometry": { "type": "Polygon", "coordinates": [ [ [ 72.859272941216645, 19.06406209378093 ], [ 72.859277719373651, 19.068807990616001 ], [ 72.855232732473766, 19.070951092014621 ], [ 72.851183271972502, 19.068348436837475 ], [ 72.851178628157029, 19.063602799589376 ], [ 72.855223310509089, 19.061459557932046 ], [ 72.859272941216645, 19.06406209378093 ] ] ] } },
{ "type": "Feature", "properties": { "hex_id": "88608b46a5fffff" }, "geometry": { "type": "Polygon", "coordinates": [ [ [ 72.810828622341191, 19.18935859947668 ], [ 72.810832598473169, 19.194099826714968 ], [ 72.806788249806843, 19.196236183466421 ], [ 72.802740229994996, 19.193631454113003 ], [ 72.802736388136765, 19.188890486292827 ], [ 72.806780431824478, 19.186753988408579 ], [ 72.810828622341191, 19.18935859947668 ] ] ] } },
{ "type": "Feature", "properties": { "hex_id": "88608b5531fffff" }, "geometry": { "type": "Polygon", "coordinates": [ [ [ 72.95663222721889, 19.183494422772696 ], [ 72.956638625003166, 19.188240658470519 ], [ 72.952587136371889, 19.19038264080816 ], [ 72.948529554429371, 19.18777852762901 ], [ 72.948523291469385, 19.183032550354131 ], [ 72.95257447563543, 19.180890427835962 ], [ 72.95663222721889, 19.183494422772696 ] ] ] } },
{ "type": "Feature", "properties": { "hex_id": "88608b198dfffff" }, "geometry": { "type": "Polygon", "coordinates": [ [ [ 72.895652590942888, 19.016274101264973 ], [ 72.895657972151753, 19.02102236554207 ], [ 72.891611856120306, 19.023168692348683 ], [ 72.887560663209698, 19.02056689468845 ], [ 72.8875554164363, 19.015818889934625 ], [ 72.891601228145845, 19.013672423318354 ], [ 72.895652590942888, 19.016274101264973 ] ] ] } },
{ "type": "Feature", "properties": { "hex_id": "88608b5653fffff" }, "geometry": { "type": "Polygon", "coordinates": [ [ [ 72.960502882541761, 19.048405235083159 ], [ 72.960509341643544, 19.053154887616834 ], [ 72.956459567206508, 19.055302340759852 ], [ 72.952403637840916, 19.052700280913996 ], [ 72.952397313451328, 19.047950887319473 ], [ 72.956446783722939, 19.04580329463219 ], [ 72.960502882541761, 19.048405235083159 ] ] ] } },
{ "type": "Feature", "properties": { "hex_id": "88608b56c1fffff" }, "geometry": { "type": "Polygon", "coordinates": [ [ [ 72.932146519985309, 19.053936768510368 ], [ 72.932152508028722, 19.058685342801375 ], [ 72.92810405633962, 19.06083153226885 ], [ 72.924049920890667, 19.058229287195761 ], [ 72.924044067456904, 19.053480972021422 ], [ 72.928092214870276, 19.051334642804104 ], [ 72.932146519985309, 19.053936768510368 ] ] ] } },
{ "type": "Feature", "properties": { "hex_id": "88608b54c3fffff" }, "geometry": { "type": "Polygon", "coordinates": [ [ [ 72.895749479986762, 19.101725366734772 ], [ 72.89575486440603, 19.106471569707207 ], [ 72.891707539588282, 19.108614531584202 ], [ 72.88765513486176, 19.106011430687698 ], [ 72.88764988495835, 19.101265486895613 ], [ 72.891696905273406, 19.099122384820284 ], [ 72.895749479986762, 19.101725366734772 ] ] ] } },
{ "type": "Feature", "properties": { "hex_id": "88608b4637fffff" }, "geometry": { "type": "Polygon", "coordinates": [ [ [ 72.839152266148304, 19.183881193036424 ], [ 72.839156712264611, 19.188623501887548 ], [ 72.835111034306948, 19.190761123681284 ], [ 72.831061215111717, 19.188156577553066 ], [ 72.831056903372314, 19.183414527945228 ], [ 72.835102276459097, 19.181276765222901 ], [ 72.839152266148304, 19.183881193036424 ] ] ] } },
{ "type": "Feature", "properties": { "hex_id": "88608b1903fffff" }, "geometry": { "type": "Polygon", "coordinates": [ [ [ 72.936152693098038, 19.018545629366233 ], [ 72.936158746953041, 19.02329519037939 ], [ 72.932110595892169, 19.025442920810931 ], [ 72.92805669517098, 19.02284122979265 ], [ 72.928050775907678, 19.018091928009174 ], [ 72.93209862278168, 19.015944058014895 ], [ 72.936152693098038, 19.018545629366233 ] ] ] } },
{ "type": "Feature", "properties": { "hex_id": "88608b0109fffff" }, "geometry": { "type": "Polygon", "coordinates": [ [ [ 72.806589052932878, 18.954296483139863 ], [ 72.806592955521694, 18.959043250151623 ], [ 72.802552128493573, 18.961188734540197 ], [ 72.798507703378192, 18.958587592007476 ], [ 72.798503934827181, 18.953841085388731 ], [ 72.802544457361563, 18.951695460910397 ], [ 72.806589052932878, 18.954296483139863 ] ] ] } },
{ "type": "Feature", "properties": { "hex_id": "88608b55c9fffff" }, "geometry": { "type": "Polygon", "coordinates": [ [ [ 72.93631621763052, 19.146743551444281 ], [ 72.936322276905827, 19.151490010514141 ], [ 72.932272310586256, 19.153632693682123 ], [ 72.928216589457165, 19.151029057925005 ], [ 72.928210664894365, 19.146282857569489 ], [ 72.932260326755951, 19.144140034257269 ], [ 72.93631621763052, 19.146743551444281 ] ] ] } },
{ "type": "Feature", "properties": { "hex_id": "88608b473dfffff" }, "geometry": { "type": "Polygon", "coordinates": [ [ [ 72.879689415329963, 19.228898223893076 ], [ 72.879694535328412, 19.233640780518314 ], [ 72.875646211854161, 19.235778119374867 ], [ 72.871593073217298, 19.233173042479997 ], [ 72.871588087792745, 19.228430744631904 ], [ 72.875636106439003, 19.226293264902079 ], [ 72.879689415329963, 19.228898223893076 ] ] ] } },
{ "type": "Feature", "properties": { "hex_id": "88608b5439fffff" }, "geometry": { "type": "Polygon", "coordinates": [ [ [ 72.932236361478942, 19.125153328217966 ], [ 72.932242352500282, 19.129900177974186 ], [ 72.928192892384345, 19.132043562782954 ], [ 72.924137745681193, 19.129440237908671 ], [ 72.924131889336593, 19.124693646982568 ], [ 72.928181045026193, 19.12255012210117 ], [ 72.932236361478942, 19.125153328217966 ] ] ] } },
{ "type": "Feature", "properties": { "hex_id": "88608b441dfffff" }, "geometry": { "type": "Polygon", "coordinates": [ [ [ 72.818934139927748, 19.204050521630446 ], [ 72.818938250773456, 19.208791659748162 ], [ 72.814893292144205, 19.21092773421211 ], [ 72.810844527659512, 19.208322811706328 ], [ 72.810840551132316, 19.203581932890433 ], [ 72.814885204779145, 19.201445717279089 ], [ 72.818934139927748, 19.204050521630446 ] ] ] } },
{ "type": "Feature", "properties": { "hex_id": "88608b0963fffff" }, "geometry": { "type": "Polygon", "coordinates": [ [ [ 72.843139389059175, 19.120080163648453 ], [ 72.843143900357376, 19.124824163049261 ], [ 72.839098924241668, 19.126964456504847 ], [ 72.835049741557299, 19.124360891175645 ], [ 72.835045364591508, 19.119617151248942 ], [ 72.839090035985492, 19.11747671717794 ], [ 72.843139389059175, 19.120080163648453 ] ] ] } },
{ "type": "Feature", "properties": { "hex_id": "88608b54b5fffff" }, "geometry": { "type": "Polygon", "coordinates": [ [ [ 72.875540138398975, 19.136163954539317 ], [ 72.875545187842008, 19.140908645102023 ], [ 72.87149837840154, 19.143049500220211 ], [ 72.86744682417104, 19.140445805258839 ], [ 72.867441909199115, 19.13570137387898 ], [ 72.871488413994399, 19.13356037827824 ], [ 72.875540138398975, 19.136163954539317 ] ] ] } },
{ "type": "Feature", "properties": { "hex_id": "88608b4629fffff" }, "geometry": { "type": "Polygon", "coordinates": [ [ [ 72.867486149810446, 19.178397093690286 ], [ 72.867491066248505, 19.183140483506193 ], [ 72.863444060281239, 19.185279370581576 ], [ 72.859392442646268, 19.182675008565763 ], [ 72.859387660688199, 19.17793187781788 ], [ 72.863434361892956, 19.175792850018322 ], [ 72.867486149810446, 19.178397093690286 ] ] ] } },
{ "type": "Feature", "properties": { "hex_id": "88608b542bfffff" }, "geometry": { "type": "Polygon", "coordinates": [ [ [ 72.944404138449855, 19.13296309419896 ], [ 72.944410331852865, 19.137710158838654 ], [ 72.940360160265001, 19.139853684886653 ], [ 72.93630409968253, 19.137250286326012 ], [ 72.936298041009849, 19.132503480399471 ], [ 72.940347908197083, 19.130359814320926 ], [ 72.944404138449855, 19.13296309419896 ] ] ] } },
{ "type": "Feature", "properties": { "hex_id": "88608b0a69fffff" }, "geometry": { "type": "Polygon", "coordinates": [ [ [ 72.855176210047276, 19.013995030144734 ], [ 72.855180919391458, 19.018741996219674 ], [ 72.851136840738718, 19.020886920380924 ], [ 72.847088357205209, 19.018285018523919 ], [ 72.847083782140075, 19.013538312264899 ], [ 72.851127556337218, 19.011393248047611 ], [ 72.855176210047276, 19.013995030144734 ] ] ] } },
{ "type": "Feature", "properties": { "hex_id": "88608b55bbfffff" }, "geometry": { "type": "Polygon", "coordinates": [ [ [ 72.895830265016102, 19.172906298475493 ], [ 72.895835652112908, 19.177650768606107 ], [ 72.891787319421383, 19.179790921200368 ], [ 72.887733904294365, 19.177186744184038 ], [ 72.887728651780463, 19.172442532945617 ], [ 72.891776679818491, 19.170302239831898 ], [ 72.895830265016102, 19.172906298475493 ] ] ] } },
{ "type": "Feature", "properties": { "hex_id": "88608b09adfffff" }, "geometry": { "type": "Polygon", "coordinates": [ [ [ 72.78651190370509, 19.131058939726831 ], [ 72.786515475690095, 19.135800776068717 ], [ 72.782473157906324, 19.137938542247824 ], [ 72.778427573082013, 19.135334613109556 ], [ 72.778424135223105, 19.130593036591527 ], [ 72.782466148070284, 19.128455129388549 ], [ 72.78651190370509, 19.131058939726831 ] ] ] } },
{ "type": "Feature", "properties": { "hex_id": "88608b45c9fffff" }, "geometry": { "type": "Polygon", "coordinates": [ [ [ 72.823012629685948, 19.239841373261768 ], [ 72.823016808741144, 19.244581767347096 ], [ 72.818971142443232, 19.246716573464404 ], [ 72.814921602142718, 19.244111126778879 ], [ 72.814917557455189, 19.239370991820806 ], [ 72.818962918708351, 19.237236044421604 ], [ 72.823012629685948, 19.239841373261768 ] ] ] } },
{ "type": "Feature", "properties": { "hex_id": "88608b4589fffff" }, "geometry": { "type": "Polygon", "coordinates": [ [ [ 72.806835168581372, 19.253119584370943 ], [ 72.806839079321392, 19.257859109841259 ], [ 72.802794029377054, 19.259992789628747 ], [ 72.798745373828396, 19.257387085390199 ], [ 72.798741597406604, 19.252647819105043 ], [ 72.802786342223087, 19.250513997873824 ], [ 72.806835168581372, 19.253119584370943 ] ] ] } },
{ "type": "Feature", "properties": { "hex_id": "88608b45d3fffff" }, "geometry": { "type": "Polygon", "coordinates": [ [ [ 72.790638052869411, 19.237958029178692 ], [ 72.790641694642446, 19.242697386406199 ], [ 72.786597664007289, 19.244831068004956 ], [ 72.782550296757137, 19.242225533855425 ], [ 72.78254678922606, 19.237486435987606 ], [ 72.786590514711023, 19.235352612910248 ], [ 72.790638052869411, 19.237958029178692 ] ] ] } },
{ "type": "Feature", "properties": { "hex_id": "88608b4435fffff" }, "geometry": { "type": "Polygon", "coordinates": [ [ [ 72.818958807045277, 19.232495604902141 ], [ 72.818962918708351, 19.237236044421604 ], [ 72.814917557455189, 19.239370991820806 ], [ 72.810868389589672, 19.236765640975854 ], [ 72.810864412271883, 19.232025460641861 ], [ 72.81490946848217, 19.229890371967929 ], [ 72.818958807045277, 19.232495604902141 ] ] ] } },
{ "type": "Feature", "properties": { "hex_id": "88608b44e9fffff" }, "geometry": { "type": "Polygon", "coordinates": [ [ [ 72.798707615240218, 19.209989173421061 ], [ 72.798711390536113, 19.214729488802845 ], [ 72.794667353287281, 19.216864579011215 ], [ 72.79061984581385, 19.214259495140681 ], [ 72.790616204764632, 19.209519439177036 ], [ 72.794659936950012, 19.207384207666429 ], [ 72.798707615240218, 19.209989173421061 ] ] ] } },
{ "type": "Feature", "properties": { "hex_id": "88608b45ddfffff" }, "geometry": { "type": "Polygon", "coordinates": [ [ [ 72.806823437138789, 19.238900307234083 ], [ 72.806827347490071, 19.243640183006782 ], [ 72.802782498837118, 19.245774426784095 ], [ 72.798734044938357, 19.243168936169607 ], [ 72.798730268891902, 19.238429319640467 ], [ 72.802774812447254, 19.236294934482864 ], [ 72.806823437138789, 19.238900307234083 ] ] ] } },
{ "type": "Feature", "properties": { "hex_id": "88608b44a9fffff" }, "geometry": { "type": "Polygon", "coordinates": [ [ [ 72.78253626733003, 19.22326844309833 ], [ 72.782539774512529, 19.228007890548525 ], [ 72.778496354175772, 19.230141855097287 ], [ 72.774449731810591, 19.227536513660709 ], [ 72.774446358825287, 19.222797325686553 ], [ 72.778489474015828, 19.22066321967359 ], [ 72.78253626733003, 19.22326844309833 ] ] ] } },
{ "type": "Feature", "properties": { "hex_id": "88608b459dfffff" }, "geometry": { "type": "Polygon", "coordinates": [ [ [ 72.790648978550507, 19.252175750796706 ], [ 72.790652620685535, 19.256914757838629 ], [ 72.786608388839909, 19.25904787533165 ], [ 72.782560820047564, 19.256442127325474 ], [ 72.782557312167881, 19.251703379584882 ], [ 72.786601238833057, 19.249570120549759 ], [ 72.790648978550507, 19.252175750796706 ] ] ] } },
{ "type": "Feature", "properties": { "hex_id": "88608b45c7fffff" }, "geometry": { "type": "Polygon", "coordinates": [ [ [ 72.814929691919886, 19.253591046455469 ], [ 72.814933737009525, 19.258330831052849 ], [ 72.810888278155645, 19.260464792048168 ], [ 72.806839079321392, 19.257859109841259 ], [ 72.806835168581372, 19.253119584370943 ], [ 72.810880322333844, 19.250985481981061 ], [ 72.814929691919886, 19.253591046455469 ] ] ] } },
{ "type": "Feature", "properties": { "hex_id": "88608b45d1fffff" }, "geometry": { "type": "Polygon", "coordinates": [ [ [ 72.798730268891902, 19.238429319640467 ], [ 72.798734044938357, 19.243168936169607 ], [ 72.794689605247711, 19.245302898837444 ], [ 72.790641694642446, 19.242697386406199 ], [ 72.790638052869411, 19.237958029178692 ], [ 72.794682187436095, 19.235823925081391 ], [ 72.798730268891902, 19.238429319640467 ] ] ] } },
{ "type": "Feature", "properties": { "hex_id": "88608b4433fffff" }, "geometry": { "type": "Polygon", "coordinates": [ [ [ 72.806811706862291, 19.224679980280385 ], [ 72.806815616824906, 19.229420205810314 ], [ 72.802770969443316, 19.23155501339247 ], [ 72.7987227171743, 19.228949736762047 ], [ 72.798718941503168, 19.224209770533935 ], [ 72.802763283817413, 19.222074821635058 ], [ 72.806811706862291, 19.224679980280385 ] ] ] } },
{ "type": "Feature", "properties": { "hex_id": "88608b44e7fffff" }, "geometry": { "type": "Polygon", "coordinates": [ [ [ 72.790627128274181, 19.223739258093701 ], [ 72.790630769685279, 19.228478964961869 ], [ 72.786586940240539, 19.230613210481437 ], [ 72.782539774512529, 19.228007890548525 ], [ 72.78253626733003, 19.22326844309833 ], [ 72.786579791654802, 19.221134056163709 ], [ 72.790627128274181, 19.223739258093701 ] ] ] } },
{ "type": "Feature", "properties": { "hex_id": "88608b45dbfffff" }, "geometry": { "type": "Polygon", "coordinates": [ [ [ 72.794678478714602, 19.231084263292736 ], [ 72.794682187436095, 19.235823925081391 ], [ 72.790638052869411, 19.237958029178692 ], [ 72.786590514711023, 19.235352612910248 ], [ 72.786586940240539, 19.230613210481437 ], [ 72.790630769685279, 19.228478964961869 ], [ 72.794678478714602, 19.231084263292736 ] ] ] } },
{ "type": "Feature", "properties": { "hex_id": "88608b44e5fffff" }, "geometry": { "type": "Polygon", "coordinates": [ [ [ 72.798718941503168, 19.224209770533935 ], [ 72.7987227171743, 19.228949736762047 ], [ 72.794678478714602, 19.231084263292736 ], [ 72.790630769685279, 19.228478964961869 ], [ 72.790627128274181, 19.223739258093701 ], [ 72.794671061640173, 19.221604590197082 ], [ 72.798718941503168, 19.224209770533935 ] ] ] } },
{ "type": "Feature", "properties": { "hex_id": "88608b44c5fffff" }, "geometry": { "type": "Polygon", "coordinates": [ [ [ 72.794656228965621, 19.2026438476287 ], [ 72.794659936950012, 19.207384207666429 ], [ 72.790616204764632, 19.209519439177036 ], [ 72.78656906966421, 19.206914451945487 ], [ 72.786565495904114, 19.202174351384031 ], [ 72.790608923028017, 19.20003897857849 ], [ 72.794656228965621, 19.2026438476287 ] ] ] } },
{ "type": "Feature", "properties": { "hex_id": "88608b45d9fffff" }, "geometry": { "type": "Polygon", "coordinates": [ [ [ 72.802770969443316, 19.23155501339247 ], [ 72.802774812447254, 19.236294934482864 ], [ 72.798730268891902, 19.238429319640467 ], [ 72.794682187436095, 19.235823925081391 ], [ 72.794678478714602, 19.231084263292736 ], [ 72.7987227171743, 19.228949736762047 ], [ 72.802770969443316, 19.23155501339247 ] ] ] } },
{ "type": "Feature", "properties": { "hex_id": "88608b4599fffff" }, "geometry": { "type": "Polygon", "coordinates": [ [ [ 72.786597664007289, 19.244831068004956 ], [ 72.786601238833057, 19.249570120549759 ], [ 72.782557312167881, 19.251703379584882 ], [ 72.77851011586327, 19.249097727610771 ], [ 72.778506675270435, 19.244358934425485 ], [ 72.782550296757137, 19.242225533855425 ], [ 72.786597664007289, 19.244831068004956 ] ] ] } },
{ "type": "Feature", "properties": { "hex_id": "88608b45c3fffff" }, "geometry": { "type": "Polygon", "coordinates": [ [ [ 72.810876344620652, 19.246245651706026 ], [ 72.810880322333844, 19.250985481981061 ], [ 72.806835168581372, 19.253119584370943 ], [ 72.802786342223087, 19.250513997873824 ], [ 72.802782498837118, 19.245774426784095 ], [ 72.806827347490071, 19.243640183006782 ], [ 72.810876344620652, 19.246245651706026 ] ] ] } },
{ "type": "Feature", "properties": { "hex_id": "88608b4583fffff" }, "geometry": { "type": "Polygon", "coordinates": [ [ [ 72.794700732886866, 19.259520484010238 ], [ 72.794704442345704, 19.264259445369341 ], [ 72.790659905317639, 19.266392421313157 ], [ 72.786611964021006, 19.263786577447693 ], [ 72.786608388839909, 19.25904787533165 ], [ 72.790652620685535, 19.256914757838629 ], [ 72.794700732886866, 19.259520484010238 ] ] ] } },
{ "type": "Feature", "properties": { "hex_id": "88608b45cdfffff" }, "geometry": { "type": "Polygon", "coordinates": [ [ [ 72.827066892149674, 19.247187191920339 ], [ 72.827071138611558, 19.251927540391435 ], [ 72.823025167267019, 19.254062205219764 ], [ 72.818975254515067, 19.251456662866573 ], [ 72.818971142443232, 19.246716573464404 ], [ 72.823016808741144, 19.244581767347096 ], [ 72.827066892149674, 19.247187191920339 ] ] ] } },
{ "type": "Feature", "properties": { "hex_id": "88608b44e3fffff" }, "geometry": { "type": "Polygon", "coordinates": [ [ [ 72.786576217539533, 19.216394304395934 ], [ 72.786579791654802, 19.221134056163709 ], [ 72.78253626733003, 19.22326844309833 ], [ 72.778489474015828, 19.22066321967359 ], [ 72.778486034106777, 19.215923727381952 ], [ 72.782529253313569, 19.213789199039539 ], [ 72.786576217539533, 19.216394304395934 ] ] ] } },
{ "type": "Feature", "properties": { "hex_id": "88608b45d7fffff" }, "geometry": { "type": "Polygon", "coordinates": [ [ [ 72.794689605247711, 19.245302898837444 ], [ 72.794693314337877, 19.250042210683752 ], [ 72.790648978550507, 19.252175750796706 ], [ 72.786601238833057, 19.249570120549759 ], [ 72.786597664007289, 19.244831068004956 ], [ 72.790641694642446, 19.242697386406199 ], [ 72.794689605247711, 19.245302898837444 ] ] ] } },
{ "type": "Feature", "properties": { "hex_id": "88608b44edfffff" }, "geometry": { "type": "Polygon", "coordinates": [ [ [ 72.80275944119542, 19.217334551089198 ], [ 72.802763283817413, 19.222074821635058 ], [ 72.798718941503168, 19.224209770533935 ], [ 72.794671061640173, 19.221604590197082 ], [ 72.794667353287281, 19.216864579011215 ], [ 72.798711390536113, 19.214729488802845 ], [ 72.80275944119542, 19.217334551089198 ] ] ] } },
{ "type": "Feature", "properties": { "hex_id": "88608b44ebfffff" }, "geometry": { "type": "Polygon", "coordinates": [ [ [ 72.790616204764632, 19.209519439177036 ], [ 72.79061984581385, 19.214259495140681 ], [ 72.786576217539533, 19.216394304395934 ], [ 72.782529253313569, 19.213789199039539 ], [ 72.782525746479621, 19.209049402552115 ], [ 72.78656906966421, 19.206914451945487 ], [ 72.790616204764632, 19.209519439177036 ] ] ] } },
{ "type": "Feature", "properties": { "hex_id": "88608b44adfffff" }, "geometry": { "type": "Polygon", "coordinates": [ [ [ 72.786586940240539, 19.230613210481437 ], [ 72.786590514711023, 19.235352612910248 ], [ 72.78254678922606, 19.237486435987606 ], [ 72.778499794426693, 19.234880998108217 ], [ 72.778496354175772, 19.230141855097287 ], [ 72.782539774512529, 19.228007890548525 ], [ 72.786586940240539, 19.230613210481437 ] ] ] } },
{ "type": "Feature", "properties": { "hex_id": "88608b45c1fffff" }, "geometry": { "type": "Polygon", "coordinates": [ [ [ 72.818971142443232, 19.246716573464404 ], [ 72.818975254515067, 19.251456662866573 ], [ 72.814929691919886, 19.253591046455469 ], [ 72.810880322333844, 19.250985481981061 ], [ 72.810876344620652, 19.246245651706026 ], [ 72.814921602142718, 19.244111126778879 ], [ 72.818971142443232, 19.246716573464404 ] ] ] } },
{ "type": "Feature", "properties": { "hex_id": "88608b45cbfffff" }, "geometry": { "type": "Polygon", "coordinates": [ [ [ 72.814917557455189, 19.239370991820806 ], [ 72.814921602142718, 19.244111126778879 ], [ 72.810876344620652, 19.246245651706026 ], [ 72.806827347490071, 19.243640183006782 ], [ 72.806823437138789, 19.238900307234083 ], [ 72.810868389589672, 19.236765640975854 ], [ 72.814917557455189, 19.239370991820806 ] ] ] } },
{ "type": "Feature", "properties": { "hex_id": "88608b458bfffff" }, "geometry": { "type": "Polygon", "coordinates": [ [ [ 72.798741597406604, 19.252647819105043 ], [ 72.798745373828396, 19.257387085390199 ], [ 72.794700732886866, 19.259520484010238 ], [ 72.790652620685535, 19.256914757838629 ], [ 72.790648978550507, 19.252175750796706 ], [ 72.794693314337877, 19.250042210683752 ], [ 72.798741597406604, 19.252647819105043 ] ] ] } },
{ "type": "Feature", "properties": { "hex_id": "88608b44e1fffff" }, "geometry": { "type": "Polygon", "coordinates": [ [ [ 72.794667353287281, 19.216864579011215 ], [ 72.794671061640173, 19.221604590197082 ], [ 72.790627128274181, 19.223739258093701 ], [ 72.786579791654802, 19.221134056163709 ], [ 72.786576217539533, 19.216394304395934 ], [ 72.79061984581385, 19.214259495140681 ], [ 72.794667353287281, 19.216864579011215 ] ] ] } },
{ "type": "Feature", "properties": { "hex_id": "88608b45d5fffff" }, "geometry": { "type": "Polygon", "coordinates": [ [ [ 72.802782498837118, 19.245774426784095 ], [ 72.802786342223087, 19.250513997873824 ], [ 72.798741597406604, 19.252647819105043 ], [ 72.794693314337877, 19.250042210683752 ], [ 72.794689605247711, 19.245302898837444 ], [ 72.798734044938357, 19.243168936169607 ], [ 72.802782498837118, 19.245774426784095 ] ] ] } },
{ "type": "Feature", "properties": { "hex_id": "88608b44c1fffff" }, "geometry": { "type": "Polygon", "coordinates": [ [ [ 72.790605282340621, 19.195298574064822 ], [ 72.790608923028017, 19.20003897857849 ], [ 72.786565495904114, 19.202174351384031 ], [ 72.782518733160146, 19.199569460964128 ], [ 72.782515226674661, 19.194829315984805 ], [ 72.786558348739064, 19.192693801891668 ], [ 72.790605282340621, 19.195298574064822 ] ] ] } },
{ "type": "Feature", "properties": { "hex_id": "88608b4437fffff" }, "geometry": { "type": "Polygon", "coordinates": [ [ [ 72.810864412271883, 19.232025460641861 ], [ 72.810868389589672, 19.236765640975854 ], [ 72.806823437138789, 19.238900307234083 ], [ 72.802774812447254, 19.236294934482864 ], [ 72.802770969443316, 19.23155501339247 ], [ 72.806815616824906, 19.229420205810314 ], [ 72.810864412271883, 19.232025460641861 ] ] ] } }
]
}
