{
"type": "FeatureCollection",
"name": "railway",
"crs": { "type": "name", "properties": { "name": "urn:ogc:def:crs:OGC:1.3:CRS84" } },
"features": [
{ "type": "Feature", "properties": { "element": "node", "id": 213030669, "internet_access": "no", "name": "Dahisar", "name:hi": "दहीसर", "name:mr": "दहिसर", "network": "Mumbai Suburban Railway", "network:wikidata": "Q3273422", "operator": "WR", "public_transport": "station", "railway": "station", "ref": "DIC", "train": "yes", "wikidata": "Q5208848", "wikipedia": "en:Dahisar railway station", "name:en": null, "start_date": null, "ele": null, "name:ml": null, "wheelchair": null, "addr:city": null, "addr:postcode": null, "addr:street": null, "alt_name": null, "alt_name:en": null, "alt_name:hi": null, "alt_name:mr": null, "monorail": null, "station": null, "toilets:wheelchair": null, "ref:suburban": null, "IR:zone": null, "historic:name": null, "historic:ref": null, "old_name": null, "old_ref": null, "official_name": null, "official_name:en": null, "official_name:hi": null, "official_name:mr": null, "old_name:en": null, "name:mr:--2018-07-19": null, "is_in": null, "short_name": null, "name:zh": null, "opening_date": null, "subway": null, "date:rebuilt": null, "date:renamed": null, "name:1928-1934": null, "wikimedia_commons": null, "building": null, "description": null, "construction": null, "construction:railway": null, "public_transport:version": null, "name:ur": null, "internet_access:ssid": null, "loc_name": null, "loc_name:en": null, "loc_name:hi": null, "loc_name:mr": null, "old_name:hi": null, "old_name:mr": null, "short_name:en": null, "short_name:hi": null, "short_name:mr": null, "landuse": null, "building:levels": null, "building:min_level": null, "layer": null, "nohousenumber": null, "not:network:wikidata": null, "elevation": null, "bench": null, "lit": null, "shelter": null, "air_conditioning": null, "internet_access:fee": null }, "geometry": { "type": "Point", "coordinates": [ 72.8596302, 19.2493572 ] } },
{ "type": "Feature", "properties": { "element": "node", "id": 213030714, "internet_access": "no", "name": "Santa Cruz", "name:hi": "सांताक्रुज़", "name:mr": "सांताक्रूझ", "network": "Mumbai Suburban Railway", "network:wikidata": "Q3273422", "operator": "WR", "public_transport": "station", "railway": "station", "ref": "STC", "train": "yes", "wikidata": "Q7420001", "wikipedia": "en:Santacruz railway station", "name:en": null, "start_date": null, "ele": null, "name:ml": null, "wheelchair": null, "addr:city": null, "addr:postcode": null, "addr:street": null, "alt_name": null, "alt_name:en": null, "alt_name:hi": null, "alt_name:mr": null, "monorail": null, "station": null, "toilets:wheelchair": null, "ref:suburban": null, "IR:zone": null, "historic:name": null, "historic:ref": null, "old_name": null, "old_ref": null, "official_name": null, "official_name:en": null, "official_name:hi": null, "official_name:mr": null, "old_name:en": null, "name:mr:--2018-07-19": null, "is_in": null, "short_name": null, "name:zh": null, "opening_date": null, "subway": null, "date:rebuilt": null, "date:renamed": null, "name:1928-1934": null, "wikimedia_commons": null, "building": null, "description": null, "construction": null, "construction:railway": null, "public_transport:version": null, "name:ur": null, "internet_access:ssid": null, "loc_name": null, "loc_name:en": null, "loc_name:hi": null, "loc_name:mr": null, "old_name:hi": null, "old_name:mr": null, "short_name:en": null, "short_name:hi": null, "short_name:mr": null, "landuse": null, "building:levels": null, "building:min_level": null, "layer": null, "nohousenumber": null, "not:network:wikidata": null, "elevation": null, "bench": null, "lit": null, "shelter": null, "air_conditioning": null, "internet_access:fee": null }, "geometry": { "type": "Point", "coordinates": [ 72.8417565, 19.0815223 ] } },
{ "type": "Feature", "properties": { "element": "node", "id": 347138797, "internet_access": "no", "name": "Khar Road", "name:hi": "खार रोड", "name:mr": "खार रोड", "network": "Mumbai Suburban Railway", "network:wikidata": "Q3273422", "operator": "WR", "public_transport": "station", "railway": "station", "ref": "KHAR", "train": "yes", "wikidata": "Q372596", "wikipedia": "en:Khar Road railway station", "name:en": "Khar Road", "start_date": "1924-07-01", "ele": null, "name:ml": null, "wheelchair": null, "addr:city": null, "addr:postcode": null, "addr:street": null, "alt_name": null, "alt_name:en": null, "alt_name:hi": null, "alt_name:mr": null, "monorail": null, "station": null, "toilets:wheelchair": null, "ref:suburban": null, "IR:zone": null, "historic:name": null, "historic:ref": null, "old_name": null, "old_ref": null, "official_name": null, "official_name:en": null, "official_name:hi": null, "official_name:mr": null, "old_name:en": null, "name:mr:--2018-07-19": null, "is_in": null, "short_name": null, "name:zh": null, "opening_date": null, "subway": null, "date:rebuilt": null, "date:renamed": null, "name:1928-1934": null, "wikimedia_commons": null, "building": null, "description": null, "construction": null, "construction:railway": null, "public_transport:version": null, "name:ur": null, "internet_access:ssid": null, "loc_name": null, "loc_name:en": null, "loc_name:hi": null, "loc_name:mr": null, "old_name:hi": null, "old_name:mr": null, "short_name:en": null, "short_name:hi": null, "short_name:mr": null, "landuse": null, "building:levels": null, "building:min_level": null, "layer": null, "nohousenumber": null, "not:network:wikidata": null, "elevation": null, "bench": null, "lit": null, "shelter": null, "air_conditioning": null, "internet_access:fee": null }, "geometry": { "type": "Point", "coordinates": [ 72.8400412, 19.0682411 ] } },
{ "type": "Feature", "properties": { "element": "node", "id": 619992025, "internet_access": "no", "name": "Kanjur Marg", "name:hi": "कांजुर मार्ग", "name:mr": "कांजुर मार्ग", "network": "IR", "network:wikidata": null, "operator": "CR", "public_transport": "station", "railway": "station", "ref": "KJRD", "train": "yes", "wikidata": "Q6363526", "wikipedia": "en:Kanjur Marg railway station", "name:en": "Kanjur Marg", "start_date": "1968-01-26", "ele": "5.59", "name:ml": "കാഞ്ജൂർമാർഗ്", "wheelchair": "limited", "addr:city": null, "addr:postcode": null, "addr:street": null, "alt_name": null, "alt_name:en": null, "alt_name:hi": null, "alt_name:mr": null, "monorail": null, "station": null, "toilets:wheelchair": null, "ref:suburban": null, "IR:zone": null, "historic:name": null, "historic:ref": null, "old_name": null, "old_ref": null, "official_name": null, "official_name:en": null, "official_name:hi": null, "official_name:mr": null, "old_name:en": null, "name:mr:--2018-07-19": null, "is_in": null, "short_name": null, "name:zh": null, "opening_date": null, "subway": null, "date:rebuilt": null, "date:renamed": null, "name:1928-1934": null, "wikimedia_commons": null, "building": null, "description": null, "construction": null, "construction:railway": null, "public_transport:version": null, "name:ur": null, "internet_access:ssid": null, "loc_name": null, "loc_name:en": null, "loc_name:hi": null, "loc_name:mr": null, "old_name:hi": null, "old_name:mr": null, "short_name:en": null, "short_name:hi": null, "short_name:mr": null, "landuse": null, "building:levels": null, "building:min_level": null, "layer": null, "nohousenumber": null, "not:network:wikidata": null, "elevation": null, "bench": null, "lit": null, "shelter": null, "air_conditioning": null, "internet_access:fee": null }, "geometry": { "type": "Point", "coordinates": [ 72.9280394, 19.1286526 ] } },
{ "type": "Feature", "properties": { "element": "node", "id": 620013256, "internet_access": "no", "name": "Vidyavihar", "name:hi": "विद्याविहार", "name:mr": "विद्याविहार", "network": "IR", "network:wikidata": null, "operator": "CR", "public_transport": "station", "railway": "station", "ref": "VVH", "train": "yes", "wikidata": "Q7928232", "wikipedia": "en:Vidyavihar railway station", "name:en": "Vidyavihar", "start_date": "1961-08-16", "ele": "5.35", "name:ml": null, "wheelchair": null, "addr:city": "Mumbai", "addr:postcode": "400086", "addr:street": "Station Road", "alt_name": "Vidya Vihar", "alt_name:en": "Vidya Vihar", "alt_name:hi": "विद्या विहार", "alt_name:mr": "विद्या विहार", "monorail": null, "station": null, "toilets:wheelchair": null, "ref:suburban": null, "IR:zone": null, "historic:name": null, "historic:ref": null, "old_name": null, "old_ref": null, "official_name": null, "official_name:en": null, "official_name:hi": null, "official_name:mr": null, "old_name:en": null, "name:mr:--2018-07-19": null, "is_in": null, "short_name": null, "name:zh": null, "opening_date": null, "subway": null, "date:rebuilt": null, "date:renamed": null, "name:1928-1934": null, "wikimedia_commons": null, "building": null, "description": null, "construction": null, "construction:railway": null, "public_transport:version": null, "name:ur": null, "internet_access:ssid": null, "loc_name": null, "loc_name:en": null, "loc_name:hi": null, "loc_name:mr": null, "old_name:hi": null, "old_name:mr": null, "short_name:en": null, "short_name:hi": null, "short_name:mr": null, "landuse": null, "building:levels": null, "building:min_level": null, "layer": null, "nohousenumber": null, "not:network:wikidata": null, "elevation": null, "bench": null, "lit": null, "shelter": null, "air_conditioning": null, "internet_access:fee": null }, "geometry": { "type": "Point", "coordinates": [ 72.8971169, 19.0795422 ] } },
{ "type": "Feature", "properties": { "element": "node", "id": 621911847, "internet_access": "no", "name": "Lower Parel", "name:hi": "लोअर परेल", "name:mr": "लोअर परळ", "network": "Mumbai Suburban Railway", "network:wikidata": "Q3273422", "operator": "WR", "public_transport": "station", "railway": "station", "ref": "PL", "train": "yes", "wikidata": "Q6693696", "wikipedia": "en:Lower Parel railway station", "name:en": null, "start_date": "1867", "ele": "5", "name:ml": "ലോവർ പരൾ", "wheelchair": null, "addr:city": null, "addr:postcode": null, "addr:street": null, "alt_name": null, "alt_name:en": null, "alt_name:hi": null, "alt_name:mr": null, "monorail": null, "station": null, "toilets:wheelchair": null, "ref:suburban": null, "IR:zone": null, "historic:name": null, "historic:ref": null, "old_name": null, "old_ref": null, "official_name": null, "official_name:en": null, "official_name:hi": null, "official_name:mr": null, "old_name:en": null, "name:mr:--2018-07-19": null, "is_in": null, "short_name": null, "name:zh": null, "opening_date": null, "subway": null, "date:rebuilt": null, "date:renamed": null, "name:1928-1934": null, "wikimedia_commons": null, "building": null, "description": null, "construction": null, "construction:railway": null, "public_transport:version": null, "name:ur": null, "internet_access:ssid": null, "loc_name": null, "loc_name:en": null, "loc_name:hi": null, "loc_name:mr": null, "old_name:hi": null, "old_name:mr": null, "short_name:en": null, "short_name:hi": null, "short_name:mr": null, "landuse": null, "building:levels": null, "building:min_level": null, "layer": null, "nohousenumber": null, "not:network:wikidata": null, "elevation": null, "bench": null, "lit": null, "shelter": null, "air_conditioning": null, "internet_access:fee": null }, "geometry": { "type": "Point", "coordinates": [ 72.8302756, 18.99568 ] } },
{ "type": "Feature", "properties": { "element": "node", "id": 631579580, "internet_access": "no", "name": "Grant Road", "name:hi": "ग्रांट रोड", "name:mr": "ग्रँट रोड", "network": "Mumbai Suburban Railway", "network:wikidata": "Q3273422", "operator": "WR", "public_transport": "station", "railway": "station", "ref": "GTR", "train": "yes", "wikidata": "Q5226483", "wikipedia": "en:Grant Road railway station", "name:en": null, "start_date": null, "ele": null, "name:ml": "ഗ്രാന്റ് റോഡ്", "wheelchair": null, "addr:city": null, "addr:postcode": null, "addr:street": null, "alt_name": null, "alt_name:en": null, "alt_name:hi": null, "alt_name:mr": null, "monorail": null, "station": null, "toilets:wheelchair": null, "ref:suburban": null, "IR:zone": null, "historic:name": null, "historic:ref": null, "old_name": null, "old_ref": null, "official_name": null, "official_name:en": null, "official_name:hi": null, "official_name:mr": null, "old_name:en": null, "name:mr:--2018-07-19": null, "is_in": null, "short_name": null, "name:zh": null, "opening_date": null, "subway": null, "date:rebuilt": null, "date:renamed": null, "name:1928-1934": null, "wikimedia_commons": null, "building": null, "description": null, "construction": null, "construction:railway": null, "public_transport:version": null, "name:ur": null, "internet_access:ssid": null, "loc_name": null, "loc_name:en": null, "loc_name:hi": null, "loc_name:mr": null, "old_name:hi": null, "old_name:mr": null, "short_name:en": null, "short_name:hi": null, "short_name:mr": null, "landuse": null, "building:levels": null, "building:min_level": null, "layer": null, "nohousenumber": null, "not:network:wikidata": null, "elevation": null, "bench": null, "lit": null, "shelter": null, "air_conditioning": null, "internet_access:fee": null }, "geometry": { "type": "Point", "coordinates": [ 72.8158261, 18.9633549 ] } },
{ "type": "Feature", "properties": { "element": "node", "id": 632337506, "internet_access": null, "name": "Chembur", "name:hi": "चेम्बुर", "name:mr": "चेंबूर", "network": null, "network:wikidata": null, "operator": null, "public_transport": "station", "railway": "station", "ref": null, "train": null, "wikidata": "Q17050476", "wikipedia": "en:Chembur monorail station", "name:en": null, "start_date": null, "ele": null, "name:ml": null, "wheelchair": "limited", "addr:city": null, "addr:postcode": null, "addr:street": null, "alt_name": null, "alt_name:en": null, "alt_name:hi": null, "alt_name:mr": null, "monorail": "yes", "station": "monorail", "toilets:wheelchair": "yes", "ref:suburban": null, "IR:zone": null, "historic:name": null, "historic:ref": null, "old_name": null, "old_ref": null, "official_name": null, "official_name:en": null, "official_name:hi": null, "official_name:mr": null, "old_name:en": null, "name:mr:--2018-07-19": null, "is_in": null, "short_name": null, "name:zh": null, "opening_date": null, "subway": null, "date:rebuilt": null, "date:renamed": null, "name:1928-1934": null, "wikimedia_commons": null, "building": null, "description": null, "construction": null, "construction:railway": null, "public_transport:version": null, "name:ur": null, "internet_access:ssid": null, "loc_name": null, "loc_name:en": null, "loc_name:hi": null, "loc_name:mr": null, "old_name:hi": null, "old_name:mr": null, "short_name:en": null, "short_name:hi": null, "short_name:mr": null, "landuse": null, "building:levels": null, "building:min_level": null, "layer": null, "nohousenumber": null, "not:network:wikidata": null, "elevation": null, "bench": null, "lit": null, "shelter": null, "air_conditioning": null, "internet_access:fee": null }, "geometry": { "type": "Point", "coordinates": [ 72.8975909, 19.0612128 ] } },
{ "type": "Feature", "properties": { "element": "node", "id": 632340589, "internet_access": null, "name": "Bhakti Park", "name:hi": null, "name:mr": "भक्ती पार्क", "network": null, "network:wikidata": null, "operator": null, "public_transport": "station", "railway": "station", "ref": null, "train": null, "wikidata": "Q17065178", "wikipedia": "en:Bhakti Park monorail station", "name:en": null, "start_date": null, "ele": null, "name:ml": null, "wheelchair": null, "addr:city": null, "addr:postcode": null, "addr:street": null, "alt_name": null, "alt_name:en": null, "alt_name:hi": null, "alt_name:mr": null, "monorail": "yes", "station": "monorail", "toilets:wheelchair": null, "ref:suburban": null, "IR:zone": null, "historic:name": null, "historic:ref": null, "old_name": null, "old_ref": null, "official_name": null, "official_name:en": null, "official_name:hi": null, "official_name:mr": null, "old_name:en": null, "name:mr:--2018-07-19": null, "is_in": null, "short_name": null, "name:zh": null, "opening_date": null, "subway": null, "date:rebuilt": null, "date:renamed": null, "name:1928-1934": null, "wikimedia_commons": null, "building": null, "description": null, "construction": null, "construction:railway": null, "public_transport:version": null, "name:ur": null, "internet_access:ssid": null, "loc_name": null, "loc_name:en": null, "loc_name:hi": null, "loc_name:mr": null, "old_name:hi": null, "old_name:mr": null, "short_name:en": null, "short_name:hi": null, "short_name:mr": null, "landuse": null, "building:levels": null, "building:min_level": null, "layer": null, "nohousenumber": null, "not:network:wikidata": null, "elevation": null, "bench": null, "lit": null, "shelter": null, "air_conditioning": null, "internet_access:fee": null }, "geometry": { "type": "Point", "coordinates": [ 72.8775722, 19.028972 ] } },
{ "type": "Feature", "properties": { "element": "node", "id": 632342238, "internet_access": null, "name": "Wadala Depot", "name:hi": null, "name:mr": "वडाळा डेपो", "network": null, "network:wikidata": null, "operator": null, "public_transport": "station", "railway": "station", "ref": null, "train": null, "wikidata": "Q17100205", "wikipedia": "en:Wadala Depot monorail station", "name:en": null, "start_date": null, "ele": null, "name:ml": null, "wheelchair": null, "addr:city": null, "addr:postcode": null, "addr:street": null, "alt_name": null, "alt_name:en": null, "alt_name:hi": null, "alt_name:mr": null, "monorail": null, "station": "monorail", "toilets:wheelchair": null, "ref:suburban": null, "IR:zone": null, "historic:name": null, "historic:ref": null, "old_name": null, "old_ref": null, "official_name": null, "official_name:en": null, "official_name:hi": null, "official_name:mr": null, "old_name:en": null, "name:mr:--2018-07-19": null, "is_in": null, "short_name": null, "name:zh": null, "opening_date": null, "subway": null, "date:rebuilt": null, "date:renamed": null, "name:1928-1934": null, "wikimedia_commons": null, "building": null, "description": null, "construction": null, "construction:railway": null, "public_transport:version": null, "name:ur": null, "internet_access:ssid": null, "loc_name": null, "loc_name:en": null, "loc_name:hi": null, "loc_name:mr": null, "old_name:hi": null, "old_name:mr": null, "short_name:en": null, "short_name:hi": null, "short_name:mr": null, "landuse": null, "building:levels": null, "building:min_level": null, "layer": null, "nohousenumber": null, "not:network:wikidata": null, "elevation": null, "bench": null, "lit": null, "shelter": null, "air_conditioning": null, "internet_access:fee": null }, "geometry": { "type": "Point", "coordinates": [ 72.8740249, 19.0388244 ] } },
{ "type": "Feature", "properties": { "element": "node", "id": 700886180, "internet_access": "no", "name": "Sewri", "name:hi": "शिवड़ी", "name:mr": null, "network": "IR", "network:wikidata": null, "operator": "CR", "public_transport": "station", "railway": "station", "ref": "SVE", "train": "yes", "wikidata": "Q7458298", "wikipedia": "en:Sewri railway station", "name:en": null, "start_date": null, "ele": null, "name:ml": null, "wheelchair": null, "addr:city": null, "addr:postcode": null, "addr:street": null, "alt_name": null, "alt_name:en": null, "alt_name:hi": null, "alt_name:mr": null, "monorail": null, "station": null, "toilets:wheelchair": null, "ref:suburban": null, "IR:zone": null, "historic:name": null, "historic:ref": null, "old_name": null, "old_ref": null, "official_name": null, "official_name:en": null, "official_name:hi": null, "official_name:mr": null, "old_name:en": null, "name:mr:--2018-07-19": null, "is_in": null, "short_name": null, "name:zh": null, "opening_date": null, "subway": null, "date:rebuilt": null, "date:renamed": null, "name:1928-1934": null, "wikimedia_commons": null, "building": null, "description": null, "construction": null, "construction:railway": null, "public_transport:version": null, "name:ur": null, "internet_access:ssid": null, "loc_name": null, "loc_name:en": null, "loc_name:hi": null, "loc_name:mr": null, "old_name:hi": null, "old_name:mr": null, "short_name:en": null, "short_name:hi": null, "short_name:mr": null, "landuse": null, "building:levels": null, "building:min_level": null, "layer": null, "nohousenumber": null, "not:network:wikidata": null, "elevation": null, "bench": null, "lit": null, "shelter": null, "air_conditioning": null, "internet_access:fee": null }, "geometry": { "type": "Point", "coordinates": [ 72.8544218, 18.9987796 ] } },
{ "type": "Feature", "properties": { "element": "node", "id": 700886403, "internet_access": null, "name": "Cotton Green", "name:hi": "कॉटन ग्रीन", "name:mr": null, "network": "IR", "network:wikidata": null, "operator": "CR", "public_transport": "station", "railway": "station", "ref": "CTGN", "train": null, "wikidata": "Q5175691", "wikipedia": "en:Cotton Green railway station", "name:en": null, "start_date": null, "ele": null, "name:ml": null, "wheelchair": null, "addr:city": null, "addr:postcode": null, "addr:street": null, "alt_name": null, "alt_name:en": null, "alt_name:hi": null, "alt_name:mr": null, "monorail": null, "station": null, "toilets:wheelchair": null, "ref:suburban": null, "IR:zone": null, "historic:name": null, "historic:ref": null, "old_name": null, "old_ref": null, "official_name": null, "official_name:en": null, "official_name:hi": null, "official_name:mr": null, "old_name:en": null, "name:mr:--2018-07-19": null, "is_in": null, "short_name": null, "name:zh": null, "opening_date": null, "subway": null, "date:rebuilt": null, "date:renamed": null, "name:1928-1934": null, "wikimedia_commons": null, "building": null, "description": null, "construction": null, "construction:railway": null, "public_transport:version": null, "name:ur": null, "internet_access:ssid": null, "loc_name": null, "loc_name:en": null, "loc_name:hi": null, "loc_name:mr": null, "old_name:hi": null, "old_name:mr": null, "short_name:en": null, "short_name:hi": null, "short_name:mr": null, "landuse": null, "building:levels": null, "building:min_level": null, "layer": null, "nohousenumber": null, "not:network:wikidata": null, "elevation": null, "bench": null, "lit": null, "shelter": null, "air_conditioning": null, "internet_access:fee": null }, "geometry": { "type": "Point", "coordinates": [ 72.8438965, 18.9871866 ] } },
{ "type": "Feature", "properties": { "element": "node", "id": 1643263977, "internet_access": null, "name": "Mysore Colony", "name:hi": null, "name:mr": "मैसुर कॉलनी", "network": null, "network:wikidata": null, "operator": null, "public_transport": "station", "railway": "station", "ref": null, "train": null, "wikidata": "Q17076201", "wikipedia": "en:Mysore Colony monorail station", "name:en": null, "start_date": null, "ele": null, "name:ml": null, "wheelchair": null, "addr:city": null, "addr:postcode": null, "addr:street": null, "alt_name": null, "alt_name:en": null, "alt_name:hi": null, "alt_name:mr": null, "monorail": "yes", "station": "monorail", "toilets:wheelchair": null, "ref:suburban": null, "IR:zone": null, "historic:name": null, "historic:ref": null, "old_name": null, "old_ref": null, "official_name": null, "official_name:en": null, "official_name:hi": null, "official_name:mr": null, "old_name:en": null, "name:mr:--2018-07-19": null, "is_in": null, "short_name": null, "name:zh": null, "opening_date": null, "subway": null, "date:rebuilt": null, "date:renamed": null, "name:1928-1934": null, "wikimedia_commons": null, "building": null, "description": null, "construction": null, "construction:railway": null, "public_transport:version": null, "name:ur": null, "internet_access:ssid": null, "loc_name": null, "loc_name:en": null, "loc_name:hi": null, "loc_name:mr": null, "old_name:hi": null, "old_name:mr": null, "short_name:en": null, "short_name:hi": null, "short_name:mr": null, "landuse": null, "building:levels": null, "building:min_level": null, "layer": null, "nohousenumber": null, "not:network:wikidata": null, "elevation": null, "bench": null, "lit": null, "shelter": null, "air_conditioning": null, "internet_access:fee": null }, "geometry": { "type": "Point", "coordinates": [ 72.8914397, 19.0277168 ] } },
{ "type": "Feature", "properties": { "element": "node", "id": 1643351703, "internet_access": "wlan", "name": "Mulund", "name:hi": "मुलुंड", "name:mr": "मुलुंड", "network": "IR", "network:wikidata": null, "operator": "CR", "public_transport": "station", "railway": "station", "ref": "MLND", "train": "yes", "wikidata": "Q6935218", "wikipedia": "en:Mulund railway station", "name:en": "Mulund", "start_date": null, "ele": "6.40", "name:ml": "മുളുണ്ട്", "wheelchair": null, "addr:city": null, "addr:postcode": null, "addr:street": null, "alt_name": null, "alt_name:en": null, "alt_name:hi": null, "alt_name:mr": null, "monorail": null, "station": null, "toilets:wheelchair": null, "ref:suburban": null, "IR:zone": null, "historic:name": null, "historic:ref": null, "old_name": null, "old_ref": null, "official_name": null, "official_name:en": null, "official_name:hi": null, "official_name:mr": null, "old_name:en": null, "name:mr:--2018-07-19": null, "is_in": null, "short_name": null, "name:zh": null, "opening_date": null, "subway": null, "date:rebuilt": null, "date:renamed": null, "name:1928-1934": null, "wikimedia_commons": null, "building": null, "description": null, "construction": null, "construction:railway": null, "public_transport:version": null, "name:ur": null, "internet_access:ssid": null, "loc_name": null, "loc_name:en": null, "loc_name:hi": null, "loc_name:mr": null, "old_name:hi": null, "old_name:mr": null, "short_name:en": null, "short_name:hi": null, "short_name:mr": null, "landuse": null, "building:levels": null, "building:min_level": null, "layer": null, "nohousenumber": null, "not:network:wikidata": null, "elevation": null, "bench": null, "lit": null, "shelter": null, "air_conditioning": null, "internet_access:fee": null }, "geometry": { "type": "Point", "coordinates": [ 72.9566971, 19.1721366 ] } },
{ "type": "Feature", "properties": { "element": "node", "id": 1650694464, "internet_access": "no", "name": "King's Circle", "name:hi": "किंग्ज सर्कल", "name:mr": "किंग्ज सर्कल", "network": "IR", "network:wikidata": null, "operator": "CR", "public_transport": "station", "railway": "station", "ref": "KCE", "train": null, "wikidata": "Q6410874", "wikipedia": "en:King's Circle railway station", "name:en": null, "start_date": null, "ele": null, "name:ml": null, "wheelchair": null, "addr:city": null, "addr:postcode": null, "addr:street": null, "alt_name": null, "alt_name:en": null, "alt_name:hi": null, "alt_name:mr": null, "monorail": null, "station": null, "toilets:wheelchair": null, "ref:suburban": null, "IR:zone": null, "historic:name": null, "historic:ref": null, "old_name": null, "old_ref": null, "official_name": null, "official_name:en": null, "official_name:hi": null, "official_name:mr": null, "old_name:en": null, "name:mr:--2018-07-19": null, "is_in": null, "short_name": null, "name:zh": null, "opening_date": null, "subway": null, "date:rebuilt": null, "date:renamed": null, "name:1928-1934": null, "wikimedia_commons": null, "building": null, "description": null, "construction": null, "construction:railway": null, "public_transport:version": null, "name:ur": null, "internet_access:ssid": null, "loc_name": null, "loc_name:en": null, "loc_name:hi": null, "loc_name:mr": null, "old_name:hi": null, "old_name:mr": null, "short_name:en": null, "short_name:hi": null, "short_name:mr": null, "landuse": null, "building:levels": null, "building:min_level": null, "layer": null, "nohousenumber": null, "not:network:wikidata": null, "elevation": null, "bench": null, "lit": null, "shelter": null, "air_conditioning": null, "internet_access:fee": null }, "geometry": { "type": "Point", "coordinates": [ 72.8577375, 19.0316822 ] } },
{ "type": "Feature", "properties": { "element": "node", "id": 2178163576, "internet_access": "no", "name": "Sandhurst Road", "name:hi": "सैंडहर्स्ट रोड", "name:mr": "सँडहर्स्ट रोड", "network": "IR", "network:wikidata": null, "operator": "CR", "public_transport": "station", "railway": "station", "ref": "SNRD", "train": "yes", "wikidata": "Q5226365", "wikipedia": "en:Sandhurst Road railway station", "name:en": "Sandhurst Road", "start_date": "1925-02-01", "ele": null, "name:ml": "സാൻഡ്ഹർസ്റ്റ് റോഡ്", "wheelchair": null, "addr:city": null, "addr:postcode": null, "addr:street": null, "alt_name": null, "alt_name:en": null, "alt_name:hi": null, "alt_name:mr": null, "monorail": null, "station": null, "toilets:wheelchair": null, "ref:suburban": null, "IR:zone": null, "historic:name": null, "historic:ref": null, "old_name": null, "old_ref": null, "official_name": null, "official_name:en": null, "official_name:hi": null, "official_name:mr": null, "old_name:en": null, "name:mr:--2018-07-19": null, "is_in": null, "short_name": null, "name:zh": null, "opening_date": null, "subway": null, "date:rebuilt": null, "date:renamed": null, "name:1928-1934": null, "wikimedia_commons": null, "building": null, "description": null, "construction": null, "construction:railway": null, "public_transport:version": null, "name:ur": null, "internet_access:ssid": null, "loc_name": null, "loc_name:en": null, "loc_name:hi": null, "loc_name:mr": null, "old_name:hi": null, "old_name:mr": null, "short_name:en": null, "short_name:hi": null, "short_name:mr": null, "landuse": null, "building:levels": null, "building:min_level": null, "layer": null, "nohousenumber": null, "not:network:wikidata": null, "elevation": null, "bench": null, "lit": null, "shelter": null, "air_conditioning": null, "internet_access:fee": null }, "geometry": { "type": "Point", "coordinates": [ 72.8393719, 18.9609243 ] } },
{ "type": "Feature", "properties": { "element": "node", "id": 2443092123, "internet_access": "no", "name": "Dockyard Road", "name:hi": "डॉकयार्ड रोड", "name:mr": null, "network": "IR", "network:wikidata": null, "operator": "CR", "public_transport": "station", "railway": "station", "ref": "DKRD", "train": null, "wikidata": "Q5121871", "wikipedia": "en:Dockyard Road railway station", "name:en": null, "start_date": null, "ele": null, "name:ml": null, "wheelchair": null, "addr:city": null, "addr:postcode": null, "addr:street": null, "alt_name": null, "alt_name:en": null, "alt_name:hi": null, "alt_name:mr": null, "monorail": null, "station": null, "toilets:wheelchair": null, "ref:suburban": null, "IR:zone": null, "historic:name": null, "historic:ref": null, "old_name": null, "old_ref": null, "official_name": null, "official_name:en": null, "official_name:hi": null, "official_name:mr": null, "old_name:en": null, "name:mr:--2018-07-19": null, "is_in": null, "short_name": null, "name:zh": null, "opening_date": null, "subway": null, "date:rebuilt": null, "date:renamed": null, "name:1928-1934": null, "wikimedia_commons": null, "building": null, "description": null, "construction": null, "construction:railway": null, "public_transport:version": null, "name:ur": null, "internet_access:ssid": null, "loc_name": null, "loc_name:en": null, "loc_name:hi": null, "loc_name:mr": null, "old_name:hi": null, "old_name:mr": null, "short_name:en": null, "short_name:hi": null, "short_name:mr": null, "landuse": null, "building:levels": null, "building:min_level": null, "layer": null, "nohousenumber": null, "not:network:wikidata": null, "elevation": null, "bench": null, "lit": null, "shelter": null, "air_conditioning": null, "internet_access:fee": null }, "geometry": { "type": "Point", "coordinates": [ 72.8445477, 18.9674767 ] } },
{ "type": "Feature", "properties": { "element": "node", "id": 2443096202, "internet_access": "no", "name": "Reay Road", "name:hi": "रे रोड", "name:mr": null, "network": "IR", "network:wikidata": null, "operator": "CR", "public_transport": "station", "railway": "station", "ref": "RRD", "train": null, "wikidata": "Q5121780", "wikipedia": "en:Reay Road railway station", "name:en": null, "start_date": null, "ele": null, "name:ml": null, "wheelchair": null, "addr:city": null, "addr:postcode": null, "addr:street": null, "alt_name": null, "alt_name:en": null, "alt_name:hi": null, "alt_name:mr": null, "monorail": null, "station": null, "toilets:wheelchair": null, "ref:suburban": null, "IR:zone": null, "historic:name": null, "historic:ref": null, "old_name": null, "old_ref": null, "official_name": null, "official_name:en": null, "official_name:hi": null, "official_name:mr": null, "old_name:en": null, "name:mr:--2018-07-19": null, "is_in": null, "short_name": null, "name:zh": null, "opening_date": null, "subway": null, "date:rebuilt": null, "date:renamed": null, "name:1928-1934": null, "wikimedia_commons": null, "building": null, "description": null, "construction": null, "construction:railway": null, "public_transport:version": null, "name:ur": null, "internet_access:ssid": null, "loc_name": null, "loc_name:en": null, "loc_name:hi": null, "loc_name:mr": null, "old_name:hi": null, "old_name:mr": null, "short_name:en": null, "short_name:hi": null, "short_name:mr": null, "landuse": null, "building:levels": null, "building:min_level": null, "layer": null, "nohousenumber": null, "not:network:wikidata": null, "elevation": null, "bench": null, "lit": null, "shelter": null, "air_conditioning": null, "internet_access:fee": null }, "geometry": { "type": "Point", "coordinates": [ 72.8441011, 18.9775506 ] } },
{ "type": "Feature", "properties": { "element": "node", "id": 2444001671, "internet_access": "no", "name": "Currey Road", "name:hi": "करी रोड", "name:mr": "करी रोड", "network": "IR", "network:wikidata": null, "operator": "WR", "public_transport": "station", "railway": "station", "ref": "CRD", "train": "yes", "wikidata": "Q5121321", "wikipedia": "en:Currey Road railway station", "name:en": "Currey Road", "start_date": "1884-01-01", "ele": null, "name:ml": "കറി റോഡ്", "wheelchair": null, "addr:city": null, "addr:postcode": null, "addr:street": null, "alt_name": null, "alt_name:en": null, "alt_name:hi": null, "alt_name:mr": null, "monorail": null, "station": null, "toilets:wheelchair": null, "ref:suburban": null, "IR:zone": null, "historic:name": null, "historic:ref": null, "old_name": null, "old_ref": null, "official_name": null, "official_name:en": null, "official_name:hi": null, "official_name:mr": null, "old_name:en": null, "name:mr:--2018-07-19": null, "is_in": null, "short_name": null, "name:zh": null, "opening_date": null, "subway": null, "date:rebuilt": null, "date:renamed": null, "name:1928-1934": null, "wikimedia_commons": null, "building": null, "description": null, "construction": null, "construction:railway": null, "public_transport:version": null, "name:ur": null, "internet_access:ssid": null, "loc_name": null, "loc_name:en": null, "loc_name:hi": null, "loc_name:mr": null, "old_name:hi": null, "old_name:mr": null, "short_name:en": null, "short_name:hi": null, "short_name:mr": null, "landuse": null, "building:levels": null, "building:min_level": null, "layer": null, "nohousenumber": null, "not:network:wikidata": null, "elevation": null, "bench": null, "lit": null, "shelter": null, "air_conditioning": null, "internet_access:fee": null }, "geometry": { "type": "Point", "coordinates": [ 72.8328556, 18.9937486 ] } },
{ "type": "Feature", "properties": { "element": "node", "id": 2454571178, "internet_access": "wlan", "name": "Chembur", "name:hi": "चेंबुर", "name:mr": null, "network": "IR", "network:wikidata": null, "operator": "CR", "public_transport": "station", "railway": "station", "ref": "CMBR", "train": null, "wikidata": "Q5090350", "wikipedia": "en:Chembur railway station", "name:en": "Chembur", "start_date": null, "ele": null, "name:ml": null, "wheelchair": "limited", "addr:city": null, "addr:postcode": null, "addr:street": null, "alt_name": null, "alt_name:en": null, "alt_name:hi": null, "alt_name:mr": null, "monorail": null, "station": null, "toilets:wheelchair": null, "ref:suburban": null, "IR:zone": null, "historic:name": null, "historic:ref": null, "old_name": null, "old_ref": null, "official_name": null, "official_name:en": null, "official_name:hi": null, "official_name:mr": null, "old_name:en": null, "name:mr:--2018-07-19": null, "is_in": null, "short_name": null, "name:zh": null, "opening_date": null, "subway": null, "date:rebuilt": null, "date:renamed": null, "name:1928-1934": null, "wikimedia_commons": null, "building": null, "description": null, "construction": null, "construction:railway": null, "public_transport:version": null, "name:ur": null, "internet_access:ssid": null, "loc_name": null, "loc_name:en": null, "loc_name:hi": null, "loc_name:mr": null, "old_name:hi": null, "old_name:mr": null, "short_name:en": null, "short_name:hi": null, "short_name:mr": null, "landuse": null, "building:levels": null, "building:min_level": null, "layer": null, "nohousenumber": null, "not:network:wikidata": null, "elevation": null, "bench": null, "lit": null, "shelter": null, "air_conditioning": null, "internet_access:fee": null }, "geometry": { "type": "Point", "coordinates": [ 72.9011399, 19.0626319 ] } },
{ "type": "Feature", "properties": { "element": "node", "id": 2629720841, "internet_access": "no", "name": "Mankhurd", "name:hi": "मानखुर्द", "name:mr": null, "network": "IR", "network:wikidata": null, "operator": "CR", "public_transport": null, "railway": "station", "ref": "MNKD", "train": null, "wikidata": "Q6750519", "wikipedia": "en:Mankhurd railway station", "name:en": "Mankhurd", "start_date": null, "ele": null, "name:ml": null, "wheelchair": "yes", "addr:city": null, "addr:postcode": null, "addr:street": null, "alt_name": null, "alt_name:en": null, "alt_name:hi": null, "alt_name:mr": null, "monorail": null, "station": null, "toilets:wheelchair": null, "ref:suburban": null, "IR:zone": null, "historic:name": null, "historic:ref": null, "old_name": null, "old_ref": null, "official_name": null, "official_name:en": null, "official_name:hi": null, "official_name:mr": null, "old_name:en": null, "name:mr:--2018-07-19": null, "is_in": null, "short_name": null, "name:zh": null, "opening_date": null, "subway": null, "date:rebuilt": null, "date:renamed": null, "name:1928-1934": null, "wikimedia_commons": null, "building": null, "description": null, "construction": null, "construction:railway": null, "public_transport:version": null, "name:ur": null, "internet_access:ssid": null, "loc_name": null, "loc_name:en": null, "loc_name:hi": null, "loc_name:mr": null, "old_name:hi": null, "old_name:mr": null, "short_name:en": null, "short_name:hi": null, "short_name:mr": null, "landuse": null, "building:levels": null, "building:min_level": null, "layer": null, "nohousenumber": null, "not:network:wikidata": null, "elevation": null, "bench": null, "lit": null, "shelter": null, "air_conditioning": null, "internet_access:fee": null }, "geometry": { "type": "Point", "coordinates": [ 72.9317136, 19.0482086 ] } },
{ "type": "Feature", "properties": { "element": "node", "id": 2629791007, "internet_access": "no", "name": "Nahur", "name:hi": "नाहूर", "name:mr": "नाहूर", "network": "IR", "network:wikidata": null, "operator": "CR", "public_transport": "station", "railway": "station", "ref": "NHU", "train": "yes", "wikidata": "Q6959458", "wikipedia": "en:Nahur railway station", "name:en": "Nahur", "start_date": "2006-04-21", "ele": null, "name:ml": "നാഹൂർ", "wheelchair": null, "addr:city": null, "addr:postcode": null, "addr:street": null, "alt_name": null, "alt_name:en": null, "alt_name:hi": null, "alt_name:mr": null, "monorail": null, "station": null, "toilets:wheelchair": null, "ref:suburban": null, "IR:zone": null, "historic:name": null, "historic:ref": null, "old_name": null, "old_ref": null, "official_name": null, "official_name:en": null, "official_name:hi": null, "official_name:mr": null, "old_name:en": null, "name:mr:--2018-07-19": null, "is_in": null, "short_name": null, "name:zh": null, "opening_date": null, "subway": null, "date:rebuilt": null, "date:renamed": null, "name:1928-1934": null, "wikimedia_commons": null, "building": null, "description": null, "construction": null, "construction:railway": null, "public_transport:version": null, "name:ur": null, "internet_access:ssid": null, "loc_name": null, "loc_name:en": null, "loc_name:hi": null, "loc_name:mr": null, "old_name:hi": null, "old_name:mr": null, "short_name:en": null, "short_name:hi": null, "short_name:mr": null, "landuse": null, "building:levels": null, "building:min_level": null, "layer": null, "nohousenumber": null, "not:network:wikidata": null, "elevation": null, "bench": null, "lit": null, "shelter": null, "air_conditioning": null, "internet_access:fee": null }, "geometry": { "type": "Point", "coordinates": [ 72.9466525, 19.1546402 ] } },
{ "type": "Feature", "properties": { "element": "node", "id": 2630075000, "internet_access": "wlan", "name": "Bandra", "name:hi": "बांद्रा", "name:mr": "वांद्रे", "network": "Mumbai Suburban Railway", "network:wikidata": "Q3273422", "operator": "WR", "public_transport": "station", "railway": "station", "ref": "BA", "train": "yes", "wikidata": "Q4854695", "wikipedia": "en:Bandra railway station", "name:en": "Bandra", "start_date": "1869", "ele": null, "name:ml": "ബാന്ദ്ര", "wheelchair": "no", "addr:city": "Bandra, Mumbai", "addr:postcode": null, "addr:street": null, "alt_name": null, "alt_name:en": null, "alt_name:hi": null, "alt_name:mr": null, "monorail": null, "station": null, "toilets:wheelchair": null, "ref:suburban": "B", "IR:zone": null, "historic:name": null, "historic:ref": null, "old_name": null, "old_ref": null, "official_name": null, "official_name:en": null, "official_name:hi": null, "official_name:mr": null, "old_name:en": null, "name:mr:--2018-07-19": null, "is_in": null, "short_name": null, "name:zh": null, "opening_date": null, "subway": null, "date:rebuilt": null, "date:renamed": null, "name:1928-1934": null, "wikimedia_commons": null, "building": null, "description": null, "construction": null, "construction:railway": null, "public_transport:version": null, "name:ur": null, "internet_access:ssid": null, "loc_name": null, "loc_name:en": null, "loc_name:hi": null, "loc_name:mr": null, "old_name:hi": null, "old_name:mr": null, "short_name:en": null, "short_name:hi": null, "short_name:mr": null, "landuse": null, "building:levels": null, "building:min_level": null, "layer": null, "nohousenumber": null, "not:network:wikidata": null, "elevation": null, "bench": null, "lit": null, "shelter": null, "air_conditioning": null, "internet_access:fee": null }, "geometry": { "type": "Point", "coordinates": [ 72.8402203, 19.0549792 ] } },
{ "type": "Feature", "properties": { "element": "node", "id": 2630075001, "internet_access": "no", "name": "Byculla", "name:hi": "भायखला", "name:mr": "भायखळा", "network": "IR", "network:wikidata": null, "operator": "CR", "public_transport": "station", "railway": "station", "ref": "BY", "train": "yes", "wikidata": "Q5003980", "wikipedia": "en:Byculla railway station", "name:en": "Byculla", "start_date": "1892-07-01", "ele": null, "name:ml": "ബൈകുല്ല", "wheelchair": null, "addr:city": null, "addr:postcode": null, "addr:street": null, "alt_name": null, "alt_name:en": null, "alt_name:hi": null, "alt_name:mr": null, "monorail": null, "station": null, "toilets:wheelchair": null, "ref:suburban": null, "IR:zone": null, "historic:name": null, "historic:ref": null, "old_name": null, "old_ref": null, "official_name": null, "official_name:en": null, "official_name:hi": null, "official_name:mr": null, "old_name:en": null, "name:mr:--2018-07-19": null, "is_in": null, "short_name": null, "name:zh": null, "opening_date": null, "subway": null, "date:rebuilt": null, "date:renamed": null, "name:1928-1934": null, "wikimedia_commons": null, "building": null, "description": null, "construction": null, "construction:railway": null, "public_transport:version": null, "name:ur": null, "internet_access:ssid": null, "loc_name": null, "loc_name:en": null, "loc_name:hi": null, "loc_name:mr": null, "old_name:hi": null, "old_name:mr": null, "short_name:en": null, "short_name:hi": null, "short_name:mr": null, "landuse": null, "building:levels": null, "building:min_level": null, "layer": null, "nohousenumber": null, "not:network:wikidata": null, "elevation": null, "bench": null, "lit": null, "shelter": null, "air_conditioning": null, "internet_access:fee": null }, "geometry": { "type": "Point", "coordinates": [ 72.8327936, 18.9766219 ] } },
{ "type": "Feature", "properties": { "element": "node", "id": 2630075002, "internet_access": "no", "name": "Charni Road", "name:hi": "चर्नी रोड", "name:mr": "चर्नी रोड", "network": "Mumbai Suburban Railway", "network:wikidata": "Q3273422", "operator": "WR", "public_transport": "station", "railway": "station", "ref": "CYR", "train": "yes", "wikidata": "Q5121186", "wikipedia": "en:Charni Road railway station", "name:en": null, "start_date": "1867", "ele": "9", "name:ml": "ചർണി റോഡ്", "wheelchair": null, "addr:city": null, "addr:postcode": null, "addr:street": null, "alt_name": null, "alt_name:en": null, "alt_name:hi": null, "alt_name:mr": null, "monorail": null, "station": null, "toilets:wheelchair": null, "ref:suburban": null, "IR:zone": "WR:CCG", "historic:name": null, "historic:ref": null, "old_name": null, "old_ref": null, "official_name": null, "official_name:en": null, "official_name:hi": null, "official_name:mr": null, "old_name:en": null, "name:mr:--2018-07-19": null, "is_in": null, "short_name": null, "name:zh": null, "opening_date": null, "subway": null, "date:rebuilt": null, "date:renamed": null, "name:1928-1934": null, "wikimedia_commons": null, "building": null, "description": null, "construction": null, "construction:railway": null, "public_transport:version": null, "name:ur": null, "internet_access:ssid": null, "loc_name": null, "loc_name:en": null, "loc_name:hi": null, "loc_name:mr": null, "old_name:hi": null, "old_name:mr": null, "short_name:en": null, "short_name:hi": null, "short_name:mr": null, "landuse": null, "building:levels": null, "building:min_level": null, "layer": null, "nohousenumber": null, "not:network:wikidata": null, "elevation": null, "bench": null, "lit": null, "shelter": null, "air_conditioning": null, "internet_access:fee": null }, "geometry": { "type": "Point", "coordinates": [ 72.8182401, 18.9518437 ] } },
{ "type": "Feature", "properties": { "element": "node", "id": 2630075003, "internet_access": "wlan", "name": "Dadar", "name:hi": "दादर", "name:mr": "दादर", "network": "IR", "network:wikidata": null, "operator": "CR", "public_transport": "station", "railway": "station", "ref": "DR", "train": "yes", "wikidata": "Q5207922", "wikipedia": "en:Dadar railway station", "name:en": "Dadar", "start_date": "1868", "ele": "6.61", "name:ml": "ദാദർ", "wheelchair": null, "addr:city": null, "addr:postcode": null, "addr:street": null, "alt_name": "Dadar (Central)", "alt_name:en": "Dadar (Central)", "alt_name:hi": "दादर (सेंट्रल)", "alt_name:mr": "दादर (सेंट्रल)", "monorail": null, "station": null, "toilets:wheelchair": null, "ref:suburban": null, "IR:zone": null, "historic:name": null, "historic:ref": null, "old_name": null, "old_ref": null, "official_name": null, "official_name:en": null, "official_name:hi": null, "official_name:mr": null, "old_name:en": null, "name:mr:--2018-07-19": null, "is_in": null, "short_name": null, "name:zh": null, "opening_date": null, "subway": null, "date:rebuilt": null, "date:renamed": null, "name:1928-1934": null, "wikimedia_commons": null, "building": null, "description": null, "construction": null, "construction:railway": null, "public_transport:version": null, "name:ur": null, "internet_access:ssid": null, "loc_name": null, "loc_name:en": null, "loc_name:hi": null, "loc_name:mr": null, "old_name:hi": null, "old_name:mr": null, "short_name:en": null, "short_name:hi": null, "short_name:mr": null, "landuse": null, "building:levels": null, "building:min_level": null, "layer": null, "nohousenumber": null, "not:network:wikidata": null, "elevation": null, "bench": null, "lit": null, "shelter": null, "air_conditioning": null, "internet_access:fee": null }, "geometry": { "type": "Point", "coordinates": [ 72.8430265, 19.0173761 ] } },
{ "type": "Feature", "properties": { "element": "node", "id": 2630075004, "internet_access": "wlan", "name": "Dadar", "name:hi": "दादर", "name:mr": "दादर", "network": "Mumbai Suburban Railway", "network:wikidata": "Q3273422", "operator": "WR", "public_transport": "station", "railway": "station", "ref": "DDR", "train": "yes", "wikidata": "Q5207922", "wikipedia": "en:Dadar railway station", "name:en": null, "start_date": "1868", "ele": null, "name:ml": "ദാദർ", "wheelchair": null, "addr:city": null, "addr:postcode": null, "addr:street": null, "alt_name": null, "alt_name:en": null, "alt_name:hi": null, "alt_name:mr": null, "monorail": null, "station": null, "toilets:wheelchair": null, "ref:suburban": null, "IR:zone": null, "historic:name": null, "historic:ref": null, "old_name": null, "old_ref": null, "official_name": null, "official_name:en": null, "official_name:hi": null, "official_name:mr": null, "old_name:en": null, "name:mr:--2018-07-19": null, "is_in": null, "short_name": null, "name:zh": null, "opening_date": null, "subway": null, "date:rebuilt": null, "date:renamed": null, "name:1928-1934": null, "wikimedia_commons": null, "building": null, "description": null, "construction": null, "construction:railway": null, "public_transport:version": null, "name:ur": null, "internet_access:ssid": null, "loc_name": null, "loc_name:en": null, "loc_name:hi": null, "loc_name:mr": null, "old_name:hi": null, "old_name:mr": null, "short_name:en": null, "short_name:hi": null, "short_name:mr": null, "landuse": null, "building:levels": null, "building:min_level": null, "layer": null, "nohousenumber": null, "not:network:wikidata": null, "elevation": null, "bench": null, "lit": null, "shelter": null, "air_conditioning": null, "internet_access:fee": null }, "geometry": { "type": "Point", "coordinates": [ 72.8428479, 19.0192269 ] } },
{ "type": "Feature", "properties": { "element": "node", "id": 2630075005, "internet_access": "no", "name": "Mahim Junction", "name:hi": "माहिम जंक्शन", "name:mr": "माहिम जंक्शन", "network": "Mumbai Suburban Railway", "network:wikidata": "Q3273422", "operator": "WR", "public_transport": "station", "railway": "station", "ref": "MM", "train": "yes", "wikidata": "Q6734003", "wikipedia": "en:Mahim Junction railway station", "name:en": null, "start_date": null, "ele": null, "name:ml": "മാഹിം ജംഗ്ഷൻ", "wheelchair": null, "addr:city": null, "addr:postcode": null, "addr:street": null, "alt_name": null, "alt_name:en": null, "alt_name:hi": null, "alt_name:mr": null, "monorail": null, "station": null, "toilets:wheelchair": null, "ref:suburban": null, "IR:zone": "WR:CCG", "historic:name": null, "historic:ref": null, "old_name": null, "old_ref": null, "official_name": null, "official_name:en": null, "official_name:hi": null, "official_name:mr": null, "old_name:en": null, "name:mr:--2018-07-19": null, "is_in": null, "short_name": null, "name:zh": null, "opening_date": null, "subway": null, "date:rebuilt": null, "date:renamed": null, "name:1928-1934": null, "wikimedia_commons": null, "building": null, "description": null, "construction": null, "construction:railway": null, "public_transport:version": null, "name:ur": null, "internet_access:ssid": null, "loc_name": null, "loc_name:en": null, "loc_name:hi": null, "loc_name:mr": null, "old_name:hi": null, "old_name:mr": null, "short_name:en": null, "short_name:hi": null, "short_name:mr": null, "landuse": null, "building:levels": null, "building:min_level": null, "layer": null, "nohousenumber": null, "not:network:wikidata": null, "elevation": null, "bench": null, "lit": null, "shelter": null, "air_conditioning": null, "internet_access:fee": null }, "geometry": { "type": "Point", "coordinates": [ 72.8466038, 19.0406634 ] } },
{ "type": "Feature", "properties": { "element": "node", "id": 2630075006, "internet_access": "no", "name": "Marine Lines", "name:hi": "मरीन लाइन्स", "name:mr": "मरीन लाइन्स", "network": "Mumbai Suburban Railway", "network:wikidata": "Q3273422", "operator": "WR", "public_transport": "station", "railway": "station", "ref": "MEL", "train": "yes", "wikidata": "Q6764160", "wikipedia": "en:Marine Lines railway station", "name:en": null, "start_date": "1867", "ele": "7", "name:ml": "മറൈൻ ലൈൻസ്", "wheelchair": null, "addr:city": null, "addr:postcode": null, "addr:street": null, "alt_name": null, "alt_name:en": null, "alt_name:hi": null, "alt_name:mr": null, "monorail": null, "station": null, "toilets:wheelchair": null, "ref:suburban": null, "IR:zone": "WR:CCG", "historic:name": null, "historic:ref": null, "old_name": null, "old_ref": null, "official_name": null, "official_name:en": null, "official_name:hi": null, "official_name:mr": null, "old_name:en": null, "name:mr:--2018-07-19": null, "is_in": null, "short_name": null, "name:zh": null, "opening_date": null, "subway": null, "date:rebuilt": null, "date:renamed": null, "name:1928-1934": null, "wikimedia_commons": null, "building": null, "description": null, "construction": null, "construction:railway": null, "public_transport:version": null, "name:ur": null, "internet_access:ssid": null, "loc_name": null, "loc_name:en": null, "loc_name:hi": null, "loc_name:mr": null, "old_name:hi": null, "old_name:mr": null, "short_name:en": null, "short_name:hi": null, "short_name:mr": null, "landuse": null, "building:levels": null, "building:min_level": null, "layer": null, "nohousenumber": null, "not:network:wikidata": null, "elevation": null, "bench": null, "lit": null, "shelter": null, "air_conditioning": null, "internet_access:fee": null }, "geometry": { "type": "Point", "coordinates": [ 72.8237193, 18.945764 ] } },
{ "type": "Feature", "properties": { "element": "node", "id": 2630075008, "internet_access": "yes", "name": "Mumbai Central", "name:hi": "मुंबई सेंट्रल", "name:mr": "मुंबई सेंट्रल", "network": "IR", "network:wikidata": null, "operator": "WR", "public_transport": "station", "railway": "station", "ref": "MMCT", "train": "yes", "wikidata": "Q3539796", "wikipedia": "en:Mumbai Central railway station", "name:en": "Mumbai Central", "start_date": "1930-12-18", "ele": "6.62", "name:ml": "മുംബൈ സെൻട്രൽ", "wheelchair": null, "addr:city": null, "addr:postcode": null, "addr:street": null, "alt_name": null, "alt_name:en": null, "alt_name:hi": null, "alt_name:mr": null, "monorail": null, "station": "terminal", "toilets:wheelchair": null, "ref:suburban": null, "IR:zone": "WR:CCG", "historic:name": "Bombay Central Terminal", "historic:ref": "BCT", "old_name": "Bellasis Road", "old_ref": "BCT", "official_name": null, "official_name:en": null, "official_name:hi": null, "official_name:mr": null, "old_name:en": null, "name:mr:--2018-07-19": null, "is_in": null, "short_name": null, "name:zh": null, "opening_date": null, "subway": null, "date:rebuilt": null, "date:renamed": null, "name:1928-1934": null, "wikimedia_commons": null, "building": null, "description": null, "construction": null, "construction:railway": null, "public_transport:version": null, "name:ur": null, "internet_access:ssid": null, "loc_name": null, "loc_name:en": null, "loc_name:hi": null, "loc_name:mr": null, "old_name:hi": null, "old_name:mr": null, "short_name:en": null, "short_name:hi": null, "short_name:mr": null, "landuse": null, "building:levels": null, "building:min_level": null, "layer": null, "nohousenumber": null, "not:network:wikidata": null, "elevation": null, "bench": null, "lit": null, "shelter": null, "air_conditioning": null, "internet_access:fee": null }, "geometry": { "type": "Point", "coordinates": [ 72.8193152, 18.9695855 ] } },
{ "type": "Feature", "properties": { "element": "node", "id": 2630075010, "internet_access": "no", "name": "Vile Parle", "name:hi": "विले पार्ले", "name:mr": "विले पार्ले", "network": "Mumbai Suburban Railway", "network:wikidata": "Q3273422", "operator": "WR", "public_transport": "station", "railway": "station", "ref": "VLP", "train": "yes", "wikidata": "Q7930143", "wikipedia": "en:Vile Parle railway station", "name:en": null, "start_date": null, "ele": "10", "name:ml": null, "wheelchair": null, "addr:city": null, "addr:postcode": null, "addr:street": null, "alt_name": null, "alt_name:en": null, "alt_name:hi": null, "alt_name:mr": null, "monorail": null, "station": null, "toilets:wheelchair": null, "ref:suburban": null, "IR:zone": null, "historic:name": null, "historic:ref": null, "old_name": null, "old_ref": null, "official_name": null, "official_name:en": null, "official_name:hi": null, "official_name:mr": null, "old_name:en": null, "name:mr:--2018-07-19": null, "is_in": null, "short_name": null, "name:zh": null, "opening_date": null, "subway": null, "date:rebuilt": null, "date:renamed": null, "name:1928-1934": null, "wikimedia_commons": null, "building": null, "description": null, "construction": null, "construction:railway": null, "public_transport:version": null, "name:ur": null, "internet_access:ssid": null, "loc_name": null, "loc_name:en": null, "loc_name:hi": null, "loc_name:mr": null, "old_name:hi": null, "old_name:mr": null, "short_name:en": null, "short_name:hi": null, "short_name:mr": null, "landuse": null, "building:levels": null, "building:min_level": null, "layer": null, "nohousenumber": null, "not:network:wikidata": null, "elevation": null, "bench": null, "lit": null, "shelter": null, "air_conditioning": null, "internet_access:fee": null }, "geometry": { "type": "Point", "coordinates": [ 72.8440038, 19.0999098 ] } },
{ "type": "Feature", "properties": { "element": "node", "id": 2647295137, "internet_access": null, "name": "Bharat Petroleum", "name:hi": null, "name:mr": "भारत पेट्रोलियम", "network": null, "network:wikidata": null, "operator": null, "public_transport": "station", "railway": "station", "ref": null, "train": null, "wikidata": "Q15733864", "wikipedia": "en:Bharat Petroleum monorail station", "name:en": null, "start_date": null, "ele": null, "name:ml": null, "wheelchair": null, "addr:city": null, "addr:postcode": null, "addr:street": null, "alt_name": null, "alt_name:en": null, "alt_name:hi": null, "alt_name:mr": null, "monorail": "yes", "station": "monorail", "toilets:wheelchair": null, "ref:suburban": null, "IR:zone": null, "historic:name": null, "historic:ref": null, "old_name": null, "old_ref": null, "official_name": null, "official_name:en": null, "official_name:hi": null, "official_name:mr": null, "old_name:en": null, "name:mr:--2018-07-19": null, "is_in": null, "short_name": null, "name:zh": null, "opening_date": null, "subway": null, "date:rebuilt": null, "date:renamed": null, "name:1928-1934": null, "wikimedia_commons": null, "building": null, "description": null, "construction": null, "construction:railway": null, "public_transport:version": null, "name:ur": null, "internet_access:ssid": null, "loc_name": null, "loc_name:en": null, "loc_name:hi": null, "loc_name:mr": null, "old_name:hi": null, "old_name:mr": null, "short_name:en": null, "short_name:hi": null, "short_name:mr": null, "landuse": null, "building:levels": null, "building:min_level": null, "layer": null, "nohousenumber": null, "not:network:wikidata": null, "elevation": null, "bench": null, "lit": null, "shelter": null, "air_conditioning": null, "internet_access:fee": null }, "geometry": { "type": "Point", "coordinates": [ 72.8955553, 19.0352839 ] } },
{ "type": "Feature", "properties": { "element": "node", "id": 2647295140, "internet_access": null, "name": "VNP & RC Marg Junction", "name:hi": null, "name:mr": "व्हि एन पी आणि आर सी मार्ग जंक्शन", "network": null, "network:wikidata": null, "operator": null, "public_transport": "station", "railway": "station", "ref": null, "train": null, "wikidata": "Q18357722", "wikipedia": "en:VNP and RC Marg Junction monorail station", "name:en": null, "start_date": null, "ele": null, "name:ml": null, "wheelchair": null, "addr:city": null, "addr:postcode": null, "addr:street": null, "alt_name": null, "alt_name:en": null, "alt_name:hi": null, "alt_name:mr": null, "monorail": "yes", "station": "monorail", "toilets:wheelchair": null, "ref:suburban": null, "IR:zone": null, "historic:name": null, "historic:ref": null, "old_name": null, "old_ref": null, "official_name": null, "official_name:en": null, "official_name:hi": null, "official_name:mr": null, "old_name:en": null, "name:mr:--2018-07-19": null, "is_in": null, "short_name": null, "name:zh": null, "opening_date": null, "subway": null, "date:rebuilt": null, "date:renamed": null, "name:1928-1934": null, "wikimedia_commons": null, "building": null, "description": null, "construction": null, "construction:railway": null, "public_transport:version": null, "name:ur": null, "internet_access:ssid": null, "loc_name": null, "loc_name:en": null, "loc_name:hi": null, "loc_name:mr": null, "old_name:hi": null, "old_name:mr": null, "short_name:en": null, "short_name:hi": null, "short_name:mr": null, "landuse": null, "building:levels": null, "building:min_level": null, "layer": null, "nohousenumber": null, "not:network:wikidata": null, "elevation": null, "bench": null, "lit": null, "shelter": null, "air_conditioning": null, "internet_access:fee": null }, "geometry": { "type": "Point", "coordinates": [ 72.8942789, 19.0526419 ] } },
{ "type": "Feature", "properties": { "element": "node", "id": 2663219988, "internet_access": "no", "name": "Chuna Bhatti", "name:hi": "चूना भट्टी", "name:mr": "चुना भट्टी", "network": "IR", "network:wikidata": null, "operator": "CR", "public_transport": "station", "railway": "station", "ref": "CHF", "train": "yes", "wikidata": "Q5116212", "wikipedia": null, "name:en": null, "start_date": null, "ele": null, "name:ml": null, "wheelchair": "yes", "addr:city": null, "addr:postcode": null, "addr:street": null, "alt_name": null, "alt_name:en": null, "alt_name:hi": null, "alt_name:mr": null, "monorail": null, "station": null, "toilets:wheelchair": null, "ref:suburban": null, "IR:zone": null, "historic:name": null, "historic:ref": null, "old_name": null, "old_ref": null, "official_name": null, "official_name:en": null, "official_name:hi": null, "official_name:mr": null, "old_name:en": null, "name:mr:--2018-07-19": null, "is_in": null, "short_name": null, "name:zh": null, "opening_date": null, "subway": null, "date:rebuilt": null, "date:renamed": null, "name:1928-1934": null, "wikimedia_commons": null, "building": null, "description": null, "construction": null, "construction:railway": null, "public_transport:version": null, "name:ur": null, "internet_access:ssid": null, "loc_name": null, "loc_name:en": null, "loc_name:hi": null, "loc_name:mr": null, "old_name:hi": null, "old_name:mr": null, "short_name:en": null, "short_name:hi": null, "short_name:mr": null, "landuse": null, "building:levels": null, "building:min_level": null, "layer": null, "nohousenumber": null, "not:network:wikidata": null, "elevation": null, "bench": null, "lit": null, "shelter": null, "air_conditioning": null, "internet_access:fee": null }, "geometry": { "type": "Point", "coordinates": [ 72.8690974, 19.0517703 ] } },
{ "type": "Feature", "properties": { "element": "node", "id": 2663263713, "internet_access": "no", "name": "Sion", "name:hi": "शीव", "name:mr": "शीव", "network": "IR", "network:wikidata": null, "operator": "CR", "public_transport": "station", "railway": "station", "ref": "SIN", "train": "yes", "wikidata": "Q7525368", "wikipedia": "en:Sion_railway_station_(India)", "name:en": "Sion", "start_date": "1873-11-03", "ele": null, "name:ml": "സിയോൺ", "wheelchair": null, "addr:city": null, "addr:postcode": null, "addr:street": null, "alt_name": null, "alt_name:en": null, "alt_name:hi": "सायन", "alt_name:mr": "सायन", "monorail": null, "station": null, "toilets:wheelchair": null, "ref:suburban": null, "IR:zone": null, "historic:name": null, "historic:ref": null, "old_name": null, "old_ref": null, "official_name": null, "official_name:en": null, "official_name:hi": null, "official_name:mr": null, "old_name:en": null, "name:mr:--2018-07-19": null, "is_in": null, "short_name": null, "name:zh": null, "opening_date": null, "subway": null, "date:rebuilt": null, "date:renamed": null, "name:1928-1934": null, "wikimedia_commons": null, "building": null, "description": null, "construction": null, "construction:railway": null, "public_transport:version": null, "name:ur": null, "internet_access:ssid": null, "loc_name": null, "loc_name:en": null, "loc_name:hi": null, "loc_name:mr": null, "old_name:hi": null, "old_name:mr": null, "short_name:en": null, "short_name:hi": null, "short_name:mr": null, "landuse": null, "building:levels": null, "building:min_level": null, "layer": null, "nohousenumber": null, "not:network:wikidata": null, "elevation": null, "bench": null, "lit": null, "shelter": null, "air_conditioning": null, "internet_access:fee": null }, "geometry": { "type": "Point", "coordinates": [ 72.8632834, 19.0465213 ] } },
{ "type": "Feature", "properties": { "element": "node", "id": 2663447640, "internet_access": "wlan", "name": "Kurla", "name:hi": "कुर्ला", "name:mr": "कुर्ला", "network": "IR", "network:wikidata": null, "operator": "CR", "public_transport": "station", "railway": "station", "ref": "CLA", "train": "yes", "wikidata": "Q6446148", "wikipedia": "en:Kurla railway station", "name:en": "Kurla", "start_date": "1895", "ele": "5.30", "name:ml": "കുർള", "wheelchair": "limited", "addr:city": null, "addr:postcode": null, "addr:street": null, "alt_name": null, "alt_name:en": null, "alt_name:hi": null, "alt_name:mr": null, "monorail": null, "station": null, "toilets:wheelchair": null, "ref:suburban": null, "IR:zone": null, "historic:name": null, "historic:ref": null, "old_name": "Coorla", "old_ref": null, "official_name": "Kurla Junction", "official_name:en": "Kurla Junction", "official_name:hi": "कुर्ला जंक्शन", "official_name:mr": "कुर्ला जंक्शन", "old_name:en": "Coorla", "name:mr:--2018-07-19": null, "is_in": null, "short_name": null, "name:zh": null, "opening_date": null, "subway": null, "date:rebuilt": null, "date:renamed": null, "name:1928-1934": null, "wikimedia_commons": null, "building": null, "description": null, "construction": null, "construction:railway": null, "public_transport:version": null, "name:ur": null, "internet_access:ssid": null, "loc_name": null, "loc_name:en": null, "loc_name:hi": null, "loc_name:mr": null, "old_name:hi": null, "old_name:mr": null, "short_name:en": null, "short_name:hi": null, "short_name:mr": null, "landuse": null, "building:levels": null, "building:min_level": null, "layer": null, "nohousenumber": null, "not:network:wikidata": null, "elevation": null, "bench": null, "lit": null, "shelter": null, "air_conditioning": null, "internet_access:fee": null }, "geometry": { "type": "Point", "coordinates": [ 72.8793805, 19.0652797 ] } },
{ "type": "Feature", "properties": { "element": "node", "id": 2986295912, "internet_access": null, "name": "Fertilizer Township", "name:hi": null, "name:mr": "फर्टीलाईझर टाऊनशिप", "network": null, "network:wikidata": null, "operator": null, "public_transport": "station", "railway": "station", "ref": null, "train": null, "wikidata": "Q15733865", "wikipedia": null, "name:en": null, "start_date": null, "ele": null, "name:ml": null, "wheelchair": null, "addr:city": null, "addr:postcode": null, "addr:street": null, "alt_name": null, "alt_name:en": null, "alt_name:hi": null, "alt_name:mr": null, "monorail": "yes", "station": "monorail", "toilets:wheelchair": null, "ref:suburban": null, "IR:zone": null, "historic:name": null, "historic:ref": null, "old_name": null, "old_ref": null, "official_name": null, "official_name:en": null, "official_name:hi": null, "official_name:mr": null, "old_name:en": null, "name:mr:--2018-07-19": null, "is_in": null, "short_name": null, "name:zh": null, "opening_date": null, "subway": null, "date:rebuilt": null, "date:renamed": null, "name:1928-1934": null, "wikimedia_commons": null, "building": null, "description": null, "construction": null, "construction:railway": null, "public_transport:version": null, "name:ur": null, "internet_access:ssid": null, "loc_name": null, "loc_name:en": null, "loc_name:hi": null, "loc_name:mr": null, "old_name:hi": null, "old_name:mr": null, "short_name:en": null, "short_name:hi": null, "short_name:mr": null, "landuse": null, "building:levels": null, "building:min_level": null, "layer": null, "nohousenumber": null, "not:network:wikidata": null, "elevation": null, "bench": null, "lit": null, "shelter": null, "air_conditioning": null, "internet_access:fee": null }, "geometry": { "type": "Point", "coordinates": [ 72.893456, 19.0438776 ] } },
{ "type": "Feature", "properties": { "element": "node", "id": 3205733664, "internet_access": "no", "name": "Govandi", "name:hi": "गोवंडी", "name:mr": null, "network": "IR", "network:wikidata": null, "operator": "CR", "public_transport": "station", "railway": "station", "ref": "GV", "train": null, "wikidata": "Q5588575", "wikipedia": "en:Govandi railway station", "name:en": null, "start_date": null, "ele": null, "name:ml": null, "wheelchair": "limited", "addr:city": null, "addr:postcode": null, "addr:street": null, "alt_name": null, "alt_name:en": null, "alt_name:hi": null, "alt_name:mr": null, "monorail": null, "station": null, "toilets:wheelchair": null, "ref:suburban": null, "IR:zone": null, "historic:name": null, "historic:ref": null, "old_name": null, "old_ref": null, "official_name": null, "official_name:en": null, "official_name:hi": null, "official_name:mr": null, "old_name:en": null, "name:mr:--2018-07-19": null, "is_in": null, "short_name": null, "name:zh": null, "opening_date": null, "subway": null, "date:rebuilt": null, "date:renamed": null, "name:1928-1934": null, "wikimedia_commons": null, "building": null, "description": null, "construction": null, "construction:railway": null, "public_transport:version": null, "name:ur": null, "internet_access:ssid": null, "loc_name": null, "loc_name:en": null, "loc_name:hi": null, "loc_name:mr": null, "old_name:hi": null, "old_name:mr": null, "short_name:en": null, "short_name:hi": null, "short_name:mr": null, "landuse": null, "building:levels": null, "building:min_level": null, "layer": null, "nohousenumber": null, "not:network:wikidata": null, "elevation": null, "bench": null, "lit": null, "shelter": null, "air_conditioning": null, "internet_access:fee": null }, "geometry": { "type": "Point", "coordinates": [ 72.9150702, 19.0553688 ] } },
{ "type": "Feature", "properties": { "element": "node", "id": 3248305759, "internet_access": "no", "name": "Bhandup", "name:hi": "भांडुप", "name:mr": "भांडुप", "network": "IR", "network:wikidata": null, "operator": "CR", "public_transport": "station", "railway": "station", "ref": "BND", "train": "yes", "wikidata": "Q4900992", "wikipedia": "en:Bhandup railway station", "name:en": "Bhandup", "start_date": "1853-04-18", "ele": "5.205", "name:ml": "ഭാണ്ഡുപ്പ്", "wheelchair": "limited", "addr:city": null, "addr:postcode": null, "addr:street": null, "alt_name": null, "alt_name:en": null, "alt_name:hi": null, "alt_name:mr": null, "monorail": null, "station": null, "toilets:wheelchair": "no", "ref:suburban": null, "IR:zone": null, "historic:name": null, "historic:ref": null, "old_name": null, "old_ref": null, "official_name": null, "official_name:en": null, "official_name:hi": null, "official_name:mr": null, "old_name:en": null, "name:mr:--2018-07-19": null, "is_in": null, "short_name": null, "name:zh": null, "opening_date": null, "subway": null, "date:rebuilt": null, "date:renamed": null, "name:1928-1934": null, "wikimedia_commons": null, "building": null, "description": null, "construction": null, "construction:railway": null, "public_transport:version": null, "name:ur": null, "internet_access:ssid": null, "loc_name": null, "loc_name:en": null, "loc_name:hi": null, "loc_name:mr": null, "old_name:hi": null, "old_name:mr": null, "short_name:en": null, "short_name:hi": null, "short_name:mr": null, "landuse": null, "building:levels": null, "building:min_level": null, "layer": null, "nohousenumber": null, "not:network:wikidata": null, "elevation": null, "bench": null, "lit": null, "shelter": null, "air_conditioning": null, "internet_access:fee": null }, "geometry": { "type": "Point", "coordinates": [ 72.9376543, 19.142757 ] } },
{ "type": "Feature", "properties": { "element": "node", "id": 3347009325, "internet_access": "no", "name": "Borivali", "name:hi": "बोरिवली", "name:mr": "बोरिवली", "network": "Mumbai Suburban Railway", "network:wikidata": "Q3273422", "operator": "WR", "public_transport": "station", "railway": "station", "ref": "BVI", "train": "yes", "wikidata": "Q4945508", "wikipedia": "en:Borivali railway station", "name:en": null, "start_date": null, "ele": null, "name:ml": null, "wheelchair": null, "addr:city": null, "addr:postcode": null, "addr:street": null, "alt_name": null, "alt_name:en": null, "alt_name:hi": null, "alt_name:mr": null, "monorail": null, "station": null, "toilets:wheelchair": null, "ref:suburban": null, "IR:zone": null, "historic:name": null, "historic:ref": null, "old_name": null, "old_ref": null, "official_name": null, "official_name:en": null, "official_name:hi": null, "official_name:mr": null, "old_name:en": null, "name:mr:--2018-07-19": null, "is_in": null, "short_name": null, "name:zh": null, "opening_date": null, "subway": null, "date:rebuilt": null, "date:renamed": null, "name:1928-1934": null, "wikimedia_commons": null, "building": null, "description": null, "construction": null, "construction:railway": null, "public_transport:version": null, "name:ur": null, "internet_access:ssid": null, "loc_name": null, "loc_name:en": null, "loc_name:hi": null, "loc_name:mr": null, "old_name:hi": null, "old_name:mr": null, "short_name:en": null, "short_name:hi": null, "short_name:mr": null, "landuse": null, "building:levels": null, "building:min_level": null, "layer": null, "nohousenumber": null, "not:network:wikidata": null, "elevation": null, "bench": null, "lit": null, "shelter": null, "air_conditioning": null, "internet_access:fee": null }, "geometry": { "type": "Point", "coordinates": [ 72.8573628, 19.229068 ] } },
{ "type": "Feature", "properties": { "element": "node", "id": 3347023609, "internet_access": "no", "name": "Kandivali", "name:hi": "कांदिवली", "name:mr": "कांदिवली", "network": "Mumbai Suburban Railway", "network:wikidata": "Q3273422", "operator": "WR", "public_transport": "station", "railway": "station", "ref": "KILE", "train": "yes", "wikidata": "Q6361555", "wikipedia": "en:Kandivali railway station", "name:en": null, "start_date": null, "ele": null, "name:ml": null, "wheelchair": null, "addr:city": null, "addr:postcode": null, "addr:street": null, "alt_name": null, "alt_name:en": null, "alt_name:hi": null, "alt_name:mr": null, "monorail": null, "station": null, "toilets:wheelchair": null, "ref:suburban": null, "IR:zone": null, "historic:name": null, "historic:ref": null, "old_name": null, "old_ref": null, "official_name": null, "official_name:en": null, "official_name:hi": null, "official_name:mr": null, "old_name:en": null, "name:mr:--2018-07-19": null, "is_in": null, "short_name": null, "name:zh": null, "opening_date": null, "subway": null, "date:rebuilt": null, "date:renamed": null, "name:1928-1934": null, "wikimedia_commons": null, "building": null, "description": null, "construction": null, "construction:railway": null, "public_transport:version": null, "name:ur": null, "internet_access:ssid": null, "loc_name": null, "loc_name:en": null, "loc_name:hi": null, "loc_name:mr": null, "old_name:hi": null, "old_name:mr": null, "short_name:en": null, "short_name:hi": null, "short_name:mr": null, "landuse": null, "building:levels": null, "building:min_level": null, "layer": null, "nohousenumber": null, "not:network:wikidata": null, "elevation": null, "bench": null, "lit": null, "shelter": null, "air_conditioning": null, "internet_access:fee": null }, "geometry": { "type": "Point", "coordinates": [ 72.8517376, 19.2041136 ] } },
{ "type": "Feature", "properties": { "element": "node", "id": 3347034598, "internet_access": "no", "name": "Malad", "name:hi": "मालाड", "name:mr": "मालाड", "network": "Mumbai Suburban Railway", "network:wikidata": "Q3273422", "operator": "WR", "public_transport": "station", "railway": "station", "ref": "MDD", "train": "yes", "wikidata": "Q6740940", "wikipedia": "en:Malad railway station", "name:en": null, "start_date": null, "ele": null, "name:ml": null, "wheelchair": null, "addr:city": null, "addr:postcode": null, "addr:street": null, "alt_name": null, "alt_name:en": null, "alt_name:hi": null, "alt_name:mr": null, "monorail": null, "station": null, "toilets:wheelchair": null, "ref:suburban": null, "IR:zone": null, "historic:name": null, "historic:ref": null, "old_name": null, "old_ref": null, "official_name": null, "official_name:en": null, "official_name:hi": null, "official_name:mr": null, "old_name:en": null, "name:mr:--2018-07-19": null, "is_in": null, "short_name": null, "name:zh": null, "opening_date": null, "subway": null, "date:rebuilt": null, "date:renamed": null, "name:1928-1934": null, "wikimedia_commons": null, "building": null, "description": null, "construction": null, "construction:railway": null, "public_transport:version": null, "name:ur": null, "internet_access:ssid": null, "loc_name": null, "loc_name:en": null, "loc_name:hi": null, "loc_name:mr": null, "old_name:hi": null, "old_name:mr": null, "short_name:en": null, "short_name:hi": null, "short_name:mr": null, "landuse": null, "building:levels": null, "building:min_level": null, "layer": null, "nohousenumber": null, "not:network:wikidata": null, "elevation": null, "bench": null, "lit": null, "shelter": null, "air_conditioning": null, "internet_access:fee": null }, "geometry": { "type": "Point", "coordinates": [ 72.8485884, 19.1867193 ] } },
{ "type": "Feature", "properties": { "element": "node", "id": 3347034961, "internet_access": "no", "name": "Goregaon", "name:hi": "गोरेगाँव", "name:mr": "गोरेगाव", "network": "Mumbai Suburban Railway", "network:wikidata": "Q3273422", "operator": "WR", "public_transport": "station", "railway": "station", "ref": "GMN", "train": "yes", "wikidata": "Q5586150", "wikipedia": "en:Goregaon railway station", "name:en": null, "start_date": null, "ele": null, "name:ml": null, "wheelchair": null, "addr:city": null, "addr:postcode": null, "addr:street": null, "alt_name": null, "alt_name:en": null, "alt_name:hi": null, "alt_name:mr": null, "monorail": null, "station": null, "toilets:wheelchair": null, "ref:suburban": null, "IR:zone": null, "historic:name": null, "historic:ref": null, "old_name": null, "old_ref": null, "official_name": null, "official_name:en": null, "official_name:hi": null, "official_name:mr": null, "old_name:en": null, "name:mr:--2018-07-19": null, "is_in": null, "short_name": null, "name:zh": null, "opening_date": null, "subway": null, "date:rebuilt": null, "date:renamed": null, "name:1928-1934": null, "wikimedia_commons": null, "building": null, "description": null, "construction": null, "construction:railway": null, "public_transport:version": null, "name:ur": null, "internet_access:ssid": null, "loc_name": null, "loc_name:en": null, "loc_name:hi": null, "loc_name:mr": null, "old_name:hi": null, "old_name:mr": null, "short_name:en": null, "short_name:hi": null, "short_name:mr": null, "landuse": null, "building:levels": null, "building:min_level": null, "layer": null, "nohousenumber": null, "not:network:wikidata": null, "elevation": null, "bench": null, "lit": null, "shelter": null, "air_conditioning": null, "internet_access:fee": null }, "geometry": { "type": "Point", "coordinates": [ 72.8495492, 19.1648688 ] } },
{ "type": "Feature", "properties": { "element": "node", "id": 3462327239, "internet_access": "no", "name": "Prabhadevi", "name:hi": "प्रभादेवी", "name:mr": "प्रभादेवी", "network": "Mumbai Suburban Railway", "network:wikidata": "Q3273422", "operator": "WR", "public_transport": "station", "railway": "station", "ref": "PBHD", "train": "yes", "wikidata": "Q5367292", "wikipedia": "en:Parel-Prabhadevi railway station", "name:en": null, "start_date": "1867", "ele": null, "name:ml": "പ്രഭാദേവി", "wheelchair": null, "addr:city": null, "addr:postcode": null, "addr:street": null, "alt_name": null, "alt_name:en": null, "alt_name:hi": null, "alt_name:mr": null, "monorail": null, "station": null, "toilets:wheelchair": null, "ref:suburban": null, "IR:zone": "WR:CCG", "historic:name": null, "historic:ref": "EPR", "old_name": "Elphinstone Road", "old_ref": null, "official_name": "Prabhadevi", "official_name:en": null, "official_name:hi": null, "official_name:mr": null, "old_name:en": null, "name:mr:--2018-07-19": "एलफिन्सटन रोड", "is_in": null, "short_name": null, "name:zh": null, "opening_date": null, "subway": null, "date:rebuilt": null, "date:renamed": null, "name:1928-1934": null, "wikimedia_commons": null, "building": null, "description": null, "construction": null, "construction:railway": null, "public_transport:version": null, "name:ur": null, "internet_access:ssid": null, "loc_name": null, "loc_name:en": null, "loc_name:hi": null, "loc_name:mr": null, "old_name:hi": null, "old_name:mr": null, "short_name:en": null, "short_name:hi": null, "short_name:mr": null, "landuse": null, "building:levels": null, "building:min_level": null, "layer": null, "nohousenumber": null, "not:network:wikidata": null, "elevation": null, "bench": null, "lit": null, "shelter": null, "air_conditioning": null, "internet_access:fee": null }, "geometry": { "type": "Point", "coordinates": [ 72.8358965, 19.0074717 ] } },
{ "type": "Feature", "properties": { "element": "node", "id": 3501418211, "internet_access": "no", "name": "Chinchpokli", "name:hi": "चिंचपोकली", "name:mr": "चिंचपोकळी", "network": "IR", "network:wikidata": null, "operator": "CR", "public_transport": "station", "railway": "station", "ref": "CHG", "train": "yes", "wikidata": "Q5100314", "wikipedia": "en:Chinchpokli railway station", "name:en": "Chinchpokli", "start_date": "1867-12-09", "ele": "4.80", "name:ml": "ചിഞ്ച്പൊക്ലി", "wheelchair": null, "addr:city": null, "addr:postcode": null, "addr:street": null, "alt_name": null, "alt_name:en": null, "alt_name:hi": null, "alt_name:mr": null, "monorail": null, "station": null, "toilets:wheelchair": null, "ref:suburban": null, "IR:zone": null, "historic:name": null, "historic:ref": null, "old_name": null, "old_ref": null, "official_name": null, "official_name:en": null, "official_name:hi": null, "official_name:mr": null, "old_name:en": null, "name:mr:--2018-07-19": null, "is_in": null, "short_name": null, "name:zh": null, "opening_date": null, "subway": null, "date:rebuilt": null, "date:renamed": null, "name:1928-1934": null, "wikimedia_commons": null, "building": null, "description": null, "construction": null, "construction:railway": null, "public_transport:version": null, "name:ur": null, "internet_access:ssid": null, "loc_name": null, "loc_name:en": null, "loc_name:hi": null, "loc_name:mr": null, "old_name:hi": null, "old_name:mr": null, "short_name:en": null, "short_name:hi": null, "short_name:mr": null, "landuse": null, "building:levels": null, "building:min_level": null, "layer": null, "nohousenumber": null, "not:network:wikidata": null, "elevation": null, "bench": null, "lit": null, "shelter": null, "air_conditioning": null, "internet_access:fee": null }, "geometry": { "type": "Point", "coordinates": [ 72.8326716, 18.9871984 ] } },
{ "type": "Feature", "properties": { "element": "node", "id": 3501418212, "internet_access": "no", "name": "Parel", "name:hi": "परेल", "name:mr": "परळ", "network": "IR", "network:wikidata": null, "operator": "WR", "public_transport": "station", "railway": "station", "ref": "PR", "train": "yes", "wikidata": "Q118610698", "wikipedia": "en:Parel railway station", "name:en": "Parel", "start_date": "1867-12-09", "ele": "5.935", "name:ml": "പരൾ", "wheelchair": null, "addr:city": null, "addr:postcode": null, "addr:street": null, "alt_name": "Parel Terminus", "alt_name:en": null, "alt_name:hi": null, "alt_name:mr": null, "monorail": null, "station": null, "toilets:wheelchair": null, "ref:suburban": null, "IR:zone": "CR:CSMT", "historic:name": null, "historic:ref": null, "old_name": null, "old_ref": null, "official_name": null, "official_name:en": null, "official_name:hi": null, "official_name:mr": null, "old_name:en": null, "name:mr:--2018-07-19": null, "is_in": null, "short_name": null, "name:zh": null, "opening_date": null, "subway": null, "date:rebuilt": null, "date:renamed": null, "name:1928-1934": null, "wikimedia_commons": null, "building": null, "description": null, "construction": null, "construction:railway": null, "public_transport:version": null, "name:ur": null, "internet_access:ssid": null, "loc_name": null, "loc_name:en": null, "loc_name:hi": null, "loc_name:mr": null, "old_name:hi": null, "old_name:mr": null, "short_name:en": null, "short_name:hi": null, "short_name:mr": null, "landuse": null, "building:levels": null, "building:min_level": null, "layer": null, "nohousenumber": null, "not:network:wikidata": null, "elevation": null, "bench": null, "lit": null, "shelter": null, "air_conditioning": null, "internet_access:fee": null }, "geometry": { "type": "Point", "coordinates": [ 72.8376614, 19.0094817 ] } },
{ "type": "Feature", "properties": { "element": "node", "id": 3530903066, "internet_access": "no", "name": "Tilak Nagar", "name:hi": "तिलक नगर", "name:mr": "टिळक नगर", "network": "IR", "network:wikidata": null, "operator": "CR", "public_transport": "station", "railway": "station", "ref": "TKNG", "train": null, "wikidata": "Q7802036", "wikipedia": "en:Tilak Nagar railway station", "name:en": null, "start_date": null, "ele": null, "name:ml": null, "wheelchair": "limited", "addr:city": null, "addr:postcode": null, "addr:street": null, "alt_name": null, "alt_name:en": null, "alt_name:hi": null, "alt_name:mr": null, "monorail": null, "station": null, "toilets:wheelchair": null, "ref:suburban": null, "IR:zone": "CR", "historic:name": null, "historic:ref": null, "old_name": null, "old_ref": null, "official_name": null, "official_name:en": null, "official_name:hi": null, "official_name:mr": null, "old_name:en": null, "name:mr:--2018-07-19": null, "is_in": "Mumbai", "short_name": null, "name:zh": null, "opening_date": null, "subway": null, "date:rebuilt": null, "date:renamed": null, "name:1928-1934": null, "wikimedia_commons": null, "building": null, "description": null, "construction": null, "construction:railway": null, "public_transport:version": null, "name:ur": null, "internet_access:ssid": null, "loc_name": null, "loc_name:en": null, "loc_name:hi": null, "loc_name:mr": null, "old_name:hi": null, "old_name:mr": null, "short_name:en": null, "short_name:hi": null, "short_name:mr": null, "landuse": null, "building:levels": null, "building:min_level": null, "layer": null, "nohousenumber": null, "not:network:wikidata": null, "elevation": null, "bench": null, "lit": null, "shelter": null, "air_conditioning": null, "internet_access:fee": null }, "geometry": { "type": "Point", "coordinates": [ 72.8904702, 19.0657855 ] } },
{ "type": "Feature", "properties": { "element": "node", "id": 3732540593, "internet_access": null, "name": "Wadala Bridge", "name:hi": "वडाला ब्रिज", "name:mr": null, "network": null, "network:wikidata": null, "operator": null, "public_transport": "station", "railway": "station", "ref": null, "train": null, "wikidata": null, "wikipedia": null, "name:en": "Wadala Bridge", "start_date": null, "ele": null, "name:ml": null, "wheelchair": null, "addr:city": null, "addr:postcode": null, "addr:street": null, "alt_name": "Vadala Bridge", "alt_name:en": "Vadala Bridge", "alt_name:hi": null, "alt_name:mr": null, "monorail": "yes", "station": "monorail", "toilets:wheelchair": null, "ref:suburban": null, "IR:zone": null, "historic:name": null, "historic:ref": null, "old_name": null, "old_ref": null, "official_name": null, "official_name:en": null, "official_name:hi": null, "official_name:mr": null, "old_name:en": null, "name:mr:--2018-07-19": null, "is_in": null, "short_name": null, "name:zh": null, "opening_date": null, "subway": null, "date:rebuilt": null, "date:renamed": null, "name:1928-1934": null, "wikimedia_commons": null, "building": null, "description": null, "construction": null, "construction:railway": null, "public_transport:version": null, "name:ur": null, "internet_access:ssid": null, "loc_name": null, "loc_name:en": null, "loc_name:hi": null, "loc_name:mr": null, "old_name:hi": null, "old_name:mr": null, "short_name:en": null, "short_name:hi": null, "short_name:mr": null, "landuse": null, "building:levels": null, "building:min_level": null, "layer": null, "nohousenumber": null, "not:network:wikidata": null, "elevation": null, "bench": null, "lit": null, "shelter": null, "air_conditioning": null, "internet_access:fee": null }, "geometry": { "type": "Point", "coordinates": [ 72.8593168, 19.0174849 ] } },
{ "type": "Feature", "properties": { "element": "node", "id": 3806743187, "internet_access": null, "name": "Acharya Atre Nagar", "name:hi": null, "name:mr": null, "network": null, "network:wikidata": null, "operator": null, "public_transport": "station", "railway": "station", "ref": null, "train": null, "wikidata": "Q63346707", "wikipedia": null, "name:en": null, "start_date": null, "ele": null, "name:ml": null, "wheelchair": null, "addr:city": null, "addr:postcode": null, "addr:street": null, "alt_name": null, "alt_name:en": null, "alt_name:hi": null, "alt_name:mr": null, "monorail": "yes", "station": "monorail", "toilets:wheelchair": null, "ref:suburban": null, "IR:zone": null, "historic:name": null, "historic:ref": null, "old_name": null, "old_ref": null, "official_name": null, "official_name:en": null, "official_name:hi": null, "official_name:mr": null, "old_name:en": null, "name:mr:--2018-07-19": null, "is_in": null, "short_name": null, "name:zh": null, "opening_date": null, "subway": null, "date:rebuilt": null, "date:renamed": null, "name:1928-1934": null, "wikimedia_commons": null, "building": null, "description": null, "construction": null, "construction:railway": null, "public_transport:version": null, "name:ur": null, "internet_access:ssid": null, "loc_name": null, "loc_name:en": null, "loc_name:hi": null, "loc_name:mr": null, "old_name:hi": null, "old_name:mr": null, "short_name:en": null, "short_name:hi": null, "short_name:mr": null, "landuse": null, "building:levels": null, "building:min_level": null, "layer": null, "nohousenumber": null, "not:network:wikidata": null, "elevation": null, "bench": null, "lit": null, "shelter": null, "air_conditioning": null, "internet_access:fee": null }, "geometry": { "type": "Point", "coordinates": [ 72.8637994, 19.0236472 ] } },
{ "type": "Feature", "properties": { "element": "node", "id": 3806743188, "internet_access": null, "name": "Ambedkar Nagar", "name:hi": "अम्बेडकर नगर", "name:mr": null, "network": null, "network:wikidata": null, "operator": null, "public_transport": "station", "railway": "station", "ref": null, "train": null, "wikidata": "Q23926706", "wikipedia": null, "name:en": null, "start_date": null, "ele": null, "name:ml": null, "wheelchair": null, "addr:city": null, "addr:postcode": null, "addr:street": null, "alt_name": null, "alt_name:en": null, "alt_name:hi": null, "alt_name:mr": null, "monorail": "yes", "station": "monorail", "toilets:wheelchair": null, "ref:suburban": null, "IR:zone": null, "historic:name": null, "historic:ref": null, "old_name": null, "old_ref": null, "official_name": null, "official_name:en": null, "official_name:hi": null, "official_name:mr": null, "old_name:en": null, "name:mr:--2018-07-19": null, "is_in": null, "short_name": null, "name:zh": null, "opening_date": null, "subway": null, "date:rebuilt": null, "date:renamed": null, "name:1928-1934": null, "wikimedia_commons": null, "building": null, "description": null, "construction": null, "construction:railway": null, "public_transport:version": null, "name:ur": null, "internet_access:ssid": null, "loc_name": null, "loc_name:en": null, "loc_name:hi": null, "loc_name:mr": null, "old_name:hi": null, "old_name:mr": null, "short_name:en": null, "short_name:hi": null, "short_name:mr": null, "landuse": null, "building:levels": null, "building:min_level": null, "layer": null, "nohousenumber": null, "not:network:wikidata": null, "elevation": null, "bench": null, "lit": null, "shelter": null, "air_conditioning": null, "internet_access:fee": null }, "geometry": { "type": "Point", "coordinates": [ 72.8442272, 19.0015921 ] } },
{ "type": "Feature", "properties": { "element": "node", "id": 3806743192, "internet_access": null, "name": "Dadar East", "name:hi": "दादर पूर्व", "name:mr": null, "network": null, "network:wikidata": null, "operator": null, "public_transport": "station", "railway": "station", "ref": null, "train": null, "wikidata": "Q63346705", "wikipedia": null, "name:en": null, "start_date": null, "ele": null, "name:ml": null, "wheelchair": null, "addr:city": null, "addr:postcode": null, "addr:street": null, "alt_name": null, "alt_name:en": null, "alt_name:hi": null, "alt_name:mr": null, "monorail": "yes", "station": "monorail", "toilets:wheelchair": null, "ref:suburban": null, "IR:zone": null, "historic:name": null, "historic:ref": null, "old_name": null, "old_ref": null, "official_name": null, "official_name:en": null, "official_name:hi": null, "official_name:mr": null, "old_name:en": null, "name:mr:--2018-07-19": null, "is_in": null, "short_name": null, "name:zh": null, "opening_date": null, "subway": null, "date:rebuilt": null, "date:renamed": null, "name:1928-1934": null, "wikimedia_commons": null, "building": null, "description": null, "construction": null, "construction:railway": null, "public_transport:version": null, "name:ur": null, "internet_access:ssid": null, "loc_name": null, "loc_name:en": null, "loc_name:hi": null, "loc_name:mr": null, "old_name:hi": null, "old_name:mr": null, "short_name:en": null, "short_name:hi": null, "short_name:mr": null, "landuse": null, "building:levels": null, "building:min_level": null, "layer": null, "nohousenumber": null, "not:network:wikidata": null, "elevation": null, "bench": null, "lit": null, "shelter": null, "air_conditioning": null, "internet_access:fee": null }, "geometry": { "type": "Point", "coordinates": [ 72.8522274, 19.0162531 ] } },
{ "type": "Feature", "properties": { "element": "node", "id": 3806743193, "internet_access": null, "name": "Guru Tegh Bahadur Nagar", "name:hi": null, "name:mr": "गुरु तेग़ बहादुर नगर", "network": null, "network:wikidata": null, "operator": null, "public_transport": "station", "railway": "station", "ref": null, "train": null, "wikidata": "Q63346710", "wikipedia": null, "name:en": null, "start_date": null, "ele": null, "name:ml": null, "wheelchair": null, "addr:city": null, "addr:postcode": null, "addr:street": null, "alt_name": null, "alt_name:en": null, "alt_name:hi": null, "alt_name:mr": null, "monorail": "yes", "station": "monorail", "toilets:wheelchair": null, "ref:suburban": null, "IR:zone": null, "historic:name": null, "historic:ref": null, "old_name": null, "old_ref": null, "official_name": null, "official_name:en": null, "official_name:hi": null, "official_name:mr": null, "old_name:en": null, "name:mr:--2018-07-19": null, "is_in": null, "short_name": "GTB Nagar", "name:zh": null, "opening_date": null, "subway": null, "date:rebuilt": null, "date:renamed": null, "name:1928-1934": null, "wikimedia_commons": null, "building": null, "description": null, "construction": null, "construction:railway": null, "public_transport:version": null, "name:ur": null, "internet_access:ssid": null, "loc_name": null, "loc_name:en": null, "loc_name:hi": null, "loc_name:mr": null, "old_name:hi": null, "old_name:mr": null, "short_name:en": null, "short_name:hi": null, "short_name:mr": null, "landuse": null, "building:levels": null, "building:min_level": null, "layer": null, "nohousenumber": null, "not:network:wikidata": null, "elevation": null, "bench": null, "lit": null, "shelter": null, "air_conditioning": null, "internet_access:fee": null }, "geometry": { "type": "Point", "coordinates": [ 72.8707858, 19.0366871 ] } },
{ "type": "Feature", "properties": { "element": "node", "id": 3806743194, "internet_access": null, "name": "Sant Gadge Maharaj Chowk", "name:hi": null, "name:mr": null, "network": null, "network:wikidata": null, "operator": null, "public_transport": "station", "railway": "station", "ref": null, "train": null, "wikidata": null, "wikipedia": null, "name:en": "Sant Gadge Maharaj Chowk", "start_date": null, "ele": null, "name:ml": null, "wheelchair": null, "addr:city": null, "addr:postcode": null, "addr:street": null, "alt_name": "Jacob Circle", "alt_name:en": "Jacob Circle", "alt_name:hi": null, "alt_name:mr": null, "monorail": "yes", "station": "monorail", "toilets:wheelchair": null, "ref:suburban": null, "IR:zone": null, "historic:name": null, "historic:ref": null, "old_name": null, "old_ref": null, "official_name": null, "official_name:en": null, "official_name:hi": null, "official_name:mr": null, "old_name:en": null, "name:mr:--2018-07-19": null, "is_in": null, "short_name": null, "name:zh": null, "opening_date": null, "subway": null, "date:rebuilt": null, "date:renamed": null, "name:1928-1934": null, "wikimedia_commons": null, "building": null, "description": null, "construction": null, "construction:railway": null, "public_transport:version": null, "name:ur": null, "internet_access:ssid": null, "loc_name": null, "loc_name:en": null, "loc_name:hi": null, "loc_name:mr": null, "old_name:hi": null, "old_name:mr": null, "short_name:en": null, "short_name:hi": null, "short_name:mr": null, "landuse": null, "building:levels": null, "building:min_level": null, "layer": null, "nohousenumber": null, "not:network:wikidata": null, "elevation": null, "bench": null, "lit": null, "shelter": null, "air_conditioning": null, "internet_access:fee": null }, "geometry": { "type": "Point", "coordinates": [ 72.8285867, 18.9830921 ] } },
{ "type": "Feature", "properties": { "element": "node", "id": 3806743195, "internet_access": null, "name": "Mint Colony", "name:hi": null, "name:mr": null, "network": null, "network:wikidata": null, "operator": null, "public_transport": "station", "railway": "station", "ref": null, "train": null, "wikidata": "Q63592634", "wikipedia": null, "name:en": null, "start_date": null, "ele": null, "name:ml": null, "wheelchair": null, "addr:city": null, "addr:postcode": null, "addr:street": null, "alt_name": null, "alt_name:en": null, "alt_name:hi": null, "alt_name:mr": null, "monorail": "yes", "station": "monorail", "toilets:wheelchair": null, "ref:suburban": null, "IR:zone": null, "historic:name": null, "historic:ref": null, "old_name": null, "old_ref": null, "official_name": null, "official_name:en": null, "official_name:hi": null, "official_name:mr": null, "old_name:en": null, "name:mr:--2018-07-19": null, "is_in": null, "short_name": null, "name:zh": null, "opening_date": null, "subway": null, "date:rebuilt": null, "date:renamed": null, "name:1928-1934": null, "wikimedia_commons": null, "building": null, "description": null, "construction": null, "construction:railway": null, "public_transport:version": null, "name:ur": null, "internet_access:ssid": null, "loc_name": null, "loc_name:en": null, "loc_name:hi": null, "loc_name:mr": null, "old_name:hi": null, "old_name:mr": null, "short_name:en": null, "short_name:hi": null, "short_name:mr": null, "landuse": null, "building:levels": null, "building:min_level": null, "layer": null, "nohousenumber": null, "not:network:wikidata": null, "elevation": null, "bench": null, "lit": null, "shelter": null, "air_conditioning": null, "internet_access:fee": null }, "geometry": { "type": "Point", "coordinates": [ 72.8433086, 18.9945142 ] } },
{ "type": "Feature", "properties": { "element": "node", "id": 3806743196, "internet_access": null, "name": "Naigaon", "name:hi": null, "name:mr": null, "network": null, "network:wikidata": null, "operator": null, "public_transport": "station", "railway": "station", "ref": null, "train": null, "wikidata": "Q63346704", "wikipedia": null, "name:en": null, "start_date": null, "ele": null, "name:ml": null, "wheelchair": null, "addr:city": null, "addr:postcode": null, "addr:street": null, "alt_name": null, "alt_name:en": null, "alt_name:hi": null, "alt_name:mr": null, "monorail": "yes", "station": "monorail", "toilets:wheelchair": null, "ref:suburban": null, "IR:zone": null, "historic:name": null, "historic:ref": null, "old_name": null, "old_ref": null, "official_name": null, "official_name:en": null, "official_name:hi": null, "official_name:mr": null, "old_name:en": null, "name:mr:--2018-07-19": null, "is_in": null, "short_name": null, "name:zh": null, "opening_date": null, "subway": null, "date:rebuilt": null, "date:renamed": null, "name:1928-1934": null, "wikimedia_commons": null, "building": null, "description": null, "construction": null, "construction:railway": null, "public_transport:version": null, "name:ur": null, "internet_access:ssid": null, "loc_name": null, "loc_name:en": null, "loc_name:hi": null, "loc_name:mr": null, "old_name:hi": null, "old_name:mr": null, "short_name:en": null, "short_name:hi": null, "short_name:mr": null, "landuse": null, "building:levels": null, "building:min_level": null, "layer": null, "nohousenumber": null, "not:network:wikidata": null, "elevation": null, "bench": null, "lit": null, "shelter": null, "air_conditioning": null, "internet_access:fee": null }, "geometry": { "type": "Point", "coordinates": [ 72.8478709, 19.0095393 ] } },
{ "type": "Feature", "properties": { "element": "node", "id": 4258411797, "internet_access": "no", "name": "Vikhroli", "name:hi": "विक्रोली", "name:mr": "विक्रोळी", "network": "IR", "network:wikidata": null, "operator": "CR", "public_transport": "station", "railway": "station", "ref": "VK", "train": "yes", "wikidata": "Q7929425", "wikipedia": "en:Vikhroli railway station", "name:en": "Vikhroli", "start_date": null, "ele": "6.035", "name:ml": "വിക്രോളി", "wheelchair": null, "addr:city": null, "addr:postcode": null, "addr:street": null, "alt_name": null, "alt_name:en": null, "alt_name:hi": null, "alt_name:mr": null, "monorail": null, "station": null, "toilets:wheelchair": null, "ref:suburban": null, "IR:zone": null, "historic:name": null, "historic:ref": null, "old_name": null, "old_ref": null, "official_name": null, "official_name:en": null, "official_name:hi": null, "official_name:mr": null, "old_name:en": null, "name:mr:--2018-07-19": null, "is_in": null, "short_name": null, "name:zh": null, "opening_date": null, "subway": null, "date:rebuilt": null, "date:renamed": null, "name:1928-1934": null, "wikimedia_commons": null, "building": null, "description": null, "construction": null, "construction:railway": null, "public_transport:version": null, "name:ur": null, "internet_access:ssid": null, "loc_name": null, "loc_name:en": null, "loc_name:hi": null, "loc_name:mr": null, "old_name:hi": null, "old_name:mr": null, "short_name:en": null, "short_name:hi": null, "short_name:mr": null, "landuse": null, "building:levels": null, "building:min_level": null, "layer": null, "nohousenumber": null, "not:network:wikidata": null, "elevation": null, "bench": null, "lit": null, "shelter": null, "air_conditioning": null, "internet_access:fee": null }, "geometry": { "type": "Point", "coordinates": [ 72.928021, 19.1114795 ] } },
{ "type": "Feature", "properties": { "element": "node", "id": 4260136290, "internet_access": "wlan", "name": "Churchgate", "name:hi": "चर्चगेट", "name:mr": "चर्चगेट", "network": "Mumbai Suburban Railway", "network:wikidata": "Q3273422", "operator": "WR", "public_transport": "station", "railway": "station", "ref": "CCG", "train": "yes", "wikidata": "Q5118143", "wikipedia": "en:Churchgate railway station", "name:en": null, "start_date": "1867-04-12", "ele": null, "name:ml": "ചർച്ച്ഗേറ്റ്", "wheelchair": null, "addr:city": null, "addr:postcode": null, "addr:street": null, "alt_name": null, "alt_name:en": null, "alt_name:hi": null, "alt_name:mr": null, "monorail": null, "station": null, "toilets:wheelchair": null, "ref:suburban": null, "IR:zone": "WR:CCG", "historic:name": null, "historic:ref": null, "old_name": null, "old_ref": "C", "official_name": null, "official_name:en": null, "official_name:hi": null, "official_name:mr": null, "old_name:en": null, "name:mr:--2018-07-19": null, "is_in": null, "short_name": null, "name:zh": "教堂门总站", "opening_date": null, "subway": null, "date:rebuilt": null, "date:renamed": null, "name:1928-1934": null, "wikimedia_commons": null, "building": null, "description": null, "construction": null, "construction:railway": null, "public_transport:version": null, "name:ur": null, "internet_access:ssid": null, "loc_name": null, "loc_name:en": null, "loc_name:hi": null, "loc_name:mr": null, "old_name:hi": null, "old_name:mr": null, "short_name:en": null, "short_name:hi": null, "short_name:mr": null, "landuse": null, "building:levels": null, "building:min_level": null, "layer": null, "nohousenumber": null, "not:network:wikidata": null, "elevation": null, "bench": null, "lit": null, "shelter": null, "air_conditioning": null, "internet_access:fee": null }, "geometry": { "type": "Point", "coordinates": [ 72.8271741, 18.9354797 ] } },
{ "type": "Feature", "properties": { "element": "node", "id": 4264457295, "internet_access": "no", "name": "Matunga", "name:hi": "माटुंगा", "name:mr": "माटुंगा", "network": "IR", "network:wikidata": null, "operator": "CR", "public_transport": "station", "railway": "station", "ref": "MTN", "train": "yes", "wikidata": "Q6791975", "wikipedia": "en:Matunga railway station", "name:en": "Matunga", "start_date": "1883-10-01", "ele": null, "name:ml": "മാട്ടുംഗ", "wheelchair": null, "addr:city": null, "addr:postcode": "400019", "addr:street": null, "alt_name": null, "alt_name:en": null, "alt_name:hi": null, "alt_name:mr": null, "monorail": null, "station": null, "toilets:wheelchair": null, "ref:suburban": null, "IR:zone": null, "historic:name": null, "historic:ref": null, "old_name": null, "old_ref": null, "official_name": null, "official_name:en": null, "official_name:hi": null, "official_name:mr": null, "old_name:en": null, "name:mr:--2018-07-19": null, "is_in": null, "short_name": null, "name:zh": null, "opening_date": null, "subway": null, "date:rebuilt": null, "date:renamed": null, "name:1928-1934": null, "wikimedia_commons": null, "building": null, "description": null, "construction": null, "construction:railway": null, "public_transport:version": null, "name:ur": null, "internet_access:ssid": null, "loc_name": null, "loc_name:en": null, "loc_name:hi": null, "loc_name:mr": null, "old_name:hi": null, "old_name:mr": null, "short_name:en": null, "short_name:hi": null, "short_name:mr": null, "landuse": null, "building:levels": null, "building:min_level": null, "layer": null, "nohousenumber": null, "not:network:wikidata": null, "elevation": null, "bench": null, "lit": null, "shelter": null, "air_conditioning": null, "internet_access:fee": null }, "geometry": { "type": "Point", "coordinates": [ 72.8501467, 19.0274356 ] } },
{ "type": "Feature", "properties": { "element": "node", "id": 4264462833, "internet_access": "no", "name": "Matunga Road", "name:hi": "माटुंगा रोड", "name:mr": "माटुंगा रोड", "network": "Mumbai Suburban Railway", "network:wikidata": "Q3273422", "operator": "WR", "public_transport": "station", "railway": "station", "ref": "MRU", "train": "yes", "wikidata": "Q6791976", "wikipedia": "en:Matunga Road railway station", "name:en": null, "start_date": "1867", "ele": "4", "name:ml": "മാട്ടുംഗ റോഡ്", "wheelchair": "limited", "addr:city": null, "addr:postcode": null, "addr:street": null, "alt_name": null, "alt_name:en": null, "alt_name:hi": null, "alt_name:mr": null, "monorail": null, "station": null, "toilets:wheelchair": null, "ref:suburban": null, "IR:zone": "WR:CCG", "historic:name": null, "historic:ref": null, "old_name": null, "old_ref": null, "official_name": null, "official_name:en": null, "official_name:hi": null, "official_name:mr": null, "old_name:en": null, "name:mr:--2018-07-19": null, "is_in": null, "short_name": null, "name:zh": null, "opening_date": null, "subway": null, "date:rebuilt": null, "date:renamed": null, "name:1928-1934": null, "wikimedia_commons": null, "building": null, "description": null, "construction": null, "construction:railway": null, "public_transport:version": null, "name:ur": null, "internet_access:ssid": null, "loc_name": null, "loc_name:en": null, "loc_name:hi": null, "loc_name:mr": null, "old_name:hi": null, "old_name:mr": null, "short_name:en": null, "short_name:hi": null, "short_name:mr": null, "landuse": null, "building:levels": null, "building:min_level": null, "layer": null, "nohousenumber": null, "not:network:wikidata": null, "elevation": null, "bench": null, "lit": null, "shelter": null, "air_conditioning": null, "internet_access:fee": null }, "geometry": { "type": "Point", "coordinates": [ 72.8466813, 19.0278149 ] } },
{ "type": "Feature", "properties": { "element": "node", "id": 4264478427, "internet_access": "no", "name": "Mahalaxmi", "name:hi": "महालक्ष्मी", "name:mr": "महालक्ष्मी", "network": "Mumbai Suburban Railway", "network:wikidata": "Q3273422", "operator": "WR", "public_transport": "station", "railway": "station", "ref": "MX", "train": "yes", "wikidata": "Q6732924", "wikipedia": "en:Mahalaxmi railway station", "name:en": null, "start_date": "1867", "ele": null, "name:ml": "മഹാലക്ഷ്മി", "wheelchair": null, "addr:city": null, "addr:postcode": null, "addr:street": null, "alt_name": "Mahalakshmi Railway Station", "alt_name:en": null, "alt_name:hi": null, "alt_name:mr": null, "monorail": null, "station": null, "toilets:wheelchair": null, "ref:suburban": null, "IR:zone": "WR:CCG", "historic:name": null, "historic:ref": null, "old_name": null, "old_ref": null, "official_name": null, "official_name:en": null, "official_name:hi": null, "official_name:mr": null, "old_name:en": null, "name:mr:--2018-07-19": null, "is_in": null, "short_name": null, "name:zh": null, "opening_date": null, "subway": null, "date:rebuilt": null, "date:renamed": null, "name:1928-1934": null, "wikimedia_commons": null, "building": null, "description": null, "construction": null, "construction:railway": null, "public_transport:version": null, "name:ur": null, "internet_access:ssid": null, "loc_name": null, "loc_name:en": null, "loc_name:hi": null, "loc_name:mr": null, "old_name:hi": null, "old_name:mr": null, "short_name:en": null, "short_name:hi": null, "short_name:mr": null, "landuse": null, "building:levels": null, "building:min_level": null, "layer": null, "nohousenumber": null, "not:network:wikidata": null, "elevation": null, "bench": null, "lit": null, "shelter": null, "air_conditioning": null, "internet_access:fee": null }, "geometry": { "type": "Point", "coordinates": [ 72.8242196, 18.9825203 ] } },
{ "type": "Feature", "properties": { "element": "node", "id": 4264539430, "internet_access": "wlan", "name": "Ghatkopar", "name:hi": "घाटकोपर", "name:mr": "घाटकोपर", "network": "IR", "network:wikidata": null, "operator": "CR", "public_transport": "station", "railway": "station", "ref": "GC", "train": "yes", "wikidata": "Q5555923", "wikipedia": "en:Ghatkopar railway station", "name:en": "Ghatkopar", "start_date": null, "ele": null, "name:ml": "ഘാട്കോപ്പർ", "wheelchair": null, "addr:city": null, "addr:postcode": null, "addr:street": null, "alt_name": null, "alt_name:en": null, "alt_name:hi": null, "alt_name:mr": null, "monorail": null, "station": null, "toilets:wheelchair": null, "ref:suburban": null, "IR:zone": null, "historic:name": null, "historic:ref": null, "old_name": null, "old_ref": null, "official_name": null, "official_name:en": null, "official_name:hi": null, "official_name:mr": null, "old_name:en": null, "name:mr:--2018-07-19": null, "is_in": null, "short_name": null, "name:zh": null, "opening_date": null, "subway": null, "date:rebuilt": null, "date:renamed": null, "name:1928-1934": null, "wikimedia_commons": null, "building": null, "description": null, "construction": null, "construction:railway": null, "public_transport:version": null, "name:ur": null, "internet_access:ssid": null, "loc_name": null, "loc_name:en": null, "loc_name:hi": null, "loc_name:mr": null, "old_name:hi": null, "old_name:mr": null, "short_name:en": null, "short_name:hi": null, "short_name:mr": null, "landuse": null, "building:levels": null, "building:min_level": null, "layer": null, "nohousenumber": null, "not:network:wikidata": null, "elevation": null, "bench": null, "lit": null, "shelter": null, "air_conditioning": null, "internet_access:fee": null }, "geometry": { "type": "Point", "coordinates": [ 72.9083668, 19.0856928 ] } },
{ "type": "Feature", "properties": { "element": "node", "id": 4264841906, "internet_access": "no", "name": "Guru Tegh Bahadur Nagar", "name:hi": "गुरु तेज बहादुर नगर", "name:mr": null, "network": "Mumbai Suburban Railway", "network:wikidata": null, "operator": "Central Railway", "public_transport": "station", "railway": "station", "ref": "GTBN", "train": null, "wikidata": "Q5620449", "wikipedia": "en:Guru Tegh Bahadur Nagar railway station", "name:en": null, "start_date": null, "ele": null, "name:ml": null, "wheelchair": null, "addr:city": null, "addr:postcode": null, "addr:street": null, "alt_name": null, "alt_name:en": null, "alt_name:hi": null, "alt_name:mr": null, "monorail": null, "station": null, "toilets:wheelchair": null, "ref:suburban": null, "IR:zone": null, "historic:name": null, "historic:ref": null, "old_name": "Agarwada", "old_ref": null, "official_name": null, "official_name:en": null, "official_name:hi": null, "official_name:mr": null, "old_name:en": null, "name:mr:--2018-07-19": null, "is_in": null, "short_name": "GTB Nagar", "name:zh": null, "opening_date": null, "subway": null, "date:rebuilt": null, "date:renamed": null, "name:1928-1934": null, "wikimedia_commons": null, "building": null, "description": null, "construction": null, "construction:railway": null, "public_transport:version": null, "name:ur": null, "internet_access:ssid": null, "loc_name": null, "loc_name:en": null, "loc_name:hi": null, "loc_name:mr": null, "old_name:hi": null, "old_name:mr": null, "short_name:en": null, "short_name:hi": null, "short_name:mr": null, "landuse": null, "building:levels": null, "building:min_level": null, "layer": null, "nohousenumber": null, "not:network:wikidata": null, "elevation": null, "bench": null, "lit": null, "shelter": null, "air_conditioning": null, "internet_access:fee": null }, "geometry": { "type": "Point", "coordinates": [ 72.8643455, 19.0380048 ] } },
{ "type": "Feature", "properties": { "element": "node", "id": 5219622321, "internet_access": null, "name": "Chembur", "name:hi": null, "name:mr": null, "network": "Mumbai Metro Line 2", "network:wikidata": null, "operator": null, "public_transport": "station", "railway": "station", "ref": null, "train": null, "wikidata": null, "wikipedia": null, "name:en": null, "start_date": null, "ele": null, "name:ml": null, "wheelchair": null, "addr:city": null, "addr:postcode": null, "addr:street": null, "alt_name": null, "alt_name:en": null, "alt_name:hi": null, "alt_name:mr": null, "monorail": null, "station": "subway", "toilets:wheelchair": null, "ref:suburban": null, "IR:zone": null, "historic:name": null, "historic:ref": null, "old_name": null, "old_ref": null, "official_name": null, "official_name:en": null, "official_name:hi": null, "official_name:mr": null, "old_name:en": null, "name:mr:--2018-07-19": null, "is_in": null, "short_name": null, "name:zh": null, "opening_date": "2026-04", "subway": "yes", "date:rebuilt": null, "date:renamed": null, "name:1928-1934": null, "wikimedia_commons": null, "building": null, "description": null, "construction": null, "construction:railway": null, "public_transport:version": null, "name:ur": null, "internet_access:ssid": null, "loc_name": null, "loc_name:en": null, "loc_name:hi": null, "loc_name:mr": null, "old_name:hi": null, "old_name:mr": null, "short_name:en": null, "short_name:hi": null, "short_name:mr": null, "landuse": null, "building:levels": null, "building:min_level": null, "layer": null, "nohousenumber": null, "not:network:wikidata": null, "elevation": null, "bench": null, "lit": null, "shelter": null, "air_conditioning": null, "internet_access:fee": null }, "geometry": { "type": "Point", "coordinates": [ 72.8928064, 19.0541298 ] } },
{ "type": "Feature", "properties": { "element": "node", "id": 5219622342, "internet_access": null, "name": "Dahanukarwadi", "name:hi": null, "name:mr": "डहाणूकरवाडी", "network": null, "network:wikidata": null, "operator": null, "public_transport": "station", "railway": "station", "ref": null, "train": null, "wikidata": "Q116266997", "wikipedia": null, "name:en": null, "start_date": null, "ele": null, "name:ml": null, "wheelchair": "yes", "addr:city": null, "addr:postcode": null, "addr:street": null, "alt_name": null, "alt_name:en": null, "alt_name:hi": null, "alt_name:mr": null, "monorail": null, "station": "subway", "toilets:wheelchair": null, "ref:suburban": null, "IR:zone": null, "historic:name": null, "historic:ref": null, "old_name": null, "old_ref": null, "official_name": null, "official_name:en": null, "official_name:hi": null, "official_name:mr": null, "old_name:en": null, "name:mr:--2018-07-19": null, "is_in": null, "short_name": null, "name:zh": null, "opening_date": null, "subway": "yes", "date:rebuilt": null, "date:renamed": null, "name:1928-1934": null, "wikimedia_commons": null, "building": null, "description": null, "construction": null, "construction:railway": null, "public_transport:version": null, "name:ur": null, "internet_access:ssid": null, "loc_name": null, "loc_name:en": null, "loc_name:hi": null, "loc_name:mr": null, "old_name:hi": null, "old_name:mr": null, "short_name:en": null, "short_name:hi": null, "short_name:mr": null, "landuse": null, "building:levels": null, "building:min_level": null, "layer": null, "nohousenumber": null, "not:network:wikidata": null, "elevation": null, "bench": null, "lit": null, "shelter": null, "air_conditioning": null, "internet_access:fee": null }, "geometry": { "type": "Point", "coordinates": [ 72.8348068, 19.2062315 ] } },
{ "type": "Feature", "properties": { "element": "node", "id": 5219622343, "internet_access": null, "name": "Kandivali (West)", "name:hi": null, "name:mr": "कांदिवली (पश्चिम)", "network": null, "network:wikidata": null, "operator": null, "public_transport": "station", "railway": "station", "ref": null, "train": null, "wikidata": null, "wikipedia": null, "name:en": null, "start_date": null, "ele": null, "name:ml": null, "wheelchair": "yes", "addr:city": null, "addr:postcode": null, "addr:street": null, "alt_name": null, "alt_name:en": null, "alt_name:hi": null, "alt_name:mr": null, "monorail": null, "station": "subway", "toilets:wheelchair": null, "ref:suburban": null, "IR:zone": null, "historic:name": null, "historic:ref": null, "old_name": null, "old_ref": null, "official_name": null, "official_name:en": null, "official_name:hi": null, "official_name:mr": null, "old_name:en": null, "name:mr:--2018-07-19": null, "is_in": null, "short_name": null, "name:zh": null, "opening_date": null, "subway": "yes", "date:rebuilt": null, "date:renamed": null, "name:1928-1934": null, "wikimedia_commons": null, "building": null, "description": null, "construction": null, "construction:railway": null, "public_transport:version": null, "name:ur": null, "internet_access:ssid": null, "loc_name": null, "loc_name:en": null, "loc_name:hi": null, "loc_name:mr": null, "old_name:hi": null, "old_name:mr": null, "short_name:en": null, "short_name:hi": null, "short_name:mr": null, "landuse": null, "building:levels": null, "building:min_level": null, "layer": null, "nohousenumber": null, "not:network:wikidata": null, "elevation": null, "bench": null, "lit": null, "shelter": null, "air_conditioning": null, "internet_access:fee": null }, "geometry": { "type": "Point", "coordinates": [ 72.8373054, 19.2140036 ] } },
{ "type": "Feature", "properties": { "element": "node", "id": 5219622344, "internet_access": null, "name": "Borivali (West)", "name:hi": null, "name:mr": "बोरिवली (पश्चिम)", "network": null, "network:wikidata": null, "operator": null, "public_transport": "station", "railway": "station", "ref": null, "train": null, "wikidata": "Q116266994", "wikipedia": null, "name:en": null, "start_date": null, "ele": null, "name:ml": null, "wheelchair": null, "addr:city": null, "addr:postcode": null, "addr:street": null, "alt_name": null, "alt_name:en": null, "alt_name:hi": null, "alt_name:mr": null, "monorail": null, "station": "subway", "toilets:wheelchair": null, "ref:suburban": null, "IR:zone": null, "historic:name": null, "historic:ref": null, "old_name": null, "old_ref": null, "official_name": null, "official_name:en": null, "official_name:hi": null, "official_name:mr": null, "old_name:en": null, "name:mr:--2018-07-19": null, "is_in": null, "short_name": null, "name:zh": null, "opening_date": null, "subway": "yes", "date:rebuilt": null, "date:renamed": null, "name:1928-1934": null, "wikimedia_commons": null, "building": null, "description": null, "construction": null, "construction:railway": null, "public_transport:version": null, "name:ur": null, "internet_access:ssid": null, "loc_name": null, "loc_name:en": null, "loc_name:hi": null, "loc_name:mr": null, "old_name:hi": null, "old_name:mr": null, "short_name:en": null, "short_name:hi": null, "short_name:mr": null, "landuse": null, "building:levels": null, "building:min_level": null, "layer": null, "nohousenumber": null, "not:network:wikidata": null, "elevation": null, "bench": null, "lit": null, "shelter": null, "air_conditioning": null, "internet_access:fee": null }, "geometry": { "type": "Point", "coordinates": [ 72.8408607, 19.2313925 ] } },
{ "type": "Feature", "properties": { "element": "node", "id": 5219622345, "internet_access": null, "name": "Mandapeshwar - I.C. Colony", "name:hi": null, "name:mr": "मंडपेश्वर - आय.सी. कॉलनी", "network": null, "network:wikidata": null, "operator": null, "public_transport": "station", "railway": "station", "ref": null, "train": null, "wikidata": null, "wikipedia": null, "name:en": null, "start_date": null, "ele": null, "name:ml": null, "wheelchair": null, "addr:city": null, "addr:postcode": null, "addr:street": null, "alt_name": "Mandapeshwar", "alt_name:en": null, "alt_name:hi": null, "alt_name:mr": null, "monorail": null, "station": "subway", "toilets:wheelchair": null, "ref:suburban": null, "IR:zone": null, "historic:name": null, "historic:ref": null, "old_name": null, "old_ref": null, "official_name": null, "official_name:en": null, "official_name:hi": null, "official_name:mr": null, "old_name:en": null, "name:mr:--2018-07-19": null, "is_in": null, "short_name": null, "name:zh": null, "opening_date": null, "subway": "yes", "date:rebuilt": null, "date:renamed": null, "name:1928-1934": null, "wikimedia_commons": null, "building": null, "description": null, "construction": null, "construction:railway": null, "public_transport:version": null, "name:ur": null, "internet_access:ssid": null, "loc_name": null, "loc_name:en": null, "loc_name:hi": null, "loc_name:mr": null, "old_name:hi": null, "old_name:mr": null, "short_name:en": null, "short_name:hi": null, "short_name:mr": null, "landuse": null, "building:levels": null, "building:min_level": null, "layer": null, "nohousenumber": null, "not:network:wikidata": null, "elevation": null, "bench": null, "lit": null, "shelter": null, "air_conditioning": null, "internet_access:fee": null }, "geometry": { "type": "Point", "coordinates": [ 72.8458001, 19.2495856 ] } },
{ "type": "Feature", "properties": { "element": "node", "id": 5219622346, "internet_access": null, "name": "Kandarpada", "name:hi": null, "name:mr": "कांदरपाडा", "network": null, "network:wikidata": null, "operator": null, "public_transport": "station", "railway": "station", "ref": null, "train": null, "wikidata": null, "wikipedia": null, "name:en": null, "start_date": null, "ele": null, "name:ml": null, "wheelchair": null, "addr:city": null, "addr:postcode": null, "addr:street": null, "alt_name": "Kandarpada", "alt_name:en": null, "alt_name:hi": null, "alt_name:mr": null, "monorail": null, "station": "subway", "toilets:wheelchair": null, "ref:suburban": null, "IR:zone": null, "historic:name": null, "historic:ref": null, "old_name": null, "old_ref": null, "official_name": null, "official_name:en": null, "official_name:hi": null, "official_name:mr": null, "old_name:en": null, "name:mr:--2018-07-19": null, "is_in": null, "short_name": null, "name:zh": null, "opening_date": null, "subway": "yes", "date:rebuilt": null, "date:renamed": null, "name:1928-1934": null, "wikimedia_commons": null, "building": null, "description": null, "construction": null, "construction:railway": null, "public_transport:version": null, "name:ur": null, "internet_access:ssid": null, "loc_name": null, "loc_name:en": null, "loc_name:hi": null, "loc_name:mr": null, "old_name:hi": null, "old_name:mr": null, "short_name:en": null, "short_name:hi": null, "short_name:mr": null, "landuse": null, "building:levels": null, "building:min_level": null, "layer": null, "nohousenumber": null, "not:network:wikidata": null, "elevation": null, "bench": null, "lit": null, "shelter": null, "air_conditioning": null, "internet_access:fee": null }, "geometry": { "type": "Point", "coordinates": [ 72.850504, 19.2566337 ] } },
{ "type": "Feature", "properties": { "element": "node", "id": 5219622347, "internet_access": null, "name": "Anand Nagar", "name:hi": null, "name:mr": "आनंद नगर", "network": null, "network:wikidata": null, "operator": null, "public_transport": "station", "railway": "station", "ref": null, "train": null, "wikidata": null, "wikipedia": null, "name:en": null, "start_date": null, "ele": null, "name:ml": null, "wheelchair": null, "addr:city": null, "addr:postcode": null, "addr:street": null, "alt_name": null, "alt_name:en": null, "alt_name:hi": null, "alt_name:mr": null, "monorail": null, "station": "subway", "toilets:wheelchair": null, "ref:suburban": null, "IR:zone": null, "historic:name": null, "historic:ref": null, "old_name": null, "old_ref": null, "official_name": null, "official_name:en": null, "official_name:hi": null, "official_name:mr": null, "old_name:en": null, "name:mr:--2018-07-19": null, "is_in": null, "short_name": null, "name:zh": null, "opening_date": null, "subway": "yes", "date:rebuilt": null, "date:renamed": null, "name:1928-1934": null, "wikimedia_commons": null, "building": null, "description": null, "construction": null, "construction:railway": null, "public_transport:version": null, "name:ur": null, "internet_access:ssid": null, "loc_name": null, "loc_name:en": null, "loc_name:hi": null, "loc_name:mr": null, "old_name:hi": null, "old_name:mr": null, "short_name:en": null, "short_name:hi": null, "short_name:mr": null, "landuse": null, "building:levels": null, "building:min_level": null, "layer": null, "nohousenumber": null, "not:network:wikidata": null, "elevation": null, "bench": null, "lit": null, "shelter": null, "air_conditioning": null, "internet_access:fee": null }, "geometry": { "type": "Point", "coordinates": [ 72.8663486, 19.2572087 ] } },
{ "type": "Feature", "properties": { "element": "node", "id": 5219622393, "internet_access": null, "name": "Diamond Garden", "name:hi": "डायमंड गार्डन", "name:mr": "डायमंड गार्डन", "network": "Mumbai Metro Line 2", "network:wikidata": null, "operator": null, "public_transport": "station", "railway": "station", "ref": null, "train": null, "wikidata": null, "wikipedia": null, "name:en": "Diamond Garden", "start_date": "2026-04-08", "ele": null, "name:ml": null, "wheelchair": "yes", "addr:city": null, "addr:postcode": null, "addr:street": null, "alt_name": null, "alt_name:en": null, "alt_name:hi": null, "alt_name:mr": null, "monorail": null, "station": "subway", "toilets:wheelchair": null, "ref:suburban": null, "IR:zone": null, "historic:name": null, "historic:ref": null, "old_name": null, "old_ref": null, "official_name": "Deshbhakt N. G. Acharya Udyan Diamond Garden", "official_name:en": "Deshbhakt N. G. Acharya Udyan Diamond Garden", "official_name:hi": null, "official_name:mr": "देशभक्त ना. ग. आचार्य उद्यान डायमंड गार्डन", "old_name:en": null, "name:mr:--2018-07-19": null, "is_in": null, "short_name": null, "name:zh": null, "opening_date": "2026-04", "subway": "yes", "date:rebuilt": null, "date:renamed": null, "name:1928-1934": null, "wikimedia_commons": null, "building": null, "description": null, "construction": null, "construction:railway": null, "public_transport:version": null, "name:ur": null, "internet_access:ssid": null, "loc_name": null, "loc_name:en": null, "loc_name:hi": null, "loc_name:mr": null, "old_name:hi": null, "old_name:mr": null, "short_name:en": null, "short_name:hi": null, "short_name:mr": null, "landuse": null, "building:levels": null, "building:min_level": null, "layer": null, "nohousenumber": null, "not:network:wikidata": null, "elevation": null, "bench": null, "lit": null, "shelter": null, "air_conditioning": null, "internet_access:fee": null }, "geometry": { "type": "Point", "coordinates": [ 72.9018378, 19.0517191 ] } },
{ "type": "Feature", "properties": { "element": "node", "id": 5219623032, "internet_access": null, "name": "Shimpoli", "name:hi": "शिम्पोली", "name:mr": "शिंपोली", "network": null, "network:wikidata": null, "operator": null, "public_transport": "station", "railway": "station", "ref": null, "train": null, "wikidata": null, "wikipedia": null, "name:en": null, "start_date": null, "ele": null, "name:ml": null, "wheelchair": null, "addr:city": null, "addr:postcode": null, "addr:street": null, "alt_name": "Shimpawali", "alt_name:en": null, "alt_name:hi": null, "alt_name:mr": null, "monorail": null, "station": "subway", "toilets:wheelchair": null, "ref:suburban": null, "IR:zone": null, "historic:name": null, "historic:ref": null, "old_name": null, "old_ref": null, "official_name": null, "official_name:en": null, "official_name:hi": null, "official_name:mr": null, "old_name:en": null, "name:mr:--2018-07-19": null, "is_in": null, "short_name": null, "name:zh": null, "opening_date": null, "subway": "yes", "date:rebuilt": null, "date:renamed": null, "name:1928-1934": null, "wikimedia_commons": null, "building": null, "description": null, "construction": null, "construction:railway": null, "public_transport:version": null, "name:ur": null, "internet_access:ssid": null, "loc_name": null, "loc_name:en": null, "loc_name:hi": null, "loc_name:mr": null, "old_name:hi": null, "old_name:mr": null, "short_name:en": null, "short_name:hi": null, "short_name:mr": null, "landuse": null, "building:levels": null, "building:min_level": null, "layer": null, "nohousenumber": null, "not:network:wikidata": null, "elevation": null, "bench": null, "lit": null, "shelter": null, "air_conditioning": null, "internet_access:fee": null }, "geometry": { "type": "Point", "coordinates": [ 72.8409432, 19.2228332 ] } },
{ "type": "Feature", "properties": { "element": "node", "id": 5219623047, "internet_access": null, "name": "Eksar", "name:hi": null, "name:mr": "एकसर", "network": null, "network:wikidata": null, "operator": null, "public_transport": "station", "railway": "station", "ref": null, "train": null, "wikidata": "Q116266993", "wikipedia": null, "name:en": null, "start_date": null, "ele": null, "name:ml": null, "wheelchair": null, "addr:city": null, "addr:postcode": null, "addr:street": null, "alt_name": null, "alt_name:en": null, "alt_name:hi": null, "alt_name:mr": null, "monorail": null, "station": "subway", "toilets:wheelchair": null, "ref:suburban": null, "IR:zone": null, "historic:name": null, "historic:ref": null, "old_name": null, "old_ref": null, "official_name": null, "official_name:en": null, "official_name:hi": null, "official_name:mr": null, "old_name:en": null, "name:mr:--2018-07-19": null, "is_in": null, "short_name": null, "name:zh": null, "opening_date": null, "subway": "yes", "date:rebuilt": null, "date:renamed": null, "name:1928-1934": null, "wikimedia_commons": null, "building": null, "description": null, "construction": null, "construction:railway": null, "public_transport:version": null, "name:ur": null, "internet_access:ssid": null, "loc_name": null, "loc_name:en": null, "loc_name:hi": null, "loc_name:mr": null, "old_name:hi": null, "old_name:mr": null, "short_name:en": null, "short_name:hi": null, "short_name:mr": null, "landuse": null, "building:levels": null, "building:min_level": null, "layer": null, "nohousenumber": null, "not:network:wikidata": null, "elevation": null, "bench": null, "lit": null, "shelter": null, "air_conditioning": null, "internet_access:fee": null }, "geometry": { "type": "Point", "coordinates": [ 72.8434456, 19.2403773 ] } },
{ "type": "Feature", "properties": { "element": "node", "id": 5221297132, "internet_access": null, "name": "CSMI Airport International T2", "name:hi": "सीएसएमआई हवाई अड्डा अंतर्राष्ट्रीय टर्मिनल 2", "name:mr": "छ.शि.म.आं.वि. ट-२", "network": "Mumbai Metro", "network:wikidata": null, "operator": "Mumbai Metro Rail Corporation Ltd", "public_transport": "station", "railway": "station", "ref": null, "train": null, "wikidata": null, "wikipedia": null, "name:en": null, "start_date": "2024-10-05", "ele": null, "name:ml": null, "wheelchair": null, "addr:city": null, "addr:postcode": null, "addr:street": null, "alt_name": null, "alt_name:en": null, "alt_name:hi": null, "alt_name:mr": null, "monorail": null, "station": "subway", "toilets:wheelchair": null, "ref:suburban": null, "IR:zone": null, "historic:name": null, "historic:ref": null, "old_name": null, "old_ref": null, "official_name": null, "official_name:en": null, "official_name:hi": null, "official_name:mr": null, "old_name:en": null, "name:mr:--2018-07-19": null, "is_in": null, "short_name": null, "name:zh": null, "opening_date": null, "subway": "yes", "date:rebuilt": null, "date:renamed": null, "name:1928-1934": null, "wikimedia_commons": null, "building": null, "description": null, "construction": null, "construction:railway": null, "public_transport:version": null, "name:ur": null, "internet_access:ssid": null, "loc_name": null, "loc_name:en": null, "loc_name:hi": null, "loc_name:mr": null, "old_name:hi": null, "old_name:mr": null, "short_name:en": null, "short_name:hi": null, "short_name:mr": null, "landuse": null, "building:levels": null, "building:min_level": null, "layer": null, "nohousenumber": null, "not:network:wikidata": null, "elevation": null, "bench": null, "lit": null, "shelter": null, "air_conditioning": null, "internet_access:fee": null }, "geometry": { "type": "Point", "coordinates": [ 72.8744692, 19.1023335 ] } },
{ "type": "Feature", "properties": { "element": "node", "id": 5221297179, "internet_access": null, "name": "Bandra Kurla Complex (BKC)", "name:hi": "बांद्रा कुर्ला कॉम्प्लेक्स (बीकेसी)", "name:mr": "वांद्रे कुर्ला कॉम्प्लेक्स (बीकेसी)", "network": "Mumbai Metro", "network:wikidata": null, "operator": "Mumbai Metro Rail Corporation Ltd", "public_transport": "station", "railway": "station", "ref": null, "train": null, "wikidata": "Q130461527", "wikipedia": null, "name:en": null, "start_date": "2024-10-05", "ele": null, "name:ml": null, "wheelchair": null, "addr:city": null, "addr:postcode": null, "addr:street": null, "alt_name": null, "alt_name:en": null, "alt_name:hi": null, "alt_name:mr": null, "monorail": null, "station": "subway", "toilets:wheelchair": null, "ref:suburban": null, "IR:zone": null, "historic:name": null, "historic:ref": null, "old_name": null, "old_ref": null, "official_name": null, "official_name:en": null, "official_name:hi": null, "official_name:mr": null, "old_name:en": null, "name:mr:--2018-07-19": null, "is_in": null, "short_name": null, "name:zh": null, "opening_date": null, "subway": "yes", "date:rebuilt": null, "date:renamed": null, "name:1928-1934": null, "wikimedia_commons": null, "building": null, "description": null, "construction": null, "construction:railway": null, "public_transport:version": null, "name:ur": null, "internet_access:ssid": null, "loc_name": null, "loc_name:en": null, "loc_name:hi": null, "loc_name:mr": null, "old_name:hi": null, "old_name:mr": null, "short_name:en": null, "short_name:hi": null, "short_name:mr": null, "landuse": null, "building:levels": null, "building:min_level": null, "layer": null, "nohousenumber": null, "not:network:wikidata": null, "elevation": null, "bench": null, "lit": null, "shelter": null, "air_conditioning": null, "internet_access:fee": null }, "geometry": { "type": "Point", "coordinates": [ 72.8546797, 19.0606629 ] } },
{ "type": "Feature", "properties": { "element": "node", "id": 5696928866, "internet_access": "no", "name": "Andheri", "name:hi": "अन्धेरी", "name:mr": "अंधेरी", "network": "Mumbai Suburban Railway", "network:wikidata": "Q3273422", "operator": "Western Railway", "public_transport": "station", "railway": "station", "ref": "ADH", "train": "yes", "wikidata": "Q4754334", "wikipedia": "en:Andheri railway station", "name:en": null, "start_date": "1928", "ele": null, "name:ml": null, "wheelchair": "yes", "addr:city": null, "addr:postcode": null, "addr:street": null, "alt_name": null, "alt_name:en": null, "alt_name:hi": null, "alt_name:mr": null, "monorail": null, "station": null, "toilets:wheelchair": null, "ref:suburban": null, "IR:zone": null, "historic:name": "Salsette–Trombay", "historic:ref": null, "old_name": null, "old_ref": null, "official_name": null, "official_name:en": null, "official_name:hi": null, "official_name:mr": null, "old_name:en": null, "name:mr:--2018-07-19": null, "is_in": null, "short_name": null, "name:zh": null, "opening_date": null, "subway": null, "date:rebuilt": "2015", "date:renamed": "1934", "name:1928-1934": "Salsette–Trombay", "wikimedia_commons": "Category:Andheri railway station", "building": null, "description": null, "construction": null, "construction:railway": null, "public_transport:version": null, "name:ur": null, "internet_access:ssid": null, "loc_name": null, "loc_name:en": null, "loc_name:hi": null, "loc_name:mr": null, "old_name:hi": null, "old_name:mr": null, "short_name:en": null, "short_name:hi": null, "short_name:mr": null, "landuse": null, "building:levels": null, "building:min_level": null, "layer": null, "nohousenumber": null, "not:network:wikidata": null, "elevation": null, "bench": null, "lit": null, "shelter": null, "air_conditioning": null, "internet_access:fee": null }, "geometry": { "type": "Point", "coordinates": [ 72.8464205, 19.1196976 ] } },
{ "type": "Feature", "properties": { "element": "node", "id": 5787704195, "internet_access": null, "name": "SEEPZ", "name:hi": null, "name:mr": "सीप्झ", "network": "Mumbai Metro", "network:wikidata": null, "operator": "Mumbai Metro Rail Corporation Ltd", "public_transport": "station", "railway": "station", "ref": null, "train": null, "wikidata": null, "wikipedia": null, "name:en": null, "start_date": "2024-10-05", "ele": null, "name:ml": null, "wheelchair": null, "addr:city": null, "addr:postcode": null, "addr:street": null, "alt_name": null, "alt_name:en": null, "alt_name:hi": null, "alt_name:mr": null, "monorail": null, "station": "subway", "toilets:wheelchair": null, "ref:suburban": null, "IR:zone": null, "historic:name": null, "historic:ref": null, "old_name": null, "old_ref": null, "official_name": null, "official_name:en": null, "official_name:hi": null, "official_name:mr": null, "old_name:en": null, "name:mr:--2018-07-19": null, "is_in": null, "short_name": null, "name:zh": null, "opening_date": null, "subway": "yes", "date:rebuilt": null, "date:renamed": null, "name:1928-1934": null, "wikimedia_commons": null, "building": null, "description": null, "construction": null, "construction:railway": null, "public_transport:version": null, "name:ur": null, "internet_access:ssid": null, "loc_name": null, "loc_name:en": null, "loc_name:hi": null, "loc_name:mr": null, "old_name:hi": null, "old_name:mr": null, "short_name:en": null, "short_name:hi": null, "short_name:mr": null, "landuse": null, "building:levels": null, "building:min_level": null, "layer": null, "nohousenumber": null, "not:network:wikidata": null, "elevation": null, "bench": null, "lit": null, "shelter": null, "air_conditioning": null, "internet_access:fee": null }, "geometry": { "type": "Point", "coordinates": [ 72.8737266, 19.1259985 ] } },
{ "type": "Feature", "properties": { "element": "node", "id": 5787704196, "internet_access": null, "name": "MIDC - Andheri", "name:hi": null, "name:mr": "एम.आय.डी.सी. - अंधेरी", "network": "Mumbai Metro", "network:wikidata": null, "operator": "Mumbai Metro Rail Corporation Ltd", "public_transport": "station", "railway": "station", "ref": "AND", "train": null, "wikidata": null, "wikipedia": null, "name:en": null, "start_date": "2024-10-05", "ele": null, "name:ml": null, "wheelchair": null, "addr:city": null, "addr:postcode": null, "addr:street": null, "alt_name": null, "alt_name:en": null, "alt_name:hi": null, "alt_name:mr": null, "monorail": null, "station": "subway", "toilets:wheelchair": null, "ref:suburban": null, "IR:zone": null, "historic:name": null, "historic:ref": null, "old_name": null, "old_ref": null, "official_name": null, "official_name:en": null, "official_name:hi": null, "official_name:mr": null, "old_name:en": null, "name:mr:--2018-07-19": null, "is_in": null, "short_name": null, "name:zh": null, "opening_date": null, "subway": "yes", "date:rebuilt": null, "date:renamed": null, "name:1928-1934": null, "wikimedia_commons": null, "building": null, "description": null, "construction": null, "construction:railway": null, "public_transport:version": null, "name:ur": null, "internet_access:ssid": null, "loc_name": null, "loc_name:en": null, "loc_name:hi": null, "loc_name:mr": null, "old_name:hi": null, "old_name:mr": null, "short_name:en": null, "short_name:hi": null, "short_name:mr": null, "landuse": null, "building:levels": null, "building:min_level": null, "layer": null, "nohousenumber": null, "not:network:wikidata": null, "elevation": null, "bench": null, "lit": null, "shelter": null, "air_conditioning": null, "internet_access:fee": null }, "geometry": { "type": "Point", "coordinates": [ 72.8735966, 19.1173537 ] } },
{ "type": "Feature", "properties": { "element": "node", "id": 5787704197, "internet_access": null, "name": "Marol Naka (Line 3)", "name:hi": null, "name:mr": "मरोळ नाका", "network": "Mumbai Metro", "network:wikidata": null, "operator": "Mumbai Metro Rail Corporation Ltd", "public_transport": "station", "railway": "station", "ref": null, "train": null, "wikidata": null, "wikipedia": null, "name:en": "Marol Naka (Line 3)", "start_date": "2024-10-05", "ele": null, "name:ml": null, "wheelchair": null, "addr:city": null, "addr:postcode": null, "addr:street": null, "alt_name": null, "alt_name:en": null, "alt_name:hi": null, "alt_name:mr": null, "monorail": null, "station": "subway", "toilets:wheelchair": null, "ref:suburban": null, "IR:zone": null, "historic:name": null, "historic:ref": null, "old_name": null, "old_ref": null, "official_name": null, "official_name:en": null, "official_name:hi": null, "official_name:mr": null, "old_name:en": null, "name:mr:--2018-07-19": null, "is_in": null, "short_name": null, "name:zh": null, "opening_date": null, "subway": "yes", "date:rebuilt": null, "date:renamed": null, "name:1928-1934": null, "wikimedia_commons": null, "building": null, "description": null, "construction": null, "construction:railway": null, "public_transport:version": null, "name:ur": null, "internet_access:ssid": null, "loc_name": null, "loc_name:en": null, "loc_name:hi": null, "loc_name:mr": null, "old_name:hi": null, "old_name:mr": null, "short_name:en": null, "short_name:hi": null, "short_name:mr": null, "landuse": null, "building:levels": null, "building:min_level": null, "layer": null, "nohousenumber": null, "not:network:wikidata": null, "elevation": null, "bench": null, "lit": null, "shelter": null, "air_conditioning": null, "internet_access:fee": null }, "geometry": { "type": "Point", "coordinates": [ 72.878578, 19.1085041 ] } },
{ "type": "Feature", "properties": { "element": "node", "id": 5909533857, "internet_access": "no", "name": "Ram Mandir", "name:hi": "राम मंदिर", "name:mr": "राम मंदिर", "network": "Mumbai Suburban Railway", "network:wikidata": "Q3273422", "operator": "WR", "public_transport": "station", "railway": "station", "ref": "RMAR", "train": "yes", "wikidata": "Q18129030", "wikipedia": "en:Ram Mandir railway station", "name:en": null, "start_date": null, "ele": null, "name:ml": null, "wheelchair": null, "addr:city": null, "addr:postcode": null, "addr:street": null, "alt_name": null, "alt_name:en": null, "alt_name:hi": null, "alt_name:mr": null, "monorail": null, "station": null, "toilets:wheelchair": null, "ref:suburban": null, "IR:zone": null, "historic:name": null, "historic:ref": null, "old_name": null, "old_ref": null, "official_name": null, "official_name:en": null, "official_name:hi": null, "official_name:mr": null, "old_name:en": null, "name:mr:--2018-07-19": null, "is_in": null, "short_name": null, "name:zh": null, "opening_date": null, "subway": null, "date:rebuilt": null, "date:renamed": null, "name:1928-1934": null, "wikimedia_commons": null, "building": null, "description": null, "construction": null, "construction:railway": null, "public_transport:version": null, "name:ur": null, "internet_access:ssid": null, "loc_name": null, "loc_name:en": null, "loc_name:hi": null, "loc_name:mr": null, "old_name:hi": null, "old_name:mr": null, "short_name:en": null, "short_name:hi": null, "short_name:mr": null, "landuse": null, "building:levels": null, "building:min_level": null, "layer": null, "nohousenumber": null, "not:network:wikidata": null, "elevation": null, "bench": null, "lit": null, "shelter": null, "air_conditioning": null, "internet_access:fee": null }, "geometry": { "type": "Point", "coordinates": [ 72.8501467, 19.151023 ] } },
{ "type": "Feature", "properties": { "element": "node", "id": 6020955334, "internet_access": null, "name": "Andheri L1", "name:hi": "अंधेरी", "name:mr": "अंधेरी", "network": null, "network:wikidata": null, "operator": null, "public_transport": "station", "railway": "station", "ref": null, "train": null, "wikidata": "Q17512034", "wikipedia": "en:Andheri metro station", "name:en": null, "start_date": null, "ele": null, "name:ml": null, "wheelchair": null, "addr:city": null, "addr:postcode": null, "addr:street": null, "alt_name": null, "alt_name:en": null, "alt_name:hi": null, "alt_name:mr": null, "monorail": null, "station": "subway", "toilets:wheelchair": null, "ref:suburban": null, "IR:zone": null, "historic:name": null, "historic:ref": null, "old_name": null, "old_ref": null, "official_name": null, "official_name:en": null, "official_name:hi": null, "official_name:mr": null, "old_name:en": null, "name:mr:--2018-07-19": null, "is_in": null, "short_name": null, "name:zh": null, "opening_date": null, "subway": "yes", "date:rebuilt": null, "date:renamed": null, "name:1928-1934": null, "wikimedia_commons": null, "building": "transportation", "description": "Andheri Metro Station", "construction": null, "construction:railway": null, "public_transport:version": null, "name:ur": null, "internet_access:ssid": null, "loc_name": null, "loc_name:en": null, "loc_name:hi": null, "loc_name:mr": null, "old_name:hi": null, "old_name:mr": null, "short_name:en": null, "short_name:hi": null, "short_name:mr": null, "landuse": null, "building:levels": null, "building:min_level": null, "layer": null, "nohousenumber": null, "not:network:wikidata": null, "elevation": null, "bench": null, "lit": null, "shelter": null, "air_conditioning": null, "internet_access:fee": null }, "geometry": { "type": "Point", "coordinates": [ 72.8488433, 19.1205638 ] } },
{ "type": "Feature", "properties": { "element": "node", "id": 6175360983, "internet_access": "wlan", "name": "Lokmanya Tilak Terminus", "name:hi": "लोकमान्य तिलक टर्मिनस", "name:mr": null, "network": "IR", "network:wikidata": null, "operator": "CR", "public_transport": "station", "railway": "station", "ref": "LTT", "train": "yes", "wikidata": "Q4520739", "wikipedia": "en:Lokmanya Tilak Terminus", "name:en": null, "start_date": null, "ele": null, "name:ml": "ലോകമാന്യ തിലക് ടെർമിനസ്", "wheelchair": null, "addr:city": null, "addr:postcode": null, "addr:street": null, "alt_name": null, "alt_name:en": null, "alt_name:hi": null, "alt_name:mr": null, "monorail": null, "station": null, "toilets:wheelchair": null, "ref:suburban": null, "IR:zone": null, "historic:name": null, "historic:ref": null, "old_name": null, "old_ref": null, "official_name": null, "official_name:en": null, "official_name:hi": null, "official_name:mr": null, "old_name:en": null, "name:mr:--2018-07-19": null, "is_in": null, "short_name": null, "name:zh": null, "opening_date": null, "subway": null, "date:rebuilt": null, "date:renamed": null, "name:1928-1934": null, "wikimedia_commons": null, "building": null, "description": null, "construction": null, "construction:railway": null, "public_transport:version": null, "name:ur": null, "internet_access:ssid": null, "loc_name": null, "loc_name:en": null, "loc_name:hi": null, "loc_name:mr": null, "old_name:hi": null, "old_name:mr": null, "short_name:en": null, "short_name:hi": null, "short_name:mr": null, "landuse": null, "building:levels": null, "building:min_level": null, "layer": null, "nohousenumber": null, "not:network:wikidata": null, "elevation": null, "bench": null, "lit": null, "shelter": null, "air_conditioning": null, "internet_access:fee": null }, "geometry": { "type": "Point", "coordinates": [ 72.8919779, 19.0694658 ] } },
{ "type": "Feature", "properties": { "element": "node", "id": 6498408219, "internet_access": null, "name": "Lower Parel", "name:hi": null, "name:mr": null, "network": null, "network:wikidata": null, "operator": null, "public_transport": "station", "railway": "station", "ref": null, "train": null, "wikidata": "Q63346703", "wikipedia": null, "name:en": null, "start_date": null, "ele": null, "name:ml": null, "wheelchair": null, "addr:city": null, "addr:postcode": null, "addr:street": null, "alt_name": null, "alt_name:en": null, "alt_name:hi": null, "alt_name:mr": null, "monorail": "yes", "station": "monorail", "toilets:wheelchair": null, "ref:suburban": null, "IR:zone": null, "historic:name": null, "historic:ref": null, "old_name": null, "old_ref": null, "official_name": null, "official_name:en": null, "official_name:hi": null, "official_name:mr": null, "old_name:en": null, "name:mr:--2018-07-19": null, "is_in": null, "short_name": null, "name:zh": null, "opening_date": null, "subway": null, "date:rebuilt": null, "date:renamed": null, "name:1928-1934": null, "wikimedia_commons": null, "building": null, "description": null, "construction": null, "construction:railway": null, "public_transport:version": null, "name:ur": null, "internet_access:ssid": null, "loc_name": null, "loc_name:en": null, "loc_name:hi": null, "loc_name:mr": null, "old_name:hi": null, "old_name:mr": null, "short_name:en": null, "short_name:hi": null, "short_name:mr": null, "landuse": null, "building:levels": null, "building:min_level": null, "layer": null, "nohousenumber": null, "not:network:wikidata": null, "elevation": null, "bench": null, "lit": null, "shelter": null, "air_conditioning": null, "internet_access:fee": null }, "geometry": { "type": "Point", "coordinates": [ 72.8314698, 18.9931201 ] } },
{ "type": "Feature", "properties": { "element": "node", "id": 9131712733, "internet_access": null, "name": "Airport Colony Station", "name:hi": null, "name:mr": null, "network": "Mumbai Metro Line 7A", "network:wikidata": null, "operator": null, "public_transport": "station", "railway": "station", "ref": null, "train": null, "wikidata": null, "wikipedia": null, "name:en": null, "start_date": null, "ele": null, "name:ml": null, "wheelchair": null, "addr:city": null, "addr:postcode": null, "addr:street": null, "alt_name": null, "alt_name:en": null, "alt_name:hi": null, "alt_name:mr": null, "monorail": null, "station": "subway", "toilets:wheelchair": null, "ref:suburban": null, "IR:zone": null, "historic:name": null, "historic:ref": null, "old_name": null, "old_ref": null, "official_name": null, "official_name:en": null, "official_name:hi": null, "official_name:mr": null, "old_name:en": null, "name:mr:--2018-07-19": null, "is_in": null, "short_name": null, "name:zh": null, "opening_date": "2026-12", "subway": "yes", "date:rebuilt": null, "date:renamed": null, "name:1928-1934": null, "wikimedia_commons": null, "building": null, "description": null, "construction": "station", "construction:railway": "station", "public_transport:version": "2", "name:ur": null, "internet_access:ssid": null, "loc_name": null, "loc_name:en": null, "loc_name:hi": null, "loc_name:mr": null, "old_name:hi": null, "old_name:mr": null, "short_name:en": null, "short_name:hi": null, "short_name:mr": null, "landuse": null, "building:levels": null, "building:min_level": null, "layer": null, "nohousenumber": null, "not:network:wikidata": null, "elevation": null, "bench": null, "lit": null, "shelter": null, "air_conditioning": null, "internet_access:fee": null }, "geometry": { "type": "Point", "coordinates": [ 72.854017, 19.1058178 ] } },
{ "type": "Feature", "properties": { "element": "node", "id": 9132436368, "internet_access": null, "name": "Anik Nagar Bus Depot Station", "name:hi": null, "name:mr": null, "network": "Mumbai Metro Line 4", "network:wikidata": null, "operator": null, "public_transport": "station", "railway": "station", "ref": null, "train": null, "wikidata": null, "wikipedia": null, "name:en": null, "start_date": null, "ele": null, "name:ml": null, "wheelchair": null, "addr:city": null, "addr:postcode": null, "addr:street": null, "alt_name": null, "alt_name:en": null, "alt_name:hi": null, "alt_name:mr": null, "monorail": null, "station": "subway", "toilets:wheelchair": null, "ref:suburban": null, "IR:zone": null, "historic:name": null, "historic:ref": null, "old_name": null, "old_ref": null, "official_name": null, "official_name:en": null, "official_name:hi": null, "official_name:mr": null, "old_name:en": null, "name:mr:--2018-07-19": null, "is_in": null, "short_name": null, "name:zh": null, "opening_date": "2027-11", "subway": "yes", "date:rebuilt": null, "date:renamed": null, "name:1928-1934": null, "wikimedia_commons": null, "building": null, "description": null, "construction": "station", "construction:railway": null, "public_transport:version": null, "name:ur": null, "internet_access:ssid": null, "loc_name": null, "loc_name:en": null, "loc_name:hi": null, "loc_name:mr": null, "old_name:hi": null, "old_name:mr": null, "short_name:en": null, "short_name:hi": null, "short_name:mr": null, "landuse": null, "building:levels": null, "building:min_level": null, "layer": null, "nohousenumber": null, "not:network:wikidata": null, "elevation": null, "bench": null, "lit": null, "shelter": null, "air_conditioning": null, "internet_access:fee": null }, "geometry": { "type": "Point", "coordinates": [ 72.8786341, 19.0458265 ] } },
{ "type": "Feature", "properties": { "element": "node", "id": 9627118208, "internet_access": null, "name": "Dahisar (East) [Line 7]", "name:hi": null, "name:mr": "दहिसर (पूर्व)", "network": null, "network:wikidata": null, "operator": null, "public_transport": "station", "railway": "station", "ref": null, "train": null, "wikidata": null, "wikipedia": null, "name:en": null, "start_date": null, "ele": null, "name:ml": null, "wheelchair": null, "addr:city": null, "addr:postcode": null, "addr:street": null, "alt_name": null, "alt_name:en": null, "alt_name:hi": null, "alt_name:mr": null, "monorail": null, "station": "subway", "toilets:wheelchair": null, "ref:suburban": null, "IR:zone": null, "historic:name": null, "historic:ref": null, "old_name": null, "old_ref": null, "official_name": null, "official_name:en": null, "official_name:hi": null, "official_name:mr": null, "old_name:en": null, "name:mr:--2018-07-19": null, "is_in": null, "short_name": null, "name:zh": null, "opening_date": null, "subway": "yes", "date:rebuilt": null, "date:renamed": null, "name:1928-1934": null, "wikimedia_commons": null, "building": null, "description": null, "construction": null, "construction:railway": null, "public_transport:version": null, "name:ur": null, "internet_access:ssid": null, "loc_name": null, "loc_name:en": null, "loc_name:hi": null, "loc_name:mr": null, "old_name:hi": null, "old_name:mr": null, "short_name:en": null, "short_name:hi": null, "short_name:mr": null, "landuse": null, "building:levels": null, "building:min_level": null, "layer": null, "nohousenumber": null, "not:network:wikidata": null, "elevation": null, "bench": null, "lit": null, "shelter": null, "air_conditioning": null, "internet_access:fee": null }, "geometry": { "type": "Point", "coordinates": [ 72.8666664, 19.2506981 ] } },
{ "type": "Feature", "properties": { "element": "node", "id": 9627118209, "internet_access": null, "name": "Dahisar (East) [Line 2]", "name:hi": null, "name:mr": "दहिसर (पूर्व)", "network": null, "network:wikidata": null, "operator": null, "public_transport": "station", "railway": "station", "ref": null, "train": null, "wikidata": null, "wikipedia": null, "name:en": null, "start_date": null, "ele": null, "name:ml": null, "wheelchair": null, "addr:city": null, "addr:postcode": null, "addr:street": null, "alt_name": null, "alt_name:en": null, "alt_name:hi": null, "alt_name:mr": null, "monorail": null, "station": "subway", "toilets:wheelchair": null, "ref:suburban": null, "IR:zone": null, "historic:name": null, "historic:ref": null, "old_name": null, "old_ref": null, "official_name": null, "official_name:en": null, "official_name:hi": null, "official_name:mr": null, "old_name:en": null, "name:mr:--2018-07-19": null, "is_in": null, "short_name": null, "name:zh": null, "opening_date": null, "subway": "yes", "date:rebuilt": null, "date:renamed": null, "name:1928-1934": null, "wikimedia_commons": null, "building": null, "description": null, "construction": null, "construction:railway": null, "public_transport:version": null, "name:ur": null, "internet_access:ssid": null, "loc_name": null, "loc_name:en": null, "loc_name:hi": null, "loc_name:mr": null, "old_name:hi": null, "old_name:mr": null, "short_name:en": null, "short_name:hi": null, "short_name:mr": null, "landuse": null, "building:levels": null, "building:min_level": null, "layer": null, "nohousenumber": null, "not:network:wikidata": null, "elevation": null, "bench": null, "lit": null, "shelter": null, "air_conditioning": null, "internet_access:fee": null }, "geometry": { "type": "Point", "coordinates": [ 72.8673322, 19.2517331 ] } },
{ "type": "Feature", "properties": { "element": "node", "id": 9629564097, "internet_access": null, "name": "Aarey", "name:hi": "आरे रोड जंक्शन", "name:mr": "आरे रोड जंक्शन", "network": null, "network:wikidata": null, "operator": null, "public_transport": "station", "railway": "station", "ref": null, "train": null, "wikidata": "Q116271881", "wikipedia": null, "name:en": null, "start_date": null, "ele": null, "name:ml": null, "wheelchair": "limited", "addr:city": null, "addr:postcode": null, "addr:street": null, "alt_name": null, "alt_name:en": null, "alt_name:hi": null, "alt_name:mr": null, "monorail": null, "station": "subway", "toilets:wheelchair": null, "ref:suburban": null, "IR:zone": null, "historic:name": null, "historic:ref": null, "old_name": null, "old_ref": null, "official_name": null, "official_name:en": null, "official_name:hi": null, "official_name:mr": null, "old_name:en": null, "name:mr:--2018-07-19": null, "is_in": null, "short_name": null, "name:zh": null, "opening_date": null, "subway": "yes", "date:rebuilt": null, "date:renamed": null, "name:1928-1934": null, "wikimedia_commons": null, "building": null, "description": null, "construction": null, "construction:railway": null, "public_transport:version": null, "name:ur": null, "internet_access:ssid": null, "loc_name": null, "loc_name:en": null, "loc_name:hi": null, "loc_name:mr": null, "old_name:hi": null, "old_name:mr": null, "short_name:en": null, "short_name:hi": null, "short_name:mr": null, "landuse": null, "building:levels": null, "building:min_level": null, "layer": null, "nohousenumber": null, "not:network:wikidata": null, "elevation": null, "bench": null, "lit": null, "shelter": null, "air_conditioning": null, "internet_access:fee": null }, "geometry": { "type": "Point", "coordinates": [ 72.8587918, 19.1693242 ] } },
{ "type": "Feature", "properties": { "element": "node", "id": 9629564098, "internet_access": null, "name": "Dindoshi", "name:hi": "दिंडोशी", "name:mr": "दिंडोशी", "network": null, "network:wikidata": null, "operator": null, "public_transport": "station", "railway": "station", "ref": null, "train": null, "wikidata": null, "wikipedia": null, "name:en": null, "start_date": null, "ele": null, "name:ml": null, "wheelchair": "limited", "addr:city": null, "addr:postcode": null, "addr:street": null, "alt_name": null, "alt_name:en": null, "alt_name:hi": null, "alt_name:mr": null, "monorail": null, "station": "subway", "toilets:wheelchair": null, "ref:suburban": null, "IR:zone": null, "historic:name": null, "historic:ref": null, "old_name": null, "old_ref": null, "official_name": null, "official_name:en": null, "official_name:hi": null, "official_name:mr": null, "old_name:en": null, "name:mr:--2018-07-19": null, "is_in": null, "short_name": null, "name:zh": null, "opening_date": null, "subway": "yes", "date:rebuilt": null, "date:renamed": null, "name:1928-1934": null, "wikimedia_commons": null, "building": null, "description": null, "construction": null, "construction:railway": null, "public_transport:version": null, "name:ur": null, "internet_access:ssid": null, "loc_name": null, "loc_name:en": null, "loc_name:hi": null, "loc_name:mr": null, "old_name:hi": null, "old_name:mr": null, "short_name:en": null, "short_name:hi": null, "short_name:mr": null, "landuse": null, "building:levels": null, "building:min_level": null, "layer": null, "nohousenumber": null, "not:network:wikidata": null, "elevation": null, "bench": null, "lit": null, "shelter": null, "air_conditioning": null, "internet_access:fee": null }, "geometry": { "type": "Point", "coordinates": [ 72.8582976, 19.1797579 ] } },
{ "type": "Feature", "properties": { "element": "node", "id": 9629564099, "internet_access": null, "name": "Kurar", "name:hi": "कुरार", "name:mr": "कुरार", "network": null, "network:wikidata": null, "operator": null, "public_transport": "station", "railway": "station", "ref": null, "train": null, "wikidata": null, "wikipedia": null, "name:en": null, "start_date": null, "ele": null, "name:ml": null, "wheelchair": null, "addr:city": null, "addr:postcode": null, "addr:street": null, "alt_name": "Pushpa Park", "alt_name:en": null, "alt_name:hi": null, "alt_name:mr": null, "monorail": null, "station": "subway", "toilets:wheelchair": null, "ref:suburban": null, "IR:zone": null, "historic:name": null, "historic:ref": null, "old_name": null, "old_ref": null, "official_name": null, "official_name:en": null, "official_name:hi": null, "official_name:mr": null, "old_name:en": null, "name:mr:--2018-07-19": null, "is_in": null, "short_name": null, "name:zh": null, "opening_date": null, "subway": "yes", "date:rebuilt": null, "date:renamed": null, "name:1928-1934": null, "wikimedia_commons": null, "building": null, "description": null, "construction": null, "construction:railway": null, "public_transport:version": null, "name:ur": null, "internet_access:ssid": null, "loc_name": null, "loc_name:en": null, "loc_name:hi": null, "loc_name:mr": null, "old_name:hi": null, "old_name:mr": null, "short_name:en": null, "short_name:hi": null, "short_name:mr": null, "landuse": null, "building:levels": null, "building:min_level": null, "layer": null, "nohousenumber": null, "not:network:wikidata": null, "elevation": null, "bench": null, "lit": null, "shelter": null, "air_conditioning": null, "internet_access:fee": null }, "geometry": { "type": "Point", "coordinates": [ 72.8584547, 19.1872999 ] } },
{ "type": "Feature", "properties": { "element": "node", "id": 9629564100, "internet_access": null, "name": "Akurli", "name:hi": null, "name:mr": "आकुर्ली", "network": null, "network:wikidata": null, "operator": null, "public_transport": "station", "railway": "station", "ref": null, "train": null, "wikidata": null, "wikipedia": null, "name:en": null, "start_date": null, "ele": null, "name:ml": null, "wheelchair": null, "addr:city": null, "addr:postcode": null, "addr:street": null, "alt_name": "Akurli", "alt_name:en": null, "alt_name:hi": null, "alt_name:mr": null, "monorail": null, "station": "subway", "toilets:wheelchair": null, "ref:suburban": null, "IR:zone": null, "historic:name": null, "historic:ref": null, "old_name": null, "old_ref": null, "official_name": null, "official_name:en": null, "official_name:hi": null, "official_name:mr": null, "old_name:en": null, "name:mr:--2018-07-19": null, "is_in": null, "short_name": null, "name:zh": null, "opening_date": null, "subway": "yes", "date:rebuilt": null, "date:renamed": null, "name:1928-1934": null, "wikimedia_commons": null, "building": null, "description": null, "construction": null, "construction:railway": null, "public_transport:version": null, "name:ur": null, "internet_access:ssid": null, "loc_name": null, "loc_name:en": null, "loc_name:hi": null, "loc_name:mr": null, "old_name:hi": null, "old_name:mr": null, "short_name:en": null, "short_name:hi": null, "short_name:mr": null, "landuse": null, "building:levels": null, "building:min_level": null, "layer": null, "nohousenumber": null, "not:network:wikidata": null, "elevation": null, "bench": null, "lit": null, "shelter": null, "air_conditioning": null, "internet_access:fee": null }, "geometry": { "type": "Point", "coordinates": [ 72.8604905, 19.1981585 ] } },
{ "type": "Feature", "properties": { "element": "node", "id": 9629564101, "internet_access": null, "name": "Poisar", "name:hi": null, "name:mr": "पोइसर", "network": null, "network:wikidata": null, "operator": null, "public_transport": "station", "railway": "station", "ref": null, "train": null, "wikidata": null, "wikipedia": null, "name:en": null, "start_date": null, "ele": null, "name:ml": null, "wheelchair": null, "addr:city": null, "addr:postcode": null, "addr:street": null, "alt_name": "Poisar", "alt_name:en": null, "alt_name:hi": null, "alt_name:mr": null, "monorail": null, "station": "subway", "toilets:wheelchair": null, "ref:suburban": null, "IR:zone": null, "historic:name": null, "historic:ref": null, "old_name": null, "old_ref": null, "official_name": null, "official_name:en": null, "official_name:hi": null, "official_name:mr": null, "old_name:en": null, "name:mr:--2018-07-19": null, "is_in": null, "short_name": null, "name:zh": null, "opening_date": null, "subway": "yes", "date:rebuilt": null, "date:renamed": null, "name:1928-1934": null, "wikimedia_commons": null, "building": null, "description": null, "construction": null, "construction:railway": null, "public_transport:version": null, "name:ur": null, "internet_access:ssid": null, "loc_name": null, "loc_name:en": null, "loc_name:hi": null, "loc_name:mr": null, "old_name:hi": null, "old_name:mr": null, "short_name:en": null, "short_name:hi": null, "short_name:mr": null, "landuse": null, "building:levels": null, "building:min_level": null, "layer": null, "nohousenumber": null, "not:network:wikidata": null, "elevation": null, "bench": null, "lit": null, "shelter": null, "air_conditioning": null, "internet_access:fee": null }, "geometry": { "type": "Point", "coordinates": [ 72.8631041, 19.2035171 ] } },
{ "type": "Feature", "properties": { "element": "node", "id": 9629564102, "internet_access": null, "name": "Magathane", "name:hi": null, "name:mr": "मगाठाणे", "network": null, "network:wikidata": null, "operator": null, "public_transport": "station", "railway": "station", "ref": null, "train": null, "wikidata": null, "wikipedia": null, "name:en": null, "start_date": null, "ele": null, "name:ml": null, "wheelchair": "yes", "addr:city": null, "addr:postcode": null, "addr:street": null, "alt_name": null, "alt_name:en": null, "alt_name:hi": null, "alt_name:mr": null, "monorail": null, "station": "subway", "toilets:wheelchair": "yes", "ref:suburban": null, "IR:zone": null, "historic:name": null, "historic:ref": null, "old_name": null, "old_ref": null, "official_name": null, "official_name:en": null, "official_name:hi": null, "official_name:mr": null, "old_name:en": null, "name:mr:--2018-07-19": null, "is_in": null, "short_name": null, "name:zh": null, "opening_date": null, "subway": "yes", "date:rebuilt": null, "date:renamed": null, "name:1928-1934": null, "wikimedia_commons": null, "building": null, "description": null, "construction": null, "construction:railway": null, "public_transport:version": null, "name:ur": null, "internet_access:ssid": null, "loc_name": null, "loc_name:en": null, "loc_name:hi": null, "loc_name:mr": null, "old_name:hi": null, "old_name:mr": null, "short_name:en": null, "short_name:hi": null, "short_name:mr": null, "landuse": null, "building:levels": null, "building:min_level": null, "layer": null, "nohousenumber": null, "not:network:wikidata": null, "elevation": null, "bench": null, "lit": null, "shelter": null, "air_conditioning": null, "internet_access:fee": null }, "geometry": { "type": "Point", "coordinates": [ 72.8668012, 19.2167968 ] } },
{ "type": "Feature", "properties": { "element": "node", "id": 9629564103, "internet_access": null, "name": "Devipada", "name:hi": null, "name:mr": "देवीपाडा", "network": null, "network:wikidata": null, "operator": null, "public_transport": "station", "railway": "station", "ref": null, "train": null, "wikidata": null, "wikipedia": null, "name:en": null, "start_date": null, "ele": null, "name:ml": null, "wheelchair": null, "addr:city": null, "addr:postcode": null, "addr:street": null, "alt_name": null, "alt_name:en": null, "alt_name:hi": null, "alt_name:mr": null, "monorail": null, "station": "subway", "toilets:wheelchair": null, "ref:suburban": null, "IR:zone": null, "historic:name": null, "historic:ref": null, "old_name": null, "old_ref": null, "official_name": null, "official_name:en": null, "official_name:hi": null, "official_name:mr": null, "old_name:en": null, "name:mr:--2018-07-19": null, "is_in": null, "short_name": null, "name:zh": null, "opening_date": null, "subway": "yes", "date:rebuilt": null, "date:renamed": null, "name:1928-1934": null, "wikimedia_commons": null, "building": null, "description": null, "construction": null, "construction:railway": null, "public_transport:version": null, "name:ur": null, "internet_access:ssid": null, "loc_name": null, "loc_name:en": null, "loc_name:hi": null, "loc_name:mr": null, "old_name:hi": null, "old_name:mr": null, "short_name:en": null, "short_name:hi": null, "short_name:mr": null, "landuse": null, "building:levels": null, "building:min_level": null, "layer": null, "nohousenumber": null, "not:network:wikidata": null, "elevation": null, "bench": null, "lit": null, "shelter": null, "air_conditioning": null, "internet_access:fee": null }, "geometry": { "type": "Point", "coordinates": [ 72.8643251, 19.2240357 ] } },
{ "type": "Feature", "properties": { "element": "node", "id": 9629564104, "internet_access": null, "name": "Rashtriya Udyan", "name:hi": "राष्ट्रीय उद्यान", "name:mr": "राष्ट्रीय उद्यान", "network": "Mumbai Metro", "network:wikidata": null, "operator": "MMRDA", "public_transport": "station", "railway": "station", "ref": null, "train": null, "wikidata": "Q116271873", "wikipedia": null, "name:en": null, "start_date": null, "ele": null, "name:ml": null, "wheelchair": null, "addr:city": null, "addr:postcode": null, "addr:street": null, "alt_name": null, "alt_name:en": null, "alt_name:hi": null, "alt_name:mr": null, "monorail": null, "station": "subway", "toilets:wheelchair": null, "ref:suburban": null, "IR:zone": null, "historic:name": null, "historic:ref": null, "old_name": null, "old_ref": null, "official_name": null, "official_name:en": null, "official_name:hi": null, "official_name:mr": null, "old_name:en": null, "name:mr:--2018-07-19": null, "is_in": null, "short_name": null, "name:zh": null, "opening_date": null, "subway": "yes", "date:rebuilt": null, "date:renamed": null, "name:1928-1934": null, "wikimedia_commons": null, "building": null, "description": null, "construction": null, "construction:railway": null, "public_transport:version": null, "name:ur": null, "internet_access:ssid": null, "loc_name": null, "loc_name:en": null, "loc_name:hi": null, "loc_name:mr": null, "old_name:hi": null, "old_name:mr": null, "short_name:en": null, "short_name:hi": null, "short_name:mr": null, "landuse": null, "building:levels": null, "building:min_level": null, "layer": null, "nohousenumber": null, "not:network:wikidata": null, "elevation": null, "bench": null, "lit": null, "shelter": null, "air_conditioning": null, "internet_access:fee": null }, "geometry": { "type": "Point", "coordinates": [ 72.8631372, 19.2346141 ] } },
{ "type": "Feature", "properties": { "element": "node", "id": 9629564105, "internet_access": null, "name": "Ovaripada", "name:hi": "ओवरीपाड़ा", "name:mr": "ओवरीपाडा", "network": "Mumbai Metro", "network:wikidata": null, "operator": "MMRDA", "public_transport": "station", "railway": "station", "ref": "701", "train": null, "wikidata": null, "wikipedia": null, "name:en": null, "start_date": null, "ele": null, "name:ml": null, "wheelchair": null, "addr:city": null, "addr:postcode": null, "addr:street": null, "alt_name": null, "alt_name:en": null, "alt_name:hi": null, "alt_name:mr": null, "monorail": null, "station": "subway", "toilets:wheelchair": null, "ref:suburban": null, "IR:zone": null, "historic:name": null, "historic:ref": null, "old_name": null, "old_ref": null, "official_name": null, "official_name:en": null, "official_name:hi": null, "official_name:mr": null, "old_name:en": null, "name:mr:--2018-07-19": null, "is_in": null, "short_name": null, "name:zh": null, "opening_date": null, "subway": "yes", "date:rebuilt": null, "date:renamed": null, "name:1928-1934": null, "wikimedia_commons": null, "building": null, "description": null, "construction": null, "construction:railway": null, "public_transport:version": null, "name:ur": null, "internet_access:ssid": null, "loc_name": null, "loc_name:en": null, "loc_name:hi": null, "loc_name:mr": null, "old_name:hi": null, "old_name:mr": null, "short_name:en": null, "short_name:hi": null, "short_name:mr": null, "landuse": null, "building:levels": null, "building:min_level": null, "layer": null, "nohousenumber": null, "not:network:wikidata": null, "elevation": null, "bench": null, "lit": null, "shelter": null, "air_conditioning": null, "internet_access:fee": null }, "geometry": { "type": "Point", "coordinates": [ 72.8641377, 19.2431487 ] } },
{ "type": "Feature", "properties": { "element": "node", "id": 10576622687, "internet_access": null, "name": "Gundavali", "name:hi": "गुंदावली", "name:mr": "गुंदवली", "network": null, "network:wikidata": null, "operator": null, "public_transport": "station", "railway": "station", "ref": null, "train": null, "wikidata": null, "wikipedia": null, "name:en": null, "start_date": null, "ele": null, "name:ml": null, "wheelchair": "yes", "addr:city": null, "addr:postcode": null, "addr:street": null, "alt_name": null, "alt_name:en": null, "alt_name:hi": null, "alt_name:mr": null, "monorail": null, "station": "subway", "toilets:wheelchair": null, "ref:suburban": null, "IR:zone": null, "historic:name": null, "historic:ref": null, "old_name": null, "old_ref": null, "official_name": null, "official_name:en": null, "official_name:hi": null, "official_name:mr": null, "old_name:en": null, "name:mr:--2018-07-19": null, "is_in": null, "short_name": null, "name:zh": null, "opening_date": null, "subway": "yes", "date:rebuilt": null, "date:renamed": null, "name:1928-1934": null, "wikimedia_commons": null, "building": null, "description": null, "construction": null, "construction:railway": null, "public_transport:version": null, "name:ur": null, "internet_access:ssid": null, "loc_name": null, "loc_name:en": null, "loc_name:hi": null, "loc_name:mr": null, "old_name:hi": null, "old_name:mr": null, "short_name:en": null, "short_name:hi": null, "short_name:mr": null, "landuse": null, "building:levels": null, "building:min_level": null, "layer": null, "nohousenumber": null, "not:network:wikidata": null, "elevation": null, "bench": null, "lit": null, "shelter": null, "air_conditioning": null, "internet_access:fee": null }, "geometry": { "type": "Point", "coordinates": [ 72.8551556, 19.1145125 ] } },
{ "type": "Feature", "properties": { "element": "node", "id": 10576622712, "internet_access": null, "name": "Mogra", "name:hi": null, "name:mr": "मोगरा", "network": null, "network:wikidata": null, "operator": null, "public_transport": "station", "railway": "station", "ref": null, "train": null, "wikidata": null, "wikipedia": null, "name:en": null, "start_date": null, "ele": null, "name:ml": null, "wheelchair": null, "addr:city": null, "addr:postcode": null, "addr:street": null, "alt_name": null, "alt_name:en": null, "alt_name:hi": null, "alt_name:mr": null, "monorail": null, "station": "subway", "toilets:wheelchair": null, "ref:suburban": null, "IR:zone": null, "historic:name": null, "historic:ref": null, "old_name": null, "old_ref": null, "official_name": null, "official_name:en": null, "official_name:hi": null, "official_name:mr": null, "old_name:en": null, "name:mr:--2018-07-19": null, "is_in": null, "short_name": null, "name:zh": null, "opening_date": null, "subway": "yes", "date:rebuilt": null, "date:renamed": null, "name:1928-1934": null, "wikimedia_commons": null, "building": null, "description": null, "construction": null, "construction:railway": null, "public_transport:version": null, "name:ur": null, "internet_access:ssid": null, "loc_name": null, "loc_name:en": null, "loc_name:hi": null, "loc_name:mr": null, "old_name:hi": null, "old_name:mr": null, "short_name:en": null, "short_name:hi": null, "short_name:mr": null, "landuse": null, "building:levels": null, "building:min_level": null, "layer": null, "nohousenumber": null, "not:network:wikidata": null, "elevation": null, "bench": null, "lit": null, "shelter": null, "air_conditioning": null, "internet_access:fee": null }, "geometry": { "type": "Point", "coordinates": [ 72.8554558, 19.1284364 ] } },
{ "type": "Feature", "properties": { "element": "node", "id": 10576622721, "internet_access": null, "name": "Jogeshwari (East)", "name:hi": null, "name:mr": "जोगेश्वरी (पूर्व)", "network": null, "network:wikidata": null, "operator": null, "public_transport": "station", "railway": "station", "ref": null, "train": null, "wikidata": null, "wikipedia": null, "name:en": null, "start_date": null, "ele": null, "name:ml": null, "wheelchair": null, "addr:city": null, "addr:postcode": null, "addr:street": null, "alt_name": null, "alt_name:en": null, "alt_name:hi": null, "alt_name:mr": null, "monorail": null, "station": "subway", "toilets:wheelchair": null, "ref:suburban": null, "IR:zone": null, "historic:name": null, "historic:ref": null, "old_name": null, "old_ref": null, "official_name": null, "official_name:en": null, "official_name:hi": null, "official_name:mr": null, "old_name:en": null, "name:mr:--2018-07-19": null, "is_in": null, "short_name": null, "name:zh": null, "opening_date": null, "subway": "yes", "date:rebuilt": null, "date:renamed": null, "name:1928-1934": null, "wikimedia_commons": null, "building": null, "description": null, "construction": null, "construction:railway": null, "public_transport:version": null, "name:ur": null, "internet_access:ssid": null, "loc_name": null, "loc_name:en": null, "loc_name:hi": null, "loc_name:mr": null, "old_name:hi": null, "old_name:mr": null, "short_name:en": null, "short_name:hi": null, "short_name:mr": null, "landuse": null, "building:levels": null, "building:min_level": null, "layer": null, "nohousenumber": null, "not:network:wikidata": null, "elevation": null, "bench": null, "lit": null, "shelter": null, "air_conditioning": null, "internet_access:fee": null }, "geometry": { "type": "Point", "coordinates": [ 72.855185, 19.1429455 ] } },
{ "type": "Feature", "properties": { "element": "node", "id": 10576622722, "internet_access": null, "name": "Goregaon (East)", "name:hi": "गोरेगाँव (पूर्व)", "name:mr": "गोरेगाव (पूर्व)", "network": null, "network:wikidata": null, "operator": null, "public_transport": "station", "railway": "station", "ref": null, "train": null, "wikidata": null, "wikipedia": null, "name:en": null, "start_date": null, "ele": null, "name:ml": null, "wheelchair": null, "addr:city": null, "addr:postcode": null, "addr:street": null, "alt_name": null, "alt_name:en": null, "alt_name:hi": null, "alt_name:mr": null, "monorail": null, "station": "subway", "toilets:wheelchair": null, "ref:suburban": null, "IR:zone": null, "historic:name": null, "historic:ref": null, "old_name": null, "old_ref": null, "official_name": null, "official_name:en": null, "official_name:hi": null, "official_name:mr": null, "old_name:en": null, "name:mr:--2018-07-19": null, "is_in": null, "short_name": null, "name:zh": null, "opening_date": null, "subway": "yes", "date:rebuilt": null, "date:renamed": null, "name:1928-1934": null, "wikimedia_commons": null, "building": null, "description": null, "construction": null, "construction:railway": null, "public_transport:version": null, "name:ur": null, "internet_access:ssid": null, "loc_name": null, "loc_name:en": null, "loc_name:hi": null, "loc_name:mr": null, "old_name:hi": null, "old_name:mr": null, "short_name:en": null, "short_name:hi": null, "short_name:mr": null, "landuse": null, "building:levels": null, "building:min_level": null, "layer": null, "nohousenumber": null, "not:network:wikidata": null, "elevation": null, "bench": null, "lit": null, "shelter": null, "air_conditioning": null, "internet_access:fee": null }, "geometry": { "type": "Point", "coordinates": [ 72.8565966, 19.1524492 ] } },
{ "type": "Feature", "properties": { "element": "node", "id": 10576726748, "internet_access": null, "name": "Andheri (West)", "name:hi": "अंधेरी (पूर्व)", "name:mr": "अंधेरी (पश्चिम)", "network": null, "network:wikidata": null, "operator": null, "public_transport": "station", "railway": "station", "ref": null, "train": null, "wikidata": null, "wikipedia": null, "name:en": null, "start_date": null, "ele": null, "name:ml": null, "wheelchair": "limited", "addr:city": null, "addr:postcode": null, "addr:street": null, "alt_name": null, "alt_name:en": null, "alt_name:hi": null, "alt_name:mr": null, "monorail": null, "station": "subway", "toilets:wheelchair": null, "ref:suburban": null, "IR:zone": null, "historic:name": null, "historic:ref": null, "old_name": null, "old_ref": null, "official_name": null, "official_name:en": null, "official_name:hi": null, "official_name:mr": null, "old_name:en": null, "name:mr:--2018-07-19": null, "is_in": null, "short_name": null, "name:zh": null, "opening_date": null, "subway": "yes", "date:rebuilt": null, "date:renamed": null, "name:1928-1934": null, "wikimedia_commons": null, "building": null, "description": null, "construction": null, "construction:railway": null, "public_transport:version": null, "name:ur": null, "internet_access:ssid": null, "loc_name": null, "loc_name:en": null, "loc_name:hi": null, "loc_name:mr": null, "old_name:hi": null, "old_name:mr": null, "short_name:en": null, "short_name:hi": null, "short_name:mr": null, "landuse": null, "building:levels": null, "building:min_level": null, "layer": null, "nohousenumber": null, "not:network:wikidata": null, "elevation": null, "bench": null, "lit": null, "shelter": null, "air_conditioning": null, "internet_access:fee": null }, "geometry": { "type": "Point", "coordinates": [ 72.8314307, 19.1291337 ] } },
{ "type": "Feature", "properties": { "element": "node", "id": 10576726751, "internet_access": null, "name": "Lower Oshiwara", "name:hi": "लोअर ओशिवरा", "name:mr": "लोअर ओशिवरा", "network": null, "network:wikidata": null, "operator": null, "public_transport": "station", "railway": "station", "ref": null, "train": null, "wikidata": null, "wikipedia": null, "name:en": null, "start_date": null, "ele": null, "name:ml": null, "wheelchair": "yes", "addr:city": null, "addr:postcode": null, "addr:street": null, "alt_name": null, "alt_name:en": null, "alt_name:hi": null, "alt_name:mr": null, "monorail": null, "station": "subway", "toilets:wheelchair": null, "ref:suburban": null, "IR:zone": null, "historic:name": null, "historic:ref": null, "old_name": null, "old_ref": null, "official_name": null, "official_name:en": null, "official_name:hi": null, "official_name:mr": null, "old_name:en": null, "name:mr:--2018-07-19": null, "is_in": null, "short_name": null, "name:zh": null, "opening_date": null, "subway": "yes", "date:rebuilt": null, "date:renamed": null, "name:1928-1934": null, "wikimedia_commons": null, "building": null, "description": null, "construction": null, "construction:railway": null, "public_transport:version": null, "name:ur": null, "internet_access:ssid": null, "loc_name": null, "loc_name:en": null, "loc_name:hi": null, "loc_name:mr": null, "old_name:hi": null, "old_name:mr": null, "short_name:en": null, "short_name:hi": null, "short_name:mr": null, "landuse": null, "building:levels": null, "building:min_level": null, "layer": null, "nohousenumber": null, "not:network:wikidata": null, "elevation": null, "bench": null, "lit": null, "shelter": null, "air_conditioning": null, "internet_access:fee": null }, "geometry": { "type": "Point", "coordinates": [ 72.8317139, 19.1406979 ] } },
{ "type": "Feature", "properties": { "element": "node", "id": 10576726756, "internet_access": null, "name": "Oshiwara", "name:hi": "ओशिवारा", "name:mr": "ओशिवारा", "network": null, "network:wikidata": null, "operator": null, "public_transport": "station", "railway": "station", "ref": "215", "train": null, "wikidata": null, "wikipedia": null, "name:en": null, "start_date": null, "ele": null, "name:ml": null, "wheelchair": null, "addr:city": null, "addr:postcode": null, "addr:street": null, "alt_name": null, "alt_name:en": null, "alt_name:hi": null, "alt_name:mr": null, "monorail": null, "station": "subway", "toilets:wheelchair": null, "ref:suburban": null, "IR:zone": null, "historic:name": null, "historic:ref": null, "old_name": null, "old_ref": null, "official_name": null, "official_name:en": null, "official_name:hi": null, "official_name:mr": null, "old_name:en": null, "name:mr:--2018-07-19": null, "is_in": null, "short_name": null, "name:zh": null, "opening_date": null, "subway": "yes", "date:rebuilt": null, "date:renamed": null, "name:1928-1934": null, "wikimedia_commons": null, "building": null, "description": null, "construction": null, "construction:railway": null, "public_transport:version": null, "name:ur": null, "internet_access:ssid": null, "loc_name": null, "loc_name:en": null, "loc_name:hi": null, "loc_name:mr": null, "old_name:hi": null, "old_name:mr": null, "short_name:en": null, "short_name:hi": null, "short_name:mr": null, "landuse": null, "building:levels": null, "building:min_level": null, "layer": null, "nohousenumber": null, "not:network:wikidata": null, "elevation": null, "bench": null, "lit": null, "shelter": null, "air_conditioning": null, "internet_access:fee": null }, "geometry": { "type": "Point", "coordinates": [ 72.833952, 19.1460351 ] } },
{ "type": "Feature", "properties": { "element": "node", "id": 10576726757, "internet_access": null, "name": "Goregaon (West)", "name:hi": "गोरेगाँव (पश्चिम)", "name:mr": "गोरेगाँव (पश्चिम)", "network": null, "network:wikidata": null, "operator": null, "public_transport": "station", "railway": "station", "ref": null, "train": null, "wikidata": null, "wikipedia": null, "name:en": null, "start_date": null, "ele": null, "name:ml": null, "wheelchair": null, "addr:city": null, "addr:postcode": null, "addr:street": null, "alt_name": null, "alt_name:en": null, "alt_name:hi": null, "alt_name:mr": null, "monorail": null, "station": "subway", "toilets:wheelchair": null, "ref:suburban": null, "IR:zone": null, "historic:name": null, "historic:ref": null, "old_name": null, "old_ref": null, "official_name": null, "official_name:en": null, "official_name:hi": null, "official_name:mr": null, "old_name:en": null, "name:mr:--2018-07-19": null, "is_in": null, "short_name": null, "name:zh": null, "opening_date": null, "subway": "yes", "date:rebuilt": null, "date:renamed": null, "name:1928-1934": null, "wikimedia_commons": null, "building": null, "description": null, "construction": null, "construction:railway": null, "public_transport:version": null, "name:ur": null, "internet_access:ssid": null, "loc_name": null, "loc_name:en": null, "loc_name:hi": null, "loc_name:mr": null, "old_name:hi": null, "old_name:mr": null, "short_name:en": null, "short_name:hi": null, "short_name:mr": null, "landuse": null, "building:levels": null, "building:min_level": null, "layer": null, "nohousenumber": null, "not:network:wikidata": null, "elevation": null, "bench": null, "lit": null, "shelter": null, "air_conditioning": null, "internet_access:fee": null }, "geometry": { "type": "Point", "coordinates": [ 72.8356664, 19.1530241 ] } },
{ "type": "Feature", "properties": { "element": "node", "id": 10576726761, "internet_access": null, "name": "Lower Malad", "name:hi": null, "name:mr": "लोअर मालाड", "network": null, "network:wikidata": null, "operator": null, "public_transport": "station", "railway": "station", "ref": null, "train": null, "wikidata": "Q116188743", "wikipedia": null, "name:en": null, "start_date": null, "ele": null, "name:ml": null, "wheelchair": null, "addr:city": null, "addr:postcode": null, "addr:street": null, "alt_name": null, "alt_name:en": null, "alt_name:hi": null, "alt_name:mr": null, "monorail": null, "station": "subway", "toilets:wheelchair": null, "ref:suburban": null, "IR:zone": null, "historic:name": null, "historic:ref": null, "old_name": null, "old_ref": null, "official_name": null, "official_name:en": null, "official_name:hi": null, "official_name:mr": null, "old_name:en": null, "name:mr:--2018-07-19": null, "is_in": null, "short_name": null, "name:zh": null, "opening_date": null, "subway": "yes", "date:rebuilt": null, "date:renamed": null, "name:1928-1934": null, "wikimedia_commons": null, "building": null, "description": null, "construction": null, "construction:railway": null, "public_transport:version": null, "name:ur": null, "internet_access:ssid": null, "loc_name": null, "loc_name:en": null, "loc_name:hi": null, "loc_name:mr": null, "old_name:hi": null, "old_name:mr": null, "short_name:en": null, "short_name:hi": null, "short_name:mr": null, "landuse": null, "building:levels": null, "building:min_level": null, "layer": null, "nohousenumber": null, "not:network:wikidata": null, "elevation": null, "bench": null, "lit": null, "shelter": null, "air_conditioning": null, "internet_access:fee": null }, "geometry": { "type": "Point", "coordinates": [ 72.8364801, 19.1730984 ] } },
{ "type": "Feature", "properties": { "element": "node", "id": 10576726762, "internet_access": null, "name": "Malad (West)", "name:hi": null, "name:mr": "मालाड (पश्चिम)", "network": null, "network:wikidata": null, "operator": null, "public_transport": "station", "railway": "station", "ref": null, "train": null, "wikidata": "Q116188743", "wikipedia": null, "name:en": null, "start_date": null, "ele": null, "name:ml": null, "wheelchair": null, "addr:city": null, "addr:postcode": null, "addr:street": null, "alt_name": null, "alt_name:en": null, "alt_name:hi": null, "alt_name:mr": null, "monorail": null, "station": "subway", "toilets:wheelchair": null, "ref:suburban": null, "IR:zone": null, "historic:name": null, "historic:ref": null, "old_name": null, "old_ref": null, "official_name": null, "official_name:en": null, "official_name:hi": null, "official_name:mr": null, "old_name:en": null, "name:mr:--2018-07-19": null, "is_in": null, "short_name": null, "name:zh": null, "opening_date": null, "subway": "yes", "date:rebuilt": null, "date:renamed": null, "name:1928-1934": null, "wikimedia_commons": null, "building": null, "description": null, "construction": null, "construction:railway": null, "public_transport:version": null, "name:ur": null, "internet_access:ssid": null, "loc_name": null, "loc_name:en": null, "loc_name:hi": null, "loc_name:mr": null, "old_name:hi": null, "old_name:mr": null, "short_name:en": null, "short_name:hi": null, "short_name:mr": null, "landuse": null, "building:levels": null, "building:min_level": null, "layer": null, "nohousenumber": null, "not:network:wikidata": null, "elevation": null, "bench": null, "lit": null, "shelter": null, "air_conditioning": null, "internet_access:fee": null }, "geometry": { "type": "Point", "coordinates": [ 72.8358611, 19.1852851 ] } },
{ "type": "Feature", "properties": { "element": "node", "id": 10576726763, "internet_access": null, "name": "Valnai-Meeth Chowky", "name:hi": null, "name:mr": "वळनई-मीठ चौकी", "network": null, "network:wikidata": null, "operator": null, "public_transport": "station", "railway": "station", "ref": null, "train": null, "wikidata": "Q116188743", "wikipedia": null, "name:en": null, "start_date": null, "ele": null, "name:ml": null, "wheelchair": null, "addr:city": null, "addr:postcode": null, "addr:street": null, "alt_name": null, "alt_name:en": null, "alt_name:hi": null, "alt_name:mr": null, "monorail": null, "station": "subway", "toilets:wheelchair": null, "ref:suburban": null, "IR:zone": null, "historic:name": null, "historic:ref": null, "old_name": null, "old_ref": null, "official_name": null, "official_name:en": null, "official_name:hi": null, "official_name:mr": null, "old_name:en": null, "name:mr:--2018-07-19": null, "is_in": null, "short_name": null, "name:zh": null, "opening_date": null, "subway": "yes", "date:rebuilt": null, "date:renamed": null, "name:1928-1934": null, "wikimedia_commons": null, "building": null, "description": null, "construction": null, "construction:railway": null, "public_transport:version": null, "name:ur": null, "internet_access:ssid": null, "loc_name": null, "loc_name:en": null, "loc_name:hi": null, "loc_name:mr": null, "old_name:hi": null, "old_name:mr": null, "short_name:en": null, "short_name:hi": null, "short_name:mr": null, "landuse": null, "building:levels": null, "building:min_level": null, "layer": null, "nohousenumber": null, "not:network:wikidata": null, "elevation": null, "bench": null, "lit": null, "shelter": null, "air_conditioning": null, "internet_access:fee": null }, "geometry": { "type": "Point", "coordinates": [ 72.8337752, 19.1968293 ] } },
{ "type": "Feature", "properties": { "element": "node", "id": 12074909129, "internet_access": null, "name": "Bandra Colony", "name:hi": "बांद्रा कॉलोनी", "name:mr": null, "network": "Mumbai Metro", "network:wikidata": null, "operator": "Mumbai Metro Rail Corporation Ltd", "public_transport": "station", "railway": "station", "ref": "VIDN", "train": null, "wikidata": null, "wikipedia": null, "name:en": null, "start_date": "2024-10-05", "ele": null, "name:ml": null, "wheelchair": "yes", "addr:city": null, "addr:postcode": null, "addr:street": null, "alt_name": null, "alt_name:en": null, "alt_name:hi": null, "alt_name:mr": null, "monorail": null, "station": "subway", "toilets:wheelchair": null, "ref:suburban": null, "IR:zone": null, "historic:name": null, "historic:ref": null, "old_name": null, "old_ref": null, "official_name": null, "official_name:en": null, "official_name:hi": null, "official_name:mr": null, "old_name:en": null, "name:mr:--2018-07-19": null, "is_in": null, "short_name": null, "name:zh": null, "opening_date": null, "subway": "yes", "date:rebuilt": null, "date:renamed": null, "name:1928-1934": null, "wikimedia_commons": null, "building": null, "description": null, "construction": null, "construction:railway": null, "public_transport:version": null, "name:ur": null, "internet_access:ssid": null, "loc_name": null, "loc_name:en": null, "loc_name:hi": null, "loc_name:mr": null, "old_name:hi": null, "old_name:mr": null, "short_name:en": null, "short_name:hi": null, "short_name:mr": null, "landuse": null, "building:levels": null, "building:min_level": null, "layer": null, "nohousenumber": null, "not:network:wikidata": null, "elevation": null, "bench": null, "lit": null, "shelter": null, "air_conditioning": null, "internet_access:fee": null }, "geometry": { "type": "Point", "coordinates": [ 72.8493601, 19.0699627 ] } },
{ "type": "Feature", "properties": { "element": "node", "id": 12074909130, "internet_access": null, "name": "Santacruz", "name:hi": "सांताक्रूज़", "name:mr": "सांताक्रूझ", "network": "Mumbai Metro", "network:wikidata": null, "operator": "Mumbai Metro Rail Corporation Ltd", "public_transport": "station", "railway": "station", "ref": null, "train": null, "wikidata": null, "wikipedia": null, "name:en": null, "start_date": "2024-10-05", "ele": null, "name:ml": null, "wheelchair": null, "addr:city": null, "addr:postcode": null, "addr:street": null, "alt_name": null, "alt_name:en": null, "alt_name:hi": null, "alt_name:mr": null, "monorail": null, "station": "subway", "toilets:wheelchair": null, "ref:suburban": null, "IR:zone": null, "historic:name": null, "historic:ref": null, "old_name": null, "old_ref": null, "official_name": null, "official_name:en": null, "official_name:hi": null, "official_name:mr": null, "old_name:en": null, "name:mr:--2018-07-19": null, "is_in": null, "short_name": null, "name:zh": null, "opening_date": null, "subway": "yes", "date:rebuilt": null, "date:renamed": null, "name:1928-1934": null, "wikimedia_commons": null, "building": null, "description": null, "construction": null, "construction:railway": null, "public_transport:version": null, "name:ur": null, "internet_access:ssid": null, "loc_name": null, "loc_name:en": null, "loc_name:hi": null, "loc_name:mr": null, "old_name:hi": null, "old_name:mr": null, "short_name:en": null, "short_name:hi": null, "short_name:mr": null, "landuse": null, "building:levels": null, "building:min_level": null, "layer": null, "nohousenumber": null, "not:network:wikidata": null, "elevation": null, "bench": null, "lit": null, "shelter": null, "air_conditioning": null, "internet_access:fee": null }, "geometry": { "type": "Point", "coordinates": [ 72.8471185, 19.0792887 ] } },
{ "type": "Feature", "properties": { "element": "node", "id": 12074909131, "internet_access": null, "name": "CSMI Airport Domestic T1", "name:hi": "सीएसएमआई घरेलू हवाई अड्डा टर्मिनल 1", "name:mr": "छ.शि.म.आं.वि. ट-१", "network": "Mumbai Metro", "network:wikidata": null, "operator": "Mumbai Metro Rail Corporation Ltd", "public_transport": "station", "railway": "station", "ref": null, "train": null, "wikidata": null, "wikipedia": null, "name:en": null, "start_date": "2024-10-05", "ele": null, "name:ml": null, "wheelchair": null, "addr:city": null, "addr:postcode": null, "addr:street": null, "alt_name": null, "alt_name:en": null, "alt_name:hi": null, "alt_name:mr": null, "monorail": null, "station": "subway", "toilets:wheelchair": null, "ref:suburban": null, "IR:zone": null, "historic:name": null, "historic:ref": null, "old_name": null, "old_ref": null, "official_name": null, "official_name:en": null, "official_name:hi": null, "official_name:mr": null, "old_name:en": null, "name:mr:--2018-07-19": null, "is_in": null, "short_name": null, "name:zh": null, "opening_date": null, "subway": "yes", "date:rebuilt": null, "date:renamed": null, "name:1928-1934": null, "wikimedia_commons": null, "building": null, "description": null, "construction": null, "construction:railway": null, "public_transport:version": null, "name:ur": null, "internet_access:ssid": null, "loc_name": null, "loc_name:en": null, "loc_name:hi": null, "loc_name:mr": null, "old_name:hi": null, "old_name:mr": null, "short_name:en": null, "short_name:hi": null, "short_name:mr": null, "landuse": null, "building:levels": null, "building:min_level": null, "layer": null, "nohousenumber": null, "not:network:wikidata": null, "elevation": null, "bench": null, "lit": null, "shelter": null, "air_conditioning": null, "internet_access:fee": null }, "geometry": { "type": "Point", "coordinates": [ 72.8535765, 19.093899 ] } },
{ "type": "Feature", "properties": { "element": "node", "id": 12074909132, "internet_access": null, "name": "Sahar Road", "name:hi": "सहार रोड", "name:mr": "सहार रोड", "network": "Mumbai Metro", "network:wikidata": null, "operator": "Mumbai Metro Rail Corporation Ltd", "public_transport": "station", "railway": "station", "ref": null, "train": null, "wikidata": null, "wikipedia": null, "name:en": null, "start_date": "2024-10-05", "ele": null, "name:ml": null, "wheelchair": null, "addr:city": null, "addr:postcode": null, "addr:street": null, "alt_name": null, "alt_name:en": null, "alt_name:hi": null, "alt_name:mr": null, "monorail": null, "station": "subway", "toilets:wheelchair": null, "ref:suburban": null, "IR:zone": null, "historic:name": null, "historic:ref": null, "old_name": null, "old_ref": null, "official_name": null, "official_name:en": null, "official_name:hi": null, "official_name:mr": null, "old_name:en": null, "name:mr:--2018-07-19": null, "is_in": null, "short_name": null, "name:zh": null, "opening_date": null, "subway": "yes", "date:rebuilt": null, "date:renamed": null, "name:1928-1934": null, "wikimedia_commons": null, "building": null, "description": null, "construction": null, "construction:railway": null, "public_transport:version": null, "name:ur": null, "internet_access:ssid": null, "loc_name": null, "loc_name:en": null, "loc_name:hi": null, "loc_name:mr": null, "old_name:hi": null, "old_name:mr": null, "short_name:en": null, "short_name:hi": null, "short_name:mr": null, "landuse": null, "building:levels": null, "building:min_level": null, "layer": null, "nohousenumber": null, "not:network:wikidata": null, "elevation": null, "bench": null, "lit": null, "shelter": null, "air_conditioning": null, "internet_access:fee": null }, "geometry": { "type": "Point", "coordinates": [ 72.8652361, 19.102196 ] } },
{ "type": "Feature", "properties": { "element": "node", "id": 12171122260, "internet_access": "no", "name": "Masjid", "name:hi": "मस्जिद", "name:mr": "मस्जिद", "network": "IR", "network:wikidata": null, "operator": "CR", "public_transport": "station", "railway": "station", "ref": "MSD", "train": "yes", "wikidata": "Q12445809", "wikipedia": "en:Masjid railway station", "name:en": "Masjid", "start_date": "1875-09-20", "ele": null, "name:ml": "മസ്ജിദ്", "wheelchair": null, "addr:city": null, "addr:postcode": null, "addr:street": null, "alt_name": "Masjid Bunder", "alt_name:en": "Masjid Bunder", "alt_name:hi": "मस्जिद बंदर;मशीद बंदर", "alt_name:mr": "मस्जिद बंदर", "monorail": null, "station": null, "toilets:wheelchair": null, "ref:suburban": null, "IR:zone": null, "historic:name": null, "historic:ref": null, "old_name": null, "old_ref": null, "official_name": null, "official_name:en": null, "official_name:hi": "मशीद", "official_name:mr": null, "old_name:en": null, "name:mr:--2018-07-19": null, "is_in": null, "short_name": null, "name:zh": null, "opening_date": null, "subway": null, "date:rebuilt": null, "date:renamed": null, "name:1928-1934": null, "wikimedia_commons": null, "building": null, "description": null, "construction": null, "construction:railway": null, "public_transport:version": null, "name:ur": "مسجد", "internet_access:ssid": null, "loc_name": null, "loc_name:en": null, "loc_name:hi": null, "loc_name:mr": null, "old_name:hi": null, "old_name:mr": null, "short_name:en": null, "short_name:hi": null, "short_name:mr": null, "landuse": null, "building:levels": null, "building:min_level": null, "layer": null, "nohousenumber": null, "not:network:wikidata": null, "elevation": null, "bench": null, "lit": null, "shelter": null, "air_conditioning": null, "internet_access:fee": null }, "geometry": { "type": "Point", "coordinates": [ 72.8381771, 18.9522949 ] } },
{ "type": "Feature", "properties": { "element": "node", "id": 12176277888, "internet_access": "wlan", "name": "Mumbai CSMT", "name:hi": "मुंबई सीएसएमटी", "name:mr": "मुंबई सीएसएमटी", "network": "CR", "network:wikidata": null, "operator": "Central Railway", "public_transport": "station", "railway": "station", "ref": "CSMT", "train": "yes", "wikidata": "Q235884", "wikipedia": "en:Chhatrapati Shivaji Terminus railway station", "name:en": "Mumbai CSMT", "start_date": "1882-01-01", "ele": null, "name:ml": null, "wheelchair": "yes", "addr:city": "Mumbai", "addr:postcode": "400001", "addr:street": "Dr Dadabhai Naoroji Road", "alt_name": null, "alt_name:en": null, "alt_name:hi": null, "alt_name:mr": null, "monorail": null, "station": null, "toilets:wheelchair": null, "ref:suburban": null, "IR:zone": null, "historic:name": null, "historic:ref": null, "old_name": "Victoria Terminus", "old_ref": null, "official_name": "Mumbai Chhatrapati Shivaji Maharaj Terminus", "official_name:en": "Mumbai Chhatrapati Shivaji Maharaj Terminus", "official_name:hi": "मुंबई छत्रपती शिवाजी महाराज टर्मिनस", "official_name:mr": "मुंबई छत्रपती शिवाजी महाराज टर्मिनस", "old_name:en": "Victoria Terminus", "name:mr:--2018-07-19": null, "is_in": null, "short_name": "CSMT;CST;VT", "name:zh": null, "opening_date": null, "subway": null, "date:rebuilt": null, "date:renamed": null, "name:1928-1934": null, "wikimedia_commons": null, "building": null, "description": null, "construction": null, "construction:railway": null, "public_transport:version": null, "name:ur": "ممبئی سی ایس ایم ٹی ٹرمینل", "internet_access:ssid": "RailWire Wi-Fi", "loc_name": "Mumbai Chhatrapati Shivaji Terminus", "loc_name:en": "Mumbai Chhatrapati Shivaji Terminus", "loc_name:hi": "मुंबई छत्रपती शिवाजी टर्मिनस", "loc_name:mr": "मुंबई छत्रपती शिवाजी टर्मिनस", "old_name:hi": "व्हिक्टोरिया टर्मिनस", "old_name:mr": "व्हिक्टोरिया टर्मिनस", "short_name:en": "CSMT;CST;VT", "short_name:hi": "सीएसएमटी;सीएसटी;व्हीटी", "short_name:mr": "सीएसएमटी;सीएसटी;व्हीटी", "landuse": null, "building:levels": null, "building:min_level": null, "layer": null, "nohousenumber": null, "not:network:wikidata": null, "elevation": null, "bench": null, "lit": null, "shelter": null, "air_conditioning": null, "internet_access:fee": null }, "geometry": { "type": "Point", "coordinates": [ 72.8357856, 18.9404925 ] } },
{ "type": "Feature", "properties": { "element": "node", "id": 12189351698, "internet_access": null, "name": "Jogeshwari (Harbour Line)", "name:hi": null, "name:mr": "जोगेश्‍वरी", "network": "Indian Railways", "network:wikidata": null, "operator": "Western Railway", "public_transport": "station", "railway": "station", "ref": "JOS", "train": "yes", "wikidata": null, "wikipedia": null, "name:en": null, "start_date": null, "ele": null, "name:ml": null, "wheelchair": null, "addr:city": null, "addr:postcode": null, "addr:street": null, "alt_name": null, "alt_name:en": null, "alt_name:hi": null, "alt_name:mr": null, "monorail": null, "station": null, "toilets:wheelchair": null, "ref:suburban": null, "IR:zone": null, "historic:name": null, "historic:ref": null, "old_name": null, "old_ref": null, "official_name": null, "official_name:en": null, "official_name:hi": null, "official_name:mr": null, "old_name:en": null, "name:mr:--2018-07-19": null, "is_in": null, "short_name": null, "name:zh": null, "opening_date": null, "subway": null, "date:rebuilt": null, "date:renamed": null, "name:1928-1934": null, "wikimedia_commons": null, "building": null, "description": null, "construction": null, "construction:railway": null, "public_transport:version": null, "name:ur": null, "internet_access:ssid": null, "loc_name": null, "loc_name:en": null, "loc_name:hi": null, "loc_name:mr": null, "old_name:hi": null, "old_name:mr": null, "short_name:en": null, "short_name:hi": null, "short_name:mr": null, "landuse": null, "building:levels": null, "building:min_level": null, "layer": null, "nohousenumber": null, "not:network:wikidata": null, "elevation": null, "bench": null, "lit": null, "shelter": null, "air_conditioning": null, "internet_access:fee": null }, "geometry": { "type": "Point", "coordinates": [ 72.8494209, 19.1411537 ] } },
{ "type": "Feature", "properties": { "element": "node", "id": 12189363305, "internet_access": null, "name": "Jogeshwari (Western Line)", "name:hi": null, "name:mr": "जोगेश्‍वरी", "network": "Mumbai Suburban Railway", "network:wikidata": "Q3273422", "operator": "Western Railway", "public_transport": "station", "railway": "station", "ref": "JOS", "train": "yes", "wikidata": null, "wikipedia": null, "name:en": null, "start_date": null, "ele": null, "name:ml": null, "wheelchair": null, "addr:city": null, "addr:postcode": null, "addr:street": null, "alt_name": null, "alt_name:en": null, "alt_name:hi": null, "alt_name:mr": null, "monorail": null, "station": null, "toilets:wheelchair": null, "ref:suburban": null, "IR:zone": null, "historic:name": null, "historic:ref": null, "old_name": null, "old_ref": null, "official_name": null, "official_name:en": null, "official_name:hi": null, "official_name:mr": null, "old_name:en": null, "name:mr:--2018-07-19": null, "is_in": null, "short_name": null, "name:zh": null, "opening_date": null, "subway": null, "date:rebuilt": null, "date:renamed": null, "name:1928-1934": null, "wikimedia_commons": null, "building": null, "description": null, "construction": null, "construction:railway": null, "public_transport:version": null, "name:ur": null, "internet_access:ssid": null, "loc_name": null, "loc_name:en": null, "loc_name:hi": null, "loc_name:mr": null, "old_name:hi": null, "old_name:mr": null, "short_name:en": null, "short_name:hi": null, "short_name:mr": null, "landuse": null, "building:levels": null, "building:min_level": null, "layer": null, "nohousenumber": null, "not:network:wikidata": null, "elevation": null, "bench": null, "lit": null, "shelter": null, "air_conditioning": null, "internet_access:fee": null }, "geometry": { "type": "Point", "coordinates": [ 72.848936, 19.1361144 ] } },
{ "type": "Feature", "properties": { "element": "node", "id": 12196197980, "internet_access": null, "name": "Bangur Nagar", "name:hi": "बांगुर नगर", "name:mr": "बांगुर नगर", "network": null, "network:wikidata": null, "operator": null, "public_transport": "station", "railway": "station", "ref": null, "train": null, "wikidata": null, "wikipedia": null, "name:en": null, "start_date": null, "ele": null, "name:ml": null, "wheelchair": null, "addr:city": null, "addr:postcode": null, "addr:street": null, "alt_name": "Pahadi Goregaon", "alt_name:en": null, "alt_name:hi": null, "alt_name:mr": "पहाडी गोरेगाव", "monorail": null, "station": "subway", "toilets:wheelchair": null, "ref:suburban": null, "IR:zone": null, "historic:name": null, "historic:ref": null, "old_name": null, "old_ref": null, "official_name": null, "official_name:en": null, "official_name:hi": null, "official_name:mr": null, "old_name:en": null, "name:mr:--2018-07-19": null, "is_in": null, "short_name": null, "name:zh": null, "opening_date": null, "subway": "yes", "date:rebuilt": null, "date:renamed": null, "name:1928-1934": null, "wikimedia_commons": null, "building": null, "description": null, "construction": null, "construction:railway": null, "public_transport:version": null, "name:ur": null, "internet_access:ssid": null, "loc_name": null, "loc_name:en": null, "loc_name:hi": null, "loc_name:mr": null, "old_name:hi": null, "old_name:mr": null, "short_name:en": null, "short_name:hi": null, "short_name:mr": null, "landuse": null, "building:levels": null, "building:min_level": null, "layer": null, "nohousenumber": null, "not:network:wikidata": null, "elevation": null, "bench": null, "lit": null, "shelter": null, "air_conditioning": null, "internet_access:fee": null }, "geometry": { "type": "Point", "coordinates": [ 72.8348708, 19.1624723 ] } },
{ "type": "Feature", "properties": { "element": "node", "id": 12855459845, "internet_access": null, "name": "Dadar", "name:hi": "दादर", "name:mr": "दादर", "network": "Mumbai Metro", "network:wikidata": null, "operator": "Mumbai Metro Rail Corporation Ltd", "public_transport": "station", "railway": "station", "ref": null, "train": null, "wikidata": null, "wikipedia": null, "name:en": null, "start_date": null, "ele": null, "name:ml": null, "wheelchair": null, "addr:city": null, "addr:postcode": null, "addr:street": null, "alt_name": null, "alt_name:en": null, "alt_name:hi": null, "alt_name:mr": null, "monorail": null, "station": "subway", "toilets:wheelchair": null, "ref:suburban": null, "IR:zone": null, "historic:name": null, "historic:ref": null, "old_name": null, "old_ref": null, "official_name": null, "official_name:en": null, "official_name:hi": null, "official_name:mr": null, "old_name:en": null, "name:mr:--2018-07-19": null, "is_in": null, "short_name": null, "name:zh": null, "opening_date": null, "subway": "yes", "date:rebuilt": null, "date:renamed": null, "name:1928-1934": null, "wikimedia_commons": null, "building": null, "description": null, "construction": null, "construction:railway": null, "public_transport:version": null, "name:ur": null, "internet_access:ssid": null, "loc_name": null, "loc_name:en": null, "loc_name:hi": null, "loc_name:mr": null, "old_name:hi": null, "old_name:mr": null, "short_name:en": null, "short_name:hi": null, "short_name:mr": null, "landuse": null, "building:levels": null, "building:min_level": null, "layer": null, "nohousenumber": null, "not:network:wikidata": null, "elevation": null, "bench": null, "lit": null, "shelter": null, "air_conditioning": null, "internet_access:fee": null }, "geometry": { "type": "Point", "coordinates": [ 72.8392214, 19.0236238 ] } },
{ "type": "Feature", "properties": { "element": "node", "id": 12855459846, "internet_access": null, "name": "Shitala Devi Mandir", "name:hi": "शीतला देवी मंदिर", "name:mr": "शितला देवी मंदिर", "network": "Mumbai Metro", "network:wikidata": null, "operator": "Mumbai Metro Rail Corporation Ltd", "public_transport": "station", "railway": "station", "ref": null, "train": null, "wikidata": "Q134454499", "wikipedia": null, "name:en": null, "start_date": null, "ele": null, "name:ml": null, "wheelchair": null, "addr:city": null, "addr:postcode": null, "addr:street": null, "alt_name": null, "alt_name:en": null, "alt_name:hi": null, "alt_name:mr": null, "monorail": null, "station": "subway", "toilets:wheelchair": null, "ref:suburban": null, "IR:zone": null, "historic:name": null, "historic:ref": null, "old_name": null, "old_ref": null, "official_name": null, "official_name:en": null, "official_name:hi": null, "official_name:mr": null, "old_name:en": null, "name:mr:--2018-07-19": null, "is_in": null, "short_name": null, "name:zh": null, "opening_date": null, "subway": "yes", "date:rebuilt": null, "date:renamed": null, "name:1928-1934": null, "wikimedia_commons": null, "building": null, "description": null, "construction": null, "construction:railway": null, "public_transport:version": null, "name:ur": null, "internet_access:ssid": null, "loc_name": null, "loc_name:en": null, "loc_name:hi": null, "loc_name:mr": null, "old_name:hi": null, "old_name:mr": null, "short_name:en": null, "short_name:hi": null, "short_name:mr": null, "landuse": null, "building:levels": null, "building:min_level": null, "layer": null, "nohousenumber": null, "not:network:wikidata": null, "elevation": null, "bench": null, "lit": null, "shelter": null, "air_conditioning": null, "internet_access:fee": null }, "geometry": { "type": "Point", "coordinates": [ 72.8419646, 19.0384641 ] } },
{ "type": "Feature", "properties": { "element": "node", "id": 12855459847, "internet_access": null, "name": "Dharavi", "name:hi": "धारावी", "name:mr": "धारावी", "network": "Mumbai Metro", "network:wikidata": null, "operator": "Mumbai Metro Rail Corporation Ltd", "public_transport": "station", "railway": "station", "ref": null, "train": null, "wikidata": "Q134454499", "wikipedia": null, "name:en": "Dharavi", "start_date": null, "ele": null, "name:ml": null, "wheelchair": null, "addr:city": null, "addr:postcode": null, "addr:street": null, "alt_name": null, "alt_name:en": null, "alt_name:hi": null, "alt_name:mr": null, "monorail": null, "station": "subway", "toilets:wheelchair": null, "ref:suburban": null, "IR:zone": null, "historic:name": null, "historic:ref": null, "old_name": null, "old_ref": null, "official_name": null, "official_name:en": null, "official_name:hi": null, "official_name:mr": null, "old_name:en": null, "name:mr:--2018-07-19": null, "is_in": null, "short_name": null, "name:zh": null, "opening_date": null, "subway": "yes", "date:rebuilt": null, "date:renamed": null, "name:1928-1934": null, "wikimedia_commons": null, "building": null, "description": null, "construction": null, "construction:railway": null, "public_transport:version": null, "name:ur": null, "internet_access:ssid": null, "loc_name": null, "loc_name:en": null, "loc_name:hi": null, "loc_name:mr": null, "old_name:hi": null, "old_name:mr": null, "short_name:en": null, "short_name:hi": null, "short_name:mr": null, "landuse": null, "building:levels": null, "building:min_level": null, "layer": null, "nohousenumber": null, "not:network:wikidata": null, "elevation": null, "bench": null, "lit": null, "shelter": null, "air_conditioning": null, "internet_access:fee": null }, "geometry": { "type": "Point", "coordinates": [ 72.849741, 19.0462612 ] } },
{ "type": "Feature", "properties": { "element": "node", "id": 12857565154, "internet_access": null, "name": "Acharya Atre Chowk", "name:hi": "आचार्य अत्रे चौक", "name:mr": "आचार्य अत्रे चौक", "network": "Mumbai Metro", "network:wikidata": null, "operator": "Mumbai Metro Rail Corporation Ltd", "public_transport": "station", "railway": "station", "ref": null, "train": null, "wikidata": null, "wikipedia": null, "name:en": "Acharya Atre Chowk", "start_date": null, "ele": null, "name:ml": null, "wheelchair": null, "addr:city": null, "addr:postcode": null, "addr:street": null, "alt_name": null, "alt_name:en": null, "alt_name:hi": null, "alt_name:mr": null, "monorail": null, "station": "subway", "toilets:wheelchair": null, "ref:suburban": null, "IR:zone": null, "historic:name": null, "historic:ref": null, "old_name": null, "old_ref": null, "official_name": null, "official_name:en": null, "official_name:hi": null, "official_name:mr": null, "old_name:en": null, "name:mr:--2018-07-19": null, "is_in": null, "short_name": null, "name:zh": null, "opening_date": null, "subway": "yes", "date:rebuilt": null, "date:renamed": null, "name:1928-1934": null, "wikimedia_commons": null, "building": null, "description": null, "construction": null, "construction:railway": null, "public_transport:version": null, "name:ur": null, "internet_access:ssid": null, "loc_name": null, "loc_name:en": null, "loc_name:hi": null, "loc_name:mr": null, "old_name:hi": null, "old_name:mr": null, "short_name:en": null, "short_name:hi": null, "short_name:mr": null, "landuse": null, "building:levels": null, "building:min_level": null, "layer": null, "nohousenumber": null, "not:network:wikidata": null, "elevation": null, "bench": null, "lit": null, "shelter": null, "air_conditioning": null, "internet_access:fee": null }, "geometry": { "type": "Point", "coordinates": [ 72.8177201, 18.9978202 ] } },
{ "type": "Feature", "properties": { "element": "node", "id": 12857565155, "internet_access": null, "name": "Worli", "name:hi": "वर्ली", "name:mr": "वरळी", "network": "Mumbai Metro", "network:wikidata": null, "operator": "Mumbai Metro Rail Corporation Ltd", "public_transport": "station", "railway": "station", "ref": "WOR", "train": null, "wikidata": null, "wikipedia": null, "name:en": "Worli", "start_date": null, "ele": null, "name:ml": null, "wheelchair": null, "addr:city": null, "addr:postcode": null, "addr:street": null, "alt_name": null, "alt_name:en": null, "alt_name:hi": null, "alt_name:mr": null, "monorail": null, "station": "subway", "toilets:wheelchair": null, "ref:suburban": null, "IR:zone": null, "historic:name": null, "historic:ref": null, "old_name": null, "old_ref": null, "official_name": null, "official_name:en": null, "official_name:hi": null, "official_name:mr": null, "old_name:en": null, "name:mr:--2018-07-19": null, "is_in": null, "short_name": null, "name:zh": null, "opening_date": null, "subway": "yes", "date:rebuilt": null, "date:renamed": null, "name:1928-1934": null, "wikimedia_commons": null, "building": null, "description": null, "construction": null, "construction:railway": null, "public_transport:version": null, "name:ur": null, "internet_access:ssid": null, "loc_name": null, "loc_name:en": null, "loc_name:hi": null, "loc_name:mr": null, "old_name:hi": null, "old_name:mr": null, "short_name:en": null, "short_name:hi": null, "short_name:mr": null, "landuse": null, "building:levels": null, "building:min_level": null, "layer": null, "nohousenumber": null, "not:network:wikidata": null, "elevation": null, "bench": null, "lit": null, "shelter": null, "air_conditioning": null, "internet_access:fee": null }, "geometry": { "type": "Point", "coordinates": [ 72.8192741, 19.0086057 ] } },
{ "type": "Feature", "properties": { "element": "node", "id": 12857565156, "internet_access": null, "name": "Siddhivinayak Temple", "name:hi": "सिद्धिविनायक मंदिर", "name:mr": "सिद्धिविनायक मंदिर", "network": "Mumbai Metro", "network:wikidata": null, "operator": "Mumbai Metro Rail Corporation Ltd", "public_transport": "station", "railway": "station", "ref": null, "train": null, "wikidata": null, "wikipedia": null, "name:en": null, "start_date": null, "ele": null, "name:ml": null, "wheelchair": null, "addr:city": null, "addr:postcode": null, "addr:street": null, "alt_name": null, "alt_name:en": null, "alt_name:hi": null, "alt_name:mr": null, "monorail": null, "station": "subway", "toilets:wheelchair": null, "ref:suburban": null, "IR:zone": null, "historic:name": null, "historic:ref": null, "old_name": null, "old_ref": null, "official_name": null, "official_name:en": null, "official_name:hi": null, "official_name:mr": null, "old_name:en": null, "name:mr:--2018-07-19": null, "is_in": null, "short_name": null, "name:zh": null, "opening_date": null, "subway": "yes", "date:rebuilt": null, "date:renamed": null, "name:1928-1934": null, "wikimedia_commons": null, "building": null, "description": null, "construction": null, "construction:railway": null, "public_transport:version": null, "name:ur": null, "internet_access:ssid": null, "loc_name": null, "loc_name:en": null, "loc_name:hi": null, "loc_name:mr": null, "old_name:hi": null, "old_name:mr": null, "short_name:en": null, "short_name:hi": null, "short_name:mr": null, "landuse": null, "building:levels": null, "building:min_level": null, "layer": null, "nohousenumber": null, "not:network:wikidata": null, "elevation": null, "bench": null, "lit": null, "shelter": null, "air_conditioning": null, "internet_access:fee": null }, "geometry": { "type": "Point", "coordinates": [ 72.8309199, 19.0158935 ] } },
{ "type": "Feature", "properties": { "element": "node", "id": 13192130534, "internet_access": null, "name": "Jagannath Shankar Sheth Metro", "name:hi": "जगन्नाथ शंकर शेठ मेट्रो", "name:mr": "जगन्नाथ शंकर शेठ मेट्रो", "network": "Mumbai Metro", "network:wikidata": null, "operator": "Mumbai Metro Rail Corporation Ltd", "public_transport": "station", "railway": "station", "ref": "MCLM", "train": null, "wikidata": "Q130461631", "wikipedia": null, "name:en": null, "start_date": null, "ele": null, "name:ml": null, "wheelchair": null, "addr:city": null, "addr:postcode": null, "addr:street": null, "alt_name": null, "alt_name:en": null, "alt_name:hi": null, "alt_name:mr": null, "monorail": null, "station": "subway", "toilets:wheelchair": null, "ref:suburban": null, "IR:zone": null, "historic:name": null, "historic:ref": null, "old_name": null, "old_ref": null, "official_name": null, "official_name:en": null, "official_name:hi": null, "official_name:mr": null, "old_name:en": null, "name:mr:--2018-07-19": null, "is_in": null, "short_name": null, "name:zh": null, "opening_date": null, "subway": "yes", "date:rebuilt": null, "date:renamed": null, "name:1928-1934": null, "wikimedia_commons": null, "building": null, "description": null, "construction": null, "construction:railway": null, "public_transport:version": null, "name:ur": null, "internet_access:ssid": null, "loc_name": null, "loc_name:en": null, "loc_name:hi": null, "loc_name:mr": null, "old_name:hi": null, "old_name:mr": null, "short_name:en": null, "short_name:hi": null, "short_name:mr": null, "landuse": null, "building:levels": null, "building:min_level": null, "layer": null, "nohousenumber": null, "not:network:wikidata": null, "elevation": null, "bench": null, "lit": null, "shelter": null, "air_conditioning": null, "internet_access:fee": null }, "geometry": { "type": "Point", "coordinates": [ 72.8211795, 18.9699923 ] } },
{ "type": "Feature", "properties": { "element": "node", "id": 13192130535, "internet_access": null, "name": "Mahalaxmi", "name:hi": "महालक्ष्मी", "name:mr": "महालक्ष्मी", "network": "Mumbai Metro", "network:wikidata": null, "operator": "Mumbai Metro Rail Corporation Ltd", "public_transport": "station", "railway": "station", "ref": null, "train": null, "wikidata": null, "wikipedia": null, "name:en": "Mahalaxmi", "start_date": null, "ele": null, "name:ml": null, "wheelchair": null, "addr:city": null, "addr:postcode": null, "addr:street": null, "alt_name": null, "alt_name:en": null, "alt_name:hi": null, "alt_name:mr": null, "monorail": null, "station": "subway", "toilets:wheelchair": null, "ref:suburban": null, "IR:zone": null, "historic:name": null, "historic:ref": null, "old_name": null, "old_ref": null, "official_name": null, "official_name:en": null, "official_name:hi": null, "official_name:mr": null, "old_name:en": null, "name:mr:--2018-07-19": null, "is_in": null, "short_name": null, "name:zh": null, "opening_date": null, "subway": "yes", "date:rebuilt": null, "date:renamed": null, "name:1928-1934": null, "wikimedia_commons": null, "building": null, "description": null, "construction": null, "construction:railway": null, "public_transport:version": null, "name:ur": null, "internet_access:ssid": null, "loc_name": null, "loc_name:en": null, "loc_name:hi": null, "loc_name:mr": null, "old_name:hi": null, "old_name:mr": null, "short_name:en": null, "short_name:hi": null, "short_name:mr": null, "landuse": null, "building:levels": null, "building:min_level": null, "layer": null, "nohousenumber": null, "not:network:wikidata": null, "elevation": null, "bench": null, "lit": null, "shelter": null, "air_conditioning": null, "internet_access:fee": null }, "geometry": { "type": "Point", "coordinates": [ 72.8254006, 18.979467 ] } },
{ "type": "Feature", "properties": { "element": "node", "id": 13192130536, "internet_access": null, "name": "Science Centre", "name:hi": "विज्ञान संग्रहालय", "name:mr": "विज्ञान संग्रहालय", "network": "Mumbai Metro", "network:wikidata": null, "operator": "Mumbai Metro Rail Corporation Ltd", "public_transport": "station", "railway": "station", "ref": null, "train": null, "wikidata": "Q130461632", "wikipedia": null, "name:en": null, "start_date": "2025-10-09", "ele": null, "name:ml": null, "wheelchair": null, "addr:city": null, "addr:postcode": null, "addr:street": null, "alt_name": null, "alt_name:en": null, "alt_name:hi": null, "alt_name:mr": null, "monorail": null, "station": "subway", "toilets:wheelchair": null, "ref:suburban": null, "IR:zone": null, "historic:name": null, "historic:ref": null, "old_name": null, "old_ref": null, "official_name": null, "official_name:en": null, "official_name:hi": null, "official_name:mr": null, "old_name:en": null, "name:mr:--2018-07-19": null, "is_in": null, "short_name": null, "name:zh": null, "opening_date": null, "subway": "yes", "date:rebuilt": null, "date:renamed": null, "name:1928-1934": null, "wikimedia_commons": null, "building": null, "description": null, "construction": null, "construction:railway": null, "public_transport:version": null, "name:ur": null, "internet_access:ssid": null, "loc_name": null, "loc_name:en": null, "loc_name:hi": null, "loc_name:mr": null, "old_name:hi": null, "old_name:mr": null, "short_name:en": null, "short_name:hi": null, "short_name:mr": null, "landuse": null, "building:levels": null, "building:min_level": null, "layer": null, "nohousenumber": null, "not:network:wikidata": null, "elevation": null, "bench": null, "lit": null, "shelter": null, "air_conditioning": null, "internet_access:fee": null }, "geometry": { "type": "Point", "coordinates": [ 72.8213521, 18.9908949 ] } },
{ "type": "Feature", "properties": { "element": "node", "id": 13207029317, "internet_access": null, "name": "Cuffe Parade", "name:hi": "कफ़ परेड", "name:mr": "कफ परेड", "network": "Mumbai Metro", "network:wikidata": null, "operator": "Mumbai Metro Rail Corporation Ltd", "public_transport": "station", "railway": "station", "ref": "CUP", "train": null, "wikidata": null, "wikipedia": null, "name:en": null, "start_date": "2025-10-09", "ele": null, "name:ml": null, "wheelchair": null, "addr:city": null, "addr:postcode": null, "addr:street": null, "alt_name": null, "alt_name:en": null, "alt_name:hi": null, "alt_name:mr": null, "monorail": null, "station": "subway", "toilets:wheelchair": null, "ref:suburban": null, "IR:zone": null, "historic:name": null, "historic:ref": null, "old_name": null, "old_ref": null, "official_name": null, "official_name:en": null, "official_name:hi": null, "official_name:mr": null, "old_name:en": null, "name:mr:--2018-07-19": null, "is_in": null, "short_name": null, "name:zh": null, "opening_date": null, "subway": "yes", "date:rebuilt": null, "date:renamed": null, "name:1928-1934": null, "wikimedia_commons": null, "building": null, "description": null, "construction": null, "construction:railway": null, "public_transport:version": null, "name:ur": null, "internet_access:ssid": null, "loc_name": null, "loc_name:en": null, "loc_name:hi": null, "loc_name:mr": null, "old_name:hi": null, "old_name:mr": null, "short_name:en": null, "short_name:hi": null, "short_name:mr": null, "landuse": null, "building:levels": null, "building:min_level": null, "layer": null, "nohousenumber": null, "not:network:wikidata": null, "elevation": null, "bench": null, "lit": null, "shelter": null, "air_conditioning": null, "internet_access:fee": null }, "geometry": { "type": "Point", "coordinates": [ 72.8207152, 18.9135692 ] } },
{ "type": "Feature", "properties": { "element": "node", "id": 13207029318, "internet_access": null, "name": "Vidhan Bhavan", "name:hi": "विधान भवन", "name:mr": "विधान भवन", "network": "Mumbai Metro", "network:wikidata": null, "operator": "Mumbai Metro Rail Corporation Ltd", "public_transport": "station", "railway": "station", "ref": null, "train": null, "wikidata": null, "wikipedia": null, "name:en": null, "start_date": "2025-10-09", "ele": null, "name:ml": null, "wheelchair": null, "addr:city": null, "addr:postcode": null, "addr:street": null, "alt_name": null, "alt_name:en": null, "alt_name:hi": null, "alt_name:mr": null, "monorail": null, "station": "subway", "toilets:wheelchair": null, "ref:suburban": null, "IR:zone": null, "historic:name": null, "historic:ref": null, "old_name": null, "old_ref": null, "official_name": null, "official_name:en": null, "official_name:hi": null, "official_name:mr": null, "old_name:en": null, "name:mr:--2018-07-19": null, "is_in": null, "short_name": null, "name:zh": null, "opening_date": null, "subway": "yes", "date:rebuilt": null, "date:renamed": null, "name:1928-1934": null, "wikimedia_commons": null, "building": null, "description": null, "construction": null, "construction:railway": null, "public_transport:version": null, "name:ur": null, "internet_access:ssid": null, "loc_name": null, "loc_name:en": null, "loc_name:hi": null, "loc_name:mr": null, "old_name:hi": null, "old_name:mr": null, "short_name:en": null, "short_name:hi": null, "short_name:mr": null, "landuse": null, "building:levels": null, "building:min_level": null, "layer": null, "nohousenumber": null, "not:network:wikidata": null, "elevation": null, "bench": null, "lit": null, "shelter": null, "air_conditioning": null, "internet_access:fee": null }, "geometry": { "type": "Point", "coordinates": [ 72.8254934, 18.9247813 ] } },
{ "type": "Feature", "properties": { "element": "node", "id": 13207029319, "internet_access": null, "name": "Churchgate", "name:hi": "चर्चगेट", "name:mr": "चर्चगेट", "network": "Mumbai Metro", "network:wikidata": null, "operator": "Mumbai Metro Rail Corporation Ltd", "public_transport": "station", "railway": "station", "ref": null, "train": null, "wikidata": null, "wikipedia": null, "name:en": null, "start_date": "2025-10-09", "ele": null, "name:ml": null, "wheelchair": null, "addr:city": null, "addr:postcode": null, "addr:street": null, "alt_name": null, "alt_name:en": null, "alt_name:hi": null, "alt_name:mr": null, "monorail": null, "station": "subway", "toilets:wheelchair": null, "ref:suburban": null, "IR:zone": null, "historic:name": null, "historic:ref": null, "old_name": null, "old_ref": null, "official_name": null, "official_name:en": null, "official_name:hi": null, "official_name:mr": null, "old_name:en": null, "name:mr:--2018-07-19": null, "is_in": null, "short_name": null, "name:zh": null, "opening_date": null, "subway": "yes", "date:rebuilt": null, "date:renamed": null, "name:1928-1934": null, "wikimedia_commons": null, "building": null, "description": null, "construction": null, "construction:railway": null, "public_transport:version": null, "name:ur": null, "internet_access:ssid": null, "loc_name": null, "loc_name:en": null, "loc_name:hi": null, "loc_name:mr": null, "old_name:hi": null, "old_name:mr": null, "short_name:en": null, "short_name:hi": null, "short_name:mr": null, "landuse": null, "building:levels": null, "building:min_level": null, "layer": null, "nohousenumber": null, "not:network:wikidata": null, "elevation": null, "bench": null, "lit": null, "shelter": null, "air_conditioning": null, "internet_access:fee": null }, "geometry": { "type": "Point", "coordinates": [ 72.8269394, 18.9314946 ] } },
{ "type": "Feature", "properties": { "element": "node", "id": 13207029320, "internet_access": null, "name": "Hutatma Chowk", "name:hi": "हुतात्मा चौक", "name:mr": "हुतात्मा चौक", "network": "Mumbai Metro", "network:wikidata": null, "operator": "Mumbai Metro Rail Corporation Ltd", "public_transport": "station", "railway": "station", "ref": null, "train": null, "wikidata": null, "wikipedia": null, "name:en": null, "start_date": "2025-10-09", "ele": null, "name:ml": null, "wheelchair": null, "addr:city": null, "addr:postcode": null, "addr:street": null, "alt_name": null, "alt_name:en": null, "alt_name:hi": null, "alt_name:mr": null, "monorail": null, "station": "subway", "toilets:wheelchair": null, "ref:suburban": null, "IR:zone": null, "historic:name": null, "historic:ref": null, "old_name": null, "old_ref": null, "official_name": null, "official_name:en": null, "official_name:hi": null, "official_name:mr": null, "old_name:en": null, "name:mr:--2018-07-19": null, "is_in": null, "short_name": null, "name:zh": null, "opening_date": null, "subway": "yes", "date:rebuilt": null, "date:renamed": null, "name:1928-1934": null, "wikimedia_commons": null, "building": null, "description": null, "construction": null, "construction:railway": null, "public_transport:version": null, "name:ur": null, "internet_access:ssid": null, "loc_name": null, "loc_name:en": null, "loc_name:hi": null, "loc_name:mr": null, "old_name:hi": null, "old_name:mr": null, "short_name:en": null, "short_name:hi": null, "short_name:mr": null, "landuse": null, "building:levels": null, "building:min_level": null, "layer": null, "nohousenumber": null, "not:network:wikidata": null, "elevation": null, "bench": null, "lit": null, "shelter": null, "air_conditioning": null, "internet_access:fee": null }, "geometry": { "type": "Point", "coordinates": [ 72.8325037, 18.9341849 ] } },
{ "type": "Feature", "properties": { "element": "node", "id": 13207029322, "internet_access": null, "name": "Chhatrapati Shivaji Maharaj Terminus", "name:hi": "छत्रपती शिवाजी महाराज टर्मिनस", "name:mr": "छत्रपती शिवाजी महाराज टर्मिनस", "network": "Mumbai Metro", "network:wikidata": null, "operator": "Mumbai Metro Rail Corporation Ltd", "public_transport": "station", "railway": "station", "ref": null, "train": null, "wikidata": null, "wikipedia": null, "name:en": null, "start_date": "2025-10-09", "ele": null, "name:ml": null, "wheelchair": null, "addr:city": null, "addr:postcode": null, "addr:street": null, "alt_name": null, "alt_name:en": null, "alt_name:hi": null, "alt_name:mr": null, "monorail": null, "station": "subway", "toilets:wheelchair": null, "ref:suburban": null, "IR:zone": null, "historic:name": null, "historic:ref": null, "old_name": null, "old_ref": null, "official_name": null, "official_name:en": null, "official_name:hi": null, "official_name:mr": null, "old_name:en": null, "name:mr:--2018-07-19": null, "is_in": null, "short_name": null, "name:zh": null, "opening_date": null, "subway": "yes", "date:rebuilt": null, "date:renamed": null, "name:1928-1934": null, "wikimedia_commons": null, "building": null, "description": null, "construction": null, "construction:railway": null, "public_transport:version": null, "name:ur": null, "internet_access:ssid": null, "loc_name": null, "loc_name:en": null, "loc_name:hi": null, "loc_name:mr": null, "old_name:hi": null, "old_name:mr": null, "short_name:en": null, "short_name:hi": null, "short_name:mr": null, "landuse": null, "building:levels": null, "building:min_level": null, "layer": null, "nohousenumber": null, "not:network:wikidata": null, "elevation": null, "bench": null, "lit": null, "shelter": null, "air_conditioning": null, "internet_access:fee": null }, "geometry": { "type": "Point", "coordinates": [ 72.831861, 18.9408329 ] } },
{ "type": "Feature", "properties": { "element": "node", "id": 13207029323, "internet_access": null, "name": "Kalbadevi", "name:hi": "कालबादेवी", "name:mr": "काळबादेवी", "network": "Mumbai Metro", "network:wikidata": null, "operator": "Mumbai Metro Rail Corporation Ltd", "public_transport": "station", "railway": "station", "ref": null, "train": null, "wikidata": null, "wikipedia": null, "name:en": "Kalbadevi", "start_date": "2025-10-09", "ele": null, "name:ml": null, "wheelchair": null, "addr:city": null, "addr:postcode": null, "addr:street": null, "alt_name": null, "alt_name:en": null, "alt_name:hi": null, "alt_name:mr": null, "monorail": null, "station": "subway", "toilets:wheelchair": null, "ref:suburban": null, "IR:zone": null, "historic:name": null, "historic:ref": null, "old_name": null, "old_ref": null, "official_name": null, "official_name:en": null, "official_name:hi": null, "official_name:mr": null, "old_name:en": null, "name:mr:--2018-07-19": null, "is_in": null, "short_name": null, "name:zh": null, "opening_date": null, "subway": "yes", "date:rebuilt": null, "date:renamed": null, "name:1928-1934": null, "wikimedia_commons": null, "building": null, "description": null, "construction": null, "construction:railway": null, "public_transport:version": null, "name:ur": null, "internet_access:ssid": null, "loc_name": null, "loc_name:en": null, "loc_name:hi": null, "loc_name:mr": null, "old_name:hi": null, "old_name:mr": null, "short_name:en": null, "short_name:hi": null, "short_name:mr": null, "landuse": null, "building:levels": null, "building:min_level": null, "layer": null, "nohousenumber": null, "not:network:wikidata": null, "elevation": null, "bench": null, "lit": null, "shelter": null, "air_conditioning": null, "internet_access:fee": null }, "geometry": { "type": "Point", "coordinates": [ 72.827193, 18.946329 ] } },
{ "type": "Feature", "properties": { "element": "node", "id": 13207029324, "internet_access": null, "name": "Girgaon", "name:hi": "गिरगांव", "name:mr": "गिरगाव", "network": "Mumbai Metro", "network:wikidata": null, "operator": "Mumbai Metro Rail Corporation Ltd", "public_transport": "station", "railway": "station", "ref": null, "train": null, "wikidata": null, "wikipedia": null, "name:en": null, "start_date": "2025-10-09", "ele": null, "name:ml": null, "wheelchair": null, "addr:city": null, "addr:postcode": null, "addr:street": null, "alt_name": null, "alt_name:en": null, "alt_name:hi": null, "alt_name:mr": null, "monorail": null, "station": "subway", "toilets:wheelchair": null, "ref:suburban": null, "IR:zone": null, "historic:name": null, "historic:ref": null, "old_name": null, "old_ref": null, "official_name": null, "official_name:en": null, "official_name:hi": null, "official_name:mr": null, "old_name:en": null, "name:mr:--2018-07-19": null, "is_in": null, "short_name": null, "name:zh": null, "opening_date": null, "subway": "yes", "date:rebuilt": null, "date:renamed": null, "name:1928-1934": null, "wikimedia_commons": null, "building": null, "description": null, "construction": null, "construction:railway": null, "public_transport:version": null, "name:ur": null, "internet_access:ssid": null, "loc_name": null, "loc_name:en": null, "loc_name:hi": null, "loc_name:mr": null, "old_name:hi": null, "old_name:mr": null, "short_name:en": null, "short_name:hi": null, "short_name:mr": null, "landuse": null, "building:levels": null, "building:min_level": null, "layer": null, "nohousenumber": null, "not:network:wikidata": null, "elevation": null, "bench": null, "lit": null, "shelter": null, "air_conditioning": null, "internet_access:fee": null }, "geometry": { "type": "Point", "coordinates": [ 72.8222065, 18.9521015 ] } },
{ "type": "Feature", "properties": { "element": "node", "id": 13207029325, "internet_access": null, "name": "Grant Road", "name:hi": "ग्रांट रोड", "name:mr": "ग्रँट रोड", "network": "Mumbai Metro", "network:wikidata": null, "operator": "Mumbai Metro Rail Corporation Ltd", "public_transport": "station", "railway": "station", "ref": null, "train": null, "wikidata": null, "wikipedia": null, "name:en": null, "start_date": "2025-10-09", "ele": null, "name:ml": null, "wheelchair": null, "addr:city": null, "addr:postcode": null, "addr:street": null, "alt_name": null, "alt_name:en": null, "alt_name:hi": null, "alt_name:mr": null, "monorail": null, "station": "subway", "toilets:wheelchair": null, "ref:suburban": null, "IR:zone": null, "historic:name": null, "historic:ref": null, "old_name": null, "old_ref": null, "official_name": null, "official_name:en": null, "official_name:hi": null, "official_name:mr": null, "old_name:en": null, "name:mr:--2018-07-19": null, "is_in": null, "short_name": null, "name:zh": null, "opening_date": null, "subway": "yes", "date:rebuilt": null, "date:renamed": null, "name:1928-1934": null, "wikimedia_commons": null, "building": null, "description": null, "construction": null, "construction:railway": null, "public_transport:version": null, "name:ur": null, "internet_access:ssid": null, "loc_name": null, "loc_name:en": null, "loc_name:hi": null, "loc_name:mr": null, "old_name:hi": null, "old_name:mr": null, "short_name:en": null, "short_name:hi": null, "short_name:mr": null, "landuse": null, "building:levels": null, "building:min_level": null, "layer": null, "nohousenumber": null, "not:network:wikidata": null, "elevation": null, "bench": null, "lit": null, "shelter": null, "air_conditioning": null, "internet_access:fee": null }, "geometry": { "type": "Point", "coordinates": [ 72.8180437, 18.9632181 ] } },
{ "type": "Feature", "properties": { "element": "node", "id": 13252985100, "internet_access": null, "name": "Mandale", "name:hi": "मंडाले", "name:mr": "मंडाले", "network": null, "network:wikidata": null, "operator": null, "public_transport": "station", "railway": "station", "ref": null, "train": null, "wikidata": null, "wikipedia": null, "name:en": "Mandale", "start_date": "2026-04-04", "ele": null, "name:ml": null, "wheelchair": null, "addr:city": null, "addr:postcode": null, "addr:street": null, "alt_name": null, "alt_name:en": null, "alt_name:hi": null, "alt_name:mr": null, "monorail": null, "station": "subway", "toilets:wheelchair": null, "ref:suburban": null, "IR:zone": null, "historic:name": null, "historic:ref": null, "old_name": null, "old_ref": null, "official_name": null, "official_name:en": null, "official_name:hi": null, "official_name:mr": null, "old_name:en": null, "name:mr:--2018-07-19": null, "is_in": null, "short_name": null, "name:zh": null, "opening_date": null, "subway": "yes", "date:rebuilt": null, "date:renamed": null, "name:1928-1934": null, "wikimedia_commons": null, "building": null, "description": null, "construction": null, "construction:railway": null, "public_transport:version": null, "name:ur": null, "internet_access:ssid": null, "loc_name": null, "loc_name:en": null, "loc_name:hi": null, "loc_name:mr": null, "old_name:hi": null, "old_name:mr": null, "short_name:en": null, "short_name:hi": null, "short_name:mr": null, "landuse": null, "building:levels": null, "building:min_level": null, "layer": null, "nohousenumber": null, "not:network:wikidata": null, "elevation": null, "bench": null, "lit": null, "shelter": null, "air_conditioning": null, "internet_access:fee": null }, "geometry": { "type": "Point", "coordinates": [ 72.9386612, 19.0495916 ] } },
{ "type": "Feature", "properties": { "element": "node", "id": 13252997901, "internet_access": null, "name": "Shivaji Chowk (Chembur)", "name:hi": null, "name:mr": "शिवाजी चौक (चेंबूर)", "network": "Mumbai Metro", "network:wikidata": null, "operator": "Mumbai Metro Rail Corporation Ltd", "public_transport": "station", "railway": "station", "ref": null, "train": null, "wikidata": null, "wikipedia": null, "name:en": "Shivaji Chowk (Chembur)", "start_date": "2026-04-08", "ele": null, "name:ml": null, "wheelchair": "yes", "addr:city": null, "addr:postcode": null, "addr:street": null, "alt_name": null, "alt_name:en": null, "alt_name:hi": null, "alt_name:mr": null, "monorail": null, "station": "subway", "toilets:wheelchair": null, "ref:suburban": null, "IR:zone": null, "historic:name": null, "historic:ref": null, "old_name": null, "old_ref": null, "official_name": "Chattrapati Shivaji Maharaj Chowk (Chembur)", "official_name:en": "Chattrapati Shivaji Maharaj Chowk (Chembur)", "official_name:hi": null, "official_name:mr": "छत्रपति शिवाजी महाराज चौक (चेंबूर)", "old_name:en": null, "name:mr:--2018-07-19": null, "is_in": null, "short_name": null, "name:zh": null, "opening_date": null, "subway": "yes", "date:rebuilt": null, "date:renamed": null, "name:1928-1934": null, "wikimedia_commons": null, "building": null, "description": null, "construction": null, "construction:railway": null, "public_transport:version": null, "name:ur": null, "internet_access:ssid": null, "loc_name": null, "loc_name:en": null, "loc_name:hi": null, "loc_name:mr": null, "old_name:hi": null, "old_name:mr": null, "short_name:en": null, "short_name:hi": null, "short_name:mr": null, "landuse": null, "building:levels": null, "building:min_level": null, "layer": null, "nohousenumber": null, "not:network:wikidata": null, "elevation": null, "bench": null, "lit": null, "shelter": null, "air_conditioning": null, "internet_access:fee": null }, "geometry": { "type": "Point", "coordinates": [ 72.9069806, 19.0479383 ] } },
{ "type": "Feature", "properties": { "element": "node", "id": 13252997906, "internet_access": null, "name": "Deonar", "name:hi": null, "name:mr": "देवनार", "network": null, "network:wikidata": null, "operator": null, "public_transport": "station", "railway": "station", "ref": null, "train": null, "wikidata": null, "wikipedia": null, "name:en": "Deonar", "start_date": "2026-04-08", "ele": null, "name:ml": null, "wheelchair": null, "addr:city": null, "addr:postcode": null, "addr:street": null, "alt_name": null, "alt_name:en": null, "alt_name:hi": null, "alt_name:mr": null, "monorail": null, "station": "subway", "toilets:wheelchair": null, "ref:suburban": null, "IR:zone": null, "historic:name": null, "historic:ref": null, "old_name": "BSNL", "old_ref": null, "official_name": null, "official_name:en": null, "official_name:hi": null, "official_name:mr": null, "old_name:en": null, "name:mr:--2018-07-19": null, "is_in": null, "short_name": null, "name:zh": null, "opening_date": null, "subway": "yes", "date:rebuilt": null, "date:renamed": null, "name:1928-1934": null, "wikimedia_commons": null, "building": null, "description": null, "construction": null, "construction:railway": null, "public_transport:version": null, "name:ur": null, "internet_access:ssid": null, "loc_name": null, "loc_name:en": null, "loc_name:hi": null, "loc_name:mr": null, "old_name:hi": null, "old_name:mr": null, "short_name:en": null, "short_name:hi": null, "short_name:mr": null, "landuse": null, "building:levels": null, "building:min_level": null, "layer": null, "nohousenumber": null, "not:network:wikidata": null, "elevation": null, "bench": null, "lit": null, "shelter": null, "air_conditioning": null, "internet_access:fee": null }, "geometry": { "type": "Point", "coordinates": [ 72.917495, 19.0448332 ] } },
{ "type": "Feature", "properties": { "element": "node", "id": 13252997911, "internet_access": null, "name": "Mankhurd", "name:hi": "मानखुर्द", "name:mr": "मानखुर्द", "network": null, "network:wikidata": null, "operator": null, "public_transport": "station", "railway": "station", "ref": null, "train": null, "wikidata": null, "wikipedia": null, "name:en": "Mankhurd", "start_date": "2026-04-04", "ele": null, "name:ml": null, "wheelchair": null, "addr:city": null, "addr:postcode": null, "addr:street": null, "alt_name": null, "alt_name:en": null, "alt_name:hi": null, "alt_name:mr": null, "monorail": null, "station": "subway", "toilets:wheelchair": null, "ref:suburban": null, "IR:zone": null, "historic:name": null, "historic:ref": null, "old_name": null, "old_ref": null, "official_name": null, "official_name:en": null, "official_name:hi": null, "official_name:mr": null, "old_name:en": null, "name:mr:--2018-07-19": null, "is_in": null, "short_name": null, "name:zh": null, "opening_date": null, "subway": "yes", "date:rebuilt": null, "date:renamed": null, "name:1928-1934": null, "wikimedia_commons": null, "building": null, "description": null, "construction": null, "construction:railway": null, "public_transport:version": null, "name:ur": null, "internet_access:ssid": null, "loc_name": null, "loc_name:en": null, "loc_name:hi": null, "loc_name:mr": null, "old_name:hi": null, "old_name:mr": null, "short_name:en": null, "short_name:hi": null, "short_name:mr": null, "landuse": null, "building:levels": null, "building:min_level": null, "layer": null, "nohousenumber": null, "not:network:wikidata": null, "elevation": null, "bench": null, "lit": null, "shelter": null, "air_conditioning": null, "internet_access:fee": null }, "geometry": { "type": "Point", "coordinates": [ 72.931231, 19.0492166 ] } },
{ "type": "Feature", "properties": { "element": "node", "id": 13284781018, "internet_access": null, "name": "Antop Hill", "name:hi": null, "name:mr": null, "network": null, "network:wikidata": null, "operator": null, "public_transport": "station", "railway": "station", "ref": null, "train": null, "wikidata": "Q63346708", "wikipedia": null, "name:en": null, "start_date": null, "ele": null, "name:ml": null, "wheelchair": null, "addr:city": null, "addr:postcode": null, "addr:street": null, "alt_name": null, "alt_name:en": null, "alt_name:hi": null, "alt_name:mr": null, "monorail": "yes", "station": "monorail", "toilets:wheelchair": null, "ref:suburban": null, "IR:zone": null, "historic:name": null, "historic:ref": null, "old_name": null, "old_ref": null, "official_name": null, "official_name:en": null, "official_name:hi": null, "official_name:mr": null, "old_name:en": null, "name:mr:--2018-07-19": null, "is_in": null, "short_name": "GTB Nagar", "name:zh": null, "opening_date": null, "subway": null, "date:rebuilt": null, "date:renamed": null, "name:1928-1934": null, "wikimedia_commons": null, "building": null, "description": null, "construction": null, "construction:railway": null, "public_transport:version": null, "name:ur": null, "internet_access:ssid": null, "loc_name": null, "loc_name:en": null, "loc_name:hi": null, "loc_name:mr": null, "old_name:hi": null, "old_name:mr": null, "short_name:en": null, "short_name:hi": null, "short_name:mr": null, "landuse": null, "building:levels": null, "building:min_level": null, "layer": null, "nohousenumber": null, "not:network:wikidata": null, "elevation": null, "bench": null, "lit": null, "shelter": null, "air_conditioning": null, "internet_access:fee": null }, "geometry": { "type": "Point", "coordinates": [ 72.8669504, 19.0301805 ] } },
{ "type": "Feature", "properties": { "element": "node", "id": 13758670735, "internet_access": null, "name": "Dahisar (East) [Line 9]", "name:hi": null, "name:mr": "दहिसर (पूर्व) [लाईन ९]", "network": null, "network:wikidata": null, "operator": null, "public_transport": "station", "railway": "station", "ref": null, "train": null, "wikidata": null, "wikipedia": null, "name:en": "Dahisar (East) [Line 9]", "start_date": "2026-04-08", "ele": null, "name:ml": null, "wheelchair": null, "addr:city": null, "addr:postcode": null, "addr:street": null, "alt_name": null, "alt_name:en": null, "alt_name:hi": null, "alt_name:mr": null, "monorail": null, "station": "subway", "toilets:wheelchair": null, "ref:suburban": null, "IR:zone": null, "historic:name": null, "historic:ref": null, "old_name": null, "old_ref": null, "official_name": null, "official_name:en": null, "official_name:hi": null, "official_name:mr": null, "old_name:en": null, "name:mr:--2018-07-19": null, "is_in": null, "short_name": null, "name:zh": null, "opening_date": null, "subway": "yes", "date:rebuilt": null, "date:renamed": null, "name:1928-1934": null, "wikimedia_commons": null, "building": null, "description": null, "construction": null, "construction:railway": null, "public_transport:version": null, "name:ur": null, "internet_access:ssid": null, "loc_name": null, "loc_name:en": null, "loc_name:hi": null, "loc_name:mr": null, "old_name:hi": null, "old_name:mr": null, "short_name:en": null, "short_name:hi": null, "short_name:mr": null, "landuse": null, "building:levels": null, "building:min_level": null, "layer": null, "nohousenumber": null, "not:network:wikidata": null, "elevation": null, "bench": null, "lit": null, "shelter": null, "air_conditioning": null, "internet_access:fee": null }, "geometry": { "type": "Point", "coordinates": [ 72.8674521, 19.2510803 ] } },
{ "type": "Feature", "properties": { "element": "node", "id": 13758670736, "internet_access": null, "name": "Pandurang Wadi", "name:hi": null, "name:mr": "पांडुरंग वाडी", "network": null, "network:wikidata": null, "operator": null, "public_transport": "station", "railway": "station", "ref": null, "train": null, "wikidata": null, "wikipedia": null, "name:en": "Pandurang Wadi", "start_date": "2026-04-08", "ele": null, "name:ml": null, "wheelchair": null, "addr:city": null, "addr:postcode": null, "addr:street": null, "alt_name": null, "alt_name:en": null, "alt_name:hi": null, "alt_name:mr": null, "monorail": null, "station": "subway", "toilets:wheelchair": null, "ref:suburban": null, "IR:zone": null, "historic:name": null, "historic:ref": null, "old_name": null, "old_ref": null, "official_name": null, "official_name:en": null, "official_name:hi": null, "official_name:mr": null, "old_name:en": null, "name:mr:--2018-07-19": null, "is_in": null, "short_name": null, "name:zh": null, "opening_date": null, "subway": "yes", "date:rebuilt": null, "date:renamed": null, "name:1928-1934": null, "wikimedia_commons": null, "building": null, "description": null, "construction": null, "construction:railway": null, "public_transport:version": null, "name:ur": null, "internet_access:ssid": null, "loc_name": null, "loc_name:en": null, "loc_name:hi": null, "loc_name:mr": null, "old_name:hi": null, "old_name:mr": null, "short_name:en": null, "short_name:hi": null, "short_name:mr": null, "landuse": null, "building:levels": null, "building:min_level": null, "layer": null, "nohousenumber": null, "not:network:wikidata": null, "elevation": null, "bench": null, "lit": null, "shelter": null, "air_conditioning": null, "internet_access:fee": null }, "geometry": { "type": "Point", "coordinates": [ 72.8726403, 19.2600987 ] } },
{ "type": "Feature", "properties": { "element": "way", "id": 107303404, "internet_access": "no", "name": "Bandra Terminus", "name:hi": "बांद्रा टर्मिनस", "name:mr": null, "network": "IR", "network:wikidata": null, "operator": "WR", "public_transport": "station", "railway": "station", "ref": "BDTS", "train": "yes", "wikidata": "Q4520709", "wikipedia": "en:Bandra Terminus railway station", "name:en": null, "start_date": null, "ele": null, "name:ml": "ബാന്ദ്ര ടെർമിനസ്", "wheelchair": null, "addr:city": null, "addr:postcode": null, "addr:street": null, "alt_name": null, "alt_name:en": null, "alt_name:hi": null, "alt_name:mr": null, "monorail": null, "station": null, "toilets:wheelchair": null, "ref:suburban": null, "IR:zone": null, "historic:name": null, "historic:ref": null, "old_name": null, "old_ref": null, "official_name": null, "official_name:en": null, "official_name:hi": null, "official_name:mr": null, "old_name:en": null, "name:mr:--2018-07-19": null, "is_in": null, "short_name": null, "name:zh": null, "opening_date": null, "subway": null, "date:rebuilt": null, "date:renamed": null, "name:1928-1934": null, "wikimedia_commons": null, "building": null, "description": null, "construction": null, "construction:railway": null, "public_transport:version": null, "name:ur": null, "internet_access:ssid": null, "loc_name": null, "loc_name:en": null, "loc_name:hi": null, "loc_name:mr": null, "old_name:hi": null, "old_name:mr": null, "short_name:en": null, "short_name:hi": null, "short_name:mr": null, "landuse": "railway", "building:levels": null, "building:min_level": null, "layer": null, "nohousenumber": null, "not:network:wikidata": null, "elevation": null, "bench": null, "lit": null, "shelter": null, "air_conditioning": null, "internet_access:fee": null }, "geometry": { "type": "Polygon", "coordinates": [ [ [ 72.8413403, 19.0600593 ], [ 72.8411847, 19.0591584 ], [ 72.8410497, 19.059163 ], [ 72.8404301, 19.0590399 ], [ 72.8403962, 19.0599732 ], [ 72.8403935, 19.062019 ], [ 72.8403854, 19.0631421 ], [ 72.8404686, 19.0634843 ], [ 72.8408283, 19.0650776 ], [ 72.8409894, 19.0663683 ], [ 72.8414138, 19.0663593 ], [ 72.8414326, 19.0653011 ], [ 72.8421396, 19.064931 ], [ 72.8422206, 19.0648026 ], [ 72.8421745, 19.0646581 ], [ 72.8418456, 19.06398 ], [ 72.8416032, 19.0632815 ], [ 72.8414556, 19.0631395 ], [ 72.8414614, 19.0627576 ], [ 72.8413403, 19.0600593 ] ] ] } },
{ "type": "Feature", "properties": { "element": "way", "id": 151205149, "internet_access": null, "name": "Ghatkopar L1", "name:hi": null, "name:mr": "घाटकोपर", "network": "Mumbai Metro", "network:wikidata": null, "operator": "Mumbai Metro One", "public_transport": "station", "railway": "station", "ref": null, "train": null, "wikidata": null, "wikipedia": null, "name:en": null, "start_date": null, "ele": null, "name:ml": null, "wheelchair": null, "addr:city": null, "addr:postcode": null, "addr:street": null, "alt_name": null, "alt_name:en": null, "alt_name:hi": null, "alt_name:mr": null, "monorail": null, "station": "subway", "toilets:wheelchair": null, "ref:suburban": null, "IR:zone": null, "historic:name": null, "historic:ref": null, "old_name": null, "old_ref": null, "official_name": null, "official_name:en": null, "official_name:hi": null, "official_name:mr": null, "old_name:en": null, "name:mr:--2018-07-19": null, "is_in": null, "short_name": null, "name:zh": null, "opening_date": null, "subway": "yes", "date:rebuilt": null, "date:renamed": null, "name:1928-1934": null, "wikimedia_commons": null, "building": "train_station", "description": null, "construction": null, "construction:railway": null, "public_transport:version": null, "name:ur": null, "internet_access:ssid": null, "loc_name": null, "loc_name:en": null, "loc_name:hi": null, "loc_name:mr": null, "old_name:hi": null, "old_name:mr": null, "short_name:en": null, "short_name:hi": null, "short_name:mr": null, "landuse": null, "building:levels": "2", "building:min_level": "2", "layer": "1", "nohousenumber": null, "not:network:wikidata": null, "elevation": null, "bench": null, "lit": null, "shelter": null, "air_conditioning": null, "internet_access:fee": null }, "geometry": { "type": "Polygon", "coordinates": [ [ [ 72.9078218, 19.0857442 ], [ 72.9081037, 19.0859103 ], [ 72.9081437, 19.0859347 ], [ 72.908201, 19.0859676 ], [ 72.9084039, 19.0861105 ], [ 72.9083972, 19.0861168 ], [ 72.9083735, 19.0861556 ], [ 72.9083436, 19.0861993 ], [ 72.9083258, 19.0862252 ], [ 72.9081524, 19.0861231 ], [ 72.9081413, 19.0873899 ], [ 72.9081387, 19.0876597 ], [ 72.9081085, 19.0876599 ], [ 72.9080872, 19.0876585 ], [ 72.9080404, 19.0876574 ], [ 72.9079933, 19.0876563 ], [ 72.9079683, 19.0876536 ], [ 72.9079427, 19.0876552 ], [ 72.9079471, 19.0873899 ], [ 72.9079697, 19.0860154 ], [ 72.9077344, 19.0858767 ], [ 72.9077807, 19.0858049 ], [ 72.9078077, 19.0857649 ], [ 72.9077912, 19.0857549 ], [ 72.9077954, 19.0857481 ], [ 72.9078013, 19.0857401 ], [ 72.9078178, 19.0857501 ], [ 72.9078218, 19.0857442 ] ] ] } },
{ "type": "Feature", "properties": { "element": "way", "id": 287299861, "internet_access": null, "name": "Versova", "name:hi": "वर्सोवा", "name:mr": "वर्सोवा", "network": "Mumbai Metro", "network:wikidata": null, "operator": "MMRDA", "public_transport": "station", "railway": "station", "ref": null, "train": null, "wikidata": "Q17264777", "wikipedia": "en:Versova metro station", "name:en": null, "start_date": null, "ele": null, "name:ml": null, "wheelchair": "yes", "addr:city": null, "addr:postcode": null, "addr:street": null, "alt_name": null, "alt_name:en": null, "alt_name:hi": null, "alt_name:mr": null, "monorail": null, "station": "subway", "toilets:wheelchair": null, "ref:suburban": null, "IR:zone": null, "historic:name": null, "historic:ref": null, "old_name": null, "old_ref": null, "official_name": null, "official_name:en": null, "official_name:hi": null, "official_name:mr": null, "old_name:en": null, "name:mr:--2018-07-19": null, "is_in": null, "short_name": null, "name:zh": null, "opening_date": null, "subway": "yes", "date:rebuilt": null, "date:renamed": null, "name:1928-1934": null, "wikimedia_commons": null, "building": "transportation", "description": null, "construction": null, "construction:railway": null, "public_transport:version": null, "name:ur": null, "internet_access:ssid": null, "loc_name": null, "loc_name:en": null, "loc_name:hi": null, "loc_name:mr": null, "old_name:hi": null, "old_name:mr": null, "short_name:en": null, "short_name:hi": null, "short_name:mr": null, "landuse": null, "building:levels": "3", "building:min_level": null, "layer": "1", "nohousenumber": null, "not:network:wikidata": null, "elevation": null, "bench": null, "lit": null, "shelter": null, "air_conditioning": null, "internet_access:fee": null }, "geometry": { "type": "Polygon", "coordinates": [ [ [ 72.8207546, 19.1305154 ], [ 72.8220596, 19.130232 ], [ 72.8220429, 19.1301634 ], [ 72.8220193, 19.1300662 ], [ 72.8220004, 19.1299887 ], [ 72.8219174, 19.1300067 ], [ 72.8206954, 19.1302721 ], [ 72.8207123, 19.1303416 ], [ 72.8207142, 19.1303496 ], [ 72.820738, 19.1304468 ], [ 72.8207464, 19.1304816 ], [ 72.8207546, 19.1305154 ] ] ] } },
{ "type": "Feature", "properties": { "element": "way", "id": 287299866, "internet_access": null, "name": "D.N. Nagar", "name:hi": "डी. एन. नगर", "name:mr": "डी. एन. नगर", "network": null, "network:wikidata": null, "operator": null, "public_transport": "station", "railway": "station", "ref": null, "train": null, "wikidata": "Q17512769", "wikipedia": null, "name:en": null, "start_date": null, "ele": null, "name:ml": null, "wheelchair": "yes", "addr:city": null, "addr:postcode": null, "addr:street": null, "alt_name": null, "alt_name:en": null, "alt_name:hi": null, "alt_name:mr": null, "monorail": null, "station": "subway", "toilets:wheelchair": null, "ref:suburban": null, "IR:zone": null, "historic:name": null, "historic:ref": null, "old_name": null, "old_ref": null, "official_name": null, "official_name:en": null, "official_name:hi": null, "official_name:mr": null, "old_name:en": null, "name:mr:--2018-07-19": null, "is_in": null, "short_name": null, "name:zh": null, "opening_date": null, "subway": "yes", "date:rebuilt": null, "date:renamed": null, "name:1928-1934": null, "wikimedia_commons": null, "building": "train_station", "description": null, "construction": null, "construction:railway": null, "public_transport:version": null, "name:ur": null, "internet_access:ssid": null, "loc_name": null, "loc_name:en": null, "loc_name:hi": null, "loc_name:mr": null, "old_name:hi": null, "old_name:mr": null, "short_name:en": null, "short_name:hi": null, "short_name:mr": null, "landuse": null, "building:levels": null, "building:min_level": null, "layer": "1", "nohousenumber": "yes", "not:network:wikidata": null, "elevation": null, "bench": null, "lit": null, "shelter": null, "air_conditioning": null, "internet_access:fee": null }, "geometry": { "type": "Polygon", "coordinates": [ [ [ 72.8295892, 19.1285462 ], [ 72.8295327, 19.1283218 ], [ 72.8307976, 19.1280379 ], [ 72.830854, 19.1282623 ], [ 72.8306729, 19.1283029 ], [ 72.8295892, 19.1285462 ] ] ] } },
{ "type": "Feature", "properties": { "element": "way", "id": 311841874, "internet_access": null, "name": "Airport Road", "name:hi": null, "name:mr": "विमानतळ रस्ता", "network": "Mumbai Metro", "network:wikidata": null, "operator": "Mumbai Metro One", "public_transport": "station", "railway": "station", "ref": null, "train": null, "wikidata": "Q18109449", "wikipedia": "en:Airport Road metro station", "name:en": null, "start_date": null, "ele": null, "name:ml": null, "wheelchair": null, "addr:city": null, "addr:postcode": null, "addr:street": null, "alt_name": null, "alt_name:en": null, "alt_name:hi": null, "alt_name:mr": null, "monorail": null, "station": "subway", "toilets:wheelchair": null, "ref:suburban": null, "IR:zone": null, "historic:name": null, "historic:ref": null, "old_name": null, "old_ref": null, "official_name": null, "official_name:en": null, "official_name:hi": null, "official_name:mr": null, "old_name:en": null, "name:mr:--2018-07-19": null, "is_in": null, "short_name": null, "name:zh": null, "opening_date": null, "subway": "yes", "date:rebuilt": null, "date:renamed": null, "name:1928-1934": null, "wikimedia_commons": null, "building": "transportation", "description": null, "construction": null, "construction:railway": null, "public_transport:version": null, "name:ur": null, "internet_access:ssid": null, "loc_name": null, "loc_name:en": null, "loc_name:hi": null, "loc_name:mr": null, "old_name:hi": null, "old_name:mr": null, "short_name:en": null, "short_name:hi": null, "short_name:mr": null, "landuse": null, "building:levels": null, "building:min_level": null, "layer": "1", "nohousenumber": null, "not:network:wikidata": null, "elevation": null, "bench": null, "lit": null, "shelter": null, "air_conditioning": null, "internet_access:fee": null }, "geometry": { "type": "Polygon", "coordinates": [ [ [ 72.873554, 19.1104189 ], [ 72.8735682, 19.1104526 ], [ 72.8735812, 19.1104835 ], [ 72.8736194, 19.1104691 ], [ 72.874849, 19.1100074 ], [ 72.8748321, 19.1099674 ], [ 72.8748218, 19.1099427 ], [ 72.874793, 19.1098744 ], [ 72.8747826, 19.1098497 ], [ 72.8747654, 19.1098088 ], [ 72.874756, 19.1097864 ], [ 72.8747219, 19.1098035 ], [ 72.8735167, 19.1102518 ], [ 72.8734882, 19.1102625 ], [ 72.8734989, 19.1102879 ], [ 72.8735149, 19.1103259 ], [ 72.873554, 19.1104189 ] ] ] } },
{ "type": "Feature", "properties": { "element": "way", "id": 311841875, "internet_access": null, "name": "Jagruti Nagar", "name:hi": null, "name:mr": "जागृती नगर", "network": "Mumbai Metro", "network:wikidata": null, "operator": "Mumbai Metro One", "public_transport": "station", "railway": "station", "ref": "JNG", "train": null, "wikidata": "Q18126164", "wikipedia": "en:Jagruti Nagar metro station", "name:en": null, "start_date": null, "ele": null, "name:ml": null, "wheelchair": null, "addr:city": null, "addr:postcode": null, "addr:street": null, "alt_name": null, "alt_name:en": null, "alt_name:hi": null, "alt_name:mr": null, "monorail": null, "station": "subway", "toilets:wheelchair": null, "ref:suburban": null, "IR:zone": null, "historic:name": null, "historic:ref": null, "old_name": null, "old_ref": null, "official_name": null, "official_name:en": null, "official_name:hi": null, "official_name:mr": null, "old_name:en": null, "name:mr:--2018-07-19": null, "is_in": null, "short_name": null, "name:zh": null, "opening_date": null, "subway": "yes", "date:rebuilt": null, "date:renamed": null, "name:1928-1934": null, "wikimedia_commons": null, "building": "transportation", "description": null, "construction": null, "construction:railway": null, "public_transport:version": null, "name:ur": null, "internet_access:ssid": null, "loc_name": null, "loc_name:en": null, "loc_name:hi": null, "loc_name:mr": null, "old_name:hi": null, "old_name:mr": null, "short_name:en": null, "short_name:hi": null, "short_name:mr": null, "landuse": null, "building:levels": null, "building:min_level": null, "layer": "1", "nohousenumber": null, "not:network:wikidata": "Q646414", "elevation": null, "bench": null, "lit": null, "shelter": null, "air_conditioning": null, "internet_access:fee": null }, "geometry": { "type": "Polygon", "coordinates": [ [ [ 72.9011681, 19.0927254 ], [ 72.9013909, 19.0925981 ], [ 72.9014034, 19.092619 ], [ 72.9014404, 19.0926755 ], [ 72.9019162, 19.0924037 ], [ 72.9018715, 19.0923337 ], [ 72.9020393, 19.0922378 ], [ 72.9021059, 19.092342 ], [ 72.9025679, 19.092078 ], [ 72.902589, 19.0921109 ], [ 72.9026296, 19.0921745 ], [ 72.9026515, 19.0922086 ], [ 72.902188, 19.0924733 ], [ 72.9022056, 19.0925008 ], [ 72.9022611, 19.0925876 ], [ 72.9021016, 19.0926787 ], [ 72.9020625, 19.0926176 ], [ 72.9015878, 19.0928889 ], [ 72.9016273, 19.0929507 ], [ 72.9013966, 19.0930825 ], [ 72.9013427, 19.0929982 ], [ 72.901323, 19.0929675 ], [ 72.9013012, 19.0929334 ], [ 72.9012605, 19.0928698 ], [ 72.9012395, 19.0928369 ], [ 72.9011807, 19.092745 ], [ 72.9011681, 19.0927254 ] ] ] } },
{ "type": "Feature", "properties": { "element": "way", "id": 311841876, "internet_access": null, "name": "Marol Naka L1", "name:hi": "मरोल नाका (लाइन १)", "name:mr": "मरोळ नाका (लाइन १)", "network": "Mumbai Metro", "network:wikidata": null, "operator": "Mumbai Metro One", "public_transport": "station", "railway": "station", "ref": null, "train": null, "wikidata": "Q18127858", "wikipedia": "en:Marol Naka metro station", "name:en": null, "start_date": null, "ele": null, "name:ml": null, "wheelchair": null, "addr:city": null, "addr:postcode": null, "addr:street": null, "alt_name": null, "alt_name:en": null, "alt_name:hi": null, "alt_name:mr": null, "monorail": null, "station": "subway", "toilets:wheelchair": null, "ref:suburban": null, "IR:zone": null, "historic:name": null, "historic:ref": null, "old_name": null, "old_ref": null, "official_name": null, "official_name:en": null, "official_name:hi": null, "official_name:mr": null, "old_name:en": null, "name:mr:--2018-07-19": null, "is_in": null, "short_name": null, "name:zh": null, "opening_date": null, "subway": "yes", "date:rebuilt": null, "date:renamed": null, "name:1928-1934": null, "wikimedia_commons": null, "building": "transportation", "description": null, "construction": null, "construction:railway": null, "public_transport:version": null, "name:ur": null, "internet_access:ssid": null, "loc_name": null, "loc_name:en": null, "loc_name:hi": null, "loc_name:mr": null, "old_name:hi": null, "old_name:mr": null, "short_name:en": null, "short_name:hi": null, "short_name:mr": null, "landuse": null, "building:levels": null, "building:min_level": null, "layer": "1", "nohousenumber": null, "not:network:wikidata": null, "elevation": "1", "bench": null, "lit": null, "shelter": null, "air_conditioning": null, "internet_access:fee": null }, "geometry": { "type": "Polygon", "coordinates": [ [ [ 72.8788799, 19.1084294 ], [ 72.8788925, 19.1084598 ], [ 72.8789068, 19.1084943 ], [ 72.8792313, 19.1083767 ], [ 72.8801197, 19.1080466 ], [ 72.8801583, 19.1080323 ], [ 72.8801439, 19.1079973 ], [ 72.8801315, 19.1079675 ], [ 72.880093, 19.1078742 ], [ 72.8800761, 19.1078335 ], [ 72.8800668, 19.1078108 ], [ 72.8800356, 19.1078223 ], [ 72.8791403, 19.108155 ], [ 72.8788152, 19.1082728 ], [ 72.8788265, 19.1083002 ], [ 72.8788414, 19.1083362 ], [ 72.8788799, 19.1084294 ] ] ] } },
{ "type": "Feature", "properties": { "element": "way", "id": 331815667, "internet_access": null, "name": "Azad Nagar", "name:hi": "आज़द नगर", "name:mr": "आझाद नगर", "network": null, "network:wikidata": null, "operator": null, "public_transport": "station", "railway": "station", "ref": null, "train": null, "wikidata": null, "wikipedia": null, "name:en": null, "start_date": null, "ele": null, "name:ml": null, "wheelchair": null, "addr:city": null, "addr:postcode": null, "addr:street": null, "alt_name": null, "alt_name:en": null, "alt_name:hi": null, "alt_name:mr": null, "monorail": null, "station": "subway", "toilets:wheelchair": null, "ref:suburban": null, "IR:zone": null, "historic:name": null, "historic:ref": null, "old_name": null, "old_ref": null, "official_name": null, "official_name:en": null, "official_name:hi": null, "official_name:mr": null, "old_name:en": null, "name:mr:--2018-07-19": null, "is_in": null, "short_name": null, "name:zh": null, "opening_date": null, "subway": "yes", "date:rebuilt": null, "date:renamed": null, "name:1928-1934": null, "wikimedia_commons": null, "building": "transportation", "description": null, "construction": null, "construction:railway": null, "public_transport:version": null, "name:ur": null, "internet_access:ssid": null, "loc_name": null, "loc_name:en": null, "loc_name:hi": null, "loc_name:mr": null, "old_name:hi": null, "old_name:mr": null, "short_name:en": null, "short_name:hi": null, "short_name:mr": null, "landuse": null, "building:levels": null, "building:min_level": null, "layer": "1", "nohousenumber": null, "not:network:wikidata": null, "elevation": null, "bench": null, "lit": null, "shelter": null, "air_conditioning": null, "internet_access:fee": null }, "geometry": { "type": "Polygon", "coordinates": [ [ [ 72.8370399, 19.1271551 ], [ 72.8369873, 19.1269299 ], [ 72.8382569, 19.1266652 ], [ 72.8383095, 19.1268904 ], [ 72.8370399, 19.1271551 ] ] ] } },
{ "type": "Feature", "properties": { "element": "way", "id": 331815671, "internet_access": null, "name": "Western Express Highway", "name:hi": null, "name:mr": "पश्चिम द्रुतगती महामार्ग", "network": null, "network:wikidata": null, "operator": null, "public_transport": "station", "railway": "station", "ref": null, "train": null, "wikidata": null, "wikipedia": null, "name:en": null, "start_date": null, "ele": null, "name:ml": null, "wheelchair": "yes", "addr:city": null, "addr:postcode": null, "addr:street": null, "alt_name": null, "alt_name:en": null, "alt_name:hi": null, "alt_name:mr": null, "monorail": null, "station": "subway", "toilets:wheelchair": null, "ref:suburban": null, "IR:zone": null, "historic:name": null, "historic:ref": null, "old_name": null, "old_ref": null, "official_name": null, "official_name:en": null, "official_name:hi": null, "official_name:mr": null, "old_name:en": null, "name:mr:--2018-07-19": null, "is_in": null, "short_name": null, "name:zh": null, "opening_date": null, "subway": "yes", "date:rebuilt": null, "date:renamed": null, "name:1928-1934": null, "wikimedia_commons": null, "building": "transportation", "description": null, "construction": null, "construction:railway": null, "public_transport:version": null, "name:ur": null, "internet_access:ssid": null, "loc_name": null, "loc_name:en": null, "loc_name:hi": null, "loc_name:mr": null, "old_name:hi": null, "old_name:mr": null, "short_name:en": null, "short_name:hi": null, "short_name:mr": null, "landuse": null, "building:levels": null, "building:min_level": null, "layer": "1", "nohousenumber": null, "not:network:wikidata": null, "elevation": null, "bench": null, "lit": null, "shelter": null, "air_conditioning": null, "internet_access:fee": null }, "geometry": { "type": "Polygon", "coordinates": [ [ [ 72.8559208, 19.1162868 ], [ 72.8558747, 19.116215 ], [ 72.8558491, 19.1161753 ], [ 72.8557941, 19.1160897 ], [ 72.8558293, 19.1160695 ], [ 72.8569291, 19.1154388 ], [ 72.8569793, 19.115517 ], [ 72.8570021, 19.1155524 ], [ 72.8570558, 19.115636 ], [ 72.8559208, 19.1162868 ] ] ] } },
{ "type": "Feature", "properties": { "element": "way", "id": 331824153, "internet_access": null, "name": "Chakala - J.B. Nagar", "name:hi": "चकाला - जे. बी. नगर", "name:mr": "चकाला - जे. बी. नगर", "network": null, "network:wikidata": null, "operator": null, "public_transport": "station", "railway": "station", "ref": null, "train": null, "wikidata": null, "wikipedia": null, "name:en": null, "start_date": null, "ele": null, "name:ml": null, "wheelchair": null, "addr:city": null, "addr:postcode": null, "addr:street": null, "alt_name": null, "alt_name:en": null, "alt_name:hi": null, "alt_name:mr": null, "monorail": null, "station": "subway", "toilets:wheelchair": null, "ref:suburban": null, "IR:zone": null, "historic:name": null, "historic:ref": null, "old_name": null, "old_ref": null, "official_name": null, "official_name:en": null, "official_name:hi": null, "official_name:mr": null, "old_name:en": null, "name:mr:--2018-07-19": null, "is_in": null, "short_name": null, "name:zh": null, "opening_date": null, "subway": "yes", "date:rebuilt": null, "date:renamed": null, "name:1928-1934": null, "wikimedia_commons": null, "building": "transportation", "description": null, "construction": null, "construction:railway": null, "public_transport:version": null, "name:ur": null, "internet_access:ssid": null, "loc_name": null, "loc_name:en": null, "loc_name:hi": null, "loc_name:mr": null, "old_name:hi": null, "old_name:mr": null, "short_name:en": null, "short_name:hi": null, "short_name:mr": null, "landuse": null, "building:levels": null, "building:min_level": null, "layer": "1", "nohousenumber": null, "not:network:wikidata": null, "elevation": null, "bench": null, "lit": null, "shelter": null, "air_conditioning": null, "internet_access:fee": null }, "geometry": { "type": "Polygon", "coordinates": [ [ [ 72.8670232, 19.1123443 ], [ 72.8669417, 19.1120808 ], [ 72.8677478, 19.111858 ], [ 72.8682204, 19.1117275 ], [ 72.8683019, 19.1119911 ], [ 72.8670232, 19.1123443 ] ] ] } },
{ "type": "Feature", "properties": { "element": "way", "id": 331824155, "internet_access": null, "name": "Saki Naka", "name:hi": "साकी नाका", "name:mr": "साकी नाका", "network": null, "network:wikidata": null, "operator": null, "public_transport": "station", "railway": "station", "ref": null, "train": null, "wikidata": null, "wikipedia": null, "name:en": null, "start_date": null, "ele": null, "name:ml": null, "wheelchair": null, "addr:city": null, "addr:postcode": null, "addr:street": null, "alt_name": null, "alt_name:en": null, "alt_name:hi": null, "alt_name:mr": null, "monorail": null, "station": "subway", "toilets:wheelchair": null, "ref:suburban": null, "IR:zone": null, "historic:name": null, "historic:ref": null, "old_name": null, "old_ref": null, "official_name": null, "official_name:en": null, "official_name:hi": null, "official_name:mr": null, "old_name:en": null, "name:mr:--2018-07-19": null, "is_in": null, "short_name": null, "name:zh": null, "opening_date": null, "subway": "yes", "date:rebuilt": null, "date:renamed": null, "name:1928-1934": null, "wikimedia_commons": null, "building": "transportation", "description": null, "construction": null, "construction:railway": null, "public_transport:version": null, "name:ur": null, "internet_access:ssid": null, "loc_name": null, "loc_name:en": null, "loc_name:hi": null, "loc_name:mr": null, "old_name:hi": null, "old_name:mr": null, "short_name:en": null, "short_name:hi": null, "short_name:mr": null, "landuse": null, "building:levels": null, "building:min_level": null, "layer": "1", "nohousenumber": null, "not:network:wikidata": null, "elevation": null, "bench": null, "lit": null, "shelter": null, "air_conditioning": null, "internet_access:fee": null }, "geometry": { "type": "Polygon", "coordinates": [ [ [ 72.8874811, 19.1039963 ], [ 72.887454, 19.1039573 ], [ 72.8873215, 19.1037667 ], [ 72.8874909, 19.1036616 ], [ 72.8884351, 19.1030757 ], [ 72.8885701, 19.10327 ], [ 72.8885946, 19.1033052 ], [ 72.8885633, 19.1033246 ], [ 72.8875081, 19.1039795 ], [ 72.8874811, 19.1039963 ] ] ] } },
{ "type": "Feature", "properties": { "element": "way", "id": 331827626, "internet_access": null, "name": "Asalpha", "name:hi": null, "name:mr": "असल्फा", "network": null, "network:wikidata": null, "operator": null, "public_transport": "station", "railway": "station", "ref": null, "train": null, "wikidata": null, "wikipedia": null, "name:en": null, "start_date": null, "ele": null, "name:ml": null, "wheelchair": null, "addr:city": null, "addr:postcode": null, "addr:street": null, "alt_name": null, "alt_name:en": null, "alt_name:hi": null, "alt_name:mr": null, "monorail": null, "station": "subway", "toilets:wheelchair": null, "ref:suburban": null, "IR:zone": null, "historic:name": null, "historic:ref": null, "old_name": null, "old_ref": null, "official_name": null, "official_name:en": null, "official_name:hi": null, "official_name:mr": null, "old_name:en": null, "name:mr:--2018-07-19": null, "is_in": null, "short_name": null, "name:zh": null, "opening_date": null, "subway": "yes", "date:rebuilt": null, "date:renamed": null, "name:1928-1934": null, "wikimedia_commons": null, "building": "transportation", "description": null, "construction": null, "construction:railway": null, "public_transport:version": null, "name:ur": null, "internet_access:ssid": null, "loc_name": null, "loc_name:en": null, "loc_name:hi": null, "loc_name:mr": null, "old_name:hi": null, "old_name:mr": null, "short_name:en": null, "short_name:hi": null, "short_name:mr": null, "landuse": null, "building:levels": null, "building:min_level": null, "layer": "1", "nohousenumber": null, "not:network:wikidata": null, "elevation": null, "bench": null, "lit": null, "shelter": null, "air_conditioning": null, "internet_access:fee": null }, "geometry": { "type": "Polygon", "coordinates": [ [ [ 72.8944077, 19.0968955 ], [ 72.8943494, 19.0968148 ], [ 72.8942725, 19.0967095 ], [ 72.8942412, 19.0966656 ], [ 72.8953488, 19.0959494 ], [ 72.8953853, 19.0959948 ], [ 72.8954673, 19.0961133 ], [ 72.8955153, 19.0961792 ], [ 72.8949498, 19.0965449 ], [ 72.8944077, 19.0968955 ] ] ] } },
{ "type": "Feature", "properties": { "element": "way", "id": 427199220, "internet_access": null, "name": "Kurla", "name:hi": null, "name:mr": null, "network": null, "network:wikidata": null, "operator": null, "public_transport": "station", "railway": "station", "ref": "3;4", "train": "yes", "wikidata": null, "wikipedia": null, "name:en": null, "start_date": null, "ele": null, "name:ml": null, "wheelchair": "limited", "addr:city": null, "addr:postcode": null, "addr:street": null, "alt_name": null, "alt_name:en": null, "alt_name:hi": null, "alt_name:mr": null, "monorail": null, "station": null, "toilets:wheelchair": null, "ref:suburban": null, "IR:zone": null, "historic:name": null, "historic:ref": null, "old_name": null, "old_ref": null, "official_name": null, "official_name:en": null, "official_name:hi": null, "official_name:mr": null, "old_name:en": null, "name:mr:--2018-07-19": null, "is_in": null, "short_name": null, "name:zh": null, "opening_date": null, "subway": null, "date:rebuilt": null, "date:renamed": null, "name:1928-1934": null, "wikimedia_commons": null, "building": null, "description": null, "construction": null, "construction:railway": null, "public_transport:version": null, "name:ur": null, "internet_access:ssid": null, "loc_name": null, "loc_name:en": null, "loc_name:hi": null, "loc_name:mr": null, "old_name:hi": null, "old_name:mr": null, "short_name:en": null, "short_name:hi": null, "short_name:mr": null, "landuse": null, "building:levels": null, "building:min_level": null, "layer": null, "nohousenumber": null, "not:network:wikidata": null, "elevation": null, "bench": "yes", "lit": "yes", "shelter": "yes", "air_conditioning": null, "internet_access:fee": null }, "geometry": { "type": "Polygon", "coordinates": [ [ [ 72.878223, 19.0645547 ], [ 72.8782702, 19.0644926 ], [ 72.8783136, 19.0645254 ], [ 72.8789992, 19.0650438 ], [ 72.8798175, 19.0656763 ], [ 72.8803143, 19.0660603 ], [ 72.8802735, 19.0661207 ], [ 72.8797646, 19.0657333 ], [ 72.878915, 19.0650865 ], [ 72.8782663, 19.064588 ], [ 72.878223, 19.0645547 ] ] ] } },
{ "type": "Feature", "properties": { "element": "way", "id": 1218500503, "internet_access": null, "name": null, "name:hi": null, "name:mr": null, "network": null, "network:wikidata": null, "operator": null, "public_transport": "station", "railway": "station", "ref": null, "train": null, "wikidata": null, "wikipedia": null, "name:en": null, "start_date": null, "ele": null, "name:ml": null, "wheelchair": null, "addr:city": null, "addr:postcode": null, "addr:street": null, "alt_name": null, "alt_name:en": null, "alt_name:hi": null, "alt_name:mr": null, "monorail": null, "station": "subway", "toilets:wheelchair": null, "ref:suburban": null, "IR:zone": null, "historic:name": null, "historic:ref": null, "old_name": null, "old_ref": null, "official_name": null, "official_name:en": null, "official_name:hi": null, "official_name:mr": null, "old_name:en": null, "name:mr:--2018-07-19": null, "is_in": null, "short_name": null, "name:zh": null, "opening_date": null, "subway": "yes", "date:rebuilt": null, "date:renamed": null, "name:1928-1934": null, "wikimedia_commons": null, "building": "transportation", "description": null, "construction": null, "construction:railway": null, "public_transport:version": null, "name:ur": null, "internet_access:ssid": null, "loc_name": null, "loc_name:en": null, "loc_name:hi": null, "loc_name:mr": null, "old_name:hi": null, "old_name:mr": null, "short_name:en": null, "short_name:hi": null, "short_name:mr": null, "landuse": null, "building:levels": null, "building:min_level": null, "layer": "1", "nohousenumber": null, "not:network:wikidata": null, "elevation": null, "bench": null, "lit": null, "shelter": null, "air_conditioning": null, "internet_access:fee": null }, "geometry": { "type": "Polygon", "coordinates": [ [ [ 72.8427326, 19.2397903 ], [ 72.8439074, 19.2410311 ], [ 72.8441113, 19.2408615 ], [ 72.8429311, 19.2396155 ], [ 72.8427326, 19.2397903 ] ] ] } },
{ "type": "Feature", "properties": { "element": "way", "id": 1330148427, "internet_access": null, "name": null, "name:hi": null, "name:mr": null, "network": null, "network:wikidata": null, "operator": null, "public_transport": "station", "railway": "station", "ref": null, "train": "yes", "wikidata": null, "wikipedia": null, "name:en": null, "start_date": null, "ele": null, "name:ml": null, "wheelchair": null, "addr:city": null, "addr:postcode": null, "addr:street": null, "alt_name": null, "alt_name:en": null, "alt_name:hi": null, "alt_name:mr": null, "monorail": null, "station": null, "toilets:wheelchair": null, "ref:suburban": null, "IR:zone": null, "historic:name": null, "historic:ref": null, "old_name": null, "old_ref": null, "official_name": null, "official_name:en": null, "official_name:hi": null, "official_name:mr": null, "old_name:en": null, "name:mr:--2018-07-19": null, "is_in": null, "short_name": null, "name:zh": null, "opening_date": null, "subway": null, "date:rebuilt": null, "date:renamed": null, "name:1928-1934": null, "wikimedia_commons": null, "building": "train_station", "description": null, "construction": null, "construction:railway": null, "public_transport:version": null, "name:ur": null, "internet_access:ssid": null, "loc_name": null, "loc_name:en": null, "loc_name:hi": null, "loc_name:mr": null, "old_name:hi": null, "old_name:mr": null, "short_name:en": null, "short_name:hi": null, "short_name:mr": null, "landuse": null, "building:levels": "2", "building:min_level": null, "layer": null, "nohousenumber": null, "not:network:wikidata": null, "elevation": null, "bench": null, "lit": null, "shelter": null, "air_conditioning": null, "internet_access:fee": null }, "geometry": { "type": "Polygon", "coordinates": [ [ [ 72.9563792, 19.1722238 ], [ 72.9562846, 19.172307 ], [ 72.9560946, 19.1721142 ], [ 72.9559173, 19.1719343 ], [ 72.956012, 19.1718511 ], [ 72.9561889, 19.1720318 ], [ 72.9563792, 19.1722238 ] ] ] } },
{ "type": "Feature", "properties": { "element": "way", "id": 1330720641, "internet_access": null, "name": "Aarey JVLR", "name:hi": null, "name:mr": "आरे कॉलनी", "network": "Mumbai Metro", "network:wikidata": null, "operator": "Mumbai Metro Rail Corporation Ltd", "public_transport": "station", "railway": "station", "ref": "ARYJ", "train": null, "wikidata": "Q130461525", "wikipedia": null, "name:en": null, "start_date": "2024-10-05", "ele": null, "name:ml": null, "wheelchair": null, "addr:city": null, "addr:postcode": null, "addr:street": null, "alt_name": null, "alt_name:en": null, "alt_name:hi": null, "alt_name:mr": null, "monorail": null, "station": "subway", "toilets:wheelchair": null, "ref:suburban": null, "IR:zone": null, "historic:name": null, "historic:ref": null, "old_name": null, "old_ref": null, "official_name": null, "official_name:en": null, "official_name:hi": null, "official_name:mr": null, "old_name:en": null, "name:mr:--2018-07-19": null, "is_in": null, "short_name": null, "name:zh": null, "opening_date": null, "subway": "yes", "date:rebuilt": null, "date:renamed": null, "name:1928-1934": null, "wikimedia_commons": null, "building": null, "description": null, "construction": null, "construction:railway": null, "public_transport:version": null, "name:ur": null, "internet_access:ssid": null, "loc_name": null, "loc_name:en": null, "loc_name:hi": null, "loc_name:mr": null, "old_name:hi": null, "old_name:mr": null, "short_name:en": null, "short_name:hi": null, "short_name:mr": null, "landuse": null, "building:levels": null, "building:min_level": null, "layer": null, "nohousenumber": null, "not:network:wikidata": null, "elevation": null, "bench": null, "lit": null, "shelter": null, "air_conditioning": null, "internet_access:fee": null }, "geometry": { "type": "Polygon", "coordinates": [ [ [ 72.8852373, 19.1307836 ], [ 72.8850442, 19.1307981 ], [ 72.8849101, 19.1307246 ], [ 72.8848833, 19.1306131 ], [ 72.8846419, 19.1305447 ], [ 72.8845135, 19.130006 ], [ 72.8844005, 19.130015 ], [ 72.8843445, 19.1294861 ], [ 72.8839835, 19.1294988 ], [ 72.8840411, 19.1301924 ], [ 72.8840116, 19.130309 ], [ 72.8840359, 19.1305616 ], [ 72.883922, 19.1305705 ], [ 72.883941, 19.130789 ], [ 72.8834113, 19.1308302 ], [ 72.8834358, 19.131111 ], [ 72.8834376, 19.1312276 ], [ 72.883455, 19.1313708 ], [ 72.885287, 19.1311389 ], [ 72.8852373, 19.1307836 ] ] ] } },
{ "type": "Feature", "properties": { "element": "way", "id": 1343435452, "internet_access": "wlan", "name": "Vadala Road", "name:hi": null, "name:mr": null, "network": "Harbour Line", "network:wikidata": null, "operator": "Central Railways", "public_transport": "station", "railway": "station", "ref": null, "train": "yes", "wikidata": null, "wikipedia": null, "name:en": null, "start_date": null, "ele": null, "name:ml": null, "wheelchair": "limited", "addr:city": null, "addr:postcode": null, "addr:street": null, "alt_name": null, "alt_name:en": null, "alt_name:hi": null, "alt_name:mr": null, "monorail": null, "station": null, "toilets:wheelchair": null, "ref:suburban": null, "IR:zone": null, "historic:name": null, "historic:ref": null, "old_name": null, "old_ref": null, "official_name": null, "official_name:en": null, "official_name:hi": null, "official_name:mr": null, "old_name:en": null, "name:mr:--2018-07-19": null, "is_in": null, "short_name": null, "name:zh": null, "opening_date": null, "subway": null, "date:rebuilt": null, "date:renamed": null, "name:1928-1934": null, "wikimedia_commons": null, "building": null, "description": null, "construction": null, "construction:railway": null, "public_transport:version": null, "name:ur": null, "internet_access:ssid": null, "loc_name": null, "loc_name:en": null, "loc_name:hi": null, "loc_name:mr": null, "old_name:hi": null, "old_name:mr": null, "short_name:en": null, "short_name:hi": null, "short_name:mr": null, "landuse": null, "building:levels": null, "building:min_level": null, "layer": null, "nohousenumber": null, "not:network:wikidata": null, "elevation": null, "bench": null, "lit": null, "shelter": null, "air_conditioning": "no", "internet_access:fee": "no" }, "geometry": { "type": "Polygon", "coordinates": [ [ [ 72.8580403, 19.0147786 ], [ 72.8577941, 19.0150226 ], [ 72.8582962, 19.0156355 ], [ 72.8584485, 19.0158214 ], [ 72.8591803, 19.0167479 ], [ 72.8592623, 19.0168518 ], [ 72.8597682, 19.0174923 ], [ 72.8600317, 19.017304 ], [ 72.8595863, 19.0166303 ], [ 72.8588946, 19.0157885 ], [ 72.8580403, 19.0147786 ] ] ] } },
{ "type": "Feature", "properties": { "element": "way", "id": 1483935584, "internet_access": null, "name": "Chembur", "name:hi": null, "name:mr": null, "network": "Mumbai Metro Line 2", "network:wikidata": null, "operator": null, "public_transport": "station", "railway": "station", "ref": null, "train": null, "wikidata": null, "wikipedia": null, "name:en": null, "start_date": null, "ele": null, "name:ml": null, "wheelchair": null, "addr:city": null, "addr:postcode": null, "addr:street": null, "alt_name": null, "alt_name:en": null, "alt_name:hi": null, "alt_name:mr": null, "monorail": null, "station": "subway", "toilets:wheelchair": null, "ref:suburban": null, "IR:zone": null, "historic:name": null, "historic:ref": null, "old_name": null, "old_ref": null, "official_name": null, "official_name:en": null, "official_name:hi": null, "official_name:mr": null, "old_name:en": null, "name:mr:--2018-07-19": null, "is_in": null, "short_name": null, "name:zh": null, "opening_date": "2026-04", "subway": "yes", "date:rebuilt": null, "date:renamed": null, "name:1928-1934": null, "wikimedia_commons": null, "building": "yes", "description": null, "construction": null, "construction:railway": null, "public_transport:version": null, "name:ur": null, "internet_access:ssid": null, "loc_name": null, "loc_name:en": null, "loc_name:hi": null, "loc_name:mr": null, "old_name:hi": null, "old_name:mr": null, "short_name:en": null, "short_name:hi": null, "short_name:mr": null, "landuse": null, "building:levels": null, "building:min_level": null, "layer": "3", "nohousenumber": null, "not:network:wikidata": null, "elevation": null, "bench": null, "lit": null, "shelter": null, "air_conditioning": null, "internet_access:fee": null }, "geometry": { "type": "Polygon", "coordinates": [ [ [ 72.8919148, 19.0542355 ], [ 72.8919141, 19.0541653 ], [ 72.8919136, 19.0541203 ], [ 72.8919128, 19.05405 ], [ 72.893679, 19.0540334 ], [ 72.8936798, 19.0541038 ], [ 72.8936803, 19.0541501 ], [ 72.8936811, 19.0542186 ], [ 72.8919148, 19.0542355 ] ] ] } },
{ "type": "Feature", "properties": { "element": "way", "id": 1485677774, "internet_access": null, "name": null, "name:hi": null, "name:mr": null, "network": "Mumbai Metro Line 7A", "network:wikidata": null, "operator": null, "public_transport": "station", "railway": "station", "ref": null, "train": null, "wikidata": null, "wikipedia": null, "name:en": null, "start_date": null, "ele": null, "name:ml": null, "wheelchair": null, "addr:city": null, "addr:postcode": null, "addr:street": null, "alt_name": null, "alt_name:en": null, "alt_name:hi": null, "alt_name:mr": null, "monorail": null, "station": "subway", "toilets:wheelchair": null, "ref:suburban": null, "IR:zone": null, "historic:name": null, "historic:ref": null, "old_name": null, "old_ref": null, "official_name": null, "official_name:en": null, "official_name:hi": null, "official_name:mr": null, "old_name:en": null, "name:mr:--2018-07-19": null, "is_in": null, "short_name": null, "name:zh": null, "opening_date": "2026-12", "subway": "yes", "date:rebuilt": null, "date:renamed": null, "name:1928-1934": null, "wikimedia_commons": null, "building": "yes", "description": null, "construction": "yes", "construction:railway": "station", "public_transport:version": null, "name:ur": null, "internet_access:ssid": null, "loc_name": null, "loc_name:en": null, "loc_name:hi": null, "loc_name:mr": null, "old_name:hi": null, "old_name:mr": null, "short_name:en": null, "short_name:hi": null, "short_name:mr": null, "landuse": null, "building:levels": null, "building:min_level": null, "layer": "3", "nohousenumber": null, "not:network:wikidata": null, "elevation": null, "bench": null, "lit": null, "shelter": null, "air_conditioning": null, "internet_access:fee": null }, "geometry": { "type": "Polygon", "coordinates": [ [ [ 72.8540803, 19.1049993 ], [ 72.8541743, 19.1050173 ], [ 72.8542274, 19.1050274 ], [ 72.8543144, 19.1050441 ], [ 72.8539637, 19.1066816 ], [ 72.8538742, 19.1066645 ], [ 72.85382, 19.1066542 ], [ 72.8537292, 19.1066368 ], [ 72.8540803, 19.1049993 ] ] ] } }
]
}
