{
"type": "FeatureCollection",
"name": "schools",
"crs": { "type": "name", "properties": { "name": "urn:ogc:def:crs:OGC:1.3:CRS84" } },
"features": [
{ "type": "Feature", "properties": { "element": "node", "id": 245668712, "amenity": "school", "name": "Classic", "opening_hours": "Mo-Su 09:00-21:00", "source": "AND", "tourism": "hotel", "name:ur": null, "addr:city": null, "addr:housenumber": null, "addr:postcode": null, "addr:street": null, "denomination": null, "grades": null, "religion": null, "timing": null, "wikidata": null, "fixme": null, "name:en": null, "operator": null, "website": null, "check_date": null, "description": null, "female": null, "note": null, "phone": null, "isced:level": null, "education": null, "fee": null, "operator:type": null, "addr:country": null, "email": null, "capacity": null, "operator:short": null, "operator:wikidata": null, "addr:district": null, "check_date:opening_hours": null, "name:hi": null, "building": null, "brand": null, "brand:wikidata": null, "landuse": null, "building:levels": null, "wikipedia": null, "amenity_1": null, "school:gender": null, "old_name": null, "wikimedia_commons": null, "addr:housename": null, "ref:IN:UDISE": null, "barrier": null, "school": null, "name:etymology:wikidata": null, "addr:state": null, "addr:suburb": null, "alt_name": null, "surface": null, "height": null, "building:part": null, "species:en": null, "level": null, "name:mr": null, "short_name": null, "start_date": null, "name:fr": null, "layer": null, "ele": null, "type": null }, "geometry": { "type": "Point", "coordinates": [ 72.8384747, 19.0835527 ] } },
{ "type": "Feature", "properties": { "element": "node", "id": 246446609, "amenity": "school", "name": "Home for mental deficient childern", "opening_hours": null, "source": null, "tourism": null, "name:ur": null, "addr:city": null, "addr:housenumber": null, "addr:postcode": null, "addr:street": null, "denomination": null, "grades": null, "religion": null, "timing": null, "wikidata": null, "fixme": null, "name:en": null, "operator": null, "website": null, "check_date": null, "description": null, "female": null, "note": null, "phone": null, "isced:level": null, "education": null, "fee": null, "operator:type": null, "addr:country": null, "email": null, "capacity": null, "operator:short": null, "operator:wikidata": null, "addr:district": null, "check_date:opening_hours": null, "name:hi": null, "building": null, "brand": null, "brand:wikidata": null, "landuse": null, "building:levels": null, "wikipedia": null, "amenity_1": null, "school:gender": null, "old_name": null, "wikimedia_commons": null, "addr:housename": null, "ref:IN:UDISE": null, "barrier": null, "school": null, "name:etymology:wikidata": null, "addr:state": null, "addr:suburb": null, "alt_name": null, "surface": null, "height": null, "building:part": null, "species:en": null, "level": null, "name:mr": null, "short_name": null, "start_date": null, "name:fr": null, "layer": null, "ele": null, "type": null }, "geometry": { "type": "Point", "coordinates": [ 72.9256871, 19.0436727 ] } },
{ "type": "Feature", "properties": { "element": "node", "id": 347125102, "amenity": "school", "name": "Apostolic Carmel Convent (Girl's School)", "opening_hours": null, "source": null, "tourism": null, "name:ur": null, "addr:city": null, "addr:housenumber": null, "addr:postcode": null, "addr:street": null, "denomination": null, "grades": null, "religion": null, "timing": null, "wikidata": null, "fixme": null, "name:en": null, "operator": null, "website": null, "check_date": null, "description": null, "female": null, "note": null, "phone": null, "isced:level": null, "education": null, "fee": null, "operator:type": null, "addr:country": null, "email": null, "capacity": null, "operator:short": null, "operator:wikidata": null, "addr:district": null, "check_date:opening_hours": null, "name:hi": null, "building": null, "brand": null, "brand:wikidata": null, "landuse": null, "building:levels": null, "wikipedia": null, "amenity_1": null, "school:gender": null, "old_name": null, "wikimedia_commons": null, "addr:housename": null, "ref:IN:UDISE": null, "barrier": null, "school": null, "name:etymology:wikidata": null, "addr:state": null, "addr:suburb": null, "alt_name": null, "surface": null, "height": null, "building:part": null, "species:en": null, "level": null, "name:mr": null, "short_name": null, "start_date": null, "name:fr": null, "layer": null, "ele": null, "type": null }, "geometry": { "type": "Point", "coordinates": [ 72.8262102, 19.0550042 ] } },
{ "type": "Feature", "properties": { "element": "node", "id": 651265089, "amenity": "school", "name": "Modern English School", "opening_hours": null, "source": null, "tourism": null, "name:ur": "ماڈرن انگلش اسکول", "addr:city": null, "addr:housenumber": null, "addr:postcode": null, "addr:street": null, "denomination": null, "grades": null, "religion": null, "timing": null, "wikidata": null, "fixme": null, "name:en": null, "operator": null, "website": null, "check_date": null, "description": null, "female": null, "note": null, "phone": null, "isced:level": null, "education": null, "fee": null, "operator:type": null, "addr:country": null, "email": null, "capacity": null, "operator:short": null, "operator:wikidata": null, "addr:district": null, "check_date:opening_hours": null, "name:hi": null, "building": null, "brand": null, "brand:wikidata": null, "landuse": null, "building:levels": null, "wikipedia": null, "amenity_1": null, "school:gender": null, "old_name": null, "wikimedia_commons": null, "addr:housename": null, "ref:IN:UDISE": null, "barrier": null, "school": null, "name:etymology:wikidata": null, "addr:state": null, "addr:suburb": null, "alt_name": null, "surface": null, "height": null, "building:part": null, "species:en": null, "level": null, "name:mr": null, "short_name": null, "start_date": null, "name:fr": null, "layer": null, "ele": null, "type": null }, "geometry": { "type": "Point", "coordinates": [ 72.9063356, 19.065657 ] } },
{ "type": "Feature", "properties": { "element": "node", "id": 814384677, "amenity": "school", "name": "Don Bosco Primary School", "opening_hours": null, "source": null, "tourism": null, "name:ur": null, "addr:city": null, "addr:housenumber": null, "addr:postcode": null, "addr:street": null, "denomination": null, "grades": null, "religion": null, "timing": null, "wikidata": null, "fixme": null, "name:en": null, "operator": null, "website": null, "check_date": null, "description": null, "female": null, "note": null, "phone": null, "isced:level": null, "education": null, "fee": null, "operator:type": null, "addr:country": null, "email": null, "capacity": null, "operator:short": null, "operator:wikidata": null, "addr:district": null, "check_date:opening_hours": null, "name:hi": null, "building": null, "brand": null, "brand:wikidata": null, "landuse": null, "building:levels": null, "wikipedia": null, "amenity_1": null, "school:gender": null, "old_name": null, "wikimedia_commons": null, "addr:housename": null, "ref:IN:UDISE": null, "barrier": null, "school": null, "name:etymology:wikidata": null, "addr:state": null, "addr:suburb": null, "alt_name": null, "surface": null, "height": null, "building:part": null, "species:en": null, "level": null, "name:mr": null, "short_name": null, "start_date": null, "name:fr": null, "layer": null, "ele": null, "type": null }, "geometry": { "type": "Point", "coordinates": [ 72.841711, 19.2312257 ] } },
{ "type": "Feature", "properties": { "element": "node", "id": 814385412, "amenity": "school", "name": "Don Bosco High School", "opening_hours": null, "source": null, "tourism": null, "name:ur": null, "addr:city": "Mumbai", "addr:housenumber": "Don Bosco School", "addr:postcode": "400092", "addr:street": "Chandavarkar Lane", "denomination": "catholic", "grades": "1-10", "religion": "christian", "timing": "mon-sat  7:00am-18:00pm PH off", "wikidata": null, "fixme": null, "name:en": null, "operator": null, "website": null, "check_date": null, "description": null, "female": null, "note": null, "phone": null, "isced:level": null, "education": null, "fee": null, "operator:type": null, "addr:country": null, "email": null, "capacity": null, "operator:short": null, "operator:wikidata": null, "addr:district": null, "check_date:opening_hours": null, "name:hi": null, "building": null, "brand": null, "brand:wikidata": null, "landuse": null, "building:levels": null, "wikipedia": null, "amenity_1": null, "school:gender": null, "old_name": null, "wikimedia_commons": null, "addr:housename": null, "ref:IN:UDISE": null, "barrier": null, "school": null, "name:etymology:wikidata": null, "addr:state": null, "addr:suburb": null, "alt_name": null, "surface": null, "height": null, "building:part": null, "species:en": null, "level": null, "name:mr": null, "short_name": null, "start_date": null, "name:fr": null, "layer": null, "ele": null, "type": null }, "geometry": { "type": "Point", "coordinates": [ 72.8418808, 19.2303902 ] } },
{ "type": "Feature", "properties": { "element": "node", "id": 984985842, "amenity": "school", "name": "Nandadeep Vidyalay", "opening_hours": null, "source": null, "tourism": null, "name:ur": null, "addr:city": null, "addr:housenumber": null, "addr:postcode": null, "addr:street": null, "denomination": null, "grades": null, "religion": null, "timing": null, "wikidata": null, "fixme": null, "name:en": null, "operator": null, "website": null, "check_date": null, "description": null, "female": null, "note": null, "phone": null, "isced:level": null, "education": null, "fee": null, "operator:type": null, "addr:country": null, "email": null, "capacity": null, "operator:short": null, "operator:wikidata": null, "addr:district": null, "check_date:opening_hours": null, "name:hi": null, "building": null, "brand": null, "brand:wikidata": null, "landuse": null, "building:levels": null, "wikipedia": null, "amenity_1": null, "school:gender": null, "old_name": null, "wikimedia_commons": null, "addr:housename": null, "ref:IN:UDISE": null, "barrier": null, "school": null, "name:etymology:wikidata": null, "addr:state": null, "addr:suburb": null, "alt_name": null, "surface": null, "height": null, "building:part": null, "species:en": null, "level": null, "name:mr": null, "short_name": null, "start_date": null, "name:fr": null, "layer": null, "ele": null, "type": null }, "geometry": { "type": "Point", "coordinates": [ 72.8548539, 19.1625315 ] } },
{ "type": "Feature", "properties": { "element": "node", "id": 1168348915, "amenity": "school", "name": "St. Thomas School", "opening_hours": null, "source": null, "tourism": null, "name:ur": null, "addr:city": null, "addr:housenumber": null, "addr:postcode": null, "addr:street": null, "denomination": null, "grades": null, "religion": null, "timing": null, "wikidata": null, "fixme": null, "name:en": null, "operator": null, "website": null, "check_date": null, "description": null, "female": null, "note": null, "phone": null, "isced:level": null, "education": null, "fee": null, "operator:type": null, "addr:country": null, "email": null, "capacity": null, "operator:short": null, "operator:wikidata": null, "addr:district": null, "check_date:opening_hours": null, "name:hi": null, "building": null, "brand": null, "brand:wikidata": null, "landuse": null, "building:levels": null, "wikipedia": null, "amenity_1": null, "school:gender": null, "old_name": null, "wikimedia_commons": null, "addr:housename": null, "ref:IN:UDISE": null, "barrier": null, "school": null, "name:etymology:wikidata": null, "addr:state": null, "addr:suburb": null, "alt_name": null, "surface": null, "height": null, "building:part": null, "species:en": null, "level": null, "name:mr": null, "short_name": null, "start_date": null, "name:fr": null, "layer": null, "ele": null, "type": null }, "geometry": { "type": "Point", "coordinates": [ 72.8498342, 19.1670343 ] } },
{ "type": "Feature", "properties": { "element": "node", "id": 1168348939, "amenity": "school", "name": "St. Thomas School Ground", "opening_hours": null, "source": null, "tourism": null, "name:ur": null, "addr:city": null, "addr:housenumber": null, "addr:postcode": null, "addr:street": null, "denomination": null, "grades": null, "religion": null, "timing": null, "wikidata": null, "fixme": null, "name:en": null, "operator": null, "website": null, "check_date": null, "description": null, "female": null, "note": null, "phone": null, "isced:level": null, "education": null, "fee": null, "operator:type": null, "addr:country": null, "email": null, "capacity": null, "operator:short": null, "operator:wikidata": null, "addr:district": null, "check_date:opening_hours": null, "name:hi": null, "building": null, "brand": null, "brand:wikidata": null, "landuse": null, "building:levels": null, "wikipedia": null, "amenity_1": null, "school:gender": null, "old_name": null, "wikimedia_commons": null, "addr:housename": null, "ref:IN:UDISE": null, "barrier": null, "school": null, "name:etymology:wikidata": null, "addr:state": null, "addr:suburb": null, "alt_name": null, "surface": null, "height": null, "building:part": null, "species:en": null, "level": null, "name:mr": null, "short_name": null, "start_date": null, "name:fr": null, "layer": null, "ele": null, "type": null }, "geometry": { "type": "Point", "coordinates": [ 72.8500761, 19.1693345 ] } },
{ "type": "Feature", "properties": { "element": "node", "id": 1347702333, "amenity": "school", "name": "NL High School", "opening_hours": null, "source": null, "tourism": null, "name:ur": null, "addr:city": null, "addr:housenumber": null, "addr:postcode": null, "addr:street": null, "denomination": null, "grades": null, "religion": null, "timing": null, "wikidata": null, "fixme": null, "name:en": null, "operator": null, "website": null, "check_date": null, "description": null, "female": null, "note": null, "phone": null, "isced:level": null, "education": null, "fee": null, "operator:type": null, "addr:country": null, "email": null, "capacity": null, "operator:short": null, "operator:wikidata": null, "addr:district": null, "check_date:opening_hours": null, "name:hi": null, "building": null, "brand": null, "brand:wikidata": null, "landuse": null, "building:levels": null, "wikipedia": null, "amenity_1": null, "school:gender": null, "old_name": null, "wikimedia_commons": null, "addr:housename": null, "ref:IN:UDISE": null, "barrier": null, "school": null, "name:etymology:wikidata": null, "addr:state": null, "addr:suburb": null, "alt_name": null, "surface": null, "height": null, "building:part": null, "species:en": null, "level": null, "name:mr": null, "short_name": null, "start_date": null, "name:fr": null, "layer": null, "ele": null, "type": null }, "geometry": { "type": "Point", "coordinates": [ 72.8474592, 19.192628 ] } },
{ "type": "Feature", "properties": { "element": "node", "id": 1347723684, "amenity": "school", "name": "Municipal Corporation Liberty Garden School", "opening_hours": null, "source": null, "tourism": null, "name:ur": null, "addr:city": null, "addr:housenumber": null, "addr:postcode": null, "addr:street": null, "denomination": null, "grades": null, "religion": null, "timing": null, "wikidata": null, "fixme": null, "name:en": null, "operator": null, "website": null, "check_date": null, "description": null, "female": null, "note": null, "phone": null, "isced:level": null, "education": null, "fee": null, "operator:type": null, "addr:country": null, "email": null, "capacity": null, "operator:short": null, "operator:wikidata": null, "addr:district": null, "check_date:opening_hours": null, "name:hi": null, "building": null, "brand": null, "brand:wikidata": null, "landuse": null, "building:levels": null, "wikipedia": null, "amenity_1": null, "school:gender": null, "old_name": null, "wikimedia_commons": null, "addr:housename": null, "ref:IN:UDISE": null, "barrier": null, "school": null, "name:etymology:wikidata": null, "addr:state": null, "addr:suburb": null, "alt_name": null, "surface": null, "height": null, "building:part": null, "species:en": null, "level": null, "name:mr": null, "short_name": null, "start_date": null, "name:fr": null, "layer": null, "ele": null, "type": null }, "geometry": { "type": "Point", "coordinates": [ 72.8412266, 19.188526 ] } },
{ "type": "Feature", "properties": { "element": "node", "id": 1352290055, "amenity": "school", "name": "Ajmera Global School", "opening_hours": null, "source": null, "tourism": null, "name:ur": null, "addr:city": null, "addr:housenumber": null, "addr:postcode": null, "addr:street": null, "denomination": null, "grades": null, "religion": null, "timing": null, "wikidata": "Q4699910", "fixme": null, "name:en": null, "operator": null, "website": null, "check_date": null, "description": null, "female": null, "note": null, "phone": null, "isced:level": null, "education": null, "fee": null, "operator:type": null, "addr:country": null, "email": null, "capacity": null, "operator:short": null, "operator:wikidata": null, "addr:district": null, "check_date:opening_hours": null, "name:hi": null, "building": null, "brand": null, "brand:wikidata": null, "landuse": null, "building:levels": null, "wikipedia": null, "amenity_1": null, "school:gender": null, "old_name": null, "wikimedia_commons": null, "addr:housename": null, "ref:IN:UDISE": null, "barrier": null, "school": null, "name:etymology:wikidata": null, "addr:state": null, "addr:suburb": null, "alt_name": null, "surface": null, "height": null, "building:part": null, "species:en": null, "level": null, "name:mr": null, "short_name": null, "start_date": null, "name:fr": null, "layer": null, "ele": null, "type": null }, "geometry": { "type": "Point", "coordinates": [ 72.8467515, 19.2331345 ] } },
{ "type": "Feature", "properties": { "element": "node", "id": 1361567957, "amenity": "school", "name": "Sharda Gyanpeeth International School", "opening_hours": null, "source": null, "tourism": null, "name:ur": null, "addr:city": null, "addr:housenumber": null, "addr:postcode": null, "addr:street": null, "denomination": null, "grades": null, "religion": null, "timing": null, "wikidata": null, "fixme": "exact location", "name:en": null, "operator": null, "website": null, "check_date": null, "description": null, "female": null, "note": null, "phone": null, "isced:level": null, "education": null, "fee": null, "operator:type": null, "addr:country": null, "email": null, "capacity": null, "operator:short": null, "operator:wikidata": null, "addr:district": null, "check_date:opening_hours": null, "name:hi": null, "building": null, "brand": null, "brand:wikidata": null, "landuse": null, "building:levels": null, "wikipedia": null, "amenity_1": null, "school:gender": null, "old_name": null, "wikimedia_commons": null, "addr:housename": null, "ref:IN:UDISE": null, "barrier": null, "school": null, "name:etymology:wikidata": null, "addr:state": null, "addr:suburb": null, "alt_name": null, "surface": null, "height": null, "building:part": null, "species:en": null, "level": null, "name:mr": null, "short_name": null, "start_date": null, "name:fr": null, "layer": null, "ele": null, "type": null }, "geometry": { "type": "Point", "coordinates": [ 72.8548987, 19.1930649 ] } },
{ "type": "Feature", "properties": { "element": "node", "id": 1361576661, "amenity": "school", "name": "St. Joseph High School", "opening_hours": null, "source": null, "tourism": null, "name:ur": null, "addr:city": null, "addr:housenumber": null, "addr:postcode": null, "addr:street": null, "denomination": null, "grades": null, "religion": null, "timing": null, "wikidata": null, "fixme": null, "name:en": null, "operator": null, "website": null, "check_date": null, "description": null, "female": null, "note": null, "phone": null, "isced:level": null, "education": null, "fee": null, "operator:type": null, "addr:country": null, "email": null, "capacity": null, "operator:short": null, "operator:wikidata": null, "addr:district": null, "check_date:opening_hours": null, "name:hi": null, "building": null, "brand": null, "brand:wikidata": null, "landuse": null, "building:levels": null, "wikipedia": null, "amenity_1": null, "school:gender": null, "old_name": null, "wikimedia_commons": null, "addr:housename": null, "ref:IN:UDISE": null, "barrier": null, "school": null, "name:etymology:wikidata": null, "addr:state": null, "addr:suburb": null, "alt_name": null, "surface": null, "height": null, "building:part": null, "species:en": null, "level": null, "name:mr": null, "short_name": null, "start_date": null, "name:fr": null, "layer": null, "ele": null, "type": null }, "geometry": { "type": "Point", "coordinates": [ 72.8569264, 19.1904293 ] } },
{ "type": "Feature", "properties": { "element": "node", "id": 1361576666, "amenity": "school", "name": "St. George High School", "opening_hours": null, "source": null, "tourism": null, "name:ur": null, "addr:city": null, "addr:housenumber": null, "addr:postcode": null, "addr:street": null, "denomination": null, "grades": null, "religion": null, "timing": null, "wikidata": null, "fixme": null, "name:en": null, "operator": null, "website": null, "check_date": null, "description": null, "female": null, "note": null, "phone": null, "isced:level": null, "education": null, "fee": null, "operator:type": null, "addr:country": null, "email": null, "capacity": null, "operator:short": null, "operator:wikidata": null, "addr:district": null, "check_date:opening_hours": null, "name:hi": null, "building": null, "brand": null, "brand:wikidata": null, "landuse": null, "building:levels": null, "wikipedia": null, "amenity_1": null, "school:gender": null, "old_name": null, "wikimedia_commons": null, "addr:housename": null, "ref:IN:UDISE": null, "barrier": null, "school": null, "name:etymology:wikidata": null, "addr:state": null, "addr:suburb": null, "alt_name": null, "surface": null, "height": null, "building:part": null, "species:en": null, "level": null, "name:mr": null, "short_name": null, "start_date": null, "name:fr": null, "layer": null, "ele": null, "type": null }, "geometry": { "type": "Point", "coordinates": [ 72.8563332, 19.1893461 ] } },
{ "type": "Feature", "properties": { "element": "node", "id": 1361584423, "amenity": "school", "name": "Universal High School", "opening_hours": null, "source": null, "tourism": null, "name:ur": null, "addr:city": null, "addr:housenumber": null, "addr:postcode": null, "addr:street": null, "denomination": null, "grades": null, "religion": null, "timing": null, "wikidata": null, "fixme": null, "name:en": null, "operator": null, "website": null, "check_date": null, "description": null, "female": null, "note": null, "phone": null, "isced:level": null, "education": null, "fee": null, "operator:type": null, "addr:country": null, "email": null, "capacity": null, "operator:short": null, "operator:wikidata": null, "addr:district": null, "check_date:opening_hours": null, "name:hi": null, "building": null, "brand": null, "brand:wikidata": null, "landuse": null, "building:levels": null, "wikipedia": null, "amenity_1": null, "school:gender": null, "old_name": null, "wikimedia_commons": null, "addr:housename": null, "ref:IN:UDISE": null, "barrier": null, "school": null, "name:etymology:wikidata": null, "addr:state": null, "addr:suburb": null, "alt_name": null, "surface": null, "height": null, "building:part": null, "species:en": null, "level": null, "name:mr": null, "short_name": null, "start_date": null, "name:fr": null, "layer": null, "ele": null, "type": null }, "geometry": { "type": "Point", "coordinates": [ 72.8505882, 19.1885552 ] } },
{ "type": "Feature", "properties": { "element": "node", "id": 1368753139, "amenity": "school", "name": "IB Patel School", "opening_hours": null, "source": null, "tourism": null, "name:ur": null, "addr:city": null, "addr:housenumber": null, "addr:postcode": null, "addr:street": null, "denomination": null, "grades": null, "religion": null, "timing": null, "wikidata": null, "fixme": null, "name:en": null, "operator": null, "website": null, "check_date": null, "description": null, "female": null, "note": null, "phone": null, "isced:level": null, "education": null, "fee": null, "operator:type": null, "addr:country": null, "email": null, "capacity": null, "operator:short": null, "operator:wikidata": null, "addr:district": null, "check_date:opening_hours": null, "name:hi": null, "building": null, "brand": null, "brand:wikidata": null, "landuse": null, "building:levels": null, "wikipedia": null, "amenity_1": null, "school:gender": null, "old_name": null, "wikimedia_commons": null, "addr:housename": null, "ref:IN:UDISE": null, "barrier": null, "school": null, "name:etymology:wikidata": null, "addr:state": null, "addr:suburb": null, "alt_name": null, "surface": null, "height": null, "building:part": null, "species:en": null, "level": null, "name:mr": null, "short_name": null, "start_date": null, "name:fr": null, "layer": null, "ele": null, "type": null }, "geometry": { "type": "Point", "coordinates": [ 72.8476552, 19.1578421 ] } },
{ "type": "Feature", "properties": { "element": "node", "id": 1416530124, "amenity": "school", "name": "Atharva College of Engineering", "opening_hours": null, "source": null, "tourism": null, "name:ur": null, "addr:city": null, "addr:housenumber": null, "addr:postcode": null, "addr:street": null, "denomination": null, "grades": null, "religion": null, "timing": null, "wikidata": null, "fixme": null, "name:en": null, "operator": null, "website": null, "check_date": null, "description": null, "female": null, "note": null, "phone": null, "isced:level": null, "education": null, "fee": null, "operator:type": null, "addr:country": null, "email": null, "capacity": null, "operator:short": null, "operator:wikidata": null, "addr:district": null, "check_date:opening_hours": null, "name:hi": null, "building": null, "brand": null, "brand:wikidata": null, "landuse": null, "building:levels": null, "wikipedia": null, "amenity_1": null, "school:gender": null, "old_name": null, "wikimedia_commons": null, "addr:housename": null, "ref:IN:UDISE": null, "barrier": null, "school": null, "name:etymology:wikidata": null, "addr:state": null, "addr:suburb": null, "alt_name": null, "surface": null, "height": null, "building:part": null, "species:en": null, "level": null, "name:mr": null, "short_name": null, "start_date": null, "name:fr": null, "layer": null, "ele": null, "type": null }, "geometry": { "type": "Point", "coordinates": [ 72.8270575, 19.1977249 ] } },
{ "type": "Feature", "properties": { "element": "node", "id": 1496182478, "amenity": "school", "name": "Muncipal School", "opening_hours": null, "source": null, "tourism": null, "name:ur": null, "addr:city": null, "addr:housenumber": null, "addr:postcode": null, "addr:street": null, "denomination": null, "grades": null, "religion": null, "timing": null, "wikidata": null, "fixme": null, "name:en": null, "operator": null, "website": null, "check_date": null, "description": null, "female": null, "note": null, "phone": null, "isced:level": null, "education": null, "fee": null, "operator:type": null, "addr:country": null, "email": null, "capacity": null, "operator:short": null, "operator:wikidata": null, "addr:district": null, "check_date:opening_hours": null, "name:hi": null, "building": null, "brand": null, "brand:wikidata": null, "landuse": null, "building:levels": null, "wikipedia": null, "amenity_1": null, "school:gender": null, "old_name": null, "wikimedia_commons": null, "addr:housename": null, "ref:IN:UDISE": null, "barrier": null, "school": null, "name:etymology:wikidata": null, "addr:state": null, "addr:suburb": null, "alt_name": null, "surface": null, "height": null, "building:part": null, "species:en": null, "level": null, "name:mr": null, "short_name": null, "start_date": null, "name:fr": null, "layer": null, "ele": null, "type": null }, "geometry": { "type": "Point", "coordinates": [ 72.8597251, 19.2271718 ] } },
{ "type": "Feature", "properties": { "element": "node", "id": 1541880069, "amenity": "school", "name": "Shivaji School", "opening_hours": null, "source": null, "tourism": null, "name:ur": null, "addr:city": null, "addr:housenumber": null, "addr:postcode": null, "addr:street": null, "denomination": null, "grades": null, "religion": null, "timing": null, "wikidata": null, "fixme": null, "name:en": null, "operator": null, "website": null, "check_date": null, "description": null, "female": null, "note": null, "phone": null, "isced:level": null, "education": null, "fee": null, "operator:type": null, "addr:country": null, "email": null, "capacity": null, "operator:short": null, "operator:wikidata": null, "addr:district": null, "check_date:opening_hours": null, "name:hi": null, "building": null, "brand": null, "brand:wikidata": null, "landuse": null, "building:levels": null, "wikipedia": null, "amenity_1": null, "school:gender": null, "old_name": null, "wikimedia_commons": null, "addr:housename": null, "ref:IN:UDISE": null, "barrier": null, "school": null, "name:etymology:wikidata": null, "addr:state": null, "addr:suburb": null, "alt_name": null, "surface": null, "height": null, "building:part": null, "species:en": null, "level": null, "name:mr": null, "short_name": null, "start_date": null, "name:fr": null, "layer": null, "ele": null, "type": null }, "geometry": { "type": "Point", "coordinates": [ 72.8509934, 19.1044999 ] } },
{ "type": "Feature", "properties": { "element": "node", "id": 1646690981, "amenity": "school", "name": "Vidhyamandir School", "opening_hours": null, "source": null, "tourism": null, "name:ur": null, "addr:city": null, "addr:housenumber": null, "addr:postcode": null, "addr:street": "Chatrapati Shivaji Road", "denomination": null, "grades": null, "religion": null, "timing": null, "wikidata": null, "fixme": null, "name:en": "Vidhyamandir School", "operator": null, "website": null, "check_date": null, "description": null, "female": null, "note": null, "phone": null, "isced:level": null, "education": null, "fee": null, "operator:type": null, "addr:country": null, "email": null, "capacity": null, "operator:short": null, "operator:wikidata": null, "addr:district": null, "check_date:opening_hours": null, "name:hi": null, "building": null, "brand": null, "brand:wikidata": null, "landuse": null, "building:levels": null, "wikipedia": null, "amenity_1": null, "school:gender": null, "old_name": null, "wikimedia_commons": null, "addr:housename": null, "ref:IN:UDISE": null, "barrier": null, "school": null, "name:etymology:wikidata": null, "addr:state": null, "addr:suburb": null, "alt_name": null, "surface": null, "height": null, "building:part": null, "species:en": null, "level": null, "name:mr": null, "short_name": null, "start_date": null, "name:fr": null, "layer": null, "ele": null, "type": null }, "geometry": { "type": "Point", "coordinates": [ 72.8604849, 19.2549733 ] } },
{ "type": "Feature", "properties": { "element": "node", "id": 1833267114, "amenity": "school", "name": "Sai Lee International School", "opening_hours": null, "source": null, "tourism": null, "name:ur": null, "addr:city": null, "addr:housenumber": null, "addr:postcode": null, "addr:street": null, "denomination": null, "grades": null, "religion": null, "timing": null, "wikidata": null, "fixme": null, "name:en": null, "operator": null, "website": null, "check_date": null, "description": null, "female": null, "note": null, "phone": null, "isced:level": null, "education": null, "fee": null, "operator:type": null, "addr:country": null, "email": null, "capacity": null, "operator:short": null, "operator:wikidata": null, "addr:district": null, "check_date:opening_hours": null, "name:hi": null, "building": null, "brand": null, "brand:wikidata": null, "landuse": null, "building:levels": null, "wikipedia": null, "amenity_1": null, "school:gender": null, "old_name": null, "wikimedia_commons": null, "addr:housename": null, "ref:IN:UDISE": null, "barrier": null, "school": null, "name:etymology:wikidata": null, "addr:state": null, "addr:suburb": null, "alt_name": null, "surface": null, "height": null, "building:part": null, "species:en": null, "level": null, "name:mr": null, "short_name": null, "start_date": null, "name:fr": null, "layer": null, "ele": null, "type": null }, "geometry": { "type": "Point", "coordinates": [ 72.83875, 19.2308036 ] } },
{ "type": "Feature", "properties": { "element": "node", "id": 2188860671, "amenity": "school", "name": "Shri Kalgidar Mission High School", "opening_hours": null, "source": null, "tourism": null, "name:ur": null, "addr:city": null, "addr:housenumber": null, "addr:postcode": null, "addr:street": "JP Nagar Road", "denomination": null, "grades": null, "religion": null, "timing": null, "wikidata": null, "fixme": null, "name:en": null, "operator": null, "website": null, "check_date": null, "description": null, "female": null, "note": null, "phone": null, "isced:level": null, "education": null, "fee": null, "operator:type": null, "addr:country": null, "email": null, "capacity": null, "operator:short": null, "operator:wikidata": null, "addr:district": null, "check_date:opening_hours": null, "name:hi": null, "building": null, "brand": null, "brand:wikidata": null, "landuse": null, "building:levels": null, "wikipedia": null, "amenity_1": null, "school:gender": null, "old_name": null, "wikimedia_commons": null, "addr:housename": null, "ref:IN:UDISE": null, "barrier": null, "school": null, "name:etymology:wikidata": null, "addr:state": null, "addr:suburb": null, "alt_name": null, "surface": null, "height": null, "building:part": null, "species:en": null, "level": null, "name:mr": null, "short_name": null, "start_date": null, "name:fr": null, "layer": null, "ele": null, "type": null }, "geometry": { "type": "Point", "coordinates": [ 72.8656323, 19.1098804 ] } },
{ "type": "Feature", "properties": { "element": "node", "id": 2319154356, "amenity": "school", "name": "National Job Development Center", "opening_hours": null, "source": null, "tourism": null, "name:ur": null, "addr:city": null, "addr:housenumber": null, "addr:postcode": null, "addr:street": null, "denomination": null, "grades": null, "religion": null, "timing": null, "wikidata": null, "fixme": null, "name:en": null, "operator": "ADAPT", "website": "http://www.adaptssi.org/skillsandtraining.html", "check_date": null, "description": null, "female": null, "note": null, "phone": null, "isced:level": null, "education": null, "fee": null, "operator:type": null, "addr:country": null, "email": null, "capacity": null, "operator:short": null, "operator:wikidata": null, "addr:district": null, "check_date:opening_hours": null, "name:hi": null, "building": null, "brand": null, "brand:wikidata": null, "landuse": null, "building:levels": null, "wikipedia": null, "amenity_1": null, "school:gender": null, "old_name": null, "wikimedia_commons": null, "addr:housename": null, "ref:IN:UDISE": null, "barrier": null, "school": null, "name:etymology:wikidata": null, "addr:state": null, "addr:suburb": null, "alt_name": null, "surface": null, "height": null, "building:part": null, "species:en": null, "level": null, "name:mr": null, "short_name": null, "start_date": null, "name:fr": null, "layer": null, "ele": null, "type": null }, "geometry": { "type": "Point", "coordinates": [ 72.904674, 19.0524328 ] } },
{ "type": "Feature", "properties": { "element": "node", "id": 2319171657, "amenity": "school", "name": "Sevadaan Special School", "opening_hours": null, "source": null, "tourism": null, "name:ur": null, "addr:city": null, "addr:housenumber": null, "addr:postcode": null, "addr:street": null, "denomination": null, "grades": null, "religion": null, "timing": null, "wikidata": null, "fixme": null, "name:en": null, "operator": null, "website": null, "check_date": null, "description": null, "female": null, "note": null, "phone": null, "isced:level": null, "education": null, "fee": null, "operator:type": null, "addr:country": null, "email": null, "capacity": null, "operator:short": null, "operator:wikidata": null, "addr:district": null, "check_date:opening_hours": null, "name:hi": null, "building": null, "brand": null, "brand:wikidata": null, "landuse": null, "building:levels": null, "wikipedia": null, "amenity_1": null, "school:gender": null, "old_name": null, "wikimedia_commons": null, "addr:housename": null, "ref:IN:UDISE": null, "barrier": null, "school": null, "name:etymology:wikidata": null, "addr:state": null, "addr:suburb": null, "alt_name": null, "surface": null, "height": null, "building:part": null, "species:en": null, "level": null, "name:mr": null, "short_name": null, "start_date": null, "name:fr": null, "layer": null, "ele": null, "type": null }, "geometry": { "type": "Point", "coordinates": [ 72.9021934, 19.0560049 ] } },
{ "type": "Feature", "properties": { "element": "node", "id": 2398524838, "amenity": "school", "name": "Holy Cross Convent", "opening_hours": null, "source": null, "tourism": null, "name:ur": null, "addr:city": null, "addr:housenumber": "60", "addr:postcode": null, "addr:street": "Aramnagar 1", "denomination": null, "grades": null, "religion": null, "timing": null, "wikidata": null, "fixme": null, "name:en": null, "operator": null, "website": null, "check_date": null, "description": null, "female": null, "note": null, "phone": null, "isced:level": null, "education": null, "fee": null, "operator:type": null, "addr:country": null, "email": null, "capacity": null, "operator:short": null, "operator:wikidata": null, "addr:district": null, "check_date:opening_hours": null, "name:hi": null, "building": null, "brand": null, "brand:wikidata": null, "landuse": null, "building:levels": null, "wikipedia": null, "amenity_1": null, "school:gender": null, "old_name": null, "wikimedia_commons": null, "addr:housename": null, "ref:IN:UDISE": null, "barrier": null, "school": null, "name:etymology:wikidata": null, "addr:state": null, "addr:suburb": null, "alt_name": null, "surface": null, "height": null, "building:part": null, "species:en": null, "level": null, "name:mr": null, "short_name": null, "start_date": null, "name:fr": null, "layer": null, "ele": null, "type": null }, "geometry": { "type": "Point", "coordinates": [ 72.8141999, 19.1318859 ] } },
{ "type": "Feature", "properties": { "element": "node", "id": 2457605417, "amenity": "school", "name": "Edubridge International School", "opening_hours": null, "source": null, "tourism": null, "name:ur": null, "addr:city": null, "addr:housenumber": null, "addr:postcode": null, "addr:street": null, "denomination": null, "grades": null, "religion": null, "timing": null, "wikidata": null, "fixme": null, "name:en": null, "operator": null, "website": null, "check_date": "2026-03-20", "description": null, "female": null, "note": null, "phone": null, "isced:level": null, "education": null, "fee": null, "operator:type": null, "addr:country": null, "email": null, "capacity": null, "operator:short": null, "operator:wikidata": null, "addr:district": null, "check_date:opening_hours": null, "name:hi": null, "building": null, "brand": null, "brand:wikidata": null, "landuse": null, "building:levels": null, "wikipedia": null, "amenity_1": null, "school:gender": null, "old_name": null, "wikimedia_commons": null, "addr:housename": null, "ref:IN:UDISE": null, "barrier": null, "school": null, "name:etymology:wikidata": null, "addr:state": null, "addr:suburb": null, "alt_name": null, "surface": null, "height": null, "building:part": null, "species:en": null, "level": null, "name:mr": null, "short_name": null, "start_date": null, "name:fr": null, "layer": null, "ele": null, "type": null }, "geometry": { "type": "Point", "coordinates": [ 72.815365, 18.9600399 ] } },
{ "type": "Feature", "properties": { "element": "node", "id": 2567512028, "amenity": "school", "name": "Padua High School", "opening_hours": null, "source": null, "tourism": null, "name:ur": null, "addr:city": null, "addr:housenumber": null, "addr:postcode": null, "addr:street": null, "denomination": null, "grades": null, "religion": null, "timing": null, "wikidata": null, "fixme": null, "name:en": null, "operator": null, "website": null, "check_date": null, "description": null, "female": null, "note": null, "phone": null, "isced:level": null, "education": null, "fee": null, "operator:type": null, "addr:country": null, "email": null, "capacity": null, "operator:short": null, "operator:wikidata": null, "addr:district": null, "check_date:opening_hours": null, "name:hi": null, "building": null, "brand": null, "brand:wikidata": null, "landuse": null, "building:levels": null, "wikipedia": null, "amenity_1": null, "school:gender": null, "old_name": null, "wikimedia_commons": null, "addr:housename": null, "ref:IN:UDISE": null, "barrier": null, "school": null, "name:etymology:wikidata": null, "addr:state": null, "addr:suburb": null, "alt_name": null, "surface": null, "height": null, "building:part": null, "species:en": null, "level": null, "name:mr": null, "short_name": null, "start_date": null, "name:fr": null, "layer": null, "ele": null, "type": null }, "geometry": { "type": "Point", "coordinates": [ 72.9290015, 19.0464086 ] } },
{ "type": "Feature", "properties": { "element": "node", "id": 2930729183, "amenity": "school", "name": "Daffodil School", "opening_hours": null, "source": null, "tourism": null, "name:ur": null, "addr:city": null, "addr:housenumber": null, "addr:postcode": null, "addr:street": "road no 8", "denomination": null, "grades": null, "religion": null, "timing": null, "wikidata": null, "fixme": null, "name:en": null, "operator": null, "website": null, "check_date": null, "description": null, "female": null, "note": null, "phone": null, "isced:level": null, "education": null, "fee": null, "operator:type": null, "addr:country": null, "email": null, "capacity": null, "operator:short": null, "operator:wikidata": null, "addr:district": null, "check_date:opening_hours": null, "name:hi": null, "building": null, "brand": null, "brand:wikidata": null, "landuse": null, "building:levels": null, "wikipedia": null, "amenity_1": null, "school:gender": null, "old_name": null, "wikimedia_commons": null, "addr:housename": null, "ref:IN:UDISE": null, "barrier": null, "school": null, "name:etymology:wikidata": null, "addr:state": null, "addr:suburb": null, "alt_name": null, "surface": null, "height": null, "building:part": null, "species:en": null, "level": null, "name:mr": null, "short_name": null, "start_date": null, "name:fr": null, "layer": null, "ele": null, "type": null }, "geometry": { "type": "Point", "coordinates": [ 72.924533, 19.0623206 ] } },
{ "type": "Feature", "properties": { "element": "node", "id": 2981312732, "amenity": "school", "name": null, "opening_hours": null, "source": null, "tourism": null, "name:ur": null, "addr:city": null, "addr:housenumber": null, "addr:postcode": null, "addr:street": null, "denomination": null, "grades": null, "religion": null, "timing": null, "wikidata": null, "fixme": null, "name:en": null, "operator": null, "website": null, "check_date": null, "description": null, "female": null, "note": null, "phone": null, "isced:level": null, "education": null, "fee": null, "operator:type": null, "addr:country": null, "email": null, "capacity": null, "operator:short": null, "operator:wikidata": null, "addr:district": null, "check_date:opening_hours": null, "name:hi": null, "building": null, "brand": null, "brand:wikidata": null, "landuse": null, "building:levels": null, "wikipedia": null, "amenity_1": null, "school:gender": null, "old_name": null, "wikimedia_commons": null, "addr:housename": null, "ref:IN:UDISE": null, "barrier": null, "school": null, "name:etymology:wikidata": null, "addr:state": null, "addr:suburb": null, "alt_name": null, "surface": null, "height": null, "building:part": null, "species:en": null, "level": null, "name:mr": null, "short_name": null, "start_date": null, "name:fr": null, "layer": null, "ele": null, "type": null }, "geometry": { "type": "Point", "coordinates": [ 72.9344514, 19.154683 ] } },
{ "type": "Feature", "properties": { "element": "node", "id": 3125242385, "amenity": "school", "name": "Sana Classes", "opening_hours": null, "source": null, "tourism": null, "name:ur": "سنا کلا سَیس", "addr:city": "MUMBAI", "addr:housenumber": "F Sector U 3 Line Room No 1", "addr:postcode": "400088", "addr:street": "M G Ramchandran Marg", "denomination": null, "grades": null, "religion": null, "timing": null, "wikidata": null, "fixme": null, "name:en": null, "operator": "Kutty Sana Asar", "website": null, "check_date": null, "description": null, "female": null, "note": null, "phone": null, "isced:level": null, "education": null, "fee": null, "operator:type": null, "addr:country": null, "email": null, "capacity": null, "operator:short": null, "operator:wikidata": null, "addr:district": null, "check_date:opening_hours": null, "name:hi": null, "building": null, "brand": null, "brand:wikidata": null, "landuse": null, "building:levels": null, "wikipedia": null, "amenity_1": null, "school:gender": null, "old_name": null, "wikimedia_commons": null, "addr:housename": null, "ref:IN:UDISE": null, "barrier": null, "school": null, "name:etymology:wikidata": null, "addr:state": null, "addr:suburb": null, "alt_name": null, "surface": null, "height": null, "building:part": null, "species:en": null, "level": null, "name:mr": null, "short_name": null, "start_date": null, "name:fr": null, "layer": null, "ele": null, "type": null }, "geometry": { "type": "Point", "coordinates": [ 72.9470838, 19.0405291 ] } },
{ "type": "Feature", "properties": { "element": "node", "id": 3205774880, "amenity": "school", "name": "sandesh school", "opening_hours": null, "source": null, "tourism": null, "name:ur": null, "addr:city": null, "addr:housenumber": null, "addr:postcode": null, "addr:street": null, "denomination": null, "grades": null, "religion": null, "timing": null, "wikidata": null, "fixme": null, "name:en": null, "operator": null, "website": null, "check_date": null, "description": null, "female": null, "note": null, "phone": null, "isced:level": null, "education": null, "fee": null, "operator:type": null, "addr:country": null, "email": null, "capacity": null, "operator:short": null, "operator:wikidata": null, "addr:district": null, "check_date:opening_hours": null, "name:hi": null, "building": null, "brand": null, "brand:wikidata": null, "landuse": null, "building:levels": null, "wikipedia": null, "amenity_1": null, "school:gender": null, "old_name": null, "wikimedia_commons": null, "addr:housename": null, "ref:IN:UDISE": null, "barrier": null, "school": null, "name:etymology:wikidata": null, "addr:state": null, "addr:suburb": null, "alt_name": null, "surface": null, "height": null, "building:part": null, "species:en": null, "level": null, "name:mr": null, "short_name": null, "start_date": null, "name:fr": null, "layer": null, "ele": null, "type": null }, "geometry": { "type": "Point", "coordinates": [ 72.9165625, 19.1028771 ] } },
{ "type": "Feature", "properties": { "element": "node", "id": 3205780114, "amenity": "school", "name": "Little Angels' High School", "opening_hours": null, "source": null, "tourism": null, "name:ur": null, "addr:city": "Mumbai", "addr:housenumber": null, "addr:postcode": null, "addr:street": "Sulochana Shetty Marg", "denomination": null, "grades": null, "religion": null, "timing": null, "wikidata": null, "fixme": null, "name:en": null, "operator": null, "website": null, "check_date": null, "description": null, "female": null, "note": null, "phone": null, "isced:level": null, "education": null, "fee": null, "operator:type": null, "addr:country": null, "email": null, "capacity": null, "operator:short": null, "operator:wikidata": null, "addr:district": null, "check_date:opening_hours": null, "name:hi": null, "building": null, "brand": null, "brand:wikidata": null, "landuse": null, "building:levels": null, "wikipedia": null, "amenity_1": null, "school:gender": null, "old_name": null, "wikimedia_commons": null, "addr:housename": null, "ref:IN:UDISE": null, "barrier": null, "school": null, "name:etymology:wikidata": null, "addr:state": null, "addr:suburb": null, "alt_name": null, "surface": null, "height": null, "building:part": null, "species:en": null, "level": null, "name:mr": null, "short_name": null, "start_date": null, "name:fr": null, "layer": null, "ele": null, "type": null }, "geometry": { "type": "Point", "coordinates": [ 72.8550806, 19.0372258 ] } },
{ "type": "Feature", "properties": { "element": "node", "id": 3207212808, "amenity": "school", "name": "Br. Nath Pai Vidyalaya", "opening_hours": null, "source": null, "tourism": null, "name:ur": null, "addr:city": null, "addr:housenumber": null, "addr:postcode": "400 078", "addr:street": "Tembhipada Road", "denomination": null, "grades": null, "religion": null, "timing": null, "wikidata": null, "fixme": null, "name:en": null, "operator": null, "website": null, "check_date": null, "description": null, "female": null, "note": null, "phone": null, "isced:level": null, "education": null, "fee": null, "operator:type": null, "addr:country": null, "email": null, "capacity": null, "operator:short": null, "operator:wikidata": null, "addr:district": null, "check_date:opening_hours": null, "name:hi": null, "building": null, "brand": null, "brand:wikidata": null, "landuse": null, "building:levels": null, "wikipedia": null, "amenity_1": null, "school:gender": null, "old_name": null, "wikimedia_commons": null, "addr:housename": null, "ref:IN:UDISE": null, "barrier": null, "school": null, "name:etymology:wikidata": null, "addr:state": null, "addr:suburb": null, "alt_name": null, "surface": null, "height": null, "building:part": null, "species:en": null, "level": null, "name:mr": null, "short_name": null, "start_date": null, "name:fr": null, "layer": null, "ele": null, "type": null }, "geometry": { "type": "Point", "coordinates": [ 72.9278371, 19.1505995 ] } },
{ "type": "Feature", "properties": { "element": "node", "id": 3226171882, "amenity": "school", "name": "Madersa Ayesha Lil-Banat Education Trest", "opening_hours": null, "source": null, "tourism": null, "name:ur": null, "addr:city": "Mumbai", "addr:housenumber": null, "addr:postcode": "400043", "addr:street": null, "denomination": null, "grades": null, "religion": null, "timing": null, "wikidata": null, "fixme": null, "name:en": null, "operator": null, "website": null, "check_date": null, "description": "Here a lady teacher teaches to girls separately", "female": "yes", "note": "MD Rafeek Nager Part 2 Near Bab-e-rahmat Masjid Shivaji Nager Govandi", "phone": "9821389460", "isced:level": null, "education": null, "fee": null, "operator:type": null, "addr:country": null, "email": null, "capacity": null, "operator:short": null, "operator:wikidata": null, "addr:district": null, "check_date:opening_hours": null, "name:hi": null, "building": null, "brand": null, "brand:wikidata": null, "landuse": null, "building:levels": null, "wikipedia": null, "amenity_1": null, "school:gender": null, "old_name": null, "wikimedia_commons": null, "addr:housename": null, "ref:IN:UDISE": null, "barrier": null, "school": null, "name:etymology:wikidata": null, "addr:state": null, "addr:suburb": null, "alt_name": null, "surface": null, "height": null, "building:part": null, "species:en": null, "level": null, "name:mr": null, "short_name": null, "start_date": null, "name:fr": null, "layer": null, "ele": null, "type": null }, "geometry": { "type": "Point", "coordinates": [ 72.9207279, 19.0714514 ] } },
{ "type": "Feature", "properties": { "element": "node", "id": 3234672821, "amenity": "school", "name": "Lohana Kanya Shala School", "opening_hours": null, "source": null, "tourism": null, "name:ur": null, "addr:city": "Mulund (West)", "addr:housenumber": null, "addr:postcode": null, "addr:street": "Subhash Chandra Bose Road", "denomination": null, "grades": null, "religion": null, "timing": null, "wikidata": null, "fixme": null, "name:en": null, "operator": null, "website": null, "check_date": null, "description": null, "female": null, "note": null, "phone": null, "isced:level": null, "education": null, "fee": null, "operator:type": null, "addr:country": null, "email": null, "capacity": null, "operator:short": null, "operator:wikidata": null, "addr:district": null, "check_date:opening_hours": null, "name:hi": null, "building": null, "brand": null, "brand:wikidata": null, "landuse": null, "building:levels": null, "wikipedia": null, "amenity_1": null, "school:gender": null, "old_name": null, "wikimedia_commons": null, "addr:housename": null, "ref:IN:UDISE": null, "barrier": null, "school": null, "name:etymology:wikidata": null, "addr:state": null, "addr:suburb": null, "alt_name": null, "surface": null, "height": null, "building:part": null, "species:en": null, "level": null, "name:mr": null, "short_name": null, "start_date": null, "name:fr": null, "layer": null, "ele": null, "type": null }, "geometry": { "type": "Point", "coordinates": [ 72.9509505, 19.1782486 ] } },
{ "type": "Feature", "properties": { "element": "node", "id": 3234672822, "amenity": "school", "name": "Nav Bharat School", "opening_hours": null, "source": null, "tourism": null, "name:ur": null, "addr:city": "Mulund (West)", "addr:housenumber": null, "addr:postcode": "400080", "addr:street": "Subhash Chandra Bose Road", "denomination": null, "grades": null, "religion": null, "timing": null, "wikidata": null, "fixme": null, "name:en": null, "operator": null, "website": null, "check_date": null, "description": null, "female": null, "note": null, "phone": null, "isced:level": null, "education": null, "fee": null, "operator:type": null, "addr:country": null, "email": null, "capacity": null, "operator:short": null, "operator:wikidata": null, "addr:district": null, "check_date:opening_hours": null, "name:hi": null, "building": null, "brand": null, "brand:wikidata": null, "landuse": null, "building:levels": null, "wikipedia": null, "amenity_1": null, "school:gender": null, "old_name": null, "wikimedia_commons": null, "addr:housename": null, "ref:IN:UDISE": null, "barrier": null, "school": null, "name:etymology:wikidata": null, "addr:state": null, "addr:suburb": null, "alt_name": null, "surface": null, "height": null, "building:part": null, "species:en": null, "level": null, "name:mr": null, "short_name": null, "start_date": null, "name:fr": null, "layer": null, "ele": null, "type": null }, "geometry": { "type": "Point", "coordinates": [ 72.9508834, 19.1783195 ] } },
{ "type": "Feature", "properties": { "element": "node", "id": 3358927386, "amenity": "school", "name": "Cosmopolitan Education Society", "opening_hours": null, "source": null, "tourism": null, "name:ur": null, "addr:city": null, "addr:housenumber": null, "addr:postcode": null, "addr:street": null, "denomination": null, "grades": null, "religion": null, "timing": null, "wikidata": null, "fixme": null, "name:en": null, "operator": null, "website": null, "check_date": null, "description": null, "female": null, "note": null, "phone": null, "isced:level": null, "education": null, "fee": null, "operator:type": null, "addr:country": null, "email": null, "capacity": null, "operator:short": null, "operator:wikidata": null, "addr:district": null, "check_date:opening_hours": null, "name:hi": null, "building": null, "brand": null, "brand:wikidata": null, "landuse": null, "building:levels": null, "wikipedia": null, "amenity_1": null, "school:gender": null, "old_name": null, "wikimedia_commons": null, "addr:housename": null, "ref:IN:UDISE": null, "barrier": null, "school": null, "name:etymology:wikidata": null, "addr:state": null, "addr:suburb": null, "alt_name": null, "surface": null, "height": null, "building:part": null, "species:en": null, "level": null, "name:mr": null, "short_name": null, "start_date": null, "name:fr": null, "layer": null, "ele": null, "type": null }, "geometry": { "type": "Point", "coordinates": [ 72.8299769, 19.1246547 ] } },
{ "type": "Feature", "properties": { "element": "node", "id": 3434371521, "amenity": "school", "name": "Kishore Namit Kapoor Acting Institute", "opening_hours": null, "source": null, "tourism": null, "name:ur": null, "addr:city": null, "addr:housenumber": null, "addr:postcode": null, "addr:street": null, "denomination": null, "grades": null, "religion": null, "timing": null, "wikidata": null, "fixme": null, "name:en": null, "operator": null, "website": null, "check_date": null, "description": null, "female": null, "note": null, "phone": null, "isced:level": null, "education": null, "fee": null, "operator:type": null, "addr:country": null, "email": null, "capacity": null, "operator:short": null, "operator:wikidata": null, "addr:district": null, "check_date:opening_hours": null, "name:hi": null, "building": null, "brand": null, "brand:wikidata": null, "landuse": null, "building:levels": null, "wikipedia": null, "amenity_1": null, "school:gender": null, "old_name": null, "wikimedia_commons": null, "addr:housename": null, "ref:IN:UDISE": null, "barrier": null, "school": null, "name:etymology:wikidata": null, "addr:state": null, "addr:suburb": null, "alt_name": null, "surface": null, "height": null, "building:part": null, "species:en": null, "level": null, "name:mr": null, "short_name": null, "start_date": null, "name:fr": null, "layer": null, "ele": null, "type": null }, "geometry": { "type": "Point", "coordinates": [ 72.8194616, 19.1398687 ] } },
{ "type": "Feature", "properties": { "element": "node", "id": 3469161205, "amenity": "school", "name": "Yashodham High School & Jr. College", "opening_hours": null, "source": null, "tourism": null, "name:ur": null, "addr:city": null, "addr:housenumber": null, "addr:postcode": null, "addr:street": null, "denomination": null, "grades": null, "religion": null, "timing": null, "wikidata": null, "fixme": null, "name:en": null, "operator": null, "website": null, "check_date": null, "description": null, "female": null, "note": null, "phone": null, "isced:level": null, "education": null, "fee": null, "operator:type": null, "addr:country": null, "email": null, "capacity": null, "operator:short": null, "operator:wikidata": null, "addr:district": null, "check_date:opening_hours": null, "name:hi": null, "building": null, "brand": null, "brand:wikidata": null, "landuse": null, "building:levels": null, "wikipedia": null, "amenity_1": null, "school:gender": null, "old_name": null, "wikimedia_commons": null, "addr:housename": null, "ref:IN:UDISE": null, "barrier": null, "school": null, "name:etymology:wikidata": null, "addr:state": null, "addr:suburb": null, "alt_name": null, "surface": null, "height": null, "building:part": null, "species:en": null, "level": null, "name:mr": null, "short_name": null, "start_date": null, "name:fr": null, "layer": null, "ele": null, "type": null }, "geometry": { "type": "Point", "coordinates": [ 72.8665731, 19.1734642 ] } },
{ "type": "Feature", "properties": { "element": "node", "id": 3518468316, "amenity": "school", "name": "THERESA HIGH SCHOOL", "opening_hours": null, "source": null, "tourism": null, "name:ur": null, "addr:city": null, "addr:housenumber": null, "addr:postcode": null, "addr:street": null, "denomination": null, "grades": null, "religion": null, "timing": null, "wikidata": null, "fixme": null, "name:en": null, "operator": null, "website": null, "check_date": null, "description": null, "female": null, "note": null, "phone": null, "isced:level": null, "education": null, "fee": null, "operator:type": null, "addr:country": null, "email": null, "capacity": null, "operator:short": null, "operator:wikidata": null, "addr:district": null, "check_date:opening_hours": null, "name:hi": null, "building": null, "brand": null, "brand:wikidata": null, "landuse": null, "building:levels": null, "wikipedia": null, "amenity_1": null, "school:gender": null, "old_name": null, "wikimedia_commons": null, "addr:housename": null, "ref:IN:UDISE": null, "barrier": null, "school": null, "name:etymology:wikidata": null, "addr:state": null, "addr:suburb": null, "alt_name": null, "surface": null, "height": null, "building:part": null, "species:en": null, "level": null, "name:mr": null, "short_name": null, "start_date": null, "name:fr": null, "layer": null, "ele": null, "type": null }, "geometry": { "type": "Point", "coordinates": [ 72.8924407, 19.0982356 ] } },
{ "type": "Feature", "properties": { "element": "node", "id": 4044345936, "amenity": "school", "name": "B.D. Somani International School", "opening_hours": null, "source": null, "tourism": null, "name:ur": null, "addr:city": "Mumbai", "addr:housenumber": "625", "addr:postcode": "400005", "addr:street": "GD Somani Road", "denomination": null, "grades": null, "religion": null, "timing": null, "wikidata": null, "fixme": null, "name:en": null, "operator": null, "website": null, "check_date": "2026-03-12", "description": null, "female": null, "note": null, "phone": null, "isced:level": null, "education": null, "fee": null, "operator:type": null, "addr:country": null, "email": null, "capacity": null, "operator:short": null, "operator:wikidata": null, "addr:district": null, "check_date:opening_hours": null, "name:hi": null, "building": null, "brand": null, "brand:wikidata": null, "landuse": null, "building:levels": null, "wikipedia": null, "amenity_1": null, "school:gender": null, "old_name": null, "wikimedia_commons": null, "addr:housename": null, "ref:IN:UDISE": null, "barrier": null, "school": null, "name:etymology:wikidata": null, "addr:state": null, "addr:suburb": null, "alt_name": null, "surface": null, "height": null, "building:part": null, "species:en": null, "level": null, "name:mr": null, "short_name": null, "start_date": null, "name:fr": null, "layer": null, "ele": null, "type": null }, "geometry": { "type": "Point", "coordinates": [ 72.8199209, 18.9160698 ] } },
{ "type": "Feature", "properties": { "element": "node", "id": 4129555889, "amenity": "school", "name": "D G Khetan International School", "opening_hours": null, "source": null, "tourism": null, "name:ur": null, "addr:city": null, "addr:housenumber": "422", "addr:postcode": null, "addr:street": "Goregaon Mulund Link Rd", "denomination": null, "grades": null, "religion": null, "timing": null, "wikidata": null, "fixme": null, "name:en": null, "operator": null, "website": null, "check_date": null, "description": null, "female": null, "note": null, "phone": null, "isced:level": null, "education": null, "fee": null, "operator:type": null, "addr:country": null, "email": null, "capacity": null, "operator:short": null, "operator:wikidata": null, "addr:district": null, "check_date:opening_hours": null, "name:hi": null, "building": null, "brand": null, "brand:wikidata": null, "landuse": null, "building:levels": null, "wikipedia": null, "amenity_1": null, "school:gender": null, "old_name": null, "wikimedia_commons": null, "addr:housename": null, "ref:IN:UDISE": null, "barrier": null, "school": null, "name:etymology:wikidata": null, "addr:state": null, "addr:suburb": null, "alt_name": null, "surface": null, "height": null, "building:part": null, "species:en": null, "level": null, "name:mr": null, "short_name": null, "start_date": null, "name:fr": null, "layer": null, "ele": null, "type": null }, "geometry": { "type": "Point", "coordinates": [ 72.8417834, 19.176347 ] } },
{ "type": "Feature", "properties": { "element": "node", "id": 4185780309, "amenity": "school", "name": "American School of Bombay", "opening_hours": null, "source": null, "tourism": null, "name:ur": null, "addr:city": null, "addr:housenumber": null, "addr:postcode": null, "addr:street": null, "denomination": null, "grades": null, "religion": null, "timing": null, "wikidata": null, "fixme": null, "name:en": null, "operator": null, "website": null, "check_date": null, "description": null, "female": null, "note": null, "phone": null, "isced:level": null, "education": null, "fee": null, "operator:type": null, "addr:country": null, "email": null, "capacity": null, "operator:short": null, "operator:wikidata": null, "addr:district": null, "check_date:opening_hours": null, "name:hi": null, "building": null, "brand": null, "brand:wikidata": null, "landuse": null, "building:levels": null, "wikipedia": null, "amenity_1": null, "school:gender": null, "old_name": null, "wikimedia_commons": null, "addr:housename": null, "ref:IN:UDISE": null, "barrier": null, "school": null, "name:etymology:wikidata": null, "addr:state": null, "addr:suburb": null, "alt_name": null, "surface": null, "height": null, "building:part": null, "species:en": null, "level": null, "name:mr": null, "short_name": null, "start_date": null, "name:fr": null, "layer": null, "ele": null, "type": null }, "geometry": { "type": "Point", "coordinates": [ 72.870696, 19.067664 ] } },
{ "type": "Feature", "properties": { "element": "node", "id": 4247756492, "amenity": "school", "name": "Safari Kid", "opening_hours": null, "source": null, "tourism": null, "name:ur": null, "addr:city": null, "addr:housenumber": null, "addr:postcode": "400050", "addr:street": null, "denomination": null, "grades": null, "religion": null, "timing": null, "wikidata": null, "fixme": null, "name:en": null, "operator": null, "website": null, "check_date": null, "description": null, "female": null, "note": null, "phone": null, "isced:level": null, "education": null, "fee": null, "operator:type": null, "addr:country": null, "email": null, "capacity": null, "operator:short": null, "operator:wikidata": null, "addr:district": null, "check_date:opening_hours": null, "name:hi": null, "building": null, "brand": null, "brand:wikidata": null, "landuse": null, "building:levels": null, "wikipedia": null, "amenity_1": null, "school:gender": null, "old_name": null, "wikimedia_commons": null, "addr:housename": null, "ref:IN:UDISE": null, "barrier": null, "school": null, "name:etymology:wikidata": null, "addr:state": null, "addr:suburb": null, "alt_name": null, "surface": null, "height": null, "building:part": null, "species:en": null, "level": null, "name:mr": null, "short_name": null, "start_date": null, "name:fr": null, "layer": null, "ele": null, "type": null }, "geometry": { "type": "Point", "coordinates": [ 72.8292224, 19.0614758 ] } },
{ "type": "Feature", "properties": { "element": "node", "id": 4303179586, "amenity": "school", "name": "Duruelo Convent High School", "opening_hours": null, "source": null, "tourism": null, "name:ur": null, "addr:city": null, "addr:housenumber": null, "addr:postcode": null, "addr:street": null, "denomination": null, "grades": null, "religion": null, "timing": null, "wikidata": null, "fixme": null, "name:en": null, "operator": null, "website": null, "check_date": null, "description": null, "female": null, "note": null, "phone": null, "isced:level": null, "education": null, "fee": null, "operator:type": null, "addr:country": null, "email": null, "capacity": null, "operator:short": null, "operator:wikidata": null, "addr:district": null, "check_date:opening_hours": null, "name:hi": null, "building": null, "brand": null, "brand:wikidata": null, "landuse": null, "building:levels": null, "wikipedia": null, "amenity_1": null, "school:gender": null, "old_name": null, "wikimedia_commons": null, "addr:housename": null, "ref:IN:UDISE": null, "barrier": null, "school": null, "name:etymology:wikidata": null, "addr:state": null, "addr:suburb": null, "alt_name": null, "surface": null, "height": null, "building:part": null, "species:en": null, "level": null, "name:mr": null, "short_name": null, "start_date": null, "name:fr": null, "layer": null, "ele": null, "type": null }, "geometry": { "type": "Point", "coordinates": [ 72.8327783, 19.0608358 ] } },
{ "type": "Feature", "properties": { "element": "node", "id": 4326461790, "amenity": "school", "name": "KPM High School", "opening_hours": null, "source": null, "tourism": null, "name:ur": null, "addr:city": null, "addr:housenumber": null, "addr:postcode": null, "addr:street": "90 Feet Road", "denomination": null, "grades": null, "religion": null, "timing": null, "wikidata": null, "fixme": null, "name:en": null, "operator": null, "website": null, "check_date": null, "description": null, "female": null, "note": null, "phone": null, "isced:level": null, "education": null, "fee": null, "operator:type": null, "addr:country": null, "email": null, "capacity": null, "operator:short": null, "operator:wikidata": null, "addr:district": null, "check_date:opening_hours": null, "name:hi": null, "building": null, "brand": null, "brand:wikidata": null, "landuse": null, "building:levels": null, "wikipedia": null, "amenity_1": null, "school:gender": null, "old_name": null, "wikimedia_commons": null, "addr:housename": null, "ref:IN:UDISE": null, "barrier": null, "school": null, "name:etymology:wikidata": null, "addr:state": null, "addr:suburb": null, "alt_name": null, "surface": null, "height": null, "building:part": null, "species:en": null, "level": null, "name:mr": null, "short_name": null, "start_date": null, "name:fr": null, "layer": null, "ele": null, "type": null }, "geometry": { "type": "Point", "coordinates": [ 72.8877852, 19.0950394 ] } },
{ "type": "Feature", "properties": { "element": "node", "id": 4348335890, "amenity": "school", "name": "shri Ghanshamdas podhar vidyalay Rajasthani school", "opening_hours": null, "source": null, "tourism": null, "name:ur": null, "addr:city": null, "addr:housenumber": null, "addr:postcode": null, "addr:street": "JB Nagar Road", "denomination": null, "grades": null, "religion": null, "timing": null, "wikidata": null, "fixme": null, "name:en": null, "operator": null, "website": null, "check_date": null, "description": null, "female": null, "note": null, "phone": null, "isced:level": null, "education": null, "fee": null, "operator:type": null, "addr:country": null, "email": null, "capacity": null, "operator:short": null, "operator:wikidata": null, "addr:district": null, "check_date:opening_hours": null, "name:hi": null, "building": null, "brand": null, "brand:wikidata": null, "landuse": null, "building:levels": null, "wikipedia": null, "amenity_1": null, "school:gender": null, "old_name": null, "wikimedia_commons": null, "addr:housename": null, "ref:IN:UDISE": null, "barrier": null, "school": null, "name:etymology:wikidata": null, "addr:state": null, "addr:suburb": null, "alt_name": null, "surface": null, "height": null, "building:part": null, "species:en": null, "level": null, "name:mr": null, "short_name": null, "start_date": null, "name:fr": null, "layer": null, "ele": null, "type": null }, "geometry": { "type": "Point", "coordinates": [ 72.8679618, 19.1115552 ] } },
{ "type": "Feature", "properties": { "element": "node", "id": 4498884750, "amenity": "school", "name": "Billabong International School", "opening_hours": null, "source": null, "tourism": null, "name:ur": null, "addr:city": null, "addr:housenumber": null, "addr:postcode": null, "addr:street": null, "denomination": null, "grades": null, "religion": null, "timing": null, "wikidata": null, "fixme": null, "name:en": null, "operator": null, "website": null, "check_date": null, "description": null, "female": null, "note": null, "phone": null, "isced:level": null, "education": null, "fee": null, "operator:type": null, "addr:country": null, "email": null, "capacity": null, "operator:short": null, "operator:wikidata": null, "addr:district": null, "check_date:opening_hours": null, "name:hi": null, "building": null, "brand": null, "brand:wikidata": null, "landuse": null, "building:levels": null, "wikipedia": null, "amenity_1": null, "school:gender": null, "old_name": null, "wikimedia_commons": null, "addr:housename": null, "ref:IN:UDISE": null, "barrier": null, "school": null, "name:etymology:wikidata": null, "addr:state": null, "addr:suburb": null, "alt_name": null, "surface": null, "height": null, "building:part": null, "species:en": null, "level": null, "name:mr": null, "short_name": null, "start_date": null, "name:fr": null, "layer": null, "ele": null, "type": null }, "geometry": { "type": "Point", "coordinates": [ 72.8213105, 19.2024655 ] } },
{ "type": "Feature", "properties": { "element": "node", "id": 4529961390, "amenity": "school", "name": null, "opening_hours": null, "source": null, "tourism": null, "name:ur": null, "addr:city": null, "addr:housenumber": null, "addr:postcode": null, "addr:street": null, "denomination": null, "grades": null, "religion": null, "timing": null, "wikidata": null, "fixme": null, "name:en": "Addonics Solutions Pvt. Ltd, Vile Parle, Mumbai", "operator": null, "website": null, "check_date": null, "description": null, "female": null, "note": null, "phone": null, "isced:level": null, "education": null, "fee": null, "operator:type": null, "addr:country": null, "email": null, "capacity": null, "operator:short": null, "operator:wikidata": null, "addr:district": null, "check_date:opening_hours": null, "name:hi": null, "building": null, "brand": null, "brand:wikidata": null, "landuse": null, "building:levels": null, "wikipedia": null, "amenity_1": null, "school:gender": null, "old_name": null, "wikimedia_commons": null, "addr:housename": null, "ref:IN:UDISE": null, "barrier": null, "school": null, "name:etymology:wikidata": null, "addr:state": null, "addr:suburb": null, "alt_name": null, "surface": null, "height": null, "building:part": null, "species:en": null, "level": null, "name:mr": null, "short_name": null, "start_date": null, "name:fr": null, "layer": null, "ele": null, "type": null }, "geometry": { "type": "Point", "coordinates": [ 72.8446354, 19.0923132 ] } },
{ "type": "Feature", "properties": { "element": "node", "id": 4621599298, "amenity": "school", "name": null, "opening_hours": null, "source": null, "tourism": null, "name:ur": null, "addr:city": null, "addr:housenumber": null, "addr:postcode": null, "addr:street": "Chatrapati Shivaji Road", "denomination": null, "grades": null, "religion": null, "timing": null, "wikidata": null, "fixme": null, "name:en": "Anand Nagar Municipal School", "operator": null, "website": null, "check_date": null, "description": null, "female": null, "note": null, "phone": null, "isced:level": null, "education": null, "fee": null, "operator:type": null, "addr:country": null, "email": null, "capacity": null, "operator:short": null, "operator:wikidata": null, "addr:district": null, "check_date:opening_hours": null, "name:hi": null, "building": null, "brand": null, "brand:wikidata": null, "landuse": null, "building:levels": null, "wikipedia": null, "amenity_1": null, "school:gender": null, "old_name": null, "wikimedia_commons": null, "addr:housename": null, "ref:IN:UDISE": null, "barrier": null, "school": null, "name:etymology:wikidata": null, "addr:state": null, "addr:suburb": null, "alt_name": null, "surface": null, "height": null, "building:part": null, "species:en": null, "level": null, "name:mr": null, "short_name": null, "start_date": null, "name:fr": null, "layer": null, "ele": null, "type": null }, "geometry": { "type": "Point", "coordinates": [ 72.8649892, 19.2545722 ] } },
{ "type": "Feature", "properties": { "element": "node", "id": 4643901366, "amenity": "school", "name": "suvidyalay", "opening_hours": null, "source": null, "tourism": null, "name:ur": null, "addr:city": null, "addr:housenumber": null, "addr:postcode": null, "addr:street": null, "denomination": null, "grades": null, "religion": null, "timing": null, "wikidata": null, "fixme": null, "name:en": null, "operator": null, "website": null, "check_date": null, "description": null, "female": null, "note": null, "phone": null, "isced:level": null, "education": null, "fee": null, "operator:type": null, "addr:country": null, "email": null, "capacity": null, "operator:short": null, "operator:wikidata": null, "addr:district": null, "check_date:opening_hours": null, "name:hi": null, "building": null, "brand": null, "brand:wikidata": null, "landuse": null, "building:levels": null, "wikipedia": null, "amenity_1": null, "school:gender": null, "old_name": null, "wikimedia_commons": null, "addr:housename": null, "ref:IN:UDISE": null, "barrier": null, "school": null, "name:etymology:wikidata": null, "addr:state": null, "addr:suburb": null, "alt_name": null, "surface": null, "height": null, "building:part": null, "species:en": null, "level": null, "name:mr": null, "short_name": null, "start_date": null, "name:fr": null, "layer": null, "ele": null, "type": null }, "geometry": { "type": "Point", "coordinates": [ 72.8433059, 19.2314533 ] } },
{ "type": "Feature", "properties": { "element": "node", "id": 4736406821, "amenity": "school", "name": null, "opening_hours": null, "source": null, "tourism": null, "name:ur": null, "addr:city": null, "addr:housenumber": null, "addr:postcode": null, "addr:street": null, "denomination": null, "grades": null, "religion": null, "timing": null, "wikidata": null, "fixme": null, "name:en": "Anglo eastern maritime training centre", "operator": null, "website": null, "check_date": null, "description": null, "female": null, "note": null, "phone": null, "isced:level": null, "education": null, "fee": null, "operator:type": null, "addr:country": null, "email": null, "capacity": null, "operator:short": null, "operator:wikidata": null, "addr:district": null, "check_date:opening_hours": null, "name:hi": null, "building": null, "brand": null, "brand:wikidata": null, "landuse": null, "building:levels": null, "wikipedia": null, "amenity_1": null, "school:gender": null, "old_name": null, "wikimedia_commons": null, "addr:housename": null, "ref:IN:UDISE": null, "barrier": null, "school": null, "name:etymology:wikidata": null, "addr:state": null, "addr:suburb": null, "alt_name": null, "surface": null, "height": null, "building:part": null, "species:en": null, "level": null, "name:mr": null, "short_name": null, "start_date": null, "name:fr": null, "layer": null, "ele": null, "type": null }, "geometry": { "type": "Point", "coordinates": [ 72.8540339, 19.1257176 ] } },
{ "type": "Feature", "properties": { "element": "node", "id": 4761353927, "amenity": "school", "name": null, "opening_hours": null, "source": null, "tourism": null, "name:ur": null, "addr:city": null, "addr:housenumber": null, "addr:postcode": null, "addr:street": null, "denomination": null, "grades": null, "religion": null, "timing": null, "wikidata": null, "fixme": null, "name:en": "St Xavier's School", "operator": null, "website": null, "check_date": null, "description": null, "female": null, "note": null, "phone": null, "isced:level": null, "education": null, "fee": null, "operator:type": null, "addr:country": null, "email": null, "capacity": null, "operator:short": null, "operator:wikidata": null, "addr:district": null, "check_date:opening_hours": null, "name:hi": null, "building": null, "brand": null, "brand:wikidata": null, "landuse": null, "building:levels": null, "wikipedia": null, "amenity_1": null, "school:gender": null, "old_name": null, "wikimedia_commons": null, "addr:housename": null, "ref:IN:UDISE": null, "barrier": null, "school": null, "name:etymology:wikidata": null, "addr:state": null, "addr:suburb": null, "alt_name": null, "surface": null, "height": null, "building:part": null, "species:en": null, "level": null, "name:mr": null, "short_name": null, "start_date": null, "name:fr": null, "layer": null, "ele": null, "type": null }, "geometry": { "type": "Point", "coordinates": [ 72.9289194, 19.1359127 ] } },
{ "type": "Feature", "properties": { "element": "node", "id": 4791169422, "amenity": "school", "name": null, "opening_hours": null, "source": null, "tourism": null, "name:ur": null, "addr:city": null, "addr:housenumber": null, "addr:postcode": "400081", "addr:street": null, "denomination": null, "grades": null, "religion": null, "timing": null, "wikidata": null, "fixme": null, "name:en": null, "operator": null, "website": null, "check_date": null, "description": null, "female": null, "note": null, "phone": null, "isced:level": null, "education": null, "fee": null, "operator:type": null, "addr:country": null, "email": null, "capacity": null, "operator:short": null, "operator:wikidata": null, "addr:district": null, "check_date:opening_hours": null, "name:hi": null, "building": null, "brand": null, "brand:wikidata": null, "landuse": null, "building:levels": null, "wikipedia": null, "amenity_1": null, "school:gender": null, "old_name": null, "wikimedia_commons": null, "addr:housename": null, "ref:IN:UDISE": null, "barrier": null, "school": null, "name:etymology:wikidata": null, "addr:state": null, "addr:suburb": null, "alt_name": null, "surface": null, "height": null, "building:part": null, "species:en": null, "level": null, "name:mr": null, "short_name": null, "start_date": null, "name:fr": null, "layer": null, "ele": null, "type": null }, "geometry": { "type": "Point", "coordinates": [ 72.9567409, 19.1701311 ] } },
{ "type": "Feature", "properties": { "element": "node", "id": 4791178924, "amenity": "school", "name": null, "opening_hours": null, "source": null, "tourism": null, "name:ur": null, "addr:city": null, "addr:housenumber": null, "addr:postcode": "400081", "addr:street": "Lokmanya Tilak Road", "denomination": null, "grades": null, "religion": null, "timing": null, "wikidata": null, "fixme": null, "name:en": null, "operator": null, "website": null, "check_date": null, "description": null, "female": null, "note": null, "phone": null, "isced:level": null, "education": null, "fee": null, "operator:type": null, "addr:country": null, "email": null, "capacity": null, "operator:short": null, "operator:wikidata": null, "addr:district": null, "check_date:opening_hours": null, "name:hi": null, "building": null, "brand": null, "brand:wikidata": null, "landuse": null, "building:levels": null, "wikipedia": null, "amenity_1": null, "school:gender": null, "old_name": null, "wikimedia_commons": null, "addr:housename": null, "ref:IN:UDISE": null, "barrier": null, "school": null, "name:etymology:wikidata": null, "addr:state": null, "addr:suburb": null, "alt_name": null, "surface": null, "height": null, "building:part": null, "species:en": null, "level": null, "name:mr": null, "short_name": null, "start_date": null, "name:fr": null, "layer": null, "ele": null, "type": null }, "geometry": { "type": "Point", "coordinates": [ 72.9574827, 19.1715227 ] } },
{ "type": "Feature", "properties": { "element": "node", "id": 4809609627, "amenity": "school", "name": null, "opening_hours": null, "source": null, "tourism": null, "name:ur": null, "addr:city": null, "addr:housenumber": null, "addr:postcode": "400080", "addr:street": "Dr Ambedkar Road", "denomination": null, "grades": null, "religion": null, "timing": null, "wikidata": null, "fixme": null, "name:en": null, "operator": null, "website": null, "check_date": null, "description": null, "female": null, "note": null, "phone": null, "isced:level": null, "education": null, "fee": null, "operator:type": null, "addr:country": null, "email": null, "capacity": null, "operator:short": null, "operator:wikidata": null, "addr:district": null, "check_date:opening_hours": null, "name:hi": null, "building": null, "brand": null, "brand:wikidata": null, "landuse": null, "building:levels": null, "wikipedia": null, "amenity_1": null, "school:gender": null, "old_name": null, "wikimedia_commons": null, "addr:housename": null, "ref:IN:UDISE": null, "barrier": null, "school": null, "name:etymology:wikidata": null, "addr:state": null, "addr:suburb": null, "alt_name": null, "surface": null, "height": null, "building:part": null, "species:en": null, "level": null, "name:mr": null, "short_name": null, "start_date": null, "name:fr": null, "layer": null, "ele": null, "type": null }, "geometry": { "type": "Point", "coordinates": [ 72.9495676, 19.1726444 ] } },
{ "type": "Feature", "properties": { "element": "node", "id": 5702656722, "amenity": "school", "name": null, "opening_hours": "Mo-Sa 17:00-21:00", "source": null, "tourism": null, "name:ur": null, "addr:city": null, "addr:housenumber": null, "addr:postcode": "400057", "addr:street": "Prarthana Samaj Road", "denomination": null, "grades": null, "religion": null, "timing": null, "wikidata": null, "fixme": null, "name:en": "Vyas Sangeet Vidyalaya", "operator": "Kiran Cuss", "website": null, "check_date": null, "description": null, "female": null, "note": null, "phone": null, "isced:level": null, "education": null, "fee": null, "operator:type": null, "addr:country": null, "email": null, "capacity": null, "operator:short": null, "operator:wikidata": null, "addr:district": null, "check_date:opening_hours": null, "name:hi": null, "building": null, "brand": null, "brand:wikidata": null, "landuse": null, "building:levels": null, "wikipedia": null, "amenity_1": null, "school:gender": null, "old_name": null, "wikimedia_commons": null, "addr:housename": null, "ref:IN:UDISE": null, "barrier": null, "school": null, "name:etymology:wikidata": null, "addr:state": null, "addr:suburb": null, "alt_name": null, "surface": null, "height": null, "building:part": null, "species:en": null, "level": null, "name:mr": null, "short_name": null, "start_date": null, "name:fr": null, "layer": null, "ele": null, "type": null }, "geometry": { "type": "Point", "coordinates": [ 72.8511863, 19.1025143 ] } },
{ "type": "Feature", "properties": { "element": "node", "id": 5859107295, "amenity": "school", "name": null, "opening_hours": null, "source": null, "tourism": null, "name:ur": null, "addr:city": null, "addr:housenumber": null, "addr:postcode": null, "addr:street": null, "denomination": null, "grades": null, "religion": null, "timing": null, "wikidata": null, "fixme": null, "name:en": "Mohammadi Urdu High School", "operator": null, "website": null, "check_date": null, "description": null, "female": null, "note": null, "phone": null, "isced:level": null, "education": null, "fee": null, "operator:type": null, "addr:country": null, "email": null, "capacity": null, "operator:short": null, "operator:wikidata": null, "addr:district": null, "check_date:opening_hours": null, "name:hi": null, "building": null, "brand": null, "brand:wikidata": null, "landuse": null, "building:levels": null, "wikipedia": null, "amenity_1": null, "school:gender": null, "old_name": null, "wikimedia_commons": null, "addr:housename": null, "ref:IN:UDISE": null, "barrier": null, "school": null, "name:etymology:wikidata": null, "addr:state": null, "addr:suburb": null, "alt_name": null, "surface": null, "height": null, "building:part": null, "species:en": null, "level": null, "name:mr": null, "short_name": null, "start_date": null, "name:fr": null, "layer": null, "ele": null, "type": null }, "geometry": { "type": "Point", "coordinates": [ 72.933586, 19.163341 ] } },
{ "type": "Feature", "properties": { "element": "node", "id": 5859134585, "amenity": "school", "name": null, "opening_hours": null, "source": null, "tourism": null, "name:ur": null, "addr:city": null, "addr:housenumber": null, "addr:postcode": null, "addr:street": null, "denomination": null, "grades": null, "religion": null, "timing": null, "wikidata": null, "fixme": null, "name:en": "Ideal High School", "operator": null, "website": null, "check_date": null, "description": null, "female": null, "note": null, "phone": null, "isced:level": null, "education": null, "fee": null, "operator:type": null, "addr:country": null, "email": null, "capacity": null, "operator:short": null, "operator:wikidata": null, "addr:district": null, "check_date:opening_hours": null, "name:hi": null, "building": null, "brand": null, "brand:wikidata": null, "landuse": null, "building:levels": null, "wikipedia": null, "amenity_1": null, "school:gender": null, "old_name": null, "wikimedia_commons": null, "addr:housename": null, "ref:IN:UDISE": null, "barrier": null, "school": null, "name:etymology:wikidata": null, "addr:state": null, "addr:suburb": null, "alt_name": null, "surface": null, "height": null, "building:part": null, "species:en": null, "level": null, "name:mr": null, "short_name": null, "start_date": null, "name:fr": null, "layer": null, "ele": null, "type": null }, "geometry": { "type": "Point", "coordinates": [ 72.9326888, 19.1637347 ] } },
{ "type": "Feature", "properties": { "element": "node", "id": 5859134686, "amenity": "school", "name": null, "opening_hours": null, "source": null, "tourism": null, "name:ur": null, "addr:city": null, "addr:housenumber": null, "addr:postcode": null, "addr:street": null, "denomination": null, "grades": null, "religion": null, "timing": null, "wikidata": null, "fixme": null, "name:en": "Madrassa Faizan e Taiba", "operator": null, "website": null, "check_date": null, "description": null, "female": null, "note": null, "phone": null, "isced:level": null, "education": null, "fee": null, "operator:type": null, "addr:country": null, "email": null, "capacity": null, "operator:short": null, "operator:wikidata": null, "addr:district": null, "check_date:opening_hours": null, "name:hi": null, "building": null, "brand": null, "brand:wikidata": null, "landuse": null, "building:levels": null, "wikipedia": null, "amenity_1": null, "school:gender": null, "old_name": null, "wikimedia_commons": null, "addr:housename": null, "ref:IN:UDISE": null, "barrier": null, "school": null, "name:etymology:wikidata": null, "addr:state": null, "addr:suburb": null, "alt_name": null, "surface": null, "height": null, "building:part": null, "species:en": null, "level": null, "name:mr": null, "short_name": null, "start_date": null, "name:fr": null, "layer": null, "ele": null, "type": null }, "geometry": { "type": "Point", "coordinates": [ 72.9327382, 19.1644101 ] } },
{ "type": "Feature", "properties": { "element": "node", "id": 5877650987, "amenity": "school", "name": "Interaction Studio", "opening_hours": null, "source": null, "tourism": null, "name:ur": null, "addr:city": null, "addr:housenumber": null, "addr:postcode": null, "addr:street": null, "denomination": null, "grades": null, "religion": null, "timing": null, "wikidata": null, "fixme": null, "name:en": "interaction studio", "operator": null, "website": null, "check_date": null, "description": null, "female": null, "note": null, "phone": null, "isced:level": null, "education": null, "fee": null, "operator:type": null, "addr:country": null, "email": null, "capacity": null, "operator:short": null, "operator:wikidata": null, "addr:district": null, "check_date:opening_hours": null, "name:hi": null, "building": null, "brand": null, "brand:wikidata": null, "landuse": null, "building:levels": null, "wikipedia": null, "amenity_1": null, "school:gender": null, "old_name": null, "wikimedia_commons": null, "addr:housename": null, "ref:IN:UDISE": null, "barrier": null, "school": null, "name:etymology:wikidata": null, "addr:state": null, "addr:suburb": null, "alt_name": null, "surface": null, "height": null, "building:part": null, "species:en": null, "level": null, "name:mr": null, "short_name": null, "start_date": null, "name:fr": null, "layer": null, "ele": null, "type": null }, "geometry": { "type": "Point", "coordinates": [ 72.9173753, 19.1332499 ] } },
{ "type": "Feature", "properties": { "element": "node", "id": 6110265787, "amenity": "school", "name": null, "opening_hours": "Mo-Fr 07:00-18:00", "source": null, "tourism": null, "name:ur": null, "addr:city": null, "addr:housenumber": null, "addr:postcode": "400057", "addr:street": null, "denomination": null, "grades": null, "religion": null, "timing": null, "wikidata": null, "fixme": null, "name:en": "Mahila Sangh School", "operator": null, "website": null, "check_date": null, "description": null, "female": null, "note": null, "phone": null, "isced:level": null, "education": null, "fee": null, "operator:type": null, "addr:country": null, "email": null, "capacity": null, "operator:short": null, "operator:wikidata": null, "addr:district": null, "check_date:opening_hours": null, "name:hi": null, "building": null, "brand": null, "brand:wikidata": null, "landuse": null, "building:levels": null, "wikipedia": null, "amenity_1": null, "school:gender": null, "old_name": null, "wikimedia_commons": null, "addr:housename": null, "ref:IN:UDISE": null, "barrier": null, "school": null, "name:etymology:wikidata": null, "addr:state": null, "addr:suburb": null, "alt_name": null, "surface": null, "height": null, "building:part": null, "species:en": null, "level": null, "name:mr": null, "short_name": null, "start_date": null, "name:fr": null, "layer": null, "ele": null, "type": null }, "geometry": { "type": "Point", "coordinates": [ 72.8523907, 19.1060724 ] } },
{ "type": "Feature", "properties": { "element": "node", "id": 6110265788, "amenity": "school", "name": null, "opening_hours": "Mo-Fr 07:00-18:00", "source": null, "tourism": null, "name:ur": null, "addr:city": null, "addr:housenumber": null, "addr:postcode": "400057", "addr:street": null, "denomination": null, "grades": null, "religion": null, "timing": null, "wikidata": null, "fixme": null, "name:en": "Orion School", "operator": null, "website": null, "check_date": null, "description": null, "female": null, "note": null, "phone": null, "isced:level": null, "education": null, "fee": null, "operator:type": null, "addr:country": null, "email": null, "capacity": null, "operator:short": null, "operator:wikidata": null, "addr:district": null, "check_date:opening_hours": null, "name:hi": null, "building": null, "brand": null, "brand:wikidata": null, "landuse": null, "building:levels": null, "wikipedia": null, "amenity_1": null, "school:gender": null, "old_name": null, "wikimedia_commons": null, "addr:housename": null, "ref:IN:UDISE": null, "barrier": null, "school": null, "name:etymology:wikidata": null, "addr:state": null, "addr:suburb": null, "alt_name": null, "surface": null, "height": null, "building:part": null, "species:en": null, "level": null, "name:mr": null, "short_name": null, "start_date": null, "name:fr": null, "layer": null, "ele": null, "type": null }, "geometry": { "type": "Point", "coordinates": [ 72.8527237, 19.1060287 ] } },
{ "type": "Feature", "properties": { "element": "node", "id": 6110272185, "amenity": "school", "name": null, "opening_hours": "Mo-Fr 08:00-18:00", "source": null, "tourism": null, "name:ur": null, "addr:city": null, "addr:housenumber": null, "addr:postcode": "400057", "addr:street": "Tilak Vidyalaya Road", "denomination": null, "grades": null, "religion": null, "timing": null, "wikidata": null, "fixme": null, "name:en": "Ramabai Paranjpe Balmandir", "operator": null, "website": "http://ramabaiparanjape.com", "check_date": null, "description": null, "female": null, "note": null, "phone": "02226116537 , 02226112280", "isced:level": null, "education": null, "fee": null, "operator:type": null, "addr:country": null, "email": null, "capacity": null, "operator:short": null, "operator:wikidata": null, "addr:district": null, "check_date:opening_hours": null, "name:hi": null, "building": null, "brand": null, "brand:wikidata": null, "landuse": null, "building:levels": null, "wikipedia": null, "amenity_1": null, "school:gender": null, "old_name": null, "wikimedia_commons": null, "addr:housename": null, "ref:IN:UDISE": null, "barrier": null, "school": null, "name:etymology:wikidata": null, "addr:state": null, "addr:suburb": null, "alt_name": null, "surface": null, "height": null, "building:part": null, "species:en": null, "level": null, "name:mr": null, "short_name": null, "start_date": null, "name:fr": null, "layer": null, "ele": null, "type": null }, "geometry": { "type": "Point", "coordinates": [ 72.8481115, 19.1042197 ] } },
{ "type": "Feature", "properties": { "element": "node", "id": 6212677778, "amenity": "school", "name": "Smt. Lilavatibai Podar High School", "opening_hours": null, "source": null, "tourism": null, "name:ur": null, "addr:city": "Mumbai", "addr:housenumber": "Tower Building, Santacruz West", "addr:postcode": "400054", "addr:street": "Saraswati Road", "denomination": "ICSE/ISC", "grades": null, "religion": null, "timing": null, "wikidata": null, "fixme": null, "name:en": null, "operator": null, "website": null, "check_date": null, "description": null, "female": null, "note": null, "phone": null, "isced:level": null, "education": null, "fee": null, "operator:type": null, "addr:country": null, "email": null, "capacity": null, "operator:short": null, "operator:wikidata": null, "addr:district": null, "check_date:opening_hours": null, "name:hi": null, "building": null, "brand": null, "brand:wikidata": null, "landuse": null, "building:levels": null, "wikipedia": null, "amenity_1": null, "school:gender": null, "old_name": null, "wikimedia_commons": null, "addr:housename": null, "ref:IN:UDISE": null, "barrier": null, "school": null, "name:etymology:wikidata": null, "addr:state": null, "addr:suburb": null, "alt_name": null, "surface": null, "height": null, "building:part": null, "species:en": null, "level": null, "name:mr": null, "short_name": null, "start_date": null, "name:fr": null, "layer": null, "ele": null, "type": null }, "geometry": { "type": "Point", "coordinates": [ 72.8371727, 19.0810735 ] } },
{ "type": "Feature", "properties": { "element": "node", "id": 6423547527, "amenity": "school", "name": "MCGM, L K Waghji, Mumbai Public School", "opening_hours": null, "source": null, "tourism": null, "name:ur": null, "addr:city": "Matunga, Mumbai", "addr:housenumber": "304", "addr:postcode": "400019", "addr:street": "Bhimani Street", "denomination": null, "grades": null, "religion": null, "timing": null, "wikidata": null, "fixme": null, "name:en": null, "operator": null, "website": null, "check_date": "2026-03-20", "description": null, "female": null, "note": null, "phone": null, "isced:level": null, "education": null, "fee": null, "operator:type": null, "addr:country": null, "email": null, "capacity": null, "operator:short": null, "operator:wikidata": null, "addr:district": null, "check_date:opening_hours": null, "name:hi": null, "building": null, "brand": null, "brand:wikidata": null, "landuse": null, "building:levels": null, "wikipedia": null, "amenity_1": null, "school:gender": null, "old_name": null, "wikimedia_commons": null, "addr:housename": null, "ref:IN:UDISE": null, "barrier": null, "school": null, "name:etymology:wikidata": null, "addr:state": null, "addr:suburb": null, "alt_name": null, "surface": null, "height": null, "building:part": null, "species:en": null, "level": null, "name:mr": null, "short_name": null, "start_date": null, "name:fr": null, "layer": null, "ele": null, "type": null }, "geometry": { "type": "Point", "coordinates": [ 72.8516675, 19.0271372 ] } },
{ "type": "Feature", "properties": { "element": "node", "id": 6430561108, "amenity": "school", "name": null, "opening_hours": null, "source": null, "tourism": null, "name:ur": null, "addr:city": null, "addr:housenumber": null, "addr:postcode": "400069", "addr:street": "S Radahakrishnan Road (Nagardas Road);Azad Road", "denomination": null, "grades": null, "religion": null, "timing": null, "wikidata": null, "fixme": null, "name:en": "L R & S M Vissanji Academy", "operator": null, "website": null, "check_date": null, "description": null, "female": null, "note": null, "phone": null, "isced:level": null, "education": null, "fee": null, "operator:type": null, "addr:country": null, "email": null, "capacity": null, "operator:short": null, "operator:wikidata": null, "addr:district": null, "check_date:opening_hours": null, "name:hi": null, "building": null, "brand": null, "brand:wikidata": null, "landuse": null, "building:levels": null, "wikipedia": null, "amenity_1": null, "school:gender": null, "old_name": null, "wikimedia_commons": null, "addr:housename": null, "ref:IN:UDISE": null, "barrier": null, "school": null, "name:etymology:wikidata": null, "addr:state": null, "addr:suburb": null, "alt_name": null, "surface": null, "height": null, "building:part": null, "species:en": null, "level": null, "name:mr": null, "short_name": null, "start_date": null, "name:fr": null, "layer": null, "ele": null, "type": null }, "geometry": { "type": "Point", "coordinates": [ 72.8514678, 19.1204617 ] } },
{ "type": "Feature", "properties": { "element": "node", "id": 6442254811, "amenity": "school", "name": "Dnayneshwar Vidyalaya", "opening_hours": null, "source": null, "tourism": null, "name:ur": null, "addr:city": null, "addr:housenumber": null, "addr:postcode": null, "addr:street": null, "denomination": null, "grades": null, "religion": null, "timing": null, "wikidata": null, "fixme": null, "name:en": null, "operator": null, "website": null, "check_date": null, "description": null, "female": null, "note": null, "phone": null, "isced:level": null, "education": null, "fee": null, "operator:type": null, "addr:country": null, "email": null, "capacity": null, "operator:short": null, "operator:wikidata": null, "addr:district": null, "check_date:opening_hours": null, "name:hi": null, "building": null, "brand": null, "brand:wikidata": null, "landuse": null, "building:levels": null, "wikipedia": null, "amenity_1": null, "school:gender": null, "old_name": null, "wikimedia_commons": null, "addr:housename": null, "ref:IN:UDISE": null, "barrier": null, "school": null, "name:etymology:wikidata": null, "addr:state": null, "addr:suburb": null, "alt_name": null, "surface": null, "height": null, "building:part": null, "species:en": null, "level": null, "name:mr": null, "short_name": null, "start_date": null, "name:fr": null, "layer": null, "ele": null, "type": null }, "geometry": { "type": "Point", "coordinates": [ 72.8543408, 19.008134 ] } },
{ "type": "Feature", "properties": { "element": "node", "id": 6801919188, "amenity": "school", "name": "Madarsa (Tajweedul Islam)", "opening_hours": null, "source": null, "tourism": null, "name:ur": null, "addr:city": null, "addr:housenumber": null, "addr:postcode": null, "addr:street": null, "denomination": null, "grades": null, "religion": null, "timing": null, "wikidata": null, "fixme": null, "name:en": null, "operator": null, "website": null, "check_date": null, "description": null, "female": null, "note": null, "phone": null, "isced:level": null, "education": null, "fee": null, "operator:type": null, "addr:country": null, "email": null, "capacity": null, "operator:short": null, "operator:wikidata": null, "addr:district": null, "check_date:opening_hours": null, "name:hi": null, "building": null, "brand": null, "brand:wikidata": null, "landuse": null, "building:levels": null, "wikipedia": null, "amenity_1": null, "school:gender": null, "old_name": null, "wikimedia_commons": null, "addr:housename": null, "ref:IN:UDISE": null, "barrier": null, "school": null, "name:etymology:wikidata": null, "addr:state": null, "addr:suburb": null, "alt_name": null, "surface": null, "height": null, "building:part": null, "species:en": null, "level": null, "name:mr": null, "short_name": null, "start_date": null, "name:fr": null, "layer": null, "ele": null, "type": null }, "geometry": { "type": "Point", "coordinates": [ 72.9188893, 19.1259525 ] } },
{ "type": "Feature", "properties": { "element": "node", "id": 6924346886, "amenity": "school", "name": null, "opening_hours": null, "source": null, "tourism": null, "name:ur": null, "addr:city": null, "addr:housenumber": null, "addr:postcode": "400076", "addr:street": "Adi Sankaracharya Marg", "denomination": null, "grades": null, "religion": null, "timing": null, "wikidata": null, "fixme": null, "name:en": "M.S. Tutorials Pvt. Ltd.", "operator": null, "website": null, "check_date": null, "description": null, "female": null, "note": null, "phone": null, "isced:level": null, "education": null, "fee": null, "operator:type": null, "addr:country": null, "email": null, "capacity": null, "operator:short": null, "operator:wikidata": null, "addr:district": null, "check_date:opening_hours": null, "name:hi": null, "building": null, "brand": null, "brand:wikidata": null, "landuse": null, "building:levels": null, "wikipedia": null, "amenity_1": null, "school:gender": null, "old_name": null, "wikimedia_commons": null, "addr:housename": null, "ref:IN:UDISE": null, "barrier": null, "school": null, "name:etymology:wikidata": null, "addr:state": null, "addr:suburb": null, "alt_name": null, "surface": null, "height": null, "building:part": null, "species:en": null, "level": null, "name:mr": null, "short_name": null, "start_date": null, "name:fr": null, "layer": null, "ele": null, "type": null }, "geometry": { "type": "Point", "coordinates": [ 72.9186936, 19.1270272 ] } },
{ "type": "Feature", "properties": { "element": "node", "id": 6990613593, "amenity": "school", "name": null, "opening_hours": null, "source": null, "tourism": null, "name:ur": null, "addr:city": null, "addr:housenumber": null, "addr:postcode": null, "addr:street": null, "denomination": null, "grades": null, "religion": null, "timing": null, "wikidata": null, "fixme": null, "name:en": null, "operator": null, "website": null, "check_date": null, "description": null, "female": null, "note": null, "phone": null, "isced:level": null, "education": null, "fee": null, "operator:type": null, "addr:country": null, "email": null, "capacity": null, "operator:short": null, "operator:wikidata": null, "addr:district": null, "check_date:opening_hours": null, "name:hi": null, "building": null, "brand": null, "brand:wikidata": null, "landuse": null, "building:levels": null, "wikipedia": null, "amenity_1": null, "school:gender": null, "old_name": null, "wikimedia_commons": null, "addr:housename": null, "ref:IN:UDISE": null, "barrier": null, "school": null, "name:etymology:wikidata": null, "addr:state": null, "addr:suburb": null, "alt_name": null, "surface": null, "height": null, "building:part": null, "species:en": null, "level": null, "name:mr": null, "short_name": null, "start_date": null, "name:fr": null, "layer": null, "ele": null, "type": null }, "geometry": { "type": "Point", "coordinates": [ 72.9381366, 19.134427 ] } },
{ "type": "Feature", "properties": { "element": "node", "id": 7291605785, "amenity": "school", "name": null, "opening_hours": null, "source": null, "tourism": null, "name:ur": null, "addr:city": null, "addr:housenumber": null, "addr:postcode": null, "addr:street": null, "denomination": null, "grades": null, "religion": null, "timing": null, "wikidata": null, "fixme": null, "name:en": "Daffodils", "operator": null, "website": null, "check_date": null, "description": null, "female": null, "note": null, "phone": null, "isced:level": null, "education": null, "fee": null, "operator:type": null, "addr:country": null, "email": null, "capacity": null, "operator:short": null, "operator:wikidata": null, "addr:district": null, "check_date:opening_hours": null, "name:hi": null, "building": null, "brand": null, "brand:wikidata": null, "landuse": null, "building:levels": null, "wikipedia": null, "amenity_1": null, "school:gender": null, "old_name": null, "wikimedia_commons": null, "addr:housename": null, "ref:IN:UDISE": null, "barrier": null, "school": null, "name:etymology:wikidata": null, "addr:state": null, "addr:suburb": null, "alt_name": null, "surface": null, "height": null, "building:part": null, "species:en": null, "level": null, "name:mr": null, "short_name": null, "start_date": null, "name:fr": null, "layer": null, "ele": null, "type": null }, "geometry": { "type": "Point", "coordinates": [ 72.9574287, 19.1713839 ] } },
{ "type": "Feature", "properties": { "element": "node", "id": 7405089091, "amenity": "school", "name": "The Golden Spiral School", "opening_hours": null, "source": null, "tourism": null, "name:ur": null, "addr:city": null, "addr:housenumber": null, "addr:postcode": null, "addr:street": null, "denomination": null, "grades": null, "religion": null, "timing": null, "wikidata": null, "fixme": null, "name:en": null, "operator": null, "website": null, "check_date": null, "description": null, "female": null, "note": null, "phone": null, "isced:level": null, "education": null, "fee": null, "operator:type": null, "addr:country": null, "email": null, "capacity": null, "operator:short": null, "operator:wikidata": null, "addr:district": null, "check_date:opening_hours": null, "name:hi": null, "building": null, "brand": null, "brand:wikidata": null, "landuse": null, "building:levels": null, "wikipedia": null, "amenity_1": null, "school:gender": null, "old_name": null, "wikimedia_commons": null, "addr:housename": null, "ref:IN:UDISE": null, "barrier": null, "school": null, "name:etymology:wikidata": null, "addr:state": null, "addr:suburb": null, "alt_name": null, "surface": null, "height": null, "building:part": null, "species:en": null, "level": null, "name:mr": null, "short_name": null, "start_date": null, "name:fr": null, "layer": null, "ele": null, "type": null }, "geometry": { "type": "Point", "coordinates": [ 72.813493, 18.9737612 ] } },
{ "type": "Feature", "properties": { "element": "node", "id": 7405863748, "amenity": "school", "name": "The Universal School, Tardeo", "opening_hours": null, "source": null, "tourism": null, "name:ur": null, "addr:city": null, "addr:housenumber": null, "addr:postcode": null, "addr:street": null, "denomination": null, "grades": null, "religion": null, "timing": null, "wikidata": null, "fixme": null, "name:en": null, "operator": null, "website": null, "check_date": null, "description": null, "female": null, "note": null, "phone": null, "isced:level": null, "education": null, "fee": null, "operator:type": null, "addr:country": null, "email": null, "capacity": null, "operator:short": null, "operator:wikidata": null, "addr:district": null, "check_date:opening_hours": null, "name:hi": null, "building": null, "brand": null, "brand:wikidata": null, "landuse": null, "building:levels": null, "wikipedia": null, "amenity_1": null, "school:gender": null, "old_name": null, "wikimedia_commons": null, "addr:housename": null, "ref:IN:UDISE": null, "barrier": null, "school": null, "name:etymology:wikidata": null, "addr:state": null, "addr:suburb": null, "alt_name": null, "surface": null, "height": null, "building:part": null, "species:en": null, "level": null, "name:mr": null, "short_name": null, "start_date": null, "name:fr": null, "layer": null, "ele": null, "type": null }, "geometry": { "type": "Point", "coordinates": [ 72.8140038, 18.9651298 ] } },
{ "type": "Feature", "properties": { "element": "node", "id": 7405863749, "amenity": "school", "name": "Grant Road Central High School", "opening_hours": null, "source": null, "tourism": null, "name:ur": null, "addr:city": null, "addr:housenumber": null, "addr:postcode": null, "addr:street": null, "denomination": null, "grades": null, "religion": null, "timing": null, "wikidata": null, "fixme": null, "name:en": null, "operator": null, "website": null, "check_date": "2026-03-20", "description": null, "female": null, "note": null, "phone": null, "isced:level": null, "education": null, "fee": null, "operator:type": null, "addr:country": null, "email": null, "capacity": null, "operator:short": null, "operator:wikidata": null, "addr:district": null, "check_date:opening_hours": null, "name:hi": null, "building": null, "brand": null, "brand:wikidata": null, "landuse": null, "building:levels": null, "wikipedia": null, "amenity_1": null, "school:gender": null, "old_name": null, "wikimedia_commons": null, "addr:housename": null, "ref:IN:UDISE": null, "barrier": null, "school": null, "name:etymology:wikidata": null, "addr:state": null, "addr:suburb": null, "alt_name": null, "surface": null, "height": null, "building:part": null, "species:en": null, "level": null, "name:mr": null, "short_name": null, "start_date": null, "name:fr": null, "layer": null, "ele": null, "type": null }, "geometry": { "type": "Point", "coordinates": [ 72.8159226, 18.9634363 ] } },
{ "type": "Feature", "properties": { "element": "node", "id": 7411177793, "amenity": "school", "name": "Tardeo Municipal Secondary School", "opening_hours": null, "source": null, "tourism": null, "name:ur": null, "addr:city": null, "addr:housenumber": null, "addr:postcode": null, "addr:street": null, "denomination": null, "grades": null, "religion": null, "timing": null, "wikidata": null, "fixme": null, "name:en": null, "operator": null, "website": null, "check_date": null, "description": null, "female": null, "note": null, "phone": null, "isced:level": null, "education": null, "fee": null, "operator:type": null, "addr:country": null, "email": null, "capacity": null, "operator:short": null, "operator:wikidata": null, "addr:district": null, "check_date:opening_hours": null, "name:hi": null, "building": null, "brand": null, "brand:wikidata": null, "landuse": null, "building:levels": null, "wikipedia": null, "amenity_1": null, "school:gender": null, "old_name": null, "wikimedia_commons": null, "addr:housename": null, "ref:IN:UDISE": null, "barrier": null, "school": null, "name:etymology:wikidata": null, "addr:state": null, "addr:suburb": null, "alt_name": null, "surface": null, "height": null, "building:part": null, "species:en": null, "level": null, "name:mr": null, "short_name": null, "start_date": null, "name:fr": null, "layer": null, "ele": null, "type": null }, "geometry": { "type": "Point", "coordinates": [ 72.8173698, 18.9709943 ] } },
{ "type": "Feature", "properties": { "element": "node", "id": 7411177799, "amenity": "school", "name": "Education Inspector South", "opening_hours": null, "source": null, "tourism": null, "name:ur": null, "addr:city": null, "addr:housenumber": null, "addr:postcode": null, "addr:street": null, "denomination": null, "grades": null, "religion": null, "timing": null, "wikidata": null, "fixme": null, "name:en": null, "operator": null, "website": null, "check_date": "2026-03-20", "description": null, "female": null, "note": null, "phone": null, "isced:level": null, "education": null, "fee": null, "operator:type": null, "addr:country": null, "email": null, "capacity": null, "operator:short": null, "operator:wikidata": null, "addr:district": null, "check_date:opening_hours": null, "name:hi": null, "building": null, "brand": null, "brand:wikidata": null, "landuse": null, "building:levels": null, "wikipedia": null, "amenity_1": null, "school:gender": null, "old_name": null, "wikimedia_commons": null, "addr:housename": null, "ref:IN:UDISE": null, "barrier": null, "school": null, "name:etymology:wikidata": null, "addr:state": null, "addr:suburb": null, "alt_name": null, "surface": null, "height": null, "building:part": null, "species:en": null, "level": null, "name:mr": null, "short_name": null, "start_date": null, "name:fr": null, "layer": null, "ele": null, "type": null }, "geometry": { "type": "Point", "coordinates": [ 72.8185191, 18.9675962 ] } },
{ "type": "Feature", "properties": { "element": "node", "id": 7411177803, "amenity": "school", "name": "Gilder Lane Muncipal School", "opening_hours": null, "source": null, "tourism": null, "name:ur": null, "addr:city": null, "addr:housenumber": null, "addr:postcode": null, "addr:street": null, "denomination": null, "grades": null, "religion": null, "timing": null, "wikidata": null, "fixme": null, "name:en": null, "operator": null, "website": null, "check_date": null, "description": null, "female": null, "note": null, "phone": null, "isced:level": null, "education": null, "fee": null, "operator:type": null, "addr:country": null, "email": null, "capacity": null, "operator:short": null, "operator:wikidata": null, "addr:district": null, "check_date:opening_hours": null, "name:hi": null, "building": null, "brand": null, "brand:wikidata": null, "landuse": null, "building:levels": null, "wikipedia": null, "amenity_1": null, "school:gender": null, "old_name": null, "wikimedia_commons": null, "addr:housename": null, "ref:IN:UDISE": null, "barrier": null, "school": null, "name:etymology:wikidata": null, "addr:state": null, "addr:suburb": null, "alt_name": null, "surface": null, "height": null, "building:part": null, "species:en": null, "level": null, "name:mr": null, "short_name": null, "start_date": null, "name:fr": null, "layer": null, "ele": null, "type": null }, "geometry": { "type": "Point", "coordinates": [ 72.8189721, 18.9684792 ] } },
{ "type": "Feature", "properties": { "element": "node", "id": 7414783359, "amenity": "school", "name": "Sadhvi Savitribai Phule Upper Primary School", "opening_hours": null, "source": null, "tourism": null, "name:ur": null, "addr:city": null, "addr:housenumber": "Nm Joshi Marg, Near Bycullaw Railway Station, Mumbai, Maharashtra", "addr:postcode": null, "addr:street": null, "denomination": null, "grades": null, "religion": null, "timing": null, "wikidata": null, "fixme": null, "name:en": null, "operator": null, "website": null, "check_date": null, "description": null, "female": null, "note": null, "phone": null, "isced:level": null, "education": null, "fee": null, "operator:type": null, "addr:country": null, "email": null, "capacity": null, "operator:short": null, "operator:wikidata": null, "addr:district": null, "check_date:opening_hours": null, "name:hi": null, "building": null, "brand": null, "brand:wikidata": null, "landuse": null, "building:levels": null, "wikipedia": null, "amenity_1": null, "school:gender": null, "old_name": null, "wikimedia_commons": null, "addr:housename": null, "ref:IN:UDISE": null, "barrier": null, "school": null, "name:etymology:wikidata": null, "addr:state": null, "addr:suburb": null, "alt_name": null, "surface": null, "height": null, "building:part": null, "species:en": null, "level": null, "name:mr": null, "short_name": null, "start_date": null, "name:fr": null, "layer": null, "ele": null, "type": null }, "geometry": { "type": "Point", "coordinates": [ 72.8319417, 18.9764347 ] } },
{ "type": "Feature", "properties": { "element": "node", "id": 7414791530, "amenity": "school", "name": "Napoo High School", "opening_hours": null, "source": null, "tourism": null, "name:ur": null, "addr:city": null, "addr:housenumber": null, "addr:postcode": null, "addr:street": null, "denomination": null, "grades": null, "religion": null, "timing": null, "wikidata": null, "fixme": null, "name:en": null, "operator": null, "website": null, "check_date": null, "description": null, "female": null, "note": null, "phone": null, "isced:level": null, "education": null, "fee": null, "operator:type": null, "addr:country": null, "email": null, "capacity": null, "operator:short": null, "operator:wikidata": null, "addr:district": null, "check_date:opening_hours": null, "name:hi": null, "building": null, "brand": null, "brand:wikidata": null, "landuse": null, "building:levels": null, "wikipedia": null, "amenity_1": null, "school:gender": null, "old_name": null, "wikimedia_commons": null, "addr:housename": null, "ref:IN:UDISE": null, "barrier": null, "school": null, "name:etymology:wikidata": null, "addr:state": null, "addr:suburb": null, "alt_name": null, "surface": null, "height": null, "building:part": null, "species:en": null, "level": null, "name:mr": null, "short_name": null, "start_date": null, "name:fr": null, "layer": null, "ele": null, "type": null }, "geometry": { "type": "Point", "coordinates": [ 72.8347715, 18.9871 ] } },
{ "type": "Feature", "properties": { "element": "node", "id": 7425930335, "amenity": "school", "name": "Worli Seaface Municipal School", "opening_hours": null, "source": null, "tourism": null, "name:ur": null, "addr:city": null, "addr:housenumber": "16", "addr:postcode": null, "addr:street": "Sir Pochkhanawala Road", "denomination": null, "grades": null, "religion": null, "timing": null, "wikidata": null, "fixme": null, "name:en": null, "operator": null, "website": null, "check_date": null, "description": null, "female": null, "note": null, "phone": null, "isced:level": null, "education": null, "fee": null, "operator:type": null, "addr:country": null, "email": null, "capacity": null, "operator:short": null, "operator:wikidata": null, "addr:district": null, "check_date:opening_hours": null, "name:hi": null, "building": null, "brand": null, "brand:wikidata": null, "landuse": null, "building:levels": null, "wikipedia": null, "amenity_1": null, "school:gender": null, "old_name": null, "wikimedia_commons": null, "addr:housename": null, "ref:IN:UDISE": null, "barrier": null, "school": null, "name:etymology:wikidata": null, "addr:state": null, "addr:suburb": null, "alt_name": null, "surface": null, "height": null, "building:part": null, "species:en": null, "level": null, "name:mr": null, "short_name": null, "start_date": null, "name:fr": null, "layer": null, "ele": null, "type": null }, "geometry": { "type": "Point", "coordinates": [ 72.8157382, 19.0086699 ] } },
{ "type": "Feature", "properties": { "element": "node", "id": 7430392503, "amenity": "school", "name": "Worli Naka Upper Primary School-Tamil", "opening_hours": null, "source": null, "tourism": null, "name:ur": null, "addr:city": null, "addr:housenumber": null, "addr:postcode": null, "addr:street": null, "denomination": null, "grades": null, "religion": null, "timing": null, "wikidata": null, "fixme": "does not exist here, nor is this place called Worli Naka", "name:en": null, "operator": null, "website": null, "check_date": "2026-03-20", "description": null, "female": null, "note": null, "phone": null, "isced:level": null, "education": null, "fee": null, "operator:type": null, "addr:country": null, "email": null, "capacity": null, "operator:short": null, "operator:wikidata": null, "addr:district": null, "check_date:opening_hours": null, "name:hi": null, "building": null, "brand": null, "brand:wikidata": null, "landuse": null, "building:levels": null, "wikipedia": null, "amenity_1": null, "school:gender": null, "old_name": null, "wikimedia_commons": null, "addr:housename": null, "ref:IN:UDISE": null, "barrier": null, "school": null, "name:etymology:wikidata": null, "addr:state": null, "addr:suburb": null, "alt_name": null, "surface": null, "height": null, "building:part": null, "species:en": null, "level": null, "name:mr": null, "short_name": null, "start_date": null, "name:fr": null, "layer": null, "ele": null, "type": null }, "geometry": { "type": "Point", "coordinates": [ 72.8285467, 18.9869676 ] } },
{ "type": "Feature", "properties": { "element": "node", "id": 7430392504, "amenity": "school", "name": "KASTURBA GANDHI MUNICIPAL SCHOOL", "opening_hours": null, "source": null, "tourism": null, "name:ur": null, "addr:city": null, "addr:housenumber": null, "addr:postcode": null, "addr:street": null, "denomination": null, "grades": null, "religion": null, "timing": null, "wikidata": null, "fixme": null, "name:en": null, "operator": null, "website": null, "check_date": "2026-03-20", "description": null, "female": null, "note": null, "phone": null, "isced:level": null, "education": null, "fee": null, "operator:type": null, "addr:country": null, "email": null, "capacity": null, "operator:short": null, "operator:wikidata": null, "addr:district": null, "check_date:opening_hours": null, "name:hi": null, "building": null, "brand": null, "brand:wikidata": null, "landuse": null, "building:levels": null, "wikipedia": null, "amenity_1": null, "school:gender": null, "old_name": null, "wikimedia_commons": null, "addr:housename": null, "ref:IN:UDISE": null, "barrier": null, "school": null, "name:etymology:wikidata": null, "addr:state": null, "addr:suburb": null, "alt_name": null, "surface": null, "height": null, "building:part": null, "species:en": null, "level": null, "name:mr": null, "short_name": null, "start_date": null, "name:fr": null, "layer": null, "ele": null, "type": null }, "geometry": { "type": "Point", "coordinates": [ 72.8214434, 18.9956112 ] } },
{ "type": "Feature", "properties": { "element": "node", "id": 7434309486, "amenity": "school", "name": "Kamaladevi Gobindram Tahiliani High School", "opening_hours": null, "source": null, "tourism": null, "name:ur": null, "addr:city": null, "addr:housenumber": null, "addr:postcode": "400013", "addr:street": "Pandurang Budhkar Marg", "denomination": null, "grades": null, "religion": null, "timing": null, "wikidata": null, "fixme": null, "name:en": null, "operator": null, "website": null, "check_date": null, "description": null, "female": null, "note": null, "phone": null, "isced:level": null, "education": null, "fee": null, "operator:type": null, "addr:country": null, "email": null, "capacity": null, "operator:short": null, "operator:wikidata": null, "addr:district": null, "check_date:opening_hours": null, "name:hi": null, "building": null, "brand": null, "brand:wikidata": null, "landuse": null, "building:levels": null, "wikipedia": null, "amenity_1": null, "school:gender": null, "old_name": null, "wikimedia_commons": null, "addr:housename": null, "ref:IN:UDISE": null, "barrier": null, "school": null, "name:etymology:wikidata": null, "addr:state": null, "addr:suburb": null, "alt_name": null, "surface": null, "height": null, "building:part": null, "species:en": null, "level": null, "name:mr": null, "short_name": null, "start_date": null, "name:fr": null, "layer": null, "ele": null, "type": null }, "geometry": { "type": "Point", "coordinates": [ 72.8304056, 19.0058854 ] } },
{ "type": "Feature", "properties": { "element": "node", "id": 7442381761, "amenity": "school", "name": "Pragati School", "opening_hours": null, "source": null, "tourism": null, "name:ur": null, "addr:city": null, "addr:housenumber": null, "addr:postcode": null, "addr:street": "College Lane, MTNL Marg", "denomination": null, "grades": null, "religion": null, "timing": null, "wikidata": null, "fixme": null, "name:en": null, "operator": null, "website": null, "check_date": null, "description": null, "female": null, "note": null, "phone": null, "isced:level": null, "education": null, "fee": null, "operator:type": null, "addr:country": null, "email": null, "capacity": null, "operator:short": null, "operator:wikidata": null, "addr:district": null, "check_date:opening_hours": null, "name:hi": null, "building": null, "brand": null, "brand:wikidata": null, "landuse": null, "building:levels": null, "wikipedia": null, "amenity_1": null, "school:gender": null, "old_name": null, "wikimedia_commons": null, "addr:housename": null, "ref:IN:UDISE": null, "barrier": null, "school": null, "name:etymology:wikidata": null, "addr:state": null, "addr:suburb": null, "alt_name": null, "surface": null, "height": null, "building:part": null, "species:en": null, "level": null, "name:mr": null, "short_name": null, "start_date": null, "name:fr": null, "layer": null, "ele": null, "type": null }, "geometry": { "type": "Point", "coordinates": [ 72.8356824, 19.0209617 ] } },
{ "type": "Feature", "properties": { "element": "node", "id": 7442381773, "amenity": "school", "name": "St. Michaels English Primary School", "opening_hours": null, "source": null, "tourism": null, "name:ur": null, "addr:city": null, "addr:housenumber": null, "addr:postcode": null, "addr:street": "Jamshetji Road", "denomination": null, "grades": null, "religion": null, "timing": null, "wikidata": null, "fixme": null, "name:en": null, "operator": null, "website": null, "check_date": null, "description": null, "female": null, "note": null, "phone": null, "isced:level": null, "education": null, "fee": null, "operator:type": null, "addr:country": null, "email": null, "capacity": null, "operator:short": null, "operator:wikidata": null, "addr:district": null, "check_date:opening_hours": null, "name:hi": null, "building": null, "brand": null, "brand:wikidata": null, "landuse": null, "building:levels": null, "wikipedia": null, "amenity_1": null, "school:gender": null, "old_name": null, "wikimedia_commons": null, "addr:housename": null, "ref:IN:UDISE": null, "barrier": null, "school": null, "name:etymology:wikidata": null, "addr:state": null, "addr:suburb": null, "alt_name": null, "surface": null, "height": null, "building:part": null, "species:en": null, "level": null, "name:mr": null, "short_name": null, "start_date": null, "name:fr": null, "layer": null, "ele": null, "type": null }, "geometry": { "type": "Point", "coordinates": [ 72.8399288, 19.0313861 ] } },
{ "type": "Feature", "properties": { "element": "node", "id": 7442381774, "amenity": "school", "name": "R.C.Mahim Municipal Urdu Primary", "opening_hours": null, "source": null, "tourism": null, "name:ur": null, "addr:city": null, "addr:housenumber": null, "addr:postcode": null, "addr:street": "L.J. Cross Road 2", "denomination": null, "grades": null, "religion": null, "timing": null, "wikidata": null, "fixme": null, "name:en": null, "operator": null, "website": null, "check_date": null, "description": null, "female": null, "note": null, "phone": null, "isced:level": null, "education": null, "fee": null, "operator:type": null, "addr:country": null, "email": null, "capacity": null, "operator:short": null, "operator:wikidata": null, "addr:district": null, "check_date:opening_hours": null, "name:hi": null, "building": null, "brand": null, "brand:wikidata": null, "landuse": null, "building:levels": null, "wikipedia": null, "amenity_1": null, "school:gender": null, "old_name": null, "wikimedia_commons": null, "addr:housename": null, "ref:IN:UDISE": null, "barrier": null, "school": null, "name:etymology:wikidata": null, "addr:state": null, "addr:suburb": null, "alt_name": null, "surface": null, "height": null, "building:part": null, "species:en": null, "level": null, "name:mr": null, "short_name": null, "start_date": null, "name:fr": null, "layer": null, "ele": null, "type": null }, "geometry": { "type": "Point", "coordinates": [ 72.8400202, 19.0295396 ] } },
{ "type": "Feature", "properties": { "element": "node", "id": 7442452600, "amenity": "school", "name": "Shishuvihar Madhyamik Vidhyala", "opening_hours": null, "source": null, "tourism": null, "name:ur": null, "addr:city": null, "addr:housenumber": null, "addr:postcode": null, "addr:street": null, "denomination": null, "grades": null, "religion": null, "timing": null, "wikidata": null, "fixme": null, "name:en": null, "operator": null, "website": null, "check_date": "2026-03-20", "description": null, "female": null, "note": null, "phone": null, "isced:level": "1;2;3", "education": null, "fee": null, "operator:type": null, "addr:country": null, "email": null, "capacity": null, "operator:short": null, "operator:wikidata": null, "addr:district": null, "check_date:opening_hours": null, "name:hi": null, "building": null, "brand": null, "brand:wikidata": null, "landuse": null, "building:levels": null, "wikipedia": null, "amenity_1": null, "school:gender": null, "old_name": null, "wikimedia_commons": null, "addr:housename": null, "ref:IN:UDISE": null, "barrier": null, "school": null, "name:etymology:wikidata": null, "addr:state": null, "addr:suburb": null, "alt_name": null, "surface": null, "height": null, "building:part": null, "species:en": null, "level": null, "name:mr": null, "short_name": null, "start_date": null, "name:fr": null, "layer": null, "ele": null, "type": null }, "geometry": { "type": "Point", "coordinates": [ 72.8477584, 19.0224005 ] } },
{ "type": "Feature", "properties": { "element": "node", "id": 7442452610, "amenity": "school", "name": "Saraswati Mandir School", "opening_hours": null, "source": null, "tourism": null, "name:ur": null, "addr:city": null, "addr:housenumber": null, "addr:postcode": null, "addr:street": null, "denomination": null, "grades": null, "religion": null, "timing": null, "wikidata": null, "fixme": null, "name:en": null, "operator": null, "website": null, "check_date": null, "description": null, "female": null, "note": null, "phone": null, "isced:level": null, "education": null, "fee": null, "operator:type": null, "addr:country": null, "email": null, "capacity": null, "operator:short": null, "operator:wikidata": null, "addr:district": null, "check_date:opening_hours": null, "name:hi": null, "building": null, "brand": null, "brand:wikidata": null, "landuse": null, "building:levels": null, "wikipedia": null, "amenity_1": null, "school:gender": null, "old_name": null, "wikimedia_commons": null, "addr:housename": null, "ref:IN:UDISE": null, "barrier": null, "school": null, "name:etymology:wikidata": null, "addr:state": null, "addr:suburb": null, "alt_name": null, "surface": null, "height": null, "building:part": null, "species:en": null, "level": null, "name:mr": null, "short_name": null, "start_date": null, "name:fr": null, "layer": null, "ele": null, "type": null }, "geometry": { "type": "Point", "coordinates": [ 72.8481813, 19.0200022 ] } },
{ "type": "Feature", "properties": { "element": "node", "id": 7442452611, "amenity": "school", "name": "Patkar Guruji Vidyalaya", "opening_hours": null, "source": null, "tourism": null, "name:ur": null, "addr:city": null, "addr:housenumber": null, "addr:postcode": null, "addr:street": null, "denomination": null, "grades": null, "religion": null, "timing": null, "wikidata": null, "fixme": null, "name:en": null, "operator": null, "website": null, "check_date": null, "description": null, "female": null, "note": null, "phone": null, "isced:level": "1", "education": "school", "fee": "yes", "operator:type": null, "addr:country": null, "email": null, "capacity": null, "operator:short": null, "operator:wikidata": null, "addr:district": null, "check_date:opening_hours": null, "name:hi": null, "building": null, "brand": null, "brand:wikidata": null, "landuse": null, "building:levels": null, "wikipedia": null, "amenity_1": null, "school:gender": null, "old_name": null, "wikimedia_commons": null, "addr:housename": null, "ref:IN:UDISE": null, "barrier": null, "school": null, "name:etymology:wikidata": null, "addr:state": null, "addr:suburb": null, "alt_name": null, "surface": null, "height": null, "building:part": null, "species:en": null, "level": null, "name:mr": null, "short_name": null, "start_date": null, "name:fr": null, "layer": null, "ele": null, "type": null }, "geometry": { "type": "Point", "coordinates": [ 72.8487774, 19.0206415 ] } },
{ "type": "Feature", "properties": { "element": "node", "id": 7453717287, "amenity": "school", "name": "Kranti Singh Nana Patil Vidyalaya", "opening_hours": null, "source": null, "tourism": null, "name:ur": null, "addr:city": null, "addr:housenumber": null, "addr:postcode": null, "addr:street": null, "denomination": null, "grades": null, "religion": null, "timing": null, "wikidata": null, "fixme": null, "name:en": null, "operator": null, "website": null, "check_date": null, "description": null, "female": null, "note": null, "phone": null, "isced:level": null, "education": null, "fee": null, "operator:type": null, "addr:country": null, "email": null, "capacity": null, "operator:short": null, "operator:wikidata": null, "addr:district": null, "check_date:opening_hours": null, "name:hi": null, "building": null, "brand": null, "brand:wikidata": null, "landuse": null, "building:levels": null, "wikipedia": null, "amenity_1": null, "school:gender": null, "old_name": null, "wikimedia_commons": null, "addr:housename": null, "ref:IN:UDISE": null, "barrier": null, "school": null, "name:etymology:wikidata": null, "addr:state": null, "addr:suburb": null, "alt_name": null, "surface": null, "height": null, "building:part": null, "species:en": null, "level": null, "name:mr": null, "short_name": null, "start_date": null, "name:fr": null, "layer": null, "ele": null, "type": null }, "geometry": { "type": "Point", "coordinates": [ 72.8480814, 19.0108269 ] } },
{ "type": "Feature", "properties": { "element": "node", "id": 7453717309, "amenity": "school", "name": "Matunga Labour Camp Upper Primary Marathi School", "opening_hours": null, "source": null, "tourism": null, "name:ur": null, "addr:city": null, "addr:housenumber": null, "addr:postcode": null, "addr:street": null, "denomination": null, "grades": null, "religion": null, "timing": null, "wikidata": null, "fixme": null, "name:en": null, "operator": null, "website": null, "check_date": null, "description": null, "female": null, "note": null, "phone": null, "isced:level": null, "education": null, "fee": null, "operator:type": null, "addr:country": null, "email": null, "capacity": null, "operator:short": null, "operator:wikidata": null, "addr:district": null, "check_date:opening_hours": null, "name:hi": null, "building": null, "brand": null, "brand:wikidata": null, "landuse": null, "building:levels": null, "wikipedia": null, "amenity_1": null, "school:gender": null, "old_name": null, "wikimedia_commons": null, "addr:housename": null, "ref:IN:UDISE": null, "barrier": null, "school": null, "name:etymology:wikidata": null, "addr:state": null, "addr:suburb": null, "alt_name": null, "surface": null, "height": null, "building:part": null, "species:en": null, "level": null, "name:mr": null, "short_name": null, "start_date": null, "name:fr": null, "layer": null, "ele": null, "type": null }, "geometry": { "type": "Point", "coordinates": [ 72.8527661, 19.0358812 ] } },
{ "type": "Feature", "properties": { "element": "node", "id": 7453717329, "amenity": "school", "name": "Shree Amulakh Amichand Bhimji Vividhlakshi Vidyalaya", "opening_hours": null, "source": null, "tourism": null, "name:ur": null, "addr:city": null, "addr:housenumber": null, "addr:postcode": null, "addr:street": null, "denomination": null, "grades": null, "religion": null, "timing": null, "wikidata": null, "fixme": null, "name:en": null, "operator": null, "website": null, "check_date": null, "description": null, "female": null, "note": null, "phone": null, "isced:level": null, "education": null, "fee": null, "operator:type": null, "addr:country": null, "email": null, "capacity": null, "operator:short": null, "operator:wikidata": null, "addr:district": null, "check_date:opening_hours": null, "name:hi": null, "building": null, "brand": null, "brand:wikidata": null, "landuse": null, "building:levels": null, "wikipedia": null, "amenity_1": null, "school:gender": null, "old_name": null, "wikimedia_commons": null, "addr:housename": null, "ref:IN:UDISE": null, "barrier": null, "school": null, "name:etymology:wikidata": null, "addr:state": null, "addr:suburb": null, "alt_name": null, "surface": null, "height": null, "building:part": null, "species:en": null, "level": null, "name:mr": null, "short_name": null, "start_date": null, "name:fr": null, "layer": null, "ele": null, "type": null }, "geometry": { "type": "Point", "coordinates": [ 72.8602496, 19.0270588 ] } },
{ "type": "Feature", "properties": { "element": "node", "id": 7453717330, "amenity": "school", "name": "I.H.Bhatia English Primary School", "opening_hours": null, "source": null, "tourism": null, "name:ur": null, "addr:city": null, "addr:housenumber": null, "addr:postcode": null, "addr:street": null, "denomination": null, "grades": null, "religion": null, "timing": null, "wikidata": null, "fixme": null, "name:en": null, "operator": null, "website": null, "check_date": null, "description": null, "female": null, "note": null, "phone": null, "isced:level": null, "education": null, "fee": null, "operator:type": null, "addr:country": null, "email": null, "capacity": null, "operator:short": null, "operator:wikidata": null, "addr:district": null, "check_date:opening_hours": null, "name:hi": null, "building": null, "brand": null, "brand:wikidata": null, "landuse": null, "building:levels": null, "wikipedia": null, "amenity_1": null, "school:gender": null, "old_name": null, "wikimedia_commons": null, "addr:housename": null, "ref:IN:UDISE": null, "barrier": null, "school": null, "name:etymology:wikidata": null, "addr:state": null, "addr:suburb": null, "alt_name": null, "surface": null, "height": null, "building:part": null, "species:en": null, "level": null, "name:mr": null, "short_name": null, "start_date": null, "name:fr": null, "layer": null, "ele": null, "type": null }, "geometry": { "type": "Point", "coordinates": [ 72.8604438, 19.0263438 ] } },
{ "type": "Feature", "properties": { "element": "node", "id": 7463765598, "amenity": "school", "name": "Sir Sayyad English High School", "opening_hours": null, "source": null, "tourism": null, "name:ur": null, "addr:city": null, "addr:housenumber": "VN Purav Rd, Dhobi Ghat, Pailipada, Trombay, Mumbai, Maharashtra 400088", "addr:postcode": null, "addr:street": null, "denomination": null, "grades": null, "religion": null, "timing": null, "wikidata": null, "fixme": null, "name:en": null, "operator": null, "website": null, "check_date": null, "description": null, "female": null, "note": null, "phone": null, "isced:level": null, "education": null, "fee": null, "operator:type": null, "addr:country": null, "email": null, "capacity": null, "operator:short": null, "operator:wikidata": null, "addr:district": null, "check_date:opening_hours": null, "name:hi": null, "building": null, "brand": null, "brand:wikidata": null, "landuse": null, "building:levels": null, "wikipedia": null, "amenity_1": null, "school:gender": null, "old_name": null, "wikimedia_commons": null, "addr:housename": null, "ref:IN:UDISE": null, "barrier": null, "school": null, "name:etymology:wikidata": null, "addr:state": null, "addr:suburb": null, "alt_name": null, "surface": null, "height": null, "building:part": null, "species:en": null, "level": null, "name:mr": null, "short_name": null, "start_date": null, "name:fr": null, "layer": null, "ele": null, "type": null }, "geometry": { "type": "Point", "coordinates": [ 72.9456677, 19.0366365 ] } },
{ "type": "Feature", "properties": { "element": "node", "id": 7463765602, "amenity": "school", "name": "Crescent High School", "opening_hours": null, "source": null, "tourism": null, "name:ur": null, "addr:city": null, "addr:housenumber": "B R Patil Marg, Pailipada, Trombay, Mumbai, Maharashtra 400088", "addr:postcode": null, "addr:street": null, "denomination": null, "grades": null, "religion": null, "timing": null, "wikidata": null, "fixme": null, "name:en": null, "operator": null, "website": null, "check_date": null, "description": null, "female": null, "note": null, "phone": null, "isced:level": null, "education": null, "fee": null, "operator:type": null, "addr:country": null, "email": null, "capacity": null, "operator:short": null, "operator:wikidata": null, "addr:district": null, "check_date:opening_hours": null, "name:hi": null, "building": null, "brand": null, "brand:wikidata": null, "landuse": null, "building:levels": null, "wikipedia": null, "amenity_1": null, "school:gender": null, "old_name": null, "wikimedia_commons": null, "addr:housename": null, "ref:IN:UDISE": null, "barrier": null, "school": null, "name:etymology:wikidata": null, "addr:state": null, "addr:suburb": null, "alt_name": null, "surface": null, "height": null, "building:part": null, "species:en": null, "level": null, "name:mr": null, "short_name": null, "start_date": null, "name:fr": null, "layer": null, "ele": null, "type": null }, "geometry": { "type": "Point", "coordinates": [ 72.9456677, 19.0355691 ] } },
{ "type": "Feature", "properties": { "element": "node", "id": 7463765603, "amenity": "school", "name": "Vivekanand English High School", "opening_hours": null, "source": null, "tourism": null, "name:ur": null, "addr:city": null, "addr:housenumber": "Pailipada, Trombay, Mumbai, Maharashtra 400088", "addr:postcode": null, "addr:street": null, "denomination": null, "grades": null, "religion": null, "timing": null, "wikidata": null, "fixme": null, "name:en": null, "operator": null, "website": null, "check_date": null, "description": null, "female": null, "note": null, "phone": null, "isced:level": null, "education": null, "fee": null, "operator:type": null, "addr:country": null, "email": null, "capacity": null, "operator:short": null, "operator:wikidata": null, "addr:district": null, "check_date:opening_hours": null, "name:hi": null, "building": null, "brand": null, "brand:wikidata": null, "landuse": null, "building:levels": null, "wikipedia": null, "amenity_1": null, "school:gender": null, "old_name": null, "wikimedia_commons": null, "addr:housename": null, "ref:IN:UDISE": null, "barrier": null, "school": null, "name:etymology:wikidata": null, "addr:state": null, "addr:suburb": null, "alt_name": null, "surface": null, "height": null, "building:part": null, "species:en": null, "level": null, "name:mr": null, "short_name": null, "start_date": null, "name:fr": null, "layer": null, "ele": null, "type": null }, "geometry": { "type": "Point", "coordinates": [ 72.9441845, 19.0344233 ] } },
{ "type": "Feature", "properties": { "element": "node", "id": 7463765609, "amenity": "school", "name": "Trombay Municipal Marathi School", "opening_hours": null, "source": null, "tourism": null, "name:ur": null, "addr:city": null, "addr:housenumber": null, "addr:postcode": null, "addr:street": null, "denomination": null, "grades": null, "religion": null, "timing": null, "wikidata": null, "fixme": null, "name:en": null, "operator": null, "website": null, "check_date": null, "description": null, "female": null, "note": null, "phone": null, "isced:level": null, "education": null, "fee": null, "operator:type": null, "addr:country": null, "email": null, "capacity": null, "operator:short": null, "operator:wikidata": null, "addr:district": null, "check_date:opening_hours": null, "name:hi": null, "building": null, "brand": null, "brand:wikidata": null, "landuse": null, "building:levels": null, "wikipedia": null, "amenity_1": null, "school:gender": null, "old_name": null, "wikimedia_commons": null, "addr:housename": null, "ref:IN:UDISE": null, "barrier": null, "school": null, "name:etymology:wikidata": null, "addr:state": null, "addr:suburb": null, "alt_name": null, "surface": null, "height": null, "building:part": null, "species:en": null, "level": null, "name:mr": null, "short_name": null, "start_date": null, "name:fr": null, "layer": null, "ele": null, "type": null }, "geometry": { "type": "Point", "coordinates": [ 72.9493518, 19.0338443 ] } },
{ "type": "Feature", "properties": { "element": "node", "id": 7463765611, "amenity": "school", "name": "Fazlani Star English High School and Junior College", "opening_hours": null, "source": null, "tourism": null, "name:ur": null, "addr:city": null, "addr:housenumber": "Cheeta Camp, Trombay, Mumbai, Maharashtra 400088", "addr:postcode": null, "addr:street": null, "denomination": null, "grades": null, "religion": null, "timing": null, "wikidata": null, "fixme": null, "name:en": null, "operator": null, "website": null, "check_date": null, "description": null, "female": null, "note": null, "phone": null, "isced:level": null, "education": null, "fee": null, "operator:type": null, "addr:country": null, "email": null, "capacity": null, "operator:short": null, "operator:wikidata": null, "addr:district": null, "check_date:opening_hours": null, "name:hi": null, "building": null, "brand": null, "brand:wikidata": null, "landuse": null, "building:levels": null, "wikipedia": null, "amenity_1": null, "school:gender": null, "old_name": null, "wikimedia_commons": null, "addr:housename": null, "ref:IN:UDISE": null, "barrier": null, "school": null, "name:etymology:wikidata": null, "addr:state": null, "addr:suburb": null, "alt_name": null, "surface": null, "height": null, "building:part": null, "species:en": null, "level": null, "name:mr": null, "short_name": null, "start_date": null, "name:fr": null, "layer": null, "ele": null, "type": null }, "geometry": { "type": "Point", "coordinates": [ 72.951103, 19.0378275 ] } },
{ "type": "Feature", "properties": { "element": "node", "id": 7463765612, "amenity": "school", "name": "Trombay Public High School", "opening_hours": null, "source": null, "tourism": null, "name:ur": null, "addr:city": null, "addr:housenumber": null, "addr:postcode": null, "addr:street": null, "denomination": null, "grades": null, "religion": null, "timing": null, "wikidata": null, "fixme": null, "name:en": null, "operator": null, "website": null, "check_date": null, "description": null, "female": null, "note": null, "phone": null, "isced:level": null, "education": null, "fee": null, "operator:type": null, "addr:country": null, "email": null, "capacity": null, "operator:short": null, "operator:wikidata": null, "addr:district": null, "check_date:opening_hours": null, "name:hi": null, "building": null, "brand": null, "brand:wikidata": null, "landuse": null, "building:levels": null, "wikipedia": null, "amenity_1": null, "school:gender": null, "old_name": null, "wikimedia_commons": null, "addr:housename": null, "ref:IN:UDISE": null, "barrier": null, "school": null, "name:etymology:wikidata": null, "addr:state": null, "addr:suburb": null, "alt_name": null, "surface": null, "height": null, "building:part": null, "species:en": null, "level": null, "name:mr": null, "short_name": null, "start_date": null, "name:fr": null, "layer": null, "ele": null, "type": null }, "geometry": { "type": "Point", "coordinates": [ 72.948564, 19.0406739 ] } },
{ "type": "Feature", "properties": { "element": "node", "id": 7484386953, "amenity": "school", "name": "Rustomjee Cambridge International school", "opening_hours": null, "source": null, "tourism": null, "name:ur": null, "addr:city": "MUMBAI", "addr:housenumber": null, "addr:postcode": "400092", "addr:street": "Jayavant Sawant Road", "denomination": null, "grades": null, "religion": null, "timing": null, "wikidata": null, "fixme": null, "name:en": null, "operator": "RUSTOM IRANI", "website": null, "check_date": null, "description": null, "female": null, "note": null, "phone": null, "isced:level": null, "education": null, "fee": null, "operator:type": "private", "addr:country": null, "email": null, "capacity": null, "operator:short": null, "operator:wikidata": null, "addr:district": null, "check_date:opening_hours": null, "name:hi": null, "building": null, "brand": null, "brand:wikidata": null, "landuse": null, "building:levels": null, "wikipedia": null, "amenity_1": null, "school:gender": null, "old_name": null, "wikimedia_commons": null, "addr:housename": null, "ref:IN:UDISE": null, "barrier": null, "school": null, "name:etymology:wikidata": null, "addr:state": null, "addr:suburb": null, "alt_name": null, "surface": null, "height": null, "building:part": null, "species:en": null, "level": null, "name:mr": null, "short_name": null, "start_date": null, "name:fr": null, "layer": null, "ele": null, "type": null }, "geometry": { "type": "Point", "coordinates": [ 72.8572424, 19.2433962 ] } },
{ "type": "Feature", "properties": { "element": "node", "id": 7896696885, "amenity": "school", "name": "Orchids The International School, Kurla", "opening_hours": "Mo-Su 09:00-18:30", "source": null, "tourism": null, "name:ur": null, "addr:city": "Mumbai", "addr:housenumber": null, "addr:postcode": "400070", "addr:street": "S G Barve Marg, Kurla West", "denomination": null, "grades": null, "religion": null, "timing": null, "wikidata": null, "fixme": null, "name:en": "Orchids The International School, Kurla", "operator": "Orchids The International School", "website": "https://www.orchidsinternationalschool.com/mumbai-branches/kurla/", "check_date": null, "description": "education from Nursery to Class 10", "female": null, "note": null, "phone": "9513923100", "isced:level": null, "education": null, "fee": null, "operator:type": "private", "addr:country": "IN", "email": "communications.oisk@orchids.edu.in", "capacity": null, "operator:short": null, "operator:wikidata": null, "addr:district": null, "check_date:opening_hours": null, "name:hi": null, "building": null, "brand": null, "brand:wikidata": null, "landuse": null, "building:levels": null, "wikipedia": null, "amenity_1": null, "school:gender": null, "old_name": null, "wikimedia_commons": null, "addr:housename": null, "ref:IN:UDISE": null, "barrier": null, "school": null, "name:etymology:wikidata": null, "addr:state": null, "addr:suburb": null, "alt_name": null, "surface": null, "height": null, "building:part": null, "species:en": null, "level": null, "name:mr": null, "short_name": null, "start_date": null, "name:fr": null, "layer": null, "ele": null, "type": null }, "geometry": { "type": "Point", "coordinates": [ 72.8791177, 19.0678395 ] } },
{ "type": "Feature", "properties": { "element": "node", "id": 7907742485, "amenity": "school", "name": null, "opening_hours": "Mo-Su 09:00-18:30", "source": null, "tourism": null, "name:ur": null, "addr:city": "Mumbai", "addr:housenumber": null, "addr:postcode": "400064", "addr:street": "Marve Road, Orlem, Malad West", "denomination": null, "grades": null, "religion": null, "timing": null, "wikidata": null, "fixme": null, "name:en": "Orchids The International School, Malad", "operator": "Orchids International School", "website": "https://www.orchidsinternationalschool.com/mumbai-branches/malad/", "check_date": null, "description": null, "female": null, "note": null, "phone": "9513731352", "isced:level": null, "education": null, "fee": null, "operator:type": null, "addr:country": null, "email": "communications.oismld@orchids.edu.in", "capacity": null, "operator:short": null, "operator:wikidata": null, "addr:district": null, "check_date:opening_hours": null, "name:hi": null, "building": null, "brand": null, "brand:wikidata": null, "landuse": null, "building:levels": null, "wikipedia": null, "amenity_1": null, "school:gender": null, "old_name": null, "wikimedia_commons": null, "addr:housename": null, "ref:IN:UDISE": null, "barrier": null, "school": null, "name:etymology:wikidata": null, "addr:state": null, "addr:suburb": null, "alt_name": null, "surface": null, "height": null, "building:part": null, "species:en": null, "level": null, "name:mr": null, "short_name": null, "start_date": null, "name:fr": null, "layer": null, "ele": null, "type": null }, "geometry": { "type": "Point", "coordinates": [ 72.8409231, 19.1938402 ] } },
{ "type": "Feature", "properties": { "element": "node", "id": 7908283986, "amenity": "school", "name": null, "opening_hours": "Mo-Su 09:00-18:30", "source": null, "tourism": null, "name:ur": null, "addr:city": null, "addr:housenumber": "#3/3A", "addr:postcode": "400092", "addr:street": "Shimpoli Road, Borivali West", "denomination": null, "grades": null, "religion": null, "timing": null, "wikidata": null, "fixme": null, "name:en": "Orchids The International School, Borivali", "operator": "Orchids International School", "website": "https://www.orchidsinternationalschool.com/mumbai-branches/borivali/", "check_date": null, "description": null, "female": null, "note": null, "phone": "9513922803", "isced:level": null, "education": null, "fee": null, "operator:type": null, "addr:country": null, "email": "communications.oisbv@orchids.edu.in", "capacity": null, "operator:short": null, "operator:wikidata": null, "addr:district": null, "check_date:opening_hours": null, "name:hi": null, "building": null, "brand": null, "brand:wikidata": null, "landuse": null, "building:levels": null, "wikipedia": null, "amenity_1": null, "school:gender": null, "old_name": null, "wikimedia_commons": null, "addr:housename": null, "ref:IN:UDISE": null, "barrier": null, "school": null, "name:etymology:wikidata": null, "addr:state": null, "addr:suburb": null, "alt_name": null, "surface": null, "height": null, "building:part": null, "species:en": null, "level": null, "name:mr": null, "short_name": null, "start_date": null, "name:fr": null, "layer": null, "ele": null, "type": null }, "geometry": { "type": "Point", "coordinates": [ 72.8346084, 19.2272544 ] } },
{ "type": "Feature", "properties": { "element": "node", "id": 7912349790, "amenity": "school", "name": null, "opening_hours": "Mo-Su 09:00-18:30", "source": null, "tourism": null, "name:ur": null, "addr:city": null, "addr:housenumber": "4 - 83", "addr:postcode": "400083", "addr:street": "SM Mandir Marg, Rajiv Gandhi Nagar, Vikhroli", "denomination": null, "grades": null, "religion": null, "timing": null, "wikidata": null, "fixme": null, "name:en": "Orchids The International School, Vikhroli", "operator": "Orchids International School", "website": "https://www.orchidsinternationalschool.com/mumbai-branches/vikhroli/", "check_date": null, "description": null, "female": null, "note": null, "phone": "9513731352", "isced:level": null, "education": null, "fee": null, "operator:type": null, "addr:country": null, "email": "communications.oisvkh@orchids.edu.in", "capacity": null, "operator:short": null, "operator:wikidata": null, "addr:district": null, "check_date:opening_hours": null, "name:hi": null, "building": null, "brand": null, "brand:wikidata": null, "landuse": null, "building:levels": null, "wikipedia": null, "amenity_1": null, "school:gender": null, "old_name": null, "wikimedia_commons": null, "addr:housename": null, "ref:IN:UDISE": null, "barrier": null, "school": null, "name:etymology:wikidata": null, "addr:state": null, "addr:suburb": null, "alt_name": null, "surface": null, "height": null, "building:part": null, "species:en": null, "level": null, "name:mr": null, "short_name": null, "start_date": null, "name:fr": null, "layer": null, "ele": null, "type": null }, "geometry": { "type": "Point", "coordinates": [ 72.9308431, 19.1210633 ] } },
{ "type": "Feature", "properties": { "element": "node", "id": 7912405385, "amenity": "school", "name": null, "opening_hours": "Mo-Su 09:00-18:30", "source": null, "tourism": null, "name:ur": null, "addr:city": null, "addr:housenumber": "#84", "addr:postcode": "400009", "addr:street": "C.V.O.D. Jain Pathshala, SVP Road, Samuel Street (PalaGaly), Masjid Bunder", "denomination": null, "grades": null, "religion": null, "timing": null, "wikidata": null, "fixme": null, "name:en": "Orchids The International School, Masjid Bunder", "operator": "Orchids International School", "website": "https://www.orchidsinternationalschool.com/mumbai-branches/masjid-bunder/", "check_date": null, "description": null, "female": null, "note": null, "phone": "9513731352", "isced:level": null, "education": null, "fee": null, "operator:type": null, "addr:country": null, "email": "communications.oisp@orchids.edu.in", "capacity": null, "operator:short": null, "operator:wikidata": null, "addr:district": null, "check_date:opening_hours": null, "name:hi": null, "building": null, "brand": null, "brand:wikidata": null, "landuse": null, "building:levels": null, "wikipedia": null, "amenity_1": null, "school:gender": null, "old_name": null, "wikimedia_commons": null, "addr:housename": null, "ref:IN:UDISE": null, "barrier": null, "school": null, "name:etymology:wikidata": null, "addr:state": null, "addr:suburb": null, "alt_name": null, "surface": null, "height": null, "building:part": null, "species:en": null, "level": null, "name:mr": null, "short_name": null, "start_date": null, "name:fr": null, "layer": null, "ele": null, "type": null }, "geometry": { "type": "Point", "coordinates": [ 72.8366214, 18.9562488 ] } },
{ "type": "Feature", "properties": { "element": "node", "id": 8100020840, "amenity": "school", "name": "St. Charles Girls' High chool, ground", "opening_hours": null, "source": null, "tourism": null, "name:ur": null, "addr:city": null, "addr:housenumber": null, "addr:postcode": null, "addr:street": null, "denomination": "catholic", "grades": null, "religion": "christian", "timing": null, "wikidata": null, "fixme": null, "name:en": null, "operator": null, "website": null, "check_date": "2026-03-21", "description": null, "female": null, "note": null, "phone": null, "isced:level": null, "education": null, "fee": null, "operator:type": null, "addr:country": null, "email": null, "capacity": null, "operator:short": null, "operator:wikidata": null, "addr:district": null, "check_date:opening_hours": null, "name:hi": null, "building": null, "brand": null, "brand:wikidata": null, "landuse": null, "building:levels": null, "wikipedia": null, "amenity_1": null, "school:gender": null, "old_name": null, "wikimedia_commons": null, "addr:housename": null, "ref:IN:UDISE": null, "barrier": null, "school": null, "name:etymology:wikidata": null, "addr:state": null, "addr:suburb": null, "alt_name": null, "surface": null, "height": null, "building:part": null, "species:en": null, "level": null, "name:mr": null, "short_name": null, "start_date": null, "name:fr": null, "layer": null, "ele": null, "type": null }, "geometry": { "type": "Point", "coordinates": [ 72.855288, 19.0803065 ] } },
{ "type": "Feature", "properties": { "element": "node", "id": 9055069383, "amenity": "school", "name": "Prabhadevi Municipal School", "opening_hours": null, "source": null, "tourism": null, "name:ur": null, "addr:city": null, "addr:housenumber": null, "addr:postcode": null, "addr:street": null, "denomination": null, "grades": null, "religion": null, "timing": null, "wikidata": null, "fixme": null, "name:en": null, "operator": null, "website": null, "check_date": null, "description": null, "female": null, "note": null, "phone": null, "isced:level": null, "education": null, "fee": null, "operator:type": null, "addr:country": null, "email": null, "capacity": null, "operator:short": null, "operator:wikidata": null, "addr:district": null, "check_date:opening_hours": null, "name:hi": null, "building": null, "brand": null, "brand:wikidata": null, "landuse": null, "building:levels": null, "wikipedia": null, "amenity_1": null, "school:gender": null, "old_name": null, "wikimedia_commons": null, "addr:housename": null, "ref:IN:UDISE": null, "barrier": null, "school": null, "name:etymology:wikidata": null, "addr:state": null, "addr:suburb": null, "alt_name": null, "surface": null, "height": null, "building:part": null, "species:en": null, "level": null, "name:mr": null, "short_name": null, "start_date": null, "name:fr": null, "layer": null, "ele": null, "type": null }, "geometry": { "type": "Point", "coordinates": [ 72.828683, 19.0108648 ] } },
{ "type": "Feature", "properties": { "element": "node", "id": 9055082839, "amenity": "school", "name": "Guru Nank English High School", "opening_hours": null, "source": null, "tourism": null, "name:ur": null, "addr:city": null, "addr:housenumber": null, "addr:postcode": null, "addr:street": null, "denomination": null, "grades": null, "religion": null, "timing": null, "wikidata": null, "fixme": null, "name:en": null, "operator": null, "website": null, "check_date": "2026-03-20", "description": null, "female": null, "note": null, "phone": null, "isced:level": null, "education": null, "fee": null, "operator:type": null, "addr:country": null, "email": null, "capacity": null, "operator:short": null, "operator:wikidata": null, "addr:district": null, "check_date:opening_hours": null, "name:hi": null, "building": null, "brand": null, "brand:wikidata": null, "landuse": null, "building:levels": null, "wikipedia": null, "amenity_1": null, "school:gender": null, "old_name": null, "wikimedia_commons": null, "addr:housename": null, "ref:IN:UDISE": null, "barrier": null, "school": null, "name:etymology:wikidata": null, "addr:state": null, "addr:suburb": null, "alt_name": null, "surface": null, "height": null, "building:part": null, "species:en": null, "level": null, "name:mr": null, "short_name": null, "start_date": null, "name:fr": null, "layer": null, "ele": null, "type": null }, "geometry": { "type": "Point", "coordinates": [ 72.8446515, 19.0124003 ] } },
{ "type": "Feature", "properties": { "element": "node", "id": 9056958182, "amenity": "school", "name": "The Blossom English Primary School", "opening_hours": null, "source": null, "tourism": null, "name:ur": null, "addr:city": null, "addr:housenumber": null, "addr:postcode": null, "addr:street": null, "denomination": null, "grades": null, "religion": null, "timing": null, "wikidata": null, "fixme": null, "name:en": null, "operator": null, "website": null, "check_date": null, "description": null, "female": null, "note": null, "phone": null, "isced:level": "1", "education": null, "fee": null, "operator:type": null, "addr:country": null, "email": null, "capacity": null, "operator:short": null, "operator:wikidata": null, "addr:district": null, "check_date:opening_hours": null, "name:hi": null, "building": null, "brand": null, "brand:wikidata": null, "landuse": null, "building:levels": null, "wikipedia": null, "amenity_1": null, "school:gender": null, "old_name": null, "wikimedia_commons": null, "addr:housename": null, "ref:IN:UDISE": null, "barrier": null, "school": null, "name:etymology:wikidata": null, "addr:state": null, "addr:suburb": null, "alt_name": null, "surface": null, "height": null, "building:part": null, "species:en": null, "level": null, "name:mr": null, "short_name": null, "start_date": null, "name:fr": null, "layer": null, "ele": null, "type": null }, "geometry": { "type": "Point", "coordinates": [ 72.8280567, 18.938294 ] } },
{ "type": "Feature", "properties": { "element": "node", "id": 9060641466, "amenity": "school", "name": "Bhausaheb Hiray Vidyalaya", "opening_hours": null, "source": null, "tourism": null, "name:ur": null, "addr:city": null, "addr:housenumber": null, "addr:postcode": null, "addr:street": null, "denomination": null, "grades": null, "religion": null, "timing": null, "wikidata": null, "fixme": null, "name:en": null, "operator": null, "website": null, "check_date": null, "description": null, "female": null, "note": null, "phone": null, "isced:level": null, "education": null, "fee": null, "operator:type": null, "addr:country": null, "email": null, "capacity": null, "operator:short": null, "operator:wikidata": null, "addr:district": null, "check_date:opening_hours": null, "name:hi": null, "building": null, "brand": null, "brand:wikidata": null, "landuse": null, "building:levels": null, "wikipedia": null, "amenity_1": null, "school:gender": null, "old_name": null, "wikimedia_commons": null, "addr:housename": null, "ref:IN:UDISE": null, "barrier": null, "school": null, "name:etymology:wikidata": null, "addr:state": null, "addr:suburb": null, "alt_name": null, "surface": null, "height": null, "building:part": null, "species:en": null, "level": null, "name:mr": null, "short_name": null, "start_date": null, "name:fr": null, "layer": null, "ele": null, "type": null }, "geometry": { "type": "Point", "coordinates": [ 72.812634, 18.973182 ] } },
{ "type": "Feature", "properties": { "element": "node", "id": 9060840937, "amenity": "school", "name": "VLN High School", "opening_hours": null, "source": null, "tourism": null, "name:ur": null, "addr:city": null, "addr:housenumber": null, "addr:postcode": null, "addr:street": null, "denomination": null, "grades": null, "religion": null, "timing": null, "wikidata": null, "fixme": null, "name:en": null, "operator": null, "website": null, "check_date": null, "description": null, "female": null, "note": null, "phone": null, "isced:level": null, "education": null, "fee": null, "operator:type": null, "addr:country": null, "email": null, "capacity": null, "operator:short": null, "operator:wikidata": null, "addr:district": null, "check_date:opening_hours": null, "name:hi": null, "building": null, "brand": null, "brand:wikidata": null, "landuse": null, "building:levels": null, "wikipedia": null, "amenity_1": null, "school:gender": null, "old_name": null, "wikimedia_commons": null, "addr:housename": null, "ref:IN:UDISE": null, "barrier": null, "school": null, "name:etymology:wikidata": null, "addr:state": null, "addr:suburb": null, "alt_name": null, "surface": null, "height": null, "building:part": null, "species:en": null, "level": null, "name:mr": null, "short_name": null, "start_date": null, "name:fr": null, "layer": null, "ele": null, "type": null }, "geometry": { "type": "Point", "coordinates": [ 72.8347508, 18.9868553 ] } },
{ "type": "Feature", "properties": { "element": "node", "id": 9116487322, "amenity": "school", "name": null, "opening_hours": null, "source": null, "tourism": null, "name:ur": null, "addr:city": null, "addr:housenumber": null, "addr:postcode": null, "addr:street": null, "denomination": null, "grades": null, "religion": null, "timing": null, "wikidata": null, "fixme": null, "name:en": null, "operator": null, "website": null, "check_date": null, "description": null, "female": null, "note": null, "phone": null, "isced:level": null, "education": null, "fee": null, "operator:type": "religious", "addr:country": null, "email": null, "capacity": null, "operator:short": null, "operator:wikidata": null, "addr:district": null, "check_date:opening_hours": null, "name:hi": null, "building": null, "brand": null, "brand:wikidata": null, "landuse": null, "building:levels": null, "wikipedia": null, "amenity_1": null, "school:gender": null, "old_name": null, "wikimedia_commons": null, "addr:housename": null, "ref:IN:UDISE": null, "barrier": null, "school": null, "name:etymology:wikidata": null, "addr:state": null, "addr:suburb": null, "alt_name": null, "surface": null, "height": null, "building:part": null, "species:en": null, "level": null, "name:mr": null, "short_name": null, "start_date": null, "name:fr": null, "layer": null, "ele": null, "type": null }, "geometry": { "type": "Point", "coordinates": [ 72.82408, 19.127313 ] } },
{ "type": "Feature", "properties": { "element": "node", "id": 9300003145, "amenity": "school", "name": "Rims Internation School", "opening_hours": null, "source": null, "tourism": null, "name:ur": null, "addr:city": null, "addr:housenumber": null, "addr:postcode": null, "addr:street": null, "denomination": null, "grades": null, "religion": null, "timing": null, "wikidata": null, "fixme": null, "name:en": null, "operator": "private", "website": null, "check_date": null, "description": null, "female": null, "note": null, "phone": null, "isced:level": null, "education": null, "fee": null, "operator:type": "private", "addr:country": null, "email": null, "capacity": null, "operator:short": null, "operator:wikidata": null, "addr:district": null, "check_date:opening_hours": null, "name:hi": null, "building": null, "brand": null, "brand:wikidata": null, "landuse": null, "building:levels": null, "wikipedia": null, "amenity_1": null, "school:gender": null, "old_name": null, "wikimedia_commons": null, "addr:housename": null, "ref:IN:UDISE": null, "barrier": null, "school": null, "name:etymology:wikidata": null, "addr:state": null, "addr:suburb": null, "alt_name": null, "surface": null, "height": null, "building:part": null, "species:en": null, "level": null, "name:mr": null, "short_name": null, "start_date": null, "name:fr": null, "layer": null, "ele": null, "type": null }, "geometry": { "type": "Point", "coordinates": [ 72.8297934, 19.1515079 ] } },
{ "type": "Feature", "properties": { "element": "node", "id": 9300003146, "amenity": "school", "name": "HVPS College", "opening_hours": null, "source": null, "tourism": null, "name:ur": null, "addr:city": null, "addr:housenumber": null, "addr:postcode": null, "addr:street": null, "denomination": null, "grades": null, "religion": null, "timing": null, "wikidata": null, "fixme": null, "name:en": null, "operator": null, "website": null, "check_date": null, "description": null, "female": null, "note": null, "phone": null, "isced:level": null, "education": null, "fee": null, "operator:type": "private", "addr:country": null, "email": null, "capacity": null, "operator:short": null, "operator:wikidata": null, "addr:district": null, "check_date:opening_hours": null, "name:hi": null, "building": null, "brand": null, "brand:wikidata": null, "landuse": null, "building:levels": null, "wikipedia": null, "amenity_1": null, "school:gender": null, "old_name": null, "wikimedia_commons": null, "addr:housename": null, "ref:IN:UDISE": null, "barrier": null, "school": null, "name:etymology:wikidata": null, "addr:state": null, "addr:suburb": null, "alt_name": null, "surface": null, "height": null, "building:part": null, "species:en": null, "level": null, "name:mr": null, "short_name": null, "start_date": null, "name:fr": null, "layer": null, "ele": null, "type": null }, "geometry": { "type": "Point", "coordinates": [ 72.8306517, 19.150747 ] } },
{ "type": "Feature", "properties": { "element": "node", "id": 9300003147, "amenity": "school", "name": "Goenka School", "opening_hours": null, "source": null, "tourism": null, "name:ur": null, "addr:city": null, "addr:housenumber": null, "addr:postcode": null, "addr:street": null, "denomination": null, "grades": null, "religion": null, "timing": null, "wikidata": null, "fixme": null, "name:en": null, "operator": null, "website": null, "check_date": null, "description": null, "female": null, "note": null, "phone": null, "isced:level": null, "education": null, "fee": null, "operator:type": "private", "addr:country": null, "email": null, "capacity": null, "operator:short": null, "operator:wikidata": null, "addr:district": null, "check_date:opening_hours": null, "name:hi": null, "building": null, "brand": null, "brand:wikidata": null, "landuse": null, "building:levels": null, "wikipedia": null, "amenity_1": null, "school:gender": null, "old_name": null, "wikimedia_commons": null, "addr:housename": null, "ref:IN:UDISE": null, "barrier": null, "school": null, "name:etymology:wikidata": null, "addr:state": null, "addr:suburb": null, "alt_name": null, "surface": null, "height": null, "building:part": null, "species:en": null, "level": null, "name:mr": null, "short_name": null, "start_date": null, "name:fr": null, "layer": null, "ele": null, "type": null }, "geometry": { "type": "Point", "coordinates": [ 72.8307614, 19.1507401 ] } },
{ "type": "Feature", "properties": { "element": "node", "id": 9300003148, "amenity": "school", "name": "Marble the Arc", "opening_hours": null, "source": null, "tourism": null, "name:ur": null, "addr:city": null, "addr:housenumber": null, "addr:postcode": null, "addr:street": null, "denomination": null, "grades": null, "religion": null, "timing": null, "wikidata": null, "fixme": null, "name:en": null, "operator": "Private", "website": null, "check_date": null, "description": null, "female": null, "note": null, "phone": null, "isced:level": null, "education": null, "fee": null, "operator:type": null, "addr:country": null, "email": null, "capacity": null, "operator:short": null, "operator:wikidata": null, "addr:district": null, "check_date:opening_hours": null, "name:hi": null, "building": null, "brand": null, "brand:wikidata": null, "landuse": null, "building:levels": null, "wikipedia": null, "amenity_1": null, "school:gender": null, "old_name": null, "wikimedia_commons": null, "addr:housename": null, "ref:IN:UDISE": null, "barrier": null, "school": null, "name:etymology:wikidata": null, "addr:state": null, "addr:suburb": null, "alt_name": null, "surface": null, "height": null, "building:part": null, "species:en": null, "level": null, "name:mr": null, "short_name": null, "start_date": null, "name:fr": null, "layer": null, "ele": null, "type": null }, "geometry": { "type": "Point", "coordinates": [ 72.8309224, 19.1506848 ] } },
{ "type": "Feature", "properties": { "element": "node", "id": 9443739333, "amenity": "school", "name": "bmc ground", "opening_hours": null, "source": null, "tourism": null, "name:ur": null, "addr:city": null, "addr:housenumber": "409", "addr:postcode": null, "addr:street": "Mahindra Flyover Western Express", "denomination": "methodist", "grades": "9-12", "religion": "hindu", "timing": null, "wikidata": null, "fixme": null, "name:en": null, "operator": null, "website": null, "check_date": null, "description": null, "female": null, "note": null, "phone": null, "isced:level": null, "education": null, "fee": null, "operator:type": null, "addr:country": null, "email": null, "capacity": "200", "operator:short": null, "operator:wikidata": null, "addr:district": null, "check_date:opening_hours": null, "name:hi": null, "building": null, "brand": null, "brand:wikidata": null, "landuse": null, "building:levels": null, "wikipedia": null, "amenity_1": null, "school:gender": null, "old_name": null, "wikimedia_commons": null, "addr:housename": null, "ref:IN:UDISE": null, "barrier": null, "school": null, "name:etymology:wikidata": null, "addr:state": null, "addr:suburb": null, "alt_name": null, "surface": null, "height": null, "building:part": null, "species:en": null, "level": null, "name:mr": null, "short_name": null, "start_date": null, "name:fr": null, "layer": null, "ele": null, "type": null }, "geometry": { "type": "Point", "coordinates": [ 72.8625372, 19.2094954 ] } },
{ "type": "Feature", "properties": { "element": "node", "id": 9887629177, "amenity": "school", "name": "Waman roa", "opening_hours": null, "source": null, "tourism": null, "name:ur": null, "addr:city": null, "addr:housenumber": null, "addr:postcode": null, "addr:street": null, "denomination": null, "grades": null, "religion": null, "timing": null, "wikidata": null, "fixme": null, "name:en": null, "operator": null, "website": null, "check_date": null, "description": null, "female": null, "note": null, "phone": null, "isced:level": null, "education": null, "fee": null, "operator:type": null, "addr:country": null, "email": null, "capacity": null, "operator:short": null, "operator:wikidata": null, "addr:district": null, "check_date:opening_hours": null, "name:hi": null, "building": null, "brand": null, "brand:wikidata": null, "landuse": null, "building:levels": null, "wikipedia": null, "amenity_1": null, "school:gender": null, "old_name": null, "wikimedia_commons": null, "addr:housename": null, "ref:IN:UDISE": null, "barrier": null, "school": null, "name:etymology:wikidata": null, "addr:state": null, "addr:suburb": null, "alt_name": null, "surface": null, "height": null, "building:part": null, "species:en": null, "level": null, "name:mr": null, "short_name": null, "start_date": null, "name:fr": null, "layer": null, "ele": null, "type": null }, "geometry": { "type": "Point", "coordinates": [ 72.9673623, 19.1740948 ] } },
{ "type": "Feature", "properties": { "element": "node", "id": 9887635360, "amenity": "school", "name": "Sau Laxmibai", "opening_hours": null, "source": null, "tourism": null, "name:ur": null, "addr:city": null, "addr:housenumber": null, "addr:postcode": null, "addr:street": null, "denomination": null, "grades": null, "religion": null, "timing": null, "wikidata": null, "fixme": null, "name:en": null, "operator": null, "website": null, "check_date": null, "description": null, "female": null, "note": null, "phone": null, "isced:level": null, "education": null, "fee": null, "operator:type": null, "addr:country": null, "email": null, "capacity": null, "operator:short": null, "operator:wikidata": null, "addr:district": null, "check_date:opening_hours": null, "name:hi": null, "building": null, "brand": null, "brand:wikidata": null, "landuse": null, "building:levels": null, "wikipedia": null, "amenity_1": null, "school:gender": null, "old_name": null, "wikimedia_commons": null, "addr:housename": null, "ref:IN:UDISE": null, "barrier": null, "school": null, "name:etymology:wikidata": null, "addr:state": null, "addr:suburb": null, "alt_name": null, "surface": null, "height": null, "building:part": null, "species:en": null, "level": null, "name:mr": null, "short_name": null, "start_date": null, "name:fr": null, "layer": null, "ele": null, "type": null }, "geometry": { "type": "Point", "coordinates": [ 72.9640213, 19.1670602 ] } },
{ "type": "Feature", "properties": { "element": "node", "id": 9887675513, "amenity": "school", "name": "Yashwantroa Dode", "opening_hours": null, "source": null, "tourism": null, "name:ur": null, "addr:city": null, "addr:housenumber": null, "addr:postcode": null, "addr:street": null, "denomination": null, "grades": null, "religion": null, "timing": null, "wikidata": null, "fixme": null, "name:en": null, "operator": null, "website": null, "check_date": null, "description": null, "female": null, "note": null, "phone": null, "isced:level": null, "education": null, "fee": null, "operator:type": null, "addr:country": null, "email": null, "capacity": null, "operator:short": null, "operator:wikidata": null, "addr:district": null, "check_date:opening_hours": null, "name:hi": null, "building": null, "brand": null, "brand:wikidata": null, "landuse": null, "building:levels": null, "wikipedia": null, "amenity_1": null, "school:gender": null, "old_name": null, "wikimedia_commons": null, "addr:housename": null, "ref:IN:UDISE": null, "barrier": null, "school": null, "name:etymology:wikidata": null, "addr:state": null, "addr:suburb": null, "alt_name": null, "surface": null, "height": null, "building:part": null, "species:en": null, "level": null, "name:mr": null, "short_name": null, "start_date": null, "name:fr": null, "layer": null, "ele": null, "type": null }, "geometry": { "type": "Point", "coordinates": [ 72.9647746, 19.1697442 ] } },
{ "type": "Feature", "properties": { "element": "node", "id": 10048595319, "amenity": "school", "name": "Amulakh amichand vidyalaya", "opening_hours": null, "source": null, "tourism": null, "name:ur": null, "addr:city": null, "addr:housenumber": null, "addr:postcode": null, "addr:street": null, "denomination": null, "grades": null, "religion": null, "timing": null, "wikidata": null, "fixme": null, "name:en": null, "operator": null, "website": null, "check_date": null, "description": null, "female": null, "note": null, "phone": null, "isced:level": null, "education": null, "fee": null, "operator:type": null, "addr:country": null, "email": null, "capacity": null, "operator:short": null, "operator:wikidata": null, "addr:district": null, "check_date:opening_hours": null, "name:hi": null, "building": null, "brand": null, "brand:wikidata": null, "landuse": null, "building:levels": null, "wikipedia": null, "amenity_1": null, "school:gender": null, "old_name": null, "wikimedia_commons": null, "addr:housename": null, "ref:IN:UDISE": null, "barrier": null, "school": null, "name:etymology:wikidata": null, "addr:state": null, "addr:suburb": null, "alt_name": null, "surface": null, "height": null, "building:part": null, "species:en": null, "level": null, "name:mr": null, "short_name": null, "start_date": null, "name:fr": null, "layer": null, "ele": null, "type": null }, "geometry": { "type": "Point", "coordinates": [ 72.8603055, 19.0271011 ] } },
{ "type": "Feature", "properties": { "element": "node", "id": 10232553825, "amenity": "school", "name": "The Bombay Suburban Grain Dealers’ Junior College of Commerce, Arts and Science", "opening_hours": null, "source": null, "tourism": null, "name:ur": null, "addr:city": null, "addr:housenumber": null, "addr:postcode": null, "addr:street": null, "denomination": null, "grades": null, "religion": null, "timing": null, "wikidata": null, "fixme": null, "name:en": null, "operator": "Malad Kandivli Education Society", "website": "https://www.bsgdjrc.ac.in/", "check_date": null, "description": null, "female": null, "note": null, "phone": null, "isced:level": null, "education": null, "fee": null, "operator:type": null, "addr:country": null, "email": null, "capacity": null, "operator:short": null, "operator:wikidata": null, "addr:district": null, "check_date:opening_hours": null, "name:hi": null, "building": null, "brand": null, "brand:wikidata": null, "landuse": null, "building:levels": null, "wikipedia": null, "amenity_1": null, "school:gender": null, "old_name": null, "wikimedia_commons": null, "addr:housename": null, "ref:IN:UDISE": null, "barrier": null, "school": null, "name:etymology:wikidata": null, "addr:state": null, "addr:suburb": null, "alt_name": null, "surface": null, "height": null, "building:part": null, "species:en": null, "level": null, "name:mr": null, "short_name": null, "start_date": null, "name:fr": null, "layer": null, "ele": null, "type": null }, "geometry": { "type": "Point", "coordinates": [ 72.8479114, 19.1926241 ] } },
{ "type": "Feature", "properties": { "element": "node", "id": 10258986636, "amenity": "school", "name": "NAVRATNA SOCIETY", "opening_hours": null, "source": null, "tourism": null, "name:ur": null, "addr:city": "Mumbai", "addr:housenumber": null, "addr:postcode": "400091", "addr:street": "Gorai Link Road", "denomination": null, "grades": "1-4", "religion": "hindu", "timing": null, "wikidata": null, "fixme": null, "name:en": null, "operator": "Society of Saint Pius X", "website": null, "check_date": null, "description": null, "female": null, "note": null, "phone": null, "isced:level": null, "education": null, "fee": null, "operator:type": "cooperative", "addr:country": null, "email": null, "capacity": null, "operator:short": "FSSPX", "operator:wikidata": "Q868160", "addr:district": null, "check_date:opening_hours": null, "name:hi": null, "building": null, "brand": null, "brand:wikidata": null, "landuse": null, "building:levels": null, "wikipedia": null, "amenity_1": null, "school:gender": null, "old_name": null, "wikimedia_commons": null, "addr:housename": null, "ref:IN:UDISE": null, "barrier": null, "school": null, "name:etymology:wikidata": null, "addr:state": null, "addr:suburb": null, "alt_name": null, "surface": null, "height": null, "building:part": null, "species:en": null, "level": null, "name:mr": null, "short_name": null, "start_date": null, "name:fr": null, "layer": null, "ele": null, "type": null }, "geometry": { "type": "Point", "coordinates": [ 72.8304592, 19.2265894 ] } },
{ "type": "Feature", "properties": { "element": "node", "id": 10269097544, "amenity": "school", "name": "Gayathri Vidya Mandir", "opening_hours": null, "source": null, "tourism": null, "name:ur": null, "addr:city": null, "addr:housenumber": null, "addr:postcode": null, "addr:street": null, "denomination": null, "grades": null, "religion": null, "timing": null, "wikidata": null, "fixme": null, "name:en": null, "operator": null, "website": null, "check_date": null, "description": null, "female": null, "note": null, "phone": null, "isced:level": null, "education": null, "fee": null, "operator:type": null, "addr:country": null, "email": null, "capacity": null, "operator:short": null, "operator:wikidata": null, "addr:district": null, "check_date:opening_hours": null, "name:hi": null, "building": null, "brand": null, "brand:wikidata": null, "landuse": null, "building:levels": null, "wikipedia": null, "amenity_1": null, "school:gender": null, "old_name": null, "wikimedia_commons": null, "addr:housename": null, "ref:IN:UDISE": null, "barrier": null, "school": null, "name:etymology:wikidata": null, "addr:state": null, "addr:suburb": null, "alt_name": null, "surface": null, "height": null, "building:part": null, "species:en": null, "level": null, "name:mr": null, "short_name": null, "start_date": null, "name:fr": null, "layer": null, "ele": null, "type": null }, "geometry": { "type": "Point", "coordinates": [ 72.9299819, 19.1618123 ] } },
{ "type": "Feature", "properties": { "element": "node", "id": 10607708286, "amenity": "school", "name": "Ryan International School (ICSE)", "opening_hours": null, "source": null, "tourism": null, "name:ur": null, "addr:city": "Mumbai", "addr:housenumber": "Ryan International School", "addr:postcode": "400063", "addr:street": "Krishna Vatika Marg", "denomination": null, "grades": "1-12", "religion": null, "timing": null, "wikidata": null, "fixme": null, "name:en": null, "operator": null, "website": null, "check_date": null, "description": null, "female": null, "note": null, "phone": null, "isced:level": null, "education": null, "fee": null, "operator:type": null, "addr:country": null, "email": null, "capacity": null, "operator:short": null, "operator:wikidata": null, "addr:district": null, "check_date:opening_hours": null, "name:hi": null, "building": null, "brand": null, "brand:wikidata": null, "landuse": null, "building:levels": null, "wikipedia": null, "amenity_1": null, "school:gender": null, "old_name": null, "wikimedia_commons": null, "addr:housename": null, "ref:IN:UDISE": null, "barrier": null, "school": null, "name:etymology:wikidata": null, "addr:state": null, "addr:suburb": null, "alt_name": null, "surface": null, "height": null, "building:part": null, "species:en": null, "level": null, "name:mr": null, "short_name": null, "start_date": null, "name:fr": null, "layer": null, "ele": null, "type": null }, "geometry": { "type": "Point", "coordinates": [ 72.8726025, 19.1723236 ] } },
{ "type": "Feature", "properties": { "element": "node", "id": 10645494069, "amenity": "school", "name": "Aspee Nutan English Medium School", "opening_hours": null, "source": null, "tourism": null, "name:ur": null, "addr:city": "Mumbai", "addr:housenumber": null, "addr:postcode": "400064", "addr:street": "Chunilal Giridharlal Road", "denomination": null, "grades": "0-4", "religion": null, "timing": null, "wikidata": null, "fixme": null, "name:en": null, "operator": null, "website": null, "check_date": null, "description": null, "female": null, "note": null, "phone": null, "isced:level": null, "education": null, "fee": null, "operator:type": null, "addr:country": null, "email": null, "capacity": null, "operator:short": null, "operator:wikidata": null, "addr:district": null, "check_date:opening_hours": null, "name:hi": null, "building": null, "brand": null, "brand:wikidata": null, "landuse": null, "building:levels": null, "wikipedia": null, "amenity_1": null, "school:gender": null, "old_name": null, "wikimedia_commons": null, "addr:housename": null, "ref:IN:UDISE": null, "barrier": null, "school": null, "name:etymology:wikidata": null, "addr:state": null, "addr:suburb": null, "alt_name": null, "surface": null, "height": null, "building:part": null, "species:en": null, "level": null, "name:mr": null, "short_name": null, "start_date": null, "name:fr": null, "layer": null, "ele": null, "type": null }, "geometry": { "type": "Point", "coordinates": [ 72.8457233, 19.1922983 ] } },
{ "type": "Feature", "properties": { "element": "node", "id": 10878535991, "amenity": "school", "name": "Podar International School", "opening_hours": null, "source": "AND", "tourism": null, "name:ur": null, "addr:city": null, "addr:housenumber": "02267111111", "addr:postcode": null, "addr:street": "Saraswati Road", "denomination": null, "grades": null, "religion": null, "timing": null, "wikidata": null, "fixme": null, "name:en": null, "operator": null, "website": null, "check_date": null, "description": null, "female": null, "note": null, "phone": null, "isced:level": null, "education": null, "fee": null, "operator:type": null, "addr:country": null, "email": null, "capacity": null, "operator:short": null, "operator:wikidata": null, "addr:district": null, "check_date:opening_hours": null, "name:hi": null, "building": null, "brand": null, "brand:wikidata": null, "landuse": null, "building:levels": null, "wikipedia": null, "amenity_1": null, "school:gender": null, "old_name": null, "wikimedia_commons": null, "addr:housename": null, "ref:IN:UDISE": null, "barrier": null, "school": null, "name:etymology:wikidata": null, "addr:state": null, "addr:suburb": null, "alt_name": null, "surface": null, "height": null, "building:part": null, "species:en": null, "level": null, "name:mr": null, "short_name": null, "start_date": null, "name:fr": null, "layer": null, "ele": null, "type": null }, "geometry": { "type": "Point", "coordinates": [ 72.8379688, 19.0790492 ] } },
{ "type": "Feature", "properties": { "element": "node", "id": 11296361349, "amenity": "school", "name": "Learner's Academy I.C.S.E School", "opening_hours": null, "source": null, "tourism": null, "name:ur": null, "addr:city": null, "addr:housenumber": null, "addr:postcode": null, "addr:street": null, "denomination": null, "grades": null, "religion": null, "timing": null, "wikidata": null, "fixme": null, "name:en": null, "operator": null, "website": null, "check_date": null, "description": null, "female": null, "note": null, "phone": null, "isced:level": null, "education": null, "fee": null, "operator:type": null, "addr:country": null, "email": null, "capacity": null, "operator:short": null, "operator:wikidata": null, "addr:district": null, "check_date:opening_hours": null, "name:hi": null, "building": null, "brand": null, "brand:wikidata": null, "landuse": null, "building:levels": null, "wikipedia": null, "amenity_1": null, "school:gender": null, "old_name": null, "wikimedia_commons": null, "addr:housename": null, "ref:IN:UDISE": null, "barrier": null, "school": null, "name:etymology:wikidata": null, "addr:state": null, "addr:suburb": null, "alt_name": null, "surface": null, "height": null, "building:part": null, "species:en": null, "level": null, "name:mr": null, "short_name": null, "start_date": null, "name:fr": null, "layer": null, "ele": null, "type": null }, "geometry": { "type": "Point", "coordinates": [ 72.8270872, 19.061141 ] } },
{ "type": "Feature", "properties": { "element": "node", "id": 11426738529, "amenity": "school", "name": "Mumbai Public School", "opening_hours": null, "source": null, "tourism": null, "name:ur": null, "addr:city": null, "addr:housenumber": null, "addr:postcode": null, "addr:street": null, "denomination": null, "grades": null, "religion": null, "timing": null, "wikidata": null, "fixme": null, "name:en": null, "operator": null, "website": null, "check_date": null, "description": null, "female": null, "note": null, "phone": null, "isced:level": null, "education": null, "fee": null, "operator:type": null, "addr:country": null, "email": null, "capacity": null, "operator:short": null, "operator:wikidata": null, "addr:district": null, "check_date:opening_hours": null, "name:hi": null, "building": null, "brand": null, "brand:wikidata": null, "landuse": null, "building:levels": null, "wikipedia": null, "amenity_1": null, "school:gender": null, "old_name": null, "wikimedia_commons": null, "addr:housename": null, "ref:IN:UDISE": null, "barrier": null, "school": null, "name:etymology:wikidata": null, "addr:state": null, "addr:suburb": null, "alt_name": null, "surface": null, "height": null, "building:part": null, "species:en": null, "level": null, "name:mr": null, "short_name": null, "start_date": null, "name:fr": null, "layer": null, "ele": null, "type": null }, "geometry": { "type": "Point", "coordinates": [ 72.852419, 19.1098119 ] } },
{ "type": "Feature", "properties": { "element": "node", "id": 11426739575, "amenity": "school", "name": "Juhu Tara Municipal School", "opening_hours": null, "source": null, "tourism": null, "name:ur": null, "addr:city": null, "addr:housenumber": null, "addr:postcode": null, "addr:street": "Juhu Tara Road", "denomination": null, "grades": null, "religion": null, "timing": null, "wikidata": null, "fixme": null, "name:en": null, "operator": null, "website": null, "check_date": null, "description": null, "female": null, "note": null, "phone": null, "isced:level": null, "education": null, "fee": null, "operator:type": null, "addr:country": null, "email": null, "capacity": null, "operator:short": null, "operator:wikidata": null, "addr:district": null, "check_date:opening_hours": null, "name:hi": null, "building": null, "brand": null, "brand:wikidata": null, "landuse": null, "building:levels": null, "wikipedia": null, "amenity_1": null, "school:gender": null, "old_name": null, "wikimedia_commons": null, "addr:housename": null, "ref:IN:UDISE": null, "barrier": null, "school": null, "name:etymology:wikidata": null, "addr:state": null, "addr:suburb": null, "alt_name": null, "surface": null, "height": null, "building:part": null, "species:en": null, "level": null, "name:mr": null, "short_name": null, "start_date": null, "name:fr": null, "layer": null, "ele": null, "type": null }, "geometry": { "type": "Point", "coordinates": [ 72.8282127, 19.0919763 ] } },
{ "type": "Feature", "properties": { "element": "node", "id": 11697877354, "amenity": "school", "name": "S.M. Shetty School Ground", "opening_hours": null, "source": null, "tourism": null, "name:ur": null, "addr:city": null, "addr:housenumber": null, "addr:postcode": null, "addr:street": null, "denomination": null, "grades": null, "religion": null, "timing": null, "wikidata": null, "fixme": null, "name:en": null, "operator": null, "website": null, "check_date": null, "description": null, "female": null, "note": null, "phone": null, "isced:level": null, "education": null, "fee": null, "operator:type": null, "addr:country": null, "email": null, "capacity": null, "operator:short": null, "operator:wikidata": null, "addr:district": null, "check_date:opening_hours": null, "name:hi": null, "building": null, "brand": null, "brand:wikidata": null, "landuse": null, "building:levels": null, "wikipedia": null, "amenity_1": null, "school:gender": null, "old_name": null, "wikimedia_commons": null, "addr:housename": null, "ref:IN:UDISE": null, "barrier": null, "school": null, "name:etymology:wikidata": null, "addr:state": null, "addr:suburb": null, "alt_name": null, "surface": null, "height": null, "building:part": null, "species:en": null, "level": null, "name:mr": null, "short_name": null, "start_date": null, "name:fr": null, "layer": null, "ele": null, "type": null }, "geometry": { "type": "Point", "coordinates": [ 72.9054975, 19.115227 ] } },
{ "type": "Feature", "properties": { "element": "node", "id": 11698432789, "amenity": "school", "name": "IItian's PACE - Andheri", "opening_hours": null, "source": null, "tourism": null, "name:ur": null, "addr:city": null, "addr:housenumber": null, "addr:postcode": null, "addr:street": null, "denomination": null, "grades": "11-12", "religion": null, "timing": null, "wikidata": null, "fixme": null, "name:en": null, "operator": null, "website": "https://iitianspace.com/", "check_date": null, "description": null, "female": null, "note": null, "phone": null, "isced:level": null, "education": null, "fee": null, "operator:type": null, "addr:country": null, "email": null, "capacity": null, "operator:short": null, "operator:wikidata": null, "addr:district": null, "check_date:opening_hours": null, "name:hi": null, "building": null, "brand": null, "brand:wikidata": null, "landuse": null, "building:levels": null, "wikipedia": null, "amenity_1": null, "school:gender": null, "old_name": null, "wikimedia_commons": null, "addr:housename": null, "ref:IN:UDISE": null, "barrier": null, "school": null, "name:etymology:wikidata": null, "addr:state": null, "addr:suburb": null, "alt_name": null, "surface": null, "height": null, "building:part": null, "species:en": null, "level": null, "name:mr": null, "short_name": null, "start_date": null, "name:fr": null, "layer": null, "ele": null, "type": null }, "geometry": { "type": "Point", "coordinates": [ 72.8454164, 19.1203044 ] } },
{ "type": "Feature", "properties": { "element": "node", "id": 12222194148, "amenity": "school", "name": "Savitridevi Hariram Agarwal International School", "opening_hours": null, "source": null, "tourism": null, "name:ur": null, "addr:city": "Mumbai", "addr:housenumber": null, "addr:postcode": "400067", "addr:street": "Shankar Lane", "denomination": null, "grades": "1-10", "religion": "none", "timing": null, "wikidata": null, "fixme": null, "name:en": null, "operator": "Marwadi Trust", "website": "http://agarwalinternationalschool.co.in/", "check_date": null, "description": null, "female": null, "note": null, "phone": null, "isced:level": null, "education": null, "fee": null, "operator:type": "private", "addr:country": null, "email": null, "capacity": null, "operator:short": null, "operator:wikidata": null, "addr:district": null, "check_date:opening_hours": null, "name:hi": null, "building": null, "brand": null, "brand:wikidata": null, "landuse": null, "building:levels": null, "wikipedia": null, "amenity_1": null, "school:gender": null, "old_name": null, "wikimedia_commons": null, "addr:housename": null, "ref:IN:UDISE": null, "barrier": null, "school": null, "name:etymology:wikidata": null, "addr:state": null, "addr:suburb": null, "alt_name": null, "surface": null, "height": null, "building:part": null, "species:en": null, "level": null, "name:mr": null, "short_name": null, "start_date": null, "name:fr": null, "layer": null, "ele": null, "type": null }, "geometry": { "type": "Point", "coordinates": [ 72.8410849, 19.1978859 ] } },
{ "type": "Feature", "properties": { "element": "node", "id": 12479914831, "amenity": "school", "name": null, "opening_hours": null, "source": null, "tourism": null, "name:ur": null, "addr:city": null, "addr:housenumber": null, "addr:postcode": null, "addr:street": null, "denomination": null, "grades": null, "religion": null, "timing": null, "wikidata": null, "fixme": null, "name:en": null, "operator": null, "website": null, "check_date": "2026-03-21", "description": null, "female": null, "note": null, "phone": null, "isced:level": null, "education": null, "fee": null, "operator:type": null, "addr:country": null, "email": null, "capacity": null, "operator:short": null, "operator:wikidata": null, "addr:district": null, "check_date:opening_hours": null, "name:hi": null, "building": null, "brand": null, "brand:wikidata": null, "landuse": null, "building:levels": null, "wikipedia": null, "amenity_1": null, "school:gender": null, "old_name": null, "wikimedia_commons": null, "addr:housename": null, "ref:IN:UDISE": null, "barrier": null, "school": null, "name:etymology:wikidata": null, "addr:state": null, "addr:suburb": null, "alt_name": null, "surface": null, "height": null, "building:part": null, "species:en": null, "level": null, "name:mr": null, "short_name": null, "start_date": null, "name:fr": null, "layer": null, "ele": null, "type": null }, "geometry": { "type": "Point", "coordinates": [ 72.8494628, 19.0815886 ] } },
{ "type": "Feature", "properties": { "element": "node", "id": 12765944908, "amenity": "school", "name": null, "opening_hours": null, "source": null, "tourism": null, "name:ur": null, "addr:city": null, "addr:housenumber": null, "addr:postcode": null, "addr:street": null, "denomination": null, "grades": null, "religion": null, "timing": null, "wikidata": null, "fixme": null, "name:en": null, "operator": "Orchids International School", "website": null, "check_date": null, "description": null, "female": null, "note": null, "phone": null, "isced:level": null, "education": null, "fee": null, "operator:type": "private", "addr:country": null, "email": null, "capacity": null, "operator:short": null, "operator:wikidata": null, "addr:district": null, "check_date:opening_hours": null, "name:hi": null, "building": null, "brand": null, "brand:wikidata": null, "landuse": null, "building:levels": null, "wikipedia": null, "amenity_1": null, "school:gender": null, "old_name": null, "wikimedia_commons": null, "addr:housename": null, "ref:IN:UDISE": null, "barrier": null, "school": null, "name:etymology:wikidata": null, "addr:state": null, "addr:suburb": null, "alt_name": null, "surface": null, "height": null, "building:part": null, "species:en": null, "level": null, "name:mr": null, "short_name": null, "start_date": null, "name:fr": null, "layer": null, "ele": null, "type": null }, "geometry": { "type": "Point", "coordinates": [ 72.8133207, 19.1380448 ] } },
{ "type": "Feature", "properties": { "element": "node", "id": 12942046400, "amenity": "school", "name": "Vibgyor", "opening_hours": null, "source": null, "tourism": null, "name:ur": null, "addr:city": null, "addr:housenumber": null, "addr:postcode": null, "addr:street": null, "denomination": null, "grades": null, "religion": null, "timing": null, "wikidata": null, "fixme": null, "name:en": null, "operator": null, "website": null, "check_date": null, "description": null, "female": null, "note": null, "phone": null, "isced:level": null, "education": null, "fee": null, "operator:type": null, "addr:country": null, "email": null, "capacity": null, "operator:short": null, "operator:wikidata": null, "addr:district": null, "check_date:opening_hours": null, "name:hi": null, "building": null, "brand": null, "brand:wikidata": null, "landuse": null, "building:levels": null, "wikipedia": null, "amenity_1": null, "school:gender": null, "old_name": null, "wikimedia_commons": null, "addr:housename": null, "ref:IN:UDISE": null, "barrier": null, "school": null, "name:etymology:wikidata": null, "addr:state": null, "addr:suburb": null, "alt_name": null, "surface": null, "height": null, "building:part": null, "species:en": null, "level": null, "name:mr": null, "short_name": null, "start_date": null, "name:fr": null, "layer": null, "ele": null, "type": null }, "geometry": { "type": "Point", "coordinates": [ 72.836136, 19.1595272 ] } },
{ "type": "Feature", "properties": { "element": "node", "id": 13096586484, "amenity": "school", "name": "svdd", "opening_hours": null, "source": null, "tourism": null, "name:ur": null, "addr:city": "mumbai", "addr:housenumber": "123", "addr:postcode": "400077", "addr:street": "Hingwala Lane", "denomination": null, "grades": null, "religion": "hindu", "timing": null, "wikidata": null, "fixme": null, "name:en": null, "operator": null, "website": null, "check_date": null, "description": null, "female": null, "note": null, "phone": null, "isced:level": null, "education": null, "fee": null, "operator:type": null, "addr:country": null, "email": null, "capacity": null, "operator:short": null, "operator:wikidata": null, "addr:district": "mumbai suburban", "check_date:opening_hours": null, "name:hi": null, "building": null, "brand": null, "brand:wikidata": null, "landuse": null, "building:levels": null, "wikipedia": null, "amenity_1": null, "school:gender": null, "old_name": null, "wikimedia_commons": null, "addr:housename": null, "ref:IN:UDISE": null, "barrier": null, "school": null, "name:etymology:wikidata": null, "addr:state": null, "addr:suburb": null, "alt_name": null, "surface": null, "height": null, "building:part": null, "species:en": null, "level": null, "name:mr": null, "short_name": null, "start_date": null, "name:fr": null, "layer": null, "ele": null, "type": null }, "geometry": { "type": "Point", "coordinates": [ 72.9083633, 19.0827272 ] } },
{ "type": "Feature", "properties": { "element": "node", "id": 13097872633, "amenity": "school", "name": "Podar International School", "opening_hours": null, "source": null, "tourism": null, "name:ur": null, "addr:city": null, "addr:housenumber": null, "addr:postcode": null, "addr:street": null, "denomination": null, "grades": null, "religion": null, "timing": null, "wikidata": null, "fixme": null, "name:en": "Podar International School", "operator": null, "website": null, "check_date": null, "description": null, "female": null, "note": null, "phone": null, "isced:level": null, "education": null, "fee": null, "operator:type": null, "addr:country": null, "email": null, "capacity": null, "operator:short": null, "operator:wikidata": null, "addr:district": null, "check_date:opening_hours": null, "name:hi": null, "building": null, "brand": null, "brand:wikidata": null, "landuse": null, "building:levels": null, "wikipedia": null, "amenity_1": null, "school:gender": null, "old_name": null, "wikimedia_commons": null, "addr:housename": null, "ref:IN:UDISE": null, "barrier": null, "school": null, "name:etymology:wikidata": null, "addr:state": null, "addr:suburb": null, "alt_name": null, "surface": null, "height": null, "building:part": null, "species:en": null, "level": null, "name:mr": null, "short_name": null, "start_date": null, "name:fr": null, "layer": null, "ele": null, "type": null }, "geometry": { "type": "Point", "coordinates": [ 72.837565, 19.0694479 ] } },
{ "type": "Feature", "properties": { "element": "node", "id": 13116847401, "amenity": "school", "name": "Sant Gadge Maharaj School", "opening_hours": null, "source": null, "tourism": null, "name:ur": null, "addr:city": null, "addr:housenumber": null, "addr:postcode": "400004", "addr:street": "Khetwadi 12th Lane", "denomination": null, "grades": null, "religion": null, "timing": null, "wikidata": null, "fixme": null, "name:en": null, "operator": null, "website": null, "check_date": null, "description": null, "female": null, "note": null, "phone": null, "isced:level": null, "education": null, "fee": null, "operator:type": null, "addr:country": null, "email": null, "capacity": null, "operator:short": null, "operator:wikidata": null, "addr:district": null, "check_date:opening_hours": null, "name:hi": null, "building": null, "brand": null, "brand:wikidata": null, "landuse": null, "building:levels": null, "wikipedia": null, "amenity_1": null, "school:gender": null, "old_name": null, "wikimedia_commons": null, "addr:housename": null, "ref:IN:UDISE": null, "barrier": null, "school": null, "name:etymology:wikidata": null, "addr:state": null, "addr:suburb": null, "alt_name": null, "surface": null, "height": null, "building:part": null, "species:en": null, "level": null, "name:mr": null, "short_name": null, "start_date": null, "name:fr": null, "layer": null, "ele": null, "type": null }, "geometry": { "type": "Point", "coordinates": [ 72.8212203, 18.9598574 ] } },
{ "type": "Feature", "properties": { "element": "node", "id": 13533576101, "amenity": "school", "name": "MPS CBSE Natwar Parekh Compound", "opening_hours": null, "source": null, "tourism": null, "name:ur": null, "addr:city": null, "addr:housenumber": null, "addr:postcode": "400043", "addr:street": "Natvar Parekh Compound Road", "denomination": null, "grades": null, "religion": null, "timing": null, "wikidata": null, "fixme": null, "name:en": null, "operator": null, "website": null, "check_date": null, "description": null, "female": null, "note": null, "phone": null, "isced:level": null, "education": null, "fee": null, "operator:type": null, "addr:country": null, "email": "mpscbsenpc@gmail.com", "capacity": null, "operator:short": null, "operator:wikidata": null, "addr:district": null, "check_date:opening_hours": null, "name:hi": null, "building": null, "brand": null, "brand:wikidata": null, "landuse": null, "building:levels": null, "wikipedia": null, "amenity_1": null, "school:gender": null, "old_name": null, "wikimedia_commons": null, "addr:housename": null, "ref:IN:UDISE": null, "barrier": null, "school": null, "name:etymology:wikidata": null, "addr:state": null, "addr:suburb": null, "alt_name": null, "surface": null, "height": null, "building:part": null, "species:en": null, "level": null, "name:mr": null, "short_name": null, "start_date": null, "name:fr": null, "layer": null, "ele": null, "type": null }, "geometry": { "type": "Point", "coordinates": [ 72.9159256, 19.0659095 ] } },
{ "type": "Feature", "properties": { "element": "node", "id": 13578798801, "amenity": "school", "name": "The BMS BRIO INTERNATIONAL SCHOOL (CBSE)", "opening_hours": "Mo-Sa 07:00-17:00", "source": null, "tourism": null, "name:ur": null, "addr:city": null, "addr:housenumber": null, "addr:postcode": "400091", "addr:street": "462, Pasaydan Marg, off Gorai Road, New MHB Colony, Ashtavinayak Nagar, Borivali West, Mumbai", "denomination": null, "grades": null, "religion": null, "timing": null, "wikidata": null, "fixme": null, "name:en": null, "operator": null, "website": "https://bmsbrio.com/", "check_date": "2026-02-19", "description": null, "female": null, "note": null, "phone": "+91 9321752656", "isced:level": null, "education": "school", "fee": null, "operator:type": null, "addr:country": null, "email": null, "capacity": null, "operator:short": null, "operator:wikidata": null, "addr:district": null, "check_date:opening_hours": "2026-02-19", "name:hi": null, "building": null, "brand": null, "brand:wikidata": null, "landuse": null, "building:levels": null, "wikipedia": null, "amenity_1": null, "school:gender": null, "old_name": null, "wikimedia_commons": null, "addr:housename": null, "ref:IN:UDISE": null, "barrier": null, "school": null, "name:etymology:wikidata": null, "addr:state": null, "addr:suburb": null, "alt_name": null, "surface": null, "height": null, "building:part": null, "species:en": null, "level": null, "name:mr": null, "short_name": null, "start_date": null, "name:fr": null, "layer": null, "ele": null, "type": null }, "geometry": { "type": "Point", "coordinates": [ 72.8379014, 19.2272011 ] } },
{ "type": "Feature", "properties": { "element": "node", "id": 13714580702, "amenity": "school", "name": "K.B. Patil International School [ICSE]", "opening_hours": "Mo-Sa 09:00-17:00", "source": null, "tourism": null, "name:ur": null, "addr:city": null, "addr:housenumber": null, "addr:postcode": "400067", "addr:street": "6, Plot, Rsc, near Reena Mokal Hospital, Sector 8, Kandivali West, Mumbai, Maharashtra", "denomination": null, "grades": null, "religion": null, "timing": null, "wikidata": null, "fixme": null, "name:en": null, "operator": null, "website": "http://kbpis.com", "check_date": "2026-04-08", "description": null, "female": null, "note": null, "phone": "+91 9619019940", "isced:level": null, "education": "school", "fee": null, "operator:type": null, "addr:country": null, "email": null, "capacity": null, "operator:short": null, "operator:wikidata": null, "addr:district": null, "check_date:opening_hours": "2026-04-08", "name:hi": "के.बी. पाटील इंटरनॅशनल स्कूल", "building": null, "brand": null, "brand:wikidata": null, "landuse": null, "building:levels": null, "wikipedia": null, "amenity_1": null, "school:gender": null, "old_name": null, "wikimedia_commons": null, "addr:housename": null, "ref:IN:UDISE": null, "barrier": null, "school": null, "name:etymology:wikidata": null, "addr:state": null, "addr:suburb": null, "alt_name": null, "surface": null, "height": null, "building:part": null, "species:en": null, "level": null, "name:mr": null, "short_name": null, "start_date": null, "name:fr": null, "layer": null, "ele": null, "type": null }, "geometry": { "type": "Point", "coordinates": [ 72.8148031, 19.2169913 ] } },
{ "type": "Feature", "properties": { "element": "node", "id": 13738306792, "amenity": "school", "name": "Madni high school", "opening_hours": null, "source": null, "tourism": null, "name:ur": null, "addr:city": null, "addr:housenumber": null, "addr:postcode": null, "addr:street": null, "denomination": null, "grades": null, "religion": null, "timing": null, "wikidata": null, "fixme": null, "name:en": null, "operator": null, "website": null, "check_date": null, "description": null, "female": null, "note": null, "phone": null, "isced:level": null, "education": "school", "fee": null, "operator:type": null, "addr:country": null, "email": null, "capacity": null, "operator:short": null, "operator:wikidata": null, "addr:district": null, "check_date:opening_hours": null, "name:hi": null, "building": null, "brand": null, "brand:wikidata": null, "landuse": null, "building:levels": null, "wikipedia": null, "amenity_1": null, "school:gender": null, "old_name": null, "wikimedia_commons": null, "addr:housename": null, "ref:IN:UDISE": null, "barrier": null, "school": null, "name:etymology:wikidata": null, "addr:state": null, "addr:suburb": null, "alt_name": null, "surface": null, "height": null, "building:part": null, "species:en": null, "level": null, "name:mr": null, "short_name": null, "start_date": null, "name:fr": null, "layer": null, "ele": null, "type": null }, "geometry": { "type": "Point", "coordinates": [ 72.8463754, 19.1404105 ] } },
{ "type": "Feature", "properties": { "element": "relation", "id": 5275042, "amenity": "school", "name": "Prabhadevi Municipal Primary School", "opening_hours": null, "source": null, "tourism": null, "name:ur": null, "addr:city": null, "addr:housenumber": null, "addr:postcode": null, "addr:street": null, "denomination": null, "grades": null, "religion": null, "timing": null, "wikidata": null, "fixme": null, "name:en": null, "operator": null, "website": null, "check_date": null, "description": null, "female": null, "note": null, "phone": null, "isced:level": null, "education": null, "fee": null, "operator:type": null, "addr:country": null, "email": null, "capacity": null, "operator:short": null, "operator:wikidata": null, "addr:district": null, "check_date:opening_hours": null, "name:hi": null, "building": "yes", "brand": null, "brand:wikidata": null, "landuse": null, "building:levels": "4", "wikipedia": null, "amenity_1": null, "school:gender": "mixed", "old_name": null, "wikimedia_commons": null, "addr:housename": null, "ref:IN:UDISE": null, "barrier": null, "school": "primary", "name:etymology:wikidata": null, "addr:state": null, "addr:suburb": null, "alt_name": null, "surface": null, "height": null, "building:part": null, "species:en": null, "level": null, "name:mr": null, "short_name": null, "start_date": null, "name:fr": null, "layer": null, "ele": null, "type": "multipolygon" }, "geometry": { "type": "Polygon", "coordinates": [ [ [ 72.8265238, 19.0143076 ], [ 72.8265144, 19.0143494 ], [ 72.82647, 19.0143405 ], [ 72.8264244, 19.0145438 ], [ 72.8265004, 19.014559 ], [ 72.826508, 19.0145255 ], [ 72.826542, 19.0145323 ], [ 72.8265784, 19.0143703 ], [ 72.8266176, 19.0143781 ], [ 72.8266405, 19.0142758 ], [ 72.8266965, 19.014287 ], [ 72.8267548, 19.0140273 ], [ 72.8264048, 19.0139571 ], [ 72.8263633, 19.0141421 ], [ 72.8263803, 19.0141455 ], [ 72.8263517, 19.014273 ], [ 72.8265238, 19.0143076 ] ], [ [ 72.8264646, 19.014065 ], [ 72.8266452, 19.0141013 ], [ 72.8266106, 19.0142556 ], [ 72.82643, 19.0142194 ], [ 72.8264646, 19.014065 ] ] ] } },
{ "type": "Feature", "properties": { "element": "relation", "id": 12725570, "amenity": "school", "name": "Cathedral & John Connon Senior School", "opening_hours": null, "source": null, "tourism": null, "name:ur": null, "addr:city": "Mumbai", "addr:housenumber": "6", "addr:postcode": "400001", "addr:street": "Purshottamdas Thakurdas Road", "denomination": null, "grades": "8-12", "religion": null, "timing": null, "wikidata": "Q5052294", "fixme": null, "name:en": null, "operator": null, "website": null, "check_date": null, "description": null, "female": null, "note": null, "phone": null, "isced:level": null, "education": null, "fee": null, "operator:type": null, "addr:country": null, "email": null, "capacity": null, "operator:short": null, "operator:wikidata": null, "addr:district": null, "check_date:opening_hours": null, "name:hi": null, "building": "yes", "brand": null, "brand:wikidata": null, "landuse": null, "building:levels": null, "wikipedia": "en:Cathedral and John Connon School", "amenity_1": null, "school:gender": null, "old_name": null, "wikimedia_commons": null, "addr:housename": null, "ref:IN:UDISE": null, "barrier": null, "school": null, "name:etymology:wikidata": null, "addr:state": null, "addr:suburb": null, "alt_name": null, "surface": null, "height": null, "building:part": null, "species:en": null, "level": null, "name:mr": null, "short_name": null, "start_date": null, "name:fr": null, "layer": null, "ele": null, "type": "multipolygon" }, "geometry": { "type": "Polygon", "coordinates": [ [ [ 72.832955, 18.9362684 ], [ 72.8327808, 18.9358713 ], [ 72.8324211, 18.9360125 ], [ 72.8325953, 18.9364096 ], [ 72.832955, 18.9362684 ] ], [ [ 72.8326214, 18.9360876 ], [ 72.8327672, 18.9360317 ], [ 72.832817, 18.936148 ], [ 72.8326712, 18.9362039 ], [ 72.8326214, 18.9360876 ] ] ] } },
{ "type": "Feature", "properties": { "element": "relation", "id": 13649674, "amenity": "school", "name": "Janata High School", "opening_hours": null, "source": null, "tourism": null, "name:ur": null, "addr:city": null, "addr:housenumber": null, "addr:postcode": null, "addr:street": null, "denomination": null, "grades": null, "religion": null, "timing": null, "wikidata": null, "fixme": null, "name:en": null, "operator": null, "website": null, "check_date": null, "description": null, "female": null, "note": null, "phone": null, "isced:level": "1;2;3", "education": null, "fee": null, "operator:type": null, "addr:country": null, "email": null, "capacity": null, "operator:short": null, "operator:wikidata": null, "addr:district": null, "check_date:opening_hours": null, "name:hi": null, "building": "yes", "brand": null, "brand:wikidata": null, "landuse": null, "building:levels": null, "wikipedia": null, "amenity_1": null, "school:gender": null, "old_name": null, "wikimedia_commons": null, "addr:housename": null, "ref:IN:UDISE": null, "barrier": null, "school": null, "name:etymology:wikidata": null, "addr:state": null, "addr:suburb": null, "alt_name": null, "surface": null, "height": null, "building:part": null, "species:en": null, "level": null, "name:mr": null, "short_name": null, "start_date": null, "name:fr": null, "layer": null, "ele": null, "type": "multipolygon" }, "geometry": { "type": "Polygon", "coordinates": [ [ [ 72.8215021, 19.0162542 ], [ 72.8217134, 19.0157982 ], [ 72.8216359, 19.0157652 ], [ 72.8216075, 19.0157969 ], [ 72.8214432, 19.0157302 ], [ 72.8212537, 19.0161569 ], [ 72.8215021, 19.0162542 ] ], [ [ 72.8214531, 19.0158942 ], [ 72.821551, 19.0159303 ], [ 72.8214799, 19.0160913 ], [ 72.8213847, 19.0160552 ], [ 72.8214531, 19.0158942 ] ] ] } },
{ "type": "Feature", "properties": { "element": "way", "id": 27054865, "amenity": "school", "name": "Chatrabhuj Narsee Monjee School", "opening_hours": null, "source": null, "tourism": null, "name:ur": null, "addr:city": null, "addr:housenumber": null, "addr:postcode": null, "addr:street": "D N Path", "denomination": null, "grades": null, "religion": null, "timing": null, "wikidata": null, "fixme": null, "name:en": null, "operator": null, "website": null, "check_date": null, "description": null, "female": null, "note": null, "phone": null, "isced:level": null, "education": null, "fee": null, "operator:type": null, "addr:country": null, "email": null, "capacity": null, "operator:short": null, "operator:wikidata": null, "addr:district": null, "check_date:opening_hours": null, "name:hi": null, "building": null, "brand": null, "brand:wikidata": null, "landuse": null, "building:levels": null, "wikipedia": null, "amenity_1": null, "school:gender": null, "old_name": null, "wikimedia_commons": null, "addr:housename": null, "ref:IN:UDISE": null, "barrier": null, "school": null, "name:etymology:wikidata": null, "addr:state": null, "addr:suburb": null, "alt_name": null, "surface": null, "height": null, "building:part": null, "species:en": null, "level": null, "name:mr": null, "short_name": null, "start_date": null, "name:fr": null, "layer": null, "ele": null, "type": null }, "geometry": { "type": "Polygon", "coordinates": [ [ [ 72.8410212, 19.1061268 ], [ 72.8409267, 19.1067784 ], [ 72.8411655, 19.1067784 ], [ 72.8412351, 19.1068679 ], [ 72.8412501, 19.1074101 ], [ 72.8413098, 19.1074499 ], [ 72.8416738, 19.1074074 ], [ 72.8416527, 19.1068752 ], [ 72.8416799, 19.1068031 ], [ 72.8417196, 19.1067177 ], [ 72.8419266, 19.106669 ], [ 72.8419465, 19.106465 ], [ 72.8419664, 19.1062113 ], [ 72.8419093, 19.1061773 ], [ 72.8410212, 19.1061268 ] ] ] } },
{ "type": "Feature", "properties": { "element": "way", "id": 27054961, "amenity": "school", "name": "M A Government School", "opening_hours": null, "source": null, "tourism": null, "name:ur": null, "addr:city": null, "addr:housenumber": null, "addr:postcode": null, "addr:street": null, "denomination": null, "grades": null, "religion": null, "timing": null, "wikidata": null, "fixme": null, "name:en": null, "operator": null, "website": null, "check_date": null, "description": null, "female": null, "note": null, "phone": null, "isced:level": null, "education": null, "fee": null, "operator:type": null, "addr:country": null, "email": null, "capacity": null, "operator:short": null, "operator:wikidata": null, "addr:district": null, "check_date:opening_hours": null, "name:hi": null, "building": null, "brand": null, "brand:wikidata": null, "landuse": null, "building:levels": null, "wikipedia": null, "amenity_1": null, "school:gender": null, "old_name": null, "wikimedia_commons": null, "addr:housename": null, "ref:IN:UDISE": null, "barrier": null, "school": null, "name:etymology:wikidata": null, "addr:state": null, "addr:suburb": null, "alt_name": null, "surface": null, "height": null, "building:part": null, "species:en": null, "level": null, "name:mr": null, "short_name": null, "start_date": null, "name:fr": null, "layer": null, "ele": null, "type": null }, "geometry": { "type": "Polygon", "coordinates": [ [ [ 72.8447337, 19.1168867 ], [ 72.8445866, 19.1164771 ], [ 72.8446496, 19.1164141 ], [ 72.8451747, 19.1162671 ], [ 72.8456788, 19.1162198 ], [ 72.8457944, 19.1162671 ], [ 72.8458259, 19.1162881 ], [ 72.8458969, 19.1165796 ], [ 72.8447337, 19.1168867 ] ] ] } },
{ "type": "Feature", "properties": { "element": "way", "id": 38725419, "amenity": "school", "name": "Walsingham House School", "opening_hours": null, "source": null, "tourism": null, "name:ur": null, "addr:city": null, "addr:housenumber": null, "addr:postcode": null, "addr:street": null, "denomination": null, "grades": null, "religion": null, "timing": null, "wikidata": null, "fixme": null, "name:en": null, "operator": null, "website": null, "check_date": null, "description": null, "female": null, "note": null, "phone": null, "isced:level": null, "education": null, "fee": null, "operator:type": null, "addr:country": null, "email": null, "capacity": null, "operator:short": null, "operator:wikidata": null, "addr:district": null, "check_date:opening_hours": null, "name:hi": null, "building": "yes", "brand": null, "brand:wikidata": null, "landuse": null, "building:levels": null, "wikipedia": null, "amenity_1": null, "school:gender": null, "old_name": null, "wikimedia_commons": null, "addr:housename": null, "ref:IN:UDISE": null, "barrier": null, "school": null, "name:etymology:wikidata": null, "addr:state": null, "addr:suburb": null, "alt_name": null, "surface": null, "height": null, "building:part": null, "species:en": null, "level": null, "name:mr": null, "short_name": null, "start_date": null, "name:fr": null, "layer": null, "ele": null, "type": null }, "geometry": { "type": "Polygon", "coordinates": [ [ [ 72.7961342, 18.9540341 ], [ 72.7960794, 18.9539223 ], [ 72.7960021, 18.9539223 ], [ 72.795942, 18.9538898 ], [ 72.795942, 18.953833 ], [ 72.7960021, 18.9537681 ], [ 72.7959368, 18.9536282 ], [ 72.7962424, 18.9534921 ], [ 72.7963111, 18.9536382 ], [ 72.7963883, 18.9536057 ], [ 72.7964484, 18.9537275 ], [ 72.7963712, 18.95376 ], [ 72.7964313, 18.953898 ], [ 72.7961342, 18.9540341 ] ] ] } },
{ "type": "Feature", "properties": { "element": "way", "id": 39836739, "amenity": "school", "name": "St. Columba High School", "opening_hours": null, "source": null, "tourism": null, "name:ur": null, "addr:city": "Mumbai", "addr:housenumber": null, "addr:postcode": "400007", "addr:street": "Gamdevi Lane", "denomination": null, "grades": null, "religion": null, "timing": null, "wikidata": null, "fixme": null, "name:en": null, "operator": null, "website": null, "check_date": null, "description": null, "female": null, "note": null, "phone": null, "isced:level": null, "education": null, "fee": null, "operator:type": null, "addr:country": null, "email": null, "capacity": null, "operator:short": null, "operator:wikidata": null, "addr:district": "Mumbai", "check_date:opening_hours": null, "name:hi": null, "building": "yes", "brand": null, "brand:wikidata": null, "landuse": null, "building:levels": null, "wikipedia": null, "amenity_1": null, "school:gender": null, "old_name": null, "wikimedia_commons": null, "addr:housename": null, "ref:IN:UDISE": null, "barrier": null, "school": null, "name:etymology:wikidata": null, "addr:state": null, "addr:suburb": null, "alt_name": null, "surface": null, "height": null, "building:part": null, "species:en": null, "level": null, "name:mr": null, "short_name": null, "start_date": null, "name:fr": null, "layer": null, "ele": null, "type": null }, "geometry": { "type": "Polygon", "coordinates": [ [ [ 72.811763, 18.9608682 ], [ 72.8116265, 18.9606722 ], [ 72.8117073, 18.9606218 ], [ 72.811716, 18.9606343 ], [ 72.811945, 18.9604739 ], [ 72.8119971, 18.9604414 ], [ 72.8120052, 18.960453 ], [ 72.81204, 18.9604306 ], [ 72.8120669, 18.9604665 ], [ 72.8120523, 18.9604762 ], [ 72.8121026, 18.9605433 ], [ 72.8121109, 18.9605382 ], [ 72.8121377, 18.9605202 ], [ 72.8121817, 18.9605788 ], [ 72.8122923, 18.9607801 ], [ 72.8123561, 18.9609202 ], [ 72.8122397, 18.9609531 ], [ 72.8122264, 18.9609028 ], [ 72.81203, 18.960602 ], [ 72.8117722, 18.9607742 ], [ 72.8118128, 18.960835 ], [ 72.811763, 18.9608682 ] ] ] } },
{ "type": "Feature", "properties": { "element": "way", "id": 39842003, "amenity": "school", "name": "BM Ruia Girls College", "opening_hours": null, "source": null, "tourism": null, "name:ur": null, "addr:city": null, "addr:housenumber": null, "addr:postcode": null, "addr:street": null, "denomination": null, "grades": null, "religion": null, "timing": null, "wikidata": null, "fixme": null, "name:en": null, "operator": null, "website": null, "check_date": null, "description": null, "female": null, "note": null, "phone": null, "isced:level": null, "education": null, "fee": null, "operator:type": null, "addr:country": null, "email": null, "capacity": null, "operator:short": null, "operator:wikidata": null, "addr:district": null, "check_date:opening_hours": null, "name:hi": null, "building": "apartments", "brand": null, "brand:wikidata": null, "landuse": null, "building:levels": null, "wikipedia": null, "amenity_1": null, "school:gender": null, "old_name": null, "wikimedia_commons": null, "addr:housename": null, "ref:IN:UDISE": null, "barrier": null, "school": null, "name:etymology:wikidata": null, "addr:state": null, "addr:suburb": null, "alt_name": null, "surface": null, "height": null, "building:part": null, "species:en": null, "level": null, "name:mr": null, "short_name": null, "start_date": null, "name:fr": null, "layer": null, "ele": null, "type": null }, "geometry": { "type": "Polygon", "coordinates": [ [ [ 72.8102994, 18.9596304 ], [ 72.8104388, 18.9598187 ], [ 72.8105186, 18.9597596 ], [ 72.8103792, 18.9595713 ], [ 72.8102994, 18.9596304 ] ] ] } },
{ "type": "Feature", "properties": { "element": "way", "id": 48748553, "amenity": "school", "name": "Girton High School", "opening_hours": null, "source": "Yahoo", "tourism": null, "name:ur": null, "addr:city": "Mumbai", "addr:housenumber": "Grant Road", "addr:postcode": "400007", "addr:street": "N Bharucha Marg", "denomination": null, "grades": null, "religion": null, "timing": null, "wikidata": null, "fixme": null, "name:en": null, "operator": null, "website": null, "check_date": null, "description": null, "female": null, "note": null, "phone": null, "isced:level": null, "education": null, "fee": null, "operator:type": null, "addr:country": null, "email": null, "capacity": null, "operator:short": null, "operator:wikidata": null, "addr:district": "Mumbai City", "check_date:opening_hours": null, "name:hi": null, "building": "apartments", "brand": null, "brand:wikidata": null, "landuse": null, "building:levels": null, "wikipedia": null, "amenity_1": null, "school:gender": null, "old_name": null, "wikimedia_commons": null, "addr:housename": null, "ref:IN:UDISE": null, "barrier": null, "school": null, "name:etymology:wikidata": null, "addr:state": null, "addr:suburb": null, "alt_name": null, "surface": null, "height": null, "building:part": null, "species:en": null, "level": null, "name:mr": null, "short_name": null, "start_date": null, "name:fr": null, "layer": null, "ele": null, "type": null }, "geometry": { "type": "Polygon", "coordinates": [ [ [ 72.8157492, 18.966227 ], [ 72.8156245, 18.9662689 ], [ 72.8156942, 18.966449 ], [ 72.8155668, 18.9664909 ], [ 72.8156044, 18.966586 ], [ 72.8158565, 18.966501 ], [ 72.8157492, 18.966227 ] ] ] } },
{ "type": "Feature", "properties": { "element": "way", "id": 49480385, "amenity": "school", "name": "Navy Children School", "opening_hours": null, "source": null, "tourism": null, "name:ur": null, "addr:city": null, "addr:housenumber": null, "addr:postcode": null, "addr:street": null, "denomination": null, "grades": null, "religion": null, "timing": null, "wikidata": null, "fixme": null, "name:en": null, "operator": null, "website": null, "check_date": "2026-03-12", "description": null, "female": null, "note": null, "phone": null, "isced:level": null, "education": null, "fee": null, "operator:type": null, "addr:country": null, "email": null, "capacity": null, "operator:short": null, "operator:wikidata": null, "addr:district": null, "check_date:opening_hours": null, "name:hi": null, "building": null, "brand": null, "brand:wikidata": null, "landuse": null, "building:levels": null, "wikipedia": null, "amenity_1": null, "school:gender": null, "old_name": null, "wikimedia_commons": null, "addr:housename": null, "ref:IN:UDISE": null, "barrier": null, "school": null, "name:etymology:wikidata": null, "addr:state": null, "addr:suburb": null, "alt_name": null, "surface": null, "height": null, "building:part": null, "species:en": null, "level": null, "name:mr": null, "short_name": null, "start_date": null, "name:fr": null, "layer": null, "ele": null, "type": null }, "geometry": { "type": "Polygon", "coordinates": [ [ [ 72.807448, 18.9105015 ], [ 72.8074026, 18.9104321 ], [ 72.8070897, 18.9099255 ], [ 72.8068685, 18.9095698 ], [ 72.8066761, 18.9092604 ], [ 72.806811, 18.9091634 ], [ 72.8074762, 18.9090497 ], [ 72.8078952, 18.9092355 ], [ 72.8082849, 18.9094266 ], [ 72.8083905, 18.9095918 ], [ 72.8085841, 18.9099129 ], [ 72.8081977, 18.9101225 ], [ 72.8080378, 18.9102016 ], [ 72.8075786, 18.9104289 ], [ 72.807448, 18.9105015 ] ] ] } },
{ "type": "Feature", "properties": { "element": "way", "id": 52754753, "amenity": "school", "name": "Kendriya Vidyalaya No.3, Colaba", "opening_hours": null, "source": null, "tourism": null, "name:ur": null, "addr:city": null, "addr:housenumber": null, "addr:postcode": null, "addr:street": null, "denomination": null, "grades": null, "religion": null, "timing": null, "wikidata": null, "fixme": null, "name:en": null, "operator": null, "website": null, "check_date": "2026-03-12", "description": null, "female": null, "note": null, "phone": null, "isced:level": "1;2;3", "education": null, "fee": null, "operator:type": null, "addr:country": null, "email": null, "capacity": null, "operator:short": null, "operator:wikidata": null, "addr:district": null, "check_date:opening_hours": null, "name:hi": null, "building": null, "brand": "Kendriya Vidyalaya", "brand:wikidata": "Q1156653", "landuse": "education", "building:levels": null, "wikipedia": null, "amenity_1": null, "school:gender": null, "old_name": null, "wikimedia_commons": null, "addr:housename": null, "ref:IN:UDISE": null, "barrier": null, "school": null, "name:etymology:wikidata": null, "addr:state": null, "addr:suburb": null, "alt_name": null, "surface": null, "height": null, "building:part": null, "species:en": null, "level": null, "name:mr": null, "short_name": null, "start_date": null, "name:fr": null, "layer": null, "ele": null, "type": null }, "geometry": { "type": "Polygon", "coordinates": [ [ [ 72.8088441, 18.8956419 ], [ 72.8098311, 18.89585 ], [ 72.810314, 18.8950201 ], [ 72.8101369, 18.8944518 ], [ 72.8096541, 18.8943173 ], [ 72.8090694, 18.8948045 ], [ 72.8088441, 18.8956419 ] ] ] } },
{ "type": "Feature", "properties": { "element": "way", "id": 53349816, "amenity": "school", "name": "Dharavi Municipal School", "opening_hours": null, "source": null, "tourism": null, "name:ur": null, "addr:city": null, "addr:housenumber": null, "addr:postcode": null, "addr:street": null, "denomination": null, "grades": null, "religion": null, "timing": null, "wikidata": null, "fixme": null, "name:en": null, "operator": null, "website": null, "check_date": null, "description": null, "female": null, "note": null, "phone": null, "isced:level": null, "education": "school", "fee": null, "operator:type": null, "addr:country": null, "email": null, "capacity": null, "operator:short": null, "operator:wikidata": null, "addr:district": null, "check_date:opening_hours": null, "name:hi": null, "building": null, "brand": null, "brand:wikidata": null, "landuse": null, "building:levels": null, "wikipedia": null, "amenity_1": null, "school:gender": null, "old_name": null, "wikimedia_commons": null, "addr:housename": null, "ref:IN:UDISE": null, "barrier": null, "school": null, "name:etymology:wikidata": null, "addr:state": null, "addr:suburb": null, "alt_name": null, "surface": null, "height": null, "building:part": null, "species:en": null, "level": null, "name:mr": null, "short_name": null, "start_date": null, "name:fr": null, "layer": null, "ele": null, "type": null }, "geometry": { "type": "Polygon", "coordinates": [ [ [ 72.8602162, 19.0431075 ], [ 72.8596325, 19.0435137 ], [ 72.858952, 19.0426305 ], [ 72.8595788, 19.0422091 ], [ 72.8602162, 19.0431075 ] ] ] } },
{ "type": "Feature", "properties": { "element": "way", "id": 56077894, "amenity": "school", "name": "A.H. Wadia High School", "opening_hours": null, "source": null, "tourism": null, "name:ur": null, "addr:city": null, "addr:housenumber": null, "addr:postcode": null, "addr:street": null, "denomination": null, "grades": null, "religion": null, "timing": null, "wikidata": null, "fixme": null, "name:en": null, "operator": null, "website": null, "check_date": null, "description": null, "female": null, "note": null, "phone": null, "isced:level": null, "education": null, "fee": null, "operator:type": "private", "addr:country": null, "email": null, "capacity": null, "operator:short": null, "operator:wikidata": null, "addr:district": null, "check_date:opening_hours": null, "name:hi": null, "building": null, "brand": null, "brand:wikidata": null, "landuse": null, "building:levels": null, "wikipedia": null, "amenity_1": null, "school:gender": null, "old_name": null, "wikimedia_commons": null, "addr:housename": null, "ref:IN:UDISE": null, "barrier": null, "school": null, "name:etymology:wikidata": null, "addr:state": null, "addr:suburb": null, "alt_name": null, "surface": null, "height": null, "building:part": null, "species:en": null, "level": null, "name:mr": null, "short_name": null, "start_date": null, "name:fr": null, "layer": null, "ele": null, "type": null }, "geometry": { "type": "Polygon", "coordinates": [ [ [ 72.8340098, 19.1269259 ], [ 72.8340957, 19.1272934 ], [ 72.8349781, 19.1271185 ], [ 72.8349481, 19.1264642 ], [ 72.8349271, 19.1260061 ], [ 72.8343424, 19.1261302 ], [ 72.8345141, 19.126817 ], [ 72.8340098, 19.1269259 ] ] ] } },
{ "type": "Feature", "properties": { "element": "way", "id": 56207793, "amenity": "school", "name": "St Anne's High Scool", "opening_hours": null, "source": null, "tourism": null, "name:ur": null, "addr:city": null, "addr:housenumber": null, "addr:postcode": null, "addr:street": null, "denomination": null, "grades": null, "religion": null, "timing": null, "wikidata": null, "fixme": null, "name:en": null, "operator": null, "website": null, "check_date": null, "description": null, "female": null, "note": null, "phone": null, "isced:level": null, "education": null, "fee": null, "operator:type": null, "addr:country": null, "email": null, "capacity": null, "operator:short": null, "operator:wikidata": null, "addr:district": null, "check_date:opening_hours": null, "name:hi": null, "building": "yes", "brand": null, "brand:wikidata": null, "landuse": null, "building:levels": null, "wikipedia": null, "amenity_1": null, "school:gender": null, "old_name": null, "wikimedia_commons": null, "addr:housename": null, "ref:IN:UDISE": null, "barrier": null, "school": null, "name:etymology:wikidata": null, "addr:state": null, "addr:suburb": null, "alt_name": null, "surface": null, "height": null, "building:part": null, "species:en": null, "level": null, "name:mr": null, "short_name": null, "start_date": null, "name:fr": null, "layer": null, "ele": null, "type": null }, "geometry": { "type": "Polygon", "coordinates": [ [ [ 72.831153, 18.9250918 ], [ 72.8312237, 18.9253821 ], [ 72.8315017, 18.9253216 ], [ 72.831431, 18.9250313 ], [ 72.831153, 18.9250918 ] ] ] } },
{ "type": "Feature", "properties": { "element": "way", "id": 56207795, "amenity": "school", "name": "Campion School", "opening_hours": null, "source": null, "tourism": null, "name:ur": null, "addr:city": "Mumbai", "addr:housenumber": "13", "addr:postcode": "400001", "addr:street": "Cooperage St, Dr Ambedkar Statue Chowk Area, Colaba", "denomination": null, "grades": null, "religion": null, "timing": null, "wikidata": "Q5028412", "fixme": null, "name:en": null, "operator": null, "website": null, "check_date": null, "description": null, "female": null, "note": null, "phone": null, "isced:level": null, "education": null, "fee": null, "operator:type": null, "addr:country": null, "email": null, "capacity": null, "operator:short": null, "operator:wikidata": null, "addr:district": "Mumbai City", "check_date:opening_hours": null, "name:hi": null, "building": "yes", "brand": null, "brand:wikidata": null, "landuse": null, "building:levels": "4", "wikipedia": "en:Campion School, Mumbai", "amenity_1": null, "school:gender": null, "old_name": null, "wikimedia_commons": null, "addr:housename": null, "ref:IN:UDISE": null, "barrier": null, "school": null, "name:etymology:wikidata": null, "addr:state": null, "addr:suburb": null, "alt_name": null, "surface": null, "height": null, "building:part": null, "species:en": null, "level": null, "name:mr": null, "short_name": null, "start_date": null, "name:fr": null, "layer": null, "ele": null, "type": null }, "geometry": { "type": "Polygon", "coordinates": [ [ [ 72.8297217, 18.9249867 ], [ 72.8300021, 18.9249566 ], [ 72.8299979, 18.9249071 ], [ 72.8299447, 18.924905 ], [ 72.8299455, 18.924872 ], [ 72.8300405, 18.9248666 ], [ 72.8300304, 18.9247906 ], [ 72.8299491, 18.9247966 ], [ 72.8299436, 18.9247201 ], [ 72.8299801, 18.9247187 ], [ 72.8299751, 18.9246628 ], [ 72.8299027, 18.9246677 ], [ 72.8298975, 18.9245978 ], [ 72.8299759, 18.9245929 ], [ 72.8299755, 18.9245434 ], [ 72.8296715, 18.924565 ], [ 72.829675, 18.9246052 ], [ 72.829654, 18.9246431 ], [ 72.8296593, 18.9246866 ], [ 72.8297082, 18.9246952 ], [ 72.8297105, 18.9247409 ], [ 72.8297531, 18.9247399 ], [ 72.8297567, 18.9248147 ], [ 72.8296974, 18.9248193 ], [ 72.8297217, 18.9249867 ] ] ] } },
{ "type": "Feature", "properties": { "element": "way", "id": 76281423, "amenity": "school", "name": "St. Pauls Convent", "opening_hours": null, "source": null, "tourism": null, "name:ur": null, "addr:city": null, "addr:housenumber": null, "addr:postcode": null, "addr:street": null, "denomination": null, "grades": null, "religion": null, "timing": null, "wikidata": null, "fixme": null, "name:en": null, "operator": null, "website": null, "check_date": "2026-03-20", "description": null, "female": null, "note": null, "phone": null, "isced:level": null, "education": null, "fee": null, "operator:type": null, "addr:country": null, "email": null, "capacity": null, "operator:short": null, "operator:wikidata": null, "addr:district": null, "check_date:opening_hours": null, "name:hi": null, "building": null, "brand": null, "brand:wikidata": null, "landuse": null, "building:levels": null, "wikipedia": null, "amenity_1": null, "school:gender": null, "old_name": null, "wikimedia_commons": null, "addr:housename": null, "ref:IN:UDISE": null, "barrier": null, "school": null, "name:etymology:wikidata": null, "addr:state": null, "addr:suburb": null, "alt_name": null, "surface": null, "height": null, "building:part": null, "species:en": null, "level": null, "name:mr": null, "short_name": null, "start_date": null, "name:fr": null, "layer": null, "ele": null, "type": null }, "geometry": { "type": "Polygon", "coordinates": [ [ [ 72.8422337, 19.0083644 ], [ 72.842188, 19.0082074 ], [ 72.8419708, 19.0073323 ], [ 72.8413287, 19.0074165 ], [ 72.8411933, 19.0071472 ], [ 72.8422394, 19.0069879 ], [ 72.8422907, 19.0073278 ], [ 72.843552, 19.0071497 ], [ 72.8435882, 19.0072701 ], [ 72.843501, 19.0075859 ], [ 72.8432851, 19.0079383 ], [ 72.8428023, 19.0083948 ], [ 72.8425877, 19.0085774 ], [ 72.8422337, 19.0083644 ] ] ] } },
{ "type": "Feature", "properties": { "element": "way", "id": 84834276, "amenity": "school", "name": null, "opening_hours": null, "source": null, "tourism": null, "name:ur": null, "addr:city": null, "addr:housenumber": null, "addr:postcode": null, "addr:street": null, "denomination": null, "grades": null, "religion": null, "timing": null, "wikidata": null, "fixme": null, "name:en": null, "operator": null, "website": null, "check_date": null, "description": null, "female": null, "note": null, "phone": null, "isced:level": null, "education": null, "fee": null, "operator:type": null, "addr:country": null, "email": null, "capacity": null, "operator:short": null, "operator:wikidata": null, "addr:district": null, "check_date:opening_hours": null, "name:hi": null, "building": null, "brand": null, "brand:wikidata": null, "landuse": null, "building:levels": null, "wikipedia": null, "amenity_1": null, "school:gender": null, "old_name": null, "wikimedia_commons": null, "addr:housename": null, "ref:IN:UDISE": null, "barrier": null, "school": null, "name:etymology:wikidata": null, "addr:state": null, "addr:suburb": null, "alt_name": null, "surface": null, "height": null, "building:part": null, "species:en": null, "level": null, "name:mr": null, "short_name": null, "start_date": null, "name:fr": null, "layer": null, "ele": null, "type": null }, "geometry": { "type": "Polygon", "coordinates": [ [ [ 72.8546066, 19.1628001 ], [ 72.854789, 19.1623137 ], [ 72.8553898, 19.1625974 ], [ 72.8554434, 19.1634588 ], [ 72.8553468, 19.16355 ], [ 72.8546066, 19.1628001 ] ] ] } },
{ "type": "Feature", "properties": { "element": "way", "id": 101698629, "amenity": "school", "name": "VIBGYOR High School CBSE", "opening_hours": null, "source": null, "tourism": null, "name:ur": null, "addr:city": null, "addr:housenumber": null, "addr:postcode": null, "addr:street": null, "denomination": null, "grades": null, "religion": null, "timing": null, "wikidata": null, "fixme": null, "name:en": null, "operator": null, "website": null, "check_date": null, "description": null, "female": null, "note": null, "phone": null, "isced:level": null, "education": null, "fee": null, "operator:type": null, "addr:country": null, "email": null, "capacity": null, "operator:short": null, "operator:wikidata": null, "addr:district": null, "check_date:opening_hours": null, "name:hi": null, "building": null, "brand": null, "brand:wikidata": null, "landuse": null, "building:levels": null, "wikipedia": null, "amenity_1": null, "school:gender": null, "old_name": null, "wikimedia_commons": null, "addr:housename": null, "ref:IN:UDISE": null, "barrier": null, "school": null, "name:etymology:wikidata": null, "addr:state": null, "addr:suburb": null, "alt_name": null, "surface": null, "height": null, "building:part": null, "species:en": null, "level": null, "name:mr": null, "short_name": null, "start_date": null, "name:fr": null, "layer": null, "ele": null, "type": null }, "geometry": { "type": "Polygon", "coordinates": [ [ [ 72.8356136, 19.1596349 ], [ 72.8356731, 19.159336 ], [ 72.8364251, 19.1593106 ], [ 72.8364372, 19.1596292 ], [ 72.8356136, 19.1596349 ] ] ] } },
{ "type": "Feature", "properties": { "element": "way", "id": 102765231, "amenity": "school", "name": "A.B.Goregaonkar English School", "opening_hours": null, "source": null, "tourism": null, "name:ur": null, "addr:city": null, "addr:housenumber": null, "addr:postcode": null, "addr:street": null, "denomination": null, "grades": null, "religion": null, "timing": null, "wikidata": null, "fixme": null, "name:en": null, "operator": null, "website": null, "check_date": null, "description": null, "female": null, "note": null, "phone": null, "isced:level": null, "education": null, "fee": null, "operator:type": null, "addr:country": null, "email": null, "capacity": null, "operator:short": null, "operator:wikidata": null, "addr:district": null, "check_date:opening_hours": null, "name:hi": null, "building": null, "brand": null, "brand:wikidata": null, "landuse": null, "building:levels": null, "wikipedia": null, "amenity_1": null, "school:gender": null, "old_name": null, "wikimedia_commons": null, "addr:housename": null, "ref:IN:UDISE": null, "barrier": null, "school": null, "name:etymology:wikidata": null, "addr:state": null, "addr:suburb": null, "alt_name": null, "surface": null, "height": null, "building:part": null, "species:en": null, "level": null, "name:mr": null, "short_name": null, "start_date": null, "name:fr": null, "layer": null, "ele": null, "type": null }, "geometry": { "type": "Polygon", "coordinates": [ [ [ 72.8466506, 19.1669716 ], [ 72.8464998, 19.1675035 ], [ 72.8476231, 19.1677341 ], [ 72.8476958, 19.1671944 ], [ 72.8471617, 19.1670902 ], [ 72.8466506, 19.1669716 ] ] ] } },
{ "type": "Feature", "properties": { "element": "way", "id": 112781805, "amenity": "school", "name": "Don Bosco School - Matunga", "opening_hours": null, "source": null, "tourism": null, "name:ur": null, "addr:city": "Mumbai", "addr:housenumber": null, "addr:postcode": "400019", "addr:street": "Nathalal Parekh Road", "denomination": null, "grades": null, "religion": "christian", "timing": null, "wikidata": null, "fixme": null, "name:en": null, "operator": null, "website": null, "check_date": null, "description": null, "female": null, "note": null, "phone": null, "isced:level": null, "education": "school", "fee": null, "operator:type": null, "addr:country": null, "email": null, "capacity": null, "operator:short": null, "operator:wikidata": null, "addr:district": null, "check_date:opening_hours": null, "name:hi": null, "building": null, "brand": null, "brand:wikidata": null, "landuse": null, "building:levels": null, "wikipedia": null, "amenity_1": "church", "school:gender": null, "old_name": null, "wikimedia_commons": null, "addr:housename": null, "ref:IN:UDISE": null, "barrier": null, "school": null, "name:etymology:wikidata": null, "addr:state": null, "addr:suburb": null, "alt_name": null, "surface": null, "height": null, "building:part": null, "species:en": null, "level": null, "name:mr": null, "short_name": null, "start_date": null, "name:fr": null, "layer": null, "ele": null, "type": null }, "geometry": { "type": "Polygon", "coordinates": [ [ [ 72.8570178, 19.0267313 ], [ 72.8590776, 19.0268977 ], [ 72.8594308, 19.0259986 ], [ 72.8595713, 19.0251186 ], [ 72.8595176, 19.0250628 ], [ 72.857286, 19.0247763 ], [ 72.8571787, 19.0248371 ], [ 72.8571298, 19.0251762 ], [ 72.8570654, 19.0256236 ], [ 72.8569963, 19.0266926 ], [ 72.8570178, 19.0267313 ] ] ] } },
{ "type": "Feature", "properties": { "element": "way", "id": 113578545, "amenity": "school", "name": "J.B. Vaccha High School for Girls", "opening_hours": null, "source": null, "tourism": null, "name:ur": null, "addr:city": null, "addr:housenumber": null, "addr:postcode": null, "addr:street": null, "denomination": null, "grades": null, "religion": null, "timing": null, "wikidata": null, "fixme": null, "name:en": null, "operator": null, "website": null, "check_date": null, "description": null, "female": null, "note": null, "phone": null, "isced:level": null, "education": null, "fee": null, "operator:type": null, "addr:country": null, "email": null, "capacity": null, "operator:short": null, "operator:wikidata": null, "addr:district": null, "check_date:opening_hours": null, "name:hi": null, "building": null, "brand": null, "brand:wikidata": null, "landuse": null, "building:levels": null, "wikipedia": null, "amenity_1": null, "school:gender": null, "old_name": null, "wikimedia_commons": null, "addr:housename": null, "ref:IN:UDISE": null, "barrier": null, "school": null, "name:etymology:wikidata": null, "addr:state": null, "addr:suburb": null, "alt_name": null, "surface": null, "height": null, "building:part": null, "species:en": null, "level": null, "name:mr": null, "short_name": null, "start_date": null, "name:fr": null, "layer": null, "ele": null, "type": null }, "geometry": { "type": "Polygon", "coordinates": [ [ [ 72.8517386, 19.0194636 ], [ 72.8519655, 19.0191155 ], [ 72.852751, 19.0195732 ], [ 72.852524, 19.0199213 ], [ 72.8517386, 19.0194636 ] ] ] } },
{ "type": "Feature", "properties": { "element": "way", "id": 113696497, "amenity": "school", "name": "Chhabildas Boys High School", "opening_hours": null, "source": null, "tourism": null, "name:ur": null, "addr:city": null, "addr:housenumber": null, "addr:postcode": null, "addr:street": null, "denomination": null, "grades": null, "religion": null, "timing": null, "wikidata": null, "fixme": null, "name:en": null, "operator": null, "website": null, "check_date": null, "description": null, "female": null, "note": null, "phone": null, "isced:level": "1;2;3", "education": null, "fee": null, "operator:type": null, "addr:country": null, "email": null, "capacity": null, "operator:short": null, "operator:wikidata": null, "addr:district": null, "check_date:opening_hours": null, "name:hi": null, "building": null, "brand": null, "brand:wikidata": null, "landuse": null, "building:levels": null, "wikipedia": null, "amenity_1": null, "school:gender": "male", "old_name": null, "wikimedia_commons": null, "addr:housename": null, "ref:IN:UDISE": null, "barrier": null, "school": null, "name:etymology:wikidata": null, "addr:state": null, "addr:suburb": null, "alt_name": null, "surface": null, "height": null, "building:part": null, "species:en": null, "level": null, "name:mr": null, "short_name": null, "start_date": null, "name:fr": null, "layer": null, "ele": null, "type": null }, "geometry": { "type": "Polygon", "coordinates": [ [ [ 72.8426394, 19.0206184 ], [ 72.84254, 19.0206738 ], [ 72.842039, 19.0206236 ], [ 72.8419006, 19.020441 ], [ 72.842323, 19.0201701 ], [ 72.8426394, 19.0206184 ] ] ] } },
{ "type": "Feature", "properties": { "element": "way", "id": 113715167, "amenity": "school", "name": "Dr. Antonio Da Silva Technical High School & Jr. College Of Science", "opening_hours": null, "source": null, "tourism": null, "name:ur": null, "addr:city": null, "addr:housenumber": null, "addr:postcode": null, "addr:street": null, "denomination": null, "grades": null, "religion": null, "timing": null, "wikidata": null, "fixme": null, "name:en": null, "operator": null, "website": null, "check_date": null, "description": null, "female": null, "note": null, "phone": null, "isced:level": "1;2;3", "education": null, "fee": null, "operator:type": null, "addr:country": null, "email": null, "capacity": null, "operator:short": null, "operator:wikidata": null, "addr:district": null, "check_date:opening_hours": null, "name:hi": null, "building": null, "brand": null, "brand:wikidata": null, "landuse": null, "building:levels": null, "wikipedia": null, "amenity_1": null, "school:gender": null, "old_name": null, "wikimedia_commons": null, "addr:housename": null, "ref:IN:UDISE": null, "barrier": null, "school": null, "name:etymology:wikidata": null, "addr:state": null, "addr:suburb": null, "alt_name": null, "surface": null, "height": null, "building:part": null, "species:en": null, "level": null, "name:mr": null, "short_name": null, "start_date": null, "name:fr": null, "layer": null, "ele": null, "type": null }, "geometry": { "type": "Polygon", "coordinates": [ [ [ 72.8347424, 19.0231393 ], [ 72.8353472, 19.0227823 ], [ 72.8350613, 19.0223382 ], [ 72.8349486, 19.0223319 ], [ 72.8345315, 19.0226159 ], [ 72.8345208, 19.0226881 ], [ 72.8345531, 19.0227699 ], [ 72.8347424, 19.0231393 ] ] ] } },
{ "type": "Feature", "properties": { "element": "way", "id": 113716553, "amenity": "school", "name": "Bombay Scottish", "opening_hours": null, "source": null, "tourism": null, "name:ur": null, "addr:city": null, "addr:housenumber": null, "addr:postcode": null, "addr:street": null, "denomination": null, "grades": null, "religion": null, "timing": null, "wikidata": "Q3631441", "fixme": null, "name:en": null, "operator": null, "website": null, "check_date": null, "description": null, "female": null, "note": null, "phone": null, "isced:level": null, "education": null, "fee": null, "operator:type": null, "addr:country": null, "email": null, "capacity": null, "operator:short": null, "operator:wikidata": null, "addr:district": null, "check_date:opening_hours": null, "name:hi": null, "building": null, "brand": null, "brand:wikidata": null, "landuse": null, "building:levels": null, "wikipedia": "en:Bombay Scottish School, Mahim", "amenity_1": null, "school:gender": null, "old_name": "Scottish Orphanage", "wikimedia_commons": "Category:Bombay Scottish School", "addr:housename": null, "ref:IN:UDISE": null, "barrier": null, "school": null, "name:etymology:wikidata": null, "addr:state": null, "addr:suburb": null, "alt_name": null, "surface": null, "height": null, "building:part": null, "species:en": null, "level": null, "name:mr": null, "short_name": null, "start_date": null, "name:fr": null, "layer": null, "ele": null, "type": null }, "geometry": { "type": "Polygon", "coordinates": [ [ [ 72.8395719, 19.0340812 ], [ 72.8394584, 19.0335676 ], [ 72.8388174, 19.0336927 ], [ 72.8389542, 19.0346845 ], [ 72.8396396, 19.0346067 ], [ 72.8396679, 19.0348271 ], [ 72.8400121, 19.0347848 ], [ 72.8399213, 19.0340388 ], [ 72.8395719, 19.0340812 ] ] ] } },
{ "type": "Feature", "properties": { "element": "way", "id": 113775904, "amenity": "school", "name": "St Joseph High School", "opening_hours": null, "source": null, "tourism": null, "name:ur": null, "addr:city": null, "addr:housenumber": null, "addr:postcode": null, "addr:street": null, "denomination": null, "grades": null, "religion": null, "timing": null, "wikidata": null, "fixme": null, "name:en": null, "operator": null, "website": null, "check_date": null, "description": null, "female": null, "note": null, "phone": null, "isced:level": null, "education": null, "fee": null, "operator:type": null, "addr:country": null, "email": null, "capacity": null, "operator:short": null, "operator:wikidata": null, "addr:district": null, "check_date:opening_hours": null, "name:hi": null, "building": null, "brand": null, "brand:wikidata": null, "landuse": null, "building:levels": null, "wikipedia": null, "amenity_1": null, "school:gender": null, "old_name": null, "wikimedia_commons": null, "addr:housename": null, "ref:IN:UDISE": null, "barrier": null, "school": null, "name:etymology:wikidata": null, "addr:state": null, "addr:suburb": null, "alt_name": null, "surface": null, "height": null, "building:part": null, "species:en": null, "level": null, "name:mr": null, "short_name": null, "start_date": null, "name:fr": null, "layer": null, "ele": null, "type": null }, "geometry": { "type": "Polygon", "coordinates": [ [ [ 72.8565777, 19.0184835 ], [ 72.856091, 19.0187805 ], [ 72.8560388, 19.018836 ], [ 72.8560254, 19.0188502 ], [ 72.8560142, 19.0189339 ], [ 72.8562705, 19.0194471 ], [ 72.8563848, 19.0194487 ], [ 72.8567993, 19.0192695 ], [ 72.8570471, 19.0191389 ], [ 72.8569375, 19.0189287 ], [ 72.8565777, 19.0184835 ] ] ] } },
{ "type": "Feature", "properties": { "element": "way", "id": 113777719, "amenity": "school", "name": "Dadar Athornan Institute", "opening_hours": null, "source": null, "tourism": null, "name:ur": null, "addr:city": "Mumbai", "addr:housenumber": "651-652", "addr:postcode": "400014", "addr:street": "Lady Jehangir Road", "denomination": null, "grades": null, "religion": null, "timing": null, "wikidata": "Q33121281", "fixme": null, "name:en": null, "operator": null, "website": null, "check_date": null, "description": null, "female": null, "note": null, "phone": null, "isced:level": null, "education": null, "fee": null, "operator:type": null, "addr:country": null, "email": null, "capacity": null, "operator:short": null, "operator:wikidata": null, "addr:district": null, "check_date:opening_hours": null, "name:hi": null, "building": null, "brand": null, "brand:wikidata": null, "landuse": null, "building:levels": null, "wikipedia": null, "amenity_1": null, "school:gender": null, "old_name": null, "wikimedia_commons": null, "addr:housename": null, "ref:IN:UDISE": null, "barrier": null, "school": null, "name:etymology:wikidata": null, "addr:state": null, "addr:suburb": null, "alt_name": null, "surface": null, "height": null, "building:part": null, "species:en": null, "level": null, "name:mr": null, "short_name": null, "start_date": null, "name:fr": null, "layer": null, "ele": null, "type": null }, "geometry": { "type": "Polygon", "coordinates": [ [ [ 72.853718, 19.0188778 ], [ 72.8540248, 19.0188268 ], [ 72.8540398, 19.0189607 ], [ 72.8540552, 19.0190548 ], [ 72.8537575, 19.0191014 ], [ 72.853718, 19.0188778 ] ] ] } },
{ "type": "Feature", "properties": { "element": "way", "id": 113792227, "amenity": "school", "name": "Dadar Parsee Youth Assembly High School", "opening_hours": null, "source": null, "tourism": null, "name:ur": null, "addr:city": null, "addr:housenumber": null, "addr:postcode": null, "addr:street": null, "denomination": null, "grades": null, "religion": null, "timing": null, "wikidata": null, "fixme": null, "name:en": null, "operator": null, "website": null, "check_date": null, "description": null, "female": null, "note": null, "phone": null, "isced:level": null, "education": null, "fee": null, "operator:type": null, "addr:country": null, "email": null, "capacity": null, "operator:short": null, "operator:wikidata": null, "addr:district": null, "check_date:opening_hours": null, "name:hi": null, "building": "yes", "brand": null, "brand:wikidata": null, "landuse": null, "building:levels": null, "wikipedia": null, "amenity_1": null, "school:gender": null, "old_name": null, "wikimedia_commons": null, "addr:housename": null, "ref:IN:UDISE": null, "barrier": null, "school": null, "name:etymology:wikidata": null, "addr:state": null, "addr:suburb": null, "alt_name": null, "surface": null, "height": null, "building:part": null, "species:en": null, "level": null, "name:mr": null, "short_name": null, "start_date": null, "name:fr": null, "layer": null, "ele": null, "type": null }, "geometry": { "type": "Polygon", "coordinates": [ [ [ 72.8535283, 19.01812 ], [ 72.8534505, 19.0177777 ], [ 72.8536034, 19.0177422 ], [ 72.8536302, 19.0177802 ], [ 72.8536731, 19.017978 ], [ 72.8536543, 19.0180034 ], [ 72.8536506, 19.0180376 ], [ 72.8536221, 19.0180617 ], [ 72.8536275, 19.0180972 ], [ 72.8535283, 19.01812 ] ] ] } },
{ "type": "Feature", "properties": { "element": "way", "id": 113978749, "amenity": "school", "name": "Auxilium Convent School", "opening_hours": null, "source": null, "tourism": null, "name:ur": null, "addr:city": null, "addr:housenumber": null, "addr:postcode": null, "addr:street": null, "denomination": null, "grades": null, "religion": null, "timing": null, "wikidata": null, "fixme": null, "name:en": null, "operator": null, "website": null, "check_date": null, "description": null, "female": null, "note": null, "phone": null, "isced:level": null, "education": null, "fee": null, "operator:type": null, "addr:country": null, "email": null, "capacity": null, "operator:short": null, "operator:wikidata": null, "addr:district": null, "check_date:opening_hours": null, "name:hi": null, "building": null, "brand": null, "brand:wikidata": null, "landuse": null, "building:levels": null, "wikipedia": null, "amenity_1": null, "school:gender": null, "old_name": null, "wikimedia_commons": null, "addr:housename": null, "ref:IN:UDISE": null, "barrier": null, "school": null, "name:etymology:wikidata": null, "addr:state": null, "addr:suburb": null, "alt_name": null, "surface": null, "height": null, "building:part": null, "species:en": null, "level": null, "name:mr": null, "short_name": null, "start_date": null, "name:fr": null, "layer": null, "ele": null, "type": null }, "geometry": { "type": "Polygon", "coordinates": [ [ [ 72.8544979, 19.0169253 ], [ 72.8548776, 19.016708 ], [ 72.854855, 19.0165879 ], [ 72.8549641, 19.0165959 ], [ 72.8550282, 19.0165519 ], [ 72.8550344, 19.0164823 ], [ 72.8551351, 19.0164818 ], [ 72.8550232, 19.0163456 ], [ 72.854832, 19.0160702 ], [ 72.8545893, 19.0162208 ], [ 72.8545445, 19.0162422 ], [ 72.8545079, 19.0162612 ], [ 72.85394, 19.0166125 ], [ 72.8544979, 19.0169253 ] ] ] } },
{ "type": "Feature", "properties": { "element": "way", "id": 115830793, "amenity": "school", "name": "Seth V.M. Kapole Boarding School", "opening_hours": null, "source": null, "tourism": null, "name:ur": null, "addr:city": null, "addr:housenumber": null, "addr:postcode": null, "addr:street": null, "denomination": null, "grades": null, "religion": null, "timing": null, "wikidata": null, "fixme": null, "name:en": null, "operator": null, "website": null, "check_date": null, "description": null, "female": null, "note": null, "phone": null, "isced:level": null, "education": null, "fee": null, "operator:type": null, "addr:country": null, "email": null, "capacity": null, "operator:short": null, "operator:wikidata": null, "addr:district": null, "check_date:opening_hours": null, "name:hi": null, "building": "yes", "brand": null, "brand:wikidata": null, "landuse": null, "building:levels": null, "wikipedia": null, "amenity_1": null, "school:gender": null, "old_name": null, "wikimedia_commons": null, "addr:housename": null, "ref:IN:UDISE": null, "barrier": null, "school": null, "name:etymology:wikidata": null, "addr:state": null, "addr:suburb": null, "alt_name": null, "surface": null, "height": null, "building:part": null, "species:en": null, "level": null, "name:mr": null, "short_name": null, "start_date": null, "name:fr": null, "layer": null, "ele": null, "type": null }, "geometry": { "type": "Polygon", "coordinates": [ [ [ 72.8536851, 19.0228523 ], [ 72.8536646, 19.0227584 ], [ 72.8537423, 19.0227432 ], [ 72.8536859, 19.0224848 ], [ 72.8536101, 19.0224996 ], [ 72.8535935, 19.0224237 ], [ 72.8537889, 19.0223855 ], [ 72.8538825, 19.0228138 ], [ 72.8536851, 19.0228523 ] ] ] } },
{ "type": "Feature", "properties": { "element": "way", "id": 117083034, "amenity": "school", "name": "Matunga Premier School", "opening_hours": null, "source": null, "tourism": null, "name:ur": null, "addr:city": null, "addr:housenumber": null, "addr:postcode": null, "addr:street": null, "denomination": null, "grades": null, "religion": null, "timing": null, "wikidata": null, "fixme": null, "name:en": null, "operator": null, "website": "https://matungapremierschool.in/", "check_date": null, "description": null, "female": null, "note": null, "phone": null, "isced:level": "0;1;2;3", "education": null, "fee": "yes", "operator:type": null, "addr:country": null, "email": null, "capacity": null, "operator:short": null, "operator:wikidata": null, "addr:district": null, "check_date:opening_hours": null, "name:hi": null, "building": "yes", "brand": null, "brand:wikidata": null, "landuse": null, "building:levels": null, "wikipedia": null, "amenity_1": null, "school:gender": null, "old_name": null, "wikimedia_commons": null, "addr:housename": null, "ref:IN:UDISE": null, "barrier": null, "school": null, "name:etymology:wikidata": null, "addr:state": null, "addr:suburb": null, "alt_name": null, "surface": null, "height": null, "building:part": null, "species:en": null, "level": null, "name:mr": null, "short_name": null, "start_date": null, "name:fr": null, "layer": null, "ele": null, "type": null }, "geometry": { "type": "Polygon", "coordinates": [ [ [ 72.8514766, 19.0273845 ], [ 72.8516169, 19.0272512 ], [ 72.8515139, 19.0271543 ], [ 72.8514013, 19.0272614 ], [ 72.8514439, 19.0273014 ], [ 72.8514162, 19.0273277 ], [ 72.8514766, 19.0273845 ] ] ] } },
{ "type": "Feature", "properties": { "element": "way", "id": 117083050, "amenity": "school", "name": "Shri Dayanand Vidyalay and Junior College", "opening_hours": null, "source": null, "tourism": null, "name:ur": null, "addr:city": null, "addr:housenumber": null, "addr:postcode": null, "addr:street": null, "denomination": null, "grades": null, "religion": null, "timing": null, "wikidata": null, "fixme": null, "name:en": null, "operator": null, "website": null, "check_date": "2026-03-20", "description": null, "female": null, "note": null, "phone": null, "isced:level": null, "education": null, "fee": null, "operator:type": null, "addr:country": null, "email": null, "capacity": null, "operator:short": null, "operator:wikidata": null, "addr:district": null, "check_date:opening_hours": null, "name:hi": null, "building": "yes", "brand": null, "brand:wikidata": null, "landuse": null, "building:levels": null, "wikipedia": null, "amenity_1": null, "school:gender": null, "old_name": null, "wikimedia_commons": null, "addr:housename": null, "ref:IN:UDISE": null, "barrier": null, "school": null, "name:etymology:wikidata": null, "addr:state": null, "addr:suburb": null, "alt_name": null, "surface": null, "height": null, "building:part": null, "species:en": null, "level": null, "name:mr": null, "short_name": null, "start_date": null, "name:fr": null, "layer": null, "ele": null, "type": null }, "geometry": { "type": "Polygon", "coordinates": [ [ [ 72.8518974, 19.0270161 ], [ 72.8520012, 19.0269216 ], [ 72.8518946, 19.026817 ], [ 72.8517908, 19.0269114 ], [ 72.8518974, 19.0270161 ] ] ] } },
{ "type": "Feature", "properties": { "element": "way", "id": 120134555, "amenity": "school", "name": null, "opening_hours": null, "source": null, "tourism": null, "name:ur": null, "addr:city": null, "addr:housenumber": null, "addr:postcode": null, "addr:street": null, "denomination": null, "grades": null, "religion": null, "timing": null, "wikidata": null, "fixme": null, "name:en": null, "operator": null, "website": null, "check_date": null, "description": null, "female": null, "note": null, "phone": null, "isced:level": null, "education": null, "fee": null, "operator:type": null, "addr:country": null, "email": null, "capacity": null, "operator:short": null, "operator:wikidata": null, "addr:district": null, "check_date:opening_hours": null, "name:hi": null, "building": "yes", "brand": null, "brand:wikidata": null, "landuse": null, "building:levels": null, "wikipedia": null, "amenity_1": null, "school:gender": null, "old_name": null, "wikimedia_commons": null, "addr:housename": null, "ref:IN:UDISE": null, "barrier": null, "school": null, "name:etymology:wikidata": null, "addr:state": null, "addr:suburb": null, "alt_name": null, "surface": null, "height": null, "building:part": null, "species:en": null, "level": null, "name:mr": null, "short_name": null, "start_date": null, "name:fr": null, "layer": null, "ele": null, "type": null }, "geometry": { "type": "Polygon", "coordinates": [ [ [ 72.8410392, 19.1888306 ], [ 72.841509, 19.1887528 ], [ 72.8413797, 19.1884173 ], [ 72.8409485, 19.1884725 ], [ 72.8410392, 19.1888306 ] ] ] } },
{ "type": "Feature", "properties": { "element": "way", "id": 120516304, "amenity": "school", "name": "St. Judes High School", "opening_hours": null, "source": null, "tourism": null, "name:ur": null, "addr:city": null, "addr:housenumber": null, "addr:postcode": null, "addr:street": null, "denomination": null, "grades": null, "religion": null, "timing": null, "wikidata": null, "fixme": null, "name:en": null, "operator": null, "website": null, "check_date": null, "description": null, "female": null, "note": null, "phone": null, "isced:level": null, "education": null, "fee": null, "operator:type": null, "addr:country": null, "email": null, "capacity": null, "operator:short": null, "operator:wikidata": null, "addr:district": null, "check_date:opening_hours": null, "name:hi": null, "building": null, "brand": null, "brand:wikidata": null, "landuse": null, "building:levels": null, "wikipedia": null, "amenity_1": null, "school:gender": null, "old_name": null, "wikimedia_commons": null, "addr:housename": null, "ref:IN:UDISE": null, "barrier": null, "school": null, "name:etymology:wikidata": null, "addr:state": null, "addr:suburb": null, "alt_name": null, "surface": null, "height": null, "building:part": null, "species:en": null, "level": null, "name:mr": null, "short_name": null, "start_date": null, "name:fr": null, "layer": null, "ele": null, "type": null }, "geometry": { "type": "Polygon", "coordinates": [ [ [ 72.8198639, 19.1977425 ], [ 72.8198854, 19.1974208 ], [ 72.8198941, 19.197234 ], [ 72.8199772, 19.1972061 ], [ 72.8200758, 19.1973499 ], [ 72.8202186, 19.1974442 ], [ 72.8203735, 19.1975322 ], [ 72.8204654, 19.1975709 ], [ 72.8198639, 19.1977425 ] ] ] } },
{ "type": "Feature", "properties": { "element": "way", "id": 121513368, "amenity": "school", "name": "Nutan Vidya Mandir", "opening_hours": null, "source": null, "tourism": null, "name:ur": null, "addr:city": null, "addr:housenumber": null, "addr:postcode": null, "addr:street": null, "denomination": null, "grades": null, "religion": null, "timing": null, "wikidata": null, "fixme": null, "name:en": null, "operator": null, "website": null, "check_date": "2024-04-24", "description": null, "female": null, "note": null, "phone": null, "isced:level": null, "education": null, "fee": null, "operator:type": null, "addr:country": null, "email": null, "capacity": null, "operator:short": null, "operator:wikidata": null, "addr:district": null, "check_date:opening_hours": null, "name:hi": null, "building": null, "brand": null, "brand:wikidata": null, "landuse": null, "building:levels": null, "wikipedia": null, "amenity_1": null, "school:gender": null, "old_name": null, "wikimedia_commons": null, "addr:housename": null, "ref:IN:UDISE": null, "barrier": null, "school": null, "name:etymology:wikidata": null, "addr:state": null, "addr:suburb": null, "alt_name": null, "surface": null, "height": null, "building:part": null, "species:en": null, "level": null, "name:mr": null, "short_name": null, "start_date": null, "name:fr": null, "layer": null, "ele": null, "type": null }, "geometry": { "type": "Polygon", "coordinates": [ [ [ 72.9311942, 19.0423986 ], [ 72.9316158, 19.0423451 ], [ 72.9316448, 19.0410446 ], [ 72.9312103, 19.0410142 ], [ 72.9311942, 19.0423986 ] ] ] } },
{ "type": "Feature", "properties": { "element": "way", "id": 131957113, "amenity": "school", "name": "Shivaji Shikshan Sanstha High School", "opening_hours": null, "source": null, "tourism": null, "name:ur": null, "addr:city": null, "addr:housenumber": null, "addr:postcode": null, "addr:street": null, "denomination": null, "grades": null, "religion": null, "timing": null, "wikidata": null, "fixme": null, "name:en": null, "operator": null, "website": null, "check_date": null, "description": null, "female": null, "note": null, "phone": null, "isced:level": null, "education": null, "fee": null, "operator:type": null, "addr:country": null, "email": null, "capacity": null, "operator:short": null, "operator:wikidata": null, "addr:district": null, "check_date:opening_hours": null, "name:hi": null, "building": null, "brand": null, "brand:wikidata": null, "landuse": null, "building:levels": null, "wikipedia": null, "amenity_1": null, "school:gender": null, "old_name": null, "wikimedia_commons": null, "addr:housename": null, "ref:IN:UDISE": null, "barrier": null, "school": null, "name:etymology:wikidata": null, "addr:state": null, "addr:suburb": null, "alt_name": null, "surface": null, "height": null, "building:part": null, "species:en": null, "level": null, "name:mr": null, "short_name": null, "start_date": null, "name:fr": null, "layer": null, "ele": null, "type": null }, "geometry": { "type": "Polygon", "coordinates": [ [ [ 72.9132718, 19.0846823 ], [ 72.9129414, 19.0836173 ], [ 72.9132989, 19.0835149 ], [ 72.9139707, 19.0843034 ], [ 72.9136998, 19.0845184 ], [ 72.9132718, 19.0846823 ] ] ] } },
{ "type": "Feature", "properties": { "element": "way", "id": 136172048, "amenity": "school", "name": "Chikalwadi BMC School - 3", "opening_hours": null, "source": null, "tourism": null, "name:ur": null, "addr:city": null, "addr:housenumber": null, "addr:postcode": null, "addr:street": null, "denomination": null, "grades": null, "religion": null, "timing": null, "wikidata": null, "fixme": null, "name:en": null, "operator": null, "website": null, "check_date": null, "description": null, "female": null, "note": null, "phone": null, "isced:level": null, "education": null, "fee": null, "operator:type": null, "addr:country": null, "email": null, "capacity": null, "operator:short": null, "operator:wikidata": null, "addr:district": null, "check_date:opening_hours": null, "name:hi": null, "building": null, "brand": null, "brand:wikidata": null, "landuse": null, "building:levels": null, "wikipedia": null, "amenity_1": null, "school:gender": null, "old_name": null, "wikimedia_commons": null, "addr:housename": null, "ref:IN:UDISE": null, "barrier": null, "school": null, "name:etymology:wikidata": null, "addr:state": null, "addr:suburb": null, "alt_name": null, "surface": null, "height": null, "building:part": null, "species:en": null, "level": null, "name:mr": null, "short_name": null, "start_date": null, "name:fr": null, "layer": null, "ele": null, "type": null }, "geometry": { "type": "Polygon", "coordinates": [ [ [ 72.9286286, 19.0620216 ], [ 72.9292201, 19.0617478 ], [ 72.9289465, 19.061218 ], [ 72.9283553, 19.0614885 ], [ 72.9286286, 19.0620216 ] ] ] } },
{ "type": "Feature", "properties": { "element": "way", "id": 136333110, "amenity": "school", "name": "Sanjay Nagar Municipal School", "opening_hours": null, "source": null, "tourism": null, "name:ur": null, "addr:city": null, "addr:housenumber": null, "addr:postcode": null, "addr:street": null, "denomination": null, "grades": null, "religion": null, "timing": null, "wikidata": null, "fixme": null, "name:en": null, "operator": null, "website": null, "check_date": null, "description": null, "female": null, "note": null, "phone": null, "isced:level": null, "education": null, "fee": null, "operator:type": null, "addr:country": null, "email": null, "capacity": null, "operator:short": null, "operator:wikidata": null, "addr:district": null, "check_date:opening_hours": null, "name:hi": null, "building": null, "brand": null, "brand:wikidata": null, "landuse": null, "building:levels": null, "wikipedia": null, "amenity_1": null, "school:gender": null, "old_name": null, "wikimedia_commons": null, "addr:housename": null, "ref:IN:UDISE": null, "barrier": null, "school": null, "name:etymology:wikidata": null, "addr:state": null, "addr:suburb": null, "alt_name": null, "surface": null, "height": null, "building:part": null, "species:en": null, "level": null, "name:mr": null, "short_name": null, "start_date": null, "name:fr": null, "layer": null, "ele": null, "type": null }, "geometry": { "type": "Polygon", "coordinates": [ [ [ 72.9257843, 19.0647341 ], [ 72.9263824, 19.0644984 ], [ 72.9261491, 19.0639685 ], [ 72.9255724, 19.0641967 ], [ 72.9257843, 19.0647341 ] ] ] } },
{ "type": "Feature", "properties": { "element": "way", "id": 143810899, "amenity": "school", "name": "Parle Tilak English School", "opening_hours": null, "source": null, "tourism": null, "name:ur": null, "addr:city": null, "addr:housenumber": null, "addr:postcode": "400057", "addr:street": "Hanuman Road", "denomination": null, "grades": null, "religion": null, "timing": null, "wikidata": null, "fixme": null, "name:en": null, "operator": null, "website": null, "check_date": null, "description": null, "female": null, "note": null, "phone": null, "isced:level": null, "education": null, "fee": null, "operator:type": null, "addr:country": null, "email": null, "capacity": null, "operator:short": null, "operator:wikidata": null, "addr:district": null, "check_date:opening_hours": null, "name:hi": null, "building": null, "brand": null, "brand:wikidata": null, "landuse": null, "building:levels": null, "wikipedia": null, "amenity_1": null, "school:gender": null, "old_name": null, "wikimedia_commons": null, "addr:housename": "Parle Tilak English School", "ref:IN:UDISE": null, "barrier": null, "school": null, "name:etymology:wikidata": null, "addr:state": null, "addr:suburb": null, "alt_name": null, "surface": null, "height": null, "building:part": null, "species:en": null, "level": null, "name:mr": null, "short_name": null, "start_date": null, "name:fr": null, "layer": null, "ele": null, "type": null }, "geometry": { "type": "Polygon", "coordinates": [ [ [ 72.8478313, 19.1036889 ], [ 72.8479278, 19.1037066 ], [ 72.8480325, 19.1037092 ], [ 72.8480566, 19.1035622 ], [ 72.8480861, 19.1033239 ], [ 72.8478935, 19.1032972 ], [ 72.8478635, 19.1035191 ], [ 72.8478313, 19.1036889 ] ] ] } },
{ "type": "Feature", "properties": { "element": "way", "id": 144076353, "amenity": "school", "name": "Pannalal Lohe Day Care", "opening_hours": null, "source": null, "tourism": null, "name:ur": null, "addr:city": null, "addr:housenumber": null, "addr:postcode": "400057", "addr:street": "Hanuman Road", "denomination": null, "grades": null, "religion": null, "timing": null, "wikidata": null, "fixme": null, "name:en": null, "operator": null, "website": null, "check_date": null, "description": null, "female": null, "note": null, "phone": null, "isced:level": null, "education": null, "fee": null, "operator:type": null, "addr:country": null, "email": null, "capacity": null, "operator:short": null, "operator:wikidata": null, "addr:district": null, "check_date:opening_hours": null, "name:hi": null, "building": null, "brand": null, "brand:wikidata": null, "landuse": null, "building:levels": null, "wikipedia": null, "amenity_1": null, "school:gender": null, "old_name": null, "wikimedia_commons": null, "addr:housename": "Pannalal Lohe Day Care", "ref:IN:UDISE": null, "barrier": null, "school": null, "name:etymology:wikidata": null, "addr:state": null, "addr:suburb": null, "alt_name": null, "surface": null, "height": null, "building:part": null, "species:en": null, "level": null, "name:mr": null, "short_name": null, "start_date": null, "name:fr": null, "layer": null, "ele": null, "type": null }, "geometry": { "type": "Polygon", "coordinates": [ [ [ 72.848381, 19.103362 ], [ 72.8485044, 19.1033822 ], [ 72.8484964, 19.1034583 ], [ 72.8484776, 19.1035039 ], [ 72.8483542, 19.1034836 ], [ 72.848381, 19.103362 ] ] ] } },
{ "type": "Feature", "properties": { "element": "way", "id": 144080039, "amenity": "school", "name": "Parle Tilak Marathi School", "opening_hours": null, "source": null, "tourism": null, "name:ur": null, "addr:city": null, "addr:housenumber": null, "addr:postcode": "400057", "addr:street": "Tilak Vidyalaya Road", "denomination": null, "grades": null, "religion": null, "timing": null, "wikidata": null, "fixme": null, "name:en": null, "operator": null, "website": null, "check_date": null, "description": null, "female": null, "note": null, "phone": null, "isced:level": null, "education": null, "fee": null, "operator:type": null, "addr:country": null, "email": null, "capacity": null, "operator:short": null, "operator:wikidata": null, "addr:district": null, "check_date:opening_hours": null, "name:hi": null, "building": null, "brand": null, "brand:wikidata": null, "landuse": null, "building:levels": null, "wikipedia": null, "amenity_1": null, "school:gender": null, "old_name": null, "wikimedia_commons": null, "addr:housename": "Parle Tilak Marathi School", "ref:IN:UDISE": null, "barrier": null, "school": null, "name:etymology:wikidata": null, "addr:state": null, "addr:suburb": null, "alt_name": null, "surface": null, "height": null, "building:part": null, "species:en": null, "level": null, "name:mr": null, "short_name": null, "start_date": null, "name:fr": null, "layer": null, "ele": null, "type": null }, "geometry": { "type": "Polygon", "coordinates": [ [ [ 72.8480002, 19.1038688 ], [ 72.8480325, 19.1037092 ], [ 72.8479278, 19.1037066 ], [ 72.847909, 19.1037522 ], [ 72.8475496, 19.1036965 ], [ 72.8475577, 19.1036356 ], [ 72.8474584, 19.1036204 ], [ 72.8474311, 19.103792 ], [ 72.8477079, 19.1038257 ], [ 72.8480002, 19.1038688 ] ] ] } },
{ "type": "Feature", "properties": { "element": "way", "id": 144524310, "amenity": "school", "name": null, "opening_hours": null, "source": null, "tourism": null, "name:ur": null, "addr:city": null, "addr:housenumber": null, "addr:postcode": null, "addr:street": null, "denomination": null, "grades": null, "religion": null, "timing": null, "wikidata": null, "fixme": null, "name:en": null, "operator": null, "website": null, "check_date": null, "description": null, "female": null, "note": null, "phone": null, "isced:level": null, "education": null, "fee": null, "operator:type": null, "addr:country": null, "email": null, "capacity": null, "operator:short": null, "operator:wikidata": null, "addr:district": null, "check_date:opening_hours": null, "name:hi": null, "building": "school", "brand": null, "brand:wikidata": null, "landuse": null, "building:levels": null, "wikipedia": null, "amenity_1": null, "school:gender": null, "old_name": null, "wikimedia_commons": null, "addr:housename": null, "ref:IN:UDISE": null, "barrier": null, "school": null, "name:etymology:wikidata": null, "addr:state": null, "addr:suburb": null, "alt_name": null, "surface": null, "height": null, "building:part": null, "species:en": null, "level": null, "name:mr": null, "short_name": null, "start_date": null, "name:fr": null, "layer": null, "ele": null, "type": null }, "geometry": { "type": "Polygon", "coordinates": [ [ [ 72.8488129, 19.1037624 ], [ 72.8489532, 19.1037847 ], [ 72.8489738, 19.1036382 ], [ 72.8488397, 19.103623 ], [ 72.8488129, 19.1037624 ] ] ] } },
{ "type": "Feature", "properties": { "element": "way", "id": 144524632, "amenity": "school", "name": "G.B.E.S. School", "opening_hours": null, "source": null, "tourism": null, "name:ur": null, "addr:city": null, "addr:housenumber": null, "addr:postcode": "400057", "addr:street": "Tilak Vidyalaya Road", "denomination": null, "grades": null, "religion": null, "timing": null, "wikidata": null, "fixme": null, "name:en": null, "operator": null, "website": null, "check_date": null, "description": null, "female": null, "note": null, "phone": null, "isced:level": null, "education": null, "fee": null, "operator:type": null, "addr:country": null, "email": null, "capacity": null, "operator:short": null, "operator:wikidata": null, "addr:district": null, "check_date:opening_hours": null, "name:hi": null, "building": null, "brand": null, "brand:wikidata": null, "landuse": null, "building:levels": null, "wikipedia": null, "amenity_1": null, "school:gender": null, "old_name": null, "wikimedia_commons": null, "addr:housename": "G.B.E.S. School", "ref:IN:UDISE": null, "barrier": null, "school": null, "name:etymology:wikidata": null, "addr:state": null, "addr:suburb": null, "alt_name": null, "surface": null, "height": null, "building:part": null, "species:en": null, "level": null, "name:mr": null, "short_name": null, "start_date": null, "name:fr": null, "layer": null, "ele": null, "type": null }, "geometry": { "type": "Polygon", "coordinates": [ [ [ 72.8489601, 19.1041063 ], [ 72.8491639, 19.1041078 ], [ 72.8491647, 19.1040106 ], [ 72.8491454, 19.1040104 ], [ 72.8491464, 19.1038842 ], [ 72.8490461, 19.1038834 ], [ 72.8490453, 19.103974 ], [ 72.8489785, 19.1039735 ], [ 72.848978, 19.1040283 ], [ 72.8489607, 19.1040282 ], [ 72.8489601, 19.1041063 ] ] ] } },
{ "type": "Feature", "properties": { "element": "way", "id": 144526572, "amenity": "school", "name": "Parle Tilak Vidyalaya (ICSC Board)", "opening_hours": null, "source": null, "tourism": null, "name:ur": null, "addr:city": null, "addr:housenumber": null, "addr:postcode": "400057", "addr:street": "Thanawala Lane", "denomination": null, "grades": null, "religion": null, "timing": null, "wikidata": null, "fixme": null, "name:en": null, "operator": null, "website": null, "check_date": null, "description": null, "female": null, "note": null, "phone": null, "isced:level": null, "education": null, "fee": null, "operator:type": null, "addr:country": null, "email": null, "capacity": null, "operator:short": null, "operator:wikidata": null, "addr:district": null, "check_date:opening_hours": null, "name:hi": null, "building": "yes", "brand": null, "brand:wikidata": null, "landuse": null, "building:levels": null, "wikipedia": null, "amenity_1": null, "school:gender": null, "old_name": null, "wikimedia_commons": null, "addr:housename": "Parle Tilak Vidyalaya (ICSC Board)", "ref:IN:UDISE": null, "barrier": null, "school": null, "name:etymology:wikidata": null, "addr:state": null, "addr:suburb": null, "alt_name": null, "surface": null, "height": null, "building:part": null, "species:en": null, "level": null, "name:mr": null, "short_name": null, "start_date": null, "name:fr": null, "layer": null, "ele": null, "type": null }, "geometry": { "type": "Polygon", "coordinates": [ [ [ 72.8466831, 19.1036559 ], [ 72.8467935, 19.1036636 ], [ 72.8468199, 19.1034683 ], [ 72.8468552, 19.1034431 ], [ 72.8471985, 19.1034913 ], [ 72.8472227, 19.1035268 ], [ 72.8472093, 19.1036484 ], [ 72.8473135, 19.1036584 ], [ 72.8473269, 19.1034861 ], [ 72.8473027, 19.10341 ], [ 72.8469196, 19.1033493 ], [ 72.8469111, 19.103405 ], [ 72.8467935, 19.1033874 ], [ 72.8467479, 19.103395 ], [ 72.8467153, 19.1034582 ], [ 72.8466831, 19.1036559 ] ] ] } },
{ "type": "Feature", "properties": { "element": "way", "id": 151379340, "amenity": "school", "name": "Manekji Gajdhar School", "opening_hours": null, "source": null, "tourism": null, "name:ur": null, "addr:city": null, "addr:housenumber": null, "addr:postcode": null, "addr:street": null, "denomination": null, "grades": null, "religion": null, "timing": null, "wikidata": null, "fixme": null, "name:en": "Manekji Gajdhar School", "operator": "Maharashta State Board", "website": null, "check_date": null, "description": null, "female": null, "note": null, "phone": null, "isced:level": null, "education": null, "fee": null, "operator:type": "public", "addr:country": null, "email": null, "capacity": null, "operator:short": null, "operator:wikidata": null, "addr:district": null, "check_date:opening_hours": null, "name:hi": null, "building": "yes", "brand": null, "brand:wikidata": null, "landuse": null, "building:levels": null, "wikipedia": null, "amenity_1": null, "school:gender": null, "old_name": null, "wikimedia_commons": null, "addr:housename": null, "ref:IN:UDISE": null, "barrier": null, "school": null, "name:etymology:wikidata": null, "addr:state": null, "addr:suburb": null, "alt_name": null, "surface": null, "height": null, "building:part": null, "species:en": null, "level": null, "name:mr": null, "short_name": null, "start_date": null, "name:fr": null, "layer": null, "ele": null, "type": null }, "geometry": { "type": "Polygon", "coordinates": [ [ [ 72.828019, 19.0759239 ], [ 72.8280066, 19.0759474 ], [ 72.8280923, 19.0760341 ], [ 72.8282926, 19.076133 ], [ 72.8282939, 19.0761459 ], [ 72.8282971, 19.0761514 ], [ 72.8283068, 19.0761538 ], [ 72.8283957, 19.0761352 ], [ 72.8284039, 19.0761287 ], [ 72.8284037, 19.0761171 ], [ 72.8284001, 19.076104 ], [ 72.828019, 19.0759239 ] ] ] } },
{ "type": "Feature", "properties": { "element": "way", "id": 151402667, "amenity": "school", "name": "St. Elias Ground", "opening_hours": null, "source": null, "tourism": null, "name:ur": null, "addr:city": null, "addr:housenumber": null, "addr:postcode": null, "addr:street": null, "denomination": null, "grades": null, "religion": null, "timing": null, "wikidata": null, "fixme": null, "name:en": null, "operator": null, "website": null, "check_date": null, "description": null, "female": null, "note": null, "phone": null, "isced:level": null, "education": null, "fee": null, "operator:type": null, "addr:country": null, "email": null, "capacity": null, "operator:short": null, "operator:wikidata": null, "addr:district": null, "check_date:opening_hours": null, "name:hi": null, "building": null, "brand": null, "brand:wikidata": null, "landuse": null, "building:levels": null, "wikipedia": null, "amenity_1": null, "school:gender": null, "old_name": null, "wikimedia_commons": null, "addr:housename": null, "ref:IN:UDISE": null, "barrier": null, "school": null, "name:etymology:wikidata": null, "addr:state": null, "addr:suburb": null, "alt_name": null, "surface": null, "height": null, "building:part": null, "species:en": null, "level": null, "name:mr": null, "short_name": null, "start_date": null, "name:fr": null, "layer": null, "ele": null, "type": null }, "geometry": { "type": "Polygon", "coordinates": [ [ [ 72.8267917, 19.0735965 ], [ 72.8267174, 19.074222 ], [ 72.8274653, 19.0742988 ], [ 72.8274971, 19.0740423 ], [ 72.8275196, 19.0736891 ], [ 72.8267917, 19.0735965 ] ] ] } },
{ "type": "Feature", "properties": { "element": "way", "id": 151402734, "amenity": "school", "name": "BPM High School", "opening_hours": null, "source": null, "tourism": null, "name:ur": null, "addr:city": null, "addr:housenumber": null, "addr:postcode": null, "addr:street": null, "denomination": null, "grades": null, "religion": null, "timing": null, "wikidata": null, "fixme": null, "name:en": null, "operator": null, "website": null, "check_date": null, "description": null, "female": null, "note": null, "phone": null, "isced:level": null, "education": null, "fee": null, "operator:type": null, "addr:country": null, "email": null, "capacity": null, "operator:short": null, "operator:wikidata": null, "addr:district": null, "check_date:opening_hours": null, "name:hi": null, "building": null, "brand": null, "brand:wikidata": null, "landuse": null, "building:levels": null, "wikipedia": null, "amenity_1": null, "school:gender": null, "old_name": null, "wikimedia_commons": null, "addr:housename": null, "ref:IN:UDISE": null, "barrier": null, "school": null, "name:etymology:wikidata": null, "addr:state": null, "addr:suburb": null, "alt_name": null, "surface": null, "height": null, "building:part": null, "species:en": null, "level": null, "name:mr": null, "short_name": null, "start_date": null, "name:fr": null, "layer": null, "ele": null, "type": null }, "geometry": { "type": "Polygon", "coordinates": [ [ [ 72.8301835, 19.0752151 ], [ 72.830213, 19.0745549 ], [ 72.8310134, 19.0745866 ], [ 72.8309841, 19.0752469 ], [ 72.8301835, 19.0752151 ] ] ] } },
{ "type": "Feature", "properties": { "element": "way", "id": 152181753, "amenity": "school", "name": "Akshara Vidyalaya", "opening_hours": null, "source": null, "tourism": null, "name:ur": null, "addr:city": null, "addr:housenumber": null, "addr:postcode": null, "addr:street": null, "denomination": null, "grades": null, "religion": null, "timing": null, "wikidata": null, "fixme": null, "name:en": null, "operator": null, "website": null, "check_date": null, "description": null, "female": null, "note": null, "phone": null, "isced:level": null, "education": null, "fee": null, "operator:type": null, "addr:country": null, "email": null, "capacity": null, "operator:short": null, "operator:wikidata": null, "addr:district": null, "check_date:opening_hours": null, "name:hi": null, "building": null, "brand": null, "brand:wikidata": null, "landuse": null, "building:levels": null, "wikipedia": null, "amenity_1": null, "school:gender": null, "old_name": null, "wikimedia_commons": null, "addr:housename": null, "ref:IN:UDISE": null, "barrier": null, "school": null, "name:etymology:wikidata": null, "addr:state": null, "addr:suburb": null, "alt_name": null, "surface": null, "height": null, "building:part": null, "species:en": null, "level": null, "name:mr": null, "short_name": null, "start_date": null, "name:fr": null, "layer": null, "ele": null, "type": null }, "geometry": { "type": "Polygon", "coordinates": [ [ [ 72.8183768, 19.2177334 ], [ 72.8181567, 19.2182938 ], [ 72.8187336, 19.2184959 ], [ 72.8189537, 19.2179355 ], [ 72.8183768, 19.2177334 ] ] ] } },
{ "type": "Feature", "properties": { "element": "way", "id": 152194882, "amenity": "school", "name": null, "opening_hours": null, "source": null, "tourism": null, "name:ur": null, "addr:city": null, "addr:housenumber": null, "addr:postcode": null, "addr:street": null, "denomination": null, "grades": null, "religion": null, "timing": null, "wikidata": null, "fixme": null, "name:en": null, "operator": null, "website": null, "check_date": null, "description": null, "female": null, "note": null, "phone": null, "isced:level": null, "education": null, "fee": null, "operator:type": null, "addr:country": null, "email": null, "capacity": null, "operator:short": null, "operator:wikidata": null, "addr:district": null, "check_date:opening_hours": null, "name:hi": null, "building": null, "brand": null, "brand:wikidata": null, "landuse": null, "building:levels": null, "wikipedia": null, "amenity_1": null, "school:gender": null, "old_name": null, "wikimedia_commons": null, "addr:housename": null, "ref:IN:UDISE": null, "barrier": null, "school": null, "name:etymology:wikidata": null, "addr:state": null, "addr:suburb": null, "alt_name": null, "surface": null, "height": null, "building:part": null, "species:en": null, "level": null, "name:mr": null, "short_name": null, "start_date": null, "name:fr": null, "layer": null, "ele": null, "type": null }, "geometry": { "type": "Polygon", "coordinates": [ [ [ 72.8653805, 19.188464 ], [ 72.8653531, 19.1880983 ], [ 72.8656066, 19.1880757 ], [ 72.8656272, 19.1884057 ], [ 72.8653805, 19.188464 ] ] ] } },
{ "type": "Feature", "properties": { "element": "way", "id": 152357351, "amenity": "school", "name": "St. Dominic Savio High School", "opening_hours": null, "source": "http://stdominicsavio.com/", "tourism": null, "name:ur": null, "addr:city": null, "addr:housenumber": null, "addr:postcode": "400093", "addr:street": null, "denomination": null, "grades": null, "religion": null, "timing": null, "wikidata": null, "fixme": null, "name:en": null, "operator": null, "website": null, "check_date": null, "description": null, "female": null, "note": null, "phone": null, "isced:level": null, "education": null, "fee": null, "operator:type": null, "addr:country": null, "email": null, "capacity": null, "operator:short": null, "operator:wikidata": null, "addr:district": null, "check_date:opening_hours": null, "name:hi": null, "building": null, "brand": null, "brand:wikidata": null, "landuse": null, "building:levels": null, "wikipedia": null, "amenity_1": null, "school:gender": null, "old_name": null, "wikimedia_commons": null, "addr:housename": "ST. DOMINIC SAVIO HIGH SCHOOL", "ref:IN:UDISE": null, "barrier": null, "school": null, "name:etymology:wikidata": null, "addr:state": null, "addr:suburb": null, "alt_name": null, "surface": null, "height": null, "building:part": null, "species:en": null, "level": null, "name:mr": null, "short_name": null, "start_date": null, "name:fr": null, "layer": null, "ele": null, "type": null }, "geometry": { "type": "Polygon", "coordinates": [ [ [ 72.8648913, 19.1282761 ], [ 72.8639138, 19.1265624 ], [ 72.8652256, 19.1265311 ], [ 72.86558, 19.1265023 ], [ 72.8661176, 19.127677 ], [ 72.8648913, 19.1282761 ] ] ] } },
{ "type": "Feature", "properties": { "element": "way", "id": 152632013, "amenity": "school", "name": "St. Stanislaus High School", "opening_hours": null, "source": null, "tourism": null, "name:ur": null, "addr:city": "Mumbai", "addr:housenumber": null, "addr:postcode": "400050", "addr:street": "Hill Road", "denomination": null, "grades": null, "religion": null, "timing": null, "wikidata": null, "fixme": null, "name:en": null, "operator": null, "website": null, "check_date": "2025-01-10", "description": null, "female": null, "note": null, "phone": null, "isced:level": null, "education": null, "fee": null, "operator:type": null, "addr:country": null, "email": null, "capacity": null, "operator:short": null, "operator:wikidata": null, "addr:district": null, "check_date:opening_hours": null, "name:hi": null, "building": null, "brand": null, "brand:wikidata": null, "landuse": null, "building:levels": null, "wikipedia": null, "amenity_1": null, "school:gender": null, "old_name": null, "wikimedia_commons": null, "addr:housename": null, "ref:IN:UDISE": "27220500102", "barrier": null, "school": null, "name:etymology:wikidata": null, "addr:state": null, "addr:suburb": null, "alt_name": null, "surface": null, "height": null, "building:part": null, "species:en": null, "level": null, "name:mr": null, "short_name": null, "start_date": null, "name:fr": null, "layer": null, "ele": null, "type": null }, "geometry": { "type": "Polygon", "coordinates": [ [ [ 72.8294689, 19.0549173 ], [ 72.8284522, 19.054768 ], [ 72.828391, 19.054528 ], [ 72.8287429, 19.0544124 ], [ 72.8287528, 19.0540945 ], [ 72.8293529, 19.0538661 ], [ 72.8293724, 19.0539917 ], [ 72.8294603, 19.0541898 ], [ 72.8295315, 19.0541793 ], [ 72.8294357, 19.053948 ], [ 72.829427, 19.0538391 ], [ 72.8296216, 19.053801 ], [ 72.8296465, 19.0541383 ], [ 72.8299446, 19.0541171 ], [ 72.829921, 19.0537835 ], [ 72.8300266, 19.0537761 ], [ 72.8300366, 19.0538947 ], [ 72.8301863, 19.0538917 ], [ 72.830189, 19.0539258 ], [ 72.8302321, 19.0539313 ], [ 72.8302371, 19.0539758 ], [ 72.8303882, 19.0539844 ], [ 72.8303979, 19.0540995 ], [ 72.8306395, 19.0541223 ], [ 72.8306491, 19.0542011 ], [ 72.8307252, 19.0548905 ], [ 72.830198, 19.0549476 ], [ 72.8302137, 19.0550201 ], [ 72.8299222, 19.0549968 ], [ 72.8299002, 19.054995 ], [ 72.8297376, 19.054972 ], [ 72.8296628, 19.0549491 ], [ 72.8294689, 19.0549173 ] ] ] } },
{ "type": "Feature", "properties": { "element": "way", "id": 192598440, "amenity": "school", "name": "Mumbai Educational Trust", "opening_hours": null, "source": null, "tourism": null, "name:ur": null, "addr:city": "Mumbai", "addr:housenumber": null, "addr:postcode": "400050", "addr:street": "K C Marg", "denomination": null, "grades": null, "religion": null, "timing": null, "wikidata": null, "fixme": null, "name:en": null, "operator": null, "website": null, "check_date": null, "description": null, "female": null, "note": null, "phone": null, "isced:level": null, "education": null, "fee": null, "operator:type": null, "addr:country": null, "email": null, "capacity": null, "operator:short": null, "operator:wikidata": null, "addr:district": null, "check_date:opening_hours": null, "name:hi": null, "building": null, "brand": null, "brand:wikidata": null, "landuse": null, "building:levels": null, "wikipedia": null, "amenity_1": null, "school:gender": null, "old_name": null, "wikimedia_commons": null, "addr:housename": null, "ref:IN:UDISE": null, "barrier": null, "school": null, "name:etymology:wikidata": null, "addr:state": null, "addr:suburb": null, "alt_name": null, "surface": null, "height": null, "building:part": null, "species:en": null, "level": null, "name:mr": null, "short_name": null, "start_date": null, "name:fr": null, "layer": null, "ele": null, "type": null }, "geometry": { "type": "Polygon", "coordinates": [ [ [ 72.8287715, 19.0515204 ], [ 72.8292618, 19.0516964 ], [ 72.8296852, 19.0519153 ], [ 72.8297487, 19.0519431 ], [ 72.8295402, 19.0522979 ], [ 72.829459, 19.0524769 ], [ 72.8286077, 19.0519912 ], [ 72.828709, 19.0517194 ], [ 72.8287715, 19.0515204 ] ] ] } },
{ "type": "Feature", "properties": { "element": "way", "id": 202295219, "amenity": "school", "name": "ATI Primary School", "opening_hours": null, "source": null, "tourism": null, "name:ur": null, "addr:city": null, "addr:housenumber": null, "addr:postcode": null, "addr:street": null, "denomination": null, "grades": null, "religion": null, "timing": null, "wikidata": null, "fixme": null, "name:en": null, "operator": null, "website": null, "check_date": null, "description": null, "female": null, "note": null, "phone": null, "isced:level": null, "education": null, "fee": null, "operator:type": null, "addr:country": null, "email": null, "capacity": null, "operator:short": null, "operator:wikidata": null, "addr:district": null, "check_date:opening_hours": null, "name:hi": null, "building": null, "brand": null, "brand:wikidata": null, "landuse": null, "building:levels": null, "wikipedia": null, "amenity_1": null, "school:gender": null, "old_name": null, "wikimedia_commons": null, "addr:housename": null, "ref:IN:UDISE": null, "barrier": null, "school": null, "name:etymology:wikidata": null, "addr:state": null, "addr:suburb": null, "alt_name": null, "surface": null, "height": null, "building:part": null, "species:en": null, "level": null, "name:mr": null, "short_name": null, "start_date": null, "name:fr": null, "layer": null, "ele": null, "type": null }, "geometry": { "type": "Polygon", "coordinates": [ [ [ 72.8796974, 19.0561668 ], [ 72.8796893, 19.056002 ], [ 72.8800005, 19.0559868 ], [ 72.8800032, 19.056182 ], [ 72.8796974, 19.0562048 ], [ 72.8796974, 19.0561668 ] ] ] } },
{ "type": "Feature", "properties": { "element": "way", "id": 202550320, "amenity": "school", "name": "Hussain Allana English School", "opening_hours": null, "source": null, "tourism": null, "name:ur": null, "addr:city": null, "addr:housenumber": null, "addr:postcode": null, "addr:street": null, "denomination": null, "grades": null, "religion": null, "timing": null, "wikidata": null, "fixme": null, "name:en": null, "operator": null, "website": null, "check_date": null, "description": null, "female": null, "note": null, "phone": null, "isced:level": null, "education": null, "fee": null, "operator:type": null, "addr:country": null, "email": null, "capacity": null, "operator:short": null, "operator:wikidata": null, "addr:district": null, "check_date:opening_hours": null, "name:hi": null, "building": null, "brand": null, "brand:wikidata": null, "landuse": null, "building:levels": null, "wikipedia": null, "amenity_1": null, "school:gender": null, "old_name": null, "wikimedia_commons": null, "addr:housename": null, "ref:IN:UDISE": null, "barrier": null, "school": null, "name:etymology:wikidata": null, "addr:state": null, "addr:suburb": null, "alt_name": null, "surface": null, "height": null, "building:part": null, "species:en": null, "level": null, "name:mr": null, "short_name": null, "start_date": null, "name:fr": null, "layer": null, "ele": null, "type": null }, "geometry": { "type": "Polygon", "coordinates": [ [ [ 72.829332, 19.143762 ], [ 72.829957, 19.1437215 ], [ 72.8300079, 19.1442257 ], [ 72.8293776, 19.1442612 ], [ 72.829332, 19.143762 ] ] ] } },
{ "type": "Feature", "properties": { "element": "way", "id": 202554195, "amenity": "school", "name": "Ryan International School", "opening_hours": null, "source": null, "tourism": null, "name:ur": null, "addr:city": null, "addr:housenumber": null, "addr:postcode": null, "addr:street": null, "denomination": null, "grades": null, "religion": null, "timing": null, "wikidata": null, "fixme": null, "name:en": null, "operator": null, "website": null, "check_date": null, "description": null, "female": null, "note": null, "phone": null, "isced:level": null, "education": null, "fee": null, "operator:type": null, "addr:country": null, "email": null, "capacity": null, "operator:short": null, "operator:wikidata": null, "addr:district": null, "check_date:opening_hours": null, "name:hi": null, "building": null, "brand": null, "brand:wikidata": null, "landuse": null, "building:levels": null, "wikipedia": null, "amenity_1": null, "school:gender": null, "old_name": null, "wikimedia_commons": null, "addr:housename": null, "ref:IN:UDISE": null, "barrier": null, "school": null, "name:etymology:wikidata": null, "addr:state": null, "addr:suburb": null, "alt_name": null, "surface": null, "height": null, "building:part": null, "species:en": null, "level": null, "name:mr": null, "short_name": null, "start_date": null, "name:fr": null, "layer": null, "ele": null, "type": null }, "geometry": { "type": "Polygon", "coordinates": [ [ [ 72.8268805, 19.1482444 ], [ 72.8272506, 19.1476718 ], [ 72.8275296, 19.1479471 ], [ 72.8273272, 19.1481141 ], [ 72.8272614, 19.1481684 ], [ 72.8272345, 19.1481456 ], [ 72.8271592, 19.1482025 ], [ 72.8271221, 19.1482305 ], [ 72.8270757, 19.1482656 ], [ 72.8269663, 19.1483483 ], [ 72.8268805, 19.1482444 ] ] ] } },
{ "type": "Feature", "properties": { "element": "way", "id": 202555835, "amenity": "school", "name": "Fairie Land School", "opening_hours": null, "source": null, "tourism": null, "name:ur": null, "addr:city": null, "addr:housenumber": null, "addr:postcode": null, "addr:street": null, "denomination": null, "grades": null, "religion": null, "timing": null, "wikidata": null, "fixme": null, "name:en": null, "operator": null, "website": null, "check_date": null, "description": null, "female": null, "note": null, "phone": null, "isced:level": null, "education": null, "fee": null, "operator:type": null, "addr:country": null, "email": null, "capacity": null, "operator:short": null, "operator:wikidata": null, "addr:district": null, "check_date:opening_hours": null, "name:hi": null, "building": null, "brand": null, "brand:wikidata": null, "landuse": null, "building:levels": null, "wikipedia": null, "amenity_1": null, "school:gender": null, "old_name": null, "wikimedia_commons": null, "addr:housename": null, "ref:IN:UDISE": null, "barrier": null, "school": null, "name:etymology:wikidata": null, "addr:state": null, "addr:suburb": null, "alt_name": null, "surface": null, "height": null, "building:part": null, "species:en": null, "level": null, "name:mr": null, "short_name": null, "start_date": null, "name:fr": null, "layer": null, "ele": null, "type": null }, "geometry": { "type": "Polygon", "coordinates": [ [ [ 72.8270012, 19.1500914 ], [ 72.8273928, 19.1499234 ], [ 72.82772, 19.1498304 ], [ 72.8277549, 19.149931 ], [ 72.8271916, 19.1502908 ], [ 72.8270012, 19.1500914 ] ] ] } },
{ "type": "Feature", "properties": { "element": "way", "id": 202555853, "amenity": "school", "name": "Euro Kids", "opening_hours": null, "source": null, "tourism": null, "name:ur": null, "addr:city": null, "addr:housenumber": null, "addr:postcode": null, "addr:street": null, "denomination": null, "grades": null, "religion": null, "timing": null, "wikidata": null, "fixme": null, "name:en": null, "operator": null, "website": null, "check_date": null, "description": null, "female": null, "note": null, "phone": null, "isced:level": null, "education": null, "fee": null, "operator:type": null, "addr:country": null, "email": null, "capacity": null, "operator:short": null, "operator:wikidata": null, "addr:district": null, "check_date:opening_hours": null, "name:hi": null, "building": null, "brand": null, "brand:wikidata": null, "landuse": null, "building:levels": null, "wikipedia": null, "amenity_1": null, "school:gender": null, "old_name": null, "wikimedia_commons": null, "addr:housename": null, "ref:IN:UDISE": null, "barrier": null, "school": null, "name:etymology:wikidata": null, "addr:state": null, "addr:suburb": null, "alt_name": null, "surface": null, "height": null, "building:part": null, "species:en": null, "level": null, "name:mr": null, "short_name": null, "start_date": null, "name:fr": null, "layer": null, "ele": null, "type": null }, "geometry": { "type": "Polygon", "coordinates": [ [ [ 72.8285944, 19.1497063 ], [ 72.8286105, 19.149463 ], [ 72.8287983, 19.1494597 ], [ 72.8287839, 19.1497208 ], [ 72.8285944, 19.1497063 ] ] ] } },
{ "type": "Feature", "properties": { "element": "way", "id": 202917456, "amenity": "school", "name": "Maneckji Cooper Educational trust School", "opening_hours": null, "source": null, "tourism": null, "name:ur": null, "addr:city": null, "addr:housenumber": null, "addr:postcode": "400054", "addr:street": "Juhu Tara Road", "denomination": null, "grades": null, "religion": null, "timing": null, "wikidata": null, "fixme": null, "name:en": null, "operator": null, "website": null, "check_date": null, "description": null, "female": null, "note": null, "phone": null, "isced:level": null, "education": null, "fee": null, "operator:type": null, "addr:country": null, "email": null, "capacity": null, "operator:short": null, "operator:wikidata": null, "addr:district": null, "check_date:opening_hours": null, "name:hi": null, "building": null, "brand": null, "brand:wikidata": null, "landuse": null, "building:levels": null, "wikipedia": null, "amenity_1": null, "school:gender": null, "old_name": null, "wikimedia_commons": null, "addr:housename": null, "ref:IN:UDISE": null, "barrier": null, "school": null, "name:etymology:wikidata": null, "addr:state": null, "addr:suburb": null, "alt_name": null, "surface": null, "height": null, "building:part": null, "species:en": null, "level": null, "name:mr": null, "short_name": null, "start_date": null, "name:fr": null, "layer": null, "ele": null, "type": null }, "geometry": { "type": "Polygon", "coordinates": [ [ [ 72.8275349, 19.0890972 ], [ 72.8273257, 19.0881669 ], [ 72.8274303, 19.0881619 ], [ 72.8278738, 19.0888609 ], [ 72.8277745, 19.0888635 ], [ 72.8276717, 19.0889527 ], [ 72.8275841, 19.0891169 ], [ 72.8275349, 19.0890972 ] ] ] } },
{ "type": "Feature", "properties": { "element": "way", "id": 202918263, "amenity": "school", "name": "Madrasa", "opening_hours": null, "source": null, "tourism": null, "name:ur": null, "addr:city": null, "addr:housenumber": null, "addr:postcode": null, "addr:street": null, "denomination": null, "grades": null, "religion": "muslim", "timing": null, "wikidata": null, "fixme": null, "name:en": null, "operator": null, "website": null, "check_date": null, "description": null, "female": null, "note": null, "phone": null, "isced:level": null, "education": null, "fee": null, "operator:type": null, "addr:country": null, "email": null, "capacity": null, "operator:short": null, "operator:wikidata": null, "addr:district": null, "check_date:opening_hours": null, "name:hi": null, "building": null, "brand": null, "brand:wikidata": null, "landuse": null, "building:levels": null, "wikipedia": null, "amenity_1": null, "school:gender": null, "old_name": null, "wikimedia_commons": null, "addr:housename": null, "ref:IN:UDISE": null, "barrier": null, "school": null, "name:etymology:wikidata": null, "addr:state": null, "addr:suburb": null, "alt_name": null, "surface": null, "height": null, "building:part": null, "species:en": null, "level": null, "name:mr": null, "short_name": null, "start_date": null, "name:fr": null, "layer": null, "ele": null, "type": null }, "geometry": { "type": "Polygon", "coordinates": [ [ [ 72.8383837, 19.0514371 ], [ 72.8383871, 19.0515436 ], [ 72.8387837, 19.0515891 ], [ 72.8387716, 19.0518423 ], [ 72.8388967, 19.0517692 ], [ 72.8389182, 19.0514828 ], [ 72.8383837, 19.0514371 ] ] ] } },
{ "type": "Feature", "properties": { "element": "way", "id": 203145786, "amenity": "school", "name": "Utpal Sanghvi School", "opening_hours": null, "source": null, "tourism": null, "name:ur": null, "addr:city": null, "addr:housenumber": null, "addr:postcode": null, "addr:street": null, "denomination": null, "grades": null, "religion": null, "timing": null, "wikidata": null, "fixme": null, "name:en": "Utpal Sanghvi School", "operator": null, "website": null, "check_date": null, "description": null, "female": null, "note": null, "phone": null, "isced:level": null, "education": null, "fee": null, "operator:type": null, "addr:country": null, "email": null, "capacity": null, "operator:short": null, "operator:wikidata": null, "addr:district": null, "check_date:opening_hours": null, "name:hi": null, "building": null, "brand": null, "brand:wikidata": null, "landuse": null, "building:levels": null, "wikipedia": null, "amenity_1": null, "school:gender": null, "old_name": null, "wikimedia_commons": null, "addr:housename": null, "ref:IN:UDISE": null, "barrier": null, "school": null, "name:etymology:wikidata": null, "addr:state": null, "addr:suburb": null, "alt_name": null, "surface": null, "height": null, "building:part": null, "species:en": null, "level": null, "name:mr": null, "short_name": null, "start_date": null, "name:fr": null, "layer": null, "ele": null, "type": null }, "geometry": { "type": "Polygon", "coordinates": [ [ [ 72.8279963, 19.1126455 ], [ 72.8280151, 19.1122933 ], [ 72.8281627, 19.1121749 ], [ 72.8286668, 19.1117705 ], [ 72.8288079, 19.1119041 ], [ 72.8288708, 19.1120709 ], [ 72.8280239, 19.1127198 ], [ 72.8279963, 19.1126455 ] ] ] } },
{ "type": "Feature", "properties": { "element": "way", "id": 204635784, "amenity": "school", "name": "Holy Family High School", "opening_hours": null, "source": null, "tourism": null, "name:ur": null, "addr:city": null, "addr:housenumber": null, "addr:postcode": null, "addr:street": null, "denomination": null, "grades": null, "religion": null, "timing": null, "wikidata": null, "fixme": null, "name:en": null, "operator": null, "website": null, "check_date": "2024-09-23", "description": null, "female": null, "note": null, "phone": null, "isced:level": null, "education": null, "fee": null, "operator:type": null, "addr:country": null, "email": null, "capacity": null, "operator:short": null, "operator:wikidata": null, "addr:district": null, "check_date:opening_hours": null, "name:hi": null, "building": null, "brand": null, "brand:wikidata": null, "landuse": null, "building:levels": null, "wikipedia": null, "amenity_1": null, "school:gender": null, "old_name": null, "wikimedia_commons": null, "addr:housename": null, "ref:IN:UDISE": null, "barrier": null, "school": null, "name:etymology:wikidata": null, "addr:state": null, "addr:suburb": null, "alt_name": null, "surface": null, "height": null, "building:part": null, "species:en": null, "level": null, "name:mr": null, "short_name": null, "start_date": null, "name:fr": null, "layer": null, "ele": null, "type": null }, "geometry": { "type": "Polygon", "coordinates": [ [ [ 72.9057486, 19.0713314 ], [ 72.9060109, 19.0709425 ], [ 72.9063705, 19.0711476 ], [ 72.9065797, 19.0712795 ], [ 72.9067646, 19.0713912 ], [ 72.9071009, 19.0715757 ], [ 72.9070793, 19.0716039 ], [ 72.9067433, 19.0715127 ], [ 72.9065073, 19.0714493 ], [ 72.9062418, 19.0713935 ], [ 72.9057486, 19.0713314 ] ] ] } },
{ "type": "Feature", "properties": { "element": "way", "id": 204884862, "amenity": "school", "name": "Gyan Kendra Higher Secondary School", "opening_hours": null, "source": null, "tourism": null, "name:ur": null, "addr:city": null, "addr:housenumber": null, "addr:postcode": "400058", "addr:street": "#A-141 Four Bungalows,Lokhandwala Complex Road, Ambovali Village, Andheri West", "denomination": null, "grades": null, "religion": null, "timing": null, "wikidata": null, "fixme": null, "name:en": null, "operator": null, "website": null, "check_date": "2024-09-24", "description": null, "female": null, "note": null, "phone": null, "isced:level": null, "education": null, "fee": null, "operator:type": null, "addr:country": null, "email": null, "capacity": null, "operator:short": null, "operator:wikidata": null, "addr:district": null, "check_date:opening_hours": null, "name:hi": null, "building": null, "brand": null, "brand:wikidata": null, "landuse": null, "building:levels": null, "wikipedia": null, "amenity_1": null, "school:gender": null, "old_name": null, "wikimedia_commons": null, "addr:housename": "Gyan Kendra Higher Secondary School", "ref:IN:UDISE": null, "barrier": "wall", "school": null, "name:etymology:wikidata": null, "addr:state": null, "addr:suburb": null, "alt_name": null, "surface": null, "height": null, "building:part": null, "species:en": null, "level": null, "name:mr": null, "short_name": null, "start_date": null, "name:fr": null, "layer": null, "ele": null, "type": null }, "geometry": { "type": "Polygon", "coordinates": [ [ [ 72.8247615, 19.1328254 ], [ 72.824164, 19.1329731 ], [ 72.8241428, 19.1320832 ], [ 72.8243518, 19.1320302 ], [ 72.8248022, 19.1319159 ], [ 72.8255468, 19.1317287 ], [ 72.8255742, 19.1326125 ], [ 72.8247615, 19.1328254 ] ] ] } },
{ "type": "Feature", "properties": { "element": "way", "id": 204887184, "amenity": "school", "name": "Oberoi International School - OGC Campus", "opening_hours": null, "source": null, "tourism": null, "name:ur": null, "addr:city": null, "addr:housenumber": null, "addr:postcode": null, "addr:street": null, "denomination": null, "grades": null, "religion": null, "timing": null, "wikidata": null, "fixme": null, "name:en": null, "operator": null, "website": null, "check_date": null, "description": null, "female": null, "note": null, "phone": null, "isced:level": null, "education": null, "fee": null, "operator:type": null, "addr:country": null, "email": null, "capacity": null, "operator:short": null, "operator:wikidata": null, "addr:district": null, "check_date:opening_hours": null, "name:hi": null, "building": null, "brand": null, "brand:wikidata": null, "landuse": null, "building:levels": null, "wikipedia": null, "amenity_1": null, "school:gender": null, "old_name": null, "wikimedia_commons": null, "addr:housename": null, "ref:IN:UDISE": null, "barrier": null, "school": null, "name:etymology:wikidata": null, "addr:state": null, "addr:suburb": null, "alt_name": null, "surface": null, "height": null, "building:part": null, "species:en": null, "level": null, "name:mr": null, "short_name": null, "start_date": null, "name:fr": null, "layer": null, "ele": null, "type": null }, "geometry": { "type": "Polygon", "coordinates": [ [ [ 72.8669713, 19.1688024 ], [ 72.8658573, 19.1689942 ], [ 72.8660719, 19.1705878 ], [ 72.8660871, 19.1708933 ], [ 72.8672622, 19.1707538 ], [ 72.8669713, 19.1688024 ] ] ] } },
{ "type": "Feature", "properties": { "element": "way", "id": 206806601, "amenity": "school", "name": "J. B. Petit High School for Girls", "opening_hours": null, "source": null, "tourism": null, "name:ur": null, "addr:city": "Mumbai", "addr:housenumber": "5", "addr:postcode": "400001", "addr:street": "Maharshi Dadhichi Marg", "denomination": null, "grades": null, "religion": null, "timing": null, "wikidata": "Q23013676", "fixme": null, "name:en": null, "operator": null, "website": null, "check_date": null, "description": null, "female": null, "note": null, "phone": null, "isced:level": null, "education": null, "fee": null, "operator:type": null, "addr:country": null, "email": null, "capacity": null, "operator:short": null, "operator:wikidata": null, "addr:district": null, "check_date:opening_hours": null, "name:hi": null, "building": "yes", "brand": null, "brand:wikidata": null, "landuse": null, "building:levels": null, "wikipedia": "en:J.B. Petit High School for Girls", "amenity_1": null, "school:gender": "female", "old_name": null, "wikimedia_commons": null, "addr:housename": null, "ref:IN:UDISE": null, "barrier": null, "school": null, "name:etymology:wikidata": null, "addr:state": null, "addr:suburb": null, "alt_name": null, "surface": null, "height": null, "building:part": null, "species:en": null, "level": null, "name:mr": null, "short_name": null, "start_date": null, "name:fr": null, "layer": null, "ele": null, "type": null }, "geometry": { "type": "Polygon", "coordinates": [ [ [ 72.8317665, 18.9348001 ], [ 72.832074, 18.9346976 ], [ 72.8319407, 18.9345244 ], [ 72.8318998, 18.9345564 ], [ 72.8319353, 18.9346522 ], [ 72.8318785, 18.9346723 ], [ 72.8318388, 18.9345561 ], [ 72.8318132, 18.9344898 ], [ 72.8317669, 18.9345019 ], [ 72.8317061, 18.9345494 ], [ 72.8317665, 18.9348001 ] ] ] } },
{ "type": "Feature", "properties": { "element": "way", "id": 206806617, "amenity": "school", "name": "The Alexandra Girls English Institution", "opening_hours": null, "source": null, "tourism": null, "name:ur": null, "addr:city": null, "addr:housenumber": null, "addr:postcode": null, "addr:street": null, "denomination": null, "grades": null, "religion": null, "timing": null, "wikidata": null, "fixme": null, "name:en": null, "operator": null, "website": null, "check_date": null, "description": null, "female": null, "note": null, "phone": null, "isced:level": null, "education": null, "fee": null, "operator:type": null, "addr:country": null, "email": null, "capacity": null, "operator:short": null, "operator:wikidata": null, "addr:district": null, "check_date:opening_hours": null, "name:hi": null, "building": "yes", "brand": null, "brand:wikidata": null, "landuse": null, "building:levels": null, "wikipedia": null, "amenity_1": null, "school:gender": "female", "old_name": null, "wikimedia_commons": null, "addr:housename": null, "ref:IN:UDISE": null, "barrier": null, "school": null, "name:etymology:wikidata": null, "addr:state": null, "addr:suburb": null, "alt_name": null, "surface": null, "height": null, "building:part": null, "species:en": null, "level": null, "name:mr": null, "short_name": null, "start_date": null, "name:fr": null, "layer": null, "ele": null, "type": null }, "geometry": { "type": "Polygon", "coordinates": [ [ [ 72.8311567, 18.935647 ], [ 72.8315032, 18.9355142 ], [ 72.8313415, 18.9351629 ], [ 72.8310963, 18.9352688 ], [ 72.8310732, 18.9353898 ], [ 72.8313042, 18.9352957 ], [ 72.8313629, 18.9354419 ], [ 72.8311212, 18.9355394 ], [ 72.8311567, 18.935647 ] ] ] } },
{ "type": "Feature", "properties": { "element": "way", "id": 206806618, "amenity": "school", "name": "Cathedral & John Connon Junior School", "opening_hours": null, "source": null, "tourism": null, "name:ur": null, "addr:city": "Mumbai", "addr:housenumber": "19", "addr:postcode": "400001", "addr:street": "Mahatma Gandhi Road", "denomination": null, "grades": null, "religion": null, "timing": null, "wikidata": null, "fixme": null, "name:en": null, "operator": null, "website": null, "check_date": null, "description": null, "female": null, "note": null, "phone": null, "isced:level": null, "education": null, "fee": null, "operator:type": null, "addr:country": null, "email": null, "capacity": null, "operator:short": null, "operator:wikidata": null, "addr:district": null, "check_date:opening_hours": null, "name:hi": null, "building": "yes", "brand": null, "brand:wikidata": null, "landuse": null, "building:levels": null, "wikipedia": null, "amenity_1": null, "school:gender": null, "old_name": null, "wikimedia_commons": null, "addr:housename": null, "ref:IN:UDISE": null, "barrier": null, "school": null, "name:etymology:wikidata": null, "addr:state": null, "addr:suburb": null, "alt_name": null, "surface": null, "height": null, "building:part": null, "species:en": null, "level": null, "name:mr": null, "short_name": null, "start_date": null, "name:fr": null, "layer": null, "ele": null, "type": null }, "geometry": { "type": "Polygon", "coordinates": [ [ [ 72.8312346, 18.9345968 ], [ 72.8312796, 18.9343581 ], [ 72.8314616, 18.9343888 ], [ 72.8314408, 18.9344989 ], [ 72.8314851, 18.9345063 ], [ 72.8315082, 18.9343837 ], [ 72.8316108, 18.934401 ], [ 72.8315634, 18.9346522 ], [ 72.8312346, 18.9345968 ] ] ] } },
{ "type": "Feature", "properties": { "element": "way", "id": 207376653, "amenity": "school", "name": "St. Xavier's High School", "opening_hours": null, "source": null, "tourism": null, "name:ur": null, "addr:city": "Mumbai", "addr:housenumber": null, "addr:postcode": "400001", "addr:street": "Lockmanya Talik Marg", "denomination": null, "grades": null, "religion": null, "timing": null, "wikidata": "Q7592184", "fixme": null, "name:en": null, "operator": null, "website": null, "check_date": null, "description": null, "female": null, "note": null, "phone": null, "isced:level": null, "education": null, "fee": null, "operator:type": null, "addr:country": null, "email": null, "capacity": null, "operator:short": null, "operator:wikidata": null, "addr:district": null, "check_date:opening_hours": null, "name:hi": null, "building": null, "brand": null, "brand:wikidata": null, "landuse": null, "building:levels": null, "wikipedia": "en:St. Xavier's High School, Fort", "amenity_1": null, "school:gender": null, "old_name": null, "wikimedia_commons": null, "addr:housename": null, "ref:IN:UDISE": null, "barrier": null, "school": null, "name:etymology:wikidata": null, "addr:state": null, "addr:suburb": null, "alt_name": null, "surface": null, "height": null, "building:part": null, "species:en": null, "level": null, "name:mr": null, "short_name": null, "start_date": null, "name:fr": null, "layer": null, "ele": null, "type": null }, "geometry": { "type": "Polygon", "coordinates": [ [ [ 72.829785, 18.9441358 ], [ 72.8302022, 18.9437756 ], [ 72.8307044, 18.9442276 ], [ 72.8309033, 18.9440142 ], [ 72.8312302, 18.9443333 ], [ 72.8309156, 18.9447231 ], [ 72.8306845, 18.9450094 ], [ 72.829785, 18.9441358 ] ] ] } },
{ "type": "Feature", "properties": { "element": "way", "id": 207380909, "amenity": "school", "name": "Anjuman-I-Islam's Allana English High School", "opening_hours": null, "source": null, "tourism": null, "name:ur": null, "addr:city": null, "addr:housenumber": null, "addr:postcode": null, "addr:street": null, "denomination": null, "grades": null, "religion": null, "timing": null, "wikidata": null, "fixme": null, "name:en": null, "operator": null, "website": null, "check_date": "2026-03-12", "description": null, "female": null, "note": null, "phone": null, "isced:level": null, "education": null, "fee": null, "operator:type": null, "addr:country": null, "email": null, "capacity": null, "operator:short": null, "operator:wikidata": null, "addr:district": null, "check_date:opening_hours": null, "name:hi": null, "building": null, "brand": null, "brand:wikidata": null, "landuse": null, "building:levels": null, "wikipedia": null, "amenity_1": null, "school:gender": null, "old_name": null, "wikimedia_commons": null, "addr:housename": null, "ref:IN:UDISE": null, "barrier": null, "school": null, "name:etymology:wikidata": null, "addr:state": null, "addr:suburb": null, "alt_name": null, "surface": null, "height": null, "building:part": null, "species:en": null, "level": null, "name:mr": null, "short_name": null, "start_date": null, "name:fr": null, "layer": null, "ele": null, "type": null }, "geometry": { "type": "Polygon", "coordinates": [ [ [ 72.834374, 18.9429791 ], [ 72.8338398, 18.942888 ], [ 72.8338981, 18.9425564 ], [ 72.8339781, 18.9425725 ], [ 72.8340776, 18.9421017 ], [ 72.8344964, 18.9421664 ], [ 72.834374, 18.9429791 ] ] ] } },
{ "type": "Feature", "properties": { "element": "way", "id": 207901853, "amenity": "school", "name": "Jankidevi Public School", "opening_hours": null, "source": null, "tourism": null, "name:ur": null, "addr:city": null, "addr:housenumber": null, "addr:postcode": null, "addr:street": null, "denomination": null, "grades": null, "religion": null, "timing": null, "wikidata": null, "fixme": null, "name:en": null, "operator": null, "website": null, "check_date": null, "description": null, "female": null, "note": null, "phone": null, "isced:level": null, "education": null, "fee": null, "operator:type": null, "addr:country": null, "email": null, "capacity": null, "operator:short": null, "operator:wikidata": null, "addr:district": null, "check_date:opening_hours": null, "name:hi": null, "building": null, "brand": null, "brand:wikidata": null, "landuse": null, "building:levels": null, "wikipedia": null, "amenity_1": null, "school:gender": null, "old_name": null, "wikimedia_commons": null, "addr:housename": null, "ref:IN:UDISE": null, "barrier": null, "school": null, "name:etymology:wikidata": null, "addr:state": null, "addr:suburb": null, "alt_name": null, "surface": null, "height": null, "building:part": null, "species:en": null, "level": null, "name:mr": null, "short_name": null, "start_date": null, "name:fr": null, "layer": null, "ele": null, "type": null }, "geometry": { "type": "Polygon", "coordinates": [ [ [ 72.8191102, 19.1395987 ], [ 72.8194293, 19.1398622 ], [ 72.8200033, 19.1391806 ], [ 72.819939, 19.139097 ], [ 72.8200294, 19.138966 ], [ 72.819593, 19.1387498 ], [ 72.8191102, 19.1395987 ] ] ] } },
{ "type": "Feature", "properties": { "element": "way", "id": 219426802, "amenity": "school", "name": "Happy Home and School for the Blind", "opening_hours": null, "source": "GPS", "tourism": null, "name:ur": null, "addr:city": null, "addr:housenumber": null, "addr:postcode": null, "addr:street": null, "denomination": null, "grades": null, "religion": null, "timing": null, "wikidata": null, "fixme": null, "name:en": null, "operator": null, "website": null, "check_date": "2026-03-20", "description": null, "female": null, "note": null, "phone": null, "isced:level": null, "education": null, "fee": null, "operator:type": null, "addr:country": null, "email": null, "capacity": null, "operator:short": null, "operator:wikidata": null, "addr:district": null, "check_date:opening_hours": null, "name:hi": null, "building": null, "brand": null, "brand:wikidata": null, "landuse": null, "building:levels": null, "wikipedia": null, "amenity_1": null, "school:gender": null, "old_name": null, "wikimedia_commons": null, "addr:housename": null, "ref:IN:UDISE": null, "barrier": null, "school": "blind", "name:etymology:wikidata": null, "addr:state": null, "addr:suburb": null, "alt_name": null, "surface": null, "height": null, "building:part": null, "species:en": null, "level": null, "name:mr": null, "short_name": null, "start_date": null, "name:fr": null, "layer": null, "ele": null, "type": null }, "geometry": { "type": "Polygon", "coordinates": [ [ [ 72.8141433, 18.9906266 ], [ 72.8140772, 18.9897491 ], [ 72.8144302, 18.989731 ], [ 72.8144894, 18.9906005 ], [ 72.8141433, 18.9906266 ] ] ] } },
{ "type": "Feature", "properties": { "element": "way", "id": 222784833, "amenity": "school", "name": "Dr. Babasaheb Ambedkar High School AND GRAND NALANDA HALL", "opening_hours": null, "source": null, "tourism": null, "name:ur": null, "addr:city": "MUMBAI", "addr:housenumber": null, "addr:postcode": "400089", "addr:street": "Prakash Thorat Marg", "denomination": null, "grades": null, "religion": null, "timing": null, "wikidata": null, "fixme": null, "name:en": null, "operator": "Brihanmumbai Municipal Corporation", "website": null, "check_date": null, "description": null, "female": null, "note": null, "phone": null, "isced:level": null, "education": null, "fee": null, "operator:type": null, "addr:country": null, "email": null, "capacity": null, "operator:short": null, "operator:wikidata": null, "addr:district": null, "check_date:opening_hours": null, "name:hi": null, "building": "apartments", "brand": null, "brand:wikidata": null, "landuse": null, "building:levels": null, "wikipedia": null, "amenity_1": null, "school:gender": null, "old_name": null, "wikimedia_commons": null, "addr:housename": null, "ref:IN:UDISE": null, "barrier": null, "school": null, "name:etymology:wikidata": null, "addr:state": null, "addr:suburb": null, "alt_name": null, "surface": null, "height": null, "building:part": null, "species:en": null, "level": null, "name:mr": null, "short_name": null, "start_date": null, "name:fr": null, "layer": null, "ele": null, "type": null }, "geometry": { "type": "Polygon", "coordinates": [ [ [ 72.8998434, 19.063539 ], [ 72.9000861, 19.0640105 ], [ 72.9005407, 19.063828 ], [ 72.9002894, 19.063273 ], [ 72.8998151, 19.0634854 ], [ 72.8998434, 19.063539 ] ] ] } },
{ "type": "Feature", "properties": { "element": "way", "id": 222972580, "amenity": "school", "name": "St. Gregorios High School", "opening_hours": null, "source": null, "tourism": null, "name:ur": null, "addr:city": "Chembur, Mumbai", "addr:housenumber": null, "addr:postcode": "400071", "addr:street": "Gregorios Path", "denomination": null, "grades": null, "religion": null, "timing": null, "wikidata": null, "fixme": null, "name:en": null, "operator": "St. Gregorios Education & Medical Trust", "website": "http://stgregorios.school/", "check_date": null, "description": null, "female": null, "note": "ICSE School", "phone": null, "isced:level": null, "education": null, "fee": null, "operator:type": null, "addr:country": null, "email": null, "capacity": null, "operator:short": null, "operator:wikidata": null, "addr:district": null, "check_date:opening_hours": null, "name:hi": null, "building": null, "brand": null, "brand:wikidata": null, "landuse": null, "building:levels": null, "wikipedia": null, "amenity_1": null, "school:gender": null, "old_name": null, "wikimedia_commons": null, "addr:housename": "St. Gregorios High School", "ref:IN:UDISE": null, "barrier": null, "school": null, "name:etymology:wikidata": null, "addr:state": null, "addr:suburb": null, "alt_name": null, "surface": null, "height": null, "building:part": null, "species:en": null, "level": null, "name:mr": null, "short_name": null, "start_date": null, "name:fr": null, "layer": null, "ele": null, "type": null }, "geometry": { "type": "Polygon", "coordinates": [ [ [ 72.9023893, 19.0507746 ], [ 72.9026521, 19.0507239 ], [ 72.902636, 19.0502168 ], [ 72.9027219, 19.0498314 ], [ 72.9024536, 19.0497807 ], [ 72.9023839, 19.0501864 ], [ 72.9023893, 19.0507746 ] ] ] } },
{ "type": "Feature", "properties": { "element": "way", "id": 222973447, "amenity": "school", "name": "St. Anthony's Girls High School", "opening_hours": null, "source": null, "tourism": null, "name:ur": null, "addr:city": null, "addr:housenumber": null, "addr:postcode": null, "addr:street": null, "denomination": null, "grades": null, "religion": null, "timing": null, "wikidata": null, "fixme": null, "name:en": null, "operator": null, "website": null, "check_date": null, "description": null, "female": null, "note": null, "phone": null, "isced:level": null, "education": null, "fee": null, "operator:type": null, "addr:country": null, "email": null, "capacity": null, "operator:short": null, "operator:wikidata": null, "addr:district": null, "check_date:opening_hours": null, "name:hi": null, "building": null, "brand": null, "brand:wikidata": null, "landuse": null, "building:levels": null, "wikipedia": null, "amenity_1": null, "school:gender": null, "old_name": null, "wikimedia_commons": null, "addr:housename": null, "ref:IN:UDISE": null, "barrier": null, "school": null, "name:etymology:wikidata": null, "addr:state": null, "addr:suburb": null, "alt_name": null, "surface": null, "height": null, "building:part": null, "species:en": null, "level": null, "name:mr": null, "short_name": null, "start_date": null, "name:fr": null, "layer": null, "ele": null, "type": null }, "geometry": { "type": "Polygon", "coordinates": [ [ [ 72.9040092, 19.0551194 ], [ 72.9040107, 19.0552831 ], [ 72.9037146, 19.0552856 ], [ 72.9037181, 19.0556646 ], [ 72.9035392, 19.0556661 ], [ 72.9035384, 19.055583 ], [ 72.9032546, 19.0555853 ], [ 72.9032568, 19.0558188 ], [ 72.9027821, 19.0558228 ], [ 72.9027756, 19.0551297 ], [ 72.9040092, 19.0551194 ] ] ] } },
{ "type": "Feature", "properties": { "element": "way", "id": 222978456, "amenity": "school", "name": "General Education Academy", "opening_hours": null, "source": null, "tourism": null, "name:ur": null, "addr:city": "Chembur, Mumbai", "addr:housenumber": null, "addr:postcode": "400071", "addr:street": "Road No 19", "denomination": null, "grades": null, "religion": null, "timing": null, "wikidata": null, "fixme": null, "name:en": null, "operator": null, "website": null, "check_date": null, "description": null, "female": null, "note": null, "phone": null, "isced:level": null, "education": null, "fee": null, "operator:type": null, "addr:country": null, "email": null, "capacity": null, "operator:short": null, "operator:wikidata": null, "addr:district": null, "check_date:opening_hours": null, "name:hi": null, "building": null, "brand": null, "brand:wikidata": null, "landuse": null, "building:levels": null, "wikipedia": null, "amenity_1": null, "school:gender": null, "old_name": null, "wikimedia_commons": null, "addr:housename": null, "ref:IN:UDISE": null, "barrier": null, "school": null, "name:etymology:wikidata": null, "addr:state": null, "addr:suburb": null, "alt_name": null, "surface": null, "height": null, "building:part": null, "species:en": null, "level": null, "name:mr": null, "short_name": null, "start_date": null, "name:fr": null, "layer": null, "ele": null, "type": null }, "geometry": { "type": "Polygon", "coordinates": [ [ [ 72.8995174, 19.0596381 ], [ 72.8995871, 19.0598358 ], [ 72.8992223, 19.0599981 ], [ 72.899292, 19.0602212 ], [ 72.8992277, 19.0602465 ], [ 72.8990828, 19.0598003 ], [ 72.8995174, 19.0596381 ] ] ] } },
{ "type": "Feature", "properties": { "element": "way", "id": 229637665, "amenity": "school", "name": "Kamaraj School", "opening_hours": null, "source": null, "tourism": null, "name:ur": null, "addr:city": null, "addr:housenumber": null, "addr:postcode": null, "addr:street": null, "denomination": null, "grades": null, "religion": null, "timing": null, "wikidata": null, "fixme": null, "name:en": null, "operator": null, "website": null, "check_date": null, "description": null, "female": null, "note": null, "phone": null, "isced:level": null, "education": null, "fee": null, "operator:type": null, "addr:country": null, "email": null, "capacity": null, "operator:short": null, "operator:wikidata": null, "addr:district": null, "check_date:opening_hours": null, "name:hi": null, "building": null, "brand": null, "brand:wikidata": null, "landuse": null, "building:levels": null, "wikipedia": null, "amenity_1": null, "school:gender": null, "old_name": null, "wikimedia_commons": null, "addr:housename": null, "ref:IN:UDISE": null, "barrier": null, "school": null, "name:etymology:wikidata": "Q522048", "addr:state": null, "addr:suburb": null, "alt_name": null, "surface": null, "height": null, "building:part": null, "species:en": null, "level": null, "name:mr": null, "short_name": null, "start_date": null, "name:fr": null, "layer": null, "ele": null, "type": null }, "geometry": { "type": "Polygon", "coordinates": [ [ [ 72.855438, 19.0416023 ], [ 72.8556687, 19.0413894 ], [ 72.8555619, 19.0411776 ], [ 72.8552449, 19.0412474 ], [ 72.855438, 19.0416023 ] ] ] } },
{ "type": "Feature", "properties": { "element": "way", "id": 230784609, "amenity": "school", "name": "Saint Joseph's High School", "opening_hours": null, "source": null, "tourism": null, "name:ur": null, "addr:city": null, "addr:housenumber": null, "addr:postcode": null, "addr:street": null, "denomination": null, "grades": null, "religion": "christian", "timing": null, "wikidata": null, "fixme": null, "name:en": null, "operator": null, "website": null, "check_date": null, "description": null, "female": null, "note": null, "phone": null, "isced:level": null, "education": null, "fee": null, "operator:type": "religious", "addr:country": null, "email": null, "capacity": null, "operator:short": null, "operator:wikidata": null, "addr:district": null, "check_date:opening_hours": null, "name:hi": null, "building": null, "brand": null, "brand:wikidata": null, "landuse": null, "building:levels": null, "wikipedia": null, "amenity_1": null, "school:gender": null, "old_name": null, "wikimedia_commons": null, "addr:housename": null, "ref:IN:UDISE": null, "barrier": null, "school": null, "name:etymology:wikidata": null, "addr:state": null, "addr:suburb": null, "alt_name": null, "surface": null, "height": null, "building:part": null, "species:en": null, "level": null, "name:mr": null, "short_name": null, "start_date": null, "name:fr": null, "layer": null, "ele": null, "type": null }, "geometry": { "type": "Polygon", "coordinates": [ [ [ 72.8264768, 19.1077415 ], [ 72.8267008, 19.1077319 ], [ 72.8269942, 19.1053992 ], [ 72.8270524, 19.1050282 ], [ 72.8270483, 19.1049887 ], [ 72.8270134, 19.1049668 ], [ 72.8269649, 19.104959 ], [ 72.8267343, 19.1050194 ], [ 72.8266683, 19.1050824 ], [ 72.8265664, 19.1056287 ], [ 72.8265264, 19.1058558 ], [ 72.8264352, 19.1075209 ], [ 72.8264377, 19.1076093 ], [ 72.8264768, 19.1077415 ] ] ] } },
{ "type": "Feature", "properties": { "element": "way", "id": 231542204, "amenity": "school", "name": "Mary Immaculate Girls Primary School", "opening_hours": null, "source": null, "tourism": null, "name:ur": null, "addr:city": "Mumbai", "addr:housenumber": null, "addr:postcode": "400103", "addr:street": "LIC Colony Rd", "denomination": null, "grades": null, "religion": null, "timing": null, "wikidata": null, "fixme": null, "name:en": null, "operator": null, "website": null, "check_date": null, "description": null, "female": null, "note": null, "phone": null, "isced:level": null, "education": null, "fee": null, "operator:type": null, "addr:country": null, "email": null, "capacity": null, "operator:short": null, "operator:wikidata": null, "addr:district": null, "check_date:opening_hours": null, "name:hi": null, "building": null, "brand": null, "brand:wikidata": null, "landuse": null, "building:levels": null, "wikipedia": null, "amenity_1": null, "school:gender": null, "old_name": null, "wikimedia_commons": null, "addr:housename": null, "ref:IN:UDISE": null, "barrier": null, "school": null, "name:etymology:wikidata": null, "addr:state": "MH [1, 2]", "addr:suburb": "Borivali West", "alt_name": null, "surface": null, "height": null, "building:part": null, "species:en": null, "level": null, "name:mr": null, "short_name": null, "start_date": null, "name:fr": null, "layer": null, "ele": null, "type": null }, "geometry": { "type": "Polygon", "coordinates": [ [ [ 72.8525265, 19.2396044 ], [ 72.8528906, 19.2395636 ], [ 72.8530556, 19.2396226 ], [ 72.8531404, 19.2394892 ], [ 72.853171, 19.2393572 ], [ 72.8530881, 19.2392633 ], [ 72.8529774, 19.2392387 ], [ 72.8524925, 19.2392805 ], [ 72.8525265, 19.2396044 ] ] ] } },
{ "type": "Feature", "properties": { "element": "way", "id": 231592040, "amenity": "school", "name": "St Francis D'Assissi High School", "opening_hours": null, "source": null, "tourism": null, "name:ur": null, "addr:city": null, "addr:housenumber": null, "addr:postcode": null, "addr:street": null, "denomination": null, "grades": null, "religion": null, "timing": null, "wikidata": null, "fixme": null, "name:en": null, "operator": null, "website": null, "check_date": null, "description": null, "female": null, "note": null, "phone": null, "isced:level": null, "education": null, "fee": null, "operator:type": null, "addr:country": null, "email": null, "capacity": null, "operator:short": null, "operator:wikidata": null, "addr:district": null, "check_date:opening_hours": null, "name:hi": null, "building": null, "brand": null, "brand:wikidata": null, "landuse": null, "building:levels": null, "wikipedia": null, "amenity_1": null, "school:gender": null, "old_name": null, "wikimedia_commons": null, "addr:housename": null, "ref:IN:UDISE": null, "barrier": null, "school": null, "name:etymology:wikidata": null, "addr:state": null, "addr:suburb": null, "alt_name": null, "surface": null, "height": null, "building:part": null, "species:en": null, "level": null, "name:mr": null, "short_name": null, "start_date": null, "name:fr": null, "layer": null, "ele": null, "type": null }, "geometry": { "type": "Polygon", "coordinates": [ [ [ 72.8522694, 19.2445938 ], [ 72.8534329, 19.2443366 ], [ 72.8535098, 19.244233 ], [ 72.8537475, 19.2434699 ], [ 72.8536807, 19.2434155 ], [ 72.8533374, 19.2434279 ], [ 72.85325, 19.2434026 ], [ 72.8530921, 19.243701 ], [ 72.8528739, 19.2437438 ], [ 72.8523023, 19.2438175 ], [ 72.8522694, 19.2445938 ] ] ] } },
{ "type": "Feature", "properties": { "element": "way", "id": 235772566, "amenity": "school", "name": "Vidyanidhi School", "opening_hours": null, "source": null, "tourism": null, "name:ur": null, "addr:city": "Mumbai", "addr:housenumber": null, "addr:postcode": "400049", "addr:street": "Vidyanidhi Marg", "denomination": null, "grades": null, "religion": null, "timing": null, "wikidata": null, "fixme": null, "name:en": null, "operator": null, "website": null, "check_date": null, "description": null, "female": null, "note": null, "phone": null, "isced:level": null, "education": null, "fee": null, "operator:type": null, "addr:country": null, "email": null, "capacity": null, "operator:short": null, "operator:wikidata": null, "addr:district": null, "check_date:opening_hours": null, "name:hi": null, "building": null, "brand": null, "brand:wikidata": null, "landuse": null, "building:levels": null, "wikipedia": null, "amenity_1": null, "school:gender": null, "old_name": null, "wikimedia_commons": null, "addr:housename": null, "ref:IN:UDISE": null, "barrier": null, "school": null, "name:etymology:wikidata": null, "addr:state": null, "addr:suburb": null, "alt_name": null, "surface": null, "height": null, "building:part": null, "species:en": null, "level": null, "name:mr": null, "short_name": null, "start_date": null, "name:fr": null, "layer": null, "ele": null, "type": null }, "geometry": { "type": "Polygon", "coordinates": [ [ [ 72.8327397, 19.1122581 ], [ 72.8329698, 19.1120776 ], [ 72.8331043, 19.1118147 ], [ 72.8331132, 19.1115312 ], [ 72.8330147, 19.1112773 ], [ 72.8325939, 19.1114561 ], [ 72.8326299, 19.1115445 ], [ 72.8326461, 19.1116401 ], [ 72.8326235, 19.1117538 ], [ 72.8325711, 19.1118045 ], [ 72.8325191, 19.1118471 ], [ 72.8327397, 19.1122581 ] ] ] } },
{ "type": "Feature", "properties": { "element": "way", "id": 236596238, "amenity": "school", "name": "Lion's Pioneer High School", "opening_hours": null, "source": null, "tourism": null, "name:ur": null, "addr:city": null, "addr:housenumber": null, "addr:postcode": null, "addr:street": null, "denomination": null, "grades": null, "religion": null, "timing": null, "wikidata": null, "fixme": null, "name:en": null, "operator": null, "website": null, "check_date": "2026-03-20", "description": null, "female": null, "note": null, "phone": null, "isced:level": null, "education": null, "fee": null, "operator:type": null, "addr:country": null, "email": null, "capacity": null, "operator:short": null, "operator:wikidata": null, "addr:district": null, "check_date:opening_hours": null, "name:hi": null, "building": null, "brand": null, "brand:wikidata": null, "landuse": null, "building:levels": null, "wikipedia": null, "amenity_1": null, "school:gender": null, "old_name": null, "wikimedia_commons": null, "addr:housename": null, "ref:IN:UDISE": null, "barrier": null, "school": null, "name:etymology:wikidata": null, "addr:state": null, "addr:suburb": null, "alt_name": null, "surface": null, "height": null, "building:part": null, "species:en": null, "level": null, "name:mr": null, "short_name": null, "start_date": null, "name:fr": null, "layer": null, "ele": null, "type": null }, "geometry": { "type": "Polygon", "coordinates": [ [ [ 72.8545632, 19.0302822 ], [ 72.8544427, 19.0302656 ], [ 72.8542155, 19.0303409 ], [ 72.8543884, 19.0307246 ], [ 72.8544408, 19.0307467 ], [ 72.8544913, 19.0307338 ], [ 72.8545632, 19.0302822 ] ] ] } },
{ "type": "Feature", "properties": { "element": "way", "id": 236596241, "amenity": "school", "name": null, "opening_hours": null, "source": null, "tourism": null, "name:ur": null, "addr:city": null, "addr:housenumber": null, "addr:postcode": null, "addr:street": null, "denomination": null, "grades": null, "religion": null, "timing": null, "wikidata": null, "fixme": null, "name:en": null, "operator": null, "website": null, "check_date": "2026-03-20", "description": null, "female": null, "note": null, "phone": null, "isced:level": null, "education": null, "fee": null, "operator:type": null, "addr:country": null, "email": null, "capacity": null, "operator:short": null, "operator:wikidata": null, "addr:district": null, "check_date:opening_hours": null, "name:hi": null, "building": null, "brand": null, "brand:wikidata": null, "landuse": null, "building:levels": null, "wikipedia": null, "amenity_1": null, "school:gender": null, "old_name": null, "wikimedia_commons": null, "addr:housename": null, "ref:IN:UDISE": null, "barrier": null, "school": null, "name:etymology:wikidata": null, "addr:state": null, "addr:suburb": null, "alt_name": null, "surface": null, "height": null, "building:part": null, "species:en": null, "level": null, "name:mr": null, "short_name": null, "start_date": null, "name:fr": null, "layer": null, "ele": null, "type": null }, "geometry": { "type": "Polygon", "coordinates": [ [ [ 72.8547069, 19.0296689 ], [ 72.854769, 19.0293256 ], [ 72.8547438, 19.0292889 ], [ 72.8536523, 19.0291328 ], [ 72.8536193, 19.0291603 ], [ 72.853829, 19.0295698 ], [ 72.8547069, 19.0296689 ] ] ] } },
{ "type": "Feature", "properties": { "element": "way", "id": 236631072, "amenity": "school", "name": "Our Lady Of Salvation School", "opening_hours": null, "source": null, "tourism": null, "name:ur": null, "addr:city": null, "addr:housenumber": null, "addr:postcode": null, "addr:street": null, "denomination": null, "grades": null, "religion": null, "timing": null, "wikidata": null, "fixme": null, "name:en": null, "operator": null, "website": null, "check_date": null, "description": null, "female": null, "note": null, "phone": null, "isced:level": "1;2;3", "education": null, "fee": null, "operator:type": null, "addr:country": null, "email": null, "capacity": null, "operator:short": null, "operator:wikidata": null, "addr:district": null, "check_date:opening_hours": null, "name:hi": null, "building": null, "brand": null, "brand:wikidata": null, "landuse": null, "building:levels": null, "wikipedia": null, "amenity_1": null, "school:gender": "male", "old_name": null, "wikimedia_commons": null, "addr:housename": null, "ref:IN:UDISE": null, "barrier": null, "school": null, "name:etymology:wikidata": null, "addr:state": null, "addr:suburb": null, "alt_name": null, "surface": null, "height": null, "building:part": null, "species:en": null, "level": null, "name:mr": null, "short_name": null, "start_date": null, "name:fr": null, "layer": null, "ele": null, "type": null }, "geometry": { "type": "Polygon", "coordinates": [ [ [ 72.8353954, 19.0178753 ], [ 72.8352369, 19.0179297 ], [ 72.8352757, 19.0180612 ], [ 72.8351927, 19.0180858 ], [ 72.8352864, 19.0184923 ], [ 72.8351427, 19.0185135 ], [ 72.835044, 19.0181596 ], [ 72.8346053, 19.0182392 ], [ 72.8343923, 19.0174739 ], [ 72.8351233, 19.0171948 ], [ 72.8353954, 19.0178753 ] ] ] } },
{ "type": "Feature", "properties": { "element": "way", "id": 236631074, "amenity": "school", "name": "Maharashtra High School Number 2", "opening_hours": null, "source": null, "tourism": null, "name:ur": null, "addr:city": null, "addr:housenumber": null, "addr:postcode": null, "addr:street": null, "denomination": null, "grades": null, "religion": null, "timing": null, "wikidata": null, "fixme": null, "name:en": null, "operator": null, "website": null, "check_date": null, "description": null, "female": null, "note": null, "phone": null, "isced:level": "1;2;3", "education": null, "fee": null, "operator:type": null, "addr:country": null, "email": null, "capacity": null, "operator:short": null, "operator:wikidata": null, "addr:district": null, "check_date:opening_hours": null, "name:hi": null, "building": null, "brand": null, "brand:wikidata": null, "landuse": null, "building:levels": null, "wikipedia": null, "amenity_1": null, "school:gender": null, "old_name": null, "wikimedia_commons": null, "addr:housename": null, "ref:IN:UDISE": null, "barrier": null, "school": null, "name:etymology:wikidata": null, "addr:state": null, "addr:suburb": null, "alt_name": "People's Education Society", "surface": null, "height": null, "building:part": null, "species:en": null, "level": null, "name:mr": null, "short_name": null, "start_date": null, "name:fr": null, "layer": null, "ele": null, "type": null }, "geometry": { "type": "Polygon", "coordinates": [ [ [ 72.8347758, 19.0172602 ], [ 72.8342406, 19.0175165 ], [ 72.8340946, 19.017408 ], [ 72.8341552, 19.0172962 ], [ 72.8342662, 19.0171841 ], [ 72.8346545, 19.0170319 ], [ 72.8347758, 19.0172602 ] ] ] } },
{ "type": "Feature", "properties": { "element": "way", "id": 237025763, "amenity": "school", "name": "St Joseph's Convent (Girls School)", "opening_hours": null, "source": null, "tourism": null, "name:ur": null, "addr:city": "Bandra, Mumbai", "addr:housenumber": null, "addr:postcode": "400050", "addr:street": "Manuel Gonsalves Road", "denomination": null, "grades": null, "religion": null, "timing": null, "wikidata": null, "fixme": null, "name:en": null, "operator": null, "website": null, "check_date": null, "description": null, "female": null, "note": null, "phone": null, "isced:level": null, "education": null, "fee": null, "operator:type": null, "addr:country": null, "email": null, "capacity": null, "operator:short": null, "operator:wikidata": null, "addr:district": null, "check_date:opening_hours": null, "name:hi": null, "building": null, "brand": null, "brand:wikidata": null, "landuse": null, "building:levels": null, "wikipedia": null, "amenity_1": null, "school:gender": null, "old_name": null, "wikimedia_commons": null, "addr:housename": null, "ref:IN:UDISE": null, "barrier": null, "school": null, "name:etymology:wikidata": null, "addr:state": null, "addr:suburb": null, "alt_name": null, "surface": null, "height": null, "building:part": null, "species:en": null, "level": null, "name:mr": null, "short_name": null, "start_date": null, "name:fr": null, "layer": null, "ele": null, "type": null }, "geometry": { "type": "Polygon", "coordinates": [ [ [ 72.8301867, 19.0552555 ], [ 72.8300683, 19.0553626 ], [ 72.8299043, 19.0565889 ], [ 72.8298217, 19.057207 ], [ 72.8300201, 19.0572305 ], [ 72.8300153, 19.0573401 ], [ 72.8307376, 19.0574063 ], [ 72.8308045, 19.0560633 ], [ 72.8306192, 19.0560195 ], [ 72.8307582, 19.0554015 ], [ 72.8301867, 19.0552555 ] ] ] } },
{ "type": "Feature", "properties": { "element": "way", "id": 255363714, "amenity": "school", "name": "St. Aloysius High School", "opening_hours": null, "source": null, "tourism": null, "name:ur": null, "addr:city": "Bandra, Mumbai", "addr:housenumber": null, "addr:postcode": "400050", "addr:street": "Chapel Road", "denomination": null, "grades": null, "religion": null, "timing": null, "wikidata": null, "fixme": null, "name:en": null, "operator": null, "website": null, "check_date": null, "description": null, "female": null, "note": null, "phone": null, "isced:level": null, "education": null, "fee": null, "operator:type": null, "addr:country": null, "email": null, "capacity": null, "operator:short": null, "operator:wikidata": null, "addr:district": null, "check_date:opening_hours": null, "name:hi": null, "building": "school", "brand": null, "brand:wikidata": null, "landuse": null, "building:levels": null, "wikipedia": null, "amenity_1": null, "school:gender": null, "old_name": null, "wikimedia_commons": null, "addr:housename": null, "ref:IN:UDISE": null, "barrier": null, "school": null, "name:etymology:wikidata": null, "addr:state": null, "addr:suburb": null, "alt_name": null, "surface": null, "height": null, "building:part": null, "species:en": null, "level": null, "name:mr": null, "short_name": null, "start_date": null, "name:fr": null, "layer": null, "ele": null, "type": null }, "geometry": { "type": "Polygon", "coordinates": [ [ [ 72.8278779, 19.0509986 ], [ 72.8278508, 19.0508541 ], [ 72.8279493, 19.0507737 ], [ 72.8281299, 19.0507933 ], [ 72.8281353, 19.050749 ], [ 72.8283338, 19.0507705 ], [ 72.8283426, 19.050698 ], [ 72.8279556, 19.050656 ], [ 72.8278801, 19.0505977 ], [ 72.8277654, 19.0506814 ], [ 72.8277413, 19.0507394 ], [ 72.8277614, 19.0507661 ], [ 72.827733, 19.0509399 ], [ 72.8277893, 19.0509881 ], [ 72.8278779, 19.0509986 ] ] ] } },
{ "type": "Feature", "properties": { "element": "way", "id": 255369903, "amenity": "school", "name": "St. Anne's High School", "opening_hours": null, "source": null, "tourism": null, "name:ur": null, "addr:city": "Mumbai", "addr:housenumber": null, "addr:postcode": "400050", "addr:street": null, "denomination": null, "grades": null, "religion": null, "timing": null, "wikidata": null, "fixme": null, "name:en": null, "operator": null, "website": "https://stannehighschool.org/", "check_date": null, "description": null, "female": null, "note": null, "phone": "+ 91 22 2648 6273", "isced:level": null, "education": null, "fee": null, "operator:type": null, "addr:country": null, "email": null, "capacity": null, "operator:short": null, "operator:wikidata": null, "addr:district": null, "check_date:opening_hours": null, "name:hi": null, "building": "school", "brand": null, "brand:wikidata": null, "landuse": null, "building:levels": null, "wikipedia": null, "amenity_1": null, "school:gender": null, "old_name": null, "wikimedia_commons": null, "addr:housename": null, "ref:IN:UDISE": null, "barrier": null, "school": null, "name:etymology:wikidata": null, "addr:state": null, "addr:suburb": "Bandra West", "alt_name": null, "surface": null, "height": null, "building:part": null, "species:en": null, "level": null, "name:mr": null, "short_name": null, "start_date": null, "name:fr": null, "layer": null, "ele": null, "type": null }, "geometry": { "type": "Polygon", "coordinates": [ [ [ 72.8260814, 19.0643161 ], [ 72.8259604, 19.0640618 ], [ 72.8259952, 19.0640475 ], [ 72.8259559, 19.0639678 ], [ 72.8260734, 19.0639161 ], [ 72.8261094, 19.0639893 ], [ 72.8262233, 19.0639392 ], [ 72.8263319, 19.0641596 ], [ 72.8262539, 19.0641939 ], [ 72.8262759, 19.0642385 ], [ 72.8260814, 19.0643161 ] ] ] } },
{ "type": "Feature", "properties": { "element": "way", "id": 257073104, "amenity": "school", "name": "Mahim Police Colony Municipal School", "opening_hours": null, "source": null, "tourism": null, "name:ur": null, "addr:city": "Mumbai", "addr:housenumber": null, "addr:postcode": null, "addr:street": null, "denomination": null, "grades": null, "religion": null, "timing": null, "wikidata": null, "fixme": null, "name:en": null, "operator": null, "website": null, "check_date": null, "description": null, "female": null, "note": null, "phone": null, "isced:level": null, "education": null, "fee": null, "operator:type": null, "addr:country": null, "email": null, "capacity": null, "operator:short": null, "operator:wikidata": null, "addr:district": null, "check_date:opening_hours": null, "name:hi": null, "building": "yes", "brand": null, "brand:wikidata": null, "landuse": null, "building:levels": null, "wikipedia": null, "amenity_1": null, "school:gender": null, "old_name": null, "wikimedia_commons": null, "addr:housename": null, "ref:IN:UDISE": null, "barrier": null, "school": null, "name:etymology:wikidata": null, "addr:state": null, "addr:suburb": null, "alt_name": null, "surface": null, "height": null, "building:part": null, "species:en": null, "level": null, "name:mr": null, "short_name": null, "start_date": null, "name:fr": null, "layer": null, "ele": null, "type": null }, "geometry": { "type": "Polygon", "coordinates": [ [ [ 72.8415265, 19.0478691 ], [ 72.841607, 19.0475891 ], [ 72.8414314, 19.047544 ], [ 72.8413509, 19.047824 ], [ 72.8415265, 19.0478691 ] ] ] } },
{ "type": "Feature", "properties": { "element": "way", "id": 257439668, "amenity": "school", "name": "Don Bosco School", "opening_hours": null, "source": null, "tourism": null, "name:ur": null, "addr:city": null, "addr:housenumber": null, "addr:postcode": null, "addr:street": null, "denomination": null, "grades": null, "religion": null, "timing": null, "wikidata": null, "fixme": null, "name:en": null, "operator": null, "website": null, "check_date": null, "description": null, "female": null, "note": null, "phone": null, "isced:level": null, "education": null, "fee": null, "operator:type": null, "addr:country": null, "email": null, "capacity": null, "operator:short": null, "operator:wikidata": null, "addr:district": null, "check_date:opening_hours": null, "name:hi": null, "building": null, "brand": null, "brand:wikidata": null, "landuse": null, "building:levels": null, "wikipedia": null, "amenity_1": null, "school:gender": null, "old_name": null, "wikimedia_commons": null, "addr:housename": null, "ref:IN:UDISE": null, "barrier": null, "school": null, "name:etymology:wikidata": null, "addr:state": null, "addr:suburb": null, "alt_name": null, "surface": null, "height": null, "building:part": null, "species:en": null, "level": null, "name:mr": null, "short_name": null, "start_date": null, "name:fr": null, "layer": null, "ele": null, "type": null }, "geometry": { "type": "Polygon", "coordinates": [ [ [ 72.8411813, 19.2302042 ], [ 72.8433833, 19.230376 ], [ 72.84313, 19.2311873 ], [ 72.8420722, 19.2313958 ], [ 72.8413538, 19.2316822 ], [ 72.841404, 19.2307107 ], [ 72.8410922, 19.2306977 ], [ 72.841115, 19.2302876 ], [ 72.8411813, 19.2302042 ] ] ] } },
{ "type": "Feature", "properties": { "element": "way", "id": 257439672, "amenity": "school", "name": "Gyanvardini School Ground", "opening_hours": null, "source": null, "tourism": null, "name:ur": null, "addr:city": null, "addr:housenumber": null, "addr:postcode": null, "addr:street": null, "denomination": null, "grades": null, "religion": null, "timing": null, "wikidata": null, "fixme": null, "name:en": null, "operator": null, "website": null, "check_date": null, "description": null, "female": null, "note": null, "phone": null, "isced:level": null, "education": null, "fee": null, "operator:type": null, "addr:country": null, "email": null, "capacity": null, "operator:short": null, "operator:wikidata": null, "addr:district": null, "check_date:opening_hours": null, "name:hi": null, "building": null, "brand": null, "brand:wikidata": null, "landuse": null, "building:levels": null, "wikipedia": null, "amenity_1": null, "school:gender": null, "old_name": null, "wikimedia_commons": null, "addr:housename": null, "ref:IN:UDISE": null, "barrier": null, "school": null, "name:etymology:wikidata": null, "addr:state": null, "addr:suburb": null, "alt_name": null, "surface": "ground", "height": null, "building:part": null, "species:en": null, "level": null, "name:mr": null, "short_name": null, "start_date": null, "name:fr": null, "layer": null, "ele": null, "type": null }, "geometry": { "type": "Polygon", "coordinates": [ [ [ 72.8299211, 19.2216497 ], [ 72.8299623, 19.2225633 ], [ 72.8304916, 19.221621 ], [ 72.8299211, 19.2216497 ] ] ] } },
{ "type": "Feature", "properties": { "element": "way", "id": 266289391, "amenity": "school", "name": "Dilkhush Special School", "opening_hours": null, "source": null, "tourism": null, "name:ur": null, "addr:city": "Mumbai", "addr:housenumber": null, "addr:postcode": null, "addr:street": "Juhu Tara Road", "denomination": null, "grades": null, "religion": null, "timing": null, "wikidata": null, "fixme": null, "name:en": null, "operator": null, "website": null, "check_date": null, "description": null, "female": null, "note": null, "phone": null, "isced:level": null, "education": null, "fee": null, "operator:type": null, "addr:country": null, "email": null, "capacity": null, "operator:short": null, "operator:wikidata": null, "addr:district": null, "check_date:opening_hours": null, "name:hi": null, "building": "yes", "brand": null, "brand:wikidata": null, "landuse": null, "building:levels": null, "wikipedia": null, "amenity_1": null, "school:gender": null, "old_name": null, "wikimedia_commons": null, "addr:housename": null, "ref:IN:UDISE": null, "barrier": null, "school": null, "name:etymology:wikidata": null, "addr:state": null, "addr:suburb": null, "alt_name": null, "surface": null, "height": null, "building:part": null, "species:en": null, "level": null, "name:mr": null, "short_name": null, "start_date": null, "name:fr": null, "layer": null, "ele": null, "type": null }, "geometry": { "type": "Polygon", "coordinates": [ [ [ 72.8284093, 19.0999164 ], [ 72.8280641, 19.0998841 ], [ 72.8281146, 19.0995364 ], [ 72.8284696, 19.0995625 ], [ 72.8284093, 19.0999164 ] ] ] } },
{ "type": "Feature", "properties": { "element": "way", "id": 275399290, "amenity": "school", "name": "Children's Academy", "opening_hours": null, "source": null, "tourism": null, "name:ur": null, "addr:city": "Mumbi", "addr:housenumber": "poddar road", "addr:postcode": "400097", "addr:street": null, "denomination": null, "grades": null, "religion": null, "timing": null, "wikidata": "Q5098005", "fixme": null, "name:en": null, "operator": null, "website": null, "check_date": null, "description": null, "female": null, "note": null, "phone": null, "isced:level": null, "education": "school", "fee": null, "operator:type": null, "addr:country": null, "email": null, "capacity": null, "operator:short": null, "operator:wikidata": null, "addr:district": null, "check_date:opening_hours": null, "name:hi": null, "building": "school", "brand": null, "brand:wikidata": null, "landuse": null, "building:levels": "6", "wikipedia": "en:Children's Academy", "amenity_1": null, "school:gender": null, "old_name": null, "wikimedia_commons": null, "addr:housename": null, "ref:IN:UDISE": null, "barrier": null, "school": null, "name:etymology:wikidata": null, "addr:state": null, "addr:suburb": null, "alt_name": null, "surface": null, "height": null, "building:part": null, "species:en": null, "level": null, "name:mr": null, "short_name": null, "start_date": null, "name:fr": null, "layer": null, "ele": null, "type": null }, "geometry": { "type": "Polygon", "coordinates": [ [ [ 72.8541664, 19.1853711 ], [ 72.8543917, 19.185363 ], [ 72.8544507, 19.1853609 ], [ 72.8544534, 19.18548 ], [ 72.8543461, 19.1854825 ], [ 72.8543488, 19.1855306 ], [ 72.8541664, 19.1855357 ], [ 72.8541664, 19.1853711 ] ] ] } },
{ "type": "Feature", "properties": { "element": "way", "id": 279196737, "amenity": "school", "name": "Atomic Energy Central School V", "opening_hours": null, "source": null, "tourism": null, "name:ur": null, "addr:city": "Mumbai", "addr:housenumber": "New Mandala", "addr:postcode": "400094", "addr:street": "V.N. Purav Marg", "denomination": null, "grades": null, "religion": null, "timing": null, "wikidata": null, "fixme": null, "name:en": null, "operator": null, "website": null, "check_date": "2024-04-26", "description": null, "female": null, "note": null, "phone": null, "isced:level": null, "education": null, "fee": null, "operator:type": null, "addr:country": null, "email": null, "capacity": null, "operator:short": null, "operator:wikidata": null, "addr:district": null, "check_date:opening_hours": null, "name:hi": null, "building": null, "brand": null, "brand:wikidata": null, "landuse": null, "building:levels": null, "wikipedia": null, "amenity_1": null, "school:gender": null, "old_name": null, "wikimedia_commons": null, "addr:housename": null, "ref:IN:UDISE": null, "barrier": null, "school": null, "name:etymology:wikidata": null, "addr:state": null, "addr:suburb": null, "alt_name": null, "surface": null, "height": null, "building:part": null, "species:en": null, "level": null, "name:mr": null, "short_name": null, "start_date": null, "name:fr": null, "layer": null, "ele": null, "type": null }, "geometry": { "type": "Polygon", "coordinates": [ [ [ 72.9329644, 19.0385569 ], [ 72.9337817, 19.0384358 ], [ 72.9336625, 19.0376506 ], [ 72.9328849, 19.0376673 ], [ 72.932633, 19.0378678 ], [ 72.9329644, 19.0385569 ] ] ] } },
{ "type": "Feature", "properties": { "element": "way", "id": 286014465, "amenity": "school", "name": "Byculla School", "opening_hours": null, "source": null, "tourism": null, "name:ur": null, "addr:city": "Mumbai", "addr:housenumber": null, "addr:postcode": "400011", "addr:street": "N M Joshi Marg", "denomination": null, "grades": null, "religion": null, "timing": null, "wikidata": null, "fixme": null, "name:en": null, "operator": null, "website": null, "check_date": null, "description": null, "female": null, "note": null, "phone": null, "isced:level": null, "education": "school", "fee": null, "operator:type": null, "addr:country": null, "email": null, "capacity": null, "operator:short": null, "operator:wikidata": null, "addr:district": null, "check_date:opening_hours": null, "name:hi": null, "building": "yes", "brand": null, "brand:wikidata": null, "landuse": null, "building:levels": "3", "wikipedia": null, "amenity_1": null, "school:gender": null, "old_name": null, "wikimedia_commons": null, "addr:housename": null, "ref:IN:UDISE": null, "barrier": null, "school": null, "name:etymology:wikidata": null, "addr:state": null, "addr:suburb": null, "alt_name": null, "surface": null, "height": null, "building:part": null, "species:en": null, "level": null, "name:mr": null, "short_name": null, "start_date": null, "name:fr": null, "layer": null, "ele": null, "type": null }, "geometry": { "type": "Polygon", "coordinates": [ [ [ 72.8321455, 18.9811401 ], [ 72.832627, 18.9811472 ], [ 72.8326244, 18.9806822 ], [ 72.8321563, 18.9806811 ], [ 72.8321455, 18.9811401 ] ] ] } },
{ "type": "Feature", "properties": { "element": "way", "id": 288426456, "amenity": "school", "name": "Chikitsak Samuh High School", "opening_hours": null, "source": null, "tourism": null, "name:ur": null, "addr:city": "Mumbai", "addr:housenumber": null, "addr:postcode": "400004", "addr:street": "Sadashiva Cross Lane", "denomination": null, "grades": null, "religion": null, "timing": null, "wikidata": null, "fixme": null, "name:en": null, "operator": null, "website": null, "check_date": null, "description": null, "female": null, "note": null, "phone": null, "isced:level": null, "education": null, "fee": null, "operator:type": null, "addr:country": null, "email": null, "capacity": null, "operator:short": null, "operator:wikidata": null, "addr:district": null, "check_date:opening_hours": null, "name:hi": null, "building": "yes", "brand": null, "brand:wikidata": null, "landuse": null, "building:levels": "5", "wikipedia": null, "amenity_1": null, "school:gender": null, "old_name": null, "wikimedia_commons": null, "addr:housename": null, "ref:IN:UDISE": null, "barrier": null, "school": null, "name:etymology:wikidata": null, "addr:state": null, "addr:suburb": null, "alt_name": null, "surface": null, "height": null, "building:part": null, "species:en": null, "level": null, "name:mr": null, "short_name": null, "start_date": null, "name:fr": null, "layer": null, "ele": null, "type": null }, "geometry": { "type": "Polygon", "coordinates": [ [ [ 72.8212706, 18.9550121 ], [ 72.8215377, 18.9550029 ], [ 72.8215523, 18.9552662 ], [ 72.8212918, 18.9552739 ], [ 72.8212706, 18.9550121 ] ] ] } },
{ "type": "Feature", "properties": { "element": "way", "id": 288600315, "amenity": "school", "name": "Suvidya High school", "opening_hours": null, "source": null, "tourism": null, "name:ur": null, "addr:city": null, "addr:housenumber": null, "addr:postcode": null, "addr:street": null, "denomination": null, "grades": null, "religion": null, "timing": null, "wikidata": null, "fixme": null, "name:en": null, "operator": null, "website": null, "check_date": null, "description": null, "female": null, "note": null, "phone": null, "isced:level": null, "education": null, "fee": null, "operator:type": null, "addr:country": null, "email": null, "capacity": null, "operator:short": null, "operator:wikidata": null, "addr:district": null, "check_date:opening_hours": null, "name:hi": null, "building": null, "brand": null, "brand:wikidata": null, "landuse": null, "building:levels": null, "wikipedia": null, "amenity_1": null, "school:gender": null, "old_name": null, "wikimedia_commons": null, "addr:housename": null, "ref:IN:UDISE": null, "barrier": null, "school": null, "name:etymology:wikidata": null, "addr:state": null, "addr:suburb": null, "alt_name": null, "surface": null, "height": null, "building:part": null, "species:en": null, "level": null, "name:mr": null, "short_name": null, "start_date": null, "name:fr": null, "layer": null, "ele": null, "type": null }, "geometry": { "type": "Polygon", "coordinates": [ [ [ 72.8276902, 19.2290248 ], [ 72.8278053, 19.2297208 ], [ 72.8285181, 19.2296158 ], [ 72.8284031, 19.2289197 ], [ 72.8276902, 19.2290248 ] ] ] } },
{ "type": "Feature", "properties": { "element": "way", "id": 291324679, "amenity": "school", "name": null, "opening_hours": null, "source": null, "tourism": null, "name:ur": null, "addr:city": null, "addr:housenumber": null, "addr:postcode": null, "addr:street": null, "denomination": null, "grades": null, "religion": null, "timing": null, "wikidata": null, "fixme": null, "name:en": null, "operator": null, "website": null, "check_date": null, "description": null, "female": null, "note": null, "phone": null, "isced:level": null, "education": null, "fee": null, "operator:type": null, "addr:country": null, "email": null, "capacity": null, "operator:short": null, "operator:wikidata": null, "addr:district": null, "check_date:opening_hours": null, "name:hi": null, "building": null, "brand": null, "brand:wikidata": null, "landuse": null, "building:levels": null, "wikipedia": null, "amenity_1": null, "school:gender": null, "old_name": null, "wikimedia_commons": null, "addr:housename": null, "ref:IN:UDISE": null, "barrier": null, "school": null, "name:etymology:wikidata": null, "addr:state": null, "addr:suburb": null, "alt_name": null, "surface": null, "height": null, "building:part": null, "species:en": null, "level": null, "name:mr": null, "short_name": null, "start_date": null, "name:fr": null, "layer": null, "ele": null, "type": null }, "geometry": { "type": "Polygon", "coordinates": [ [ [ 72.8453152, 19.0614335 ], [ 72.8461761, 19.0613263 ], [ 72.8461961, 19.0623441 ], [ 72.8455298, 19.0623969 ], [ 72.8454708, 19.0622726 ], [ 72.8454413, 19.0621332 ], [ 72.8453152, 19.0614335 ] ] ] } },
{ "type": "Feature", "properties": { "element": "way", "id": 292305703, "amenity": "school", "name": "St. Joseph's School, Orlem", "opening_hours": null, "source": null, "tourism": null, "name:ur": null, "addr:city": null, "addr:housenumber": null, "addr:postcode": null, "addr:street": null, "denomination": null, "grades": null, "religion": null, "timing": null, "wikidata": null, "fixme": null, "name:en": null, "operator": null, "website": null, "check_date": null, "description": null, "female": null, "note": null, "phone": null, "isced:level": null, "education": null, "fee": null, "operator:type": null, "addr:country": null, "email": null, "capacity": null, "operator:short": null, "operator:wikidata": null, "addr:district": null, "check_date:opening_hours": null, "name:hi": null, "building": "school", "brand": null, "brand:wikidata": null, "landuse": null, "building:levels": null, "wikipedia": null, "amenity_1": null, "school:gender": null, "old_name": null, "wikimedia_commons": null, "addr:housename": null, "ref:IN:UDISE": null, "barrier": null, "school": null, "name:etymology:wikidata": null, "addr:state": null, "addr:suburb": null, "alt_name": null, "surface": null, "height": null, "building:part": null, "species:en": null, "level": null, "name:mr": null, "short_name": null, "start_date": null, "name:fr": null, "layer": null, "ele": null, "type": null }, "geometry": { "type": "Polygon", "coordinates": [ [ [ 72.8365333, 19.194712 ], [ 72.8367881, 19.1947328 ], [ 72.8367793, 19.1947929 ], [ 72.8368715, 19.1948012 ], [ 72.8368627, 19.1948904 ], [ 72.8368078, 19.1948821 ], [ 72.8368062, 19.1948951 ], [ 72.8367167, 19.1948883 ], [ 72.8367135, 19.1949189 ], [ 72.8366529, 19.1949145 ], [ 72.8366591, 19.1948133 ], [ 72.8365271, 19.194806 ], [ 72.8365333, 19.194712 ] ] ] } },
{ "type": "Feature", "properties": { "element": "way", "id": 292306935, "amenity": "school", "name": "Our Lady of Lourdes Church & St.Annes School Compound", "opening_hours": null, "source": null, "tourism": null, "name:ur": null, "addr:city": null, "addr:housenumber": null, "addr:postcode": null, "addr:street": null, "denomination": null, "grades": null, "religion": "christian", "timing": null, "wikidata": null, "fixme": null, "name:en": null, "operator": null, "website": null, "check_date": null, "description": null, "female": null, "note": null, "phone": null, "isced:level": null, "education": null, "fee": null, "operator:type": null, "addr:country": null, "email": null, "capacity": null, "operator:short": null, "operator:wikidata": null, "addr:district": null, "check_date:opening_hours": null, "name:hi": null, "building": null, "brand": null, "brand:wikidata": null, "landuse": null, "building:levels": null, "wikipedia": null, "amenity_1": null, "school:gender": null, "old_name": null, "wikimedia_commons": null, "addr:housename": null, "ref:IN:UDISE": null, "barrier": null, "school": null, "name:etymology:wikidata": null, "addr:state": null, "addr:suburb": null, "alt_name": null, "surface": null, "height": null, "building:part": null, "species:en": null, "level": null, "name:mr": null, "short_name": null, "start_date": null, "name:fr": null, "layer": null, "ele": null, "type": null }, "geometry": { "type": "Polygon", "coordinates": [ [ [ 72.8369448, 19.1953136 ], [ 72.8369759, 19.1950174 ], [ 72.836892, 19.1946625 ], [ 72.837069, 19.1941023 ], [ 72.8378672, 19.194202 ], [ 72.8378206, 19.1947241 ], [ 72.8378361, 19.194771 ], [ 72.8378237, 19.1950966 ], [ 72.8374293, 19.195299 ], [ 72.8369448, 19.1953136 ] ] ] } },
{ "type": "Feature", "properties": { "element": "way", "id": 292306937, "amenity": "school", "name": "St. Joseph's School Compound", "opening_hours": null, "source": null, "tourism": null, "name:ur": null, "addr:city": null, "addr:housenumber": null, "addr:postcode": null, "addr:street": null, "denomination": null, "grades": null, "religion": null, "timing": null, "wikidata": null, "fixme": null, "name:en": null, "operator": null, "website": null, "check_date": null, "description": null, "female": null, "note": null, "phone": null, "isced:level": null, "education": null, "fee": null, "operator:type": null, "addr:country": null, "email": null, "capacity": null, "operator:short": null, "operator:wikidata": null, "addr:district": null, "check_date:opening_hours": null, "name:hi": null, "building": null, "brand": null, "brand:wikidata": null, "landuse": null, "building:levels": null, "wikipedia": null, "amenity_1": null, "school:gender": null, "old_name": null, "wikimedia_commons": null, "addr:housename": null, "ref:IN:UDISE": null, "barrier": null, "school": null, "name:etymology:wikidata": null, "addr:state": null, "addr:suburb": null, "alt_name": null, "surface": null, "height": null, "building:part": null, "species:en": null, "level": null, "name:mr": null, "short_name": null, "start_date": null, "name:fr": null, "layer": null, "ele": null, "type": null }, "geometry": { "type": "Polygon", "coordinates": [ [ [ 72.8364355, 19.1947094 ], [ 72.836864, 19.1947035 ], [ 72.8369262, 19.1949616 ], [ 72.8367181, 19.1949646 ], [ 72.8367212, 19.1952227 ], [ 72.8364075, 19.1952286 ], [ 72.8364355, 19.1947094 ] ] ] } },
{ "type": "Feature", "properties": { "element": "way", "id": 294276634, "amenity": "school", "name": "JBCN International School", "opening_hours": null, "source": null, "tourism": null, "name:ur": null, "addr:city": null, "addr:housenumber": null, "addr:postcode": null, "addr:street": null, "denomination": null, "grades": null, "religion": null, "timing": null, "wikidata": null, "fixme": null, "name:en": null, "operator": null, "website": null, "check_date": null, "description": null, "female": null, "note": null, "phone": null, "isced:level": null, "education": null, "fee": null, "operator:type": "private", "addr:country": null, "email": null, "capacity": null, "operator:short": null, "operator:wikidata": null, "addr:district": null, "check_date:opening_hours": null, "name:hi": null, "building": null, "brand": null, "brand:wikidata": null, "landuse": null, "building:levels": null, "wikipedia": null, "amenity_1": null, "school:gender": null, "old_name": null, "wikimedia_commons": null, "addr:housename": null, "ref:IN:UDISE": null, "barrier": null, "school": null, "name:etymology:wikidata": null, "addr:state": null, "addr:suburb": null, "alt_name": null, "surface": null, "height": null, "building:part": null, "species:en": null, "level": null, "name:mr": null, "short_name": null, "start_date": null, "name:fr": null, "layer": null, "ele": null, "type": null }, "geometry": { "type": "Polygon", "coordinates": [ [ [ 72.8299552, 19.1469372 ], [ 72.8304609, 19.1469026 ], [ 72.8304069, 19.1463077 ], [ 72.8298975, 19.1463287 ], [ 72.8299552, 19.1469372 ] ] ] } },
{ "type": "Feature", "properties": { "element": "way", "id": 307395924, "amenity": "school", "name": "Sana Classes", "opening_hours": null, "source": null, "tourism": null, "name:ur": null, "addr:city": "MUMBAI", "addr:housenumber": "F sector U 3 Line Room No 1", "addr:postcode": "400088", "addr:street": "M G Ramchandran Marg", "denomination": null, "grades": null, "religion": null, "timing": null, "wikidata": null, "fixme": null, "name:en": null, "operator": "Kutty Sana Asar", "website": null, "check_date": null, "description": null, "female": null, "note": null, "phone": null, "isced:level": null, "education": null, "fee": null, "operator:type": null, "addr:country": null, "email": null, "capacity": null, "operator:short": null, "operator:wikidata": null, "addr:district": null, "check_date:opening_hours": null, "name:hi": null, "building": null, "brand": null, "brand:wikidata": null, "landuse": null, "building:levels": null, "wikipedia": null, "amenity_1": null, "school:gender": null, "old_name": null, "wikimedia_commons": null, "addr:housename": null, "ref:IN:UDISE": null, "barrier": null, "school": null, "name:etymology:wikidata": null, "addr:state": null, "addr:suburb": null, "alt_name": null, "surface": null, "height": null, "building:part": null, "species:en": null, "level": null, "name:mr": null, "short_name": null, "start_date": null, "name:fr": null, "layer": null, "ele": null, "type": null }, "geometry": { "type": "Polygon", "coordinates": [ [ [ 72.9470264, 19.0405291 ], [ 72.9471786, 19.0405842 ], [ 72.9471731, 19.0404924 ], [ 72.9471015, 19.0404539 ], [ 72.9470264, 19.0405291 ] ] ] } },
{ "type": "Feature", "properties": { "element": "way", "id": 307396170, "amenity": "school", "name": "Azad High School and jr.college", "opening_hours": null, "source": null, "tourism": null, "name:ur": null, "addr:city": "Mumbai", "addr:housenumber": null, "addr:postcode": "400088", "addr:street": "M G Ramchandran Marg", "denomination": null, "grades": null, "religion": null, "timing": null, "wikidata": null, "fixme": null, "name:en": null, "operator": null, "website": null, "check_date": null, "description": null, "female": null, "note": null, "phone": null, "isced:level": null, "education": null, "fee": null, "operator:type": null, "addr:country": null, "email": null, "capacity": null, "operator:short": null, "operator:wikidata": null, "addr:district": null, "check_date:opening_hours": null, "name:hi": null, "building": null, "brand": null, "brand:wikidata": null, "landuse": null, "building:levels": null, "wikipedia": null, "amenity_1": null, "school:gender": null, "old_name": null, "wikimedia_commons": null, "addr:housename": null, "ref:IN:UDISE": null, "barrier": null, "school": null, "name:etymology:wikidata": null, "addr:state": null, "addr:suburb": null, "alt_name": null, "surface": null, "height": null, "building:part": null, "species:en": null, "level": null, "name:mr": null, "short_name": null, "start_date": null, "name:fr": null, "layer": null, "ele": null, "type": null }, "geometry": { "type": "Polygon", "coordinates": [ [ [ 72.9486202, 19.0409351 ], [ 72.9488234, 19.0409476 ], [ 72.9489073, 19.0406845 ], [ 72.9486511, 19.0406219 ], [ 72.948545, 19.0408683 ], [ 72.9486202, 19.0409351 ] ] ] } },
{ "type": "Feature", "properties": { "element": "way", "id": 314399835, "amenity": "school", "name": "saraswati vidyalaya school....", "opening_hours": null, "source": null, "tourism": null, "name:ur": null, "addr:city": null, "addr:housenumber": null, "addr:postcode": null, "addr:street": null, "denomination": null, "grades": null, "religion": null, "timing": null, "wikidata": null, "fixme": null, "name:en": "road no 11...find by keviv", "operator": null, "website": null, "check_date": null, "description": null, "female": null, "note": null, "phone": null, "isced:level": null, "education": null, "fee": null, "operator:type": null, "addr:country": null, "email": null, "capacity": null, "operator:short": null, "operator:wikidata": null, "addr:district": null, "check_date:opening_hours": null, "name:hi": null, "building": null, "brand": null, "brand:wikidata": null, "landuse": null, "building:levels": null, "wikipedia": null, "amenity_1": null, "school:gender": null, "old_name": null, "wikimedia_commons": null, "addr:housename": null, "ref:IN:UDISE": null, "barrier": null, "school": null, "name:etymology:wikidata": null, "addr:state": null, "addr:suburb": null, "alt_name": null, "surface": null, "height": null, "building:part": null, "species:en": null, "level": null, "name:mr": null, "short_name": null, "start_date": null, "name:fr": null, "layer": null, "ele": null, "type": null }, "geometry": { "type": "Polygon", "coordinates": [ [ [ 72.8991502, 19.0568084 ], [ 72.8987937, 19.0568298 ], [ 72.898771, 19.0564916 ], [ 72.8991427, 19.0564693 ], [ 72.8991502, 19.0568084 ] ] ] } },
{ "type": "Feature", "properties": { "element": "way", "id": 314529387, "amenity": "school", "name": "BMC School no 1", "opening_hours": null, "source": null, "tourism": null, "name:ur": null, "addr:city": null, "addr:housenumber": null, "addr:postcode": null, "addr:street": null, "denomination": null, "grades": null, "religion": null, "timing": null, "wikidata": null, "fixme": null, "name:en": null, "operator": null, "website": null, "check_date": null, "description": null, "female": null, "note": null, "phone": null, "isced:level": null, "education": null, "fee": null, "operator:type": null, "addr:country": null, "email": null, "capacity": null, "operator:short": null, "operator:wikidata": null, "addr:district": null, "check_date:opening_hours": null, "name:hi": null, "building": null, "brand": null, "brand:wikidata": null, "landuse": null, "building:levels": null, "wikipedia": null, "amenity_1": null, "school:gender": null, "old_name": null, "wikimedia_commons": null, "addr:housename": null, "ref:IN:UDISE": null, "barrier": null, "school": null, "name:etymology:wikidata": null, "addr:state": null, "addr:suburb": null, "alt_name": null, "surface": null, "height": null, "building:part": null, "species:en": null, "level": null, "name:mr": null, "short_name": null, "start_date": null, "name:fr": null, "layer": null, "ele": null, "type": null }, "geometry": { "type": "Polygon", "coordinates": [ [ [ 72.9187087, 19.0628029 ], [ 72.9183985, 19.0621281 ], [ 72.9190019, 19.0618813 ], [ 72.9193185, 19.06257 ], [ 72.9190735, 19.0626742 ], [ 72.9190606, 19.0626455 ], [ 72.9187087, 19.0628029 ] ] ] } },
{ "type": "Feature", "properties": { "element": "way", "id": 315440477, "amenity": "school", "name": "Gyan Sampada High School", "opening_hours": null, "source": null, "tourism": null, "name:ur": null, "addr:city": "mumbai", "addr:housenumber": null, "addr:postcode": "400043", "addr:street": null, "denomination": null, "grades": null, "religion": null, "timing": null, "wikidata": null, "fixme": null, "name:en": null, "operator": null, "website": null, "check_date": null, "description": null, "female": null, "note": null, "phone": null, "isced:level": null, "education": null, "fee": null, "operator:type": null, "addr:country": null, "email": null, "capacity": null, "operator:short": null, "operator:wikidata": null, "addr:district": null, "check_date:opening_hours": null, "name:hi": null, "building": null, "brand": null, "brand:wikidata": null, "landuse": null, "building:levels": null, "wikipedia": null, "amenity_1": null, "school:gender": null, "old_name": null, "wikimedia_commons": null, "addr:housename": null, "ref:IN:UDISE": null, "barrier": null, "school": null, "name:etymology:wikidata": null, "addr:state": null, "addr:suburb": null, "alt_name": null, "surface": null, "height": null, "building:part": null, "species:en": null, "level": null, "name:mr": null, "short_name": null, "start_date": null, "name:fr": null, "layer": null, "ele": null, "type": null }, "geometry": { "type": "Polygon", "coordinates": [ [ [ 72.9213452, 19.0607717 ], [ 72.9200175, 19.0614638 ], [ 72.9204896, 19.0615247 ], [ 72.9214847, 19.0610709 ], [ 72.9213452, 19.0607717 ] ] ] } },
{ "type": "Feature", "properties": { "element": "way", "id": 315441156, "amenity": "school", "name": "Municipal School", "opening_hours": null, "source": null, "tourism": null, "name:ur": null, "addr:city": "mumbai", "addr:housenumber": null, "addr:postcode": "400043", "addr:street": null, "denomination": null, "grades": null, "religion": null, "timing": null, "wikidata": null, "fixme": null, "name:en": null, "operator": null, "website": null, "check_date": null, "description": null, "female": null, "note": null, "phone": null, "isced:level": null, "education": null, "fee": null, "operator:type": null, "addr:country": null, "email": null, "capacity": null, "operator:short": null, "operator:wikidata": null, "addr:district": null, "check_date:opening_hours": null, "name:hi": null, "building": null, "brand": null, "brand:wikidata": null, "landuse": null, "building:levels": null, "wikipedia": null, "amenity_1": null, "school:gender": null, "old_name": null, "wikimedia_commons": null, "addr:housename": null, "ref:IN:UDISE": null, "barrier": null, "school": null, "name:etymology:wikidata": null, "addr:state": null, "addr:suburb": null, "alt_name": null, "surface": null, "height": null, "building:part": null, "species:en": null, "level": null, "name:mr": null, "short_name": null, "start_date": null, "name:fr": null, "layer": null, "ele": null, "type": null }, "geometry": { "type": "Polygon", "coordinates": [ [ [ 72.9226944, 19.0610481 ], [ 72.9229223, 19.0615982 ], [ 72.9235178, 19.0613345 ], [ 72.9232791, 19.0607844 ], [ 72.9226944, 19.0610481 ] ] ] } },
{ "type": "Feature", "properties": { "element": "way", "id": 318034226, "amenity": "school", "name": "ST Lawrence High School", "opening_hours": null, "source": null, "tourism": null, "name:ur": null, "addr:city": null, "addr:housenumber": null, "addr:postcode": null, "addr:street": null, "denomination": null, "grades": null, "religion": null, "timing": null, "wikidata": "Q7589496", "fixme": null, "name:en": null, "operator": null, "website": null, "check_date": null, "description": null, "female": null, "note": null, "phone": null, "isced:level": null, "education": null, "fee": null, "operator:type": null, "addr:country": null, "email": null, "capacity": null, "operator:short": null, "operator:wikidata": null, "addr:district": null, "check_date:opening_hours": null, "name:hi": null, "building": null, "brand": null, "brand:wikidata": null, "landuse": null, "building:levels": null, "wikipedia": null, "amenity_1": null, "school:gender": null, "old_name": null, "wikimedia_commons": null, "addr:housename": null, "ref:IN:UDISE": null, "barrier": null, "school": null, "name:etymology:wikidata": null, "addr:state": null, "addr:suburb": null, "alt_name": null, "surface": null, "height": null, "building:part": null, "species:en": null, "level": null, "name:mr": null, "short_name": null, "start_date": null, "name:fr": null, "layer": null, "ele": null, "type": null }, "geometry": { "type": "Polygon", "coordinates": [ [ [ 72.8469264, 19.2404092 ], [ 72.8466308, 19.2399733 ], [ 72.8471362, 19.2396648 ], [ 72.8475853, 19.2402871 ], [ 72.8473362, 19.2405325 ], [ 72.8471576, 19.2402694 ], [ 72.8469264, 19.2404092 ] ] ] } },
{ "type": "Feature", "properties": { "element": "way", "id": 332516150, "amenity": "school", "name": "Gopi Birla Memorial School", "opening_hours": null, "source": null, "tourism": null, "name:ur": null, "addr:city": "Mumbai", "addr:housenumber": "68", "addr:postcode": null, "addr:street": "Walkeshwar Road", "denomination": null, "grades": null, "religion": null, "timing": null, "wikidata": null, "fixme": null, "name:en": null, "operator": null, "website": null, "check_date": null, "description": null, "female": null, "note": null, "phone": null, "isced:level": null, "education": null, "fee": null, "operator:type": null, "addr:country": null, "email": null, "capacity": null, "operator:short": null, "operator:wikidata": null, "addr:district": null, "check_date:opening_hours": null, "name:hi": null, "building": "yes", "brand": null, "brand:wikidata": null, "landuse": null, "building:levels": "6", "wikipedia": null, "amenity_1": null, "school:gender": null, "old_name": null, "wikimedia_commons": null, "addr:housename": null, "ref:IN:UDISE": null, "barrier": null, "school": null, "name:etymology:wikidata": null, "addr:state": null, "addr:suburb": null, "alt_name": null, "surface": null, "height": null, "building:part": null, "species:en": null, "level": null, "name:mr": null, "short_name": null, "start_date": null, "name:fr": null, "layer": null, "ele": null, "type": null }, "geometry": { "type": "Polygon", "coordinates": [ [ [ 72.8031952, 18.9521697 ], [ 72.8033912, 18.9522946 ], [ 72.8035576, 18.952061 ], [ 72.8033639, 18.9519375 ], [ 72.8033221, 18.9519961 ], [ 72.8031952, 18.9521697 ] ] ] } },
{ "type": "Feature", "properties": { "element": "way", "id": 345152616, "amenity": "school", "name": "Navjeevan Vidya Mandir", "opening_hours": null, "source": null, "tourism": null, "name:ur": null, "addr:city": null, "addr:housenumber": null, "addr:postcode": null, "addr:street": null, "denomination": null, "grades": null, "religion": null, "timing": null, "wikidata": null, "fixme": null, "name:en": null, "operator": null, "website": null, "check_date": null, "description": null, "female": null, "note": null, "phone": null, "isced:level": null, "education": null, "fee": null, "operator:type": null, "addr:country": null, "email": null, "capacity": null, "operator:short": null, "operator:wikidata": null, "addr:district": null, "check_date:opening_hours": null, "name:hi": null, "building": null, "brand": null, "brand:wikidata": null, "landuse": null, "building:levels": null, "wikipedia": null, "amenity_1": null, "school:gender": null, "old_name": null, "wikimedia_commons": null, "addr:housename": null, "ref:IN:UDISE": null, "barrier": null, "school": null, "name:etymology:wikidata": null, "addr:state": null, "addr:suburb": null, "alt_name": null, "surface": null, "height": null, "building:part": null, "species:en": null, "level": null, "name:mr": null, "short_name": null, "start_date": null, "name:fr": null, "layer": null, "ele": null, "type": null }, "geometry": { "type": "Polygon", "coordinates": [ [ [ 72.9300692, 19.1520505 ], [ 72.929978, 19.1517988 ], [ 72.9303453, 19.151665 ], [ 72.9304413, 19.1519213 ], [ 72.9300692, 19.1520505 ] ] ] } },
{ "type": "Feature", "properties": { "element": "way", "id": 345152623, "amenity": "school", "name": "Y.s.k Vidyalaya", "opening_hours": null, "source": null, "tourism": null, "name:ur": null, "addr:city": "mumbai", "addr:housenumber": null, "addr:postcode": "400072", "addr:street": "Yogiraj street", "denomination": null, "grades": null, "religion": null, "timing": null, "wikidata": null, "fixme": null, "name:en": null, "operator": "Yadav Sangh Mumbai", "website": null, "check_date": null, "description": null, "female": null, "note": null, "phone": null, "isced:level": null, "education": null, "fee": null, "operator:type": null, "addr:country": null, "email": null, "capacity": null, "operator:short": null, "operator:wikidata": null, "addr:district": null, "check_date:opening_hours": null, "name:hi": null, "building": null, "brand": null, "brand:wikidata": null, "landuse": null, "building:levels": null, "wikipedia": null, "amenity_1": null, "school:gender": null, "old_name": null, "wikimedia_commons": null, "addr:housename": null, "ref:IN:UDISE": null, "barrier": null, "school": null, "name:etymology:wikidata": null, "addr:state": null, "addr:suburb": null, "alt_name": null, "surface": null, "height": null, "building:part": null, "species:en": null, "level": null, "name:mr": null, "short_name": null, "start_date": null, "name:fr": null, "layer": null, "ele": null, "type": null }, "geometry": { "type": "Polygon", "coordinates": [ [ [ 72.886665, 19.0953392 ], [ 72.8868214, 19.0953423 ], [ 72.8867725, 19.0950376 ], [ 72.8867041, 19.0950284 ], [ 72.886665, 19.0953392 ] ] ] } },
{ "type": "Feature", "properties": { "element": "way", "id": 345154806, "amenity": "school", "name": "St. Judes High school", "opening_hours": null, "source": null, "tourism": null, "name:ur": null, "addr:city": "Mumabi", "addr:housenumber": null, "addr:postcode": "400072", "addr:street": "90 Feet Road", "denomination": null, "grades": null, "religion": null, "timing": null, "wikidata": null, "fixme": null, "name:en": null, "operator": null, "website": null, "check_date": null, "description": null, "female": null, "note": null, "phone": null, "isced:level": null, "education": null, "fee": null, "operator:type": null, "addr:country": null, "email": null, "capacity": null, "operator:short": null, "operator:wikidata": null, "addr:district": null, "check_date:opening_hours": null, "name:hi": null, "building": null, "brand": null, "brand:wikidata": null, "landuse": "education", "building:levels": null, "wikipedia": null, "amenity_1": null, "school:gender": null, "old_name": null, "wikimedia_commons": null, "addr:housename": null, "ref:IN:UDISE": null, "barrier": null, "school": null, "name:etymology:wikidata": null, "addr:state": null, "addr:suburb": null, "alt_name": null, "surface": null, "height": null, "building:part": null, "species:en": null, "level": null, "name:mr": null, "short_name": null, "start_date": null, "name:fr": null, "layer": null, "ele": null, "type": null }, "geometry": { "type": "Polygon", "coordinates": [ [ [ 72.8854752, 19.0933926 ], [ 72.8854604, 19.0930833 ], [ 72.8866312, 19.0930618 ], [ 72.8865655, 19.0933913 ], [ 72.8865151, 19.0933914 ], [ 72.8854752, 19.0933926 ] ] ] } },
{ "type": "Feature", "properties": { "element": "way", "id": 346412074, "amenity": "school", "name": "Karnatak School", "opening_hours": null, "source": null, "tourism": null, "name:ur": null, "addr:city": null, "addr:housenumber": null, "addr:postcode": null, "addr:street": null, "denomination": null, "grades": null, "religion": null, "timing": null, "wikidata": null, "fixme": null, "name:en": null, "operator": null, "website": null, "check_date": null, "description": null, "female": null, "note": null, "phone": null, "isced:level": null, "education": null, "fee": null, "operator:type": null, "addr:country": null, "email": null, "capacity": null, "operator:short": null, "operator:wikidata": null, "addr:district": null, "check_date:opening_hours": null, "name:hi": null, "building": null, "brand": null, "brand:wikidata": null, "landuse": null, "building:levels": null, "wikipedia": null, "amenity_1": null, "school:gender": null, "old_name": null, "wikimedia_commons": null, "addr:housename": null, "ref:IN:UDISE": null, "barrier": null, "school": null, "name:etymology:wikidata": null, "addr:state": null, "addr:suburb": null, "alt_name": null, "surface": null, "height": null, "building:part": null, "species:en": null, "level": null, "name:mr": null, "short_name": null, "start_date": null, "name:fr": null, "layer": null, "ele": null, "type": null }, "geometry": { "type": "Polygon", "coordinates": [ [ [ 72.9064914, 19.0565562 ], [ 72.9069669, 19.0568699 ], [ 72.9072229, 19.0562447 ], [ 72.9065227, 19.0561756 ], [ 72.9064914, 19.0565562 ] ] ] } },
{ "type": "Feature", "properties": { "element": "way", "id": 346412155, "amenity": "school", "name": "BMC school", "opening_hours": null, "source": null, "tourism": null, "name:ur": null, "addr:city": null, "addr:housenumber": null, "addr:postcode": null, "addr:street": null, "denomination": null, "grades": null, "religion": null, "timing": null, "wikidata": null, "fixme": null, "name:en": null, "operator": null, "website": null, "check_date": null, "description": null, "female": null, "note": null, "phone": null, "isced:level": null, "education": null, "fee": null, "operator:type": null, "addr:country": null, "email": null, "capacity": null, "operator:short": null, "operator:wikidata": null, "addr:district": null, "check_date:opening_hours": null, "name:hi": null, "building": null, "brand": null, "brand:wikidata": null, "landuse": null, "building:levels": null, "wikipedia": null, "amenity_1": null, "school:gender": null, "old_name": null, "wikimedia_commons": null, "addr:housename": null, "ref:IN:UDISE": null, "barrier": null, "school": null, "name:etymology:wikidata": null, "addr:state": null, "addr:suburb": null, "alt_name": null, "surface": null, "height": null, "building:part": null, "species:en": null, "level": null, "name:mr": null, "short_name": null, "start_date": null, "name:fr": null, "layer": null, "ele": null, "type": null }, "geometry": { "type": "Polygon", "coordinates": [ [ [ 72.9072059, 19.0557336 ], [ 72.9072252, 19.0556516 ], [ 72.9069321, 19.0555404 ], [ 72.9068955, 19.0556206 ], [ 72.9072059, 19.0557336 ] ] ] } },
{ "type": "Feature", "properties": { "element": "way", "id": 347008744, "amenity": "school", "name": "muncipal school", "opening_hours": null, "source": null, "tourism": null, "name:ur": null, "addr:city": "Mumbai", "addr:housenumber": null, "addr:postcode": null, "addr:street": null, "denomination": null, "grades": null, "religion": null, "timing": null, "wikidata": null, "fixme": null, "name:en": null, "operator": null, "website": null, "check_date": null, "description": null, "female": null, "note": null, "phone": null, "isced:level": null, "education": null, "fee": null, "operator:type": null, "addr:country": null, "email": null, "capacity": null, "operator:short": null, "operator:wikidata": null, "addr:district": null, "check_date:opening_hours": null, "name:hi": null, "building": "school", "brand": null, "brand:wikidata": null, "landuse": null, "building:levels": null, "wikipedia": null, "amenity_1": null, "school:gender": null, "old_name": null, "wikimedia_commons": null, "addr:housename": null, "ref:IN:UDISE": null, "barrier": null, "school": null, "name:etymology:wikidata": null, "addr:state": null, "addr:suburb": null, "alt_name": null, "surface": null, "height": null, "building:part": null, "species:en": null, "level": null, "name:mr": null, "short_name": null, "start_date": null, "name:fr": null, "layer": null, "ele": null, "type": null }, "geometry": { "type": "Polygon", "coordinates": [ [ [ 72.9085549, 19.0527203 ], [ 72.9087357, 19.0527983 ], [ 72.9087608, 19.0525576 ], [ 72.9085908, 19.0525346 ], [ 72.9085549, 19.0527203 ] ] ] } },
{ "type": "Feature", "properties": { "element": "way", "id": 347010736, "amenity": "school", "name": "Aryan E.S. High School", "opening_hours": null, "source": null, "tourism": null, "name:ur": null, "addr:city": null, "addr:housenumber": null, "addr:postcode": null, "addr:street": "Jagannath Shankarsheth Marg", "denomination": null, "grades": null, "religion": null, "timing": null, "wikidata": "Q4802640", "fixme": null, "name:en": null, "operator": null, "website": null, "check_date": null, "description": null, "female": null, "note": null, "phone": null, "isced:level": null, "education": null, "fee": null, "operator:type": null, "addr:country": null, "email": null, "capacity": null, "operator:short": null, "operator:wikidata": null, "addr:district": null, "check_date:opening_hours": null, "name:hi": null, "building": "yes", "brand": null, "brand:wikidata": null, "landuse": null, "building:levels": null, "wikipedia": null, "amenity_1": null, "school:gender": null, "old_name": null, "wikimedia_commons": null, "addr:housename": null, "ref:IN:UDISE": null, "barrier": null, "school": null, "name:etymology:wikidata": null, "addr:state": null, "addr:suburb": null, "alt_name": null, "surface": null, "height": null, "building:part": null, "species:en": null, "level": null, "name:mr": null, "short_name": null, "start_date": null, "name:fr": null, "layer": null, "ele": null, "type": null }, "geometry": { "type": "Polygon", "coordinates": [ [ [ 72.8173629, 18.9558896 ], [ 72.8172168, 18.9559616 ], [ 72.8173989, 18.9563374 ], [ 72.8175498, 18.9562738 ], [ 72.8173629, 18.9558896 ] ] ] } },
{ "type": "Feature", "properties": { "element": "way", "id": 347012133, "amenity": "school", "name": "Marwari Vidyalaya High School", "opening_hours": null, "source": null, "tourism": null, "name:ur": null, "addr:city": "Mumbai", "addr:housenumber": null, "addr:postcode": "400004", "addr:street": "Sardar Vallabhbhai Patel Marg (Sandhurst Road)", "denomination": null, "grades": null, "religion": null, "timing": null, "wikidata": null, "fixme": null, "name:en": null, "operator": null, "website": null, "check_date": null, "description": null, "female": null, "note": null, "phone": null, "isced:level": null, "education": null, "fee": null, "operator:type": null, "addr:country": null, "email": null, "capacity": null, "operator:short": null, "operator:wikidata": null, "addr:district": null, "check_date:opening_hours": null, "name:hi": null, "building": "yes", "brand": null, "brand:wikidata": null, "landuse": null, "building:levels": null, "wikipedia": null, "amenity_1": null, "school:gender": null, "old_name": null, "wikimedia_commons": null, "addr:housename": null, "ref:IN:UDISE": null, "barrier": null, "school": null, "name:etymology:wikidata": null, "addr:state": null, "addr:suburb": null, "alt_name": null, "surface": null, "height": null, "building:part": null, "species:en": null, "level": null, "name:mr": null, "short_name": null, "start_date": null, "name:fr": null, "layer": null, "ele": null, "type": null }, "geometry": { "type": "Polygon", "coordinates": [ [ [ 72.8177542, 18.957366 ], [ 72.8178134, 18.9572088 ], [ 72.817904, 18.9571366 ], [ 72.8180511, 18.9571799 ], [ 72.8180631, 18.9571481 ], [ 72.8181937, 18.9571822 ], [ 72.8181636, 18.9572686 ], [ 72.8182845, 18.9573106 ], [ 72.8182089, 18.95751 ], [ 72.8177542, 18.957366 ] ] ] } },
{ "type": "Feature", "properties": { "element": "way", "id": 347016272, "amenity": "school", "name": "Geeta Vikas High School", "opening_hours": null, "source": null, "tourism": null, "name:ur": null, "addr:city": null, "addr:housenumber": null, "addr:postcode": null, "addr:street": null, "denomination": null, "grades": null, "religion": null, "timing": null, "wikidata": null, "fixme": null, "name:en": null, "operator": null, "website": null, "check_date": null, "description": null, "female": null, "note": null, "phone": null, "isced:level": null, "education": null, "fee": null, "operator:type": null, "addr:country": null, "email": null, "capacity": null, "operator:short": null, "operator:wikidata": null, "addr:district": null, "check_date:opening_hours": null, "name:hi": null, "building": null, "brand": null, "brand:wikidata": null, "landuse": null, "building:levels": null, "wikipedia": null, "amenity_1": null, "school:gender": null, "old_name": null, "wikimedia_commons": null, "addr:housename": null, "ref:IN:UDISE": null, "barrier": null, "school": null, "name:etymology:wikidata": null, "addr:state": null, "addr:suburb": null, "alt_name": null, "surface": null, "height": null, "building:part": null, "species:en": null, "level": null, "name:mr": null, "short_name": null, "start_date": null, "name:fr": null, "layer": null, "ele": null, "type": null }, "geometry": { "type": "Polygon", "coordinates": [ [ [ 72.9218813, 19.0628466 ], [ 72.9224052, 19.0626024 ], [ 72.9222965, 19.0623808 ], [ 72.9221354, 19.0624466 ], [ 72.9220133, 19.0621859 ], [ 72.921604, 19.0623578 ], [ 72.9218813, 19.0628466 ] ] ] } },
{ "type": "Feature", "properties": { "element": "way", "id": 352336913, "amenity": "school", "name": "Sion Municipality school", "opening_hours": null, "source": null, "tourism": null, "name:ur": null, "addr:city": "Mumbai", "addr:housenumber": null, "addr:postcode": null, "addr:street": null, "denomination": null, "grades": null, "religion": null, "timing": null, "wikidata": null, "fixme": null, "name:en": null, "operator": null, "website": null, "check_date": null, "description": null, "female": null, "note": null, "phone": null, "isced:level": null, "education": null, "fee": null, "operator:type": null, "addr:country": null, "email": null, "capacity": null, "operator:short": null, "operator:wikidata": null, "addr:district": null, "check_date:opening_hours": null, "name:hi": null, "building": "yes", "brand": null, "brand:wikidata": null, "landuse": null, "building:levels": null, "wikipedia": null, "amenity_1": null, "school:gender": null, "old_name": null, "wikimedia_commons": null, "addr:housename": null, "ref:IN:UDISE": null, "barrier": null, "school": null, "name:etymology:wikidata": null, "addr:state": null, "addr:suburb": null, "alt_name": null, "surface": null, "height": null, "building:part": null, "species:en": null, "level": null, "name:mr": null, "short_name": null, "start_date": null, "name:fr": null, "layer": null, "ele": null, "type": null }, "geometry": { "type": "Polygon", "coordinates": [ [ [ 72.8604775, 19.0337084 ], [ 72.8606889, 19.0341261 ], [ 72.8606725, 19.0341335 ], [ 72.860696, 19.0341798 ], [ 72.8607212, 19.0341684 ], [ 72.8607623, 19.0342498 ], [ 72.8607796, 19.034242 ], [ 72.8607939, 19.0342702 ], [ 72.8608027, 19.0342662 ], [ 72.8608413, 19.0343424 ], [ 72.8609652, 19.0342864 ], [ 72.8606363, 19.0336366 ], [ 72.8604775, 19.0337084 ] ] ] } },
{ "type": "Feature", "properties": { "element": "way", "id": 352795541, "amenity": "school", "name": "JBCN International School Borivali", "opening_hours": null, "source": null, "tourism": null, "name:ur": null, "addr:city": null, "addr:housenumber": null, "addr:postcode": null, "addr:street": null, "denomination": null, "grades": null, "religion": null, "timing": null, "wikidata": null, "fixme": null, "name:en": null, "operator": null, "website": null, "check_date": null, "description": null, "female": null, "note": null, "phone": null, "isced:level": null, "education": null, "fee": null, "operator:type": null, "addr:country": null, "email": null, "capacity": null, "operator:short": null, "operator:wikidata": null, "addr:district": null, "check_date:opening_hours": null, "name:hi": null, "building": null, "brand": null, "brand:wikidata": null, "landuse": null, "building:levels": "7", "wikipedia": null, "amenity_1": null, "school:gender": null, "old_name": null, "wikimedia_commons": null, "addr:housename": null, "ref:IN:UDISE": null, "barrier": null, "school": null, "name:etymology:wikidata": null, "addr:state": null, "addr:suburb": null, "alt_name": null, "surface": null, "height": null, "building:part": null, "species:en": null, "level": null, "name:mr": null, "short_name": null, "start_date": null, "name:fr": null, "layer": null, "ele": null, "type": null }, "geometry": { "type": "Polygon", "coordinates": [ [ [ 72.8542615, 19.248107 ], [ 72.85431, 19.2483224 ], [ 72.8545519, 19.2482541 ], [ 72.8545499, 19.2482418 ], [ 72.8545939, 19.2482354 ], [ 72.8545955, 19.2482452 ], [ 72.8546671, 19.2482349 ], [ 72.8546651, 19.2482228 ], [ 72.8548451, 19.2482145 ], [ 72.8548488, 19.2481196 ], [ 72.8548717, 19.2480102 ], [ 72.8542615, 19.248107 ] ] ] } },
{ "type": "Feature", "properties": { "element": "way", "id": 352802672, "amenity": "school", "name": "Gundecha ground", "opening_hours": null, "source": null, "tourism": null, "name:ur": null, "addr:city": "Mumbai", "addr:housenumber": null, "addr:postcode": "400101", "addr:street": "Evershine Road", "denomination": null, "grades": null, "religion": "no", "timing": null, "wikidata": null, "fixme": null, "name:en": null, "operator": "Gundecha builders", "website": null, "check_date": null, "description": null, "female": null, "note": null, "phone": null, "isced:level": null, "education": null, "fee": null, "operator:type": "private", "addr:country": null, "email": null, "capacity": null, "operator:short": null, "operator:wikidata": null, "addr:district": "mumbai suburban", "check_date:opening_hours": null, "name:hi": null, "building": "school", "brand": null, "brand:wikidata": null, "landuse": null, "building:levels": null, "wikipedia": null, "amenity_1": null, "school:gender": null, "old_name": null, "wikimedia_commons": null, "addr:housename": null, "ref:IN:UDISE": null, "barrier": null, "school": null, "name:etymology:wikidata": null, "addr:state": null, "addr:suburb": null, "alt_name": null, "surface": null, "height": null, "building:part": null, "species:en": null, "level": null, "name:mr": null, "short_name": null, "start_date": null, "name:fr": null, "layer": null, "ele": null, "type": null }, "geometry": { "type": "Polygon", "coordinates": [ [ [ 72.8771116, 19.2120991 ], [ 72.8774165, 19.2120881 ], [ 72.8773941, 19.2115364 ], [ 72.8770893, 19.2115475 ], [ 72.8771116, 19.2120991 ] ] ] } },
{ "type": "Feature", "properties": { "element": "way", "id": 352928245, "amenity": "school", "name": null, "opening_hours": null, "source": null, "tourism": null, "name:ur": null, "addr:city": null, "addr:housenumber": null, "addr:postcode": null, "addr:street": null, "denomination": null, "grades": null, "religion": null, "timing": null, "wikidata": null, "fixme": null, "name:en": null, "operator": null, "website": null, "check_date": null, "description": null, "female": null, "note": null, "phone": null, "isced:level": null, "education": null, "fee": null, "operator:type": null, "addr:country": null, "email": null, "capacity": null, "operator:short": null, "operator:wikidata": null, "addr:district": null, "check_date:opening_hours": null, "name:hi": null, "building": "apartments", "brand": null, "brand:wikidata": null, "landuse": null, "building:levels": null, "wikipedia": null, "amenity_1": null, "school:gender": null, "old_name": null, "wikimedia_commons": null, "addr:housename": null, "ref:IN:UDISE": null, "barrier": null, "school": null, "name:etymology:wikidata": null, "addr:state": null, "addr:suburb": null, "alt_name": null, "surface": null, "height": null, "building:part": null, "species:en": null, "level": null, "name:mr": null, "short_name": null, "start_date": null, "name:fr": null, "layer": null, "ele": null, "type": null }, "geometry": { "type": "Polygon", "coordinates": [ [ [ 72.8280968, 19.2127636 ], [ 72.8283283, 19.2127528 ], [ 72.8283278, 19.2125504 ], [ 72.8280792, 19.2125598 ], [ 72.8280968, 19.2127636 ] ] ] } },
{ "type": "Feature", "properties": { "element": "way", "id": 353140788, "amenity": "school", "name": "Mayuresh Residency", "opening_hours": null, "source": null, "tourism": null, "name:ur": null, "addr:city": "bombay", "addr:housenumber": null, "addr:postcode": null, "addr:street": "Lake Road", "denomination": null, "grades": null, "religion": null, "timing": null, "wikidata": null, "fixme": null, "name:en": null, "operator": null, "website": null, "check_date": null, "description": null, "female": null, "note": null, "phone": null, "isced:level": null, "education": null, "fee": null, "operator:type": null, "addr:country": null, "email": null, "capacity": null, "operator:short": null, "operator:wikidata": null, "addr:district": "Kurla", "check_date:opening_hours": null, "name:hi": null, "building": "yes", "brand": null, "brand:wikidata": null, "landuse": null, "building:levels": "11", "wikipedia": null, "amenity_1": null, "school:gender": null, "old_name": null, "wikimedia_commons": null, "addr:housename": null, "ref:IN:UDISE": null, "barrier": null, "school": null, "name:etymology:wikidata": null, "addr:state": null, "addr:suburb": null, "alt_name": null, "surface": null, "height": "50", "building:part": null, "species:en": null, "level": null, "name:mr": null, "short_name": null, "start_date": null, "name:fr": null, "layer": null, "ele": null, "type": null }, "geometry": { "type": "Polygon", "coordinates": [ [ [ 72.9362255, 19.1590564 ], [ 72.936286, 19.1588881 ], [ 72.9357677, 19.1587219 ], [ 72.9357072, 19.1588903 ], [ 72.9362255, 19.1590564 ] ] ] } },
{ "type": "Feature", "properties": { "element": "way", "id": 353175766, "amenity": "school", "name": "Sane Guruji Vidyalaya", "opening_hours": null, "source": null, "tourism": null, "name:ur": null, "addr:city": null, "addr:housenumber": null, "addr:postcode": null, "addr:street": null, "denomination": null, "grades": null, "religion": null, "timing": null, "wikidata": null, "fixme": null, "name:en": null, "operator": null, "website": null, "check_date": null, "description": null, "female": null, "note": null, "phone": null, "isced:level": "1;2;3", "education": null, "fee": null, "operator:type": null, "addr:country": null, "email": null, "capacity": null, "operator:short": null, "operator:wikidata": null, "addr:district": null, "check_date:opening_hours": null, "name:hi": null, "building": "yes", "brand": null, "brand:wikidata": null, "landuse": null, "building:levels": null, "wikipedia": null, "amenity_1": null, "school:gender": null, "old_name": null, "wikimedia_commons": null, "addr:housename": null, "ref:IN:UDISE": null, "barrier": null, "school": null, "name:etymology:wikidata": "Q55769", "addr:state": null, "addr:suburb": null, "alt_name": null, "surface": null, "height": null, "building:part": null, "species:en": null, "level": null, "name:mr": null, "short_name": null, "start_date": null, "name:fr": null, "layer": null, "ele": null, "type": null }, "geometry": { "type": "Polygon", "coordinates": [ [ [ 72.8357772, 19.0226959 ], [ 72.8359019, 19.02295 ], [ 72.8360195, 19.0228984 ], [ 72.8360413, 19.0229429 ], [ 72.8361283, 19.0229047 ], [ 72.8361066, 19.0228603 ], [ 72.8362274, 19.0228073 ], [ 72.8361279, 19.0226044 ], [ 72.835978, 19.0226701 ], [ 72.8360032, 19.0227215 ], [ 72.8359595, 19.0227406 ], [ 72.8359092, 19.022638 ], [ 72.8357772, 19.0226959 ] ] ] } },
{ "type": "Feature", "properties": { "element": "way", "id": 353203398, "amenity": "school", "name": "KK Marg Municipal School", "opening_hours": null, "source": null, "tourism": null, "name:ur": null, "addr:city": null, "addr:housenumber": null, "addr:postcode": null, "addr:street": null, "denomination": null, "grades": null, "religion": null, "timing": null, "wikidata": null, "fixme": null, "name:en": null, "operator": "Brihanmumbai Municipal Corporation", "website": null, "check_date": null, "description": null, "female": null, "note": null, "phone": null, "isced:level": null, "education": "school", "fee": null, "operator:type": "public/government", "addr:country": null, "email": null, "capacity": null, "operator:short": null, "operator:wikidata": null, "addr:district": null, "check_date:opening_hours": null, "name:hi": null, "building": "yes", "brand": null, "brand:wikidata": null, "landuse": null, "building:levels": null, "wikipedia": null, "amenity_1": null, "school:gender": null, "old_name": null, "wikimedia_commons": null, "addr:housename": null, "ref:IN:UDISE": null, "barrier": null, "school": null, "name:etymology:wikidata": null, "addr:state": null, "addr:suburb": null, "alt_name": null, "surface": null, "height": null, "building:part": null, "species:en": null, "level": null, "name:mr": null, "short_name": null, "start_date": null, "name:fr": null, "layer": null, "ele": null, "type": null }, "geometry": { "type": "Polygon", "coordinates": [ [ [ 72.8222444, 18.9662089 ], [ 72.8223887, 18.965863 ], [ 72.8222249, 18.9658019 ], [ 72.8222003, 18.9658609 ], [ 72.8222297, 18.9658719 ], [ 72.8221608, 18.966037 ], [ 72.8221768, 18.966043 ], [ 72.8221598, 18.9660836 ], [ 72.8222033, 18.9660998 ], [ 72.8221837, 18.9661468 ], [ 72.8222048, 18.9661547 ], [ 72.8221906, 18.9661888 ], [ 72.8222444, 18.9662089 ] ] ] } },
{ "type": "Feature", "properties": { "element": "way", "id": 353206688, "amenity": "school", "name": "TMC School No 16 and No 3", "opening_hours": null, "source": null, "tourism": null, "name:ur": null, "addr:city": null, "addr:housenumber": null, "addr:postcode": null, "addr:street": null, "denomination": null, "grades": null, "religion": null, "timing": null, "wikidata": null, "fixme": null, "name:en": null, "operator": null, "website": null, "check_date": null, "description": null, "female": null, "note": null, "phone": null, "isced:level": null, "education": "school", "fee": null, "operator:type": null, "addr:country": null, "email": null, "capacity": null, "operator:short": null, "operator:wikidata": null, "addr:district": null, "check_date:opening_hours": null, "name:hi": null, "building": "yes", "brand": null, "brand:wikidata": null, "landuse": null, "building:levels": "3", "wikipedia": null, "amenity_1": null, "school:gender": null, "old_name": null, "wikimedia_commons": null, "addr:housename": null, "ref:IN:UDISE": null, "barrier": null, "school": null, "name:etymology:wikidata": null, "addr:state": null, "addr:suburb": null, "alt_name": null, "surface": null, "height": null, "building:part": "yes", "species:en": null, "level": null, "name:mr": null, "short_name": null, "start_date": null, "name:fr": null, "layer": null, "ele": null, "type": null }, "geometry": { "type": "Polygon", "coordinates": [ [ [ 72.9695119, 19.1771786 ], [ 72.9696101, 19.1771477 ], [ 72.9695813, 19.1770662 ], [ 72.9696425, 19.1770469 ], [ 72.9696712, 19.1771284 ], [ 72.9698022, 19.1770872 ], [ 72.9697632, 19.1769766 ], [ 72.9697021, 19.1769958 ], [ 72.9696743, 19.176917 ], [ 72.9697354, 19.1768978 ], [ 72.9696941, 19.1767809 ], [ 72.9695843, 19.1768155 ], [ 72.9695992, 19.1768577 ], [ 72.9695499, 19.1768732 ], [ 72.9695364, 19.1768351 ], [ 72.9694116, 19.1768744 ], [ 72.9694496, 19.1769823 ], [ 72.9695177, 19.1769608 ], [ 72.9695419, 19.1770293 ], [ 72.9694675, 19.1770527 ], [ 72.9695119, 19.1771786 ] ] ] } },
{ "type": "Feature", "properties": { "element": "way", "id": 353206772, "amenity": "school", "name": "Sri Ma Bal Niketan", "opening_hours": null, "source": null, "tourism": null, "name:ur": null, "addr:city": null, "addr:housenumber": null, "addr:postcode": null, "addr:street": null, "denomination": null, "grades": null, "religion": null, "timing": null, "wikidata": null, "fixme": null, "name:en": null, "operator": null, "website": null, "check_date": null, "description": null, "female": null, "note": null, "phone": null, "isced:level": "3", "education": null, "fee": null, "operator:type": null, "addr:country": null, "email": null, "capacity": null, "operator:short": null, "operator:wikidata": null, "addr:district": null, "check_date:opening_hours": null, "name:hi": null, "building": "yes", "brand": null, "brand:wikidata": null, "landuse": null, "building:levels": null, "wikipedia": null, "amenity_1": null, "school:gender": null, "old_name": null, "wikimedia_commons": null, "addr:housename": null, "ref:IN:UDISE": null, "barrier": null, "school": null, "name:etymology:wikidata": null, "addr:state": null, "addr:suburb": null, "alt_name": null, "surface": null, "height": null, "building:part": null, "species:en": null, "level": null, "name:mr": null, "short_name": null, "start_date": null, "name:fr": null, "layer": null, "ele": null, "type": null }, "geometry": { "type": "Polygon", "coordinates": [ [ [ 72.9685342, 19.1769954 ], [ 72.9687053, 19.1769947 ], [ 72.9687048, 19.1768861 ], [ 72.9685515, 19.1768867 ], [ 72.9685516, 19.1769235 ], [ 72.9685339, 19.1769235 ], [ 72.9685342, 19.1769954 ] ] ] } },
{ "type": "Feature", "properties": { "element": "way", "id": 353351784, "amenity": "school", "name": "Saint Xavier's Boys Academy", "opening_hours": null, "source": null, "tourism": null, "name:ur": null, "addr:city": "Mumbai", "addr:housenumber": null, "addr:postcode": null, "addr:street": null, "denomination": null, "grades": null, "religion": null, "timing": null, "wikidata": null, "fixme": null, "name:en": null, "operator": null, "website": null, "check_date": null, "description": null, "female": null, "note": null, "phone": null, "isced:level": null, "education": null, "fee": null, "operator:type": null, "addr:country": null, "email": null, "capacity": null, "operator:short": null, "operator:wikidata": null, "addr:district": null, "check_date:opening_hours": null, "name:hi": null, "building": "yes", "brand": null, "brand:wikidata": null, "landuse": null, "building:levels": null, "wikipedia": null, "amenity_1": null, "school:gender": "male", "old_name": null, "wikimedia_commons": null, "addr:housename": null, "ref:IN:UDISE": null, "barrier": null, "school": null, "name:etymology:wikidata": null, "addr:state": null, "addr:suburb": null, "alt_name": null, "surface": null, "height": null, "building:part": null, "species:en": null, "level": null, "name:mr": null, "short_name": null, "start_date": null, "name:fr": null, "layer": null, "ele": null, "type": null }, "geometry": { "type": "Polygon", "coordinates": [ [ [ 72.8279151, 18.9359845 ], [ 72.8281631, 18.9360023 ], [ 72.8281842, 18.9357388 ], [ 72.8279362, 18.935721 ], [ 72.8279151, 18.9359845 ] ] ] } },
{ "type": "Feature", "properties": { "element": "way", "id": 353351803, "amenity": "school", "name": "Bombay International School (Junior)", "opening_hours": null, "source": null, "tourism": null, "name:ur": null, "addr:city": "Mumbai", "addr:housenumber": null, "addr:postcode": null, "addr:street": null, "denomination": null, "grades": null, "religion": null, "timing": null, "wikidata": null, "fixme": null, "name:en": null, "operator": null, "website": null, "check_date": null, "description": null, "female": null, "note": null, "phone": null, "isced:level": null, "education": null, "fee": null, "operator:type": null, "addr:country": null, "email": null, "capacity": null, "operator:short": null, "operator:wikidata": null, "addr:district": null, "check_date:opening_hours": null, "name:hi": null, "building": "yes", "brand": null, "brand:wikidata": null, "landuse": null, "building:levels": null, "wikipedia": null, "amenity_1": null, "school:gender": null, "old_name": null, "wikimedia_commons": null, "addr:housename": null, "ref:IN:UDISE": null, "barrier": null, "school": null, "name:etymology:wikidata": null, "addr:state": null, "addr:suburb": null, "alt_name": null, "surface": null, "height": null, "building:part": null, "species:en": null, "level": null, "name:mr": null, "short_name": null, "start_date": null, "name:fr": null, "layer": null, "ele": null, "type": null }, "geometry": { "type": "Polygon", "coordinates": [ [ [ 72.8283109, 18.9355247 ], [ 72.8285133, 18.9355346 ], [ 72.8285268, 18.9352874 ], [ 72.8283243, 18.9352776 ], [ 72.8283109, 18.9355247 ] ] ] } },
{ "type": "Feature", "properties": { "element": "way", "id": 353354801, "amenity": "school", "name": "Podar International School", "opening_hours": null, "source": null, "tourism": null, "name:ur": null, "addr:city": null, "addr:housenumber": null, "addr:postcode": null, "addr:street": null, "denomination": null, "grades": null, "religion": null, "timing": null, "wikidata": null, "fixme": null, "name:en": null, "operator": null, "website": null, "check_date": null, "description": null, "female": null, "note": null, "phone": null, "isced:level": null, "education": null, "fee": null, "operator:type": null, "addr:country": null, "email": null, "capacity": null, "operator:short": null, "operator:wikidata": null, "addr:district": null, "check_date:opening_hours": null, "name:hi": null, "building": "apartments", "brand": null, "brand:wikidata": null, "landuse": null, "building:levels": "8", "wikipedia": null, "amenity_1": null, "school:gender": null, "old_name": null, "wikimedia_commons": null, "addr:housename": null, "ref:IN:UDISE": null, "barrier": null, "school": null, "name:etymology:wikidata": null, "addr:state": null, "addr:suburb": null, "alt_name": null, "surface": null, "height": null, "building:part": null, "species:en": null, "level": null, "name:mr": null, "short_name": null, "start_date": null, "name:fr": null, "layer": null, "ele": null, "type": null }, "geometry": { "type": "Polygon", "coordinates": [ [ [ 72.814023, 18.9973513 ], [ 72.8142227, 18.9974901 ], [ 72.8143035, 18.9973862 ], [ 72.8141037, 18.9972474 ], [ 72.814023, 18.9973513 ] ] ] } },
{ "type": "Feature", "properties": { "element": "way", "id": 353355120, "amenity": "school", "name": "Manav Mandir Primary School", "opening_hours": null, "source": null, "tourism": null, "name:ur": null, "addr:city": null, "addr:housenumber": null, "addr:postcode": null, "addr:street": null, "denomination": null, "grades": null, "religion": null, "timing": null, "wikidata": null, "fixme": null, "name:en": null, "operator": null, "website": null, "check_date": null, "description": null, "female": null, "note": null, "phone": null, "isced:level": null, "education": null, "fee": null, "operator:type": null, "addr:country": null, "email": null, "capacity": null, "operator:short": null, "operator:wikidata": null, "addr:district": null, "check_date:opening_hours": null, "name:hi": null, "building": "yes", "brand": null, "brand:wikidata": null, "landuse": null, "building:levels": "10", "wikipedia": null, "amenity_1": null, "school:gender": null, "old_name": null, "wikimedia_commons": null, "addr:housename": null, "ref:IN:UDISE": null, "barrier": null, "school": null, "name:etymology:wikidata": null, "addr:state": null, "addr:suburb": null, "alt_name": null, "surface": null, "height": null, "building:part": null, "species:en": null, "level": null, "name:mr": null, "short_name": null, "start_date": null, "name:fr": null, "layer": null, "ele": null, "type": null }, "geometry": { "type": "Polygon", "coordinates": [ [ [ 72.796707, 18.949176 ], [ 72.7968182, 18.9491198 ], [ 72.7967533, 18.9490047 ], [ 72.7969347, 18.9489132 ], [ 72.796947, 18.9489351 ], [ 72.7970454, 18.9488855 ], [ 72.7969745, 18.9487597 ], [ 72.7966928, 18.9489018 ], [ 72.7967208, 18.9489516 ], [ 72.7966116, 18.9490067 ], [ 72.796707, 18.949176 ] ] ] } },
{ "type": "Feature", "properties": { "element": "way", "id": 353355481, "amenity": "school", "name": "PTV Marathi medium", "opening_hours": "Mo-Fr 08:00-17:00", "source": null, "tourism": null, "name:ur": null, "addr:city": "mumbai", "addr:housenumber": null, "addr:postcode": "400057", "addr:street": "Ramabai Chemburkar Marg", "denomination": null, "grades": "1-12", "religion": null, "timing": null, "wikidata": null, "fixme": null, "name:en": null, "operator": null, "website": null, "check_date": null, "description": null, "female": null, "note": null, "phone": null, "isced:level": null, "education": null, "fee": null, "operator:type": null, "addr:country": null, "email": null, "capacity": null, "operator:short": null, "operator:wikidata": null, "addr:district": "Mumbai Suburban", "check_date:opening_hours": null, "name:hi": null, "building": "yes", "brand": null, "brand:wikidata": null, "landuse": null, "building:levels": null, "wikipedia": null, "amenity_1": null, "school:gender": null, "old_name": null, "wikimedia_commons": null, "addr:housename": null, "ref:IN:UDISE": null, "barrier": null, "school": null, "name:etymology:wikidata": null, "addr:state": null, "addr:suburb": null, "alt_name": null, "surface": null, "height": null, "building:part": null, "species:en": null, "level": null, "name:mr": null, "short_name": null, "start_date": null, "name:fr": null, "layer": null, "ele": null, "type": null }, "geometry": { "type": "Polygon", "coordinates": [ [ [ 72.8474175, 19.1040596 ], [ 72.8473913, 19.104206 ], [ 72.8479558, 19.1042959 ], [ 72.8479819, 19.1041495 ], [ 72.8474175, 19.1040596 ] ] ] } },
{ "type": "Feature", "properties": { "element": "way", "id": 353364856, "amenity": "school", "name": "Sir Jacob Sasoon High School", "opening_hours": null, "source": null, "tourism": null, "name:ur": null, "addr:city": null, "addr:housenumber": null, "addr:postcode": null, "addr:street": null, "denomination": null, "grades": null, "religion": null, "timing": null, "wikidata": null, "fixme": null, "name:en": null, "operator": null, "website": null, "check_date": null, "description": null, "female": null, "note": null, "phone": null, "isced:level": null, "education": null, "fee": null, "operator:type": null, "addr:country": null, "email": null, "capacity": null, "operator:short": null, "operator:wikidata": null, "addr:district": null, "check_date:opening_hours": null, "name:hi": null, "building": "yes", "brand": null, "brand:wikidata": null, "landuse": null, "building:levels": null, "wikipedia": null, "amenity_1": null, "school:gender": null, "old_name": null, "wikimedia_commons": null, "addr:housename": null, "ref:IN:UDISE": null, "barrier": null, "school": null, "name:etymology:wikidata": null, "addr:state": null, "addr:suburb": null, "alt_name": null, "surface": null, "height": null, "building:part": null, "species:en": null, "level": null, "name:mr": null, "short_name": null, "start_date": null, "name:fr": null, "layer": null, "ele": null, "type": null }, "geometry": { "type": "Polygon", "coordinates": [ [ [ 72.8323194, 18.9671012 ], [ 72.8324938, 18.9670944 ], [ 72.8324879, 18.9669588 ], [ 72.8323135, 18.9669656 ], [ 72.8323194, 18.9671012 ] ] ] } },
{ "type": "Feature", "properties": { "element": "way", "id": 353364903, "amenity": "school", "name": "Jawahar Vidya Bhawan", "opening_hours": null, "source": null, "tourism": null, "name:ur": null, "addr:city": "Chembur, Mumbai", "addr:housenumber": null, "addr:postcode": "400074", "addr:street": "TEC Niwas Sthan Road", "denomination": null, "grades": null, "religion": null, "timing": null, "wikidata": null, "fixme": null, "name:en": null, "operator": null, "website": null, "check_date": null, "description": null, "female": null, "note": null, "phone": null, "isced:level": null, "education": null, "fee": null, "operator:type": null, "addr:country": null, "email": null, "capacity": null, "operator:short": null, "operator:wikidata": null, "addr:district": null, "check_date:opening_hours": null, "name:hi": null, "building": "school", "brand": null, "brand:wikidata": null, "landuse": null, "building:levels": null, "wikipedia": null, "amenity_1": null, "school:gender": null, "old_name": null, "wikimedia_commons": null, "addr:housename": null, "ref:IN:UDISE": null, "barrier": null, "school": null, "name:etymology:wikidata": null, "addr:state": null, "addr:suburb": null, "alt_name": null, "surface": null, "height": null, "building:part": null, "species:en": null, "level": null, "name:mr": null, "short_name": null, "start_date": null, "name:fr": null, "layer": null, "ele": null, "type": null }, "geometry": { "type": "Polygon", "coordinates": [ [ [ 72.8972924, 19.0393762 ], [ 72.8973896, 19.0393865 ], [ 72.8973985, 19.0393107 ], [ 72.8977541, 19.039348 ], [ 72.8977947, 19.0390026 ], [ 72.8974442, 19.0389658 ], [ 72.8974504, 19.0389127 ], [ 72.8972884, 19.0388957 ], [ 72.8972642, 19.0391019 ], [ 72.8973239, 19.0391082 ], [ 72.8972924, 19.0393762 ] ] ] } },
{ "type": "Feature", "properties": { "element": "way", "id": 353364906, "amenity": "school", "name": "St. Sebastian's High School", "opening_hours": null, "source": null, "tourism": null, "name:ur": null, "addr:city": "Chembur, Mumbai", "addr:housenumber": null, "addr:postcode": "400074", "addr:street": "Ramakrishna Chemburkar Marg (Ghatkopar Mahul Road)", "denomination": null, "grades": null, "religion": null, "timing": null, "wikidata": null, "fixme": null, "name:en": null, "operator": null, "website": "http://www.sebastians.in/", "check_date": null, "description": null, "female": null, "note": null, "phone": null, "isced:level": null, "education": null, "fee": null, "operator:type": null, "addr:country": null, "email": null, "capacity": null, "operator:short": null, "operator:wikidata": null, "addr:district": null, "check_date:opening_hours": null, "name:hi": null, "building": "school", "brand": null, "brand:wikidata": null, "landuse": null, "building:levels": null, "wikipedia": null, "amenity_1": null, "school:gender": null, "old_name": null, "wikimedia_commons": null, "addr:housename": null, "ref:IN:UDISE": null, "barrier": null, "school": null, "name:etymology:wikidata": null, "addr:state": null, "addr:suburb": null, "alt_name": null, "surface": null, "height": null, "building:part": null, "species:en": null, "level": null, "name:mr": null, "short_name": null, "start_date": null, "name:fr": null, "layer": null, "ele": null, "type": null }, "geometry": { "type": "Polygon", "coordinates": [ [ [ 72.8977302, 19.0395651 ], [ 72.8977296, 19.0396641 ], [ 72.8977821, 19.0396644 ], [ 72.8977819, 19.039705 ], [ 72.8978407, 19.0397053 ], [ 72.89784, 19.0398189 ], [ 72.8981722, 19.0398208 ], [ 72.8981732, 19.0396691 ], [ 72.8982668, 19.0396697 ], [ 72.8982664, 19.0397443 ], [ 72.8983596, 19.0397448 ], [ 72.8983607, 19.0395687 ], [ 72.8977302, 19.0395651 ] ] ] } },
{ "type": "Feature", "properties": { "element": "way", "id": 353367058, "amenity": "school", "name": "L S Raheja School", "opening_hours": "Mo-Fr 11:00-17:30; Sa 11:00-14:30; PH off", "source": null, "tourism": null, "name:ur": null, "addr:city": "Mumbai", "addr:housenumber": null, "addr:postcode": null, "addr:street": "Relief Road", "denomination": null, "grades": null, "religion": null, "timing": null, "wikidata": null, "fixme": null, "name:en": null, "operator": null, "website": null, "check_date": null, "description": null, "female": null, "note": null, "phone": null, "isced:level": null, "education": null, "fee": null, "operator:type": null, "addr:country": "IN", "email": null, "capacity": null, "operator:short": null, "operator:wikidata": null, "addr:district": null, "check_date:opening_hours": null, "name:hi": null, "building": "yes", "brand": null, "brand:wikidata": null, "landuse": null, "building:levels": null, "wikipedia": null, "amenity_1": null, "school:gender": null, "old_name": null, "wikimedia_commons": null, "addr:housename": null, "ref:IN:UDISE": null, "barrier": null, "school": null, "name:etymology:wikidata": null, "addr:state": "Maharashtra", "addr:suburb": null, "alt_name": null, "surface": null, "height": null, "building:part": null, "species:en": null, "level": null, "name:mr": null, "short_name": null, "start_date": null, "name:fr": null, "layer": null, "ele": null, "type": null }, "geometry": { "type": "Polygon", "coordinates": [ [ [ 72.8331026, 19.0862785 ], [ 72.8330948, 19.0861151 ], [ 72.8327972, 19.0860679 ], [ 72.8327291, 19.085723 ], [ 72.832567, 19.0857798 ], [ 72.832655, 19.0862483 ], [ 72.8331026, 19.0862785 ] ] ] } },
{ "type": "Feature", "properties": { "element": "way", "id": 353377165, "amenity": "school", "name": "B.K.M. High School", "opening_hours": null, "source": null, "tourism": null, "name:ur": null, "addr:city": null, "addr:housenumber": null, "addr:postcode": null, "addr:street": null, "denomination": null, "grades": null, "religion": null, "timing": null, "wikidata": null, "fixme": null, "name:en": null, "operator": null, "website": null, "check_date": null, "description": null, "female": null, "note": null, "phone": null, "isced:level": null, "education": null, "fee": null, "operator:type": null, "addr:country": null, "email": null, "capacity": null, "operator:short": null, "operator:wikidata": null, "addr:district": null, "check_date:opening_hours": null, "name:hi": null, "building": "yes", "brand": null, "brand:wikidata": null, "landuse": null, "building:levels": null, "wikipedia": null, "amenity_1": null, "school:gender": null, "old_name": null, "wikimedia_commons": null, "addr:housename": null, "ref:IN:UDISE": null, "barrier": null, "school": null, "name:etymology:wikidata": null, "addr:state": null, "addr:suburb": null, "alt_name": null, "surface": null, "height": null, "building:part": null, "species:en": null, "level": null, "name:mr": null, "short_name": null, "start_date": null, "name:fr": null, "layer": null, "ele": null, "type": null }, "geometry": { "type": "Polygon", "coordinates": [ [ [ 72.8074751, 18.9561586 ], [ 72.8073857, 18.955909 ], [ 72.8072337, 18.9559577 ], [ 72.8072992, 18.9561403 ], [ 72.8072696, 18.9561498 ], [ 72.8072936, 18.9562168 ], [ 72.8074751, 18.9561586 ] ] ] } },
{ "type": "Feature", "properties": { "element": "way", "id": 353394683, "amenity": "school", "name": "St. Agnes' High School", "opening_hours": null, "source": null, "tourism": null, "name:ur": null, "addr:city": null, "addr:housenumber": null, "addr:postcode": null, "addr:street": null, "denomination": null, "grades": null, "religion": null, "timing": null, "wikidata": null, "fixme": null, "name:en": null, "operator": null, "website": null, "check_date": null, "description": null, "female": null, "note": null, "phone": null, "isced:level": null, "education": null, "fee": null, "operator:type": null, "addr:country": null, "email": null, "capacity": null, "operator:short": null, "operator:wikidata": null, "addr:district": null, "check_date:opening_hours": null, "name:hi": null, "building": "yes", "brand": null, "brand:wikidata": null, "landuse": null, "building:levels": null, "wikipedia": null, "amenity_1": null, "school:gender": null, "old_name": null, "wikimedia_commons": null, "addr:housename": null, "ref:IN:UDISE": null, "barrier": null, "school": null, "name:etymology:wikidata": null, "addr:state": null, "addr:suburb": null, "alt_name": null, "surface": null, "height": null, "building:part": null, "species:en": null, "level": null, "name:mr": null, "short_name": null, "start_date": null, "name:fr": null, "layer": null, "ele": null, "type": null }, "geometry": { "type": "Polygon", "coordinates": [ [ [ 72.8303646, 18.9714001 ], [ 72.8305749, 18.971398 ], [ 72.8305682, 18.9708096 ], [ 72.8306403, 18.9708089 ], [ 72.8306378, 18.9705797 ], [ 72.8306661, 18.9705419 ], [ 72.8306852, 18.9703812 ], [ 72.8303468, 18.9703629 ], [ 72.8302875, 18.9703273 ], [ 72.8302856, 18.9703554 ], [ 72.8302314, 18.9703432 ], [ 72.8302028, 18.9706088 ], [ 72.830337, 18.970613 ], [ 72.8303364, 18.9705621 ], [ 72.8305338, 18.9705601 ], [ 72.8305355, 18.9707106 ], [ 72.8303638, 18.970711 ], [ 72.8303643, 18.9711607 ], [ 72.8303646, 18.9714001 ] ] ] } },
{ "type": "Feature", "properties": { "element": "way", "id": 353394704, "amenity": "school", "name": "E.E.E. Sassoon High School", "opening_hours": null, "source": null, "tourism": null, "name:ur": null, "addr:city": null, "addr:housenumber": null, "addr:postcode": null, "addr:street": null, "denomination": null, "grades": null, "religion": null, "timing": null, "wikidata": null, "fixme": null, "name:en": null, "operator": null, "website": null, "check_date": null, "description": null, "female": null, "note": null, "phone": null, "isced:level": null, "education": null, "fee": null, "operator:type": null, "addr:country": null, "email": null, "capacity": null, "operator:short": null, "operator:wikidata": null, "addr:district": null, "check_date:opening_hours": null, "name:hi": null, "building": "yes", "brand": null, "brand:wikidata": null, "landuse": null, "building:levels": "4", "wikipedia": null, "amenity_1": null, "school:gender": null, "old_name": null, "wikimedia_commons": null, "addr:housename": null, "ref:IN:UDISE": null, "barrier": null, "school": null, "name:etymology:wikidata": null, "addr:state": null, "addr:suburb": null, "alt_name": null, "surface": null, "height": null, "building:part": null, "species:en": null, "level": null, "name:mr": null, "short_name": null, "start_date": null, "name:fr": null, "layer": null, "ele": null, "type": null }, "geometry": { "type": "Polygon", "coordinates": [ [ [ 72.8306493, 18.9671117 ], [ 72.8308925, 18.967109 ], [ 72.8308912, 18.9670002 ], [ 72.830648, 18.9670029 ], [ 72.8306493, 18.9671117 ] ] ] } },
{ "type": "Feature", "properties": { "element": "way", "id": 353395699, "amenity": "school", "name": "D Y Patil International School", "opening_hours": null, "source": null, "tourism": null, "name:ur": null, "addr:city": null, "addr:housenumber": null, "addr:postcode": null, "addr:street": null, "denomination": null, "grades": null, "religion": null, "timing": null, "wikidata": null, "fixme": null, "name:en": null, "operator": null, "website": "https://www.dypisworli.in/", "check_date": null, "description": null, "female": null, "note": null, "phone": null, "isced:level": "1;2;3", "education": null, "fee": null, "operator:type": null, "addr:country": null, "email": null, "capacity": null, "operator:short": null, "operator:wikidata": null, "addr:district": null, "check_date:opening_hours": null, "name:hi": null, "building": "yes", "brand": null, "brand:wikidata": null, "landuse": null, "building:levels": null, "wikipedia": null, "amenity_1": null, "school:gender": null, "old_name": null, "wikimedia_commons": null, "addr:housename": null, "ref:IN:UDISE": null, "barrier": null, "school": null, "name:etymology:wikidata": null, "addr:state": null, "addr:suburb": null, "alt_name": null, "surface": null, "height": null, "building:part": null, "species:en": null, "level": null, "name:mr": null, "short_name": null, "start_date": null, "name:fr": null, "layer": null, "ele": null, "type": null }, "geometry": { "type": "Polygon", "coordinates": [ [ [ 72.8207991, 19.0160962 ], [ 72.8209204, 19.0161476 ], [ 72.8209461, 19.0160934 ], [ 72.8211211, 19.0161676 ], [ 72.8212032, 19.0159945 ], [ 72.8211325, 19.0159645 ], [ 72.8211262, 19.0159776 ], [ 72.8210217, 19.0159333 ], [ 72.8210958, 19.0157771 ], [ 72.8212832, 19.0158566 ], [ 72.8213415, 19.0157338 ], [ 72.8211474, 19.0156515 ], [ 72.8211362, 19.0156752 ], [ 72.8211054, 19.0156621 ], [ 72.8211015, 19.0156703 ], [ 72.821018, 19.0156349 ], [ 72.8207991, 19.0160962 ] ] ] } },
{ "type": "Feature", "properties": { "element": "way", "id": 353396873, "amenity": "school", "name": "St. Lawrence School", "opening_hours": null, "source": null, "tourism": null, "name:ur": null, "addr:city": null, "addr:housenumber": null, "addr:postcode": null, "addr:street": null, "denomination": null, "grades": null, "religion": null, "timing": null, "wikidata": null, "fixme": null, "name:en": "St. Lawrence School", "operator": null, "website": null, "check_date": null, "description": null, "female": null, "note": null, "phone": null, "isced:level": null, "education": null, "fee": null, "operator:type": null, "addr:country": null, "email": null, "capacity": null, "operator:short": null, "operator:wikidata": null, "addr:district": null, "check_date:opening_hours": null, "name:hi": null, "building": "yes", "brand": null, "brand:wikidata": null, "landuse": null, "building:levels": null, "wikipedia": null, "amenity_1": null, "school:gender": null, "old_name": null, "wikimedia_commons": null, "addr:housename": null, "ref:IN:UDISE": null, "barrier": null, "school": null, "name:etymology:wikidata": null, "addr:state": null, "addr:suburb": null, "alt_name": null, "surface": null, "height": null, "building:part": null, "species:en": null, "level": null, "name:mr": null, "short_name": null, "start_date": null, "name:fr": null, "layer": null, "ele": null, "type": null }, "geometry": { "type": "Polygon", "coordinates": [ [ [ 72.8341309, 19.082187 ], [ 72.8341975, 19.0821884 ], [ 72.8341951, 19.0822878 ], [ 72.8343054, 19.0822901 ], [ 72.8343045, 19.0823279 ], [ 72.834372, 19.0823293 ], [ 72.8343756, 19.0821792 ], [ 72.834364, 19.082179 ], [ 72.8343656, 19.0821129 ], [ 72.8341327, 19.082108 ], [ 72.8341309, 19.082187 ] ] ] } },
{ "type": "Feature", "properties": { "element": "way", "id": 353402349, "amenity": "school", "name": "Colaba Municipal Secondary School", "opening_hours": null, "source": null, "tourism": null, "name:ur": null, "addr:city": "Mumbai", "addr:housenumber": null, "addr:postcode": null, "addr:street": null, "denomination": null, "grades": null, "religion": null, "timing": null, "wikidata": null, "fixme": null, "name:en": null, "operator": null, "website": null, "check_date": null, "description": null, "female": null, "note": null, "phone": null, "isced:level": "2;3", "education": null, "fee": null, "operator:type": null, "addr:country": null, "email": null, "capacity": null, "operator:short": null, "operator:wikidata": null, "addr:district": null, "check_date:opening_hours": null, "name:hi": null, "building": "yes", "brand": null, "brand:wikidata": null, "landuse": null, "building:levels": null, "wikipedia": null, "amenity_1": null, "school:gender": null, "old_name": null, "wikimedia_commons": null, "addr:housename": null, "ref:IN:UDISE": null, "barrier": null, "school": null, "name:etymology:wikidata": null, "addr:state": null, "addr:suburb": null, "alt_name": null, "surface": null, "height": null, "building:part": null, "species:en": null, "level": null, "name:mr": null, "short_name": null, "start_date": null, "name:fr": null, "layer": null, "ele": null, "type": null }, "geometry": { "type": "Polygon", "coordinates": [ [ [ 72.826388, 18.9150189 ], [ 72.8265015, 18.9151151 ], [ 72.8266331, 18.9149764 ], [ 72.826696, 18.9150297 ], [ 72.8267732, 18.9149483 ], [ 72.8265968, 18.9147987 ], [ 72.826388, 18.9150189 ] ] ] } },
{ "type": "Feature", "properties": { "element": "way", "id": 353407984, "amenity": "school", "name": "Fellowship International School", "opening_hours": null, "source": null, "tourism": null, "name:ur": null, "addr:city": null, "addr:housenumber": null, "addr:postcode": null, "addr:street": null, "denomination": null, "grades": null, "religion": null, "timing": null, "wikidata": null, "fixme": null, "name:en": null, "operator": null, "website": null, "check_date": null, "description": null, "female": null, "note": null, "phone": null, "isced:level": null, "education": null, "fee": null, "operator:type": null, "addr:country": null, "email": null, "capacity": null, "operator:short": null, "operator:wikidata": null, "addr:district": null, "check_date:opening_hours": null, "name:hi": null, "building": "yes", "brand": null, "brand:wikidata": null, "landuse": null, "building:levels": "7", "wikipedia": null, "amenity_1": null, "school:gender": null, "old_name": null, "wikimedia_commons": null, "addr:housename": null, "ref:IN:UDISE": null, "barrier": null, "school": null, "name:etymology:wikidata": null, "addr:state": null, "addr:suburb": null, "alt_name": null, "surface": null, "height": null, "building:part": null, "species:en": null, "level": null, "name:mr": null, "short_name": null, "start_date": null, "name:fr": null, "layer": null, "ele": null, "type": null }, "geometry": { "type": "Polygon", "coordinates": [ [ [ 72.8109847, 18.961473 ], [ 72.8106186, 18.9615823 ], [ 72.8106776, 18.9617032 ], [ 72.8106879, 18.9616987 ], [ 72.8107614, 18.9618423 ], [ 72.8108615, 18.9618133 ], [ 72.8107759, 18.9616271 ], [ 72.8109067, 18.9615835 ], [ 72.8109194, 18.9616082 ], [ 72.8109112, 18.9616349 ], [ 72.8109828, 18.9618029 ], [ 72.8110419, 18.9617858 ], [ 72.8110353, 18.9617633 ], [ 72.8110763, 18.961751 ], [ 72.8109847, 18.961473 ] ] ] } },
{ "type": "Feature", "properties": { "element": "way", "id": 353407985, "amenity": "school", "name": "Fellowship School", "opening_hours": null, "source": null, "tourism": null, "name:ur": null, "addr:city": null, "addr:housenumber": null, "addr:postcode": null, "addr:street": null, "denomination": null, "grades": null, "religion": null, "timing": null, "wikidata": null, "fixme": null, "name:en": null, "operator": null, "website": null, "check_date": null, "description": null, "female": null, "note": null, "phone": null, "isced:level": null, "education": null, "fee": null, "operator:type": null, "addr:country": null, "email": null, "capacity": null, "operator:short": null, "operator:wikidata": null, "addr:district": null, "check_date:opening_hours": null, "name:hi": null, "building": "yes", "brand": null, "brand:wikidata": null, "landuse": null, "building:levels": "7", "wikipedia": null, "amenity_1": null, "school:gender": null, "old_name": null, "wikimedia_commons": null, "addr:housename": null, "ref:IN:UDISE": null, "barrier": null, "school": null, "name:etymology:wikidata": null, "addr:state": null, "addr:suburb": null, "alt_name": null, "surface": null, "height": null, "building:part": null, "species:en": null, "level": null, "name:mr": null, "short_name": null, "start_date": null, "name:fr": null, "layer": null, "ele": null, "type": null }, "geometry": { "type": "Polygon", "coordinates": [ [ [ 72.8108913, 18.9621477 ], [ 72.8109798, 18.9621112 ], [ 72.8109835, 18.9620684 ], [ 72.8110654, 18.962082 ], [ 72.81107, 18.9620374 ], [ 72.8111339, 18.9620483 ], [ 72.8111363, 18.9620254 ], [ 72.8111795, 18.962033 ], [ 72.8111795, 18.9619836 ], [ 72.8111382, 18.9618817 ], [ 72.8111086, 18.9618605 ], [ 72.8110779, 18.9618953 ], [ 72.8110601, 18.9618665 ], [ 72.8110149, 18.9619239 ], [ 72.8109768, 18.9618936 ], [ 72.8109305, 18.9619585 ], [ 72.8109038, 18.9619362 ], [ 72.8108118, 18.9619748 ], [ 72.8108913, 18.9621477 ] ] ] } },
{ "type": "Feature", "properties": { "element": "way", "id": 353407996, "amenity": "school", "name": "DSB International School", "opening_hours": null, "source": null, "tourism": null, "name:ur": null, "addr:city": null, "addr:housenumber": null, "addr:postcode": null, "addr:street": null, "denomination": null, "grades": null, "religion": null, "timing": null, "wikidata": null, "fixme": null, "name:en": null, "operator": null, "website": null, "check_date": null, "description": null, "female": null, "note": null, "phone": null, "isced:level": null, "education": null, "fee": null, "operator:type": null, "addr:country": null, "email": null, "capacity": null, "operator:short": null, "operator:wikidata": null, "addr:district": null, "check_date:opening_hours": null, "name:hi": null, "building": "yes", "brand": null, "brand:wikidata": null, "landuse": null, "building:levels": null, "wikipedia": null, "amenity_1": null, "school:gender": null, "old_name": null, "wikimedia_commons": null, "addr:housename": null, "ref:IN:UDISE": null, "barrier": null, "school": null, "name:etymology:wikidata": null, "addr:state": null, "addr:suburb": null, "alt_name": null, "surface": null, "height": null, "building:part": null, "species:en": null, "level": null, "name:mr": null, "short_name": null, "start_date": null, "name:fr": null, "layer": null, "ele": null, "type": null }, "geometry": { "type": "Polygon", "coordinates": [ [ [ 72.8080829, 18.9573086 ], [ 72.8082176, 18.9572627 ], [ 72.8081196, 18.9570054 ], [ 72.8079848, 18.9570513 ], [ 72.8080829, 18.9573086 ] ] ] } },
{ "type": "Feature", "properties": { "element": "way", "id": 353408060, "amenity": "school", "name": "St. Columba Marathi Primary School", "opening_hours": null, "source": null, "tourism": null, "name:ur": null, "addr:city": null, "addr:housenumber": null, "addr:postcode": null, "addr:street": null, "denomination": null, "grades": null, "religion": null, "timing": null, "wikidata": null, "fixme": null, "name:en": null, "operator": null, "website": null, "check_date": null, "description": null, "female": null, "note": null, "phone": null, "isced:level": null, "education": null, "fee": null, "operator:type": null, "addr:country": null, "email": null, "capacity": null, "operator:short": null, "operator:wikidata": null, "addr:district": null, "check_date:opening_hours": null, "name:hi": null, "building": "yes", "brand": null, "brand:wikidata": null, "landuse": null, "building:levels": null, "wikipedia": null, "amenity_1": null, "school:gender": null, "old_name": null, "wikimedia_commons": null, "addr:housename": null, "ref:IN:UDISE": null, "barrier": null, "school": null, "name:etymology:wikidata": null, "addr:state": null, "addr:suburb": null, "alt_name": null, "surface": null, "height": null, "building:part": null, "species:en": null, "level": null, "name:mr": null, "short_name": null, "start_date": null, "name:fr": null, "layer": null, "ele": null, "type": null }, "geometry": { "type": "Polygon", "coordinates": [ [ [ 72.8123359, 18.9616663 ], [ 72.8124594, 18.9616174 ], [ 72.8123741, 18.9614249 ], [ 72.8122506, 18.9614738 ], [ 72.8123359, 18.9616663 ] ] ] } },
{ "type": "Feature", "properties": { "element": "way", "id": 353408072, "amenity": "school", "name": "New Activity School", "opening_hours": null, "source": null, "tourism": null, "name:ur": null, "addr:city": null, "addr:housenumber": "13", "addr:postcode": null, "addr:street": "N S Patkar Marg", "denomination": null, "grades": null, "religion": null, "timing": null, "wikidata": null, "fixme": null, "name:en": null, "operator": null, "website": null, "check_date": null, "description": null, "female": null, "note": null, "phone": null, "isced:level": null, "education": null, "fee": null, "operator:type": null, "addr:country": null, "email": null, "capacity": null, "operator:short": null, "operator:wikidata": null, "addr:district": null, "check_date:opening_hours": null, "name:hi": null, "building": "yes", "brand": null, "brand:wikidata": null, "landuse": null, "building:levels": null, "wikipedia": null, "amenity_1": null, "school:gender": null, "old_name": null, "wikimedia_commons": null, "addr:housename": null, "ref:IN:UDISE": null, "barrier": null, "school": null, "name:etymology:wikidata": null, "addr:state": null, "addr:suburb": null, "alt_name": null, "surface": null, "height": null, "building:part": null, "species:en": null, "level": null, "name:mr": null, "short_name": null, "start_date": null, "name:fr": null, "layer": null, "ele": null, "type": null }, "geometry": { "type": "Polygon", "coordinates": [ [ [ 72.8083284, 18.9622357 ], [ 72.8085185, 18.962303 ], [ 72.8085993, 18.9620985 ], [ 72.8084092, 18.9620313 ], [ 72.8083284, 18.9622357 ] ] ] } },
{ "type": "Feature", "properties": { "element": "way", "id": 353411203, "amenity": "school", "name": "Christ Church School", "opening_hours": null, "source": null, "tourism": null, "name:ur": null, "addr:city": null, "addr:housenumber": null, "addr:postcode": null, "addr:street": null, "denomination": null, "grades": null, "religion": null, "timing": null, "wikidata": "Q5108823", "fixme": null, "name:en": null, "operator": null, "website": null, "check_date": null, "description": null, "female": null, "note": null, "phone": null, "isced:level": null, "education": null, "fee": null, "operator:type": null, "addr:country": null, "email": null, "capacity": null, "operator:short": null, "operator:wikidata": null, "addr:district": null, "check_date:opening_hours": null, "name:hi": null, "building": null, "brand": null, "brand:wikidata": null, "landuse": null, "building:levels": null, "wikipedia": "en:Christ Church School", "amenity_1": null, "school:gender": null, "old_name": null, "wikimedia_commons": null, "addr:housename": null, "ref:IN:UDISE": null, "barrier": null, "school": null, "name:etymology:wikidata": null, "addr:state": null, "addr:suburb": null, "alt_name": null, "surface": null, "height": null, "building:part": null, "species:en": null, "level": null, "name:mr": null, "short_name": null, "start_date": null, "name:fr": null, "layer": null, "ele": null, "type": null }, "geometry": { "type": "Polygon", "coordinates": [ [ [ 72.8313916, 18.9698392 ], [ 72.8316185, 18.9698419 ], [ 72.8316183, 18.9698593 ], [ 72.831796, 18.9698614 ], [ 72.8317962, 18.9698427 ], [ 72.8318139, 18.9698429 ], [ 72.8318133, 18.9698867 ], [ 72.831887, 18.9698875 ], [ 72.8318876, 18.9698433 ], [ 72.8319429, 18.9698439 ], [ 72.8319397, 18.9696431 ], [ 72.8317513, 18.9696409 ], [ 72.8317512, 18.9696526 ], [ 72.8314791, 18.9696494 ], [ 72.8314795, 18.9696183 ], [ 72.8313946, 18.9696173 ], [ 72.8313916, 18.9698392 ] ] ] } },
{ "type": "Feature", "properties": { "element": "way", "id": 353424037, "amenity": "school", "name": "Queen Mary's Girls School", "opening_hours": null, "source": null, "tourism": null, "name:ur": null, "addr:city": null, "addr:housenumber": null, "addr:postcode": null, "addr:street": null, "denomination": null, "grades": null, "religion": null, "timing": null, "wikidata": null, "fixme": null, "name:en": null, "operator": null, "website": null, "check_date": null, "description": null, "female": null, "note": null, "phone": null, "isced:level": null, "education": null, "fee": null, "operator:type": null, "addr:country": null, "email": null, "capacity": null, "operator:short": null, "operator:wikidata": null, "addr:district": null, "check_date:opening_hours": null, "name:hi": null, "building": "yes", "brand": null, "brand:wikidata": null, "landuse": null, "building:levels": null, "wikipedia": null, "amenity_1": null, "school:gender": "female", "old_name": null, "wikimedia_commons": null, "addr:housename": null, "ref:IN:UDISE": null, "barrier": null, "school": null, "name:etymology:wikidata": null, "addr:state": null, "addr:suburb": null, "alt_name": null, "surface": null, "height": null, "building:part": null, "species:en": null, "level": null, "name:mr": null, "short_name": null, "start_date": null, "name:fr": null, "layer": null, "ele": null, "type": null }, "geometry": { "type": "Polygon", "coordinates": [ [ [ 72.8152439, 18.9592962 ], [ 72.8150592, 18.9589755 ], [ 72.8148624, 18.9590769 ], [ 72.8148781, 18.9591041 ], [ 72.814758, 18.959166 ], [ 72.814786, 18.9592147 ], [ 72.8148118, 18.9592594 ], [ 72.815035, 18.9591444 ], [ 72.8151025, 18.9592617 ], [ 72.815049, 18.9592893 ], [ 72.8150967, 18.9593721 ], [ 72.8152439, 18.9592962 ] ] ] } },
{ "type": "Feature", "properties": { "element": "way", "id": 353750257, "amenity": "school", "name": "Greenlawns School Worli", "opening_hours": null, "source": null, "tourism": null, "name:ur": null, "addr:city": null, "addr:housenumber": "6", "addr:postcode": null, "addr:street": "Khan Abdul Gaffar Khan Marg", "denomination": null, "grades": null, "religion": null, "timing": null, "wikidata": "Q5604266", "fixme": null, "name:en": null, "operator": null, "website": null, "check_date": null, "description": null, "female": null, "note": null, "phone": null, "isced:level": null, "education": null, "fee": null, "operator:type": null, "addr:country": null, "email": null, "capacity": null, "operator:short": null, "operator:wikidata": null, "addr:district": null, "check_date:opening_hours": null, "name:hi": null, "building": "yes", "brand": null, "brand:wikidata": null, "landuse": null, "building:levels": null, "wikipedia": "en:Greenlawns School Worli", "amenity_1": null, "school:gender": null, "old_name": null, "wikimedia_commons": null, "addr:housename": null, "ref:IN:UDISE": null, "barrier": null, "school": null, "name:etymology:wikidata": null, "addr:state": null, "addr:suburb": null, "alt_name": null, "surface": null, "height": null, "building:part": null, "species:en": null, "level": null, "name:mr": null, "short_name": null, "start_date": null, "name:fr": null, "layer": null, "ele": null, "type": null }, "geometry": { "type": "Polygon", "coordinates": [ [ [ 72.8172061, 19.0130177 ], [ 72.8175382, 19.0129788 ], [ 72.8175194, 19.0128362 ], [ 72.8171874, 19.0128751 ], [ 72.8172061, 19.0130177 ] ] ] } },
{ "type": "Feature", "properties": { "element": "way", "id": 353757972, "amenity": "school", "name": "Sacred Heart High School", "opening_hours": null, "source": null, "tourism": null, "name:ur": null, "addr:city": "Mumbai", "addr:housenumber": "26", "addr:postcode": "400025", "addr:street": "Sasmira Marg, Municipal Colony, Shivaji Nagar, Worli", "denomination": null, "grades": null, "religion": null, "timing": null, "wikidata": null, "fixme": null, "name:en": null, "operator": null, "website": null, "check_date": null, "description": null, "female": null, "note": null, "phone": null, "isced:level": null, "education": null, "fee": null, "operator:type": null, "addr:country": null, "email": null, "capacity": null, "operator:short": null, "operator:wikidata": null, "addr:district": null, "check_date:opening_hours": null, "name:hi": null, "building": "yes", "brand": null, "brand:wikidata": null, "landuse": null, "building:levels": null, "wikipedia": null, "amenity_1": null, "school:gender": null, "old_name": null, "wikimedia_commons": null, "addr:housename": null, "ref:IN:UDISE": null, "barrier": null, "school": null, "name:etymology:wikidata": null, "addr:state": null, "addr:suburb": null, "alt_name": null, "surface": null, "height": null, "building:part": null, "species:en": null, "level": null, "name:mr": null, "short_name": null, "start_date": null, "name:fr": null, "layer": null, "ele": null, "type": null }, "geometry": { "type": "Polygon", "coordinates": [ [ [ 72.8191721, 19.015012 ], [ 72.8193145, 19.0150482 ], [ 72.8193187, 19.0150334 ], [ 72.8194437, 19.0150653 ], [ 72.8194862, 19.0149163 ], [ 72.8193055, 19.0148703 ], [ 72.8192959, 19.0149038 ], [ 72.8192092, 19.0148817 ], [ 72.8191721, 19.015012 ] ] ] } },
{ "type": "Feature", "properties": { "element": "way", "id": 353758564, "amenity": "school", "name": "Dunne's Institute", "opening_hours": null, "source": null, "tourism": null, "name:ur": null, "addr:city": "Mumbai", "addr:housenumber": null, "addr:postcode": null, "addr:street": null, "denomination": null, "grades": null, "religion": null, "timing": null, "wikidata": null, "fixme": null, "name:en": null, "operator": null, "website": null, "check_date": null, "description": null, "female": null, "note": null, "phone": null, "isced:level": null, "education": null, "fee": null, "operator:type": null, "addr:country": null, "email": null, "capacity": null, "operator:short": null, "operator:wikidata": null, "addr:district": null, "check_date:opening_hours": null, "name:hi": null, "building": "yes", "brand": null, "brand:wikidata": null, "landuse": null, "building:levels": null, "wikipedia": null, "amenity_1": null, "school:gender": null, "old_name": null, "wikimedia_commons": null, "addr:housename": null, "ref:IN:UDISE": null, "barrier": null, "school": null, "name:etymology:wikidata": null, "addr:state": null, "addr:suburb": null, "alt_name": null, "surface": null, "height": null, "building:part": null, "species:en": null, "level": null, "name:mr": null, "short_name": null, "start_date": null, "name:fr": null, "layer": null, "ele": null, "type": null }, "geometry": { "type": "Polygon", "coordinates": [ [ [ 72.8223636, 18.9130771 ], [ 72.8222266, 18.9131949 ], [ 72.8222746, 18.9132449 ], [ 72.8224116, 18.913127 ], [ 72.8223636, 18.9130771 ] ] ] } },
{ "type": "Feature", "properties": { "element": "way", "id": 353761087, "amenity": "school", "name": "The New Era School", "opening_hours": null, "source": null, "tourism": null, "name:ur": null, "addr:city": null, "addr:housenumber": "4/B", "addr:postcode": null, "addr:street": "Kashibai Navrange Marg (Alexandra Road)", "denomination": null, "grades": null, "religion": null, "timing": null, "wikidata": null, "fixme": null, "name:en": null, "operator": null, "website": null, "check_date": null, "description": null, "female": null, "note": null, "phone": null, "isced:level": null, "education": null, "fee": null, "operator:type": null, "addr:country": null, "email": null, "capacity": null, "operator:short": null, "operator:wikidata": null, "addr:district": null, "check_date:opening_hours": null, "name:hi": null, "building": "yes", "brand": null, "brand:wikidata": null, "landuse": null, "building:levels": null, "wikipedia": null, "amenity_1": null, "school:gender": null, "old_name": null, "wikimedia_commons": null, "addr:housename": null, "ref:IN:UDISE": null, "barrier": null, "school": null, "name:etymology:wikidata": null, "addr:state": null, "addr:suburb": null, "alt_name": null, "surface": null, "height": null, "building:part": null, "species:en": null, "level": null, "name:mr": null, "short_name": null, "start_date": null, "name:fr": null, "layer": null, "ele": null, "type": null }, "geometry": { "type": "Polygon", "coordinates": [ [ [ 72.8091362, 18.9620642 ], [ 72.8092011, 18.9619181 ], [ 72.8089871, 18.9618331 ], [ 72.8090025, 18.9617984 ], [ 72.8088628, 18.9617429 ], [ 72.8088424, 18.9617888 ], [ 72.8087499, 18.9617521 ], [ 72.8087801, 18.9616839 ], [ 72.8086633, 18.9616375 ], [ 72.8085731, 18.9618405 ], [ 72.8087584, 18.9619142 ], [ 72.8087703, 18.9618874 ], [ 72.8090045, 18.9619804 ], [ 72.8089926, 18.9620072 ], [ 72.8091362, 18.9620642 ] ] ] } },
{ "type": "Feature", "properties": { "element": "way", "id": 353761471, "amenity": "school", "name": "Mahila Sang", "opening_hours": null, "source": null, "tourism": null, "name:ur": null, "addr:city": "Mumbai", "addr:housenumber": null, "addr:postcode": "400057", "addr:street": "subhash road", "denomination": null, "grades": null, "religion": null, "timing": null, "wikidata": null, "fixme": null, "name:en": null, "operator": null, "website": null, "check_date": null, "description": null, "female": null, "note": null, "phone": null, "isced:level": null, "education": null, "fee": null, "operator:type": null, "addr:country": null, "email": null, "capacity": null, "operator:short": null, "operator:wikidata": null, "addr:district": null, "check_date:opening_hours": null, "name:hi": null, "building": "yes", "brand": null, "brand:wikidata": null, "landuse": null, "building:levels": null, "wikipedia": null, "amenity_1": null, "school:gender": null, "old_name": null, "wikimedia_commons": null, "addr:housename": null, "ref:IN:UDISE": null, "barrier": null, "school": null, "name:etymology:wikidata": null, "addr:state": null, "addr:suburb": null, "alt_name": null, "surface": null, "height": null, "building:part": null, "species:en": null, "level": null, "name:mr": null, "short_name": null, "start_date": null, "name:fr": null, "layer": null, "ele": null, "type": null }, "geometry": { "type": "Polygon", "coordinates": [ [ [ 72.8525299, 19.1021902 ], [ 72.8524771, 19.1020136 ], [ 72.8523791, 19.1020397 ], [ 72.8524318, 19.1022163 ], [ 72.8525299, 19.1021902 ] ] ] } },
{ "type": "Feature", "properties": { "element": "way", "id": 353790686, "amenity": "school", "name": "Sitaram School", "opening_hours": null, "source": null, "tourism": null, "name:ur": null, "addr:city": null, "addr:housenumber": null, "addr:postcode": null, "addr:street": null, "denomination": null, "grades": null, "religion": null, "timing": null, "wikidata": null, "fixme": null, "name:en": null, "operator": null, "website": null, "check_date": null, "description": null, "female": null, "note": null, "phone": null, "isced:level": null, "education": null, "fee": null, "operator:type": null, "addr:country": null, "email": null, "capacity": null, "operator:short": null, "operator:wikidata": null, "addr:district": null, "check_date:opening_hours": null, "name:hi": null, "building": null, "brand": null, "brand:wikidata": null, "landuse": null, "building:levels": "7", "wikipedia": null, "amenity_1": null, "school:gender": null, "old_name": null, "wikimedia_commons": null, "addr:housename": null, "ref:IN:UDISE": null, "barrier": null, "school": null, "name:etymology:wikidata": null, "addr:state": null, "addr:suburb": null, "alt_name": null, "surface": null, "height": null, "building:part": null, "species:en": null, "level": null, "name:mr": null, "short_name": null, "start_date": null, "name:fr": null, "layer": null, "ele": null, "type": null }, "geometry": { "type": "Polygon", "coordinates": [ [ [ 72.8284074, 18.9906883 ], [ 72.8284573, 18.9908068 ], [ 72.8285868, 18.990758 ], [ 72.828632, 18.9908652 ], [ 72.8285324, 18.9909028 ], [ 72.828561, 18.9909705 ], [ 72.8286558, 18.9909347 ], [ 72.8286984, 18.9910359 ], [ 72.8285796, 18.9910806 ], [ 72.8286394, 18.9912225 ], [ 72.8288526, 18.9911422 ], [ 72.8286264, 18.9906058 ], [ 72.8284074, 18.9906883 ] ] ] } },
{ "type": "Feature", "properties": { "element": "way", "id": 353799688, "amenity": "school", "name": "N.M. Joshi Marg Municipal Secondary School", "opening_hours": null, "source": null, "tourism": null, "name:ur": null, "addr:city": null, "addr:housenumber": null, "addr:postcode": null, "addr:street": null, "denomination": null, "grades": null, "religion": null, "timing": null, "wikidata": null, "fixme": null, "name:en": null, "operator": null, "website": null, "check_date": null, "description": null, "female": null, "note": null, "phone": null, "isced:level": null, "education": null, "fee": null, "operator:type": null, "addr:country": null, "email": null, "capacity": null, "operator:short": null, "operator:wikidata": null, "addr:district": null, "check_date:opening_hours": null, "name:hi": null, "building": "yes", "brand": null, "brand:wikidata": null, "landuse": null, "building:levels": null, "wikipedia": null, "amenity_1": null, "school:gender": null, "old_name": null, "wikimedia_commons": null, "addr:housename": null, "ref:IN:UDISE": null, "barrier": null, "school": null, "name:etymology:wikidata": null, "addr:state": null, "addr:suburb": null, "alt_name": null, "surface": null, "height": null, "building:part": null, "species:en": null, "level": null, "name:mr": null, "short_name": null, "start_date": null, "name:fr": null, "layer": null, "ele": null, "type": null }, "geometry": { "type": "Polygon", "coordinates": [ [ [ 72.83195, 18.9908557 ], [ 72.8319482, 18.9915861 ], [ 72.8323962, 18.9915871 ], [ 72.8323976, 18.9909924 ], [ 72.832341, 18.9909923 ], [ 72.8323414, 18.9908566 ], [ 72.8321946, 18.9908563 ], [ 72.8321944, 18.9909667 ], [ 72.8321157, 18.9909665 ], [ 72.832116, 18.9908561 ], [ 72.83195, 18.9908557 ] ] ] } },
{ "type": "Feature", "properties": { "element": "way", "id": 353825818, "amenity": "school", "name": "Maratha High School", "opening_hours": null, "source": null, "tourism": null, "name:ur": null, "addr:city": null, "addr:housenumber": null, "addr:postcode": null, "addr:street": null, "denomination": null, "grades": null, "religion": null, "timing": null, "wikidata": null, "fixme": null, "name:en": null, "operator": null, "website": null, "check_date": null, "description": null, "female": null, "note": null, "phone": null, "isced:level": null, "education": null, "fee": null, "operator:type": null, "addr:country": null, "email": null, "capacity": null, "operator:short": null, "operator:wikidata": null, "addr:district": null, "check_date:opening_hours": null, "name:hi": null, "building": "yes", "brand": null, "brand:wikidata": null, "landuse": null, "building:levels": null, "wikipedia": null, "amenity_1": null, "school:gender": null, "old_name": null, "wikimedia_commons": null, "addr:housename": null, "ref:IN:UDISE": null, "barrier": null, "school": null, "name:etymology:wikidata": null, "addr:state": null, "addr:suburb": null, "alt_name": null, "surface": null, "height": null, "building:part": null, "species:en": null, "level": null, "name:mr": null, "short_name": null, "start_date": null, "name:fr": null, "layer": null, "ele": null, "type": null }, "geometry": { "type": "Polygon", "coordinates": [ [ [ 72.8223564, 19.0013023 ], [ 72.8225626, 19.0012755 ], [ 72.8225431, 19.0011416 ], [ 72.8225063, 19.0011464 ], [ 72.8224903, 19.0010363 ], [ 72.8225505, 19.0010285 ], [ 72.8225384, 19.0009458 ], [ 72.8224095, 19.0009626 ], [ 72.8224112, 19.0009736 ], [ 72.8223105, 19.0009867 ], [ 72.8223564, 19.0013023 ] ] ] } },
{ "type": "Feature", "properties": { "element": "way", "id": 353825842, "amenity": "school", "name": "Ganpatrao Kadam Marg BMC School", "opening_hours": null, "source": null, "tourism": null, "name:ur": null, "addr:city": null, "addr:housenumber": null, "addr:postcode": null, "addr:street": null, "denomination": null, "grades": null, "religion": null, "timing": null, "wikidata": null, "fixme": null, "name:en": null, "operator": null, "website": null, "check_date": null, "description": null, "female": null, "note": null, "phone": null, "isced:level": null, "education": null, "fee": null, "operator:type": null, "addr:country": null, "email": null, "capacity": null, "operator:short": null, "operator:wikidata": null, "addr:district": null, "check_date:opening_hours": null, "name:hi": null, "building": "yes", "brand": null, "brand:wikidata": null, "landuse": null, "building:levels": null, "wikipedia": null, "amenity_1": null, "school:gender": null, "old_name": null, "wikimedia_commons": null, "addr:housename": null, "ref:IN:UDISE": null, "barrier": null, "school": null, "name:etymology:wikidata": null, "addr:state": null, "addr:suburb": null, "alt_name": null, "surface": null, "height": null, "building:part": null, "species:en": null, "level": null, "name:mr": null, "short_name": null, "start_date": null, "name:fr": null, "layer": null, "ele": null, "type": null }, "geometry": { "type": "Polygon", "coordinates": [ [ [ 72.8241877, 18.9980239 ], [ 72.8241744, 18.9978679 ], [ 72.8243722, 18.9978528 ], [ 72.8243876, 18.9980329 ], [ 72.8244798, 18.9980259 ], [ 72.8244566, 18.9977545 ], [ 72.8241005, 18.9977818 ], [ 72.8241025, 18.9978046 ], [ 72.8240366, 18.9978096 ], [ 72.824042, 18.9978735 ], [ 72.8240333, 18.9978742 ], [ 72.8240389, 18.9979392 ], [ 72.8240913, 18.9979352 ], [ 72.8240946, 18.9979743 ], [ 72.8239544, 18.997985 ], [ 72.8239588, 18.9980372 ], [ 72.8239422, 18.9980385 ], [ 72.8239476, 18.9981011 ], [ 72.8239606, 18.9981001 ], [ 72.8239631, 18.9981292 ], [ 72.8240575, 18.998122 ], [ 72.8240523, 18.9980607 ], [ 72.8241376, 18.9980542 ], [ 72.8241354, 18.9980279 ], [ 72.8241877, 18.9980239 ] ] ] } },
{ "type": "Feature", "properties": { "element": "way", "id": 353995767, "amenity": "school", "name": "PES Maharashtra High School", "opening_hours": null, "source": null, "tourism": null, "name:ur": null, "addr:city": null, "addr:housenumber": null, "addr:postcode": null, "addr:street": null, "denomination": null, "grades": null, "religion": null, "timing": null, "wikidata": null, "fixme": null, "name:en": null, "operator": null, "website": null, "check_date": "2026-03-20", "description": null, "female": null, "note": null, "phone": null, "isced:level": null, "education": "school", "fee": null, "operator:type": null, "addr:country": null, "email": null, "capacity": null, "operator:short": null, "operator:wikidata": null, "addr:district": null, "check_date:opening_hours": null, "name:hi": null, "building": "yes", "brand": null, "brand:wikidata": null, "landuse": null, "building:levels": null, "wikipedia": null, "amenity_1": null, "school:gender": null, "old_name": null, "wikimedia_commons": null, "addr:housename": null, "ref:IN:UDISE": null, "barrier": null, "school": null, "name:etymology:wikidata": null, "addr:state": null, "addr:suburb": null, "alt_name": null, "surface": null, "height": null, "building:part": null, "species:en": null, "level": null, "name:mr": null, "short_name": null, "start_date": null, "name:fr": null, "layer": null, "ele": null, "type": null }, "geometry": { "type": "Polygon", "coordinates": [ [ [ 72.8315837, 18.993873 ], [ 72.8315736, 18.9940966 ], [ 72.8317154, 18.9941024 ], [ 72.8317257, 18.9938787 ], [ 72.8315837, 18.993873 ] ] ] } },
{ "type": "Feature", "properties": { "element": "way", "id": 354015397, "amenity": "school", "name": "Stephen High School For The Hearing Handicapped", "opening_hours": null, "source": null, "tourism": null, "name:ur": null, "addr:city": null, "addr:housenumber": null, "addr:postcode": null, "addr:street": null, "denomination": null, "grades": null, "religion": null, "timing": null, "wikidata": null, "fixme": null, "name:en": null, "operator": null, "website": null, "check_date": null, "description": null, "female": null, "note": null, "phone": null, "isced:level": null, "education": null, "fee": null, "operator:type": null, "addr:country": null, "email": null, "capacity": null, "operator:short": null, "operator:wikidata": null, "addr:district": null, "check_date:opening_hours": null, "name:hi": null, "building": "yes", "brand": null, "brand:wikidata": null, "landuse": null, "building:levels": null, "wikipedia": null, "amenity_1": null, "school:gender": null, "old_name": null, "wikimedia_commons": null, "addr:housename": null, "ref:IN:UDISE": null, "barrier": null, "school": null, "name:etymology:wikidata": null, "addr:state": null, "addr:suburb": null, "alt_name": null, "surface": null, "height": null, "building:part": null, "species:en": null, "level": null, "name:mr": null, "short_name": null, "start_date": null, "name:fr": null, "layer": null, "ele": null, "type": null }, "geometry": { "type": "Polygon", "coordinates": [ [ [ 72.8315765, 19.0167777 ], [ 72.8316158, 19.0169518 ], [ 72.8317253, 19.0169297 ], [ 72.8317163, 19.0168901 ], [ 72.831762, 19.0168809 ], [ 72.8317541, 19.0168459 ], [ 72.8319223, 19.0168119 ], [ 72.8319302, 19.0168469 ], [ 72.831979, 19.016837 ], [ 72.8319686, 19.016791 ], [ 72.8319907, 19.0167865 ], [ 72.8319708, 19.0166981 ], [ 72.8315765, 19.0167777 ] ] ] } },
{ "type": "Feature", "properties": { "element": "way", "id": 354041997, "amenity": "school", "name": "Talchekar Wadi Municipal School And Hall", "opening_hours": null, "source": null, "tourism": null, "name:ur": null, "addr:city": null, "addr:housenumber": null, "addr:postcode": null, "addr:street": null, "denomination": null, "grades": null, "religion": null, "timing": null, "wikidata": null, "fixme": null, "name:en": null, "operator": null, "website": null, "check_date": null, "description": null, "female": null, "note": null, "phone": null, "isced:level": null, "education": null, "fee": null, "operator:type": null, "addr:country": null, "email": null, "capacity": null, "operator:short": null, "operator:wikidata": null, "addr:district": null, "check_date:opening_hours": null, "name:hi": null, "building": "yes", "brand": null, "brand:wikidata": null, "landuse": null, "building:levels": null, "wikipedia": null, "amenity_1": null, "school:gender": null, "old_name": null, "wikimedia_commons": null, "addr:housename": null, "ref:IN:UDISE": null, "barrier": null, "school": null, "name:etymology:wikidata": null, "addr:state": null, "addr:suburb": null, "alt_name": null, "surface": null, "height": null, "building:part": null, "species:en": null, "level": null, "name:mr": null, "short_name": null, "start_date": null, "name:fr": null, "layer": null, "ele": null, "type": null }, "geometry": { "type": "Polygon", "coordinates": [ [ [ 72.8308686, 18.9996058 ], [ 72.830971, 18.999605 ], [ 72.8309673, 18.9992106 ], [ 72.830865, 18.9992114 ], [ 72.8308686, 18.9996058 ] ] ] } },
{ "type": "Feature", "properties": { "element": "way", "id": 354237376, "amenity": "school", "name": "L S Raheja College Of Arts and Commerce", "opening_hours": "Mo-Sa 09:00-17:30,PH off", "source": null, "tourism": null, "name:ur": null, "addr:city": "Mumbai", "addr:housenumber": null, "addr:postcode": "400054.", "addr:street": "Relief Road,Juhu,Satacruz(W)", "denomination": null, "grades": null, "religion": null, "timing": null, "wikidata": null, "fixme": null, "name:en": null, "operator": null, "website": null, "check_date": null, "description": null, "female": null, "note": null, "phone": null, "isced:level": null, "education": null, "fee": null, "operator:type": null, "addr:country": null, "email": null, "capacity": null, "operator:short": null, "operator:wikidata": null, "addr:district": null, "check_date:opening_hours": null, "name:hi": null, "building": "school", "brand": null, "brand:wikidata": null, "landuse": null, "building:levels": "2", "wikipedia": null, "amenity_1": null, "school:gender": null, "old_name": null, "wikimedia_commons": null, "addr:housename": null, "ref:IN:UDISE": null, "barrier": null, "school": null, "name:etymology:wikidata": null, "addr:state": null, "addr:suburb": null, "alt_name": null, "surface": null, "height": null, "building:part": null, "species:en": null, "level": null, "name:mr": null, "short_name": null, "start_date": null, "name:fr": null, "layer": null, "ele": null, "type": null }, "geometry": { "type": "Polygon", "coordinates": [ [ [ 72.832778, 19.0856359 ], [ 72.8331906, 19.0860864 ], [ 72.83327, 19.0860214 ], [ 72.8332752, 19.0860271 ], [ 72.8332966, 19.0860095 ], [ 72.8332555, 19.0859647 ], [ 72.8332322, 19.0859838 ], [ 72.8328007, 19.0855127 ], [ 72.8327896, 19.0854606 ], [ 72.8327168, 19.0854745 ], [ 72.8326877, 19.0853382 ], [ 72.8324925, 19.0853754 ], [ 72.8325155, 19.0854832 ], [ 72.8326251, 19.0854623 ], [ 72.8326449, 19.0855548 ], [ 72.8325353, 19.0855758 ], [ 72.8325572, 19.0856781 ], [ 72.832778, 19.0856359 ] ] ] } },
{ "type": "Feature", "properties": { "element": "way", "id": 354262712, "amenity": "school", "name": "IES Modern English School", "opening_hours": null, "source": null, "tourism": null, "name:ur": null, "addr:city": null, "addr:housenumber": null, "addr:postcode": null, "addr:street": null, "denomination": null, "grades": null, "religion": null, "timing": null, "wikidata": null, "fixme": null, "name:en": null, "operator": null, "website": null, "check_date": null, "description": null, "female": null, "note": null, "phone": null, "isced:level": "1;2;3", "education": null, "fee": null, "operator:type": null, "addr:country": null, "email": null, "capacity": null, "operator:short": null, "operator:wikidata": null, "addr:district": null, "check_date:opening_hours": null, "name:hi": null, "building": "yes", "brand": null, "brand:wikidata": null, "landuse": null, "building:levels": null, "wikipedia": null, "amenity_1": null, "school:gender": null, "old_name": null, "wikimedia_commons": null, "addr:housename": null, "ref:IN:UDISE": null, "barrier": null, "school": null, "name:etymology:wikidata": null, "addr:state": null, "addr:suburb": null, "alt_name": null, "surface": null, "height": null, "building:part": null, "species:en": null, "level": null, "name:mr": null, "short_name": null, "start_date": null, "name:fr": null, "layer": null, "ele": null, "type": null }, "geometry": { "type": "Polygon", "coordinates": [ [ [ 72.8360194, 19.0222179 ], [ 72.8361128, 19.0224998 ], [ 72.8364533, 19.0223573 ], [ 72.8364005, 19.0222397 ], [ 72.8362605, 19.0222812 ], [ 72.8362655, 19.0222964 ], [ 72.8362193, 19.0223101 ], [ 72.8361676, 19.022154 ], [ 72.8360652, 19.0221843 ], [ 72.8360713, 19.0222026 ], [ 72.8360194, 19.0222179 ] ] ] } },
{ "type": "Feature", "properties": { "element": "way", "id": 354262742, "amenity": "school", "name": "Nabar Guruji School", "opening_hours": null, "source": null, "tourism": null, "name:ur": null, "addr:city": null, "addr:housenumber": null, "addr:postcode": null, "addr:street": null, "denomination": null, "grades": null, "religion": null, "timing": null, "wikidata": null, "fixme": null, "name:en": null, "operator": null, "website": null, "check_date": null, "description": null, "female": null, "note": null, "phone": null, "isced:level": "1;2;3", "education": null, "fee": null, "operator:type": null, "addr:country": null, "email": null, "capacity": null, "operator:short": null, "operator:wikidata": null, "addr:district": null, "check_date:opening_hours": null, "name:hi": null, "building": "yes", "brand": null, "brand:wikidata": null, "landuse": null, "building:levels": null, "wikipedia": null, "amenity_1": null, "school:gender": null, "old_name": null, "wikimedia_commons": null, "addr:housename": null, "ref:IN:UDISE": null, "barrier": null, "school": null, "name:etymology:wikidata": null, "addr:state": null, "addr:suburb": null, "alt_name": null, "surface": null, "height": null, "building:part": null, "species:en": null, "level": null, "name:mr": null, "short_name": null, "start_date": null, "name:fr": null, "layer": null, "ele": null, "type": null }, "geometry": { "type": "Polygon", "coordinates": [ [ [ 72.8369139, 19.0197946 ], [ 72.8370199, 19.0197375 ], [ 72.8369828, 19.0196759 ], [ 72.8370117, 19.0196603 ], [ 72.8369825, 19.0196118 ], [ 72.8369937, 19.0196057 ], [ 72.8369436, 19.0195225 ], [ 72.8369211, 19.0195346 ], [ 72.8368949, 19.019491 ], [ 72.8368771, 19.0195005 ], [ 72.8368514, 19.0194578 ], [ 72.8367454, 19.0195148 ], [ 72.8369139, 19.0197946 ] ] ] } },
{ "type": "Feature", "properties": { "element": "way", "id": 354262887, "amenity": "school", "name": "Gokhale Road Municipal School", "opening_hours": null, "source": null, "tourism": null, "name:ur": null, "addr:city": null, "addr:housenumber": null, "addr:postcode": null, "addr:street": null, "denomination": null, "grades": null, "religion": null, "timing": null, "wikidata": null, "fixme": null, "name:en": null, "operator": null, "website": null, "check_date": null, "description": null, "female": null, "note": null, "phone": null, "isced:level": "1;2;3", "education": null, "fee": null, "operator:type": null, "addr:country": null, "email": null, "capacity": null, "operator:short": null, "operator:wikidata": null, "addr:district": null, "check_date:opening_hours": null, "name:hi": null, "building": "yes", "brand": null, "brand:wikidata": null, "landuse": null, "building:levels": null, "wikipedia": null, "amenity_1": null, "school:gender": null, "old_name": null, "wikimedia_commons": null, "addr:housename": null, "ref:IN:UDISE": null, "barrier": null, "school": null, "name:etymology:wikidata": null, "addr:state": null, "addr:suburb": null, "alt_name": null, "surface": null, "height": null, "building:part": null, "species:en": null, "level": null, "name:mr": null, "short_name": null, "start_date": null, "name:fr": null, "layer": null, "ele": null, "type": null }, "geometry": { "type": "Polygon", "coordinates": [ [ [ 72.8349366, 19.0168235 ], [ 72.8347883, 19.0164511 ], [ 72.8347888, 19.0164504 ], [ 72.8347917, 19.0164362 ], [ 72.8347887, 19.016422 ], [ 72.8347802, 19.01641 ], [ 72.8347675, 19.016402 ], [ 72.8347525, 19.0163992 ], [ 72.8347375, 19.0164021 ], [ 72.8347248, 19.0164101 ], [ 72.8347163, 19.0164221 ], [ 72.8347134, 19.0164363 ], [ 72.8347154, 19.016446 ], [ 72.8346929, 19.0164541 ], [ 72.8347072, 19.0164899 ], [ 72.8346752, 19.0165012 ], [ 72.8346812, 19.0165163 ], [ 72.8346561, 19.0165252 ], [ 72.8346634, 19.0165434 ], [ 72.8345808, 19.0165728 ], [ 72.8346178, 19.0166658 ], [ 72.8347575, 19.0166161 ], [ 72.834852, 19.0168536 ], [ 72.834725, 19.0168988 ], [ 72.8347603, 19.0169873 ], [ 72.8349777, 19.0169099 ], [ 72.8349601, 19.0168658 ], [ 72.8349742, 19.0168608 ], [ 72.8349565, 19.0168164 ], [ 72.8349366, 19.0168235 ] ] ] } },
{ "type": "Feature", "properties": { "element": "way", "id": 354603255, "amenity": "school", "name": "Vidya Mandir School & College", "opening_hours": null, "source": null, "tourism": null, "name:ur": null, "addr:city": null, "addr:housenumber": null, "addr:postcode": null, "addr:street": null, "denomination": null, "grades": null, "religion": null, "timing": null, "wikidata": null, "fixme": null, "name:en": null, "operator": null, "website": null, "check_date": null, "description": null, "female": null, "note": null, "phone": null, "isced:level": null, "education": null, "fee": null, "operator:type": null, "addr:country": null, "email": null, "capacity": null, "operator:short": null, "operator:wikidata": null, "addr:district": null, "check_date:opening_hours": null, "name:hi": null, "building": null, "brand": null, "brand:wikidata": null, "landuse": null, "building:levels": null, "wikipedia": null, "amenity_1": null, "school:gender": null, "old_name": null, "wikimedia_commons": null, "addr:housename": null, "ref:IN:UDISE": null, "barrier": null, "school": null, "name:etymology:wikidata": null, "addr:state": null, "addr:suburb": null, "alt_name": null, "surface": null, "height": null, "building:part": null, "species:en": null, "level": null, "name:mr": null, "short_name": null, "start_date": null, "name:fr": null, "layer": null, "ele": null, "type": null }, "geometry": { "type": "Polygon", "coordinates": [ [ [ 72.9344828, 19.1175044 ], [ 72.934401, 19.1168457 ], [ 72.9348811, 19.116795 ], [ 72.9351332, 19.1174108 ], [ 72.9344828, 19.1175044 ] ] ] } },
{ "type": "Feature", "properties": { "element": "way", "id": 354604975, "amenity": "school", "name": "Rajiv Gandhi Maidan", "opening_hours": null, "source": null, "tourism": null, "name:ur": null, "addr:city": null, "addr:housenumber": null, "addr:postcode": null, "addr:street": null, "denomination": null, "grades": null, "religion": null, "timing": null, "wikidata": null, "fixme": null, "name:en": null, "operator": null, "website": null, "check_date": null, "description": null, "female": null, "note": null, "phone": null, "isced:level": null, "education": null, "fee": null, "operator:type": null, "addr:country": null, "email": null, "capacity": null, "operator:short": null, "operator:wikidata": null, "addr:district": null, "check_date:opening_hours": null, "name:hi": null, "building": null, "brand": null, "brand:wikidata": null, "landuse": null, "building:levels": null, "wikipedia": null, "amenity_1": null, "school:gender": null, "old_name": null, "wikimedia_commons": null, "addr:housename": null, "ref:IN:UDISE": null, "barrier": null, "school": null, "name:etymology:wikidata": "Q4593", "addr:state": null, "addr:suburb": null, "alt_name": null, "surface": null, "height": null, "building:part": null, "species:en": null, "level": null, "name:mr": null, "short_name": null, "start_date": null, "name:fr": null, "layer": null, "ele": null, "type": null }, "geometry": { "type": "Polygon", "coordinates": [ [ [ 72.931278, 19.1219089 ], [ 72.9318797, 19.1218475 ], [ 72.9317089, 19.1207028 ], [ 72.9311642, 19.1207642 ], [ 72.9312536, 19.1216324 ], [ 72.931278, 19.1219089 ] ] ] } },
{ "type": "Feature", "properties": { "element": "way", "id": 354797873, "amenity": "school", "name": "Nalanda Public School", "opening_hours": null, "source": null, "tourism": null, "name:ur": null, "addr:city": "Mumbai", "addr:housenumber": null, "addr:postcode": "400081", "addr:street": "Off Eastern Express Highway", "denomination": null, "grades": null, "religion": null, "timing": null, "wikidata": null, "fixme": null, "name:en": null, "operator": null, "website": null, "check_date": null, "description": null, "female": null, "note": null, "phone": null, "isced:level": null, "education": null, "fee": null, "operator:type": null, "addr:country": null, "email": null, "capacity": null, "operator:short": null, "operator:wikidata": null, "addr:district": null, "check_date:opening_hours": null, "name:hi": null, "building": null, "brand": null, "brand:wikidata": null, "landuse": null, "building:levels": null, "wikipedia": null, "amenity_1": null, "school:gender": null, "old_name": null, "wikimedia_commons": null, "addr:housename": null, "ref:IN:UDISE": null, "barrier": null, "school": null, "name:etymology:wikidata": null, "addr:state": null, "addr:suburb": null, "alt_name": null, "surface": null, "height": null, "building:part": null, "species:en": "Asana", "level": null, "name:mr": null, "short_name": null, "start_date": null, "name:fr": null, "layer": null, "ele": null, "type": null }, "geometry": { "type": "Polygon", "coordinates": [ [ [ 72.9710749, 19.1743455 ], [ 72.9715062, 19.1743182 ], [ 72.9715213, 19.1737842 ], [ 72.9709951, 19.173796 ], [ 72.9710749, 19.1743455 ] ] ] } },
{ "type": "Feature", "properties": { "element": "way", "id": 356187624, "amenity": "school", "name": "M.S.P.T. High School", "opening_hours": null, "source": null, "tourism": null, "name:ur": null, "addr:city": null, "addr:housenumber": null, "addr:postcode": null, "addr:street": null, "denomination": null, "grades": null, "religion": null, "timing": null, "wikidata": null, "fixme": null, "name:en": null, "operator": null, "website": null, "check_date": null, "description": null, "female": null, "note": null, "phone": null, "isced:level": null, "education": null, "fee": null, "operator:type": null, "addr:country": null, "email": null, "capacity": null, "operator:short": null, "operator:wikidata": null, "addr:district": null, "check_date:opening_hours": null, "name:hi": null, "building": "yes", "brand": null, "brand:wikidata": null, "landuse": null, "building:levels": null, "wikipedia": null, "amenity_1": null, "school:gender": null, "old_name": null, "wikimedia_commons": null, "addr:housename": null, "ref:IN:UDISE": null, "barrier": null, "school": null, "name:etymology:wikidata": null, "addr:state": null, "addr:suburb": null, "alt_name": null, "surface": null, "height": null, "building:part": null, "species:en": null, "level": null, "name:mr": null, "short_name": null, "start_date": null, "name:fr": null, "layer": null, "ele": null, "type": null }, "geometry": { "type": "Polygon", "coordinates": [ [ [ 72.8136787, 18.960564 ], [ 72.813752, 18.9601374 ], [ 72.8135841, 18.9601116 ], [ 72.8135107, 18.9605382 ], [ 72.8136787, 18.960564 ] ] ] } },
{ "type": "Feature", "properties": { "element": "way", "id": 356187783, "amenity": "school", "name": "Our Own High School", "opening_hours": null, "source": null, "tourism": null, "name:ur": null, "addr:city": null, "addr:housenumber": null, "addr:postcode": null, "addr:street": "Allibhai Premji Marg (Foras Road)", "denomination": null, "grades": null, "religion": null, "timing": null, "wikidata": null, "fixme": null, "name:en": null, "operator": null, "website": null, "check_date": "2026-03-20", "description": null, "female": null, "note": null, "phone": null, "isced:level": null, "education": null, "fee": null, "operator:type": null, "addr:country": null, "email": null, "capacity": null, "operator:short": null, "operator:wikidata": null, "addr:district": null, "check_date:opening_hours": null, "name:hi": null, "building": "yes", "brand": null, "brand:wikidata": null, "landuse": null, "building:levels": null, "wikipedia": null, "amenity_1": null, "school:gender": null, "old_name": null, "wikimedia_commons": null, "addr:housename": null, "ref:IN:UDISE": null, "barrier": null, "school": null, "name:etymology:wikidata": null, "addr:state": null, "addr:suburb": null, "alt_name": null, "surface": null, "height": null, "building:part": null, "species:en": null, "level": null, "name:mr": null, "short_name": null, "start_date": null, "name:fr": null, "layer": null, "ele": null, "type": null }, "geometry": { "type": "Polygon", "coordinates": [ [ [ 72.8162009, 18.9626212 ], [ 72.8162874, 18.9628211 ], [ 72.8165039, 18.9627379 ], [ 72.8164152, 18.9625367 ], [ 72.8162009, 18.9626212 ] ] ] } },
{ "type": "Feature", "properties": { "element": "way", "id": 356207224, "amenity": "school", "name": "Ahmed Sailor High School", "opening_hours": null, "source": null, "tourism": null, "name:ur": null, "addr:city": "Mumbai", "addr:housenumber": null, "addr:postcode": null, "addr:street": null, "denomination": null, "grades": null, "religion": null, "timing": null, "wikidata": null, "fixme": null, "name:en": null, "operator": null, "website": null, "check_date": null, "description": null, "female": null, "note": null, "phone": null, "isced:level": null, "education": null, "fee": null, "operator:type": null, "addr:country": null, "email": null, "capacity": null, "operator:short": null, "operator:wikidata": null, "addr:district": null, "check_date:opening_hours": null, "name:hi": null, "building": "yes", "brand": null, "brand:wikidata": null, "landuse": null, "building:levels": "4", "wikipedia": null, "amenity_1": null, "school:gender": null, "old_name": null, "wikimedia_commons": null, "addr:housename": null, "ref:IN:UDISE": null, "barrier": null, "school": null, "name:etymology:wikidata": null, "addr:state": null, "addr:suburb": null, "alt_name": null, "surface": null, "height": null, "building:part": null, "species:en": null, "level": null, "name:mr": null, "short_name": null, "start_date": null, "name:fr": null, "layer": null, "ele": null, "type": null }, "geometry": { "type": "Polygon", "coordinates": [ [ [ 72.8301411, 18.9652487 ], [ 72.8302169, 18.9651625 ], [ 72.8300805, 18.9650108 ], [ 72.8300287, 18.9650588 ], [ 72.8301411, 18.9652487 ] ] ] } },
{ "type": "Feature", "properties": { "element": "way", "id": 356294784, "amenity": "school", "name": "Navbharat School", "opening_hours": null, "source": null, "tourism": null, "name:ur": null, "addr:city": null, "addr:housenumber": null, "addr:postcode": null, "addr:street": null, "denomination": null, "grades": null, "religion": null, "timing": null, "wikidata": null, "fixme": null, "name:en": null, "operator": null, "website": null, "check_date": null, "description": null, "female": null, "note": null, "phone": null, "isced:level": null, "education": null, "fee": null, "operator:type": null, "addr:country": null, "email": null, "capacity": null, "operator:short": null, "operator:wikidata": null, "addr:district": null, "check_date:opening_hours": null, "name:hi": null, "building": "yes", "brand": null, "brand:wikidata": null, "landuse": null, "building:levels": null, "wikipedia": null, "amenity_1": null, "school:gender": null, "old_name": null, "wikimedia_commons": null, "addr:housename": null, "ref:IN:UDISE": null, "barrier": null, "school": null, "name:etymology:wikidata": null, "addr:state": null, "addr:suburb": null, "alt_name": null, "surface": null, "height": null, "building:part": null, "species:en": null, "level": null, "name:mr": null, "short_name": null, "start_date": null, "name:fr": null, "layer": null, "ele": null, "type": null }, "geometry": { "type": "Polygon", "coordinates": [ [ [ 72.8441832, 19.0060155 ], [ 72.8443734, 19.0060625 ], [ 72.8444458, 19.0058009 ], [ 72.8442555, 19.0057539 ], [ 72.8441832, 19.0060155 ] ] ] } },
{ "type": "Feature", "properties": { "element": "way", "id": 356294928, "amenity": "school", "name": "Dr. D.B.Kulkarni Vidhyalay", "opening_hours": null, "source": null, "tourism": null, "name:ur": null, "addr:city": null, "addr:housenumber": null, "addr:postcode": null, "addr:street": null, "denomination": null, "grades": null, "religion": null, "timing": null, "wikidata": null, "fixme": null, "name:en": null, "operator": null, "website": null, "check_date": null, "description": null, "female": null, "note": null, "phone": null, "isced:level": null, "education": null, "fee": null, "operator:type": null, "addr:country": null, "email": null, "capacity": null, "operator:short": null, "operator:wikidata": null, "addr:district": null, "check_date:opening_hours": null, "name:hi": null, "building": "yes", "brand": null, "brand:wikidata": null, "landuse": null, "building:levels": null, "wikipedia": null, "amenity_1": null, "school:gender": null, "old_name": null, "wikimedia_commons": null, "addr:housename": null, "ref:IN:UDISE": null, "barrier": null, "school": null, "name:etymology:wikidata": null, "addr:state": null, "addr:suburb": null, "alt_name": null, "surface": null, "height": null, "building:part": null, "species:en": null, "level": null, "name:mr": null, "short_name": null, "start_date": null, "name:fr": null, "layer": null, "ele": null, "type": null }, "geometry": { "type": "Polygon", "coordinates": [ [ [ 72.8447763, 19.0101664 ], [ 72.8449421, 19.0104314 ], [ 72.8450559, 19.0103677 ], [ 72.8448901, 19.0101027 ], [ 72.8447763, 19.0101664 ] ] ] } },
{ "type": "Feature", "properties": { "element": "way", "id": 356454578, "amenity": "school", "name": "Mahim Mori Road Municipal Marathi School", "opening_hours": null, "source": null, "tourism": null, "name:ur": null, "addr:city": "Mumbai", "addr:housenumber": null, "addr:postcode": null, "addr:street": null, "denomination": null, "grades": null, "religion": null, "timing": null, "wikidata": null, "fixme": null, "name:en": null, "operator": null, "website": null, "check_date": null, "description": null, "female": null, "note": null, "phone": null, "isced:level": null, "education": null, "fee": null, "operator:type": null, "addr:country": null, "email": null, "capacity": null, "operator:short": null, "operator:wikidata": null, "addr:district": null, "check_date:opening_hours": null, "name:hi": null, "building": "yes", "brand": null, "brand:wikidata": null, "landuse": null, "building:levels": null, "wikipedia": null, "amenity_1": null, "school:gender": null, "old_name": null, "wikimedia_commons": null, "addr:housename": null, "ref:IN:UDISE": null, "barrier": null, "school": null, "name:etymology:wikidata": null, "addr:state": null, "addr:suburb": null, "alt_name": null, "surface": null, "height": null, "building:part": null, "species:en": null, "level": null, "name:mr": null, "short_name": null, "start_date": null, "name:fr": null, "layer": null, "ele": null, "type": null }, "geometry": { "type": "Polygon", "coordinates": [ [ [ 72.8423048, 19.041972 ], [ 72.8423596, 19.0420162 ], [ 72.8424027, 19.0419686 ], [ 72.8424644, 19.0420185 ], [ 72.8424213, 19.0420662 ], [ 72.8424794, 19.0421131 ], [ 72.8425694, 19.0420136 ], [ 72.8423948, 19.0418724 ], [ 72.8423048, 19.041972 ] ] ] } },
{ "type": "Feature", "properties": { "element": "way", "id": 356530618, "amenity": "school", "name": "Wadala High Primary Mahapalika Urdu School,", "opening_hours": null, "source": null, "tourism": null, "name:ur": null, "addr:city": null, "addr:housenumber": null, "addr:postcode": null, "addr:street": null, "denomination": null, "grades": null, "religion": null, "timing": null, "wikidata": null, "fixme": null, "name:en": null, "operator": null, "website": null, "check_date": null, "description": null, "female": null, "note": null, "phone": null, "isced:level": null, "education": null, "fee": null, "operator:type": null, "addr:country": null, "email": null, "capacity": null, "operator:short": null, "operator:wikidata": null, "addr:district": null, "check_date:opening_hours": null, "name:hi": null, "building": "yes", "brand": null, "brand:wikidata": null, "landuse": null, "building:levels": null, "wikipedia": null, "amenity_1": null, "school:gender": null, "old_name": null, "wikimedia_commons": null, "addr:housename": null, "ref:IN:UDISE": null, "barrier": null, "school": null, "name:etymology:wikidata": null, "addr:state": null, "addr:suburb": null, "alt_name": null, "surface": null, "height": null, "building:part": null, "species:en": null, "level": null, "name:mr": null, "short_name": null, "start_date": null, "name:fr": null, "layer": null, "ele": null, "type": null }, "geometry": { "type": "Polygon", "coordinates": [ [ [ 72.8555563, 19.0156375 ], [ 72.8556752, 19.0157934 ], [ 72.8557824, 19.0157219 ], [ 72.8557495, 19.0156788 ], [ 72.8557676, 19.015664 ], [ 72.8557617, 19.0156211 ], [ 72.8557346, 19.0156247 ], [ 72.8557305, 19.0155864 ], [ 72.855706, 19.0155882 ], [ 72.8556922, 19.0155954 ], [ 72.8556779, 19.0155746 ], [ 72.8556476, 19.0155965 ], [ 72.8556307, 19.015577 ], [ 72.8555563, 19.0156375 ] ] ] } },
{ "type": "Feature", "properties": { "element": "way", "id": 357031569, "amenity": "school", "name": "Sitaram Prakash High Scool", "opening_hours": null, "source": null, "tourism": null, "name:ur": null, "addr:city": null, "addr:housenumber": null, "addr:postcode": null, "addr:street": null, "denomination": null, "grades": null, "religion": null, "timing": null, "wikidata": null, "fixme": null, "name:en": null, "operator": null, "website": null, "check_date": null, "description": null, "female": null, "note": null, "phone": null, "isced:level": null, "education": null, "fee": null, "operator:type": null, "addr:country": null, "email": null, "capacity": null, "operator:short": null, "operator:wikidata": null, "addr:district": null, "check_date:opening_hours": null, "name:hi": null, "building": "yes", "brand": null, "brand:wikidata": null, "landuse": null, "building:levels": null, "wikipedia": null, "amenity_1": null, "school:gender": null, "old_name": null, "wikimedia_commons": null, "addr:housename": null, "ref:IN:UDISE": null, "barrier": null, "school": null, "name:etymology:wikidata": null, "addr:state": null, "addr:suburb": null, "alt_name": null, "surface": null, "height": null, "building:part": null, "species:en": null, "level": null, "name:mr": null, "short_name": null, "start_date": null, "name:fr": null, "layer": null, "ele": null, "type": null }, "geometry": { "type": "Polygon", "coordinates": [ [ [ 72.8592006, 19.018327 ], [ 72.8595342, 19.0181422 ], [ 72.8594522, 19.0180099 ], [ 72.8591186, 19.0181947 ], [ 72.8592006, 19.018327 ] ] ] } },
{ "type": "Feature", "properties": { "element": "way", "id": 357082821, "amenity": "school", "name": "Trinity High School", "opening_hours": null, "source": null, "tourism": null, "name:ur": null, "addr:city": null, "addr:housenumber": null, "addr:postcode": null, "addr:street": null, "denomination": null, "grades": null, "religion": null, "timing": null, "wikidata": null, "fixme": null, "name:en": null, "operator": null, "website": null, "check_date": "2026-03-20", "description": null, "female": null, "note": null, "phone": null, "isced:level": null, "education": null, "fee": null, "operator:type": null, "addr:country": null, "email": null, "capacity": null, "operator:short": null, "operator:wikidata": null, "addr:district": null, "check_date:opening_hours": null, "name:hi": null, "building": null, "brand": null, "brand:wikidata": null, "landuse": "education", "building:levels": null, "wikipedia": null, "amenity_1": null, "school:gender": null, "old_name": null, "wikimedia_commons": null, "addr:housename": null, "ref:IN:UDISE": null, "barrier": null, "school": null, "name:etymology:wikidata": null, "addr:state": null, "addr:suburb": null, "alt_name": null, "surface": null, "height": null, "building:part": null, "species:en": null, "level": null, "name:mr": null, "short_name": null, "start_date": null, "name:fr": null, "layer": null, "ele": null, "type": null }, "geometry": { "type": "Polygon", "coordinates": [ [ [ 72.8605971, 19.0347503 ], [ 72.8608984, 19.035117 ], [ 72.8611483, 19.034934 ], [ 72.8608286, 19.0345585 ], [ 72.8605971, 19.0347503 ] ] ] } },
{ "type": "Feature", "properties": { "element": "way", "id": 357112846, "amenity": "school", "name": "Guru Nanak National High School", "opening_hours": null, "source": null, "tourism": null, "name:ur": null, "addr:city": "Mumbai", "addr:housenumber": null, "addr:postcode": null, "addr:street": null, "denomination": null, "grades": null, "religion": null, "timing": null, "wikidata": null, "fixme": null, "name:en": null, "operator": null, "website": null, "check_date": "2026-03-20", "description": null, "female": null, "note": null, "phone": null, "isced:level": null, "education": null, "fee": null, "operator:type": null, "addr:country": null, "email": null, "capacity": null, "operator:short": null, "operator:wikidata": null, "addr:district": null, "check_date:opening_hours": null, "name:hi": null, "building": "yes", "brand": null, "brand:wikidata": null, "landuse": null, "building:levels": null, "wikipedia": null, "amenity_1": null, "school:gender": null, "old_name": null, "wikimedia_commons": null, "addr:housename": null, "ref:IN:UDISE": null, "barrier": null, "school": null, "name:etymology:wikidata": null, "addr:state": null, "addr:suburb": null, "alt_name": null, "surface": null, "height": null, "building:part": null, "species:en": null, "level": null, "name:mr": null, "short_name": null, "start_date": null, "name:fr": null, "layer": null, "ele": null, "type": null }, "geometry": { "type": "Polygon", "coordinates": [ [ [ 72.8594951, 19.0406618 ], [ 72.8596061, 19.0408281 ], [ 72.8598566, 19.0406785 ], [ 72.8597456, 19.0405123 ], [ 72.8594951, 19.0406618 ] ] ] } },
{ "type": "Feature", "properties": { "element": "way", "id": 357112933, "amenity": "school", "name": "Little Angels School", "opening_hours": null, "source": null, "tourism": null, "name:ur": null, "addr:city": null, "addr:housenumber": null, "addr:postcode": null, "addr:street": null, "denomination": null, "grades": null, "religion": null, "timing": null, "wikidata": null, "fixme": null, "name:en": null, "operator": null, "website": null, "check_date": "2026-03-20", "description": null, "female": null, "note": null, "phone": null, "isced:level": null, "education": null, "fee": null, "operator:type": null, "addr:country": null, "email": null, "capacity": null, "operator:short": null, "operator:wikidata": null, "addr:district": null, "check_date:opening_hours": null, "name:hi": null, "building": "yes", "brand": null, "brand:wikidata": null, "landuse": null, "building:levels": null, "wikipedia": null, "amenity_1": null, "school:gender": null, "old_name": null, "wikimedia_commons": null, "addr:housename": null, "ref:IN:UDISE": null, "barrier": null, "school": null, "name:etymology:wikidata": null, "addr:state": null, "addr:suburb": null, "alt_name": null, "surface": null, "height": null, "building:part": null, "species:en": null, "level": null, "name:mr": null, "short_name": null, "start_date": null, "name:fr": null, "layer": null, "ele": null, "type": null }, "geometry": { "type": "Polygon", "coordinates": [ [ [ 72.8579797, 19.0325847 ], [ 72.8580774, 19.0325449 ], [ 72.858051, 19.032487 ], [ 72.8581123, 19.032462 ], [ 72.8581398, 19.0325223 ], [ 72.8581968, 19.0324991 ], [ 72.8580945, 19.0322747 ], [ 72.8578785, 19.0323626 ], [ 72.8579797, 19.0325847 ] ] ] } },
{ "type": "Feature", "properties": { "element": "way", "id": 357187182, "amenity": "school", "name": "Bombay Girls' High School", "opening_hours": null, "source": null, "tourism": null, "name:ur": null, "addr:city": null, "addr:housenumber": null, "addr:postcode": null, "addr:street": null, "denomination": null, "grades": null, "religion": null, "timing": null, "wikidata": null, "fixme": null, "name:en": null, "operator": null, "website": null, "check_date": null, "description": null, "female": null, "note": null, "phone": null, "isced:level": null, "education": null, "fee": null, "operator:type": null, "addr:country": null, "email": null, "capacity": null, "operator:short": null, "operator:wikidata": null, "addr:district": null, "check_date:opening_hours": null, "name:hi": null, "building": "yes", "brand": null, "brand:wikidata": null, "landuse": null, "building:levels": null, "wikipedia": null, "amenity_1": null, "school:gender": null, "old_name": null, "wikimedia_commons": null, "addr:housename": null, "ref:IN:UDISE": null, "barrier": null, "school": null, "name:etymology:wikidata": null, "addr:state": null, "addr:suburb": null, "alt_name": null, "surface": null, "height": null, "building:part": null, "species:en": null, "level": null, "name:mr": null, "short_name": null, "start_date": null, "name:fr": null, "layer": null, "ele": null, "type": null }, "geometry": { "type": "Polygon", "coordinates": [ [ [ 72.8485249, 19.0338273 ], [ 72.8486052, 19.0338264 ], [ 72.8486011, 19.0335103 ], [ 72.8485208, 19.0335112 ], [ 72.8485249, 19.0338273 ] ] ] } },
{ "type": "Feature", "properties": { "element": "way", "id": 357187290, "amenity": "school", "name": "Shahu Nagar Municipal School", "opening_hours": null, "source": null, "tourism": null, "name:ur": null, "addr:city": null, "addr:housenumber": null, "addr:postcode": null, "addr:street": null, "denomination": null, "grades": null, "religion": null, "timing": null, "wikidata": null, "fixme": null, "name:en": null, "operator": null, "website": null, "check_date": null, "description": null, "female": null, "note": null, "phone": null, "isced:level": null, "education": null, "fee": null, "operator:type": null, "addr:country": null, "email": null, "capacity": null, "operator:short": null, "operator:wikidata": null, "addr:district": null, "check_date:opening_hours": null, "name:hi": null, "building": "yes", "brand": null, "brand:wikidata": null, "landuse": null, "building:levels": null, "wikipedia": null, "amenity_1": null, "school:gender": null, "old_name": null, "wikimedia_commons": null, "addr:housename": null, "ref:IN:UDISE": null, "barrier": null, "school": null, "name:etymology:wikidata": null, "addr:state": null, "addr:suburb": null, "alt_name": null, "surface": null, "height": null, "building:part": null, "species:en": null, "level": null, "name:mr": null, "short_name": null, "start_date": null, "name:fr": null, "layer": null, "ele": null, "type": null }, "geometry": { "type": "Polygon", "coordinates": [ [ [ 72.8505981, 19.0381502 ], [ 72.8507759, 19.0383558 ], [ 72.8508372, 19.038313 ], [ 72.8506544, 19.0381019 ], [ 72.8505981, 19.0381502 ] ] ] } },
{ "type": "Feature", "properties": { "element": "way", "id": 358298941, "amenity": "school", "name": "Sardar Vallabhbhai Patel Vividhlakshi Vidyalaya", "opening_hours": null, "source": null, "tourism": null, "name:ur": null, "addr:city": "Mumbai", "addr:housenumber": null, "addr:postcode": "400067", "addr:street": "Subhash Lane", "denomination": null, "grades": "1-10", "religion": null, "timing": null, "wikidata": null, "fixme": null, "name:en": null, "operator": null, "website": null, "check_date": null, "description": null, "female": null, "note": null, "phone": null, "isced:level": null, "education": null, "fee": null, "operator:type": null, "addr:country": null, "email": null, "capacity": null, "operator:short": null, "operator:wikidata": null, "addr:district": null, "check_date:opening_hours": null, "name:hi": null, "building": "yes", "brand": null, "brand:wikidata": null, "landuse": null, "building:levels": null, "wikipedia": null, "amenity_1": null, "school:gender": null, "old_name": null, "wikimedia_commons": null, "addr:housename": null, "ref:IN:UDISE": null, "barrier": null, "school": null, "name:etymology:wikidata": null, "addr:state": null, "addr:suburb": null, "alt_name": null, "surface": null, "height": null, "building:part": null, "species:en": null, "level": "9", "name:mr": null, "short_name": null, "start_date": null, "name:fr": null, "layer": null, "ele": null, "type": null }, "geometry": { "type": "Polygon", "coordinates": [ [ [ 72.8455584, 19.2032008 ], [ 72.8458169, 19.20317 ], [ 72.8458001, 19.2030441 ], [ 72.8455415, 19.203075 ], [ 72.8455584, 19.2032008 ] ] ] } },
{ "type": "Feature", "properties": { "element": "way", "id": 358489295, "amenity": "school", "name": "Convent of Jesus and Mary School", "opening_hours": null, "source": null, "tourism": null, "name:ur": null, "addr:city": null, "addr:housenumber": null, "addr:postcode": null, "addr:street": null, "denomination": null, "grades": null, "religion": null, "timing": null, "wikidata": null, "fixme": null, "name:en": null, "operator": null, "website": null, "check_date": "2026-03-12", "description": null, "female": null, "note": null, "phone": null, "isced:level": null, "education": null, "fee": null, "operator:type": null, "addr:country": null, "email": null, "capacity": null, "operator:short": null, "operator:wikidata": null, "addr:district": null, "check_date:opening_hours": null, "name:hi": null, "building": "yes", "brand": null, "brand:wikidata": null, "landuse": null, "building:levels": null, "wikipedia": null, "amenity_1": null, "school:gender": null, "old_name": null, "wikimedia_commons": null, "addr:housename": null, "ref:IN:UDISE": null, "barrier": null, "school": null, "name:etymology:wikidata": null, "addr:state": null, "addr:suburb": null, "alt_name": "Fort Convent", "surface": null, "height": null, "building:part": null, "species:en": null, "level": null, "name:mr": null, "short_name": null, "start_date": null, "name:fr": null, "layer": null, "ele": null, "type": null }, "geometry": { "type": "Polygon", "coordinates": [ [ [ 72.8310882, 18.9234796 ], [ 72.8309461, 18.9233815 ], [ 72.8307156, 18.9236593 ], [ 72.8307935, 18.9237237 ], [ 72.8307829, 18.9237449 ], [ 72.8308305, 18.9237802 ], [ 72.8310882, 18.9234796 ] ] ] } },
{ "type": "Feature", "properties": { "element": "way", "id": 358887809, "amenity": "school", "name": "Supari Tank Municipal School", "opening_hours": null, "source": null, "tourism": null, "name:ur": null, "addr:city": null, "addr:housenumber": null, "addr:postcode": null, "addr:street": null, "denomination": null, "grades": null, "religion": null, "timing": null, "wikidata": null, "fixme": null, "name:en": "Supari Tank Municipal School", "operator": null, "website": null, "check_date": null, "description": null, "female": null, "note": null, "phone": null, "isced:level": null, "education": null, "fee": null, "operator:type": null, "addr:country": null, "email": null, "capacity": null, "operator:short": null, "operator:wikidata": null, "addr:district": null, "check_date:opening_hours": null, "name:hi": null, "building": "yes", "brand": null, "brand:wikidata": null, "landuse": null, "building:levels": null, "wikipedia": null, "amenity_1": null, "school:gender": null, "old_name": null, "wikimedia_commons": null, "addr:housename": null, "ref:IN:UDISE": null, "barrier": null, "school": null, "name:etymology:wikidata": null, "addr:state": null, "addr:suburb": null, "alt_name": null, "surface": null, "height": null, "building:part": null, "species:en": null, "level": null, "name:mr": "सुपारी टँक म.न.पा शाळा", "short_name": null, "start_date": null, "name:fr": null, "layer": null, "ele": null, "type": null }, "geometry": { "type": "Polygon", "coordinates": [ [ [ 72.8262815, 19.0510133 ], [ 72.8264878, 19.0508544 ], [ 72.8264311, 19.0507886 ], [ 72.8264084, 19.0508061 ], [ 72.8263581, 19.0507477 ], [ 72.8261745, 19.0508891 ], [ 72.8262815, 19.0510133 ] ] ] } },
{ "type": "Feature", "properties": { "element": "way", "id": 359528686, "amenity": "school", "name": "Maulana Azad High School", "opening_hours": null, "source": null, "tourism": null, "name:ur": null, "addr:city": null, "addr:housenumber": null, "addr:postcode": null, "addr:street": null, "denomination": null, "grades": null, "religion": null, "timing": null, "wikidata": null, "fixme": null, "name:en": null, "operator": null, "website": null, "check_date": null, "description": null, "female": null, "note": null, "phone": null, "isced:level": null, "education": null, "fee": null, "operator:type": null, "addr:country": null, "email": null, "capacity": null, "operator:short": null, "operator:wikidata": null, "addr:district": null, "check_date:opening_hours": null, "name:hi": null, "building": "yes", "brand": null, "brand:wikidata": null, "landuse": null, "building:levels": "7", "wikipedia": null, "amenity_1": null, "school:gender": null, "old_name": null, "wikimedia_commons": null, "addr:housename": null, "ref:IN:UDISE": null, "barrier": null, "school": null, "name:etymology:wikidata": null, "addr:state": null, "addr:suburb": null, "alt_name": null, "surface": null, "height": null, "building:part": null, "species:en": null, "level": null, "name:mr": null, "short_name": null, "start_date": null, "name:fr": null, "layer": null, "ele": null, "type": null }, "geometry": { "type": "Polygon", "coordinates": [ [ [ 72.8277404, 18.9762271 ], [ 72.8277769, 18.976214 ], [ 72.8277932, 18.9762509 ], [ 72.8278711, 18.9762279 ], [ 72.8278373, 18.9761569 ], [ 72.8278628, 18.9761388 ], [ 72.8278447, 18.9760988 ], [ 72.8277064, 18.9761438 ], [ 72.8277404, 18.9762271 ] ] ] } },
{ "type": "Feature", "properties": { "element": "way", "id": 359690892, "amenity": "school", "name": "St. Isabel High School", "opening_hours": null, "source": null, "tourism": null, "name:ur": null, "addr:city": null, "addr:housenumber": null, "addr:postcode": null, "addr:street": null, "denomination": null, "grades": null, "religion": null, "timing": null, "wikidata": null, "fixme": null, "name:en": null, "operator": null, "website": null, "check_date": null, "description": null, "female": null, "note": null, "phone": null, "isced:level": null, "education": null, "fee": null, "operator:type": null, "addr:country": null, "email": null, "capacity": null, "operator:short": null, "operator:wikidata": null, "addr:district": null, "check_date:opening_hours": null, "name:hi": null, "building": "yes", "brand": null, "brand:wikidata": null, "landuse": null, "building:levels": null, "wikipedia": null, "amenity_1": null, "school:gender": null, "old_name": null, "wikimedia_commons": null, "addr:housename": null, "ref:IN:UDISE": null, "barrier": null, "school": null, "name:etymology:wikidata": null, "addr:state": null, "addr:suburb": null, "alt_name": null, "surface": null, "height": null, "building:part": null, "species:en": null, "level": null, "name:mr": null, "short_name": null, "start_date": null, "name:fr": null, "layer": null, "ele": null, "type": null }, "geometry": { "type": "Polygon", "coordinates": [ [ [ 72.8405308, 18.9722056 ], [ 72.8406974, 18.9721922 ], [ 72.8406812, 18.9720135 ], [ 72.84054, 18.972021 ], [ 72.8405308, 18.9722056 ] ] ] } },
{ "type": "Feature", "properties": { "element": "way", "id": 360291634, "amenity": "school", "name": "St. Joseph's Convent International School", "opening_hours": null, "source": null, "tourism": null, "name:ur": null, "addr:city": "Bandra, Mumbai", "addr:housenumber": null, "addr:postcode": "400050", "addr:street": "Manuel Gonsalves Road", "denomination": null, "grades": null, "religion": null, "timing": null, "wikidata": null, "fixme": null, "name:en": "St. Joseph's Convent International School", "operator": null, "website": null, "check_date": null, "description": null, "female": null, "note": null, "phone": null, "isced:level": null, "education": null, "fee": null, "operator:type": null, "addr:country": null, "email": null, "capacity": null, "operator:short": null, "operator:wikidata": null, "addr:district": null, "check_date:opening_hours": null, "name:hi": null, "building": "school", "brand": null, "brand:wikidata": null, "landuse": null, "building:levels": null, "wikipedia": null, "amenity_1": null, "school:gender": null, "old_name": null, "wikimedia_commons": null, "addr:housename": null, "ref:IN:UDISE": null, "barrier": null, "school": null, "name:etymology:wikidata": null, "addr:state": null, "addr:suburb": null, "alt_name": null, "surface": null, "height": null, "building:part": null, "species:en": null, "level": null, "name:mr": null, "short_name": null, "start_date": null, "name:fr": null, "layer": null, "ele": null, "type": null }, "geometry": { "type": "Polygon", "coordinates": [ [ [ 72.8290584, 19.056062 ], [ 72.8294123, 19.0560821 ], [ 72.8297001, 19.0561057 ], [ 72.8297106, 19.0559036 ], [ 72.8294076, 19.0558838 ], [ 72.8294033, 19.0559188 ], [ 72.8290641, 19.0558945 ], [ 72.8290584, 19.056062 ] ] ] } },
{ "type": "Feature", "properties": { "element": "way", "id": 363893671, "amenity": "school", "name": null, "opening_hours": null, "source": null, "tourism": null, "name:ur": null, "addr:city": null, "addr:housenumber": null, "addr:postcode": null, "addr:street": null, "denomination": null, "grades": null, "religion": null, "timing": null, "wikidata": null, "fixme": null, "name:en": null, "operator": null, "website": null, "check_date": null, "description": null, "female": null, "note": null, "phone": null, "isced:level": null, "education": null, "fee": null, "operator:type": null, "addr:country": null, "email": null, "capacity": null, "operator:short": null, "operator:wikidata": null, "addr:district": null, "check_date:opening_hours": null, "name:hi": null, "building": null, "brand": null, "brand:wikidata": null, "landuse": null, "building:levels": null, "wikipedia": null, "amenity_1": null, "school:gender": null, "old_name": null, "wikimedia_commons": null, "addr:housename": null, "ref:IN:UDISE": null, "barrier": null, "school": null, "name:etymology:wikidata": null, "addr:state": null, "addr:suburb": null, "alt_name": null, "surface": null, "height": null, "building:part": null, "species:en": null, "level": null, "name:mr": null, "short_name": null, "start_date": null, "name:fr": null, "layer": null, "ele": null, "type": null }, "geometry": { "type": "Polygon", "coordinates": [ [ [ 72.8763035, 19.2612718 ], [ 72.8766926, 19.261767 ], [ 72.8772973, 19.2613436 ], [ 72.8769081, 19.2608484 ], [ 72.8763035, 19.2612718 ] ] ] } },
{ "type": "Feature", "properties": { "element": "way", "id": 395230146, "amenity": "school", "name": "Municipal High School", "opening_hours": null, "source": null, "tourism": null, "name:ur": null, "addr:city": "mumbai", "addr:housenumber": "1", "addr:postcode": "400043", "addr:street": "Jeejabai Bhosle Marg", "denomination": null, "grades": null, "religion": null, "timing": null, "wikidata": null, "fixme": null, "name:en": null, "operator": null, "website": null, "check_date": null, "description": null, "female": null, "note": null, "phone": null, "isced:level": null, "education": null, "fee": null, "operator:type": null, "addr:country": null, "email": null, "capacity": null, "operator:short": null, "operator:wikidata": null, "addr:district": null, "check_date:opening_hours": null, "name:hi": null, "building": "school", "brand": null, "brand:wikidata": null, "landuse": null, "building:levels": null, "wikipedia": null, "amenity_1": null, "school:gender": null, "old_name": null, "wikimedia_commons": null, "addr:housename": null, "ref:IN:UDISE": null, "barrier": null, "school": null, "name:etymology:wikidata": null, "addr:state": null, "addr:suburb": null, "alt_name": null, "surface": null, "height": null, "building:part": null, "species:en": null, "level": null, "name:mr": null, "short_name": null, "start_date": null, "name:fr": null, "layer": null, "ele": null, "type": null }, "geometry": { "type": "Polygon", "coordinates": [ [ [ 72.9199256, 19.0623117 ], [ 72.9201742, 19.0628337 ], [ 72.9193221, 19.0631962 ], [ 72.9190735, 19.0626742 ], [ 72.9193185, 19.06257 ], [ 72.9199256, 19.0623117 ] ] ] } },
{ "type": "Feature", "properties": { "element": "way", "id": 427200308, "amenity": "school", "name": "Adarsha Vidyalaya", "opening_hours": null, "source": null, "tourism": null, "name:ur": null, "addr:city": null, "addr:housenumber": null, "addr:postcode": "400 071", "addr:street": null, "denomination": null, "grades": null, "religion": null, "timing": null, "wikidata": "Q4680856", "fixme": null, "name:en": null, "operator": null, "website": null, "check_date": null, "description": null, "female": null, "note": null, "phone": null, "isced:level": null, "education": null, "fee": null, "operator:type": null, "addr:country": null, "email": null, "capacity": null, "operator:short": null, "operator:wikidata": null, "addr:district": null, "check_date:opening_hours": null, "name:hi": null, "building": null, "brand": null, "brand:wikidata": null, "landuse": null, "building:levels": null, "wikipedia": "en:Adarsha Vidyalaya", "amenity_1": null, "school:gender": null, "old_name": null, "wikimedia_commons": null, "addr:housename": null, "ref:IN:UDISE": null, "barrier": null, "school": null, "name:etymology:wikidata": null, "addr:state": null, "addr:suburb": null, "alt_name": null, "surface": null, "height": null, "building:part": null, "species:en": null, "level": null, "name:mr": null, "short_name": null, "start_date": null, "name:fr": null, "layer": null, "ele": null, "type": null }, "geometry": { "type": "Polygon", "coordinates": [ [ [ 72.8902402, 19.0631122 ], [ 72.8899443, 19.0626243 ], [ 72.8893741, 19.0629346 ], [ 72.8896765, 19.0634061 ], [ 72.8902402, 19.0631122 ] ] ] } },
{ "type": "Feature", "properties": { "element": "way", "id": 427200309, "amenity": "school", "name": "Municipal School", "opening_hours": null, "source": null, "tourism": null, "name:ur": null, "addr:city": null, "addr:housenumber": null, "addr:postcode": "400 071", "addr:street": null, "denomination": null, "grades": null, "religion": null, "timing": null, "wikidata": null, "fixme": null, "name:en": null, "operator": null, "website": null, "check_date": null, "description": null, "female": null, "note": null, "phone": null, "isced:level": null, "education": null, "fee": null, "operator:type": null, "addr:country": null, "email": null, "capacity": null, "operator:short": null, "operator:wikidata": null, "addr:district": null, "check_date:opening_hours": null, "name:hi": null, "building": null, "brand": null, "brand:wikidata": null, "landuse": null, "building:levels": null, "wikipedia": null, "amenity_1": null, "school:gender": null, "old_name": null, "wikimedia_commons": null, "addr:housename": null, "ref:IN:UDISE": null, "barrier": null, "school": null, "name:etymology:wikidata": null, "addr:state": null, "addr:suburb": null, "alt_name": null, "surface": null, "height": null, "building:part": null, "species:en": null, "level": null, "name:mr": null, "short_name": null, "start_date": null, "name:fr": null, "layer": null, "ele": null, "type": null }, "geometry": { "type": "Polygon", "coordinates": [ [ [ 72.8906527, 19.0637715 ], [ 72.890346, 19.0632612 ], [ 72.8898298, 19.063549 ], [ 72.8901473, 19.0640553 ], [ 72.8906527, 19.0637715 ] ] ] } },
{ "type": "Feature", "properties": { "element": "way", "id": 427240536, "amenity": "school", "name": "Fatima High School", "opening_hours": null, "source": null, "tourism": null, "name:ur": null, "addr:city": "mumbai", "addr:housenumber": null, "addr:postcode": "400086", "addr:street": "kirol road", "denomination": null, "grades": null, "religion": null, "timing": null, "wikidata": "Q38250897", "fixme": null, "name:en": null, "operator": null, "website": null, "check_date": null, "description": null, "female": null, "note": null, "phone": null, "isced:level": null, "education": null, "fee": null, "operator:type": null, "addr:country": null, "email": null, "capacity": null, "operator:short": null, "operator:wikidata": null, "addr:district": null, "check_date:opening_hours": null, "name:hi": null, "building": null, "brand": null, "brand:wikidata": null, "landuse": null, "building:levels": null, "wikipedia": null, "amenity_1": null, "school:gender": null, "old_name": null, "wikimedia_commons": null, "addr:housename": null, "ref:IN:UDISE": null, "barrier": null, "school": null, "name:etymology:wikidata": null, "addr:state": null, "addr:suburb": null, "alt_name": null, "surface": null, "height": null, "building:part": null, "species:en": null, "level": null, "name:mr": null, "short_name": null, "start_date": null, "name:fr": null, "layer": null, "ele": null, "type": null }, "geometry": { "type": "Polygon", "coordinates": [ [ [ 72.8979468, 19.0818866 ], [ 72.8996488, 19.082096 ], [ 72.8997056, 19.0821305 ], [ 72.8996301, 19.0829097 ], [ 72.8996581, 19.0838504 ], [ 72.8982092, 19.0833624 ], [ 72.8973894, 19.0830463 ], [ 72.8979468, 19.0818866 ] ] ] } },
{ "type": "Feature", "properties": { "element": "way", "id": 427245951, "amenity": "school", "name": "South Indian Education Society (SIES) High School", "opening_hours": null, "source": null, "tourism": null, "name:ur": null, "addr:city": null, "addr:housenumber": null, "addr:postcode": null, "addr:street": "K A Subramaniam Road", "denomination": null, "grades": null, "religion": null, "timing": null, "wikidata": null, "fixme": null, "name:en": null, "operator": null, "website": "https://sieshsm.edu.in/", "check_date": "2026-03-20", "description": null, "female": null, "note": null, "phone": null, "isced:level": null, "education": null, "fee": null, "operator:type": null, "addr:country": null, "email": null, "capacity": null, "operator:short": null, "operator:wikidata": null, "addr:district": null, "check_date:opening_hours": null, "name:hi": null, "building": null, "brand": null, "brand:wikidata": null, "landuse": null, "building:levels": null, "wikipedia": null, "amenity_1": null, "school:gender": null, "old_name": null, "wikimedia_commons": null, "addr:housename": null, "ref:IN:UDISE": null, "barrier": null, "school": null, "name:etymology:wikidata": null, "addr:state": null, "addr:suburb": null, "alt_name": null, "surface": null, "height": null, "building:part": null, "species:en": null, "level": null, "name:mr": null, "short_name": "SIES School", "start_date": null, "name:fr": null, "layer": null, "ele": null, "type": null }, "geometry": { "type": "Polygon", "coordinates": [ [ [ 72.8567277, 19.0323377 ], [ 72.8563282, 19.03261 ], [ 72.8559129, 19.0328459 ], [ 72.8557549, 19.032487 ], [ 72.8561205, 19.0322748 ], [ 72.8563369, 19.0320997 ], [ 72.8567277, 19.0323377 ] ] ] } },
{ "type": "Feature", "properties": { "element": "way", "id": 428199723, "amenity": "school", "name": "St Peter's School", "opening_hours": null, "source": null, "tourism": null, "name:ur": null, "addr:city": null, "addr:housenumber": null, "addr:postcode": null, "addr:street": null, "denomination": null, "grades": null, "religion": null, "timing": null, "wikidata": null, "fixme": null, "name:en": null, "operator": null, "website": null, "check_date": null, "description": null, "female": null, "note": null, "phone": null, "isced:level": null, "education": null, "fee": null, "operator:type": null, "addr:country": null, "email": null, "capacity": null, "operator:short": null, "operator:wikidata": null, "addr:district": null, "check_date:opening_hours": null, "name:hi": null, "building": null, "brand": null, "brand:wikidata": null, "landuse": null, "building:levels": null, "wikipedia": null, "amenity_1": null, "school:gender": null, "old_name": null, "wikimedia_commons": null, "addr:housename": null, "ref:IN:UDISE": null, "barrier": null, "school": null, "name:etymology:wikidata": null, "addr:state": null, "addr:suburb": null, "alt_name": null, "surface": null, "height": null, "building:part": null, "species:en": null, "level": null, "name:mr": null, "short_name": null, "start_date": null, "name:fr": null, "layer": null, "ele": null, "type": null }, "geometry": { "type": "Polygon", "coordinates": [ [ [ 72.8403672, 18.9680607 ], [ 72.8414427, 18.9677804 ], [ 72.8409988, 18.9669966 ], [ 72.8406488, 18.9671146 ], [ 72.8405334, 18.9668444 ], [ 72.8398562, 18.9670283 ], [ 72.8402035, 18.9676625 ], [ 72.8403672, 18.9680607 ] ] ] } },
{ "type": "Feature", "properties": { "element": "way", "id": 430412673, "amenity": "school", "name": "American School of Bombay", "opening_hours": null, "source": null, "tourism": null, "name:ur": null, "addr:city": null, "addr:housenumber": null, "addr:postcode": null, "addr:street": null, "denomination": null, "grades": null, "religion": null, "timing": null, "wikidata": null, "fixme": null, "name:en": null, "operator": null, "website": null, "check_date": null, "description": null, "female": null, "note": null, "phone": null, "isced:level": null, "education": null, "fee": null, "operator:type": null, "addr:country": null, "email": null, "capacity": null, "operator:short": null, "operator:wikidata": null, "addr:district": null, "check_date:opening_hours": null, "name:hi": null, "building": null, "brand": null, "brand:wikidata": null, "landuse": null, "building:levels": null, "wikipedia": null, "amenity_1": null, "school:gender": null, "old_name": null, "wikimedia_commons": null, "addr:housename": null, "ref:IN:UDISE": null, "barrier": null, "school": null, "name:etymology:wikidata": null, "addr:state": null, "addr:suburb": null, "alt_name": null, "surface": null, "height": null, "building:part": null, "species:en": null, "level": null, "name:mr": null, "short_name": null, "start_date": null, "name:fr": null, "layer": null, "ele": null, "type": null }, "geometry": { "type": "Polygon", "coordinates": [ [ [ 72.8703886, 19.0670996 ], [ 72.870323, 19.0676716 ], [ 72.8703418, 19.0677758 ], [ 72.8704052, 19.0678623 ], [ 72.87102, 19.0682438 ], [ 72.8713134, 19.0678401 ], [ 72.871085, 19.0676627 ], [ 72.8712816, 19.0676112 ], [ 72.8712121, 19.0673955 ], [ 72.8711195, 19.0674213 ], [ 72.8703886, 19.0670996 ] ] ] } },
{ "type": "Feature", "properties": { "element": "way", "id": 430420073, "amenity": "school", "name": "Dhirubhai Ambani International School", "opening_hours": null, "source": null, "tourism": null, "name:ur": null, "addr:city": null, "addr:housenumber": null, "addr:postcode": null, "addr:street": null, "denomination": null, "grades": null, "religion": null, "timing": null, "wikidata": null, "fixme": null, "name:en": null, "operator": null, "website": "https://www.dais.edu.in/", "check_date": null, "description": null, "female": null, "note": null, "phone": null, "isced:level": null, "education": null, "fee": null, "operator:type": null, "addr:country": null, "email": null, "capacity": null, "operator:short": null, "operator:wikidata": null, "addr:district": null, "check_date:opening_hours": null, "name:hi": null, "building": null, "brand": null, "brand:wikidata": null, "landuse": null, "building:levels": null, "wikipedia": "en:Dhirubhai Ambani International School", "amenity_1": null, "school:gender": null, "old_name": null, "wikimedia_commons": null, "addr:housename": null, "ref:IN:UDISE": null, "barrier": null, "school": null, "name:etymology:wikidata": "Q468364", "addr:state": null, "addr:suburb": null, "alt_name": "Ambani School", "surface": null, "height": null, "building:part": null, "species:en": null, "level": null, "name:mr": null, "short_name": "DAIS", "start_date": "2003", "name:fr": null, "layer": null, "ele": null, "type": null }, "geometry": { "type": "Polygon", "coordinates": [ [ [ 72.871196, 19.0673455 ], [ 72.8715345, 19.0672556 ], [ 72.871333, 19.0667391 ], [ 72.8710784, 19.0659501 ], [ 72.8710096, 19.0658267 ], [ 72.8709238, 19.0657907 ], [ 72.8708205, 19.0657907 ], [ 72.8705647, 19.0659305 ], [ 72.8705225, 19.0660103 ], [ 72.8704948, 19.0661734 ], [ 72.8703886, 19.0670996 ], [ 72.8711195, 19.0674213 ], [ 72.8712121, 19.0673955 ], [ 72.871196, 19.0673455 ] ] ] } },
{ "type": "Feature", "properties": { "element": "way", "id": 431494596, "amenity": "school", "name": "Kendriya Vidyalaya No.2, Colaba", "opening_hours": null, "source": null, "tourism": null, "name:ur": null, "addr:city": null, "addr:housenumber": null, "addr:postcode": null, "addr:street": null, "denomination": null, "grades": null, "religion": null, "timing": null, "wikidata": null, "fixme": null, "name:en": null, "operator": null, "website": null, "check_date": "2026-03-12", "description": null, "female": null, "note": null, "phone": null, "isced:level": null, "education": null, "fee": null, "operator:type": null, "addr:country": null, "email": null, "capacity": null, "operator:short": null, "operator:wikidata": null, "addr:district": null, "check_date:opening_hours": null, "name:hi": null, "building": null, "brand": "Kendriya Vidyalaya", "brand:wikidata": "Q1156653", "landuse": null, "building:levels": null, "wikipedia": null, "amenity_1": null, "school:gender": null, "old_name": null, "wikimedia_commons": null, "addr:housename": null, "ref:IN:UDISE": null, "barrier": null, "school": null, "name:etymology:wikidata": null, "addr:state": null, "addr:suburb": null, "alt_name": null, "surface": null, "height": null, "building:part": null, "species:en": null, "level": null, "name:mr": null, "short_name": null, "start_date": null, "name:fr": null, "layer": null, "ele": null, "type": null }, "geometry": { "type": "Polygon", "coordinates": [ [ [ 72.8081977, 18.9101225 ], [ 72.8085841, 18.9099129 ], [ 72.8087153, 18.9098383 ], [ 72.8093349, 18.9107848 ], [ 72.8084344, 18.9112488 ], [ 72.8080474, 18.9114546 ], [ 72.807448, 18.9105015 ], [ 72.8075786, 18.9104289 ], [ 72.8080378, 18.9102016 ], [ 72.8081977, 18.9101225 ] ] ] } },
{ "type": "Feature", "properties": { "element": "way", "id": 434904718, "amenity": "school", "name": "Purshottam High School", "opening_hours": null, "source": null, "tourism": null, "name:ur": null, "addr:city": null, "addr:housenumber": null, "addr:postcode": null, "addr:street": null, "denomination": null, "grades": null, "religion": null, "timing": null, "wikidata": null, "fixme": null, "name:en": null, "operator": null, "website": null, "check_date": "2025-06-13", "description": null, "female": null, "note": null, "phone": null, "isced:level": null, "education": null, "fee": null, "operator:type": null, "addr:country": null, "email": null, "capacity": null, "operator:short": null, "operator:wikidata": null, "addr:district": null, "check_date:opening_hours": null, "name:hi": null, "building": null, "brand": null, "brand:wikidata": null, "landuse": null, "building:levels": null, "wikipedia": null, "amenity_1": null, "school:gender": null, "old_name": null, "wikimedia_commons": null, "addr:housename": null, "ref:IN:UDISE": null, "barrier": null, "school": null, "name:etymology:wikidata": null, "addr:state": null, "addr:suburb": null, "alt_name": null, "surface": null, "height": null, "building:part": null, "species:en": null, "level": null, "name:mr": null, "short_name": null, "start_date": null, "name:fr": null, "layer": null, "ele": null, "type": null }, "geometry": { "type": "Polygon", "coordinates": [ [ [ 72.8440118, 19.058864 ], [ 72.8440789, 19.0585243 ], [ 72.8447601, 19.0585826 ], [ 72.8447145, 19.0589274 ], [ 72.8440118, 19.058864 ] ] ] } },
{ "type": "Feature", "properties": { "element": "way", "id": 434906148, "amenity": "school", "name": "Lower Municiplal Governmet School", "opening_hours": null, "source": null, "tourism": null, "name:ur": null, "addr:city": null, "addr:housenumber": null, "addr:postcode": null, "addr:street": null, "denomination": null, "grades": null, "religion": null, "timing": null, "wikidata": null, "fixme": null, "name:en": null, "operator": null, "website": null, "check_date": "2025-06-13", "description": null, "female": null, "note": null, "phone": null, "isced:level": null, "education": "school", "fee": null, "operator:type": null, "addr:country": null, "email": null, "capacity": null, "operator:short": null, "operator:wikidata": null, "addr:district": null, "check_date:opening_hours": null, "name:hi": null, "building": null, "brand": null, "brand:wikidata": null, "landuse": null, "building:levels": null, "wikipedia": null, "amenity_1": null, "school:gender": null, "old_name": null, "wikimedia_commons": null, "addr:housename": null, "ref:IN:UDISE": null, "barrier": null, "school": null, "name:etymology:wikidata": null, "addr:state": null, "addr:suburb": null, "alt_name": null, "surface": null, "height": null, "building:part": null, "species:en": null, "level": null, "name:mr": null, "short_name": null, "start_date": null, "name:fr": null, "layer": null, "ele": null, "type": null }, "geometry": { "type": "Polygon", "coordinates": [ [ [ 72.8444055, 19.0630539 ], [ 72.8445271, 19.063362 ], [ 72.8449593, 19.0633607 ], [ 72.844954, 19.0631554 ], [ 72.8449459, 19.063097 ], [ 72.8448775, 19.0629335 ], [ 72.8447367, 19.0627916 ], [ 72.8444309, 19.0630197 ], [ 72.8444055, 19.0630539 ] ] ] } },
{ "type": "Feature", "properties": { "element": "way", "id": 435597334, "amenity": "school", "name": "St Theresa's School", "opening_hours": null, "source": null, "tourism": null, "name:ur": null, "addr:city": null, "addr:housenumber": null, "addr:postcode": null, "addr:street": null, "denomination": null, "grades": null, "religion": null, "timing": null, "wikidata": null, "fixme": null, "name:en": null, "operator": null, "website": null, "check_date": null, "description": null, "female": null, "note": null, "phone": null, "isced:level": null, "education": null, "fee": null, "operator:type": null, "addr:country": null, "email": null, "capacity": null, "operator:short": null, "operator:wikidata": null, "addr:district": null, "check_date:opening_hours": null, "name:hi": null, "building": null, "brand": null, "brand:wikidata": null, "landuse": null, "building:levels": null, "wikipedia": null, "amenity_1": null, "school:gender": null, "old_name": null, "wikimedia_commons": null, "addr:housename": null, "ref:IN:UDISE": null, "barrier": null, "school": null, "name:etymology:wikidata": null, "addr:state": null, "addr:suburb": null, "alt_name": null, "surface": null, "height": null, "building:part": null, "species:en": null, "level": null, "name:mr": null, "short_name": null, "start_date": null, "name:fr": null, "layer": null, "ele": null, "type": null }, "geometry": { "type": "Polygon", "coordinates": [ [ [ 72.8337036, 19.0631123 ], [ 72.8336169, 19.0623001 ], [ 72.8329328, 19.0623719 ], [ 72.8330165, 19.0631869 ], [ 72.8337036, 19.0631123 ] ] ] } },
{ "type": "Feature", "properties": { "element": "way", "id": 436220560, "amenity": "school", "name": null, "opening_hours": null, "source": null, "tourism": null, "name:ur": null, "addr:city": null, "addr:housenumber": null, "addr:postcode": null, "addr:street": null, "denomination": null, "grades": null, "religion": null, "timing": null, "wikidata": null, "fixme": null, "name:en": null, "operator": null, "website": null, "check_date": null, "description": null, "female": null, "note": null, "phone": null, "isced:level": null, "education": null, "fee": null, "operator:type": null, "addr:country": null, "email": null, "capacity": null, "operator:short": null, "operator:wikidata": null, "addr:district": null, "check_date:opening_hours": null, "name:hi": null, "building": null, "brand": null, "brand:wikidata": null, "landuse": null, "building:levels": null, "wikipedia": null, "amenity_1": null, "school:gender": null, "old_name": null, "wikimedia_commons": null, "addr:housename": null, "ref:IN:UDISE": null, "barrier": null, "school": null, "name:etymology:wikidata": null, "addr:state": null, "addr:suburb": null, "alt_name": null, "surface": null, "height": null, "building:part": null, "species:en": null, "level": null, "name:mr": null, "short_name": null, "start_date": null, "name:fr": null, "layer": null, "ele": null, "type": null }, "geometry": { "type": "Polygon", "coordinates": [ [ [ 72.9285141, 19.1015627 ], [ 72.9282485, 19.1009163 ], [ 72.9268297, 19.1014664 ], [ 72.9268672, 19.1020848 ], [ 72.9271804, 19.1020629 ], [ 72.9285141, 19.1015627 ] ] ] } },
{ "type": "Feature", "properties": { "element": "way", "id": 436455880, "amenity": "school", "name": "St. Mary's School (ICSE)", "opening_hours": null, "source": null, "tourism": null, "name:ur": null, "addr:city": null, "addr:housenumber": null, "addr:postcode": "400010", "addr:street": "S B Dhody Marg (Nesbit Road)", "denomination": null, "grades": null, "religion": null, "timing": null, "wikidata": null, "fixme": null, "name:en": null, "operator": null, "website": null, "check_date": null, "description": null, "female": null, "note": null, "phone": null, "isced:level": null, "education": null, "fee": null, "operator:type": null, "addr:country": null, "email": null, "capacity": null, "operator:short": null, "operator:wikidata": null, "addr:district": null, "check_date:opening_hours": null, "name:hi": null, "building": null, "brand": null, "brand:wikidata": null, "landuse": null, "building:levels": null, "wikipedia": null, "amenity_1": null, "school:gender": null, "old_name": null, "wikimedia_commons": null, "addr:housename": null, "ref:IN:UDISE": null, "barrier": null, "school": null, "name:etymology:wikidata": null, "addr:state": null, "addr:suburb": null, "alt_name": null, "surface": null, "height": null, "building:part": null, "species:en": null, "level": null, "name:mr": null, "short_name": null, "start_date": null, "name:fr": null, "layer": null, "ele": null, "type": null }, "geometry": { "type": "Polygon", "coordinates": [ [ [ 72.8363286, 18.969381 ], [ 72.8357037, 18.9697564 ], [ 72.834376, 18.9698122 ], [ 72.834217, 18.9697513 ], [ 72.8344323, 18.9694567 ], [ 72.8352443, 18.9687237 ], [ 72.8353556, 18.9686131 ], [ 72.8354515, 18.9688991 ], [ 72.8361704, 18.9687291 ], [ 72.8363286, 18.969381 ] ] ] } },
{ "type": "Feature", "properties": { "element": "way", "id": 436606762, "amenity": "school", "name": null, "opening_hours": null, "source": null, "tourism": null, "name:ur": null, "addr:city": null, "addr:housenumber": null, "addr:postcode": null, "addr:street": null, "denomination": null, "grades": null, "religion": null, "timing": null, "wikidata": null, "fixme": null, "name:en": null, "operator": null, "website": null, "check_date": null, "description": null, "female": null, "note": null, "phone": null, "isced:level": null, "education": null, "fee": null, "operator:type": null, "addr:country": null, "email": null, "capacity": null, "operator:short": null, "operator:wikidata": null, "addr:district": null, "check_date:opening_hours": null, "name:hi": null, "building": null, "brand": null, "brand:wikidata": null, "landuse": null, "building:levels": null, "wikipedia": null, "amenity_1": null, "school:gender": null, "old_name": null, "wikimedia_commons": null, "addr:housename": null, "ref:IN:UDISE": null, "barrier": null, "school": null, "name:etymology:wikidata": null, "addr:state": null, "addr:suburb": null, "alt_name": null, "surface": null, "height": null, "building:part": null, "species:en": null, "level": null, "name:mr": null, "short_name": null, "start_date": null, "name:fr": null, "layer": null, "ele": null, "type": null }, "geometry": { "type": "Polygon", "coordinates": [ [ [ 72.9289601, 19.1020308 ], [ 72.9285295, 19.1008463 ], [ 72.9284759, 19.100821 ], [ 72.9268263, 19.1014419 ], [ 72.926762, 19.1015458 ], [ 72.9267056, 19.1022403 ], [ 72.9269739, 19.1021237 ], [ 72.9271695, 19.1026279 ], [ 72.9274352, 19.102509 ], [ 72.9274835, 19.1025926 ], [ 72.9289601, 19.1020308 ] ] ] } },
{ "type": "Feature", "properties": { "element": "way", "id": 470170434, "amenity": "school", "name": null, "opening_hours": null, "source": null, "tourism": null, "name:ur": null, "addr:city": null, "addr:housenumber": null, "addr:postcode": null, "addr:street": null, "denomination": null, "grades": null, "religion": null, "timing": null, "wikidata": null, "fixme": null, "name:en": null, "operator": null, "website": null, "check_date": null, "description": null, "female": null, "note": null, "phone": null, "isced:level": null, "education": null, "fee": null, "operator:type": null, "addr:country": null, "email": null, "capacity": null, "operator:short": null, "operator:wikidata": null, "addr:district": null, "check_date:opening_hours": null, "name:hi": null, "building": null, "brand": null, "brand:wikidata": null, "landuse": null, "building:levels": null, "wikipedia": null, "amenity_1": null, "school:gender": null, "old_name": null, "wikimedia_commons": null, "addr:housename": null, "ref:IN:UDISE": null, "barrier": null, "school": null, "name:etymology:wikidata": null, "addr:state": null, "addr:suburb": null, "alt_name": null, "surface": null, "height": null, "building:part": null, "species:en": null, "level": null, "name:mr": null, "short_name": null, "start_date": null, "name:fr": null, "layer": null, "ele": null, "type": null }, "geometry": { "type": "Polygon", "coordinates": [ [ [ 72.8432074, 19.2313805 ], [ 72.843289, 19.2316603 ], [ 72.8433722, 19.2316336 ], [ 72.8435032, 19.2313013 ], [ 72.8432074, 19.2313805 ] ] ] } },
{ "type": "Feature", "properties": { "element": "way", "id": 483179358, "amenity": "school", "name": "Hiranandani School New", "opening_hours": null, "source": null, "tourism": null, "name:ur": null, "addr:city": null, "addr:housenumber": null, "addr:postcode": "400076", "addr:street": null, "denomination": null, "grades": null, "religion": null, "timing": null, "wikidata": null, "fixme": null, "name:en": null, "operator": null, "website": null, "check_date": null, "description": null, "female": null, "note": null, "phone": null, "isced:level": null, "education": null, "fee": null, "operator:type": null, "addr:country": null, "email": null, "capacity": null, "operator:short": null, "operator:wikidata": null, "addr:district": null, "check_date:opening_hours": null, "name:hi": null, "building": null, "brand": null, "brand:wikidata": null, "landuse": null, "building:levels": null, "wikipedia": null, "amenity_1": null, "school:gender": null, "old_name": null, "wikimedia_commons": null, "addr:housename": null, "ref:IN:UDISE": null, "barrier": null, "school": null, "name:etymology:wikidata": null, "addr:state": null, "addr:suburb": null, "alt_name": null, "surface": null, "height": null, "building:part": null, "species:en": null, "level": null, "name:mr": null, "short_name": null, "start_date": null, "name:fr": null, "layer": null, "ele": null, "type": null }, "geometry": { "type": "Polygon", "coordinates": [ [ [ 72.9056733, 19.1129488 ], [ 72.9057059, 19.113656 ], [ 72.9048806, 19.11369 ], [ 72.904848, 19.1129827 ], [ 72.9056733, 19.1129488 ] ] ] } },
{ "type": "Feature", "properties": { "element": "way", "id": 483187904, "amenity": "school", "name": "Hiranandani Foundation School", "opening_hours": null, "source": null, "tourism": null, "name:ur": null, "addr:city": null, "addr:housenumber": null, "addr:postcode": "400076", "addr:street": null, "denomination": null, "grades": null, "religion": null, "timing": null, "wikidata": null, "fixme": null, "name:en": null, "operator": null, "website": null, "check_date": null, "description": null, "female": null, "note": null, "phone": null, "isced:level": null, "education": null, "fee": null, "operator:type": null, "addr:country": null, "email": null, "capacity": null, "operator:short": null, "operator:wikidata": null, "addr:district": null, "check_date:opening_hours": null, "name:hi": null, "building": null, "brand": null, "brand:wikidata": null, "landuse": null, "building:levels": null, "wikipedia": null, "amenity_1": null, "school:gender": null, "old_name": null, "wikimedia_commons": null, "addr:housename": null, "ref:IN:UDISE": null, "barrier": null, "school": null, "name:etymology:wikidata": null, "addr:state": null, "addr:suburb": null, "alt_name": null, "surface": null, "height": null, "building:part": null, "species:en": null, "level": null, "name:mr": null, "short_name": null, "start_date": null, "name:fr": null, "layer": null, "ele": null, "type": null }, "geometry": { "type": "Polygon", "coordinates": [ [ [ 72.9077284, 19.1170241 ], [ 72.9072564, 19.1181163 ], [ 72.9077553, 19.1183596 ], [ 72.907979, 19.1178827 ], [ 72.9080329, 19.1177679 ], [ 72.9081348, 19.1178084 ], [ 72.9083413, 19.117261 ], [ 72.9081566, 19.1171896 ], [ 72.9077284, 19.1170241 ] ] ] } },
{ "type": "Feature", "properties": { "element": "way", "id": 496837192, "amenity": "school", "name": null, "opening_hours": null, "source": null, "tourism": null, "name:ur": null, "addr:city": null, "addr:housenumber": null, "addr:postcode": null, "addr:street": null, "denomination": null, "grades": null, "religion": null, "timing": null, "wikidata": null, "fixme": null, "name:en": null, "operator": null, "website": null, "check_date": null, "description": null, "female": null, "note": null, "phone": null, "isced:level": null, "education": null, "fee": null, "operator:type": null, "addr:country": null, "email": null, "capacity": null, "operator:short": null, "operator:wikidata": null, "addr:district": null, "check_date:opening_hours": null, "name:hi": null, "building": null, "brand": null, "brand:wikidata": null, "landuse": null, "building:levels": null, "wikipedia": null, "amenity_1": null, "school:gender": null, "old_name": null, "wikimedia_commons": null, "addr:housename": null, "ref:IN:UDISE": null, "barrier": null, "school": null, "name:etymology:wikidata": null, "addr:state": null, "addr:suburb": null, "alt_name": null, "surface": null, "height": null, "building:part": null, "species:en": null, "level": null, "name:mr": null, "short_name": null, "start_date": null, "name:fr": null, "layer": null, "ele": null, "type": null }, "geometry": { "type": "Polygon", "coordinates": [ [ [ 72.9159406, 19.1105419 ], [ 72.9156804, 19.1106306 ], [ 72.9158655, 19.1111603 ], [ 72.9160023, 19.1115101 ], [ 72.9161257, 19.1114543 ], [ 72.9161015, 19.1113656 ], [ 72.9161873, 19.1113023 ], [ 72.9162303, 19.1112566 ], [ 72.9161042, 19.1110488 ], [ 72.9159406, 19.1105419 ] ] ] } },
{ "type": "Feature", "properties": { "element": "way", "id": 496837203, "amenity": "school", "name": "BMC School (Abandoned)", "opening_hours": null, "source": null, "tourism": null, "name:ur": null, "addr:city": null, "addr:housenumber": null, "addr:postcode": null, "addr:street": null, "denomination": null, "grades": null, "religion": null, "timing": null, "wikidata": null, "fixme": null, "name:en": null, "operator": null, "website": null, "check_date": null, "description": null, "female": null, "note": null, "phone": null, "isced:level": null, "education": null, "fee": null, "operator:type": null, "addr:country": null, "email": null, "capacity": null, "operator:short": null, "operator:wikidata": null, "addr:district": null, "check_date:opening_hours": null, "name:hi": null, "building": null, "brand": null, "brand:wikidata": null, "landuse": null, "building:levels": null, "wikipedia": null, "amenity_1": null, "school:gender": null, "old_name": null, "wikimedia_commons": null, "addr:housename": null, "ref:IN:UDISE": null, "barrier": null, "school": null, "name:etymology:wikidata": null, "addr:state": null, "addr:suburb": null, "alt_name": null, "surface": null, "height": null, "building:part": null, "species:en": null, "level": null, "name:mr": null, "short_name": null, "start_date": null, "name:fr": null, "layer": null, "ele": null, "type": null }, "geometry": { "type": "Polygon", "coordinates": [ [ [ 72.9165494, 19.1068797 ], [ 72.9167721, 19.1067859 ], [ 72.9169384, 19.1068011 ], [ 72.9171127, 19.1069279 ], [ 72.9172759, 19.1079525 ], [ 72.9167502, 19.1080332 ], [ 72.9165494, 19.1068797 ] ] ] } },
{ "type": "Feature", "properties": { "element": "way", "id": 510983346, "amenity": "school", "name": "Holy cross centenary Grounds", "opening_hours": null, "source": null, "tourism": null, "name:ur": null, "addr:city": "Mumbai", "addr:housenumber": null, "addr:postcode": "400070", "addr:street": "Father peter periera road", "denomination": null, "grades": null, "religion": null, "timing": null, "wikidata": null, "fixme": null, "name:en": null, "operator": "holy cross school", "website": null, "check_date": null, "description": null, "female": null, "note": null, "phone": null, "isced:level": null, "education": null, "fee": null, "operator:type": null, "addr:country": null, "email": null, "capacity": null, "operator:short": null, "operator:wikidata": null, "addr:district": null, "check_date:opening_hours": null, "name:hi": null, "building": null, "brand": null, "brand:wikidata": null, "landuse": null, "building:levels": null, "wikipedia": null, "amenity_1": null, "school:gender": null, "old_name": null, "wikimedia_commons": null, "addr:housename": null, "ref:IN:UDISE": null, "barrier": null, "school": null, "name:etymology:wikidata": null, "addr:state": null, "addr:suburb": null, "alt_name": null, "surface": null, "height": null, "building:part": null, "species:en": null, "level": null, "name:mr": null, "short_name": null, "start_date": null, "name:fr": null, "layer": null, "ele": null, "type": null }, "geometry": { "type": "Polygon", "coordinates": [ [ [ 72.885652, 19.0826278 ], [ 72.8862588, 19.082317 ], [ 72.886429, 19.082514 ], [ 72.886359, 19.0829232 ], [ 72.8863236, 19.0829269 ], [ 72.8861816, 19.0828935 ], [ 72.8858756, 19.0827812 ], [ 72.8856663, 19.0827101 ], [ 72.885652, 19.0826278 ] ] ] } },
{ "type": "Feature", "properties": { "element": "way", "id": 518957680, "amenity": "school", "name": "Chembur Vidya Niketan High School", "opening_hours": null, "source": null, "tourism": null, "name:ur": null, "addr:city": null, "addr:housenumber": null, "addr:postcode": null, "addr:street": null, "denomination": null, "grades": null, "religion": null, "timing": null, "wikidata": null, "fixme": null, "name:en": null, "operator": null, "website": null, "check_date": null, "description": "School", "female": null, "note": null, "phone": null, "isced:level": null, "education": null, "fee": null, "operator:type": null, "addr:country": null, "email": null, "capacity": null, "operator:short": null, "operator:wikidata": null, "addr:district": null, "check_date:opening_hours": null, "name:hi": null, "building": "yes", "brand": null, "brand:wikidata": null, "landuse": null, "building:levels": null, "wikipedia": null, "amenity_1": null, "school:gender": null, "old_name": null, "wikimedia_commons": null, "addr:housename": null, "ref:IN:UDISE": null, "barrier": null, "school": null, "name:etymology:wikidata": null, "addr:state": null, "addr:suburb": null, "alt_name": null, "surface": null, "height": null, "building:part": null, "species:en": null, "level": null, "name:mr": null, "short_name": null, "start_date": null, "name:fr": null, "layer": null, "ele": null, "type": null }, "geometry": { "type": "Polygon", "coordinates": [ [ [ 72.8956624, 19.0615714 ], [ 72.8962927, 19.0613762 ], [ 72.8959896, 19.0609148 ], [ 72.8954559, 19.0612063 ], [ 72.8956624, 19.0615714 ] ] ] } },
{ "type": "Feature", "properties": { "element": "way", "id": 528846345, "amenity": "school", "name": "Bhairav Vidyalay", "opening_hours": null, "source": null, "tourism": null, "name:ur": null, "addr:city": null, "addr:housenumber": null, "addr:postcode": null, "addr:street": null, "denomination": null, "grades": null, "religion": null, "timing": null, "wikidata": null, "fixme": null, "name:en": null, "operator": null, "website": null, "check_date": null, "description": null, "female": null, "note": null, "phone": null, "isced:level": null, "education": null, "fee": null, "operator:type": null, "addr:country": null, "email": null, "capacity": null, "operator:short": null, "operator:wikidata": null, "addr:district": null, "check_date:opening_hours": null, "name:hi": null, "building": null, "brand": null, "brand:wikidata": null, "landuse": null, "building:levels": null, "wikipedia": null, "amenity_1": null, "school:gender": null, "old_name": null, "wikimedia_commons": null, "addr:housename": null, "ref:IN:UDISE": null, "barrier": null, "school": null, "name:etymology:wikidata": null, "addr:state": null, "addr:suburb": null, "alt_name": null, "surface": null, "height": null, "building:part": null, "species:en": null, "level": null, "name:mr": null, "short_name": null, "start_date": null, "name:fr": null, "layer": null, "ele": null, "type": null }, "geometry": { "type": "Polygon", "coordinates": [ [ [ 72.9158396, 19.0717205 ], [ 72.9156983, 19.0712537 ], [ 72.9158466, 19.0712141 ], [ 72.9159828, 19.0716809 ], [ 72.9158396, 19.0717205 ] ] ] } },
{ "type": "Feature", "properties": { "element": "way", "id": 545621122, "amenity": "school", "name": "Arya Vidya Mandir", "opening_hours": null, "source": null, "tourism": null, "name:ur": null, "addr:city": "Mumbai", "addr:housenumber": null, "addr:postcode": "400050", "addr:street": "St. Dominic Street", "denomination": null, "grades": null, "religion": null, "timing": null, "wikidata": null, "fixme": null, "name:en": null, "operator": null, "website": "https://avmschools.ac.in/", "check_date": null, "description": null, "female": null, "note": null, "phone": "022 6101 3900", "isced:level": null, "education": null, "fee": null, "operator:type": null, "addr:country": null, "email": "info@avmschools.ac.in", "capacity": null, "operator:short": null, "operator:wikidata": null, "addr:district": null, "check_date:opening_hours": null, "name:hi": null, "building": null, "brand": null, "brand:wikidata": null, "landuse": null, "building:levels": null, "wikipedia": null, "amenity_1": null, "school:gender": null, "old_name": null, "wikimedia_commons": null, "addr:housename": null, "ref:IN:UDISE": null, "barrier": null, "school": null, "name:etymology:wikidata": null, "addr:state": null, "addr:suburb": null, "alt_name": null, "surface": null, "height": null, "building:part": null, "species:en": null, "level": null, "name:mr": null, "short_name": null, "start_date": null, "name:fr": null, "layer": null, "ele": null, "type": null }, "geometry": { "type": "Polygon", "coordinates": [ [ [ 72.8283468, 19.0576129 ], [ 72.828658, 19.0576201 ], [ 72.8286675, 19.057382 ], [ 72.8285589, 19.0573781 ], [ 72.828555, 19.057378 ], [ 72.8285149, 19.0573766 ], [ 72.8284207, 19.0573732 ], [ 72.8283564, 19.0573709 ], [ 72.8283468, 19.0576129 ] ] ] } },
{ "type": "Feature", "properties": { "element": "way", "id": 576152959, "amenity": "school", "name": "Our Lady Of Health High School", "opening_hours": null, "source": null, "tourism": null, "name:ur": null, "addr:city": "andheri east", "addr:housenumber": null, "addr:postcode": "400099", "addr:street": "I A Project Road", "denomination": null, "grades": "jr.kg to 10", "religion": null, "timing": null, "wikidata": null, "fixme": null, "name:en": null, "operator": null, "website": null, "check_date": null, "description": null, "female": null, "note": null, "phone": null, "isced:level": null, "education": null, "fee": null, "operator:type": null, "addr:country": null, "email": null, "capacity": null, "operator:short": null, "operator:wikidata": null, "addr:district": null, "check_date:opening_hours": null, "name:hi": null, "building": null, "brand": null, "brand:wikidata": null, "landuse": null, "building:levels": "4", "wikipedia": null, "amenity_1": null, "school:gender": null, "old_name": null, "wikimedia_commons": null, "addr:housename": null, "ref:IN:UDISE": null, "barrier": null, "school": null, "name:etymology:wikidata": null, "addr:state": null, "addr:suburb": null, "alt_name": null, "surface": null, "height": null, "building:part": null, "species:en": null, "level": null, "name:mr": null, "short_name": null, "start_date": null, "name:fr": null, "layer": null, "ele": null, "type": null }, "geometry": { "type": "Polygon", "coordinates": [ [ [ 72.8656523, 19.0989296 ], [ 72.866036, 19.0988858 ], [ 72.8663546, 19.0989112 ], [ 72.8665911, 19.0989767 ], [ 72.8668414, 19.0991224 ], [ 72.8669031, 19.0993915 ], [ 72.8665638, 19.0996006 ], [ 72.8659772, 19.0996433 ], [ 72.8659065, 19.0994343 ], [ 72.8657674, 19.0994257 ], [ 72.8656523, 19.0989296 ] ] ] } },
{ "type": "Feature", "properties": { "element": "way", "id": 625809287, "amenity": "school", "name": "Baradevi Municipal School", "opening_hours": null, "source": null, "tourism": null, "name:ur": null, "addr:city": null, "addr:housenumber": null, "addr:postcode": null, "addr:street": null, "denomination": null, "grades": null, "religion": null, "timing": null, "wikidata": null, "fixme": null, "name:en": null, "operator": null, "website": null, "check_date": null, "description": null, "female": null, "note": null, "phone": null, "isced:level": null, "education": null, "fee": null, "operator:type": null, "addr:country": null, "email": null, "capacity": null, "operator:short": null, "operator:wikidata": null, "addr:district": null, "check_date:opening_hours": null, "name:hi": null, "building": null, "brand": null, "brand:wikidata": null, "landuse": null, "building:levels": null, "wikipedia": null, "amenity_1": null, "school:gender": null, "old_name": null, "wikimedia_commons": null, "addr:housename": null, "ref:IN:UDISE": null, "barrier": null, "school": null, "name:etymology:wikidata": null, "addr:state": null, "addr:suburb": null, "alt_name": null, "surface": null, "height": null, "building:part": null, "species:en": null, "level": null, "name:mr": null, "short_name": null, "start_date": null, "name:fr": null, "layer": null, "ele": null, "type": null }, "geometry": { "type": "Polygon", "coordinates": [ [ [ 72.848355, 19.000061 ], [ 72.8477105, 19.0003582 ], [ 72.8475255, 19.0000235 ], [ 72.8481477, 18.9997217 ], [ 72.848355, 19.000061 ] ] ] } },
{ "type": "Feature", "properties": { "element": "way", "id": 626185282, "amenity": "school", "name": "Swami Muktanand High School", "opening_hours": null, "source": null, "tourism": null, "name:ur": null, "addr:city": null, "addr:housenumber": null, "addr:postcode": null, "addr:street": null, "denomination": null, "grades": null, "religion": null, "timing": null, "wikidata": null, "fixme": null, "name:en": null, "operator": null, "website": null, "check_date": null, "description": null, "female": null, "note": null, "phone": null, "isced:level": null, "education": "school", "fee": null, "operator:type": null, "addr:country": null, "email": null, "capacity": null, "operator:short": null, "operator:wikidata": null, "addr:district": null, "check_date:opening_hours": null, "name:hi": null, "building": null, "brand": null, "brand:wikidata": null, "landuse": null, "building:levels": null, "wikipedia": null, "amenity_1": null, "school:gender": null, "old_name": null, "wikimedia_commons": null, "addr:housename": null, "ref:IN:UDISE": null, "barrier": null, "school": null, "name:etymology:wikidata": null, "addr:state": null, "addr:suburb": null, "alt_name": null, "surface": null, "height": null, "building:part": null, "species:en": null, "level": null, "name:mr": null, "short_name": null, "start_date": null, "name:fr": null, "layer": null, "ele": null, "type": null }, "geometry": { "type": "Polygon", "coordinates": [ [ [ 72.9053083, 19.0601405 ], [ 72.9054612, 19.0604067 ], [ 72.9062176, 19.060067 ], [ 72.9060808, 19.059783 ], [ 72.9053083, 19.0601405 ] ] ] } },
{ "type": "Feature", "properties": { "element": "way", "id": 626243775, "amenity": "school", "name": "Kumud Vidyamandir", "opening_hours": null, "source": null, "tourism": null, "name:ur": null, "addr:city": "mumbai", "addr:housenumber": null, "addr:postcode": "400088", "addr:street": "Tata Nagar Road", "denomination": null, "grades": null, "religion": null, "timing": null, "wikidata": null, "fixme": null, "name:en": null, "operator": null, "website": null, "check_date": null, "description": null, "female": null, "note": null, "phone": null, "isced:level": null, "education": null, "fee": null, "operator:type": null, "addr:country": null, "email": null, "capacity": null, "operator:short": null, "operator:wikidata": null, "addr:district": null, "check_date:opening_hours": null, "name:hi": null, "building": null, "brand": null, "brand:wikidata": null, "landuse": null, "building:levels": null, "wikipedia": null, "amenity_1": null, "school:gender": null, "old_name": null, "wikimedia_commons": null, "addr:housename": null, "ref:IN:UDISE": null, "barrier": null, "school": null, "name:etymology:wikidata": null, "addr:state": null, "addr:suburb": null, "alt_name": null, "surface": null, "height": null, "building:part": null, "species:en": null, "level": null, "name:mr": null, "short_name": null, "start_date": null, "name:fr": null, "layer": null, "ele": null, "type": null }, "geometry": { "type": "Polygon", "coordinates": [ [ [ 72.9214345, 19.051193 ], [ 72.92193, 19.0508894 ], [ 72.9215652, 19.0503063 ], [ 72.9210454, 19.0506193 ], [ 72.9214345, 19.051193 ] ] ] } },
{ "type": "Feature", "properties": { "element": "way", "id": 626243855, "amenity": "school", "name": "New Model English High Schood", "opening_hours": null, "source": null, "tourism": null, "name:ur": null, "addr:city": null, "addr:housenumber": null, "addr:postcode": null, "addr:street": null, "denomination": null, "grades": null, "religion": null, "timing": null, "wikidata": null, "fixme": null, "name:en": null, "operator": null, "website": null, "check_date": null, "description": null, "female": null, "note": null, "phone": null, "isced:level": null, "education": null, "fee": null, "operator:type": null, "addr:country": null, "email": null, "capacity": null, "operator:short": null, "operator:wikidata": null, "addr:district": null, "check_date:opening_hours": null, "name:hi": null, "building": null, "brand": null, "brand:wikidata": null, "landuse": null, "building:levels": null, "wikipedia": null, "amenity_1": null, "school:gender": null, "old_name": null, "wikimedia_commons": null, "addr:housename": null, "ref:IN:UDISE": null, "barrier": null, "school": null, "name:etymology:wikidata": null, "addr:state": null, "addr:suburb": null, "alt_name": null, "surface": null, "height": null, "building:part": null, "species:en": null, "level": null, "name:mr": null, "short_name": null, "start_date": null, "name:fr": null, "layer": null, "ele": null, "type": null }, "geometry": { "type": "Polygon", "coordinates": [ [ [ 72.9220748, 19.0528669 ], [ 72.9217529, 19.0530875 ], [ 72.9219514, 19.0533436 ], [ 72.9222867, 19.0531484 ], [ 72.9220748, 19.0528669 ] ] ] } },
{ "type": "Feature", "properties": { "element": "way", "id": 626243856, "amenity": "school", "name": "Municipalty School", "opening_hours": null, "source": null, "tourism": null, "name:ur": null, "addr:city": null, "addr:housenumber": null, "addr:postcode": null, "addr:street": null, "denomination": null, "grades": null, "religion": null, "timing": null, "wikidata": null, "fixme": null, "name:en": null, "operator": null, "website": null, "check_date": null, "description": null, "female": null, "note": null, "phone": null, "isced:level": null, "education": null, "fee": null, "operator:type": null, "addr:country": null, "email": null, "capacity": null, "operator:short": null, "operator:wikidata": null, "addr:district": null, "check_date:opening_hours": null, "name:hi": null, "building": null, "brand": null, "brand:wikidata": null, "landuse": null, "building:levels": null, "wikipedia": null, "amenity_1": null, "school:gender": null, "old_name": null, "wikimedia_commons": null, "addr:housename": null, "ref:IN:UDISE": null, "barrier": null, "school": null, "name:etymology:wikidata": null, "addr:state": null, "addr:suburb": null, "alt_name": null, "surface": null, "height": null, "building:part": null, "species:en": null, "level": null, "name:mr": null, "short_name": null, "start_date": null, "name:fr": null, "layer": null, "ele": null, "type": null }, "geometry": { "type": "Polygon", "coordinates": [ [ [ 72.9229546, 19.0516196 ], [ 72.9225718, 19.0518692 ], [ 72.9221571, 19.0521285 ], [ 72.9224423, 19.0524993 ], [ 72.9230061, 19.052172 ], [ 72.9230994, 19.0516424 ], [ 72.9229546, 19.0516196 ] ] ] } },
{ "type": "Feature", "properties": { "element": "way", "id": 626348904, "amenity": "school", "name": "BMC school", "opening_hours": null, "source": null, "tourism": null, "name:ur": null, "addr:city": null, "addr:housenumber": null, "addr:postcode": "400043", "addr:street": null, "denomination": null, "grades": null, "religion": null, "timing": null, "wikidata": null, "fixme": null, "name:en": null, "operator": null, "website": null, "check_date": null, "description": null, "female": null, "note": null, "phone": null, "isced:level": null, "education": null, "fee": null, "operator:type": null, "addr:country": null, "email": null, "capacity": null, "operator:short": null, "operator:wikidata": null, "addr:district": null, "check_date:opening_hours": null, "name:hi": null, "building": null, "brand": null, "brand:wikidata": null, "landuse": null, "building:levels": null, "wikipedia": null, "amenity_1": null, "school:gender": null, "old_name": null, "wikimedia_commons": null, "addr:housename": null, "ref:IN:UDISE": null, "barrier": null, "school": null, "name:etymology:wikidata": null, "addr:state": null, "addr:suburb": null, "alt_name": null, "surface": null, "height": null, "building:part": null, "species:en": null, "level": null, "name:mr": null, "short_name": null, "start_date": null, "name:fr": null, "layer": null, "ele": null, "type": null }, "geometry": { "type": "Polygon", "coordinates": [ [ [ 72.9120621, 19.0584242 ], [ 72.9121104, 19.0580515 ], [ 72.9119199, 19.057978 ], [ 72.911523, 19.0581504 ], [ 72.9115471, 19.0584166 ], [ 72.9120621, 19.0584242 ] ] ] } },
{ "type": "Feature", "properties": { "element": "way", "id": 626348956, "amenity": "school", "name": "RBK International School", "opening_hours": null, "source": null, "tourism": null, "name:ur": null, "addr:city": null, "addr:housenumber": null, "addr:postcode": null, "addr:street": null, "denomination": null, "grades": null, "religion": null, "timing": null, "wikidata": null, "fixme": null, "name:en": null, "operator": null, "website": null, "check_date": null, "description": null, "female": null, "note": null, "phone": null, "isced:level": null, "education": null, "fee": null, "operator:type": null, "addr:country": null, "email": null, "capacity": null, "operator:short": null, "operator:wikidata": null, "addr:district": null, "check_date:opening_hours": null, "name:hi": null, "building": null, "brand": null, "brand:wikidata": null, "landuse": null, "building:levels": null, "wikipedia": null, "amenity_1": null, "school:gender": null, "old_name": null, "wikimedia_commons": null, "addr:housename": null, "ref:IN:UDISE": null, "barrier": null, "school": null, "name:etymology:wikidata": null, "addr:state": null, "addr:suburb": null, "alt_name": null, "surface": null, "height": null, "building:part": null, "species:en": null, "level": null, "name:mr": null, "short_name": null, "start_date": null, "name:fr": null, "layer": null, "ele": null, "type": null }, "geometry": { "type": "Polygon", "coordinates": [ [ [ 72.9129258, 19.063355 ], [ 72.9139879, 19.0630508 ], [ 72.9140818, 19.0629317 ], [ 72.9141462, 19.0627846 ], [ 72.9140362, 19.0619785 ], [ 72.9139101, 19.0619582 ], [ 72.9139316, 19.0615424 ], [ 72.9136983, 19.0615221 ], [ 72.9131108, 19.062303 ], [ 72.9132074, 19.0623182 ], [ 72.9129258, 19.063355 ] ] ] } },
{ "type": "Feature", "properties": { "element": "way", "id": 626376015, "amenity": "school", "name": "Lokamaniya Tilak High School", "opening_hours": null, "source": null, "tourism": null, "name:ur": null, "addr:city": null, "addr:housenumber": null, "addr:postcode": null, "addr:street": null, "denomination": null, "grades": null, "religion": null, "timing": null, "wikidata": null, "fixme": null, "name:en": null, "operator": null, "website": null, "check_date": null, "description": null, "female": null, "note": null, "phone": null, "isced:level": null, "education": null, "fee": null, "operator:type": null, "addr:country": null, "email": null, "capacity": null, "operator:short": null, "operator:wikidata": null, "addr:district": null, "check_date:opening_hours": null, "name:hi": null, "building": null, "brand": null, "brand:wikidata": null, "landuse": null, "building:levels": null, "wikipedia": null, "amenity_1": null, "school:gender": null, "old_name": null, "wikimedia_commons": null, "addr:housename": null, "ref:IN:UDISE": null, "barrier": null, "school": null, "name:etymology:wikidata": "Q312555", "addr:state": null, "addr:suburb": null, "alt_name": null, "surface": null, "height": null, "building:part": null, "species:en": null, "level": null, "name:mr": null, "short_name": null, "start_date": null, "name:fr": null, "layer": null, "ele": null, "type": null }, "geometry": { "type": "Polygon", "coordinates": [ [ [ 72.8958455, 19.0654262 ], [ 72.8946412, 19.0654566 ], [ 72.8948021, 19.0656366 ], [ 72.8956604, 19.0656189 ], [ 72.8958455, 19.0654262 ] ] ] } },
{ "type": "Feature", "properties": { "element": "way", "id": 626376016, "amenity": "school", "name": "Lokmaniya Tilak Jr School", "opening_hours": null, "source": null, "tourism": null, "name:ur": null, "addr:city": null, "addr:housenumber": null, "addr:postcode": null, "addr:street": null, "denomination": null, "grades": null, "religion": null, "timing": null, "wikidata": null, "fixme": null, "name:en": null, "operator": null, "website": null, "check_date": null, "description": null, "female": null, "note": null, "phone": null, "isced:level": null, "education": null, "fee": null, "operator:type": null, "addr:country": null, "email": null, "capacity": null, "operator:short": null, "operator:wikidata": null, "addr:district": null, "check_date:opening_hours": null, "name:hi": null, "building": null, "brand": null, "brand:wikidata": null, "landuse": null, "building:levels": null, "wikipedia": null, "amenity_1": null, "school:gender": null, "old_name": null, "wikimedia_commons": null, "addr:housename": null, "ref:IN:UDISE": null, "barrier": null, "school": null, "name:etymology:wikidata": "Q312555", "addr:state": null, "addr:suburb": null, "alt_name": null, "surface": null, "height": null, "building:part": null, "species:en": null, "level": null, "name:mr": null, "short_name": null, "start_date": null, "name:fr": null, "layer": null, "ele": null, "type": null }, "geometry": { "type": "Polygon", "coordinates": [ [ [ 72.894845, 19.066425 ], [ 72.8950167, 19.0664453 ], [ 72.895081, 19.0662019 ], [ 72.8948557, 19.0661842 ], [ 72.894845, 19.066425 ] ] ] } },
{ "type": "Feature", "properties": { "element": "way", "id": 626376017, "amenity": "school", "name": "Tilak Nagar Municipal School", "opening_hours": null, "source": null, "tourism": null, "name:ur": null, "addr:city": null, "addr:housenumber": null, "addr:postcode": null, "addr:street": null, "denomination": null, "grades": null, "religion": null, "timing": null, "wikidata": null, "fixme": null, "name:en": null, "operator": null, "website": null, "check_date": null, "description": null, "female": null, "note": null, "phone": null, "isced:level": null, "education": null, "fee": null, "operator:type": null, "addr:country": null, "email": null, "capacity": null, "operator:short": null, "operator:wikidata": null, "addr:district": null, "check_date:opening_hours": null, "name:hi": null, "building": null, "brand": null, "brand:wikidata": null, "landuse": null, "building:levels": null, "wikipedia": null, "amenity_1": null, "school:gender": null, "old_name": null, "wikimedia_commons": null, "addr:housename": null, "ref:IN:UDISE": null, "barrier": null, "school": null, "name:etymology:wikidata": null, "addr:state": null, "addr:suburb": null, "alt_name": null, "surface": null, "height": null, "building:part": null, "species:en": null, "level": null, "name:mr": null, "short_name": null, "start_date": null, "name:fr": null, "layer": null, "ele": null, "type": null }, "geometry": { "type": "Polygon", "coordinates": [ [ [ 72.8947911, 19.067244 ], [ 72.8946894, 19.0676697 ], [ 72.8940779, 19.067548 ], [ 72.8940564, 19.0670513 ], [ 72.8947911, 19.067244 ] ] ] } },
{ "type": "Feature", "properties": { "element": "way", "id": 626376045, "amenity": "school", "name": "R.S.T Madhymik Vidhyalay", "opening_hours": null, "source": null, "tourism": null, "name:ur": null, "addr:city": "mumbai", "addr:housenumber": null, "addr:postcode": "400088", "addr:street": "Deonar Govandi Road", "denomination": null, "grades": null, "religion": null, "timing": null, "wikidata": null, "fixme": null, "name:en": null, "operator": null, "website": null, "check_date": null, "description": null, "female": null, "note": null, "phone": null, "isced:level": null, "education": null, "fee": null, "operator:type": null, "addr:country": null, "email": null, "capacity": null, "operator:short": null, "operator:wikidata": null, "addr:district": null, "check_date:opening_hours": null, "name:hi": null, "building": null, "brand": null, "brand:wikidata": null, "landuse": null, "building:levels": null, "wikipedia": null, "amenity_1": null, "school:gender": null, "old_name": null, "wikimedia_commons": null, "addr:housename": null, "ref:IN:UDISE": null, "barrier": null, "school": null, "name:etymology:wikidata": null, "addr:state": null, "addr:suburb": null, "alt_name": null, "surface": null, "height": null, "building:part": null, "species:en": null, "level": null, "name:mr": null, "short_name": null, "start_date": null, "name:fr": null, "layer": null, "ele": null, "type": null }, "geometry": { "type": "Polygon", "coordinates": [ [ [ 72.9142052, 19.0534729 ], [ 72.9141328, 19.0529937 ], [ 72.9132101, 19.0530748 ], [ 72.9132771, 19.0535312 ], [ 72.9135185, 19.0535185 ], [ 72.913548, 19.0536808 ], [ 72.9142052, 19.0534729 ] ] ] } },
{ "type": "Feature", "properties": { "element": "way", "id": 628774504, "amenity": "school", "name": "St. John The Evangelist High School", "opening_hours": null, "source": null, "tourism": null, "name:ur": null, "addr:city": null, "addr:housenumber": null, "addr:postcode": null, "addr:street": null, "denomination": null, "grades": null, "religion": "christian", "timing": null, "wikidata": null, "fixme": null, "name:en": null, "operator": null, "website": null, "check_date": "2025-10-24", "description": null, "female": null, "note": null, "phone": null, "isced:level": null, "education": null, "fee": null, "operator:type": null, "addr:country": null, "email": null, "capacity": null, "operator:short": null, "operator:wikidata": null, "addr:district": null, "check_date:opening_hours": null, "name:hi": null, "building": null, "brand": null, "brand:wikidata": null, "landuse": null, "building:levels": null, "wikipedia": null, "amenity_1": null, "school:gender": null, "old_name": null, "wikimedia_commons": null, "addr:housename": null, "ref:IN:UDISE": null, "barrier": null, "school": null, "name:etymology:wikidata": null, "addr:state": null, "addr:suburb": null, "alt_name": null, "surface": null, "height": null, "building:part": null, "species:en": null, "level": null, "name:mr": null, "short_name": null, "start_date": null, "name:fr": null, "layer": null, "ele": null, "type": null }, "geometry": { "type": "Polygon", "coordinates": [ [ [ 72.8750089, 19.1119877 ], [ 72.8752477, 19.1120232 ], [ 72.87554, 19.112084 ], [ 72.8757948, 19.1120967 ], [ 72.8758592, 19.1121575 ], [ 72.8758887, 19.1122766 ], [ 72.8759853, 19.1123932 ], [ 72.8760577, 19.112487 ], [ 72.8760845, 19.1125833 ], [ 72.8760557, 19.1127454 ], [ 72.8753415, 19.1129329 ], [ 72.8751833, 19.1125297 ], [ 72.8749714, 19.1124939 ], [ 72.8747407, 19.1121182 ], [ 72.8750089, 19.1119877 ] ] ] } },
{ "type": "Feature", "properties": { "element": "way", "id": 628785868, "amenity": "school", "name": "Holy Family High School", "opening_hours": null, "source": null, "tourism": null, "name:ur": null, "addr:city": null, "addr:housenumber": null, "addr:postcode": null, "addr:street": null, "denomination": null, "grades": null, "religion": null, "timing": null, "wikidata": "Q5885487", "fixme": null, "name:en": null, "operator": null, "website": null, "check_date": null, "description": null, "female": null, "note": null, "phone": null, "isced:level": null, "education": null, "fee": null, "operator:type": null, "addr:country": null, "email": null, "capacity": null, "operator:short": null, "operator:wikidata": null, "addr:district": null, "check_date:opening_hours": null, "name:hi": null, "building": null, "brand": null, "brand:wikidata": null, "landuse": null, "building:levels": null, "wikipedia": "en:Holy Family High School (Mumbai)", "amenity_1": null, "school:gender": null, "old_name": null, "wikimedia_commons": null, "addr:housename": null, "ref:IN:UDISE": null, "barrier": null, "school": null, "name:etymology:wikidata": null, "addr:state": null, "addr:suburb": null, "alt_name": null, "surface": null, "height": null, "building:part": null, "species:en": null, "level": null, "name:mr": null, "short_name": null, "start_date": null, "name:fr": null, "layer": null, "ele": null, "type": null }, "geometry": { "type": "Polygon", "coordinates": [ [ [ 72.8610974, 19.1168119 ], [ 72.8618109, 19.1163405 ], [ 72.86246, 19.1168778 ], [ 72.862798, 19.1174455 ], [ 72.8628623, 19.1175874 ], [ 72.8628194, 19.1176837 ], [ 72.8621167, 19.1179118 ], [ 72.8615725, 19.1181069 ], [ 72.8610974, 19.1168119 ] ] ] } },
{ "type": "Feature", "properties": { "element": "way", "id": 628790463, "amenity": "school", "name": "Canossa High School", "opening_hours": null, "source": null, "tourism": null, "name:ur": null, "addr:city": null, "addr:housenumber": null, "addr:postcode": null, "addr:street": null, "denomination": null, "grades": null, "religion": null, "timing": null, "wikidata": null, "fixme": null, "name:en": null, "operator": null, "website": null, "check_date": null, "description": null, "female": null, "note": null, "phone": null, "isced:level": null, "education": null, "fee": null, "operator:type": null, "addr:country": null, "email": null, "capacity": null, "operator:short": null, "operator:wikidata": null, "addr:district": null, "check_date:opening_hours": null, "name:hi": null, "building": null, "brand": null, "brand:wikidata": null, "landuse": null, "building:levels": null, "wikipedia": null, "amenity_1": null, "school:gender": null, "old_name": null, "wikimedia_commons": null, "addr:housename": null, "ref:IN:UDISE": null, "barrier": null, "school": null, "name:etymology:wikidata": null, "addr:state": null, "addr:suburb": null, "alt_name": null, "surface": null, "height": null, "building:part": null, "species:en": null, "level": null, "name:mr": null, "short_name": null, "start_date": null, "name:fr": null, "layer": null, "ele": null, "type": null }, "geometry": { "type": "Polygon", "coordinates": [ [ [ 72.8669008, 19.1264331 ], [ 72.8666933, 19.1258595 ], [ 72.8665471, 19.1256221 ], [ 72.8663868, 19.1255043 ], [ 72.8660339, 19.1253793 ], [ 72.8659884, 19.1253673 ], [ 72.8659541, 19.1253579 ], [ 72.8651605, 19.1251827 ], [ 72.8651178, 19.1254665 ], [ 72.8643001, 19.1257056 ], [ 72.8642037, 19.125513 ], [ 72.8641568, 19.125528 ], [ 72.8641259, 19.1255378 ], [ 72.8640972, 19.1255469 ], [ 72.8640386, 19.1255656 ], [ 72.8636168, 19.1256401 ], [ 72.8635474, 19.125688 ], [ 72.8635132, 19.1257412 ], [ 72.8634999, 19.1258025 ], [ 72.8635027, 19.1258638 ], [ 72.8635504, 19.1259626 ], [ 72.8638375, 19.1263474 ], [ 72.8639138, 19.1265624 ], [ 72.8652256, 19.1265311 ], [ 72.86558, 19.1265023 ], [ 72.8669008, 19.1264331 ] ] ] } },
{ "type": "Feature", "properties": { "element": "way", "id": 628861213, "amenity": "school", "name": null, "opening_hours": null, "source": null, "tourism": null, "name:ur": null, "addr:city": null, "addr:housenumber": null, "addr:postcode": null, "addr:street": null, "denomination": null, "grades": null, "religion": null, "timing": null, "wikidata": null, "fixme": null, "name:en": null, "operator": null, "website": null, "check_date": null, "description": null, "female": null, "note": null, "phone": null, "isced:level": null, "education": null, "fee": null, "operator:type": null, "addr:country": null, "email": null, "capacity": null, "operator:short": null, "operator:wikidata": null, "addr:district": null, "check_date:opening_hours": null, "name:hi": null, "building": null, "brand": null, "brand:wikidata": null, "landuse": null, "building:levels": null, "wikipedia": null, "amenity_1": null, "school:gender": null, "old_name": null, "wikimedia_commons": null, "addr:housename": null, "ref:IN:UDISE": null, "barrier": null, "school": null, "name:etymology:wikidata": null, "addr:state": null, "addr:suburb": null, "alt_name": null, "surface": null, "height": null, "building:part": null, "species:en": null, "level": null, "name:mr": null, "short_name": null, "start_date": null, "name:fr": null, "layer": null, "ele": null, "type": null }, "geometry": { "type": "Polygon", "coordinates": [ [ [ 72.8888127, 19.1239889 ], [ 72.8887805, 19.123477 ], [ 72.8882387, 19.1235048 ], [ 72.8882629, 19.1240218 ], [ 72.8883567, 19.1240801 ], [ 72.8885043, 19.1241029 ], [ 72.8887376, 19.1240801 ], [ 72.8888127, 19.1239889 ] ] ] } },
{ "type": "Feature", "properties": { "element": "way", "id": 628890938, "amenity": "school", "name": "Aarey School", "opening_hours": null, "source": null, "tourism": null, "name:ur": null, "addr:city": null, "addr:housenumber": null, "addr:postcode": null, "addr:street": null, "denomination": null, "grades": null, "religion": null, "timing": null, "wikidata": null, "fixme": null, "name:en": null, "operator": null, "website": null, "check_date": null, "description": null, "female": null, "note": null, "phone": null, "isced:level": null, "education": null, "fee": null, "operator:type": null, "addr:country": null, "email": null, "capacity": null, "operator:short": null, "operator:wikidata": null, "addr:district": null, "check_date:opening_hours": null, "name:hi": null, "building": null, "brand": null, "brand:wikidata": null, "landuse": null, "building:levels": null, "wikipedia": null, "amenity_1": null, "school:gender": null, "old_name": null, "wikimedia_commons": null, "addr:housename": null, "ref:IN:UDISE": null, "barrier": null, "school": null, "name:etymology:wikidata": null, "addr:state": null, "addr:suburb": null, "alt_name": null, "surface": null, "height": null, "building:part": null, "species:en": null, "level": null, "name:mr": null, "short_name": null, "start_date": null, "name:fr": null, "layer": null, "ele": null, "type": null }, "geometry": { "type": "Polygon", "coordinates": [ [ [ 72.879948, 19.1476793 ], [ 72.8803281, 19.1466484 ], [ 72.8793257, 19.1463312 ], [ 72.8787053, 19.1466991 ], [ 72.8787303, 19.1478465 ], [ 72.879948, 19.1476793 ] ] ] } },
{ "type": "Feature", "properties": { "element": "way", "id": 632102206, "amenity": "school", "name": "Indian Educational Society School", "opening_hours": null, "source": null, "tourism": null, "name:ur": null, "addr:city": null, "addr:housenumber": null, "addr:postcode": null, "addr:street": null, "denomination": null, "grades": null, "religion": null, "timing": null, "wikidata": null, "fixme": null, "name:en": null, "operator": null, "website": null, "check_date": null, "description": null, "female": null, "note": null, "phone": null, "isced:level": null, "education": null, "fee": null, "operator:type": null, "addr:country": null, "email": null, "capacity": null, "operator:short": null, "operator:wikidata": null, "addr:district": null, "check_date:opening_hours": null, "name:hi": null, "building": null, "brand": null, "brand:wikidata": null, "landuse": null, "building:levels": null, "wikipedia": null, "amenity_1": null, "school:gender": null, "old_name": null, "wikimedia_commons": null, "addr:housename": null, "ref:IN:UDISE": null, "barrier": null, "school": null, "name:etymology:wikidata": null, "addr:state": null, "addr:suburb": null, "alt_name": null, "surface": null, "height": null, "building:part": null, "species:en": null, "level": null, "name:mr": null, "short_name": null, "start_date": null, "name:fr": null, "layer": null, "ele": null, "type": null }, "geometry": { "type": "Polygon", "coordinates": [ [ [ 72.8873938, 19.1281702 ], [ 72.88638, 19.1277647 ], [ 72.885814, 19.1284566 ], [ 72.8859133, 19.1286111 ], [ 72.8865302, 19.1288012 ], [ 72.8873938, 19.1281702 ] ] ] } },
{ "type": "Feature", "properties": { "element": "way", "id": 632157124, "amenity": "school", "name": "Saint Pius X High School", "opening_hours": null, "source": null, "tourism": null, "name:ur": null, "addr:city": null, "addr:housenumber": null, "addr:postcode": null, "addr:street": null, "denomination": null, "grades": null, "religion": null, "timing": null, "wikidata": "Q16900632", "fixme": null, "name:en": null, "operator": null, "website": null, "check_date": null, "description": null, "female": null, "note": null, "phone": null, "isced:level": null, "education": null, "fee": null, "operator:type": "religious", "addr:country": null, "email": null, "capacity": null, "operator:short": null, "operator:wikidata": null, "addr:district": null, "check_date:opening_hours": null, "name:hi": null, "building": null, "brand": null, "brand:wikidata": null, "landuse": null, "building:levels": null, "wikipedia": null, "amenity_1": null, "school:gender": null, "old_name": null, "wikimedia_commons": null, "addr:housename": null, "ref:IN:UDISE": null, "barrier": null, "school": null, "name:etymology:wikidata": null, "addr:state": null, "addr:suburb": null, "alt_name": null, "surface": null, "height": null, "building:part": null, "species:en": null, "level": null, "name:mr": null, "short_name": null, "start_date": null, "name:fr": null, "layer": null, "ele": null, "type": null }, "geometry": { "type": "Polygon", "coordinates": [ [ [ 72.9470495, 19.1661388 ], [ 72.9465607, 19.1655062 ], [ 72.9468396, 19.1653111 ], [ 72.9470079, 19.1655037 ], [ 72.9473295, 19.1652788 ], [ 72.948001, 19.1660737 ], [ 72.9476738, 19.1663753 ], [ 72.947309, 19.1659547 ], [ 72.9470495, 19.1661388 ] ] ] } },
{ "type": "Feature", "properties": { "element": "way", "id": 632157131, "amenity": "school", "name": "St. Mary's Convent", "opening_hours": null, "source": null, "tourism": null, "name:ur": null, "addr:city": null, "addr:housenumber": null, "addr:postcode": null, "addr:street": null, "denomination": null, "grades": null, "religion": null, "timing": null, "wikidata": null, "fixme": null, "name:en": null, "operator": null, "website": null, "check_date": null, "description": null, "female": null, "note": null, "phone": null, "isced:level": null, "education": null, "fee": null, "operator:type": null, "addr:country": null, "email": null, "capacity": null, "operator:short": null, "operator:wikidata": null, "addr:district": null, "check_date:opening_hours": null, "name:hi": null, "building": null, "brand": null, "brand:wikidata": null, "landuse": null, "building:levels": null, "wikipedia": null, "amenity_1": null, "school:gender": null, "old_name": null, "wikimedia_commons": null, "addr:housename": null, "ref:IN:UDISE": null, "barrier": null, "school": null, "name:etymology:wikidata": null, "addr:state": null, "addr:suburb": null, "alt_name": null, "surface": null, "height": null, "building:part": null, "species:en": null, "level": null, "name:mr": null, "short_name": null, "start_date": null, "name:fr": null, "layer": null, "ele": null, "type": null }, "geometry": { "type": "Polygon", "coordinates": [ [ [ 72.9444203, 19.1668009 ], [ 72.9445061, 19.1667983 ], [ 72.9454359, 19.1661384 ], [ 72.9449836, 19.1655088 ], [ 72.9441823, 19.1657996 ], [ 72.9439316, 19.1658814 ], [ 72.9444203, 19.1668009 ] ] ] } },
{ "type": "Feature", "properties": { "element": "way", "id": 632266773, "amenity": "school", "name": "Laxmibai School", "opening_hours": null, "source": null, "tourism": null, "name:ur": null, "addr:city": "Mulund (East)", "addr:housenumber": null, "addr:postcode": "400081", "addr:street": "Veer Savarkar Rd", "denomination": null, "grades": null, "religion": null, "timing": null, "wikidata": null, "fixme": null, "name:en": null, "operator": null, "website": null, "check_date": null, "description": null, "female": null, "note": null, "phone": null, "isced:level": null, "education": null, "fee": null, "operator:type": null, "addr:country": null, "email": null, "capacity": null, "operator:short": null, "operator:wikidata": null, "addr:district": null, "check_date:opening_hours": null, "name:hi": null, "building": null, "brand": null, "brand:wikidata": null, "landuse": null, "building:levels": null, "wikipedia": null, "amenity_1": null, "school:gender": null, "old_name": null, "wikimedia_commons": null, "addr:housename": null, "ref:IN:UDISE": null, "barrier": null, "school": null, "name:etymology:wikidata": null, "addr:state": null, "addr:suburb": null, "alt_name": null, "surface": null, "height": null, "building:part": null, "species:en": null, "level": null, "name:mr": null, "short_name": null, "start_date": null, "name:fr": null, "layer": null, "ele": null, "type": null }, "geometry": { "type": "Polygon", "coordinates": [ [ [ 72.9643839, 19.167219 ], [ 72.964097, 19.1668009 ], [ 72.9636544, 19.1670491 ], [ 72.9639011, 19.1675079 ], [ 72.9643839, 19.167219 ] ] ] } },
{ "type": "Feature", "properties": { "element": "way", "id": 634122541, "amenity": "school", "name": "NES National Public School", "opening_hours": null, "source": null, "tourism": null, "name:ur": null, "addr:city": null, "addr:housenumber": null, "addr:postcode": null, "addr:street": null, "denomination": null, "grades": null, "religion": null, "timing": null, "wikidata": null, "fixme": null, "name:en": null, "operator": null, "website": null, "check_date": null, "description": null, "female": null, "note": null, "phone": null, "isced:level": null, "education": null, "fee": null, "operator:type": null, "addr:country": null, "email": null, "capacity": null, "operator:short": null, "operator:wikidata": null, "addr:district": null, "check_date:opening_hours": null, "name:hi": null, "building": null, "brand": null, "brand:wikidata": null, "landuse": null, "building:levels": null, "wikipedia": null, "amenity_1": null, "school:gender": null, "old_name": null, "wikimedia_commons": null, "addr:housename": null, "ref:IN:UDISE": null, "barrier": null, "school": null, "name:etymology:wikidata": null, "addr:state": null, "addr:suburb": null, "alt_name": null, "surface": null, "height": null, "building:part": null, "species:en": null, "level": null, "name:mr": null, "short_name": null, "start_date": null, "name:fr": null, "layer": null, "ele": null, "type": null }, "geometry": { "type": "Polygon", "coordinates": [ [ [ 72.9406674, 19.1796511 ], [ 72.9400188, 19.1799977 ], [ 72.9399707, 19.1800234 ], [ 72.939764, 19.1795161 ], [ 72.9404908, 19.1792501 ], [ 72.9405311, 19.1793464 ], [ 72.9406674, 19.1796511 ] ] ] } },
{ "type": "Feature", "properties": { "element": "way", "id": 640023963, "amenity": "school", "name": "Holy Cross quaterangle", "opening_hours": null, "source": null, "tourism": null, "name:ur": null, "addr:city": "Mumbai", "addr:housenumber": null, "addr:postcode": "400070", "addr:street": "Holy cross Road", "denomination": "roman_catholic", "grades": null, "religion": "christian", "timing": null, "wikidata": null, "fixme": null, "name:en": null, "operator": "holy cross church", "website": null, "check_date": null, "description": null, "female": null, "note": null, "phone": null, "isced:level": null, "education": null, "fee": null, "operator:type": null, "addr:country": null, "email": null, "capacity": null, "operator:short": null, "operator:wikidata": null, "addr:district": null, "check_date:opening_hours": null, "name:hi": null, "building": null, "brand": null, "brand:wikidata": null, "landuse": null, "building:levels": null, "wikipedia": null, "amenity_1": null, "school:gender": null, "old_name": null, "wikimedia_commons": null, "addr:housename": null, "ref:IN:UDISE": null, "barrier": null, "school": null, "name:etymology:wikidata": null, "addr:state": null, "addr:suburb": null, "alt_name": null, "surface": null, "height": null, "building:part": null, "species:en": null, "level": null, "name:mr": null, "short_name": null, "start_date": null, "name:fr": null, "layer": null, "ele": null, "type": null }, "geometry": { "type": "Polygon", "coordinates": [ [ [ 72.8855912, 19.0829094 ], [ 72.88561, 19.0827624 ], [ 72.8855537, 19.0826408 ], [ 72.8852345, 19.0828004 ], [ 72.8852291, 19.0828638 ], [ 72.8855912, 19.0829094 ] ] ] } },
{ "type": "Feature", "properties": { "element": "way", "id": 665546548, "amenity": "school", "name": "Vani Vidyalaya", "opening_hours": null, "source": null, "tourism": null, "name:ur": null, "addr:city": null, "addr:housenumber": null, "addr:postcode": null, "addr:street": null, "denomination": null, "grades": null, "religion": null, "timing": null, "wikidata": null, "fixme": null, "name:en": null, "operator": null, "website": null, "check_date": null, "description": null, "female": null, "note": null, "phone": null, "isced:level": null, "education": null, "fee": null, "operator:type": null, "addr:country": null, "email": null, "capacity": null, "operator:short": null, "operator:wikidata": null, "addr:district": null, "check_date:opening_hours": null, "name:hi": null, "building": null, "brand": null, "brand:wikidata": null, "landuse": null, "building:levels": null, "wikipedia": null, "amenity_1": null, "school:gender": null, "old_name": null, "wikimedia_commons": null, "addr:housename": null, "ref:IN:UDISE": null, "barrier": null, "school": null, "name:etymology:wikidata": null, "addr:state": null, "addr:suburb": null, "alt_name": null, "surface": null, "height": null, "building:part": null, "species:en": null, "level": null, "name:mr": null, "short_name": null, "start_date": null, "name:fr": null, "layer": null, "ele": null, "type": null }, "geometry": { "type": "Polygon", "coordinates": [ [ [ 72.9540279, 19.1693698 ], [ 72.9543579, 19.1697676 ], [ 72.9539072, 19.1699196 ], [ 72.9536149, 19.1696206 ], [ 72.9537337, 19.1695189 ], [ 72.9537758, 19.1695624 ], [ 72.9540279, 19.1693698 ] ] ] } },
{ "type": "Feature", "properties": { "element": "way", "id": 665546549, "amenity": "school", "name": "Mulund Vidya Mandir", "opening_hours": null, "source": null, "tourism": null, "name:ur": null, "addr:city": null, "addr:housenumber": null, "addr:postcode": null, "addr:street": null, "denomination": null, "grades": null, "religion": null, "timing": null, "wikidata": null, "fixme": null, "name:en": null, "operator": null, "website": null, "check_date": null, "description": null, "female": null, "note": null, "phone": null, "isced:level": null, "education": null, "fee": null, "operator:type": null, "addr:country": null, "email": null, "capacity": null, "operator:short": null, "operator:wikidata": null, "addr:district": null, "check_date:opening_hours": null, "name:hi": null, "building": null, "brand": null, "brand:wikidata": null, "landuse": null, "building:levels": null, "wikipedia": null, "amenity_1": null, "school:gender": null, "old_name": null, "wikimedia_commons": null, "addr:housename": null, "ref:IN:UDISE": null, "barrier": null, "school": null, "name:etymology:wikidata": null, "addr:state": null, "addr:suburb": null, "alt_name": null, "surface": null, "height": null, "building:part": null, "species:en": null, "level": null, "name:mr": null, "short_name": null, "start_date": null, "name:fr": null, "layer": null, "ele": null, "type": null }, "geometry": { "type": "Polygon", "coordinates": [ [ [ 72.953475, 19.1692359 ], [ 72.9537329, 19.1690227 ], [ 72.9540279, 19.1693698 ], [ 72.9537758, 19.1695624 ], [ 72.9537337, 19.1695189 ], [ 72.9536681, 19.1694512 ], [ 72.953475, 19.1692359 ] ] ] } },
{ "type": "Feature", "properties": { "element": "way", "id": 665670041, "amenity": "school", "name": null, "opening_hours": null, "source": null, "tourism": null, "name:ur": null, "addr:city": null, "addr:housenumber": null, "addr:postcode": null, "addr:street": null, "denomination": null, "grades": null, "religion": null, "timing": null, "wikidata": null, "fixme": null, "name:en": null, "operator": null, "website": null, "check_date": null, "description": null, "female": null, "note": null, "phone": null, "isced:level": null, "education": null, "fee": null, "operator:type": null, "addr:country": null, "email": null, "capacity": null, "operator:short": null, "operator:wikidata": null, "addr:district": null, "check_date:opening_hours": null, "name:hi": null, "building": null, "brand": null, "brand:wikidata": null, "landuse": null, "building:levels": null, "wikipedia": null, "amenity_1": null, "school:gender": null, "old_name": null, "wikimedia_commons": null, "addr:housename": null, "ref:IN:UDISE": null, "barrier": null, "school": null, "name:etymology:wikidata": null, "addr:state": null, "addr:suburb": null, "alt_name": null, "surface": null, "height": null, "building:part": null, "species:en": null, "level": null, "name:mr": null, "short_name": null, "start_date": null, "name:fr": null, "layer": null, "ele": null, "type": null }, "geometry": { "type": "Polygon", "coordinates": [ [ [ 72.945528, 19.1735551 ], [ 72.9458687, 19.1728863 ], [ 72.9459867, 19.1726532 ], [ 72.9458345, 19.1726224 ], [ 72.9457238, 19.1726 ], [ 72.9453, 19.1733955 ], [ 72.9452062, 19.173436 ], [ 72.9452062, 19.1736767 ], [ 72.945528, 19.1735551 ] ] ] } },
{ "type": "Feature", "properties": { "element": "way", "id": 665670047, "amenity": "school", "name": "Vidyaben D. Gardi High School and Junior College", "opening_hours": null, "source": null, "tourism": null, "name:ur": null, "addr:city": null, "addr:housenumber": null, "addr:postcode": null, "addr:street": null, "denomination": null, "grades": null, "religion": null, "timing": null, "wikidata": null, "fixme": null, "name:en": null, "operator": null, "website": null, "check_date": null, "description": null, "female": null, "note": null, "phone": null, "isced:level": null, "education": null, "fee": null, "operator:type": null, "addr:country": null, "email": null, "capacity": null, "operator:short": null, "operator:wikidata": null, "addr:district": null, "check_date:opening_hours": null, "name:hi": null, "building": null, "brand": null, "brand:wikidata": null, "landuse": null, "building:levels": null, "wikipedia": null, "amenity_1": null, "school:gender": null, "old_name": null, "wikimedia_commons": null, "addr:housename": null, "ref:IN:UDISE": null, "barrier": null, "school": null, "name:etymology:wikidata": null, "addr:state": null, "addr:suburb": null, "alt_name": null, "surface": null, "height": null, "building:part": null, "species:en": null, "level": null, "name:mr": null, "short_name": null, "start_date": null, "name:fr": null, "layer": null, "ele": null, "type": null }, "geometry": { "type": "Polygon", "coordinates": [ [ [ 72.9464453, 19.1701957 ], [ 72.9466438, 19.1704339 ], [ 72.9462844, 19.170824 ], [ 72.9460886, 19.1711635 ], [ 72.9460055, 19.1714549 ], [ 72.9458177, 19.1714143 ], [ 72.9458623, 19.171278 ], [ 72.9460103, 19.1708262 ], [ 72.9461288, 19.1704643 ], [ 72.9463944, 19.1702375 ], [ 72.9464453, 19.1701957 ] ] ] } },
{ "type": "Feature", "properties": { "element": "way", "id": 665670048, "amenity": "school", "name": "Sri Sri Ravishankar Vidya Mandir,", "opening_hours": null, "source": null, "tourism": null, "name:ur": null, "addr:city": null, "addr:housenumber": null, "addr:postcode": null, "addr:street": null, "denomination": null, "grades": null, "religion": null, "timing": null, "wikidata": null, "fixme": null, "name:en": null, "operator": null, "website": null, "check_date": null, "description": null, "female": null, "note": null, "phone": null, "isced:level": null, "education": null, "fee": null, "operator:type": null, "addr:country": null, "email": null, "capacity": null, "operator:short": null, "operator:wikidata": null, "addr:district": null, "check_date:opening_hours": null, "name:hi": null, "building": null, "brand": null, "brand:wikidata": null, "landuse": null, "building:levels": null, "wikipedia": null, "amenity_1": null, "school:gender": null, "old_name": null, "wikimedia_commons": null, "addr:housename": null, "ref:IN:UDISE": null, "barrier": null, "school": null, "name:etymology:wikidata": null, "addr:state": null, "addr:suburb": null, "alt_name": null, "surface": null, "height": null, "building:part": null, "species:en": null, "level": null, "name:mr": null, "short_name": null, "start_date": null, "name:fr": null, "layer": null, "ele": null, "type": null }, "geometry": { "type": "Polygon", "coordinates": [ [ [ 72.9458269, 19.1658548 ], [ 72.9454583, 19.1654353 ], [ 72.9460108, 19.1651262 ], [ 72.9463188, 19.165498 ], [ 72.9458269, 19.1658548 ] ] ] } },
{ "type": "Feature", "properties": { "element": "way", "id": 665670051, "amenity": "school", "name": "Goshala Municipal School", "opening_hours": null, "source": null, "tourism": null, "name:ur": null, "addr:city": "Mulund (West)", "addr:housenumber": null, "addr:postcode": "400080", "addr:street": "Goshala Road", "denomination": null, "grades": null, "religion": null, "timing": null, "wikidata": null, "fixme": null, "name:en": null, "operator": null, "website": null, "check_date": null, "description": null, "female": null, "note": null, "phone": null, "isced:level": null, "education": null, "fee": null, "operator:type": null, "addr:country": null, "email": null, "capacity": null, "operator:short": null, "operator:wikidata": null, "addr:district": null, "check_date:opening_hours": null, "name:hi": null, "building": null, "brand": null, "brand:wikidata": null, "landuse": null, "building:levels": null, "wikipedia": null, "amenity_1": null, "school:gender": null, "old_name": null, "wikimedia_commons": null, "addr:housename": null, "ref:IN:UDISE": null, "barrier": null, "school": null, "name:etymology:wikidata": null, "addr:state": null, "addr:suburb": null, "alt_name": null, "surface": null, "height": null, "building:part": null, "species:en": null, "level": null, "name:mr": null, "short_name": null, "start_date": null, "name:fr": null, "layer": null, "ele": null, "type": null }, "geometry": { "type": "Polygon", "coordinates": [ [ [ 72.9485911, 19.1682095 ], [ 72.9490632, 19.1678092 ], [ 72.9491758, 19.1677965 ], [ 72.9495299, 19.1681867 ], [ 72.9490128, 19.1686239 ], [ 72.9485911, 19.1682095 ] ] ] } },
{ "type": "Feature", "properties": { "element": "way", "id": 665946587, "amenity": "school", "name": "Municipal School", "opening_hours": null, "source": null, "tourism": null, "name:ur": null, "addr:city": null, "addr:housenumber": null, "addr:postcode": null, "addr:street": null, "denomination": null, "grades": null, "religion": null, "timing": null, "wikidata": null, "fixme": null, "name:en": null, "operator": null, "website": null, "check_date": null, "description": null, "female": null, "note": null, "phone": null, "isced:level": null, "education": null, "fee": null, "operator:type": null, "addr:country": null, "email": null, "capacity": null, "operator:short": null, "operator:wikidata": null, "addr:district": null, "check_date:opening_hours": null, "name:hi": null, "building": null, "brand": null, "brand:wikidata": null, "landuse": null, "building:levels": null, "wikipedia": null, "amenity_1": null, "school:gender": null, "old_name": null, "wikimedia_commons": null, "addr:housename": null, "ref:IN:UDISE": null, "barrier": null, "school": null, "name:etymology:wikidata": null, "addr:state": null, "addr:suburb": null, "alt_name": null, "surface": null, "height": null, "building:part": null, "species:en": null, "level": null, "name:mr": null, "short_name": null, "start_date": null, "name:fr": null, "layer": null, "ele": null, "type": null }, "geometry": { "type": "Polygon", "coordinates": [ [ [ 72.9495192, 19.1734462 ], [ 72.9495768, 19.1733967 ], [ 72.9503587, 19.174191 ], [ 72.950002, 19.1741859 ], [ 72.950002, 19.1744469 ], [ 72.9494924, 19.1744406 ], [ 72.9495192, 19.1734462 ] ] ] } },
{ "type": "Feature", "properties": { "element": "way", "id": 665946592, "amenity": "school", "name": "Dayanand High School & Junior College", "opening_hours": null, "source": null, "tourism": null, "name:ur": null, "addr:city": "Mulund (West)", "addr:housenumber": null, "addr:postcode": "400080", "addr:street": "Lala Devidayal Road", "denomination": null, "grades": null, "religion": null, "timing": null, "wikidata": null, "fixme": null, "name:en": null, "operator": null, "website": null, "check_date": null, "description": null, "female": null, "note": null, "phone": null, "isced:level": null, "education": null, "fee": null, "operator:type": null, "addr:country": null, "email": null, "capacity": null, "operator:short": null, "operator:wikidata": null, "addr:district": null, "check_date:opening_hours": null, "name:hi": null, "building": null, "brand": null, "brand:wikidata": null, "landuse": null, "building:levels": null, "wikipedia": null, "amenity_1": null, "school:gender": null, "old_name": null, "wikimedia_commons": null, "addr:housename": null, "ref:IN:UDISE": null, "barrier": null, "school": null, "name:etymology:wikidata": null, "addr:state": null, "addr:suburb": null, "alt_name": null, "surface": null, "height": null, "building:part": null, "species:en": null, "level": null, "name:mr": null, "short_name": null, "start_date": null, "name:fr": null, "layer": null, "ele": null, "type": null }, "geometry": { "type": "Polygon", "coordinates": [ [ [ 72.9501629, 19.1763114 ], [ 72.9501657, 19.1759504 ], [ 72.9498036, 19.1759479 ], [ 72.9498008, 19.1763089 ], [ 72.9497796, 19.1767189 ], [ 72.9501468, 19.1767307 ], [ 72.9501629, 19.1763114 ] ] ] } },
{ "type": "Feature", "properties": { "element": "way", "id": 667167843, "amenity": "school", "name": "BMC School", "opening_hours": null, "source": null, "tourism": null, "name:ur": null, "addr:city": null, "addr:housenumber": null, "addr:postcode": null, "addr:street": null, "denomination": null, "grades": null, "religion": null, "timing": null, "wikidata": null, "fixme": null, "name:en": null, "operator": null, "website": null, "check_date": null, "description": null, "female": null, "note": null, "phone": null, "isced:level": null, "education": null, "fee": null, "operator:type": null, "addr:country": null, "email": null, "capacity": null, "operator:short": null, "operator:wikidata": null, "addr:district": null, "check_date:opening_hours": null, "name:hi": null, "building": null, "brand": null, "brand:wikidata": null, "landuse": null, "building:levels": null, "wikipedia": null, "amenity_1": null, "school:gender": null, "old_name": null, "wikimedia_commons": null, "addr:housename": null, "ref:IN:UDISE": null, "barrier": null, "school": null, "name:etymology:wikidata": null, "addr:state": null, "addr:suburb": null, "alt_name": null, "surface": null, "height": null, "building:part": null, "species:en": null, "level": null, "name:mr": null, "short_name": null, "start_date": null, "name:fr": null, "layer": null, "ele": null, "type": null }, "geometry": { "type": "Polygon", "coordinates": [ [ [ 72.9342708, 19.17355 ], [ 72.9341125, 19.1733018 ], [ 72.9345256, 19.1730535 ], [ 72.9346731, 19.1732967 ], [ 72.934657, 19.1733372 ], [ 72.9342708, 19.17355 ] ] ] } },
{ "type": "Feature", "properties": { "element": "way", "id": 671540233, "amenity": "school", "name": "Mogli Gardern", "opening_hours": null, "source": null, "tourism": null, "name:ur": null, "addr:city": "Mumbai", "addr:housenumber": null, "addr:postcode": "400070", "addr:street": "Pipe Line Road", "denomination": "roman_catholic", "grades": null, "religion": "christian", "timing": null, "wikidata": null, "fixme": null, "name:en": null, "operator": "catholic education society", "website": "https://www.michaelhighschool.com/", "check_date": null, "description": null, "female": null, "note": null, "phone": null, "isced:level": null, "education": null, "fee": null, "operator:type": null, "addr:country": null, "email": null, "capacity": null, "operator:short": null, "operator:wikidata": null, "addr:district": null, "check_date:opening_hours": null, "name:hi": null, "building": null, "brand": null, "brand:wikidata": null, "landuse": null, "building:levels": null, "wikipedia": null, "amenity_1": null, "school:gender": null, "old_name": null, "wikimedia_commons": null, "addr:housename": null, "ref:IN:UDISE": null, "barrier": null, "school": null, "name:etymology:wikidata": null, "addr:state": null, "addr:suburb": null, "alt_name": null, "surface": null, "height": null, "building:part": null, "species:en": null, "level": null, "name:mr": null, "short_name": null, "start_date": null, "name:fr": null, "layer": null, "ele": null, "type": null }, "geometry": { "type": "Polygon", "coordinates": [ [ [ 72.8832982, 19.083463 ], [ 72.883338, 19.0834583 ], [ 72.8834494, 19.0834482 ], [ 72.8834427, 19.0834304 ], [ 72.8834708, 19.0834266 ], [ 72.8835151, 19.0833392 ], [ 72.883507, 19.0832175 ], [ 72.883322, 19.0832809 ], [ 72.8833099, 19.0832378 ], [ 72.8832522, 19.0832657 ], [ 72.8832982, 19.083463 ] ] ] } },
{ "type": "Feature", "properties": { "element": "way", "id": 675093586, "amenity": "school", "name": "Marathi Municipal school", "opening_hours": null, "source": null, "tourism": null, "name:ur": null, "addr:city": null, "addr:housenumber": null, "addr:postcode": null, "addr:street": null, "denomination": null, "grades": null, "religion": null, "timing": null, "wikidata": null, "fixme": null, "name:en": null, "operator": "Brihanmumbai Municipal Corporation", "website": null, "check_date": null, "description": null, "female": null, "note": null, "phone": null, "isced:level": null, "education": null, "fee": null, "operator:type": null, "addr:country": null, "email": null, "capacity": null, "operator:short": null, "operator:wikidata": null, "addr:district": null, "check_date:opening_hours": null, "name:hi": null, "building": null, "brand": null, "brand:wikidata": null, "landuse": null, "building:levels": null, "wikipedia": null, "amenity_1": null, "school:gender": null, "old_name": null, "wikimedia_commons": null, "addr:housename": null, "ref:IN:UDISE": null, "barrier": null, "school": null, "name:etymology:wikidata": null, "addr:state": null, "addr:suburb": null, "alt_name": null, "surface": null, "height": null, "building:part": null, "species:en": null, "level": null, "name:mr": null, "short_name": null, "start_date": null, "name:fr": null, "layer": null, "ele": null, "type": null }, "geometry": { "type": "Polygon", "coordinates": [ [ [ 72.9054964, 19.0758867 ], [ 72.9060597, 19.0758664 ], [ 72.9058719, 19.0755927 ], [ 72.9054749, 19.0755825 ], [ 72.9054964, 19.0758867 ] ] ] } },
{ "type": "Feature", "properties": { "element": "way", "id": 675094134, "amenity": "school", "name": "Vidya Bhavan", "opening_hours": null, "source": null, "tourism": null, "name:ur": null, "addr:city": null, "addr:housenumber": null, "addr:postcode": null, "addr:street": null, "denomination": null, "grades": null, "religion": null, "timing": null, "wikidata": null, "fixme": null, "name:en": null, "operator": null, "website": null, "check_date": null, "description": null, "female": null, "note": null, "phone": null, "isced:level": null, "education": null, "fee": null, "operator:type": null, "addr:country": null, "email": null, "capacity": null, "operator:short": null, "operator:wikidata": null, "addr:district": null, "check_date:opening_hours": null, "name:hi": null, "building": null, "brand": null, "brand:wikidata": null, "landuse": null, "building:levels": null, "wikipedia": null, "amenity_1": null, "school:gender": null, "old_name": null, "wikimedia_commons": null, "addr:housename": null, "ref:IN:UDISE": null, "barrier": null, "school": null, "name:etymology:wikidata": null, "addr:state": null, "addr:suburb": null, "alt_name": null, "surface": null, "height": null, "building:part": null, "species:en": null, "level": null, "name:mr": null, "short_name": null, "start_date": null, "name:fr": null, "layer": null, "ele": null, "type": null }, "geometry": { "type": "Polygon", "coordinates": [ [ [ 72.9059524, 19.0719423 ], [ 72.9065585, 19.072713 ], [ 72.9075134, 19.0720995 ], [ 72.9061187, 19.0718409 ], [ 72.9059524, 19.0719423 ] ] ] } },
{ "type": "Feature", "properties": { "element": "way", "id": 685548839, "amenity": "school", "name": "IES V N Sule Guruji", "opening_hours": null, "source": null, "tourism": null, "name:ur": null, "addr:city": null, "addr:housenumber": null, "addr:postcode": null, "addr:street": null, "denomination": null, "grades": null, "religion": null, "timing": null, "wikidata": null, "fixme": null, "name:en": null, "operator": null, "website": null, "check_date": "2026-03-20", "description": null, "female": null, "note": null, "phone": null, "isced:level": null, "education": null, "fee": "yes", "operator:type": null, "addr:country": null, "email": null, "capacity": null, "operator:short": null, "operator:wikidata": null, "addr:district": null, "check_date:opening_hours": null, "name:hi": null, "building": "yes", "brand": null, "brand:wikidata": null, "landuse": null, "building:levels": null, "wikipedia": null, "amenity_1": null, "school:gender": null, "old_name": null, "wikimedia_commons": null, "addr:housename": null, "ref:IN:UDISE": null, "barrier": null, "school": null, "name:etymology:wikidata": null, "addr:state": null, "addr:suburb": null, "alt_name": null, "surface": null, "height": null, "building:part": null, "species:en": null, "level": null, "name:mr": null, "short_name": null, "start_date": null, "name:fr": null, "layer": null, "ele": null, "type": null }, "geometry": { "type": "Polygon", "coordinates": [ [ [ 72.8485681, 19.0221218 ], [ 72.8488778, 19.021924 ], [ 72.8487831, 19.0217941 ], [ 72.8487341, 19.021828 ], [ 72.8484668, 19.0220128 ], [ 72.8485681, 19.0221218 ] ] ] } },
{ "type": "Feature", "properties": { "element": "way", "id": 685548841, "amenity": "school", "name": "Raja Shivaji Vidyalay", "opening_hours": null, "source": null, "tourism": null, "name:ur": null, "addr:city": null, "addr:housenumber": null, "addr:postcode": null, "addr:street": null, "denomination": null, "grades": null, "religion": null, "timing": null, "wikidata": null, "fixme": null, "name:en": null, "operator": null, "website": null, "check_date": null, "description": null, "female": null, "note": null, "phone": null, "isced:level": "1;2;3", "education": null, "fee": "yes", "operator:type": null, "addr:country": null, "email": null, "capacity": null, "operator:short": null, "operator:wikidata": null, "addr:district": null, "check_date:opening_hours": null, "name:hi": null, "building": "yes", "brand": null, "brand:wikidata": null, "landuse": null, "building:levels": null, "wikipedia": null, "amenity_1": null, "school:gender": null, "old_name": null, "wikimedia_commons": null, "addr:housename": null, "ref:IN:UDISE": null, "barrier": null, "school": null, "name:etymology:wikidata": null, "addr:state": null, "addr:suburb": null, "alt_name": null, "surface": null, "height": null, "building:part": null, "species:en": null, "level": null, "name:mr": null, "short_name": null, "start_date": null, "name:fr": null, "layer": null, "ele": null, "type": null }, "geometry": { "type": "Polygon", "coordinates": [ [ [ 72.8488831, 19.0219224 ], [ 72.8491802, 19.0217177 ], [ 72.8490297, 19.0215195 ], [ 72.8489502, 19.0215718 ], [ 72.8490043, 19.02165 ], [ 72.8489672, 19.0216745 ], [ 72.8487896, 19.0217914 ], [ 72.8488831, 19.0219224 ] ] ] } },
{ "type": "Feature", "properties": { "element": "way", "id": 685548843, "amenity": "school", "name": "Digambar Patkar Vidyalaya", "opening_hours": null, "source": null, "tourism": null, "name:ur": null, "addr:city": null, "addr:housenumber": null, "addr:postcode": null, "addr:street": null, "denomination": null, "grades": null, "religion": null, "timing": null, "wikidata": null, "fixme": null, "name:en": null, "operator": null, "website": null, "check_date": "2026-03-20", "description": null, "female": null, "note": null, "phone": null, "isced:level": "1;2;3", "education": null, "fee": "yes", "operator:type": null, "addr:country": null, "email": null, "capacity": null, "operator:short": null, "operator:wikidata": null, "addr:district": null, "check_date:opening_hours": null, "name:hi": null, "building": "yes", "brand": null, "brand:wikidata": null, "landuse": null, "building:levels": null, "wikipedia": null, "amenity_1": null, "school:gender": null, "old_name": null, "wikimedia_commons": null, "addr:housename": null, "ref:IN:UDISE": null, "barrier": null, "school": null, "name:etymology:wikidata": null, "addr:state": null, "addr:suburb": null, "alt_name": null, "surface": null, "height": null, "building:part": null, "species:en": null, "level": null, "name:mr": null, "short_name": null, "start_date": null, "name:fr": null, "layer": null, "ele": null, "type": null }, "geometry": { "type": "Polygon", "coordinates": [ [ [ 72.8488689, 19.021596 ], [ 72.8490152, 19.0214999 ], [ 72.8487639, 19.0211394 ], [ 72.8485519, 19.021086 ], [ 72.8484982, 19.0211261 ], [ 72.8488689, 19.021596 ] ] ] } },
{ "type": "Feature", "properties": { "element": "way", "id": 685548846, "amenity": "school", "name": "IES Orion", "opening_hours": null, "source": null, "tourism": null, "name:ur": null, "addr:city": null, "addr:housenumber": null, "addr:postcode": null, "addr:street": null, "denomination": null, "grades": null, "religion": null, "timing": null, "wikidata": null, "fixme": null, "name:en": null, "operator": null, "website": null, "check_date": "2026-03-20", "description": null, "female": null, "note": null, "phone": null, "isced:level": "2;3", "education": null, "fee": "yes", "operator:type": null, "addr:country": null, "email": null, "capacity": null, "operator:short": null, "operator:wikidata": null, "addr:district": null, "check_date:opening_hours": null, "name:hi": null, "building": "yes", "brand": null, "brand:wikidata": null, "landuse": null, "building:levels": null, "wikipedia": null, "amenity_1": null, "school:gender": null, "old_name": null, "wikimedia_commons": null, "addr:housename": null, "ref:IN:UDISE": null, "barrier": null, "school": null, "name:etymology:wikidata": null, "addr:state": null, "addr:suburb": null, "alt_name": null, "surface": null, "height": null, "building:part": null, "species:en": null, "level": null, "name:mr": null, "short_name": null, "start_date": null, "name:fr": null, "layer": null, "ele": null, "type": null }, "geometry": { "type": "Polygon", "coordinates": [ [ [ 72.8478421, 19.0216807 ], [ 72.8479154, 19.0216331 ], [ 72.8485323, 19.0212324 ], [ 72.8484668, 19.0211459 ], [ 72.8477807, 19.0215962 ], [ 72.8478421, 19.0216807 ] ] ] } },
{ "type": "Feature", "properties": { "element": "way", "id": 685553901, "amenity": "school", "name": "Bansidhar Agarwal High School", "opening_hours": null, "source": null, "tourism": null, "name:ur": null, "addr:city": null, "addr:housenumber": null, "addr:postcode": null, "addr:street": null, "denomination": null, "grades": null, "religion": null, "timing": null, "wikidata": null, "fixme": null, "name:en": null, "operator": null, "website": null, "check_date": null, "description": null, "female": null, "note": null, "phone": null, "isced:level": null, "education": null, "fee": null, "operator:type": null, "addr:country": null, "email": null, "capacity": null, "operator:short": null, "operator:wikidata": null, "addr:district": null, "check_date:opening_hours": null, "name:hi": null, "building": null, "brand": null, "brand:wikidata": null, "landuse": null, "building:levels": null, "wikipedia": null, "amenity_1": null, "school:gender": null, "old_name": null, "wikimedia_commons": null, "addr:housename": null, "ref:IN:UDISE": null, "barrier": null, "school": null, "name:etymology:wikidata": null, "addr:state": null, "addr:suburb": null, "alt_name": null, "surface": null, "height": null, "building:part": null, "species:en": null, "level": null, "name:mr": null, "short_name": null, "start_date": null, "name:fr": null, "layer": null, "ele": null, "type": null }, "geometry": { "type": "Polygon", "coordinates": [ [ [ 72.8558314, 19.0177099 ], [ 72.8559788, 19.0176032 ], [ 72.8559336, 19.0175459 ], [ 72.8560108, 19.0174841 ], [ 72.8559479, 19.0174032 ], [ 72.8557233, 19.017565 ], [ 72.8558314, 19.0177099 ] ] ] } },
{ "type": "Feature", "properties": { "element": "way", "id": 687295050, "amenity": "school", "name": "Dnyaneshwar Vidyalay", "opening_hours": null, "source": null, "tourism": null, "name:ur": null, "addr:city": null, "addr:housenumber": null, "addr:postcode": null, "addr:street": null, "denomination": null, "grades": null, "religion": null, "timing": null, "wikidata": null, "fixme": null, "name:en": null, "operator": null, "website": null, "check_date": null, "description": null, "female": null, "note": null, "phone": null, "isced:level": null, "education": null, "fee": null, "operator:type": null, "addr:country": null, "email": null, "capacity": null, "operator:short": null, "operator:wikidata": null, "addr:district": null, "check_date:opening_hours": null, "name:hi": null, "building": null, "brand": null, "brand:wikidata": null, "landuse": null, "building:levels": null, "wikipedia": null, "amenity_1": null, "school:gender": null, "old_name": null, "wikimedia_commons": null, "addr:housename": null, "ref:IN:UDISE": null, "barrier": null, "school": null, "name:etymology:wikidata": null, "addr:state": null, "addr:suburb": null, "alt_name": null, "surface": null, "height": null, "building:part": null, "species:en": null, "level": null, "name:mr": null, "short_name": null, "start_date": null, "name:fr": null, "layer": null, "ele": null, "type": null }, "geometry": { "type": "Polygon", "coordinates": [ [ [ 72.8542333, 19.0084633 ], [ 72.8545362, 19.0084558 ], [ 72.8545619, 19.0081188 ], [ 72.8544609, 19.0077913 ], [ 72.8544107, 19.0073447 ], [ 72.8542451, 19.0073364 ], [ 72.8542333, 19.0084633 ] ] ] } },
{ "type": "Feature", "properties": { "element": "way", "id": 695888844, "amenity": "school", "name": "Dharmaprakash Sreenivasaiah High School", "opening_hours": null, "source": null, "tourism": null, "name:ur": null, "addr:city": "Mumbai", "addr:housenumber": "5A, 6", "addr:postcode": "400022", "addr:street": "Road No 24", "denomination": null, "grades": null, "religion": null, "timing": null, "wikidata": null, "fixme": null, "name:en": null, "operator": null, "website": null, "check_date": "2026-03-20", "description": null, "female": null, "note": null, "phone": null, "isced:level": null, "education": null, "fee": null, "operator:type": null, "addr:country": null, "email": null, "capacity": null, "operator:short": null, "operator:wikidata": null, "addr:district": null, "check_date:opening_hours": null, "name:hi": null, "building": "yes", "brand": null, "brand:wikidata": null, "landuse": null, "building:levels": "4", "wikipedia": null, "amenity_1": null, "school:gender": null, "old_name": null, "wikimedia_commons": null, "addr:housename": null, "ref:IN:UDISE": null, "barrier": null, "school": null, "name:etymology:wikidata": null, "addr:state": null, "addr:suburb": null, "alt_name": null, "surface": null, "height": null, "building:part": null, "species:en": null, "level": null, "name:mr": null, "short_name": null, "start_date": null, "name:fr": null, "layer": null, "ele": null, "type": null }, "geometry": { "type": "Polygon", "coordinates": [ [ [ 72.8616499, 19.0420801 ], [ 72.8617866, 19.0419897 ], [ 72.8620217, 19.0423072 ], [ 72.8622536, 19.0421705 ], [ 72.8623308, 19.0422875 ], [ 72.8619729, 19.0425162 ], [ 72.8616499, 19.0420801 ] ] ] } },
{ "type": "Feature", "properties": { "element": "way", "id": 723512525, "amenity": "school", "name": "Kendriya Vidyalaya IIT Powai", "opening_hours": null, "source": null, "tourism": null, "name:ur": null, "addr:city": null, "addr:housenumber": null, "addr:postcode": null, "addr:street": null, "denomination": null, "grades": null, "religion": null, "timing": null, "wikidata": null, "fixme": null, "name:en": null, "operator": null, "website": null, "check_date": null, "description": null, "female": null, "note": null, "phone": null, "isced:level": null, "education": null, "fee": null, "operator:type": null, "addr:country": null, "email": null, "capacity": null, "operator:short": null, "operator:wikidata": null, "addr:district": null, "check_date:opening_hours": null, "name:hi": null, "building": null, "brand": "Kendriya Vidyalaya", "brand:wikidata": "Q1156653", "landuse": null, "building:levels": null, "wikipedia": null, "amenity_1": null, "school:gender": null, "old_name": null, "wikimedia_commons": null, "addr:housename": null, "ref:IN:UDISE": null, "barrier": null, "school": null, "name:etymology:wikidata": null, "addr:state": null, "addr:suburb": null, "alt_name": null, "surface": null, "height": null, "building:part": null, "species:en": null, "level": null, "name:mr": null, "short_name": null, "start_date": null, "name:fr": null, "layer": null, "ele": null, "type": null }, "geometry": { "type": "Polygon", "coordinates": [ [ [ 72.9189228, 19.1296655 ], [ 72.9189754, 19.1296269 ], [ 72.9190199, 19.1285985 ], [ 72.9189547, 19.1284527 ], [ 72.9188162, 19.1283829 ], [ 72.9187167, 19.1284033 ], [ 72.9186174, 19.1284262 ], [ 72.9184002, 19.1285605 ], [ 72.9182339, 19.1285782 ], [ 72.9177698, 19.1285757 ], [ 72.9176679, 19.1286618 ], [ 72.9172093, 19.1294474 ], [ 72.9172629, 19.1295031 ], [ 72.9189228, 19.1296655 ] ] ] } },
{ "type": "Feature", "properties": { "element": "way", "id": 723546403, "amenity": "school", "name": "Kendriya Vidyalaya Bhandup", "opening_hours": null, "source": null, "tourism": null, "name:ur": null, "addr:city": null, "addr:housenumber": null, "addr:postcode": null, "addr:street": null, "denomination": null, "grades": null, "religion": null, "timing": null, "wikidata": null, "fixme": null, "name:en": null, "operator": null, "website": null, "check_date": null, "description": null, "female": null, "note": null, "phone": null, "isced:level": null, "education": null, "fee": null, "operator:type": null, "addr:country": null, "email": null, "capacity": null, "operator:short": null, "operator:wikidata": null, "addr:district": null, "check_date:opening_hours": null, "name:hi": null, "building": null, "brand": "Kendriya Vidyalaya", "brand:wikidata": "Q1156653", "landuse": null, "building:levels": null, "wikipedia": null, "amenity_1": null, "school:gender": null, "old_name": null, "wikimedia_commons": null, "addr:housename": null, "ref:IN:UDISE": null, "barrier": null, "school": null, "name:etymology:wikidata": null, "addr:state": null, "addr:suburb": null, "alt_name": null, "surface": null, "height": null, "building:part": null, "species:en": null, "level": null, "name:mr": null, "short_name": null, "start_date": null, "name:fr": null, "layer": null, "ele": null, "type": null }, "geometry": { "type": "Polygon", "coordinates": [ [ [ 72.924378, 19.126216 ], [ 72.9233229, 19.1263956 ], [ 72.9232102, 19.1257469 ], [ 72.9242519, 19.1255607 ], [ 72.924378, 19.126216 ] ] ] } },
{ "type": "Feature", "properties": { "element": "way", "id": 725098202, "amenity": "school", "name": "French International School of Mumbai", "opening_hours": null, "source": "http://www.efib.in/fr/wp-admin/wp-content/uploads/sites/2/2015/PDF/Presentation%20Building%20EFIB%20compressed%20x.pdf", "tourism": null, "name:ur": null, "addr:city": "Mumbai", "addr:housenumber": null, "addr:postcode": "400013", "addr:street": "Ganpatrao Kadam Mar", "denomination": null, "grades": null, "religion": null, "timing": null, "wikidata": null, "fixme": null, "name:en": null, "operator": null, "website": "http://www.efib.in", "check_date": null, "description": null, "female": null, "note": null, "phone": null, "isced:level": null, "education": null, "fee": null, "operator:type": null, "addr:country": null, "email": null, "capacity": null, "operator:short": null, "operator:wikidata": null, "addr:district": null, "check_date:opening_hours": null, "name:hi": null, "building": "yes", "brand": null, "brand:wikidata": null, "landuse": null, "building:levels": "9", "wikipedia": null, "amenity_1": null, "school:gender": null, "old_name": null, "wikimedia_commons": null, "addr:housename": null, "ref:IN:UDISE": null, "barrier": null, "school": null, "name:etymology:wikidata": null, "addr:state": null, "addr:suburb": null, "alt_name": null, "surface": null, "height": null, "building:part": null, "species:en": null, "level": null, "name:mr": null, "short_name": null, "start_date": null, "name:fr": "Ecole Francaise Internationale Bombay", "layer": null, "ele": null, "type": null }, "geometry": { "type": "Polygon", "coordinates": [ [ [ 72.8280749, 18.9967688 ], [ 72.8281384, 18.996451 ], [ 72.8284016, 18.9964821 ], [ 72.8283376, 18.9967979 ], [ 72.8280749, 18.9967688 ] ] ] } },
{ "type": "Feature", "properties": { "element": "way", "id": 752114567, "amenity": "school", "name": "Activity High School", "opening_hours": null, "source": null, "tourism": null, "name:ur": null, "addr:city": null, "addr:housenumber": null, "addr:postcode": null, "addr:street": null, "denomination": null, "grades": null, "religion": null, "timing": null, "wikidata": null, "fixme": null, "name:en": null, "operator": null, "website": null, "check_date": null, "description": null, "female": null, "note": null, "phone": null, "isced:level": null, "education": null, "fee": null, "operator:type": "private", "addr:country": null, "email": null, "capacity": null, "operator:short": null, "operator:wikidata": null, "addr:district": null, "check_date:opening_hours": null, "name:hi": null, "building": null, "brand": null, "brand:wikidata": null, "landuse": null, "building:levels": null, "wikipedia": null, "amenity_1": null, "school:gender": null, "old_name": null, "wikimedia_commons": null, "addr:housename": null, "ref:IN:UDISE": null, "barrier": null, "school": null, "name:etymology:wikidata": null, "addr:state": null, "addr:suburb": null, "alt_name": null, "surface": null, "height": null, "building:part": null, "species:en": null, "level": null, "name:mr": null, "short_name": null, "start_date": null, "name:fr": null, "layer": null, "ele": null, "type": null }, "geometry": { "type": "Polygon", "coordinates": [ [ [ 72.8086724, 18.9743694 ], [ 72.8086805, 18.9742172 ], [ 72.8090527, 18.9742584 ], [ 72.8090305, 18.9744153 ], [ 72.8086724, 18.9743694 ] ] ] } },
{ "type": "Feature", "properties": { "element": "way", "id": 753815723, "amenity": "school", "name": "Mahalaxmi Municipal School", "opening_hours": null, "source": null, "tourism": null, "name:ur": null, "addr:city": null, "addr:housenumber": null, "addr:postcode": null, "addr:street": null, "denomination": null, "grades": null, "religion": null, "timing": null, "wikidata": null, "fixme": null, "name:en": null, "operator": null, "website": null, "check_date": null, "description": null, "female": null, "note": null, "phone": null, "isced:level": "3", "education": null, "fee": null, "operator:type": "public", "addr:country": null, "email": null, "capacity": null, "operator:short": null, "operator:wikidata": null, "addr:district": null, "check_date:opening_hours": null, "name:hi": null, "building": null, "brand": null, "brand:wikidata": null, "landuse": null, "building:levels": null, "wikipedia": null, "amenity_1": null, "school:gender": null, "old_name": null, "wikimedia_commons": null, "addr:housename": null, "ref:IN:UDISE": null, "barrier": null, "school": null, "name:etymology:wikidata": null, "addr:state": null, "addr:suburb": null, "alt_name": null, "surface": null, "height": null, "building:part": null, "species:en": null, "level": null, "name:mr": null, "short_name": null, "start_date": null, "name:fr": null, "layer": null, "ele": null, "type": null }, "geometry": { "type": "Polygon", "coordinates": [ [ [ 72.8072636, 18.9765272 ], [ 72.8073353, 18.9764662 ], [ 72.8074652, 18.9766098 ], [ 72.8073906, 18.9766734 ], [ 72.8072636, 18.9765272 ] ] ] } },
{ "type": "Feature", "properties": { "element": "way", "id": 766804052, "amenity": "school", "name": "Saint Mary's High School", "opening_hours": "Mo-Sa 06:00-18:00", "source": null, "tourism": null, "name:ur": null, "addr:city": "Mumbai", "addr:housenumber": "1", "addr:postcode": "400053", "addr:street": "Wamanrao Mahadik Marg", "denomination": null, "grades": null, "religion": "christian", "timing": null, "wikidata": null, "fixme": null, "name:en": null, "operator": null, "website": null, "check_date": null, "description": null, "female": null, "note": null, "phone": null, "isced:level": null, "education": null, "fee": null, "operator:type": "religious", "addr:country": null, "email": null, "capacity": null, "operator:short": null, "operator:wikidata": null, "addr:district": null, "check_date:opening_hours": null, "name:hi": null, "building": null, "brand": null, "brand:wikidata": null, "landuse": null, "building:levels": null, "wikipedia": null, "amenity_1": null, "school:gender": null, "old_name": null, "wikimedia_commons": null, "addr:housename": null, "ref:IN:UDISE": null, "barrier": "wall", "school": null, "name:etymology:wikidata": null, "addr:state": null, "addr:suburb": null, "alt_name": null, "surface": null, "height": null, "building:part": null, "species:en": null, "level": null, "name:mr": null, "short_name": null, "start_date": null, "name:fr": null, "layer": null, "ele": null, "type": null }, "geometry": { "type": "Polygon", "coordinates": [ [ [ 72.8204681, 19.1356718 ], [ 72.8204274, 19.1355948 ], [ 72.8203145, 19.1353914 ], [ 72.8202359, 19.1352497 ], [ 72.8202427, 19.1351814 ], [ 72.8207061, 19.1352251 ], [ 72.8207464, 19.1349742 ], [ 72.8215234, 19.1350899 ], [ 72.8204681, 19.1356718 ] ] ] } },
{ "type": "Feature", "properties": { "element": "way", "id": 794424283, "amenity": "school", "name": "Worli Naka Upper Primary Marathi School No.2", "opening_hours": null, "source": null, "tourism": null, "name:ur": null, "addr:city": null, "addr:housenumber": null, "addr:postcode": null, "addr:street": null, "denomination": null, "grades": null, "religion": null, "timing": null, "wikidata": null, "fixme": null, "name:en": null, "operator": null, "website": null, "check_date": null, "description": null, "female": null, "note": null, "phone": null, "isced:level": null, "education": null, "fee": null, "operator:type": null, "addr:country": null, "email": null, "capacity": null, "operator:short": null, "operator:wikidata": null, "addr:district": null, "check_date:opening_hours": null, "name:hi": null, "building": null, "brand": null, "brand:wikidata": null, "landuse": null, "building:levels": null, "wikipedia": null, "amenity_1": null, "school:gender": null, "old_name": null, "wikimedia_commons": null, "addr:housename": null, "ref:IN:UDISE": null, "barrier": null, "school": null, "name:etymology:wikidata": null, "addr:state": null, "addr:suburb": null, "alt_name": null, "surface": null, "height": null, "building:part": null, "species:en": null, "level": null, "name:mr": null, "short_name": null, "start_date": null, "name:fr": null, "layer": null, "ele": null, "type": null }, "geometry": { "type": "Polygon", "coordinates": [ [ [ 72.8161631, 19.0075391 ], [ 72.8163661, 19.0074708 ], [ 72.8162894, 19.0072704 ], [ 72.8160774, 19.0073514 ], [ 72.8161631, 19.0075391 ] ] ] } },
{ "type": "Feature", "properties": { "element": "way", "id": 807486129, "amenity": "school", "name": "municipalty school ground", "opening_hours": null, "source": null, "tourism": null, "name:ur": null, "addr:city": null, "addr:housenumber": null, "addr:postcode": null, "addr:street": null, "denomination": null, "grades": null, "religion": null, "timing": null, "wikidata": null, "fixme": null, "name:en": null, "operator": null, "website": null, "check_date": null, "description": null, "female": null, "note": null, "phone": null, "isced:level": null, "education": null, "fee": null, "operator:type": null, "addr:country": null, "email": null, "capacity": null, "operator:short": null, "operator:wikidata": null, "addr:district": null, "check_date:opening_hours": null, "name:hi": null, "building": null, "brand": null, "brand:wikidata": null, "landuse": null, "building:levels": null, "wikipedia": null, "amenity_1": null, "school:gender": null, "old_name": null, "wikimedia_commons": null, "addr:housename": null, "ref:IN:UDISE": null, "barrier": null, "school": null, "name:etymology:wikidata": null, "addr:state": null, "addr:suburb": null, "alt_name": null, "surface": "grass", "height": null, "building:part": null, "species:en": null, "level": null, "name:mr": null, "short_name": null, "start_date": null, "name:fr": null, "layer": null, "ele": null, "type": null }, "geometry": { "type": "Polygon", "coordinates": [ [ [ 72.8316146, 19.2211393 ], [ 72.8316629, 19.2210683 ], [ 72.8314979, 19.2210075 ], [ 72.8314805, 19.2206884 ], [ 72.8317286, 19.2206833 ], [ 72.8317373, 19.2209721 ], [ 72.8317926, 19.220972 ], [ 72.831932, 19.221054 ], [ 72.8319293, 19.2212744 ], [ 72.8316146, 19.2211393 ] ] ] } },
{ "type": "Feature", "properties": { "element": "way", "id": 816434676, "amenity": "school", "name": "Atomic Energy Central School 1 Grounds", "opening_hours": null, "source": null, "tourism": null, "name:ur": null, "addr:city": null, "addr:housenumber": null, "addr:postcode": null, "addr:street": null, "denomination": null, "grades": null, "religion": null, "timing": null, "wikidata": null, "fixme": null, "name:en": null, "operator": null, "website": null, "check_date": "2024-06-29", "description": null, "female": null, "note": null, "phone": null, "isced:level": null, "education": null, "fee": null, "operator:type": null, "addr:country": null, "email": null, "capacity": null, "operator:short": null, "operator:wikidata": null, "addr:district": null, "check_date:opening_hours": null, "name:hi": null, "building": null, "brand": null, "brand:wikidata": null, "landuse": null, "building:levels": null, "wikipedia": null, "amenity_1": null, "school:gender": null, "old_name": null, "wikimedia_commons": null, "addr:housename": null, "ref:IN:UDISE": null, "barrier": null, "school": null, "name:etymology:wikidata": null, "addr:state": null, "addr:suburb": null, "alt_name": null, "surface": null, "height": null, "building:part": null, "species:en": null, "level": null, "name:mr": null, "short_name": null, "start_date": null, "name:fr": null, "layer": null, "ele": null, "type": null }, "geometry": { "type": "Polygon", "coordinates": [ [ [ 72.9198224, 19.0402265 ], [ 72.9198009, 19.039547 ], [ 72.9203106, 19.0394963 ], [ 72.9204018, 19.0401859 ], [ 72.9198224, 19.0402265 ] ] ] } },
{ "type": "Feature", "properties": { "element": "way", "id": 817154080, "amenity": "school", "name": "Swami Vivekanand School Ground", "opening_hours": null, "source": null, "tourism": null, "name:ur": null, "addr:city": null, "addr:housenumber": null, "addr:postcode": null, "addr:street": null, "denomination": null, "grades": null, "religion": null, "timing": null, "wikidata": null, "fixme": null, "name:en": null, "operator": "Swami Vivekanand School", "website": null, "check_date": null, "description": null, "female": null, "note": null, "phone": null, "isced:level": null, "education": null, "fee": null, "operator:type": "private", "addr:country": null, "email": null, "capacity": null, "operator:short": null, "operator:wikidata": null, "addr:district": null, "check_date:opening_hours": null, "name:hi": null, "building": null, "brand": null, "brand:wikidata": null, "landuse": null, "building:levels": null, "wikipedia": null, "amenity_1": null, "school:gender": null, "old_name": null, "wikimedia_commons": null, "addr:housename": null, "ref:IN:UDISE": null, "barrier": null, "school": null, "name:etymology:wikidata": null, "addr:state": null, "addr:suburb": null, "alt_name": null, "surface": null, "height": null, "building:part": null, "species:en": null, "level": null, "name:mr": null, "short_name": null, "start_date": null, "name:fr": null, "layer": null, "ele": null, "type": null }, "geometry": { "type": "Polygon", "coordinates": [ [ [ 72.8306668, 19.2267394 ], [ 72.8312403, 19.2266537 ], [ 72.8312068, 19.2262814 ], [ 72.831074, 19.2262965 ], [ 72.8305299, 19.2263549 ], [ 72.8306668, 19.2267394 ] ] ] } },
{ "type": "Feature", "properties": { "element": "way", "id": 844474524, "amenity": "school", "name": "City International School", "opening_hours": null, "source": null, "tourism": null, "name:ur": null, "addr:city": "Mumbai", "addr:housenumber": null, "addr:postcode": "400053", "addr:street": null, "denomination": null, "grades": null, "religion": null, "timing": null, "wikidata": null, "fixme": null, "name:en": null, "operator": null, "website": null, "check_date": null, "description": null, "female": null, "note": null, "phone": null, "isced:level": null, "education": null, "fee": null, "operator:type": null, "addr:country": null, "email": null, "capacity": null, "operator:short": null, "operator:wikidata": null, "addr:district": null, "check_date:opening_hours": null, "name:hi": null, "building": null, "brand": null, "brand:wikidata": null, "landuse": null, "building:levels": null, "wikipedia": null, "amenity_1": null, "school:gender": null, "old_name": null, "wikimedia_commons": null, "addr:housename": null, "ref:IN:UDISE": null, "barrier": null, "school": null, "name:etymology:wikidata": null, "addr:state": null, "addr:suburb": null, "alt_name": null, "surface": null, "height": null, "building:part": null, "species:en": null, "level": null, "name:mr": null, "short_name": null, "start_date": null, "name:fr": null, "layer": null, "ele": null, "type": null }, "geometry": { "type": "Polygon", "coordinates": [ [ [ 72.8331791, 19.1480487 ], [ 72.8331782, 19.1480307 ], [ 72.8329427, 19.1480302 ], [ 72.8329327, 19.1480296 ], [ 72.8329306, 19.148294 ], [ 72.8331803, 19.1482924 ], [ 72.8331772, 19.1480681 ], [ 72.8331791, 19.1480487 ] ] ] } },
{ "type": "Feature", "properties": { "element": "way", "id": 851810124, "amenity": "school", "name": "AECS 4", "opening_hours": null, "source": null, "tourism": null, "name:ur": null, "addr:city": null, "addr:housenumber": null, "addr:postcode": null, "addr:street": null, "denomination": null, "grades": null, "religion": null, "timing": null, "wikidata": null, "fixme": null, "name:en": null, "operator": null, "website": null, "check_date": null, "description": null, "female": null, "note": null, "phone": null, "isced:level": null, "education": null, "fee": null, "operator:type": null, "addr:country": null, "email": null, "capacity": null, "operator:short": null, "operator:wikidata": null, "addr:district": null, "check_date:opening_hours": null, "name:hi": null, "building": null, "brand": null, "brand:wikidata": null, "landuse": null, "building:levels": null, "wikipedia": null, "amenity_1": null, "school:gender": null, "old_name": null, "wikimedia_commons": null, "addr:housename": null, "ref:IN:UDISE": null, "barrier": null, "school": null, "name:etymology:wikidata": null, "addr:state": null, "addr:suburb": null, "alt_name": null, "surface": null, "height": null, "building:part": null, "species:en": null, "level": null, "name:mr": null, "short_name": null, "start_date": null, "name:fr": null, "layer": null, "ele": null, "type": null }, "geometry": { "type": "Polygon", "coordinates": [ [ [ 72.9274199, 19.0353496 ], [ 72.9283641, 19.0353038 ], [ 72.9283398, 19.0347805 ], [ 72.9285439, 19.0347229 ], [ 72.9284912, 19.0338132 ], [ 72.9275647, 19.0338789 ], [ 72.9276284, 19.0345431 ], [ 72.9273736, 19.0345613 ], [ 72.9274199, 19.0353496 ] ] ] } },
{ "type": "Feature", "properties": { "element": "way", "id": 851810125, "amenity": "school", "name": "Atomic Energy Central School 2", "opening_hours": null, "source": null, "tourism": null, "name:ur": null, "addr:city": null, "addr:housenumber": "Anushakti Nagar, Mumbai, Maharashtra 400094", "addr:postcode": null, "addr:street": "AECS School-2 Road", "denomination": null, "grades": null, "religion": null, "timing": null, "wikidata": null, "fixme": null, "name:en": null, "operator": null, "website": null, "check_date": null, "description": null, "female": null, "note": null, "phone": null, "isced:level": null, "education": null, "fee": null, "operator:type": null, "addr:country": null, "email": null, "capacity": null, "operator:short": null, "operator:wikidata": null, "addr:district": null, "check_date:opening_hours": null, "name:hi": null, "building": null, "brand": null, "brand:wikidata": null, "landuse": null, "building:levels": null, "wikipedia": null, "amenity_1": null, "school:gender": null, "old_name": null, "wikimedia_commons": null, "addr:housename": null, "ref:IN:UDISE": null, "barrier": null, "school": null, "name:etymology:wikidata": null, "addr:state": null, "addr:suburb": null, "alt_name": null, "surface": null, "height": null, "building:part": null, "species:en": null, "level": null, "name:mr": null, "short_name": null, "start_date": null, "name:fr": null, "layer": null, "ele": null, "type": null }, "geometry": { "type": "Polygon", "coordinates": [ [ [ 72.9260709, 19.0372238 ], [ 72.9266838, 19.0371971 ], [ 72.9266947, 19.0373183 ], [ 72.927512, 19.037267 ], [ 72.9274772, 19.036443 ], [ 72.9270773, 19.0364739 ], [ 72.9270751, 19.0365622 ], [ 72.9265165, 19.0366197 ], [ 72.9264361, 19.0358164 ], [ 72.9259579, 19.0358842 ], [ 72.9260709, 19.0372238 ] ] ] } },
{ "type": "Feature", "properties": { "element": "way", "id": 905319538, "amenity": "school", "name": "Atomic Energy Central School 6", "opening_hours": null, "source": null, "tourism": null, "name:ur": null, "addr:city": null, "addr:housenumber": null, "addr:postcode": null, "addr:street": null, "denomination": null, "grades": null, "religion": null, "timing": null, "wikidata": null, "fixme": null, "name:en": null, "operator": null, "website": null, "check_date": null, "description": null, "female": null, "note": null, "phone": null, "isced:level": null, "education": null, "fee": null, "operator:type": null, "addr:country": null, "email": null, "capacity": null, "operator:short": null, "operator:wikidata": null, "addr:district": null, "check_date:opening_hours": null, "name:hi": null, "building": null, "brand": null, "brand:wikidata": null, "landuse": null, "building:levels": null, "wikipedia": null, "amenity_1": null, "school:gender": null, "old_name": null, "wikimedia_commons": null, "addr:housename": null, "ref:IN:UDISE": null, "barrier": null, "school": null, "name:etymology:wikidata": null, "addr:state": null, "addr:suburb": null, "alt_name": null, "surface": null, "height": null, "building:part": null, "species:en": null, "level": null, "name:mr": null, "short_name": null, "start_date": null, "name:fr": null, "layer": null, "ele": null, "type": null }, "geometry": { "type": "Polygon", "coordinates": [ [ [ 72.9114646, 19.0373047 ], [ 72.9115366, 19.0372724 ], [ 72.911524, 19.037213 ], [ 72.9116161, 19.0371735 ], [ 72.9117563, 19.0372229 ], [ 72.9121592, 19.0370813 ], [ 72.9118377, 19.0362644 ], [ 72.9111872, 19.0364932 ], [ 72.9111057, 19.0365901 ], [ 72.9114646, 19.0373047 ] ] ] } },
{ "type": "Feature", "properties": { "element": "way", "id": 905319541, "amenity": "school", "name": "Atomic Energy Central School 6 Grounds", "opening_hours": null, "source": null, "tourism": null, "name:ur": null, "addr:city": null, "addr:housenumber": null, "addr:postcode": null, "addr:street": null, "denomination": null, "grades": null, "religion": null, "timing": null, "wikidata": null, "fixme": null, "name:en": null, "operator": null, "website": null, "check_date": null, "description": null, "female": null, "note": null, "phone": null, "isced:level": null, "education": null, "fee": null, "operator:type": null, "addr:country": null, "email": null, "capacity": null, "operator:short": null, "operator:wikidata": null, "addr:district": null, "check_date:opening_hours": null, "name:hi": null, "building": null, "brand": null, "brand:wikidata": null, "landuse": null, "building:levels": null, "wikipedia": null, "amenity_1": null, "school:gender": null, "old_name": null, "wikimedia_commons": null, "addr:housename": null, "ref:IN:UDISE": null, "barrier": null, "school": null, "name:etymology:wikidata": null, "addr:state": null, "addr:suburb": null, "alt_name": null, "surface": null, "height": null, "building:part": null, "species:en": null, "level": null, "name:mr": null, "short_name": null, "start_date": null, "name:fr": null, "layer": null, "ele": null, "type": null }, "geometry": { "type": "Polygon", "coordinates": [ [ [ 72.9105975, 19.0369841 ], [ 72.9109373, 19.0368263 ], [ 72.9112026, 19.0373367 ], [ 72.9108626, 19.0374946 ], [ 72.9105975, 19.0369841 ] ] ] } },
{ "type": "Feature", "properties": { "element": "way", "id": 909874484, "amenity": "school", "name": "Ryan International School ground (CBSE)", "opening_hours": null, "source": null, "tourism": null, "name:ur": null, "addr:city": null, "addr:housenumber": null, "addr:postcode": null, "addr:street": null, "denomination": null, "grades": null, "religion": null, "timing": null, "wikidata": null, "fixme": null, "name:en": null, "operator": null, "website": null, "check_date": null, "description": null, "female": null, "note": null, "phone": null, "isced:level": null, "education": null, "fee": null, "operator:type": null, "addr:country": null, "email": null, "capacity": null, "operator:short": null, "operator:wikidata": null, "addr:district": null, "check_date:opening_hours": null, "name:hi": null, "building": null, "brand": null, "brand:wikidata": null, "landuse": null, "building:levels": null, "wikipedia": null, "amenity_1": null, "school:gender": null, "old_name": null, "wikimedia_commons": null, "addr:housename": null, "ref:IN:UDISE": null, "barrier": null, "school": null, "name:etymology:wikidata": null, "addr:state": null, "addr:suburb": null, "alt_name": null, "surface": null, "height": null, "building:part": null, "species:en": null, "level": null, "name:mr": null, "short_name": null, "start_date": null, "name:fr": null, "layer": null, "ele": null, "type": null }, "geometry": { "type": "Polygon", "coordinates": [ [ [ 72.8329457, 19.1915062 ], [ 72.8330905, 19.1915619 ], [ 72.8331602, 19.1914353 ], [ 72.8332085, 19.1913289 ], [ 72.8332299, 19.1912486 ], [ 72.8331667, 19.1912353 ], [ 72.8330905, 19.1913138 ], [ 72.8329725, 19.1913086 ], [ 72.8329135, 19.1913947 ], [ 72.8329457, 19.1915062 ] ] ] } },
{ "type": "Feature", "properties": { "element": "way", "id": 936795318, "amenity": "school", "name": "Central Railway Primary Education School", "opening_hours": null, "source": null, "tourism": null, "name:ur": null, "addr:city": null, "addr:housenumber": null, "addr:postcode": null, "addr:street": null, "denomination": null, "grades": null, "religion": null, "timing": null, "wikidata": null, "fixme": null, "name:en": null, "operator": null, "website": null, "check_date": null, "description": null, "female": null, "note": null, "phone": null, "isced:level": null, "education": null, "fee": null, "operator:type": null, "addr:country": null, "email": null, "capacity": null, "operator:short": null, "operator:wikidata": null, "addr:district": null, "check_date:opening_hours": null, "name:hi": null, "building": null, "brand": null, "brand:wikidata": null, "landuse": null, "building:levels": null, "wikipedia": null, "amenity_1": null, "school:gender": null, "old_name": null, "wikimedia_commons": null, "addr:housename": null, "ref:IN:UDISE": null, "barrier": null, "school": null, "name:etymology:wikidata": null, "addr:state": null, "addr:suburb": null, "alt_name": null, "surface": null, "height": null, "building:part": null, "species:en": null, "level": null, "name:mr": null, "short_name": null, "start_date": null, "name:fr": null, "layer": null, "ele": null, "type": null }, "geometry": { "type": "Polygon", "coordinates": [ [ [ 72.837444, 19.0023762 ], [ 72.8382773, 19.0020563 ], [ 72.838145, 19.0017482 ], [ 72.8373117, 19.0020682 ], [ 72.837444, 19.0023762 ] ] ] } },
{ "type": "Feature", "properties": { "element": "way", "id": 946927817, "amenity": "school", "name": null, "opening_hours": null, "source": null, "tourism": null, "name:ur": null, "addr:city": null, "addr:housenumber": null, "addr:postcode": null, "addr:street": null, "denomination": null, "grades": null, "religion": null, "timing": null, "wikidata": null, "fixme": null, "name:en": null, "operator": null, "website": null, "check_date": null, "description": null, "female": null, "note": null, "phone": null, "isced:level": null, "education": null, "fee": null, "operator:type": null, "addr:country": null, "email": null, "capacity": null, "operator:short": null, "operator:wikidata": null, "addr:district": null, "check_date:opening_hours": null, "name:hi": null, "building": null, "brand": null, "brand:wikidata": null, "landuse": null, "building:levels": null, "wikipedia": null, "amenity_1": null, "school:gender": null, "old_name": null, "wikimedia_commons": null, "addr:housename": null, "ref:IN:UDISE": null, "barrier": null, "school": null, "name:etymology:wikidata": null, "addr:state": null, "addr:suburb": null, "alt_name": null, "surface": null, "height": null, "building:part": null, "species:en": null, "level": null, "name:mr": null, "short_name": null, "start_date": null, "name:fr": null, "layer": null, "ele": null, "type": null }, "geometry": { "type": "Polygon", "coordinates": [ [ [ 72.8194803, 19.212669 ], [ 72.8193806, 19.2121977 ], [ 72.8201562, 19.2121397 ], [ 72.8202286, 19.2126158 ], [ 72.8194803, 19.212669 ] ] ] } },
{ "type": "Feature", "properties": { "element": "way", "id": 959553986, "amenity": "school", "name": "Nahar International School", "opening_hours": null, "source": null, "tourism": null, "name:ur": null, "addr:city": null, "addr:housenumber": null, "addr:postcode": null, "addr:street": null, "denomination": null, "grades": null, "religion": null, "timing": null, "wikidata": null, "fixme": null, "name:en": null, "operator": null, "website": null, "check_date": null, "description": null, "female": null, "note": null, "phone": null, "isced:level": null, "education": null, "fee": null, "operator:type": null, "addr:country": null, "email": null, "capacity": null, "operator:short": null, "operator:wikidata": null, "addr:district": null, "check_date:opening_hours": null, "name:hi": null, "building": null, "brand": null, "brand:wikidata": null, "landuse": null, "building:levels": null, "wikipedia": null, "amenity_1": null, "school:gender": null, "old_name": null, "wikimedia_commons": null, "addr:housename": null, "ref:IN:UDISE": null, "barrier": null, "school": null, "name:etymology:wikidata": null, "addr:state": null, "addr:suburb": null, "alt_name": null, "surface": null, "height": null, "building:part": null, "species:en": null, "level": null, "name:mr": null, "short_name": null, "start_date": null, "name:fr": null, "layer": null, "ele": null, "type": null }, "geometry": { "type": "Polygon", "coordinates": [ [ [ 72.8968272, 19.1057367 ], [ 72.8969023, 19.106459 ], [ 72.8960626, 19.1065463 ], [ 72.8959672, 19.1065564 ], [ 72.8958749, 19.1065662 ], [ 72.8954773, 19.1065802 ], [ 72.8951722, 19.1060205 ], [ 72.8951575, 19.1059648 ], [ 72.8951696, 19.1059039 ], [ 72.8951977, 19.1058647 ], [ 72.8952467, 19.1058387 ], [ 72.8958313, 19.1057979 ], [ 72.8968272, 19.1057367 ] ] ] } },
{ "type": "Feature", "properties": { "element": "way", "id": 960803441, "amenity": "school", "name": "Oberoi International School - JVLR Campus", "opening_hours": null, "source": null, "tourism": null, "name:ur": null, "addr:city": null, "addr:housenumber": null, "addr:postcode": null, "addr:street": null, "denomination": null, "grades": null, "religion": null, "timing": null, "wikidata": null, "fixme": null, "name:en": null, "operator": null, "website": null, "check_date": null, "description": null, "female": null, "note": null, "phone": null, "isced:level": null, "education": null, "fee": null, "operator:type": null, "addr:country": null, "email": null, "capacity": null, "operator:short": null, "operator:wikidata": null, "addr:district": null, "check_date:opening_hours": null, "name:hi": null, "building": null, "brand": null, "brand:wikidata": null, "landuse": null, "building:levels": null, "wikipedia": null, "amenity_1": null, "school:gender": null, "old_name": null, "wikimedia_commons": null, "addr:housename": null, "ref:IN:UDISE": null, "barrier": null, "school": null, "name:etymology:wikidata": null, "addr:state": null, "addr:suburb": null, "alt_name": null, "surface": null, "height": null, "building:part": null, "species:en": null, "level": null, "name:mr": null, "short_name": null, "start_date": null, "name:fr": null, "layer": null, "ele": null, "type": null }, "geometry": { "type": "Polygon", "coordinates": [ [ [ 72.8670372, 19.1399142 ], [ 72.8680363, 19.1400075 ], [ 72.8681069, 19.1404604 ], [ 72.8671861, 19.1406607 ], [ 72.8670372, 19.1399142 ] ] ] } },
{ "type": "Feature", "properties": { "element": "way", "id": 961376676, "amenity": "school", "name": "Brihanmumbai Mahanagarpalika Sangamnagar Urdu Primary School", "opening_hours": null, "source": null, "tourism": null, "name:ur": null, "addr:city": null, "addr:housenumber": null, "addr:postcode": null, "addr:street": null, "denomination": null, "grades": null, "religion": null, "timing": null, "wikidata": null, "fixme": null, "name:en": null, "operator": null, "website": null, "check_date": null, "description": null, "female": null, "note": null, "phone": null, "isced:level": "1", "education": null, "fee": null, "operator:type": null, "addr:country": null, "email": null, "capacity": null, "operator:short": null, "operator:wikidata": null, "addr:district": null, "check_date:opening_hours": null, "name:hi": null, "building": null, "brand": null, "brand:wikidata": null, "landuse": null, "building:levels": null, "wikipedia": null, "amenity_1": null, "school:gender": null, "old_name": null, "wikimedia_commons": null, "addr:housename": null, "ref:IN:UDISE": null, "barrier": null, "school": null, "name:etymology:wikidata": null, "addr:state": null, "addr:suburb": null, "alt_name": null, "surface": null, "height": null, "building:part": null, "species:en": null, "level": null, "name:mr": null, "short_name": null, "start_date": null, "name:fr": null, "layer": null, "ele": null, "type": null }, "geometry": { "type": "Polygon", "coordinates": [ [ [ 72.8684145, 19.0255547 ], [ 72.8682885, 19.025078 ], [ 72.8682375, 19.0249969 ], [ 72.8681973, 19.0248143 ], [ 72.8686613, 19.0247332 ], [ 72.8687632, 19.0252226 ], [ 72.8684145, 19.0255547 ] ] ] } },
{ "type": "Feature", "properties": { "element": "way", "id": 961376713, "amenity": "school", "name": "JBCN International School", "opening_hours": null, "source": null, "tourism": null, "name:ur": null, "addr:city": null, "addr:housenumber": null, "addr:postcode": null, "addr:street": null, "denomination": null, "grades": null, "religion": null, "timing": null, "wikidata": null, "fixme": null, "name:en": null, "operator": null, "website": null, "check_date": "2026-03-20", "description": null, "female": null, "note": null, "phone": null, "isced:level": null, "education": null, "fee": null, "operator:type": null, "addr:country": null, "email": null, "capacity": null, "operator:short": null, "operator:wikidata": null, "addr:district": null, "check_date:opening_hours": null, "name:hi": null, "building": null, "brand": null, "brand:wikidata": null, "landuse": null, "building:levels": null, "wikipedia": null, "amenity_1": null, "school:gender": null, "old_name": null, "wikimedia_commons": null, "addr:housename": null, "ref:IN:UDISE": null, "barrier": null, "school": null, "name:etymology:wikidata": null, "addr:state": null, "addr:suburb": null, "alt_name": null, "surface": null, "height": null, "building:part": null, "species:en": null, "level": null, "name:mr": null, "short_name": null, "start_date": null, "name:fr": null, "layer": null, "ele": null, "type": null }, "geometry": { "type": "Polygon", "coordinates": [ [ [ 72.8459671, 18.9991308 ], [ 72.8458719, 18.9991688 ], [ 72.8454776, 18.9992107 ], [ 72.8454253, 18.9991511 ], [ 72.8454387, 18.9989063 ], [ 72.8458947, 18.9988974 ], [ 72.8459685, 18.9988645 ], [ 72.8459671, 18.9991308 ] ] ] } },
{ "type": "Feature", "properties": { "element": "way", "id": 963409764, "amenity": "school", "name": "Billabong International High School", "opening_hours": null, "source": null, "tourism": null, "name:ur": null, "addr:city": null, "addr:housenumber": null, "addr:postcode": null, "addr:street": null, "denomination": null, "grades": null, "religion": null, "timing": null, "wikidata": null, "fixme": null, "name:en": null, "operator": null, "website": null, "check_date": null, "description": null, "female": null, "note": null, "phone": null, "isced:level": null, "education": null, "fee": null, "operator:type": null, "addr:country": null, "email": null, "capacity": null, "operator:short": null, "operator:wikidata": null, "addr:district": null, "check_date:opening_hours": null, "name:hi": null, "building": null, "brand": null, "brand:wikidata": null, "landuse": null, "building:levels": null, "wikipedia": null, "amenity_1": null, "school:gender": null, "old_name": null, "wikimedia_commons": null, "addr:housename": null, "ref:IN:UDISE": null, "barrier": null, "school": null, "name:etymology:wikidata": null, "addr:state": null, "addr:suburb": null, "alt_name": null, "surface": null, "height": null, "building:part": null, "species:en": null, "level": null, "name:mr": null, "short_name": null, "start_date": null, "name:fr": null, "layer": null, "ele": null, "type": null }, "geometry": { "type": "Polygon", "coordinates": [ [ [ 72.946417, 19.1922679 ], [ 72.9470935, 19.1922643 ], [ 72.9470544, 19.1928552 ], [ 72.9463935, 19.1928219 ], [ 72.946417, 19.1922679 ] ] ] } },
{ "type": "Feature", "properties": { "element": "way", "id": 978614994, "amenity": "school", "name": "Globe Mill Passage Municipal School", "opening_hours": null, "source": null, "tourism": null, "name:ur": null, "addr:city": null, "addr:housenumber": null, "addr:postcode": null, "addr:street": null, "denomination": null, "grades": null, "religion": null, "timing": null, "wikidata": null, "fixme": null, "name:en": null, "operator": null, "website": null, "check_date": null, "description": null, "female": null, "note": null, "phone": null, "isced:level": "1;2;3", "education": null, "fee": null, "operator:type": null, "addr:country": null, "email": null, "capacity": null, "operator:short": null, "operator:wikidata": null, "addr:district": null, "check_date:opening_hours": null, "name:hi": null, "building": null, "brand": null, "brand:wikidata": null, "landuse": null, "building:levels": null, "wikipedia": null, "amenity_1": null, "school:gender": null, "old_name": null, "wikimedia_commons": null, "addr:housename": null, "ref:IN:UDISE": null, "barrier": null, "school": null, "name:etymology:wikidata": null, "addr:state": null, "addr:suburb": null, "alt_name": null, "surface": null, "height": null, "building:part": null, "species:en": null, "level": null, "name:mr": null, "short_name": null, "start_date": null, "name:fr": null, "layer": null, "ele": null, "type": null }, "geometry": { "type": "Polygon", "coordinates": [ [ [ 72.8297618, 19.0067277 ], [ 72.8300376, 19.0067272 ], [ 72.830037, 19.006405 ], [ 72.8297611, 19.0064055 ], [ 72.8297618, 19.0067277 ] ] ] } },
{ "type": "Feature", "properties": { "element": "way", "id": 978614996, "amenity": "school", "name": "Holy Cross High School", "opening_hours": null, "source": null, "tourism": null, "name:ur": null, "addr:city": null, "addr:housenumber": null, "addr:postcode": "400013", "addr:street": "Senapati Bapat Marg (Tulsi Pipe Road)", "denomination": null, "grades": null, "religion": null, "timing": null, "wikidata": null, "fixme": null, "name:en": null, "operator": null, "website": null, "check_date": null, "description": null, "female": null, "note": null, "phone": null, "isced:level": "1;2;3", "education": null, "fee": null, "operator:type": null, "addr:country": null, "email": null, "capacity": null, "operator:short": null, "operator:wikidata": null, "addr:district": null, "check_date:opening_hours": null, "name:hi": null, "building": null, "brand": null, "brand:wikidata": null, "landuse": null, "building:levels": null, "wikipedia": null, "amenity_1": null, "school:gender": null, "old_name": null, "wikimedia_commons": null, "addr:housename": null, "ref:IN:UDISE": null, "barrier": null, "school": null, "name:etymology:wikidata": null, "addr:state": null, "addr:suburb": null, "alt_name": null, "surface": null, "height": null, "building:part": null, "species:en": null, "level": null, "name:mr": null, "short_name": null, "start_date": null, "name:fr": null, "layer": null, "ele": null, "type": null }, "geometry": { "type": "Polygon", "coordinates": [ [ [ 72.8317286, 19.0061493 ], [ 72.8322905, 19.006148 ], [ 72.8322449, 19.0057207 ], [ 72.8315462, 19.0057511 ], [ 72.8317286, 19.0061493 ] ] ] } },
{ "type": "Feature", "properties": { "element": "way", "id": 978615006, "amenity": "school", "name": "Balmohan Vidyamandir", "opening_hours": null, "source": null, "tourism": null, "name:ur": null, "addr:city": null, "addr:housenumber": null, "addr:postcode": null, "addr:street": null, "denomination": null, "grades": null, "religion": null, "timing": null, "wikidata": null, "fixme": null, "name:en": null, "operator": null, "website": null, "check_date": null, "description": null, "female": null, "note": null, "phone": null, "isced:level": null, "education": null, "fee": null, "operator:type": null, "addr:country": null, "email": null, "capacity": null, "operator:short": null, "operator:wikidata": null, "addr:district": null, "check_date:opening_hours": null, "name:hi": null, "building": "yes", "brand": null, "brand:wikidata": null, "landuse": null, "building:levels": null, "wikipedia": null, "amenity_1": null, "school:gender": null, "old_name": null, "wikimedia_commons": null, "addr:housename": null, "ref:IN:UDISE": null, "barrier": null, "school": null, "name:etymology:wikidata": null, "addr:state": null, "addr:suburb": null, "alt_name": null, "surface": null, "height": null, "building:part": null, "species:en": null, "level": null, "name:mr": null, "short_name": null, "start_date": null, "name:fr": null, "layer": null, "ele": null, "type": null }, "geometry": { "type": "Polygon", "coordinates": [ [ [ 72.838807, 19.0251795 ], [ 72.838933, 19.0252264 ], [ 72.8390685, 19.0252961 ], [ 72.8392415, 19.0253975 ], [ 72.8394426, 19.0255408 ], [ 72.8395325, 19.0256169 ], [ 72.839558, 19.0255877 ], [ 72.8395969, 19.0255078 ], [ 72.8395151, 19.0254165 ], [ 72.8393756, 19.0253177 ], [ 72.8393461, 19.0252961 ], [ 72.8393461, 19.0252657 ], [ 72.8392742, 19.0252243 ], [ 72.8392053, 19.0251845 ], [ 72.8391744, 19.0251972 ], [ 72.8390551, 19.0251376 ], [ 72.8389223, 19.0250983 ], [ 72.8388298, 19.0250894 ], [ 72.838807, 19.0251795 ] ] ] } },
{ "type": "Feature", "properties": { "element": "way", "id": 978615010, "amenity": "school", "name": "IES Padmakar Dhamdhere", "opening_hours": null, "source": null, "tourism": null, "name:ur": null, "addr:city": null, "addr:housenumber": null, "addr:postcode": null, "addr:street": null, "denomination": null, "grades": null, "religion": null, "timing": null, "wikidata": null, "fixme": null, "name:en": null, "operator": null, "website": null, "check_date": "2026-03-20", "description": null, "female": null, "note": null, "phone": null, "isced:level": "1", "education": null, "fee": "yes", "operator:type": null, "addr:country": null, "email": null, "capacity": null, "operator:short": null, "operator:wikidata": null, "addr:district": null, "check_date:opening_hours": null, "name:hi": null, "building": "yes", "brand": null, "brand:wikidata": null, "landuse": null, "building:levels": null, "wikipedia": null, "amenity_1": null, "school:gender": null, "old_name": null, "wikimedia_commons": null, "addr:housename": null, "ref:IN:UDISE": null, "barrier": null, "school": null, "name:etymology:wikidata": null, "addr:state": null, "addr:suburb": null, "alt_name": null, "surface": null, "height": null, "building:part": null, "species:en": null, "level": null, "name:mr": null, "short_name": null, "start_date": null, "name:fr": null, "layer": null, "ele": null, "type": null }, "geometry": { "type": "Polygon", "coordinates": [ [ [ 72.847842, 19.02171 ], [ 72.8479154, 19.0216331 ], [ 72.8482662, 19.0218816 ], [ 72.8483006, 19.021909 ], [ 72.8482349, 19.0219933 ], [ 72.8478741, 19.0217333 ], [ 72.847842, 19.02171 ] ] ] } },
{ "type": "Feature", "properties": { "element": "way", "id": 978824051, "amenity": "school", "name": "Lord Harris Municipal Marathi School", "opening_hours": null, "source": null, "tourism": null, "name:ur": null, "addr:city": null, "addr:housenumber": null, "addr:postcode": null, "addr:street": null, "denomination": null, "grades": null, "religion": null, "timing": null, "wikidata": null, "fixme": null, "name:en": null, "operator": null, "website": null, "check_date": null, "description": null, "female": null, "note": null, "phone": null, "isced:level": null, "education": null, "fee": null, "operator:type": null, "addr:country": null, "email": null, "capacity": null, "operator:short": null, "operator:wikidata": null, "addr:district": null, "check_date:opening_hours": null, "name:hi": null, "building": "yes", "brand": null, "brand:wikidata": null, "landuse": null, "building:levels": null, "wikipedia": null, "amenity_1": null, "school:gender": null, "old_name": null, "wikimedia_commons": null, "addr:housename": null, "ref:IN:UDISE": null, "barrier": null, "school": null, "name:etymology:wikidata": null, "addr:state": null, "addr:suburb": null, "alt_name": null, "surface": null, "height": null, "building:part": null, "species:en": null, "level": null, "name:mr": null, "short_name": null, "start_date": null, "name:fr": null, "layer": null, "ele": null, "type": null }, "geometry": { "type": "Polygon", "coordinates": [ [ [ 72.8306845, 18.9450094 ], [ 72.8309513, 18.9452136 ], [ 72.8311988, 18.9449475 ], [ 72.8309156, 18.9447231 ], [ 72.8306845, 18.9450094 ] ] ] } },
{ "type": "Feature", "properties": { "element": "way", "id": 978824053, "amenity": "school", "name": "Holy Name High School", "opening_hours": null, "source": null, "tourism": null, "name:ur": null, "addr:city": null, "addr:housenumber": null, "addr:postcode": null, "addr:street": null, "denomination": null, "grades": null, "religion": null, "timing": null, "wikidata": null, "fixme": null, "name:en": null, "operator": null, "website": null, "check_date": "2026-03-12", "description": null, "female": null, "note": null, "phone": null, "isced:level": null, "education": null, "fee": null, "operator:type": null, "addr:country": null, "email": null, "capacity": null, "operator:short": null, "operator:wikidata": null, "addr:district": null, "check_date:opening_hours": null, "name:hi": null, "building": null, "brand": null, "brand:wikidata": null, "landuse": null, "building:levels": null, "wikipedia": null, "amenity_1": null, "school:gender": null, "old_name": null, "wikimedia_commons": null, "addr:housename": null, "ref:IN:UDISE": null, "barrier": null, "school": null, "name:etymology:wikidata": null, "addr:state": null, "addr:suburb": null, "alt_name": null, "surface": null, "height": null, "building:part": null, "species:en": null, "level": null, "name:mr": null, "short_name": null, "start_date": null, "name:fr": null, "layer": null, "ele": null, "type": null }, "geometry": { "type": "Polygon", "coordinates": [ [ [ 72.8304262, 18.9229643 ], [ 72.8308459, 18.9232727 ], [ 72.8308851, 18.9232996 ], [ 72.8309561, 18.923259 ], [ 72.8309622, 18.9228076 ], [ 72.8309239, 18.922719 ], [ 72.8304262, 18.9229643 ] ] ] } },
{ "type": "Feature", "properties": { "element": "way", "id": 978824057, "amenity": "school", "name": "Army Public School", "opening_hours": null, "source": null, "tourism": null, "name:ur": null, "addr:city": "Mumbai", "addr:housenumber": null, "addr:postcode": "400005", "addr:street": "Nanabhai Moos Marg", "denomination": null, "grades": null, "religion": null, "timing": null, "wikidata": "Q4794243", "fixme": null, "name:en": null, "operator": null, "website": "https://www.apsmumbai.com/", "check_date": null, "description": null, "female": null, "note": null, "phone": "+91 7506 086 333", "isced:level": null, "education": null, "fee": null, "operator:type": null, "addr:country": null, "email": "apsmumbai@awesindia.edu.in", "capacity": null, "operator:short": null, "operator:wikidata": null, "addr:district": null, "check_date:opening_hours": null, "name:hi": null, "building": null, "brand": null, "brand:wikidata": null, "landuse": null, "building:levels": null, "wikipedia": "en:Army Public School, Mumbai", "amenity_1": null, "school:gender": null, "old_name": null, "wikimedia_commons": null, "addr:housename": null, "ref:IN:UDISE": null, "barrier": null, "school": null, "name:etymology:wikidata": null, "addr:state": null, "addr:suburb": null, "alt_name": null, "surface": null, "height": null, "building:part": null, "species:en": null, "level": null, "name:mr": null, "short_name": null, "start_date": null, "name:fr": null, "layer": null, "ele": null, "type": null }, "geometry": { "type": "Polygon", "coordinates": [ [ [ 72.8119325, 18.9003419 ], [ 72.8126753, 18.9000759 ], [ 72.8133982, 18.8998554 ], [ 72.8138956, 18.9004632 ], [ 72.8141033, 18.9009014 ], [ 72.814934, 18.9023609 ], [ 72.8143483, 18.9025926 ], [ 72.8141948, 18.9026533 ], [ 72.8136894, 18.9028532 ], [ 72.812796, 18.9028546 ], [ 72.8127308, 18.9026143 ], [ 72.8119326, 18.9005364 ], [ 72.8118961, 18.9004037 ], [ 72.8119325, 18.9003419 ] ] ] } },
{ "type": "Feature", "properties": { "element": "way", "id": 978824059, "amenity": "school", "name": "Kendriya Vidyalaya No.1, Colaba", "opening_hours": null, "source": null, "tourism": null, "name:ur": null, "addr:city": null, "addr:housenumber": null, "addr:postcode": null, "addr:street": null, "denomination": null, "grades": null, "religion": null, "timing": null, "wikidata": null, "fixme": null, "name:en": null, "operator": null, "website": null, "check_date": null, "description": null, "female": null, "note": null, "phone": null, "isced:level": null, "education": null, "fee": null, "operator:type": null, "addr:country": null, "email": null, "capacity": null, "operator:short": null, "operator:wikidata": null, "addr:district": null, "check_date:opening_hours": null, "name:hi": null, "building": null, "brand": "Kendriya Vidyalaya", "brand:wikidata": "Q1156653", "landuse": null, "building:levels": null, "wikipedia": null, "amenity_1": null, "school:gender": null, "old_name": null, "wikimedia_commons": null, "addr:housename": null, "ref:IN:UDISE": null, "barrier": null, "school": null, "name:etymology:wikidata": null, "addr:state": null, "addr:suburb": null, "alt_name": null, "surface": null, "height": null, "building:part": null, "species:en": null, "level": null, "name:mr": null, "short_name": null, "start_date": null, "name:fr": null, "layer": null, "ele": null, "type": null }, "geometry": { "type": "Polygon", "coordinates": [ [ [ 72.8100094, 18.90737 ], [ 72.8103983, 18.9081617 ], [ 72.8108275, 18.9087326 ], [ 72.8111331, 18.908527 ], [ 72.8110646, 18.9078437 ], [ 72.8105988, 18.907224 ], [ 72.8100668, 18.9072717 ], [ 72.8100094, 18.90737 ] ] ] } },
{ "type": "Feature", "properties": { "element": "way", "id": 979362799, "amenity": "school", "name": "St. Teresa High School", "opening_hours": null, "source": null, "tourism": null, "name:ur": null, "addr:city": null, "addr:housenumber": null, "addr:postcode": null, "addr:street": null, "denomination": null, "grades": null, "religion": null, "timing": null, "wikidata": "Q17153100", "fixme": null, "name:en": null, "operator": null, "website": null, "check_date": null, "description": null, "female": null, "note": null, "phone": null, "isced:level": null, "education": null, "fee": null, "operator:type": null, "addr:country": null, "email": null, "capacity": null, "operator:short": null, "operator:wikidata": null, "addr:district": null, "check_date:opening_hours": null, "name:hi": null, "building": "yes", "brand": null, "brand:wikidata": null, "landuse": null, "building:levels": "3", "wikipedia": "en:St. Teresa's High School, Charni Road", "amenity_1": null, "school:gender": null, "old_name": null, "wikimedia_commons": "Category:St. Teresa's High School, Charni Road", "addr:housename": null, "ref:IN:UDISE": null, "barrier": null, "school": null, "name:etymology:wikidata": null, "addr:state": null, "addr:suburb": null, "alt_name": null, "surface": null, "height": null, "building:part": null, "species:en": null, "level": null, "name:mr": null, "short_name": null, "start_date": null, "name:fr": null, "layer": null, "ele": null, "type": null }, "geometry": { "type": "Polygon", "coordinates": [ [ [ 72.8194293, 18.952606 ], [ 72.8193314, 18.9525274 ], [ 72.8193197, 18.9525405 ], [ 72.8191447, 18.9523999 ], [ 72.8190827, 18.952469 ], [ 72.8190687, 18.9524845 ], [ 72.8192508, 18.9526308 ], [ 72.8191844, 18.9527047 ], [ 72.8190451, 18.9525927 ], [ 72.8189786, 18.9526668 ], [ 72.8189968, 18.9526814 ], [ 72.8188053, 18.9528947 ], [ 72.8189434, 18.9530056 ], [ 72.8189682, 18.952978 ], [ 72.819063, 18.9530542 ], [ 72.8190842, 18.9530306 ], [ 72.8192535, 18.9531666 ], [ 72.8193606, 18.9530473 ], [ 72.8191703, 18.9528945 ], [ 72.8194293, 18.952606 ] ] ] } },
{ "type": "Feature", "properties": { "element": "way", "id": 979362804, "amenity": "school", "name": "Victoria Memorial School for the Blind", "opening_hours": null, "source": null, "tourism": null, "name:ur": null, "addr:city": null, "addr:housenumber": null, "addr:postcode": null, "addr:street": null, "denomination": null, "grades": null, "religion": null, "timing": null, "wikidata": null, "fixme": null, "name:en": null, "operator": null, "website": null, "check_date": null, "description": null, "female": null, "note": null, "phone": null, "isced:level": null, "education": null, "fee": null, "operator:type": null, "addr:country": null, "email": null, "capacity": null, "operator:short": null, "operator:wikidata": null, "addr:district": null, "check_date:opening_hours": null, "name:hi": null, "building": "school", "brand": null, "brand:wikidata": null, "landuse": null, "building:levels": null, "wikipedia": null, "amenity_1": null, "school:gender": null, "old_name": null, "wikimedia_commons": null, "addr:housename": null, "ref:IN:UDISE": null, "barrier": null, "school": "blind", "name:etymology:wikidata": null, "addr:state": null, "addr:suburb": null, "alt_name": null, "surface": null, "height": null, "building:part": null, "species:en": null, "level": null, "name:mr": null, "short_name": null, "start_date": null, "name:fr": null, "layer": null, "ele": null, "type": null }, "geometry": { "type": "Polygon", "coordinates": [ [ [ 72.8138383, 18.9743678 ], [ 72.8140099, 18.9744769 ], [ 72.8140517, 18.974418 ], [ 72.8140146, 18.9743944 ], [ 72.8140437, 18.9743536 ], [ 72.8141116, 18.9743967 ], [ 72.8141668, 18.974319 ], [ 72.8139644, 18.9741903 ], [ 72.8138383, 18.9743678 ] ] ] } },
{ "type": "Feature", "properties": { "element": "way", "id": 979362806, "amenity": "school", "name": "Yusuf Meherali Vidyalaya", "opening_hours": null, "source": null, "tourism": null, "name:ur": null, "addr:city": null, "addr:housenumber": null, "addr:postcode": null, "addr:street": null, "denomination": null, "grades": null, "religion": null, "timing": null, "wikidata": null, "fixme": null, "name:en": null, "operator": null, "website": null, "check_date": null, "description": null, "female": null, "note": null, "phone": null, "isced:level": null, "education": null, "fee": null, "operator:type": null, "addr:country": null, "email": null, "capacity": null, "operator:short": null, "operator:wikidata": null, "addr:district": null, "check_date:opening_hours": null, "name:hi": null, "building": null, "brand": null, "brand:wikidata": null, "landuse": null, "building:levels": null, "wikipedia": null, "amenity_1": null, "school:gender": null, "old_name": null, "wikimedia_commons": null, "addr:housename": null, "ref:IN:UDISE": null, "barrier": null, "school": null, "name:etymology:wikidata": null, "addr:state": null, "addr:suburb": null, "alt_name": null, "surface": null, "height": null, "building:part": null, "species:en": null, "level": null, "name:mr": null, "short_name": null, "start_date": null, "name:fr": null, "layer": null, "ele": null, "type": null }, "geometry": { "type": "Polygon", "coordinates": [ [ [ 72.8177663, 18.9735371 ], [ 72.8177084, 18.9734766 ], [ 72.8175517, 18.9733134 ], [ 72.8177064, 18.9731847 ], [ 72.8182358, 18.973153 ], [ 72.8181795, 18.973319 ], [ 72.8177663, 18.9735371 ] ] ] } },
{ "type": "Feature", "properties": { "element": "way", "id": 979362809, "amenity": "school", "name": "Sir C. J. High School (Secondary)", "opening_hours": null, "source": null, "tourism": null, "name:ur": null, "addr:city": null, "addr:housenumber": null, "addr:postcode": null, "addr:street": null, "denomination": null, "grades": null, "religion": null, "timing": null, "wikidata": null, "fixme": null, "name:en": null, "operator": null, "website": null, "check_date": null, "description": null, "female": null, "note": null, "phone": null, "isced:level": null, "education": null, "fee": null, "operator:type": null, "addr:country": null, "email": null, "capacity": null, "operator:short": null, "operator:wikidata": null, "addr:district": null, "check_date:opening_hours": null, "name:hi": null, "building": "yes", "brand": null, "brand:wikidata": null, "landuse": null, "building:levels": "3", "wikipedia": null, "amenity_1": null, "school:gender": null, "old_name": null, "wikimedia_commons": null, "addr:housename": null, "ref:IN:UDISE": null, "barrier": null, "school": null, "name:etymology:wikidata": null, "addr:state": null, "addr:suburb": null, "alt_name": null, "surface": null, "height": null, "building:part": null, "species:en": null, "level": null, "name:mr": null, "short_name": null, "start_date": null, "name:fr": null, "layer": null, "ele": null, "type": null }, "geometry": { "type": "Polygon", "coordinates": [ [ [ 72.8166405, 18.972097 ], [ 72.8166358, 18.9719042 ], [ 72.8167478, 18.9719018 ], [ 72.8167498, 18.9719822 ], [ 72.816829, 18.9719805 ], [ 72.8168317, 18.9720928 ], [ 72.8166405, 18.972097 ] ] ] } },
{ "type": "Feature", "properties": { "element": "way", "id": 979362815, "amenity": "school", "name": "Hill Spring International School", "opening_hours": null, "source": null, "tourism": null, "name:ur": null, "addr:city": null, "addr:housenumber": null, "addr:postcode": null, "addr:street": null, "denomination": null, "grades": null, "religion": null, "timing": null, "wikidata": null, "fixme": null, "name:en": null, "operator": null, "website": null, "check_date": null, "description": null, "female": null, "note": null, "phone": null, "isced:level": null, "education": null, "fee": null, "operator:type": null, "addr:country": null, "email": null, "capacity": null, "operator:short": null, "operator:wikidata": null, "addr:district": null, "check_date:opening_hours": null, "name:hi": null, "building": null, "brand": null, "brand:wikidata": null, "landuse": null, "building:levels": null, "wikipedia": null, "amenity_1": null, "school:gender": null, "old_name": null, "wikimedia_commons": null, "addr:housename": null, "ref:IN:UDISE": null, "barrier": null, "school": null, "name:etymology:wikidata": null, "addr:state": null, "addr:suburb": null, "alt_name": null, "surface": null, "height": null, "building:part": null, "species:en": null, "level": null, "name:mr": null, "short_name": null, "start_date": null, "name:fr": null, "layer": null, "ele": null, "type": null }, "geometry": { "type": "Polygon", "coordinates": [ [ [ 72.8130801, 18.9728971 ], [ 72.8129589, 18.9732126 ], [ 72.8123939, 18.9730146 ], [ 72.8125172, 18.9727 ], [ 72.8130801, 18.9728971 ] ] ] } },
{ "type": "Feature", "properties": { "element": "way", "id": 979362816, "amenity": "school", "name": "Bai Ruttonbai F D Panday Girls' High School", "opening_hours": null, "source": null, "tourism": null, "name:ur": null, "addr:city": null, "addr:housenumber": null, "addr:postcode": null, "addr:street": null, "denomination": null, "grades": null, "religion": null, "timing": null, "wikidata": null, "fixme": null, "name:en": null, "operator": null, "website": null, "check_date": "2026-03-20", "description": null, "female": null, "note": null, "phone": null, "isced:level": null, "education": null, "fee": null, "operator:type": null, "addr:country": null, "email": null, "capacity": null, "operator:short": null, "operator:wikidata": null, "addr:district": null, "check_date:opening_hours": null, "name:hi": null, "building": "yes", "brand": null, "brand:wikidata": null, "landuse": null, "building:levels": null, "wikipedia": null, "amenity_1": null, "school:gender": null, "old_name": null, "wikimedia_commons": null, "addr:housename": null, "ref:IN:UDISE": null, "barrier": null, "school": null, "name:etymology:wikidata": null, "addr:state": null, "addr:suburb": null, "alt_name": null, "surface": null, "height": null, "building:part": null, "species:en": null, "level": null, "name:mr": null, "short_name": null, "start_date": null, "name:fr": null, "layer": null, "ele": null, "type": null }, "geometry": { "type": "Polygon", "coordinates": [ [ [ 72.8180493, 18.9673619 ], [ 72.8179273, 18.9670639 ], [ 72.8179911, 18.9670405 ], [ 72.8180981, 18.9673017 ], [ 72.8180626, 18.9673146 ], [ 72.8180777, 18.9673515 ], [ 72.8180493, 18.9673619 ] ] ] } },
{ "type": "Feature", "properties": { "element": "way", "id": 979371199, "amenity": "school", "name": "Bai Ratan F. Pavri High School", "opening_hours": null, "source": null, "tourism": null, "name:ur": null, "addr:city": null, "addr:housenumber": null, "addr:postcode": null, "addr:street": null, "denomination": null, "grades": null, "religion": null, "timing": null, "wikidata": null, "fixme": null, "name:en": null, "operator": null, "website": null, "check_date": null, "description": null, "female": null, "note": null, "phone": null, "isced:level": null, "education": null, "fee": null, "operator:type": null, "addr:country": null, "email": null, "capacity": null, "operator:short": null, "operator:wikidata": null, "addr:district": null, "check_date:opening_hours": null, "name:hi": null, "building": "yes", "brand": null, "brand:wikidata": null, "landuse": null, "building:levels": null, "wikipedia": null, "amenity_1": null, "school:gender": null, "old_name": null, "wikimedia_commons": null, "addr:housename": null, "ref:IN:UDISE": null, "barrier": null, "school": null, "name:etymology:wikidata": null, "addr:state": null, "addr:suburb": null, "alt_name": null, "surface": null, "height": null, "building:part": null, "species:en": null, "level": null, "name:mr": null, "short_name": null, "start_date": null, "name:fr": null, "layer": null, "ele": null, "type": null }, "geometry": { "type": "Polygon", "coordinates": [ [ [ 72.8215088, 18.9610696 ], [ 72.8214646, 18.960918 ], [ 72.8216749, 18.9608631 ], [ 72.8217192, 18.9610147 ], [ 72.8215088, 18.9610696 ] ] ] } },
{ "type": "Feature", "properties": { "element": "way", "id": 979371200, "amenity": "school", "name": "St. Mary's High School (S.S.C.)", "opening_hours": null, "source": null, "tourism": null, "name:ur": null, "addr:city": null, "addr:housenumber": null, "addr:postcode": null, "addr:street": null, "denomination": null, "grades": null, "religion": null, "timing": null, "wikidata": "Q7590421", "fixme": null, "name:en": null, "operator": null, "website": null, "check_date": null, "description": null, "female": null, "note": null, "phone": null, "isced:level": null, "education": null, "fee": null, "operator:type": null, "addr:country": null, "email": null, "capacity": null, "operator:short": null, "operator:wikidata": null, "addr:district": null, "check_date:opening_hours": null, "name:hi": null, "building": null, "brand": null, "brand:wikidata": null, "landuse": null, "building:levels": null, "wikipedia": "en:St. Mary's School, Mumbai", "amenity_1": null, "school:gender": null, "old_name": null, "wikimedia_commons": null, "addr:housename": null, "ref:IN:UDISE": null, "barrier": null, "school": null, "name:etymology:wikidata": null, "addr:state": null, "addr:suburb": null, "alt_name": null, "surface": null, "height": null, "building:part": null, "species:en": null, "level": null, "name:mr": null, "short_name": null, "start_date": null, "name:fr": null, "layer": null, "ele": null, "type": null }, "geometry": { "type": "Polygon", "coordinates": [ [ [ 72.8358036, 18.9699207 ], [ 72.8362059, 18.9697032 ], [ 72.8363775, 18.9703062 ], [ 72.8359142, 18.9704229 ], [ 72.8358036, 18.9699207 ] ] ] } },
{ "type": "Feature", "properties": { "element": "way", "id": 979371201, "amenity": "school", "name": "St. Joseph's Girls' High School", "opening_hours": null, "source": null, "tourism": null, "name:ur": null, "addr:city": null, "addr:housenumber": null, "addr:postcode": null, "addr:street": null, "denomination": null, "grades": null, "religion": null, "timing": null, "wikidata": null, "fixme": null, "name:en": null, "operator": null, "website": null, "check_date": "2026-03-20", "description": null, "female": null, "note": null, "phone": null, "isced:level": null, "education": "school", "fee": null, "operator:type": null, "addr:country": null, "email": null, "capacity": null, "operator:short": null, "operator:wikidata": null, "addr:district": null, "check_date:opening_hours": null, "name:hi": null, "building": null, "brand": null, "brand:wikidata": null, "landuse": null, "building:levels": null, "wikipedia": null, "amenity_1": null, "school:gender": null, "old_name": null, "wikimedia_commons": null, "addr:housename": null, "ref:IN:UDISE": null, "barrier": null, "school": null, "name:etymology:wikidata": null, "addr:state": null, "addr:suburb": null, "alt_name": null, "surface": null, "height": null, "building:part": null, "species:en": null, "level": null, "name:mr": null, "short_name": null, "start_date": null, "name:fr": null, "layer": null, "ele": null, "type": null }, "geometry": { "type": "Polygon", "coordinates": [ [ [ 72.8248581, 18.973442 ], [ 72.8255904, 18.9736829 ], [ 72.8256593, 18.9736957 ], [ 72.82641, 18.9738921 ], [ 72.8264675, 18.9738605 ], [ 72.8261925, 18.9731046 ], [ 72.8252618, 18.972889 ], [ 72.8248581, 18.973442 ] ] ] } },
{ "type": "Feature", "properties": { "element": "way", "id": 979371202, "amenity": "school", "name": "Regina Pacis Convent High School", "opening_hours": null, "source": null, "tourism": null, "name:ur": null, "addr:city": null, "addr:housenumber": null, "addr:postcode": null, "addr:street": null, "denomination": null, "grades": null, "religion": null, "timing": null, "wikidata": null, "fixme": null, "name:en": null, "operator": null, "website": null, "check_date": null, "description": null, "female": null, "note": null, "phone": null, "isced:level": null, "education": null, "fee": null, "operator:type": null, "addr:country": null, "email": null, "capacity": null, "operator:short": null, "operator:wikidata": null, "addr:district": null, "check_date:opening_hours": null, "name:hi": null, "building": null, "brand": null, "brand:wikidata": null, "landuse": null, "building:levels": null, "wikipedia": null, "amenity_1": null, "school:gender": "female", "old_name": null, "wikimedia_commons": null, "addr:housename": null, "ref:IN:UDISE": null, "barrier": null, "school": null, "name:etymology:wikidata": null, "addr:state": null, "addr:suburb": null, "alt_name": null, "surface": null, "height": null, "building:part": null, "species:en": null, "level": null, "name:mr": null, "short_name": null, "start_date": null, "name:fr": null, "layer": null, "ele": null, "type": null }, "geometry": { "type": "Polygon", "coordinates": [ [ [ 72.8342847, 18.973806 ], [ 72.8350639, 18.9742093 ], [ 72.8351551, 18.9737273 ], [ 72.8346241, 18.9736246 ], [ 72.8345254, 18.9735635 ], [ 72.8342847, 18.973806 ] ] ] } },
{ "type": "Feature", "properties": { "element": "way", "id": 979371204, "amenity": "school", "name": "Hume High School", "opening_hours": null, "source": null, "tourism": null, "name:ur": null, "addr:city": null, "addr:housenumber": null, "addr:postcode": null, "addr:street": null, "denomination": null, "grades": null, "religion": null, "timing": null, "wikidata": null, "fixme": null, "name:en": null, "operator": null, "website": null, "check_date": null, "description": null, "female": null, "note": null, "phone": null, "isced:level": null, "education": "school", "fee": null, "operator:type": null, "addr:country": null, "email": null, "capacity": null, "operator:short": null, "operator:wikidata": null, "addr:district": null, "check_date:opening_hours": null, "name:hi": null, "building": null, "brand": null, "brand:wikidata": null, "landuse": null, "building:levels": null, "wikipedia": null, "amenity_1": null, "school:gender": null, "old_name": null, "wikimedia_commons": null, "addr:housename": null, "ref:IN:UDISE": null, "barrier": null, "school": null, "name:etymology:wikidata": null, "addr:state": null, "addr:suburb": null, "alt_name": null, "surface": null, "height": null, "building:part": null, "species:en": null, "level": null, "name:mr": null, "short_name": null, "start_date": null, "name:fr": null, "layer": null, "ele": null, "type": null }, "geometry": { "type": "Polygon", "coordinates": [ [ [ 72.8329138, 18.967087 ], [ 72.8334773, 18.9670509 ], [ 72.8335089, 18.9674916 ], [ 72.833917, 18.9674655 ], [ 72.8338832, 18.9669953 ], [ 72.8329117, 18.9670577 ], [ 72.8329128, 18.9670721 ], [ 72.8329138, 18.967087 ] ] ] } },
{ "type": "Feature", "properties": { "element": "way", "id": 979371205, "amenity": "school", "name": "St. Anthony's Home And Girl's High School", "opening_hours": null, "source": null, "tourism": null, "name:ur": null, "addr:city": null, "addr:housenumber": null, "addr:postcode": null, "addr:street": null, "denomination": null, "grades": null, "religion": null, "timing": null, "wikidata": null, "fixme": null, "name:en": null, "operator": null, "website": null, "check_date": null, "description": null, "female": null, "note": null, "phone": null, "isced:level": null, "education": null, "fee": null, "operator:type": null, "addr:country": null, "email": null, "capacity": null, "operator:short": null, "operator:wikidata": null, "addr:district": null, "check_date:opening_hours": null, "name:hi": null, "building": null, "brand": null, "brand:wikidata": null, "landuse": null, "building:levels": null, "wikipedia": null, "amenity_1": null, "school:gender": null, "old_name": null, "wikimedia_commons": null, "addr:housename": null, "ref:IN:UDISE": null, "barrier": null, "school": null, "name:etymology:wikidata": null, "addr:state": null, "addr:suburb": null, "alt_name": null, "surface": null, "height": null, "building:part": null, "species:en": null, "level": null, "name:mr": null, "short_name": null, "start_date": null, "name:fr": null, "layer": null, "ele": null, "type": null }, "geometry": { "type": "Polygon", "coordinates": [ [ [ 72.8253611, 18.967476 ], [ 72.82614, 18.9671023 ], [ 72.8261911, 18.9672142 ], [ 72.8261544, 18.9675315 ], [ 72.8257534, 18.9676818 ], [ 72.8254791, 18.9677652 ], [ 72.8253611, 18.967476 ] ] ] } },
{ "type": "Feature", "properties": { "element": "way", "id": 979371206, "amenity": "school", "name": "Kamathipura BMC Municipal School", "opening_hours": null, "source": null, "tourism": null, "name:ur": null, "addr:city": null, "addr:housenumber": null, "addr:postcode": null, "addr:street": null, "denomination": null, "grades": null, "religion": null, "timing": null, "wikidata": null, "fixme": null, "name:en": null, "operator": null, "website": null, "check_date": null, "description": null, "female": null, "note": null, "phone": null, "isced:level": null, "education": "school", "fee": null, "operator:type": null, "addr:country": null, "email": null, "capacity": null, "operator:short": null, "operator:wikidata": null, "addr:district": null, "check_date:opening_hours": null, "name:hi": null, "building": null, "brand": null, "brand:wikidata": null, "landuse": null, "building:levels": null, "wikipedia": null, "amenity_1": null, "school:gender": null, "old_name": null, "wikimedia_commons": null, "addr:housename": null, "ref:IN:UDISE": null, "barrier": null, "school": null, "name:etymology:wikidata": null, "addr:state": null, "addr:suburb": null, "alt_name": null, "surface": null, "height": null, "building:part": null, "species:en": null, "level": null, "name:mr": null, "short_name": null, "start_date": null, "name:fr": null, "layer": null, "ele": null, "type": null }, "geometry": { "type": "Polygon", "coordinates": [ [ [ 72.8249855, 18.965001 ], [ 72.8253128, 18.9648374 ], [ 72.825385, 18.9649665 ], [ 72.8258471, 18.9647567 ], [ 72.8259348, 18.9649437 ], [ 72.8251042, 18.9653155 ], [ 72.825068, 18.9653269 ], [ 72.8250352, 18.9653225 ], [ 72.8250103, 18.9653047 ], [ 72.8249855, 18.965001 ] ] ] } },
{ "type": "Feature", "properties": { "element": "way", "id": 979386027, "amenity": "school", "name": "Social Service League High School", "opening_hours": null, "source": null, "tourism": null, "name:ur": null, "addr:city": null, "addr:housenumber": null, "addr:postcode": null, "addr:street": null, "denomination": null, "grades": null, "religion": null, "timing": null, "wikidata": null, "fixme": null, "name:en": null, "operator": null, "website": null, "check_date": "2026-03-20", "description": null, "female": null, "note": null, "phone": null, "isced:level": null, "education": null, "fee": null, "operator:type": null, "addr:country": null, "email": null, "capacity": null, "operator:short": null, "operator:wikidata": null, "addr:district": null, "check_date:opening_hours": null, "name:hi": null, "building": null, "brand": null, "brand:wikidata": null, "landuse": null, "building:levels": null, "wikipedia": null, "amenity_1": null, "school:gender": null, "old_name": null, "wikimedia_commons": null, "addr:housename": null, "ref:IN:UDISE": null, "barrier": null, "school": null, "name:etymology:wikidata": null, "addr:state": null, "addr:suburb": null, "alt_name": null, "surface": null, "height": null, "building:part": null, "species:en": null, "level": null, "name:mr": null, "short_name": null, "start_date": null, "name:fr": null, "layer": null, "ele": null, "type": null }, "geometry": { "type": "Polygon", "coordinates": [ [ [ 72.8380603, 19.0050433 ], [ 72.8383074, 19.0055492 ], [ 72.8387479, 19.0053248 ], [ 72.838613, 19.0051254 ], [ 72.8388024, 19.0050494 ], [ 72.8386532, 19.0048176 ], [ 72.8380603, 19.0050433 ] ] ] } },
{ "type": "Feature", "properties": { "element": "way", "id": 979397731, "amenity": "school", "name": "Victoria High school", "opening_hours": null, "source": null, "tourism": null, "name:ur": null, "addr:city": null, "addr:housenumber": null, "addr:postcode": null, "addr:street": null, "denomination": null, "grades": null, "religion": null, "timing": null, "wikidata": null, "fixme": null, "name:en": null, "operator": null, "website": null, "check_date": null, "description": null, "female": null, "note": null, "phone": null, "isced:level": null, "education": null, "fee": null, "operator:type": null, "addr:country": null, "email": null, "capacity": null, "operator:short": null, "operator:wikidata": null, "addr:district": null, "check_date:opening_hours": null, "name:hi": null, "building": null, "brand": null, "brand:wikidata": null, "landuse": null, "building:levels": null, "wikipedia": null, "amenity_1": null, "school:gender": null, "old_name": null, "wikimedia_commons": null, "addr:housename": null, "ref:IN:UDISE": null, "barrier": null, "school": null, "name:etymology:wikidata": null, "addr:state": null, "addr:suburb": null, "alt_name": null, "surface": null, "height": null, "building:part": null, "species:en": null, "level": null, "name:mr": null, "short_name": null, "start_date": null, "name:fr": null, "layer": null, "ele": null, "type": null }, "geometry": { "type": "Polygon", "coordinates": [ [ [ 72.8416273, 19.0347197 ], [ 72.8421986, 19.0346716 ], [ 72.8422335, 19.0352142 ], [ 72.842204, 19.035294 ], [ 72.842149, 19.0353574 ], [ 72.8420551, 19.0353917 ], [ 72.841685, 19.0354234 ], [ 72.8416273, 19.0347197 ] ] ] } },
{ "type": "Feature", "properties": { "element": "way", "id": 979397732, "amenity": "school", "name": "SaS Billabong High International School", "opening_hours": null, "source": null, "tourism": null, "name:ur": null, "addr:city": null, "addr:housenumber": null, "addr:postcode": null, "addr:street": null, "denomination": null, "grades": null, "religion": null, "timing": null, "wikidata": null, "fixme": null, "name:en": null, "operator": null, "website": null, "check_date": null, "description": null, "female": null, "note": null, "phone": null, "isced:level": null, "education": null, "fee": null, "operator:type": null, "addr:country": null, "email": null, "capacity": null, "operator:short": null, "operator:wikidata": null, "addr:district": null, "check_date:opening_hours": null, "name:hi": null, "building": null, "brand": null, "brand:wikidata": null, "landuse": null, "building:levels": null, "wikipedia": null, "amenity_1": null, "school:gender": null, "old_name": null, "wikimedia_commons": null, "addr:housename": null, "ref:IN:UDISE": null, "barrier": null, "school": null, "name:etymology:wikidata": null, "addr:state": null, "addr:suburb": null, "alt_name": null, "surface": null, "height": null, "building:part": null, "species:en": null, "level": null, "name:mr": null, "short_name": null, "start_date": null, "name:fr": null, "layer": null, "ele": null, "type": null }, "geometry": { "type": "Polygon", "coordinates": [ [ [ 72.8393749, 19.0395214 ], [ 72.8393367, 19.0392032 ], [ 72.8390142, 19.0392336 ], [ 72.8390054, 19.0395949 ], [ 72.8393749, 19.0395214 ] ] ] } },
{ "type": "Feature", "properties": { "element": "way", "id": 979397734, "amenity": "school", "name": "SMES High School", "opening_hours": null, "source": null, "tourism": null, "name:ur": null, "addr:city": null, "addr:housenumber": null, "addr:postcode": null, "addr:street": null, "denomination": null, "grades": null, "religion": null, "timing": null, "wikidata": null, "fixme": null, "name:en": null, "operator": null, "website": "https://www.smesschoolmahim.edu.in/", "check_date": null, "description": null, "female": null, "note": null, "phone": null, "isced:level": null, "education": null, "fee": null, "operator:type": null, "addr:country": null, "email": null, "capacity": null, "operator:short": null, "operator:wikidata": null, "addr:district": null, "check_date:opening_hours": null, "name:hi": null, "building": "yes", "brand": null, "brand:wikidata": null, "landuse": null, "building:levels": null, "wikipedia": null, "amenity_1": null, "school:gender": null, "old_name": null, "wikimedia_commons": null, "addr:housename": null, "ref:IN:UDISE": null, "barrier": null, "school": null, "name:etymology:wikidata": null, "addr:state": null, "addr:suburb": null, "alt_name": "Saraswati Mandir Education Society's High School", "surface": null, "height": null, "building:part": null, "species:en": null, "level": null, "name:mr": null, "short_name": null, "start_date": null, "name:fr": null, "layer": null, "ele": null, "type": null }, "geometry": { "type": "Polygon", "coordinates": [ [ [ 72.8472935, 19.0348452 ], [ 72.8476368, 19.0348446 ], [ 72.8476364, 19.0346519 ], [ 72.8472546, 19.0346526 ], [ 72.8472548, 19.0347762 ], [ 72.8472933, 19.0347761 ], [ 72.8472935, 19.0348452 ] ] ] } },
{ "type": "Feature", "properties": { "element": "way", "id": 979397736, "amenity": "school", "name": "Mahim Causeway Municipal Marathi School", "opening_hours": null, "source": null, "tourism": null, "name:ur": null, "addr:city": null, "addr:housenumber": null, "addr:postcode": null, "addr:street": null, "denomination": null, "grades": null, "religion": null, "timing": null, "wikidata": null, "fixme": null, "name:en": null, "operator": null, "website": null, "check_date": null, "description": null, "female": null, "note": null, "phone": null, "isced:level": null, "education": null, "fee": null, "operator:type": null, "addr:country": null, "email": null, "capacity": null, "operator:short": null, "operator:wikidata": null, "addr:district": null, "check_date:opening_hours": null, "name:hi": null, "building": null, "brand": null, "brand:wikidata": null, "landuse": null, "building:levels": null, "wikipedia": null, "amenity_1": null, "school:gender": null, "old_name": null, "wikimedia_commons": null, "addr:housename": null, "ref:IN:UDISE": null, "barrier": null, "school": null, "name:etymology:wikidata": null, "addr:state": null, "addr:suburb": null, "alt_name": null, "surface": null, "height": null, "building:part": null, "species:en": null, "level": null, "name:mr": null, "short_name": null, "start_date": null, "name:fr": null, "layer": null, "ele": null, "type": null }, "geometry": { "type": "Polygon", "coordinates": [ [ [ 72.8379852, 19.0473561 ], [ 72.8380311, 19.0473561 ], [ 72.8380311, 19.0473155 ], [ 72.8379852, 19.0473155 ], [ 72.8379852, 19.0473561 ] ] ] } },
{ "type": "Feature", "properties": { "element": "way", "id": 979397737, "amenity": "school", "name": "Canossa Special School", "opening_hours": null, "source": null, "tourism": null, "name:ur": null, "addr:city": null, "addr:housenumber": null, "addr:postcode": null, "addr:street": null, "denomination": null, "grades": null, "religion": null, "timing": null, "wikidata": null, "fixme": null, "name:en": null, "operator": null, "website": null, "check_date": null, "description": null, "female": null, "note": null, "phone": null, "isced:level": null, "education": null, "fee": null, "operator:type": null, "addr:country": null, "email": null, "capacity": null, "operator:short": null, "operator:wikidata": null, "addr:district": null, "check_date:opening_hours": null, "name:hi": null, "building": null, "brand": null, "brand:wikidata": null, "landuse": null, "building:levels": null, "wikipedia": null, "amenity_1": null, "school:gender": null, "old_name": null, "wikimedia_commons": null, "addr:housename": null, "ref:IN:UDISE": null, "barrier": null, "school": null, "name:etymology:wikidata": null, "addr:state": null, "addr:suburb": null, "alt_name": null, "surface": null, "height": null, "building:part": null, "species:en": null, "level": null, "name:mr": null, "short_name": null, "start_date": null, "name:fr": null, "layer": null, "ele": null, "type": null }, "geometry": { "type": "Polygon", "coordinates": [ [ [ 72.8438428, 19.0384419 ], [ 72.8438683, 19.0376648 ], [ 72.8441806, 19.0376739 ], [ 72.8441551, 19.038451 ], [ 72.8438428, 19.0384419 ] ] ] } },
{ "type": "Feature", "properties": { "element": "way", "id": 979397738, "amenity": "school", "name": "Canossa Girls High School", "opening_hours": "Mo-Fr 07:00-15:00; Sa 07:00-15:00", "source": null, "tourism": null, "name:ur": null, "addr:city": null, "addr:housenumber": null, "addr:postcode": null, "addr:street": null, "denomination": null, "grades": null, "religion": null, "timing": null, "wikidata": null, "fixme": null, "name:en": null, "operator": null, "website": null, "check_date": null, "description": null, "female": null, "note": null, "phone": null, "isced:level": null, "education": null, "fee": null, "operator:type": null, "addr:country": null, "email": null, "capacity": null, "operator:short": null, "operator:wikidata": null, "addr:district": null, "check_date:opening_hours": null, "name:hi": null, "building": null, "brand": null, "brand:wikidata": null, "landuse": null, "building:levels": null, "wikipedia": null, "amenity_1": null, "school:gender": null, "old_name": null, "wikimedia_commons": null, "addr:housename": null, "ref:IN:UDISE": null, "barrier": null, "school": null, "name:etymology:wikidata": null, "addr:state": null, "addr:suburb": null, "alt_name": null, "surface": null, "height": null, "building:part": null, "species:en": null, "level": null, "name:mr": null, "short_name": null, "start_date": null, "name:fr": null, "layer": null, "ele": null, "type": null }, "geometry": { "type": "Polygon", "coordinates": [ [ [ 72.8429778, 19.0392317 ], [ 72.8430329, 19.0392408 ], [ 72.8433451, 19.0392921 ], [ 72.843757, 19.0393597 ], [ 72.8434391, 19.0399061 ], [ 72.8429, 19.0396754 ], [ 72.8429778, 19.0392317 ] ] ] } },
{ "type": "Feature", "properties": { "element": "way", "id": 979397739, "amenity": "school", "name": "Gandhi Memorial English High School", "opening_hours": null, "source": null, "tourism": null, "name:ur": null, "addr:city": null, "addr:housenumber": null, "addr:postcode": null, "addr:street": null, "denomination": null, "grades": null, "religion": null, "timing": null, "wikidata": null, "fixme": null, "name:en": null, "operator": null, "website": null, "check_date": "2025-12-14", "description": null, "female": null, "note": null, "phone": null, "isced:level": null, "education": null, "fee": null, "operator:type": null, "addr:country": null, "email": null, "capacity": null, "operator:short": null, "operator:wikidata": null, "addr:district": null, "check_date:opening_hours": null, "name:hi": null, "building": "yes", "brand": null, "brand:wikidata": null, "landuse": null, "building:levels": null, "wikipedia": null, "amenity_1": null, "school:gender": null, "old_name": null, "wikimedia_commons": null, "addr:housename": null, "ref:IN:UDISE": null, "barrier": null, "school": null, "name:etymology:wikidata": null, "addr:state": null, "addr:suburb": null, "alt_name": null, "surface": null, "height": null, "building:part": null, "species:en": null, "level": null, "name:mr": null, "short_name": null, "start_date": null, "name:fr": null, "layer": null, "ele": null, "type": null }, "geometry": { "type": "Polygon", "coordinates": [ [ [ 72.8527471, 19.0369447 ], [ 72.8529209, 19.03685 ], [ 72.8530577, 19.0370942 ], [ 72.8528769, 19.0371808 ], [ 72.8527471, 19.0369447 ] ] ] } },
{ "type": "Feature", "properties": { "element": "way", "id": 979397740, "amenity": "school", "name": "Banyan Tree English School", "opening_hours": null, "source": null, "tourism": null, "name:ur": null, "addr:city": null, "addr:housenumber": null, "addr:postcode": null, "addr:street": null, "denomination": null, "grades": null, "religion": null, "timing": null, "wikidata": null, "fixme": null, "name:en": null, "operator": null, "website": null, "check_date": null, "description": null, "female": null, "note": null, "phone": null, "isced:level": null, "education": null, "fee": null, "operator:type": null, "addr:country": null, "email": null, "capacity": null, "operator:short": null, "operator:wikidata": null, "addr:district": null, "check_date:opening_hours": null, "name:hi": null, "building": "yes", "brand": null, "brand:wikidata": null, "landuse": null, "building:levels": "1", "wikipedia": null, "amenity_1": null, "school:gender": null, "old_name": null, "wikimedia_commons": null, "addr:housename": null, "ref:IN:UDISE": null, "barrier": null, "school": null, "name:etymology:wikidata": null, "addr:state": null, "addr:suburb": null, "alt_name": null, "surface": null, "height": null, "building:part": null, "species:en": null, "level": null, "name:mr": null, "short_name": null, "start_date": null, "name:fr": null, "layer": null, "ele": null, "type": null }, "geometry": { "type": "Polygon", "coordinates": [ [ [ 72.8519753, 19.0366632 ], [ 72.851874, 19.0365035 ], [ 72.8520217, 19.0364198 ], [ 72.8521229, 19.0365796 ], [ 72.8519753, 19.0366632 ] ] ] } },
{ "type": "Feature", "properties": { "element": "way", "id": 979397745, "amenity": "school", "name": "St. Michael High School", "opening_hours": null, "source": null, "tourism": null, "name:ur": null, "addr:city": null, "addr:housenumber": null, "addr:postcode": null, "addr:street": null, "denomination": null, "grades": null, "religion": null, "timing": null, "wikidata": null, "fixme": null, "name:en": null, "operator": null, "website": "https://www.stmichaelshighschool.com/", "check_date": null, "description": null, "female": null, "note": null, "phone": null, "isced:level": null, "education": null, "fee": null, "operator:type": null, "addr:country": null, "email": null, "capacity": null, "operator:short": null, "operator:wikidata": null, "addr:district": null, "check_date:opening_hours": null, "name:hi": null, "building": null, "brand": null, "brand:wikidata": null, "landuse": null, "building:levels": null, "wikipedia": null, "amenity_1": null, "school:gender": null, "old_name": null, "wikimedia_commons": null, "addr:housename": null, "ref:IN:UDISE": null, "barrier": null, "school": null, "name:etymology:wikidata": null, "addr:state": null, "addr:suburb": null, "alt_name": null, "surface": null, "height": null, "building:part": null, "species:en": null, "level": null, "name:mr": null, "short_name": null, "start_date": null, "name:fr": null, "layer": null, "ele": null, "type": null }, "geometry": { "type": "Polygon", "coordinates": [ [ [ 72.8404471, 19.0425468 ], [ 72.8408025, 19.0418179 ], [ 72.8410238, 19.0419129 ], [ 72.8411058, 19.0421265 ], [ 72.841115, 19.0425823 ], [ 72.8411204, 19.0427281 ], [ 72.8411002, 19.0429056 ], [ 72.8404243, 19.0428282 ], [ 72.8404471, 19.0425468 ] ] ] } },
{ "type": "Feature", "properties": { "element": "way", "id": 979405310, "amenity": "school", "name": "Shishuvan School", "opening_hours": null, "source": null, "tourism": null, "name:ur": null, "addr:city": null, "addr:housenumber": null, "addr:postcode": null, "addr:street": null, "denomination": null, "grades": null, "religion": null, "timing": null, "wikidata": null, "fixme": null, "name:en": null, "operator": null, "website": null, "check_date": "2026-03-20", "description": null, "female": null, "note": null, "phone": null, "isced:level": null, "education": null, "fee": null, "operator:type": null, "addr:country": null, "email": null, "capacity": null, "operator:short": null, "operator:wikidata": null, "addr:district": null, "check_date:opening_hours": null, "name:hi": null, "building": null, "brand": null, "brand:wikidata": null, "landuse": null, "building:levels": null, "wikipedia": null, "amenity_1": null, "school:gender": null, "old_name": null, "wikimedia_commons": null, "addr:housename": null, "ref:IN:UDISE": null, "barrier": null, "school": null, "name:etymology:wikidata": null, "addr:state": null, "addr:suburb": null, "alt_name": null, "surface": null, "height": null, "building:part": null, "species:en": null, "level": null, "name:mr": null, "short_name": null, "start_date": null, "name:fr": null, "layer": null, "ele": null, "type": null }, "geometry": { "type": "Polygon", "coordinates": [ [ [ 72.8563017, 19.0301481 ], [ 72.8561863, 19.0295776 ], [ 72.8565162, 19.0295205 ], [ 72.8565806, 19.0297538 ], [ 72.8569441, 19.0296663 ], [ 72.8571439, 19.0299858 ], [ 72.8563017, 19.0301481 ] ] ] } },
{ "type": "Feature", "properties": { "element": "way", "id": 979583328, "amenity": "school", "name": "Elphinstone Road Municipal School", "opening_hours": null, "source": null, "tourism": null, "name:ur": null, "addr:city": null, "addr:housenumber": null, "addr:postcode": null, "addr:street": null, "denomination": null, "grades": null, "religion": null, "timing": null, "wikidata": null, "fixme": null, "name:en": null, "operator": "BMC", "website": null, "check_date": null, "description": null, "female": null, "note": null, "phone": null, "isced:level": "1;2;3", "education": null, "fee": null, "operator:type": "government", "addr:country": null, "email": null, "capacity": null, "operator:short": null, "operator:wikidata": null, "addr:district": null, "check_date:opening_hours": null, "name:hi": null, "building": "yes", "brand": null, "brand:wikidata": null, "landuse": null, "building:levels": null, "wikipedia": null, "amenity_1": null, "school:gender": null, "old_name": null, "wikimedia_commons": null, "addr:housename": null, "ref:IN:UDISE": null, "barrier": null, "school": null, "name:etymology:wikidata": null, "addr:state": null, "addr:suburb": null, "alt_name": "Muktangan School", "surface": null, "height": null, "building:part": null, "species:en": null, "level": null, "name:mr": null, "short_name": null, "start_date": null, "name:fr": null, "layer": null, "ele": null, "type": null }, "geometry": { "type": "Polygon", "coordinates": [ [ [ 72.8353832, 19.007491 ], [ 72.8354619, 19.0075974 ], [ 72.8355616, 19.0075315 ], [ 72.8354829, 19.0074251 ], [ 72.8353832, 19.007491 ] ] ] } },
{ "type": "Feature", "properties": { "element": "way", "id": 979583330, "amenity": "school", "name": "Worli Seaface BMC High School", "opening_hours": null, "source": null, "tourism": null, "name:ur": null, "addr:city": null, "addr:housenumber": null, "addr:postcode": null, "addr:street": null, "denomination": null, "grades": null, "religion": null, "timing": null, "wikidata": null, "fixme": null, "name:en": null, "operator": null, "website": null, "check_date": null, "description": null, "female": null, "note": null, "phone": null, "isced:level": null, "education": null, "fee": null, "operator:type": null, "addr:country": null, "email": null, "capacity": null, "operator:short": null, "operator:wikidata": null, "addr:district": null, "check_date:opening_hours": null, "name:hi": null, "building": null, "brand": null, "brand:wikidata": null, "landuse": null, "building:levels": null, "wikipedia": null, "amenity_1": null, "school:gender": null, "old_name": null, "wikimedia_commons": null, "addr:housename": null, "ref:IN:UDISE": null, "barrier": null, "school": null, "name:etymology:wikidata": null, "addr:state": null, "addr:suburb": null, "alt_name": null, "surface": null, "height": null, "building:part": null, "species:en": null, "level": null, "name:mr": null, "short_name": null, "start_date": null, "name:fr": null, "layer": null, "ele": null, "type": null }, "geometry": { "type": "Polygon", "coordinates": [ [ [ 72.815717, 19.0099626 ], [ 72.8161877, 19.0097234 ], [ 72.8159488, 19.0093068 ], [ 72.8154799, 19.0095561 ], [ 72.815717, 19.0099626 ] ] ] } },
{ "type": "Feature", "properties": { "element": "way", "id": 979610950, "amenity": "school", "name": "Omkar Education Sangh", "opening_hours": null, "source": null, "tourism": null, "name:ur": null, "addr:city": null, "addr:housenumber": null, "addr:postcode": null, "addr:street": null, "denomination": null, "grades": null, "religion": null, "timing": null, "wikidata": null, "fixme": null, "name:en": null, "operator": null, "website": null, "check_date": "2026-03-20", "description": null, "female": null, "note": null, "phone": null, "isced:level": null, "education": "school", "fee": null, "operator:type": null, "addr:country": null, "email": null, "capacity": null, "operator:short": null, "operator:wikidata": null, "addr:district": null, "check_date:opening_hours": null, "name:hi": null, "building": "yes", "brand": null, "brand:wikidata": null, "landuse": null, "building:levels": null, "wikipedia": null, "amenity_1": null, "school:gender": null, "old_name": null, "wikimedia_commons": null, "addr:housename": null, "ref:IN:UDISE": null, "barrier": null, "school": null, "name:etymology:wikidata": null, "addr:state": null, "addr:suburb": null, "alt_name": null, "surface": null, "height": null, "building:part": null, "species:en": null, "level": null, "name:mr": null, "short_name": null, "start_date": null, "name:fr": null, "layer": null, "ele": null, "type": null }, "geometry": { "type": "Polygon", "coordinates": [ [ [ 72.8424406, 19.0120598 ], [ 72.8424269, 19.0119817 ], [ 72.8426257, 19.0119484 ], [ 72.842638, 19.0120294 ], [ 72.8424406, 19.0120598 ] ] ] } },
{ "type": "Feature", "properties": { "element": "way", "id": 979610951, "amenity": "school", "name": "Shri Hirji Ghelabai Savala Vidyalaya", "opening_hours": null, "source": null, "tourism": null, "name:ur": null, "addr:city": null, "addr:housenumber": null, "addr:postcode": null, "addr:street": null, "denomination": null, "grades": null, "religion": null, "timing": null, "wikidata": null, "fixme": null, "name:en": null, "operator": null, "website": null, "check_date": "2026-03-20", "description": null, "female": null, "note": null, "phone": null, "isced:level": null, "education": null, "fee": null, "operator:type": null, "addr:country": null, "email": null, "capacity": null, "operator:short": null, "operator:wikidata": null, "addr:district": null, "check_date:opening_hours": null, "name:hi": null, "building": null, "brand": null, "brand:wikidata": null, "landuse": null, "building:levels": null, "wikipedia": null, "amenity_1": null, "school:gender": null, "old_name": null, "wikimedia_commons": null, "addr:housename": null, "ref:IN:UDISE": null, "barrier": null, "school": null, "name:etymology:wikidata": null, "addr:state": null, "addr:suburb": null, "alt_name": null, "surface": null, "height": null, "building:part": null, "species:en": null, "level": null, "name:mr": null, "short_name": null, "start_date": null, "name:fr": null, "layer": null, "ele": null, "type": null }, "geometry": { "type": "Polygon", "coordinates": [ [ [ 72.8565162, 19.0295205 ], [ 72.8568564, 19.0294408 ], [ 72.8569441, 19.0296663 ], [ 72.8565806, 19.0297538 ], [ 72.8565162, 19.0295205 ] ] ] } },
{ "type": "Feature", "properties": { "element": "way", "id": 979610953, "amenity": "school", "name": "Abhyudaya Nagar Municipal School", "opening_hours": null, "source": null, "tourism": null, "name:ur": null, "addr:city": null, "addr:housenumber": null, "addr:postcode": null, "addr:street": null, "denomination": null, "grades": null, "religion": null, "timing": null, "wikidata": null, "fixme": null, "name:en": null, "operator": "BMC", "website": null, "check_date": null, "description": null, "female": null, "note": null, "phone": null, "isced:level": null, "education": null, "fee": null, "operator:type": "government", "addr:country": null, "email": null, "capacity": null, "operator:short": null, "operator:wikidata": null, "addr:district": null, "check_date:opening_hours": null, "name:hi": null, "building": null, "brand": null, "brand:wikidata": null, "landuse": null, "building:levels": null, "wikipedia": null, "amenity_1": null, "school:gender": null, "old_name": null, "wikimedia_commons": null, "addr:housename": null, "ref:IN:UDISE": null, "barrier": null, "school": null, "name:etymology:wikidata": null, "addr:state": null, "addr:suburb": null, "alt_name": null, "surface": null, "height": null, "building:part": null, "species:en": null, "level": null, "name:mr": null, "short_name": null, "start_date": null, "name:fr": null, "layer": null, "ele": null, "type": null }, "geometry": { "type": "Polygon", "coordinates": [ [ [ 72.8428146, 18.9908984 ], [ 72.8431711, 18.9908021 ], [ 72.8429929, 18.9903254 ], [ 72.8426551, 18.9904105 ], [ 72.8428146, 18.9908984 ] ] ] } },
{ "type": "Feature", "properties": { "element": "way", "id": 979872900, "amenity": "school", "name": null, "opening_hours": null, "source": null, "tourism": null, "name:ur": null, "addr:city": null, "addr:housenumber": null, "addr:postcode": null, "addr:street": null, "denomination": null, "grades": null, "religion": null, "timing": null, "wikidata": null, "fixme": null, "name:en": null, "operator": null, "website": null, "check_date": null, "description": null, "female": null, "note": null, "phone": null, "isced:level": null, "education": null, "fee": null, "operator:type": null, "addr:country": null, "email": null, "capacity": null, "operator:short": null, "operator:wikidata": null, "addr:district": null, "check_date:opening_hours": null, "name:hi": null, "building": null, "brand": null, "brand:wikidata": null, "landuse": null, "building:levels": null, "wikipedia": null, "amenity_1": null, "school:gender": null, "old_name": null, "wikimedia_commons": null, "addr:housename": null, "ref:IN:UDISE": null, "barrier": "wall", "school": null, "name:etymology:wikidata": null, "addr:state": null, "addr:suburb": null, "alt_name": null, "surface": null, "height": null, "building:part": null, "species:en": null, "level": null, "name:mr": null, "short_name": null, "start_date": null, "name:fr": null, "layer": null, "ele": null, "type": null }, "geometry": { "type": "Polygon", "coordinates": [ [ [ 72.9493596, 19.1894541 ], [ 72.9491745, 19.1891311 ], [ 72.9484744, 19.189387 ], [ 72.9485294, 19.1896618 ], [ 72.9487574, 19.1896694 ], [ 72.9489371, 19.1896453 ], [ 72.9489022, 19.1894933 ], [ 72.9490753, 19.1894718 ], [ 72.9490927, 19.1895136 ], [ 72.9493596, 19.1894541 ] ] ] } },
{ "type": "Feature", "properties": { "element": "way", "id": 981822226, "amenity": "school", "name": "Sayani Road Municipal School", "opening_hours": null, "source": null, "tourism": null, "name:ur": null, "addr:city": null, "addr:housenumber": null, "addr:postcode": null, "addr:street": null, "denomination": null, "grades": null, "religion": null, "timing": null, "wikidata": null, "fixme": null, "name:en": null, "operator": "BMC", "website": null, "check_date": null, "description": null, "female": null, "note": null, "phone": null, "isced:level": "1;2;3", "education": null, "fee": null, "operator:type": "government", "addr:country": null, "email": null, "capacity": null, "operator:short": null, "operator:wikidata": null, "addr:district": null, "check_date:opening_hours": null, "name:hi": null, "building": null, "brand": null, "brand:wikidata": null, "landuse": null, "building:levels": null, "wikipedia": null, "amenity_1": null, "school:gender": null, "old_name": null, "wikimedia_commons": null, "addr:housename": null, "ref:IN:UDISE": null, "barrier": null, "school": null, "name:etymology:wikidata": null, "addr:state": null, "addr:suburb": null, "alt_name": null, "surface": null, "height": null, "building:part": null, "species:en": null, "level": null, "name:mr": null, "short_name": null, "start_date": null, "name:fr": null, "layer": null, "ele": null, "type": null }, "geometry": { "type": "Polygon", "coordinates": [ [ [ 72.8320625, 19.0140195 ], [ 72.8322946, 19.0141438 ], [ 72.8324944, 19.0137989 ], [ 72.8322605, 19.0136778 ], [ 72.8320625, 19.0140195 ] ] ] } },
{ "type": "Feature", "properties": { "element": "way", "id": 981839505, "amenity": "school", "name": "Ashok Academy School", "opening_hours": null, "source": null, "tourism": null, "name:ur": null, "addr:city": "Mumbai", "addr:housenumber": null, "addr:postcode": "400053", "addr:street": "Ashok Academy Lane", "denomination": null, "grades": "0-12", "religion": "none", "timing": null, "wikidata": null, "fixme": null, "name:en": null, "operator": null, "website": "https://ashokacademy.org/", "check_date": null, "description": null, "female": null, "note": null, "phone": "+91-22263-65670", "isced:level": null, "education": null, "fee": null, "operator:type": null, "addr:country": null, "email": null, "capacity": null, "operator:short": null, "operator:wikidata": null, "addr:district": null, "check_date:opening_hours": null, "name:hi": null, "building": null, "brand": null, "brand:wikidata": null, "landuse": null, "building:levels": null, "wikipedia": null, "amenity_1": null, "school:gender": null, "old_name": null, "wikimedia_commons": null, "addr:housename": null, "ref:IN:UDISE": null, "barrier": null, "school": null, "name:etymology:wikidata": null, "addr:state": null, "addr:suburb": null, "alt_name": null, "surface": null, "height": null, "building:part": null, "species:en": null, "level": null, "name:mr": null, "short_name": null, "start_date": null, "name:fr": null, "layer": null, "ele": null, "type": null }, "geometry": { "type": "Polygon", "coordinates": [ [ [ 72.8274465, 19.1414306 ], [ 72.8274743, 19.1414442 ], [ 72.8276181, 19.1415146 ], [ 72.8276424, 19.1414773 ], [ 72.8276791, 19.1414959 ], [ 72.8277338, 19.141409 ], [ 72.8276831, 19.14138 ], [ 72.8276446, 19.1413579 ], [ 72.8275804, 19.1413211 ], [ 72.8275619, 19.1413615 ], [ 72.8274962, 19.1413314 ], [ 72.8274465, 19.1414306 ] ] ] } },
{ "type": "Feature", "properties": { "element": "way", "id": 981962241, "amenity": "school", "name": "Muktangan School", "opening_hours": null, "source": null, "tourism": null, "name:ur": null, "addr:city": null, "addr:housenumber": null, "addr:postcode": null, "addr:street": null, "denomination": null, "grades": null, "religion": null, "timing": null, "wikidata": null, "fixme": null, "name:en": null, "operator": null, "website": null, "check_date": null, "description": null, "female": null, "note": null, "phone": null, "isced:level": null, "education": null, "fee": null, "operator:type": null, "addr:country": null, "email": null, "capacity": null, "operator:short": null, "operator:wikidata": null, "addr:district": null, "check_date:opening_hours": null, "name:hi": null, "building": null, "brand": null, "brand:wikidata": null, "landuse": null, "building:levels": null, "wikipedia": null, "amenity_1": null, "school:gender": null, "old_name": null, "wikimedia_commons": null, "addr:housename": null, "ref:IN:UDISE": null, "barrier": null, "school": null, "name:etymology:wikidata": null, "addr:state": null, "addr:suburb": null, "alt_name": null, "surface": null, "height": null, "building:part": null, "species:en": null, "level": null, "name:mr": null, "short_name": null, "start_date": null, "name:fr": null, "layer": null, "ele": null, "type": null }, "geometry": { "type": "Polygon", "coordinates": [ [ [ 72.830075, 19.0064117 ], [ 72.830126, 19.0064092 ], [ 72.8305659, 19.0070914 ], [ 72.8305632, 19.0072638 ], [ 72.8300911, 19.007274 ], [ 72.830075, 19.0064117 ] ] ] } },
{ "type": "Feature", "properties": { "element": "way", "id": 1008059712, "amenity": "school", "name": "BMC School", "opening_hours": null, "source": null, "tourism": null, "name:ur": null, "addr:city": null, "addr:housenumber": null, "addr:postcode": null, "addr:street": null, "denomination": null, "grades": null, "religion": null, "timing": null, "wikidata": null, "fixme": null, "name:en": null, "operator": null, "website": null, "check_date": null, "description": null, "female": null, "note": null, "phone": null, "isced:level": null, "education": null, "fee": null, "operator:type": "public", "addr:country": null, "email": null, "capacity": null, "operator:short": null, "operator:wikidata": null, "addr:district": null, "check_date:opening_hours": null, "name:hi": null, "building": null, "brand": null, "brand:wikidata": null, "landuse": null, "building:levels": null, "wikipedia": null, "amenity_1": null, "school:gender": null, "old_name": null, "wikimedia_commons": null, "addr:housename": null, "ref:IN:UDISE": null, "barrier": null, "school": null, "name:etymology:wikidata": null, "addr:state": null, "addr:suburb": null, "alt_name": null, "surface": null, "height": null, "building:part": null, "species:en": null, "level": null, "name:mr": null, "short_name": null, "start_date": null, "name:fr": null, "layer": null, "ele": null, "type": null }, "geometry": { "type": "Polygon", "coordinates": [ [ [ 72.8300131, 19.1474396 ], [ 72.8299552, 19.1469372 ], [ 72.8304609, 19.1469026 ], [ 72.8304971, 19.1474073 ], [ 72.8300131, 19.1474396 ] ] ] } },
{ "type": "Feature", "properties": { "element": "way", "id": 1014517842, "amenity": "school", "name": "Bombay Cambridge International School", "opening_hours": "Mo-Sa 08:00-07:00", "source": null, "tourism": null, "name:ur": null, "addr:city": "Mumbai", "addr:housenumber": null, "addr:postcode": "400099", "addr:street": "V M Shah Marg", "denomination": null, "grades": null, "religion": null, "timing": null, "wikidata": null, "fixme": null, "name:en": null, "operator": null, "website": "https://bcseast.org/", "check_date": null, "description": null, "female": null, "note": null, "phone": null, "isced:level": null, "education": null, "fee": null, "operator:type": null, "addr:country": null, "email": null, "capacity": null, "operator:short": null, "operator:wikidata": null, "addr:district": null, "check_date:opening_hours": null, "name:hi": null, "building": "school", "brand": null, "brand:wikidata": null, "landuse": null, "building:levels": "4", "wikipedia": null, "amenity_1": null, "school:gender": null, "old_name": null, "wikimedia_commons": null, "addr:housename": null, "ref:IN:UDISE": null, "barrier": null, "school": null, "name:etymology:wikidata": null, "addr:state": null, "addr:suburb": null, "alt_name": null, "surface": null, "height": null, "building:part": null, "species:en": null, "level": null, "name:mr": null, "short_name": null, "start_date": null, "name:fr": null, "layer": null, "ele": null, "type": null }, "geometry": { "type": "Polygon", "coordinates": [ [ [ 72.8621354, 19.1054241 ], [ 72.8623552, 19.1054997 ], [ 72.8624106, 19.1053558 ], [ 72.862308, 19.1053204 ], [ 72.8621909, 19.1052802 ], [ 72.8621354, 19.1054241 ] ] ] } },
{ "type": "Feature", "properties": { "element": "way", "id": 1024126863, "amenity": "school", "name": null, "opening_hours": null, "source": null, "tourism": null, "name:ur": null, "addr:city": null, "addr:housenumber": null, "addr:postcode": null, "addr:street": null, "denomination": null, "grades": null, "religion": null, "timing": null, "wikidata": null, "fixme": null, "name:en": null, "operator": null, "website": null, "check_date": null, "description": null, "female": null, "note": null, "phone": null, "isced:level": null, "education": null, "fee": null, "operator:type": null, "addr:country": null, "email": null, "capacity": null, "operator:short": null, "operator:wikidata": null, "addr:district": null, "check_date:opening_hours": null, "name:hi": null, "building": null, "brand": null, "brand:wikidata": null, "landuse": null, "building:levels": null, "wikipedia": null, "amenity_1": null, "school:gender": null, "old_name": null, "wikimedia_commons": null, "addr:housename": null, "ref:IN:UDISE": null, "barrier": null, "school": null, "name:etymology:wikidata": null, "addr:state": null, "addr:suburb": null, "alt_name": null, "surface": null, "height": null, "building:part": null, "species:en": null, "level": null, "name:mr": null, "short_name": null, "start_date": null, "name:fr": null, "layer": null, "ele": null, "type": null }, "geometry": { "type": "Polygon", "coordinates": [ [ [ 72.8624139, 19.2096499 ], [ 72.8626928, 19.20966 ], [ 72.8626365, 19.2092472 ], [ 72.8623602, 19.2092624 ], [ 72.8624139, 19.2096499 ] ] ] } },
{ "type": "Feature", "properties": { "element": "way", "id": 1027121220, "amenity": "school", "name": "Mount Litera School International", "opening_hours": null, "source": null, "tourism": null, "name:ur": null, "addr:city": null, "addr:housenumber": null, "addr:postcode": null, "addr:street": null, "denomination": null, "grades": null, "religion": null, "timing": null, "wikidata": null, "fixme": null, "name:en": null, "operator": null, "website": null, "check_date": null, "description": null, "female": null, "note": null, "phone": null, "isced:level": null, "education": null, "fee": null, "operator:type": null, "addr:country": null, "email": null, "capacity": null, "operator:short": null, "operator:wikidata": null, "addr:district": null, "check_date:opening_hours": null, "name:hi": null, "building": null, "brand": null, "brand:wikidata": null, "landuse": null, "building:levels": null, "wikipedia": null, "amenity_1": null, "school:gender": null, "old_name": null, "wikimedia_commons": null, "addr:housename": null, "ref:IN:UDISE": null, "barrier": null, "school": null, "name:etymology:wikidata": null, "addr:state": null, "addr:suburb": null, "alt_name": null, "surface": null, "height": null, "building:part": null, "species:en": null, "level": null, "name:mr": null, "short_name": null, "start_date": null, "name:fr": null, "layer": null, "ele": null, "type": null }, "geometry": { "type": "Polygon", "coordinates": [ [ [ 72.8597402, 19.0648936 ], [ 72.8599441, 19.0645516 ], [ 72.859755, 19.0644274 ], [ 72.8599658, 19.0641043 ], [ 72.8599173, 19.0640699 ], [ 72.8596517, 19.064217 ], [ 72.8593078, 19.0642741 ], [ 72.8589955, 19.0642948 ], [ 72.8590709, 19.0649717 ], [ 72.8597402, 19.0648936 ] ] ] } },
{ "type": "Feature", "properties": { "element": "way", "id": 1027121223, "amenity": "school", "name": "Arya Vidya Mandir", "opening_hours": null, "source": null, "tourism": null, "name:ur": null, "addr:city": null, "addr:housenumber": null, "addr:postcode": null, "addr:street": null, "denomination": null, "grades": null, "religion": null, "timing": null, "wikidata": null, "fixme": null, "name:en": null, "operator": null, "website": null, "check_date": null, "description": null, "female": null, "note": null, "phone": null, "isced:level": null, "education": null, "fee": null, "operator:type": null, "addr:country": null, "email": null, "capacity": null, "operator:short": null, "operator:wikidata": null, "addr:district": null, "check_date:opening_hours": null, "name:hi": null, "building": null, "brand": null, "brand:wikidata": null, "landuse": null, "building:levels": null, "wikipedia": null, "amenity_1": null, "school:gender": null, "old_name": null, "wikimedia_commons": null, "addr:housename": null, "ref:IN:UDISE": null, "barrier": null, "school": null, "name:etymology:wikidata": null, "addr:state": null, "addr:suburb": null, "alt_name": null, "surface": null, "height": null, "building:part": null, "species:en": null, "level": null, "name:mr": null, "short_name": null, "start_date": null, "name:fr": null, "layer": null, "ele": null, "type": null }, "geometry": { "type": "Polygon", "coordinates": [ [ [ 72.8593751, 19.0655298 ], [ 72.8593114, 19.0650635 ], [ 72.8578908, 19.0652368 ], [ 72.8579554, 19.065701 ], [ 72.8585308, 19.0656348 ], [ 72.8593751, 19.0655298 ] ] ] } },
{ "type": "Feature", "properties": { "element": "way", "id": 1031952048, "amenity": "school", "name": "veena nagar bmc school", "opening_hours": null, "source": null, "tourism": null, "name:ur": null, "addr:city": "Mulund (West)", "addr:housenumber": null, "addr:postcode": "400080", "addr:street": "Hill Breeze Road", "denomination": null, "grades": null, "religion": null, "timing": null, "wikidata": null, "fixme": null, "name:en": null, "operator": "bmc", "website": null, "check_date": null, "description": null, "female": null, "note": null, "phone": null, "isced:level": null, "education": null, "fee": null, "operator:type": "government", "addr:country": null, "email": null, "capacity": null, "operator:short": null, "operator:wikidata": null, "addr:district": null, "check_date:opening_hours": null, "name:hi": null, "building": null, "brand": null, "brand:wikidata": null, "landuse": null, "building:levels": null, "wikipedia": null, "amenity_1": null, "school:gender": null, "old_name": null, "wikimedia_commons": null, "addr:housename": null, "ref:IN:UDISE": null, "barrier": null, "school": null, "name:etymology:wikidata": null, "addr:state": null, "addr:suburb": null, "alt_name": null, "surface": null, "height": null, "building:part": null, "species:en": null, "level": null, "name:mr": null, "short_name": null, "start_date": null, "name:fr": null, "layer": null, "ele": null, "type": null }, "geometry": { "type": "Polygon", "coordinates": [ [ [ 72.9434001, 19.1829712 ], [ 72.9437151, 19.1828385 ], [ 72.943481, 19.1824565 ], [ 72.9431403, 19.1826415 ], [ 72.9434001, 19.1829712 ] ] ] } },
{ "type": "Feature", "properties": { "element": "way", "id": 1059021264, "amenity": "school", "name": null, "opening_hours": null, "source": null, "tourism": null, "name:ur": null, "addr:city": null, "addr:housenumber": null, "addr:postcode": null, "addr:street": null, "denomination": null, "grades": null, "religion": null, "timing": null, "wikidata": null, "fixme": null, "name:en": null, "operator": null, "website": null, "check_date": null, "description": null, "female": null, "note": null, "phone": null, "isced:level": null, "education": null, "fee": null, "operator:type": null, "addr:country": null, "email": null, "capacity": null, "operator:short": null, "operator:wikidata": null, "addr:district": null, "check_date:opening_hours": null, "name:hi": null, "building": null, "brand": null, "brand:wikidata": null, "landuse": null, "building:levels": null, "wikipedia": null, "amenity_1": null, "school:gender": null, "old_name": null, "wikimedia_commons": null, "addr:housename": null, "ref:IN:UDISE": null, "barrier": null, "school": null, "name:etymology:wikidata": null, "addr:state": null, "addr:suburb": null, "alt_name": null, "surface": null, "height": null, "building:part": null, "species:en": null, "level": null, "name:mr": null, "short_name": null, "start_date": null, "name:fr": null, "layer": null, "ele": null, "type": null }, "geometry": { "type": "Polygon", "coordinates": [ [ [ 72.8376531, 19.0737849 ], [ 72.8382625, 19.0737342 ], [ 72.8383849, 19.0744825 ], [ 72.8377153, 19.0745179 ], [ 72.8376531, 19.0737849 ] ] ] } },
{ "type": "Feature", "properties": { "element": "way", "id": 1095176119, "amenity": "school", "name": "Gokuldham School", "opening_hours": null, "source": null, "tourism": null, "name:ur": null, "addr:city": null, "addr:housenumber": null, "addr:postcode": null, "addr:street": null, "denomination": null, "grades": null, "religion": null, "timing": null, "wikidata": null, "fixme": null, "name:en": null, "operator": null, "website": null, "check_date": null, "description": null, "female": null, "note": null, "phone": null, "isced:level": null, "education": null, "fee": null, "operator:type": null, "addr:country": null, "email": null, "capacity": null, "operator:short": null, "operator:wikidata": null, "addr:district": null, "check_date:opening_hours": null, "name:hi": null, "building": null, "brand": null, "brand:wikidata": null, "landuse": null, "building:levels": null, "wikipedia": null, "amenity_1": null, "school:gender": null, "old_name": null, "wikimedia_commons": null, "addr:housename": null, "ref:IN:UDISE": null, "barrier": null, "school": null, "name:etymology:wikidata": null, "addr:state": null, "addr:suburb": null, "alt_name": null, "surface": null, "height": null, "building:part": null, "species:en": null, "level": null, "name:mr": null, "short_name": null, "start_date": null, "name:fr": null, "layer": null, "ele": null, "type": null }, "geometry": { "type": "Polygon", "coordinates": [ [ [ 72.8677924, 19.1743305 ], [ 72.8678987, 19.1743688 ], [ 72.8681287, 19.1740035 ], [ 72.86786, 19.1738672 ], [ 72.8676662, 19.1742934 ], [ 72.8677924, 19.1743305 ] ] ] } },
{ "type": "Feature", "properties": { "element": "way", "id": 1117114689, "amenity": "school", "name": "st rocks school", "opening_hours": null, "source": null, "tourism": null, "name:ur": null, "addr:city": null, "addr:housenumber": null, "addr:postcode": null, "addr:street": null, "denomination": null, "grades": null, "religion": null, "timing": null, "wikidata": null, "fixme": null, "name:en": null, "operator": null, "website": null, "check_date": null, "description": null, "female": null, "note": null, "phone": null, "isced:level": null, "education": null, "fee": null, "operator:type": null, "addr:country": null, "email": null, "capacity": null, "operator:short": null, "operator:wikidata": null, "addr:district": null, "check_date:opening_hours": null, "name:hi": null, "building": null, "brand": null, "brand:wikidata": null, "landuse": null, "building:levels": null, "wikipedia": null, "amenity_1": null, "school:gender": null, "old_name": null, "wikimedia_commons": null, "addr:housename": null, "ref:IN:UDISE": null, "barrier": null, "school": null, "name:etymology:wikidata": null, "addr:state": null, "addr:suburb": null, "alt_name": null, "surface": null, "height": null, "building:part": null, "species:en": null, "level": null, "name:mr": null, "short_name": null, "start_date": null, "name:fr": null, "layer": null, "ele": null, "type": null }, "geometry": { "type": "Polygon", "coordinates": [ [ [ 72.8257711, 19.228581 ], [ 72.8260638, 19.2285224 ], [ 72.8261463, 19.2290421 ], [ 72.8258667, 19.2290822 ], [ 72.8257711, 19.228581 ] ] ] } },
{ "type": "Feature", "properties": { "element": "way", "id": 1118596423, "amenity": "school", "name": "NES Internation School", "opening_hours": null, "source": null, "tourism": null, "name:ur": null, "addr:city": null, "addr:housenumber": null, "addr:postcode": null, "addr:street": null, "denomination": null, "grades": null, "religion": null, "timing": null, "wikidata": null, "fixme": null, "name:en": null, "operator": null, "website": null, "check_date": null, "description": null, "female": null, "note": null, "phone": null, "isced:level": null, "education": null, "fee": null, "operator:type": null, "addr:country": null, "email": null, "capacity": null, "operator:short": null, "operator:wikidata": null, "addr:district": null, "check_date:opening_hours": null, "name:hi": null, "building": null, "brand": null, "brand:wikidata": null, "landuse": null, "building:levels": null, "wikipedia": null, "amenity_1": null, "school:gender": null, "old_name": null, "wikimedia_commons": null, "addr:housename": null, "ref:IN:UDISE": null, "barrier": null, "school": null, "name:etymology:wikidata": null, "addr:state": null, "addr:suburb": null, "alt_name": null, "surface": null, "height": null, "building:part": null, "species:en": null, "level": null, "name:mr": null, "short_name": null, "start_date": null, "name:fr": null, "layer": null, "ele": null, "type": null }, "geometry": { "type": "Polygon", "coordinates": [ [ [ 72.9399707, 19.1800234 ], [ 72.9395627, 19.1802312 ], [ 72.9393241, 19.1797137 ], [ 72.939764, 19.1795161 ], [ 72.9399707, 19.1800234 ] ] ] } },
{ "type": "Feature", "properties": { "element": "way", "id": 1120054428, "amenity": "school", "name": "oxford public school", "opening_hours": null, "source": null, "tourism": null, "name:ur": null, "addr:city": "Mumbai", "addr:housenumber": null, "addr:postcode": "400067", "addr:street": "vidya marg", "denomination": null, "grades": "1-10", "religion": "none", "timing": null, "wikidata": null, "fixme": null, "name:en": null, "operator": "jothsana robert", "website": null, "check_date": null, "description": null, "female": null, "note": null, "phone": null, "isced:level": null, "education": null, "fee": null, "operator:type": "private", "addr:country": null, "email": null, "capacity": "1500", "operator:short": null, "operator:wikidata": null, "addr:district": null, "check_date:opening_hours": null, "name:hi": null, "building": "yes", "brand": null, "brand:wikidata": null, "landuse": null, "building:levels": null, "wikipedia": null, "amenity_1": null, "school:gender": null, "old_name": null, "wikimedia_commons": null, "addr:housename": null, "ref:IN:UDISE": null, "barrier": null, "school": null, "name:etymology:wikidata": null, "addr:state": null, "addr:suburb": null, "alt_name": null, "surface": null, "height": null, "building:part": null, "species:en": null, "level": null, "name:mr": null, "short_name": null, "start_date": null, "name:fr": null, "layer": "-1", "ele": null, "type": null }, "geometry": { "type": "Polygon", "coordinates": [ [ [ 72.8249949, 19.2175254 ], [ 72.825007, 19.2178575 ], [ 72.8256145, 19.2178394 ], [ 72.8256118, 19.217495 ], [ 72.8249949, 19.2175254 ] ] ] } },
{ "type": "Feature", "properties": { "element": "way", "id": 1120160501, "amenity": "school", "name": null, "opening_hours": null, "source": null, "tourism": null, "name:ur": null, "addr:city": null, "addr:housenumber": null, "addr:postcode": null, "addr:street": null, "denomination": null, "grades": null, "religion": null, "timing": null, "wikidata": null, "fixme": null, "name:en": null, "operator": null, "website": null, "check_date": null, "description": null, "female": null, "note": null, "phone": null, "isced:level": null, "education": null, "fee": null, "operator:type": null, "addr:country": null, "email": null, "capacity": null, "operator:short": null, "operator:wikidata": null, "addr:district": null, "check_date:opening_hours": null, "name:hi": null, "building": null, "brand": null, "brand:wikidata": null, "landuse": null, "building:levels": null, "wikipedia": null, "amenity_1": null, "school:gender": null, "old_name": null, "wikimedia_commons": null, "addr:housename": null, "ref:IN:UDISE": null, "barrier": null, "school": null, "name:etymology:wikidata": null, "addr:state": null, "addr:suburb": null, "alt_name": null, "surface": null, "height": null, "building:part": null, "species:en": null, "level": null, "name:mr": null, "short_name": null, "start_date": null, "name:fr": null, "layer": null, "ele": null, "type": null }, "geometry": { "type": "Polygon", "coordinates": [ [ [ 72.9398716, 19.167624 ], [ 72.9400375, 19.1680423 ], [ 72.9401388, 19.1683216 ], [ 72.9403701, 19.1682374 ], [ 72.9401025, 19.1675417 ], [ 72.9398716, 19.167624 ] ] ] } },
{ "type": "Feature", "properties": { "element": "way", "id": 1121459522, "amenity": "school", "name": "Shree Sthulbadhra Krupa Labdi Jain International School", "opening_hours": null, "source": null, "tourism": null, "name:ur": null, "addr:city": null, "addr:housenumber": null, "addr:postcode": null, "addr:street": null, "denomination": null, "grades": null, "religion": null, "timing": null, "wikidata": null, "fixme": null, "name:en": null, "operator": null, "website": null, "check_date": null, "description": null, "female": null, "note": null, "phone": null, "isced:level": null, "education": null, "fee": null, "operator:type": null, "addr:country": null, "email": null, "capacity": null, "operator:short": null, "operator:wikidata": null, "addr:district": null, "check_date:opening_hours": null, "name:hi": null, "building": null, "brand": null, "brand:wikidata": null, "landuse": null, "building:levels": null, "wikipedia": null, "amenity_1": null, "school:gender": null, "old_name": null, "wikimedia_commons": null, "addr:housename": null, "ref:IN:UDISE": null, "barrier": null, "school": null, "name:etymology:wikidata": null, "addr:state": null, "addr:suburb": null, "alt_name": null, "surface": null, "height": null, "building:part": null, "species:en": null, "level": null, "name:mr": null, "short_name": null, "start_date": null, "name:fr": null, "layer": null, "ele": null, "type": null }, "geometry": { "type": "Polygon", "coordinates": [ [ [ 72.9339171, 19.1725968 ], [ 72.9343169, 19.1723821 ], [ 72.934392, 19.1725341 ], [ 72.9340106, 19.1727495 ], [ 72.9339171, 19.1725968 ] ] ] } },
{ "type": "Feature", "properties": { "element": "way", "id": 1122304295, "amenity": "school", "name": "Holy Angels Marthoma School", "opening_hours": null, "source": null, "tourism": null, "name:ur": null, "addr:city": null, "addr:housenumber": null, "addr:postcode": null, "addr:street": null, "denomination": null, "grades": null, "religion": null, "timing": null, "wikidata": null, "fixme": null, "name:en": null, "operator": null, "website": null, "check_date": null, "description": null, "female": null, "note": null, "phone": null, "isced:level": null, "education": null, "fee": null, "operator:type": null, "addr:country": null, "email": null, "capacity": null, "operator:short": null, "operator:wikidata": null, "addr:district": null, "check_date:opening_hours": null, "name:hi": null, "building": null, "brand": null, "brand:wikidata": null, "landuse": null, "building:levels": null, "wikipedia": null, "amenity_1": null, "school:gender": null, "old_name": null, "wikimedia_commons": null, "addr:housename": null, "ref:IN:UDISE": null, "barrier": null, "school": null, "name:etymology:wikidata": null, "addr:state": null, "addr:suburb": null, "alt_name": null, "surface": null, "height": null, "building:part": null, "species:en": null, "level": null, "name:mr": null, "short_name": null, "start_date": null, "name:fr": null, "layer": null, "ele": null, "type": null }, "geometry": { "type": "Polygon", "coordinates": [ [ [ 72.9421597, 19.1627373 ], [ 72.9422843, 19.1630799 ], [ 72.9424871, 19.1629997 ], [ 72.9423549, 19.1626707 ], [ 72.9421597, 19.1627373 ] ] ] } },
{ "type": "Feature", "properties": { "element": "way", "id": 1122832158, "amenity": "school", "name": "Rajaramsheth Vidyalaya", "opening_hours": null, "source": null, "tourism": null, "name:ur": null, "addr:city": null, "addr:housenumber": null, "addr:postcode": null, "addr:street": null, "denomination": null, "grades": null, "religion": null, "timing": null, "wikidata": null, "fixme": null, "name:en": null, "operator": null, "website": null, "check_date": null, "description": null, "female": null, "note": null, "phone": null, "isced:level": null, "education": null, "fee": null, "operator:type": null, "addr:country": null, "email": null, "capacity": null, "operator:short": null, "operator:wikidata": null, "addr:district": null, "check_date:opening_hours": null, "name:hi": null, "building": null, "brand": null, "brand:wikidata": null, "landuse": null, "building:levels": null, "wikipedia": null, "amenity_1": null, "school:gender": null, "old_name": null, "wikimedia_commons": null, "addr:housename": null, "ref:IN:UDISE": null, "barrier": null, "school": null, "name:etymology:wikidata": null, "addr:state": null, "addr:suburb": null, "alt_name": null, "surface": null, "height": null, "building:part": null, "species:en": null, "level": null, "name:mr": null, "short_name": null, "start_date": null, "name:fr": null, "layer": null, "ele": null, "type": null }, "geometry": { "type": "Polygon", "coordinates": [ [ [ 72.9306069, 19.1633096 ], [ 72.9308188, 19.1631931 ], [ 72.9310361, 19.1638011 ], [ 72.930918, 19.1638391 ], [ 72.9309475, 19.1639962 ], [ 72.9303521, 19.1640596 ], [ 72.9303038, 19.1638822 ], [ 72.9306713, 19.1637606 ], [ 72.9306069, 19.1633096 ] ] ] } },
{ "type": "Feature", "properties": { "element": "way", "id": 1123412915, "amenity": "school", "name": "Shri Chinai College of Commerce & Economics", "opening_hours": null, "source": null, "tourism": null, "name:ur": null, "addr:city": null, "addr:housenumber": null, "addr:postcode": null, "addr:street": "R K Paramhans Road", "denomination": null, "grades": null, "religion": null, "timing": null, "wikidata": null, "fixme": null, "name:en": null, "operator": null, "website": null, "check_date": null, "description": null, "female": null, "note": null, "phone": null, "isced:level": null, "education": null, "fee": null, "operator:type": null, "addr:country": null, "email": null, "capacity": null, "operator:short": null, "operator:wikidata": null, "addr:district": null, "check_date:opening_hours": null, "name:hi": null, "building": null, "brand": null, "brand:wikidata": null, "landuse": null, "building:levels": null, "wikipedia": null, "amenity_1": null, "school:gender": null, "old_name": null, "wikimedia_commons": null, "addr:housename": null, "ref:IN:UDISE": null, "barrier": null, "school": null, "name:etymology:wikidata": null, "addr:state": null, "addr:suburb": null, "alt_name": null, "surface": null, "height": null, "building:part": null, "species:en": null, "level": null, "name:mr": null, "short_name": null, "start_date": null, "name:fr": null, "layer": null, "ele": null, "type": null }, "geometry": { "type": "LineString", "coordinates": [ [ 72.851412, 19.120849 ], [ 72.8516856, 19.121551 ], [ 72.8515783, 19.1215484 ], [ 72.8515971, 19.1219716 ], [ 72.8508139, 19.1220249 ], [ 72.8505778, 19.1216979 ], [ 72.8507709, 19.1216422 ], [ 72.8507629, 19.1214116 ], [ 72.8505591, 19.1214293 ], [ 72.850484, 19.1213001 ], [ 72.8514361, 19.1208363 ] ] } },
{ "type": "Feature", "properties": { "element": "way", "id": 1123725998, "amenity": "school", "name": "Municipalty School", "opening_hours": null, "source": null, "tourism": null, "name:ur": null, "addr:city": null, "addr:housenumber": null, "addr:postcode": null, "addr:street": null, "denomination": null, "grades": null, "religion": null, "timing": null, "wikidata": null, "fixme": null, "name:en": null, "operator": null, "website": null, "check_date": null, "description": null, "female": null, "note": null, "phone": null, "isced:level": null, "education": null, "fee": null, "operator:type": null, "addr:country": null, "email": null, "capacity": null, "operator:short": null, "operator:wikidata": null, "addr:district": null, "check_date:opening_hours": null, "name:hi": null, "building": null, "brand": null, "brand:wikidata": null, "landuse": null, "building:levels": null, "wikipedia": null, "amenity_1": null, "school:gender": null, "old_name": null, "wikimedia_commons": null, "addr:housename": null, "ref:IN:UDISE": null, "barrier": null, "school": null, "name:etymology:wikidata": null, "addr:state": null, "addr:suburb": null, "alt_name": null, "surface": null, "height": null, "building:part": null, "species:en": null, "level": null, "name:mr": null, "short_name": null, "start_date": null, "name:fr": null, "layer": null, "ele": null, "type": null }, "geometry": { "type": "Polygon", "coordinates": [ [ [ 72.937063, 19.1142776 ], [ 72.9369584, 19.1148225 ], [ 72.9366285, 19.1147844 ], [ 72.9366311, 19.11427 ], [ 72.937063, 19.1142776 ] ] ] } },
{ "type": "Feature", "properties": { "element": "way", "id": 1123730797, "amenity": "school", "name": "St. Josephs High School", "opening_hours": null, "source": null, "tourism": null, "name:ur": null, "addr:city": null, "addr:housenumber": null, "addr:postcode": null, "addr:street": null, "denomination": null, "grades": null, "religion": null, "timing": null, "wikidata": null, "fixme": null, "name:en": null, "operator": null, "website": null, "check_date": null, "description": null, "female": null, "note": null, "phone": null, "isced:level": null, "education": null, "fee": null, "operator:type": null, "addr:country": null, "email": null, "capacity": null, "operator:short": null, "operator:wikidata": null, "addr:district": null, "check_date:opening_hours": null, "name:hi": null, "building": null, "brand": null, "brand:wikidata": null, "landuse": null, "building:levels": null, "wikipedia": null, "amenity_1": null, "school:gender": null, "old_name": null, "wikimedia_commons": null, "addr:housename": null, "ref:IN:UDISE": null, "barrier": null, "school": null, "name:etymology:wikidata": null, "addr:state": null, "addr:suburb": null, "alt_name": null, "surface": null, "height": null, "building:part": null, "species:en": null, "level": null, "name:mr": null, "short_name": null, "start_date": null, "name:fr": null, "layer": null, "ele": null, "type": null }, "geometry": { "type": "Polygon", "coordinates": [ [ [ 72.9277289, 19.1105888 ], [ 72.9268706, 19.1107751 ], [ 72.9268798, 19.1102229 ], [ 72.9273416, 19.1102906 ], [ 72.9273838, 19.1101525 ], [ 72.9277369, 19.1100883 ], [ 72.9277289, 19.1105888 ] ] ] } },
{ "type": "Feature", "properties": { "element": "way", "id": 1123961010, "amenity": "school", "name": "Shahaji Nagar Municipal Public School", "opening_hours": null, "source": null, "tourism": null, "name:ur": null, "addr:city": null, "addr:housenumber": null, "addr:postcode": null, "addr:street": null, "denomination": null, "grades": null, "religion": null, "timing": null, "wikidata": null, "fixme": null, "name:en": null, "operator": null, "website": null, "check_date": null, "description": null, "female": null, "note": null, "phone": null, "isced:level": null, "education": null, "fee": null, "operator:type": null, "addr:country": null, "email": null, "capacity": null, "operator:short": null, "operator:wikidata": null, "addr:district": null, "check_date:opening_hours": null, "name:hi": null, "building": null, "brand": null, "brand:wikidata": null, "landuse": null, "building:levels": null, "wikipedia": null, "amenity_1": null, "school:gender": null, "old_name": null, "wikimedia_commons": null, "addr:housename": null, "ref:IN:UDISE": null, "barrier": null, "school": null, "name:etymology:wikidata": null, "addr:state": null, "addr:suburb": null, "alt_name": null, "surface": null, "height": null, "building:part": null, "species:en": null, "level": null, "name:mr": null, "short_name": null, "start_date": null, "name:fr": null, "layer": null, "ele": null, "type": null }, "geometry": { "type": "Polygon", "coordinates": [ [ [ 72.9450023, 19.0382251 ], [ 72.9453941, 19.038472 ], [ 72.9449918, 19.0390425 ], [ 72.9446, 19.0387956 ], [ 72.9450023, 19.0382251 ] ] ] } },
{ "type": "Feature", "properties": { "element": "way", "id": 1126750031, "amenity": "school", "name": "Sheth Karamshi Kanji English School", "opening_hours": "Mo-Fr 11:00 -14:00,15:00-17:00; Sa 11:00-14:00 PH off", "source": null, "tourism": null, "name:ur": null, "addr:city": "Mulund (West)", "addr:housenumber": null, "addr:postcode": "400080", "addr:street": "Vithabhai Patel Road", "denomination": null, "grades": null, "religion": null, "timing": null, "wikidata": null, "fixme": null, "name:en": null, "operator": null, "website": null, "check_date": null, "description": null, "female": null, "note": null, "phone": null, "isced:level": null, "education": null, "fee": null, "operator:type": null, "addr:country": null, "email": null, "capacity": null, "operator:short": null, "operator:wikidata": null, "addr:district": null, "check_date:opening_hours": null, "name:hi": null, "building": null, "brand": null, "brand:wikidata": null, "landuse": null, "building:levels": null, "wikipedia": null, "amenity_1": null, "school:gender": null, "old_name": null, "wikimedia_commons": null, "addr:housename": null, "ref:IN:UDISE": null, "barrier": null, "school": null, "name:etymology:wikidata": null, "addr:state": null, "addr:suburb": null, "alt_name": null, "surface": null, "height": null, "building:part": null, "species:en": null, "level": null, "name:mr": null, "short_name": "S.K.K.E. School", "start_date": null, "name:fr": null, "layer": null, "ele": null, "type": null }, "geometry": { "type": "Polygon", "coordinates": [ [ [ 72.9500087, 19.1702489 ], [ 72.9503069, 19.1705633 ], [ 72.9506971, 19.1702137 ], [ 72.9503976, 19.1699082 ], [ 72.9500087, 19.1702489 ] ] ] } },
{ "type": "Feature", "properties": { "element": "way", "id": 1126750034, "amenity": "school", "name": "Purandare School", "opening_hours": null, "source": null, "tourism": null, "name:ur": null, "addr:city": "Mulund (West)", "addr:housenumber": null, "addr:postcode": "400080", "addr:street": "Vithabhai Patel Road", "denomination": null, "grades": null, "religion": null, "timing": null, "wikidata": null, "fixme": null, "name:en": null, "operator": null, "website": null, "check_date": null, "description": null, "female": null, "note": null, "phone": null, "isced:level": null, "education": null, "fee": null, "operator:type": null, "addr:country": null, "email": null, "capacity": null, "operator:short": null, "operator:wikidata": null, "addr:district": null, "check_date:opening_hours": null, "name:hi": null, "building": null, "brand": null, "brand:wikidata": null, "landuse": null, "building:levels": null, "wikipedia": null, "amenity_1": null, "school:gender": null, "old_name": null, "wikimedia_commons": null, "addr:housename": null, "ref:IN:UDISE": null, "barrier": null, "school": null, "name:etymology:wikidata": null, "addr:state": null, "addr:suburb": null, "alt_name": null, "surface": null, "height": null, "building:part": null, "species:en": null, "level": null, "name:mr": null, "short_name": null, "start_date": null, "name:fr": null, "layer": null, "ele": null, "type": null }, "geometry": { "type": "Polygon", "coordinates": [ [ [ 72.949487, 19.1698157 ], [ 72.9492483, 19.1700361 ], [ 72.949061, 19.1700877 ], [ 72.9494955, 19.1705348 ], [ 72.9498705, 19.1702059 ], [ 72.949487, 19.1698157 ] ] ] } },
{ "type": "Feature", "properties": { "element": "way", "id": 1127574400, "amenity": "school", "name": null, "opening_hours": null, "source": null, "tourism": null, "name:ur": null, "addr:city": null, "addr:housenumber": null, "addr:postcode": null, "addr:street": null, "denomination": null, "grades": null, "religion": null, "timing": null, "wikidata": null, "fixme": null, "name:en": null, "operator": null, "website": null, "check_date": null, "description": null, "female": null, "note": null, "phone": null, "isced:level": null, "education": null, "fee": null, "operator:type": null, "addr:country": null, "email": null, "capacity": null, "operator:short": null, "operator:wikidata": null, "addr:district": null, "check_date:opening_hours": null, "name:hi": null, "building": null, "brand": null, "brand:wikidata": null, "landuse": null, "building:levels": null, "wikipedia": null, "amenity_1": null, "school:gender": null, "old_name": null, "wikimedia_commons": null, "addr:housename": null, "ref:IN:UDISE": null, "barrier": null, "school": null, "name:etymology:wikidata": null, "addr:state": null, "addr:suburb": null, "alt_name": null, "surface": null, "height": null, "building:part": null, "species:en": null, "level": null, "name:mr": null, "short_name": null, "start_date": null, "name:fr": null, "layer": null, "ele": null, "type": null }, "geometry": { "type": "Polygon", "coordinates": [ [ [ 72.9303896, 19.1465745 ], [ 72.9305425, 19.1462983 ], [ 72.9305372, 19.1462197 ], [ 72.9309207, 19.1461615 ], [ 72.9309475, 19.1464883 ], [ 72.9303896, 19.1465745 ] ] ] } },
{ "type": "Feature", "properties": { "element": "way", "id": 1127574401, "amenity": "school", "name": "Parag Vidyalaya And Semi English High School", "opening_hours": null, "source": null, "tourism": null, "name:ur": null, "addr:city": null, "addr:housenumber": null, "addr:postcode": "400 078", "addr:street": null, "denomination": null, "grades": null, "religion": null, "timing": null, "wikidata": null, "fixme": null, "name:en": null, "operator": null, "website": null, "check_date": null, "description": null, "female": null, "note": null, "phone": null, "isced:level": null, "education": null, "fee": null, "operator:type": null, "addr:country": null, "email": null, "capacity": null, "operator:short": null, "operator:wikidata": null, "addr:district": null, "check_date:opening_hours": null, "name:hi": null, "building": null, "brand": null, "brand:wikidata": null, "landuse": null, "building:levels": null, "wikipedia": null, "amenity_1": null, "school:gender": null, "old_name": null, "wikimedia_commons": null, "addr:housename": null, "ref:IN:UDISE": null, "barrier": null, "school": null, "name:etymology:wikidata": null, "addr:state": null, "addr:suburb": null, "alt_name": null, "surface": null, "height": null, "building:part": null, "species:en": null, "level": null, "name:mr": null, "short_name": null, "start_date": null, "name:fr": null, "layer": null, "ele": null, "type": null }, "geometry": { "type": "Polygon", "coordinates": [ [ [ 72.9301187, 19.1470052 ], [ 72.9300705, 19.1469115 ], [ 72.9302448, 19.1467519 ], [ 72.9303896, 19.1465745 ], [ 72.9309475, 19.1464883 ], [ 72.9310012, 19.1468025 ], [ 72.9301187, 19.1470052 ] ] ] } },
{ "type": "Feature", "properties": { "element": "way", "id": 1127574402, "amenity": "school", "name": "Sahayadri Vidya Mandir", "opening_hours": null, "source": null, "tourism": null, "name:ur": null, "addr:city": null, "addr:housenumber": null, "addr:postcode": "400 078", "addr:street": null, "denomination": null, "grades": null, "religion": null, "timing": null, "wikidata": null, "fixme": null, "name:en": null, "operator": null, "website": null, "check_date": null, "description": null, "female": null, "note": null, "phone": null, "isced:level": null, "education": null, "fee": null, "operator:type": null, "addr:country": null, "email": null, "capacity": null, "operator:short": null, "operator:wikidata": null, "addr:district": null, "check_date:opening_hours": null, "name:hi": null, "building": null, "brand": null, "brand:wikidata": null, "landuse": null, "building:levels": null, "wikipedia": null, "amenity_1": null, "school:gender": null, "old_name": null, "wikimedia_commons": null, "addr:housename": null, "ref:IN:UDISE": null, "barrier": null, "school": null, "name:etymology:wikidata": null, "addr:state": null, "addr:suburb": null, "alt_name": null, "surface": null, "height": null, "building:part": null, "species:en": null, "level": null, "name:mr": null, "short_name": null, "start_date": null, "name:fr": null, "layer": null, "ele": null, "type": null }, "geometry": { "type": "Polygon", "coordinates": [ [ [ 72.9298854, 19.1463338 ], [ 72.9304647, 19.1461412 ], [ 72.9305023, 19.1462983 ], [ 72.930057, 19.1468355 ], [ 72.9298854, 19.1463338 ] ] ] } },
{ "type": "Feature", "properties": { "element": "way", "id": 1127574406, "amenity": "school", "name": null, "opening_hours": null, "source": null, "tourism": null, "name:ur": null, "addr:city": null, "addr:housenumber": null, "addr:postcode": null, "addr:street": null, "denomination": null, "grades": null, "religion": null, "timing": null, "wikidata": null, "fixme": null, "name:en": "NES Ratnam College", "operator": null, "website": null, "check_date": null, "description": null, "female": null, "note": null, "phone": null, "isced:level": null, "education": null, "fee": null, "operator:type": null, "addr:country": null, "email": null, "capacity": null, "operator:short": null, "operator:wikidata": null, "addr:district": null, "check_date:opening_hours": null, "name:hi": null, "building": null, "brand": null, "brand:wikidata": null, "landuse": null, "building:levels": null, "wikipedia": null, "amenity_1": null, "school:gender": null, "old_name": null, "wikimedia_commons": null, "addr:housename": null, "ref:IN:UDISE": null, "barrier": null, "school": null, "name:etymology:wikidata": null, "addr:state": null, "addr:suburb": null, "alt_name": null, "surface": null, "height": null, "building:part": null, "species:en": null, "level": null, "name:mr": null, "short_name": null, "start_date": null, "name:fr": null, "layer": null, "ele": null, "type": null }, "geometry": { "type": "Polygon", "coordinates": [ [ [ 72.935788, 19.1492054 ], [ 72.9356602, 19.1492401 ], [ 72.9355153, 19.1492629 ], [ 72.9355341, 19.1493363 ], [ 72.9353088, 19.1493794 ], [ 72.935392, 19.149757 ], [ 72.9359525, 19.1496404 ], [ 72.9358935, 19.1494808 ], [ 72.935788, 19.1492054 ] ] ] } },
{ "type": "Feature", "properties": { "element": "way", "id": 1127574407, "amenity": "school", "name": null, "opening_hours": null, "source": null, "tourism": null, "name:ur": null, "addr:city": null, "addr:housenumber": null, "addr:postcode": null, "addr:street": null, "denomination": null, "grades": null, "religion": null, "timing": null, "wikidata": null, "fixme": null, "name:en": "NES Sunbeam School", "operator": null, "website": null, "check_date": null, "description": null, "female": null, "note": null, "phone": null, "isced:level": null, "education": null, "fee": null, "operator:type": null, "addr:country": null, "email": null, "capacity": null, "operator:short": null, "operator:wikidata": null, "addr:district": null, "check_date:opening_hours": null, "name:hi": null, "building": null, "brand": null, "brand:wikidata": null, "landuse": null, "building:levels": null, "wikipedia": null, "amenity_1": null, "school:gender": null, "old_name": null, "wikimedia_commons": null, "addr:housename": null, "ref:IN:UDISE": null, "barrier": null, "school": null, "name:etymology:wikidata": null, "addr:state": null, "addr:suburb": null, "alt_name": null, "surface": null, "height": null, "building:part": null, "species:en": null, "level": null, "name:mr": null, "short_name": null, "start_date": null, "name:fr": null, "layer": null, "ele": null, "type": null }, "geometry": { "type": "Polygon", "coordinates": [ [ [ 72.9362395, 19.149083 ], [ 72.9364729, 19.1493034 ], [ 72.9358935, 19.1494808 ], [ 72.935788, 19.1492054 ], [ 72.9362395, 19.149083 ] ] ] } },
{ "type": "Feature", "properties": { "element": "way", "id": 1127574408, "amenity": "school", "name": "N.E.S. high school", "opening_hours": null, "source": null, "tourism": null, "name:ur": null, "addr:city": null, "addr:housenumber": null, "addr:postcode": null, "addr:street": null, "denomination": null, "grades": null, "religion": null, "timing": null, "wikidata": null, "fixme": null, "name:en": null, "operator": null, "website": null, "check_date": null, "description": null, "female": null, "note": null, "phone": null, "isced:level": null, "education": null, "fee": null, "operator:type": null, "addr:country": null, "email": null, "capacity": null, "operator:short": null, "operator:wikidata": null, "addr:district": null, "check_date:opening_hours": null, "name:hi": null, "building": null, "brand": null, "brand:wikidata": null, "landuse": null, "building:levels": null, "wikipedia": null, "amenity_1": null, "school:gender": null, "old_name": null, "wikimedia_commons": null, "addr:housename": null, "ref:IN:UDISE": null, "barrier": null, "school": null, "name:etymology:wikidata": null, "addr:state": null, "addr:suburb": null, "alt_name": null, "surface": null, "height": null, "building:part": null, "species:en": null, "level": null, "name:mr": null, "short_name": null, "start_date": null, "name:fr": null, "layer": null, "ele": null, "type": null }, "geometry": { "type": "Polygon", "coordinates": [ [ [ 72.9362395, 19.149083 ], [ 72.9360411, 19.1489183 ], [ 72.9355717, 19.1487738 ], [ 72.9356602, 19.1492401 ], [ 72.935788, 19.1492054 ], [ 72.9362395, 19.149083 ] ] ] } },
{ "type": "Feature", "properties": { "element": "way", "id": 1132674016, "amenity": "school", "name": "Sophia college", "opening_hours": null, "source": null, "tourism": null, "name:ur": null, "addr:city": null, "addr:housenumber": null, "addr:postcode": null, "addr:street": null, "denomination": null, "grades": null, "religion": null, "timing": null, "wikidata": "Q7562862", "fixme": null, "name:en": null, "operator": null, "website": null, "check_date": null, "description": null, "female": null, "note": null, "phone": null, "isced:level": null, "education": null, "fee": null, "operator:type": null, "addr:country": null, "email": null, "capacity": null, "operator:short": null, "operator:wikidata": null, "addr:district": null, "check_date:opening_hours": null, "name:hi": null, "building": null, "brand": null, "brand:wikidata": null, "landuse": null, "building:levels": null, "wikipedia": "en:Sophia College for Women", "amenity_1": null, "school:gender": null, "old_name": null, "wikimedia_commons": null, "addr:housename": null, "ref:IN:UDISE": null, "barrier": null, "school": null, "name:etymology:wikidata": null, "addr:state": null, "addr:suburb": null, "alt_name": null, "surface": null, "height": null, "building:part": null, "species:en": null, "level": null, "name:mr": null, "short_name": null, "start_date": null, "name:fr": null, "layer": null, "ele": null, "type": null }, "geometry": { "type": "Polygon", "coordinates": [ [ [ 72.8064769, 18.969953 ], [ 72.80678, 18.96992 ], [ 72.8068917, 18.9700007 ], [ 72.8069309, 18.970029 ], [ 72.8069732, 18.9700595 ], [ 72.8074023, 18.9698084 ], [ 72.8074801, 18.9699327 ], [ 72.8079055, 18.9698727 ], [ 72.8079897, 18.969707 ], [ 72.8081828, 18.9694127 ], [ 72.8081372, 18.9690931 ], [ 72.8075981, 18.9689802 ], [ 72.8065335, 18.9691703 ], [ 72.8063482, 18.9691997 ], [ 72.8064769, 18.969953 ] ] ] } },
{ "type": "Feature", "properties": { "element": "way", "id": 1138003210, "amenity": "school", "name": "Lakshdham High School", "opening_hours": null, "source": null, "tourism": null, "name:ur": null, "addr:city": null, "addr:housenumber": null, "addr:postcode": null, "addr:street": null, "denomination": null, "grades": null, "religion": null, "timing": null, "wikidata": null, "fixme": null, "name:en": null, "operator": null, "website": null, "check_date": null, "description": null, "female": null, "note": null, "phone": null, "isced:level": null, "education": null, "fee": null, "operator:type": null, "addr:country": null, "email": null, "capacity": null, "operator:short": null, "operator:wikidata": null, "addr:district": null, "check_date:opening_hours": null, "name:hi": null, "building": null, "brand": null, "brand:wikidata": null, "landuse": null, "building:levels": null, "wikipedia": null, "amenity_1": null, "school:gender": null, "old_name": null, "wikimedia_commons": null, "addr:housename": null, "ref:IN:UDISE": null, "barrier": null, "school": null, "name:etymology:wikidata": null, "addr:state": null, "addr:suburb": null, "alt_name": null, "surface": null, "height": null, "building:part": null, "species:en": null, "level": null, "name:mr": null, "short_name": null, "start_date": null, "name:fr": null, "layer": null, "ele": null, "type": null }, "geometry": { "type": "Polygon", "coordinates": [ [ [ 72.8709828, 19.1685478 ], [ 72.8710762, 19.1690165 ], [ 72.8712201, 19.1697385 ], [ 72.8709996, 19.1697722 ], [ 72.870616, 19.1690935 ], [ 72.8705691, 19.1687899 ], [ 72.8705342, 19.1685643 ], [ 72.8704877, 19.1682721 ], [ 72.870687, 19.1682382 ], [ 72.8708463, 19.1682522 ], [ 72.8709828, 19.1685478 ] ] ] } },
{ "type": "Feature", "properties": { "element": "way", "id": 1138003480, "amenity": "school", "name": null, "opening_hours": null, "source": null, "tourism": null, "name:ur": null, "addr:city": null, "addr:housenumber": null, "addr:postcode": null, "addr:street": null, "denomination": null, "grades": null, "religion": null, "timing": null, "wikidata": null, "fixme": null, "name:en": null, "operator": null, "website": null, "check_date": null, "description": null, "female": null, "note": null, "phone": null, "isced:level": null, "education": null, "fee": null, "operator:type": null, "addr:country": null, "email": null, "capacity": null, "operator:short": null, "operator:wikidata": null, "addr:district": null, "check_date:opening_hours": null, "name:hi": null, "building": null, "brand": null, "brand:wikidata": null, "landuse": null, "building:levels": null, "wikipedia": null, "amenity_1": null, "school:gender": null, "old_name": null, "wikimedia_commons": null, "addr:housename": null, "ref:IN:UDISE": null, "barrier": null, "school": null, "name:etymology:wikidata": null, "addr:state": null, "addr:suburb": null, "alt_name": null, "surface": null, "height": null, "building:part": null, "species:en": null, "level": null, "name:mr": null, "short_name": null, "start_date": null, "name:fr": null, "layer": null, "ele": null, "type": null }, "geometry": { "type": "Polygon", "coordinates": [ [ [ 72.8759077, 19.1731434 ], [ 72.8760659, 19.173165 ], [ 72.8761028, 19.172886 ], [ 72.8762272, 19.1729089 ], [ 72.8762238, 19.1729607 ], [ 72.8763048, 19.1729694 ], [ 72.8763263, 19.1728372 ], [ 72.8762601, 19.1726959 ], [ 72.8759815, 19.1726619 ], [ 72.8759762, 19.1727764 ], [ 72.8759077, 19.1731434 ] ] ] } },
{ "type": "Feature", "properties": { "element": "way", "id": 1143525081, "amenity": "school", "name": "Aspee Nutan English Medium School", "opening_hours": null, "source": null, "tourism": null, "name:ur": null, "addr:city": "Mumbai", "addr:housenumber": null, "addr:postcode": "400064", "addr:street": "Chunilal Giridharlal Road", "denomination": null, "grades": "0-4", "religion": null, "timing": null, "wikidata": null, "fixme": null, "name:en": null, "operator": null, "website": null, "check_date": null, "description": null, "female": null, "note": null, "phone": null, "isced:level": null, "education": null, "fee": null, "operator:type": null, "addr:country": null, "email": null, "capacity": null, "operator:short": null, "operator:wikidata": null, "addr:district": null, "check_date:opening_hours": null, "name:hi": null, "building": "school", "brand": null, "brand:wikidata": null, "landuse": null, "building:levels": null, "wikipedia": null, "amenity_1": null, "school:gender": null, "old_name": null, "wikimedia_commons": null, "addr:housename": null, "ref:IN:UDISE": null, "barrier": null, "school": null, "name:etymology:wikidata": null, "addr:state": null, "addr:suburb": null, "alt_name": null, "surface": null, "height": null, "building:part": null, "species:en": null, "level": null, "name:mr": null, "short_name": null, "start_date": null, "name:fr": null, "layer": null, "ele": null, "type": null }, "geometry": { "type": "Polygon", "coordinates": [ [ [ 72.8457118, 19.1925797 ], [ 72.8459537, 19.1924988 ], [ 72.8457176, 19.1918687 ], [ 72.8454756, 19.1919496 ], [ 72.8457118, 19.1925797 ] ] ] } },
{ "type": "Feature", "properties": { "element": "way", "id": 1144638788, "amenity": "school", "name": null, "opening_hours": null, "source": null, "tourism": null, "name:ur": null, "addr:city": null, "addr:housenumber": null, "addr:postcode": null, "addr:street": null, "denomination": null, "grades": null, "religion": null, "timing": null, "wikidata": null, "fixme": null, "name:en": null, "operator": null, "website": null, "check_date": null, "description": null, "female": null, "note": null, "phone": null, "isced:level": null, "education": null, "fee": null, "operator:type": null, "addr:country": null, "email": null, "capacity": null, "operator:short": null, "operator:wikidata": null, "addr:district": null, "check_date:opening_hours": null, "name:hi": null, "building": null, "brand": null, "brand:wikidata": null, "landuse": null, "building:levels": null, "wikipedia": null, "amenity_1": null, "school:gender": null, "old_name": null, "wikimedia_commons": null, "addr:housename": null, "ref:IN:UDISE": null, "barrier": null, "school": null, "name:etymology:wikidata": null, "addr:state": null, "addr:suburb": null, "alt_name": null, "surface": null, "height": null, "building:part": null, "species:en": null, "level": null, "name:mr": null, "short_name": null, "start_date": null, "name:fr": null, "layer": null, "ele": null, "type": null }, "geometry": { "type": "Polygon", "coordinates": [ [ [ 72.8457819, 19.2022516 ], [ 72.8460792, 19.2022076 ], [ 72.8460384, 19.2019506 ], [ 72.8457511, 19.201992 ], [ 72.8457819, 19.2022516 ] ] ] } },
{ "type": "Feature", "properties": { "element": "way", "id": 1149824748, "amenity": "school", "name": "Mahatma Gandhi Vidya Mandir", "opening_hours": null, "source": null, "tourism": null, "name:ur": null, "addr:city": null, "addr:housenumber": null, "addr:postcode": null, "addr:street": null, "denomination": null, "grades": null, "religion": null, "timing": null, "wikidata": null, "fixme": null, "name:en": null, "operator": null, "website": null, "check_date": null, "description": null, "female": null, "note": null, "phone": null, "isced:level": null, "education": null, "fee": null, "operator:type": null, "addr:country": null, "email": null, "capacity": null, "operator:short": null, "operator:wikidata": null, "addr:district": null, "check_date:opening_hours": null, "name:hi": null, "building": null, "brand": null, "brand:wikidata": null, "landuse": null, "building:levels": null, "wikipedia": null, "amenity_1": null, "school:gender": null, "old_name": null, "wikimedia_commons": null, "addr:housename": null, "ref:IN:UDISE": null, "barrier": null, "school": null, "name:etymology:wikidata": "Q1001", "addr:state": null, "addr:suburb": null, "alt_name": null, "surface": null, "height": null, "building:part": null, "species:en": null, "level": null, "name:mr": null, "short_name": null, "start_date": null, "name:fr": null, "layer": null, "ele": null, "type": null }, "geometry": { "type": "Polygon", "coordinates": [ [ [ 72.8495425, 19.0623917 ], [ 72.8500789, 19.0623461 ], [ 72.8504544, 19.0625691 ], [ 72.8500856, 19.0632181 ], [ 72.8495345, 19.0631142 ], [ 72.8495425, 19.0623917 ] ] ] } },
{ "type": "Feature", "properties": { "element": "way", "id": 1149824752, "amenity": "school", "name": null, "opening_hours": null, "source": null, "tourism": null, "name:ur": null, "addr:city": null, "addr:housenumber": null, "addr:postcode": null, "addr:street": null, "denomination": null, "grades": null, "religion": null, "timing": null, "wikidata": null, "fixme": null, "name:en": null, "operator": null, "website": null, "check_date": null, "description": null, "female": null, "note": null, "phone": null, "isced:level": null, "education": null, "fee": null, "operator:type": null, "addr:country": null, "email": null, "capacity": null, "operator:short": null, "operator:wikidata": null, "addr:district": null, "check_date:opening_hours": null, "name:hi": null, "building": null, "brand": null, "brand:wikidata": null, "landuse": null, "building:levels": null, "wikipedia": null, "amenity_1": null, "school:gender": null, "old_name": null, "wikimedia_commons": null, "addr:housename": null, "ref:IN:UDISE": null, "barrier": null, "school": null, "name:etymology:wikidata": null, "addr:state": null, "addr:suburb": null, "alt_name": null, "surface": null, "height": null, "building:part": null, "species:en": null, "level": null, "name:mr": null, "short_name": null, "start_date": null, "name:fr": null, "layer": null, "ele": null, "type": null }, "geometry": { "type": "Polygon", "coordinates": [ [ [ 72.8501084, 19.0647899 ], [ 72.8498644, 19.0651904 ], [ 72.8495586, 19.0651296 ], [ 72.8495371, 19.0644299 ], [ 72.8497758, 19.0644857 ], [ 72.8497571, 19.0646175 ], [ 72.8501084, 19.0647899 ] ] ] } },
{ "type": "Feature", "properties": { "element": "way", "id": 1158933428, "amenity": "school", "name": "Yojana Vidyalaya", "opening_hours": null, "source": null, "tourism": null, "name:ur": null, "addr:city": "Mumbai", "addr:housenumber": null, "addr:postcode": "400066", "addr:street": "borivali east", "denomination": null, "grades": null, "religion": null, "timing": null, "wikidata": null, "fixme": null, "name:en": null, "operator": null, "website": null, "check_date": null, "description": null, "female": null, "note": null, "phone": null, "isced:level": null, "education": null, "fee": null, "operator:type": null, "addr:country": null, "email": null, "capacity": null, "operator:short": null, "operator:wikidata": null, "addr:district": null, "check_date:opening_hours": null, "name:hi": null, "building": null, "brand": null, "brand:wikidata": null, "landuse": null, "building:levels": null, "wikipedia": null, "amenity_1": null, "school:gender": null, "old_name": null, "wikimedia_commons": null, "addr:housename": null, "ref:IN:UDISE": null, "barrier": null, "school": null, "name:etymology:wikidata": null, "addr:state": null, "addr:suburb": null, "alt_name": null, "surface": null, "height": null, "building:part": null, "species:en": null, "level": null, "name:mr": null, "short_name": null, "start_date": null, "name:fr": null, "layer": null, "ele": null, "type": null }, "geometry": { "type": "Polygon", "coordinates": [ [ [ 72.8660113, 19.2229697 ], [ 72.8660059, 19.2235218 ], [ 72.8654695, 19.2235117 ], [ 72.8656465, 19.2230001 ], [ 72.8657162, 19.2229646 ], [ 72.8660113, 19.2229697 ] ] ] } },
{ "type": "Feature", "properties": { "element": "way", "id": 1159030810, "amenity": "school", "name": null, "opening_hours": null, "source": null, "tourism": null, "name:ur": null, "addr:city": null, "addr:housenumber": null, "addr:postcode": null, "addr:street": null, "denomination": null, "grades": null, "religion": null, "timing": null, "wikidata": null, "fixme": null, "name:en": null, "operator": null, "website": null, "check_date": null, "description": null, "female": null, "note": null, "phone": null, "isced:level": null, "education": null, "fee": null, "operator:type": null, "addr:country": null, "email": null, "capacity": null, "operator:short": null, "operator:wikidata": null, "addr:district": null, "check_date:opening_hours": null, "name:hi": null, "building": null, "brand": null, "brand:wikidata": null, "landuse": null, "building:levels": null, "wikipedia": null, "amenity_1": null, "school:gender": null, "old_name": null, "wikimedia_commons": null, "addr:housename": null, "ref:IN:UDISE": null, "barrier": null, "school": null, "name:etymology:wikidata": null, "addr:state": null, "addr:suburb": null, "alt_name": null, "surface": null, "height": null, "building:part": null, "species:en": null, "level": null, "name:mr": null, "short_name": null, "start_date": null, "name:fr": null, "layer": null, "ele": null, "type": null }, "geometry": { "type": "Polygon", "coordinates": [ [ [ 72.8762923, 19.214843 ], [ 72.8771746, 19.2152753 ], [ 72.8765336, 19.2162377 ], [ 72.8764021, 19.2161795 ], [ 72.8761849, 19.2163745 ], [ 72.875521, 19.2160351 ], [ 72.8759006, 19.2154576 ], [ 72.8762923, 19.214843 ] ] ] } },
{ "type": "Feature", "properties": { "element": "way", "id": 1164064216, "amenity": "school", "name": "Shri Dasmesh Public School", "opening_hours": null, "source": null, "tourism": null, "name:ur": null, "addr:city": null, "addr:housenumber": null, "addr:postcode": null, "addr:street": null, "denomination": null, "grades": null, "religion": null, "timing": null, "wikidata": null, "fixme": null, "name:en": null, "operator": null, "website": null, "check_date": null, "description": null, "female": null, "note": null, "phone": null, "isced:level": null, "education": null, "fee": null, "operator:type": null, "addr:country": null, "email": null, "capacity": null, "operator:short": null, "operator:wikidata": null, "addr:district": null, "check_date:opening_hours": null, "name:hi": null, "building": null, "brand": null, "brand:wikidata": null, "landuse": null, "building:levels": null, "wikipedia": null, "amenity_1": null, "school:gender": null, "old_name": null, "wikimedia_commons": null, "addr:housename": null, "ref:IN:UDISE": null, "barrier": null, "school": null, "name:etymology:wikidata": null, "addr:state": null, "addr:suburb": null, "alt_name": null, "surface": null, "height": null, "building:part": null, "species:en": null, "level": null, "name:mr": null, "short_name": null, "start_date": null, "name:fr": null, "layer": null, "ele": null, "type": null }, "geometry": { "type": "Polygon", "coordinates": [ [ [ 72.9365059, 19.1766533 ], [ 72.9366236, 19.1762818 ], [ 72.9370962, 19.1763908 ], [ 72.9372298, 19.1765034 ], [ 72.9371378, 19.1766068 ], [ 72.936992, 19.1767605 ], [ 72.9365059, 19.1766533 ] ] ] } },
{ "type": "Feature", "properties": { "element": "way", "id": 1166291778, "amenity": "school", "name": "Hanumanpada School", "opening_hours": null, "source": null, "tourism": null, "name:ur": null, "addr:city": null, "addr:housenumber": null, "addr:postcode": null, "addr:street": null, "denomination": null, "grades": null, "religion": null, "timing": null, "wikidata": null, "fixme": null, "name:en": null, "operator": null, "website": null, "check_date": null, "description": null, "female": null, "note": null, "phone": null, "isced:level": null, "education": null, "fee": null, "operator:type": null, "addr:country": null, "email": null, "capacity": null, "operator:short": null, "operator:wikidata": null, "addr:district": null, "check_date:opening_hours": null, "name:hi": null, "building": null, "brand": null, "brand:wikidata": null, "landuse": null, "building:levels": null, "wikipedia": null, "amenity_1": null, "school:gender": null, "old_name": null, "wikimedia_commons": null, "addr:housename": null, "ref:IN:UDISE": null, "barrier": null, "school": null, "name:etymology:wikidata": null, "addr:state": null, "addr:suburb": null, "alt_name": null, "surface": null, "height": null, "building:part": null, "species:en": null, "level": null, "name:mr": null, "short_name": null, "start_date": null, "name:fr": null, "layer": null, "ele": null, "type": null }, "geometry": { "type": "Polygon", "coordinates": [ [ [ 72.9363117, 19.1765698 ], [ 72.9362815, 19.1766475 ], [ 72.9361593, 19.176647 ], [ 72.9359373, 19.1767774 ], [ 72.9358638, 19.1765894 ], [ 72.9360341, 19.1764983 ], [ 72.9362088, 19.1765645 ], [ 72.9363117, 19.1765698 ] ] ] } },
{ "type": "Feature", "properties": { "element": "way", "id": 1167092306, "amenity": "school", "name": "Mumbai Public School", "opening_hours": null, "source": null, "tourism": null, "name:ur": null, "addr:city": null, "addr:housenumber": null, "addr:postcode": null, "addr:street": null, "denomination": null, "grades": null, "religion": null, "timing": null, "wikidata": null, "fixme": null, "name:en": null, "operator": null, "website": null, "check_date": null, "description": null, "female": null, "note": null, "phone": null, "isced:level": null, "education": null, "fee": null, "operator:type": null, "addr:country": null, "email": null, "capacity": null, "operator:short": null, "operator:wikidata": null, "addr:district": null, "check_date:opening_hours": null, "name:hi": null, "building": null, "brand": null, "brand:wikidata": null, "landuse": null, "building:levels": null, "wikipedia": null, "amenity_1": null, "school:gender": null, "old_name": null, "wikimedia_commons": null, "addr:housename": null, "ref:IN:UDISE": null, "barrier": null, "school": null, "name:etymology:wikidata": null, "addr:state": null, "addr:suburb": null, "alt_name": null, "surface": null, "height": null, "building:part": null, "species:en": null, "level": null, "name:mr": null, "short_name": null, "start_date": null, "name:fr": null, "layer": null, "ele": null, "type": null }, "geometry": { "type": "Polygon", "coordinates": [ [ [ 72.9330114, 19.1602416 ], [ 72.9327996, 19.1602351 ], [ 72.9327364, 19.1602167 ], [ 72.9327522, 19.1599808 ], [ 72.9326037, 19.1597021 ], [ 72.9329697, 19.1595613 ], [ 72.9331122, 19.1597581 ], [ 72.9330319, 19.1601432 ], [ 72.9330114, 19.1602416 ] ] ] } },
{ "type": "Feature", "properties": { "element": "way", "id": 1167296056, "amenity": "school", "name": "Mulund Camp BMC School", "opening_hours": null, "source": null, "tourism": null, "name:ur": null, "addr:city": null, "addr:housenumber": null, "addr:postcode": null, "addr:street": null, "denomination": null, "grades": null, "religion": null, "timing": null, "wikidata": null, "fixme": null, "name:en": null, "operator": null, "website": null, "check_date": null, "description": null, "female": null, "note": null, "phone": null, "isced:level": null, "education": null, "fee": null, "operator:type": null, "addr:country": null, "email": null, "capacity": null, "operator:short": null, "operator:wikidata": null, "addr:district": null, "check_date:opening_hours": null, "name:hi": null, "building": null, "brand": null, "brand:wikidata": null, "landuse": null, "building:levels": null, "wikipedia": null, "amenity_1": null, "school:gender": null, "old_name": null, "wikimedia_commons": null, "addr:housename": null, "ref:IN:UDISE": null, "barrier": null, "school": null, "name:etymology:wikidata": null, "addr:state": null, "addr:suburb": null, "alt_name": null, "surface": null, "height": null, "building:part": null, "species:en": null, "level": null, "name:mr": null, "short_name": null, "start_date": null, "name:fr": null, "layer": null, "ele": null, "type": null }, "geometry": { "type": "Polygon", "coordinates": [ [ [ 72.9369234, 19.1753943 ], [ 72.9368526, 19.1754856 ], [ 72.9368831, 19.1755321 ], [ 72.9364806, 19.1757685 ], [ 72.9362644, 19.1755122 ], [ 72.9366464, 19.1752054 ], [ 72.9368563, 19.1752703 ], [ 72.9369234, 19.1753943 ] ] ] } },
{ "type": "Feature", "properties": { "element": "way", "id": 1170351951, "amenity": "school", "name": "Jamnabai Narsee School", "opening_hours": null, "source": null, "tourism": null, "name:ur": null, "addr:city": null, "addr:housenumber": null, "addr:postcode": null, "addr:street": null, "denomination": null, "grades": null, "religion": null, "timing": null, "wikidata": "Q6148063", "fixme": null, "name:en": null, "operator": null, "website": null, "check_date": null, "description": null, "female": null, "note": null, "phone": null, "isced:level": null, "education": null, "fee": null, "operator:type": null, "addr:country": null, "email": null, "capacity": null, "operator:short": null, "operator:wikidata": null, "addr:district": null, "check_date:opening_hours": null, "name:hi": null, "building": null, "brand": null, "brand:wikidata": null, "landuse": null, "building:levels": null, "wikipedia": "en:Jamnabai Narsee School", "amenity_1": null, "school:gender": null, "old_name": null, "wikimedia_commons": null, "addr:housename": null, "ref:IN:UDISE": null, "barrier": null, "school": null, "name:etymology:wikidata": null, "addr:state": null, "addr:suburb": null, "alt_name": null, "surface": null, "height": null, "building:part": null, "species:en": null, "level": null, "name:mr": null, "short_name": null, "start_date": null, "name:fr": null, "layer": null, "ele": null, "type": null }, "geometry": { "type": "Polygon", "coordinates": [ [ [ 72.8323495, 19.104657 ], [ 72.83254, 19.1045987 ], [ 72.8328162, 19.1045556 ], [ 72.8328645, 19.1045759 ], [ 72.8328887, 19.105724 ], [ 72.8317031, 19.1057392 ], [ 72.8317085, 19.1051487 ], [ 72.8317541, 19.1050498 ], [ 72.8320867, 19.1047888 ], [ 72.8323495, 19.104657 ] ] ] } },
{ "type": "Feature", "properties": { "element": "way", "id": 1170368733, "amenity": "school", "name": "Hansraj Morarji Public School", "opening_hours": null, "source": null, "tourism": null, "name:ur": null, "addr:city": null, "addr:housenumber": null, "addr:postcode": null, "addr:street": null, "denomination": null, "grades": null, "religion": null, "timing": null, "wikidata": null, "fixme": null, "name:en": null, "operator": null, "website": null, "check_date": null, "description": null, "female": null, "note": null, "phone": null, "isced:level": null, "education": null, "fee": null, "operator:type": null, "addr:country": null, "email": null, "capacity": null, "operator:short": null, "operator:wikidata": null, "addr:district": null, "check_date:opening_hours": null, "name:hi": null, "building": null, "brand": null, "brand:wikidata": null, "landuse": null, "building:levels": null, "wikipedia": null, "amenity_1": null, "school:gender": null, "old_name": null, "wikimedia_commons": null, "addr:housename": null, "ref:IN:UDISE": null, "barrier": null, "school": null, "name:etymology:wikidata": null, "addr:state": null, "addr:suburb": null, "alt_name": null, "surface": null, "height": null, "building:part": null, "species:en": null, "level": null, "name:mr": null, "short_name": null, "start_date": null, "name:fr": null, "layer": null, "ele": null, "type": null }, "geometry": { "type": "Polygon", "coordinates": [ [ [ 72.8330785, 19.1216088 ], [ 72.833865, 19.1216067 ], [ 72.833814, 19.1228029 ], [ 72.8330406, 19.1228024 ], [ 72.8330785, 19.1216088 ] ] ] } },
{ "type": "Feature", "properties": { "element": "way", "id": 1170368734, "amenity": "school", "name": "Bai Kabibai & Hansraj Moraraji Trust Andheri Campus", "opening_hours": null, "source": null, "tourism": null, "name:ur": null, "addr:city": null, "addr:housenumber": null, "addr:postcode": null, "addr:street": null, "denomination": null, "grades": null, "religion": null, "timing": null, "wikidata": null, "fixme": null, "name:en": null, "operator": null, "website": "https://bkhm.edu.in/campus/", "check_date": null, "description": null, "female": null, "note": null, "phone": null, "isced:level": null, "education": null, "fee": null, "operator:type": null, "addr:country": null, "email": null, "capacity": null, "operator:short": null, "operator:wikidata": null, "addr:district": null, "check_date:opening_hours": null, "name:hi": null, "building": null, "brand": null, "brand:wikidata": null, "landuse": null, "building:levels": null, "wikipedia": null, "amenity_1": null, "school:gender": null, "old_name": null, "wikimedia_commons": null, "addr:housename": null, "ref:IN:UDISE": null, "barrier": null, "school": null, "name:etymology:wikidata": null, "addr:state": null, "addr:suburb": null, "alt_name": null, "surface": null, "height": null, "building:part": null, "species:en": null, "level": null, "name:mr": null, "short_name": null, "start_date": null, "name:fr": null, "layer": null, "ele": null, "type": null }, "geometry": { "type": "Polygon", "coordinates": [ [ [ 72.8371903, 19.1228874 ], [ 72.8375262, 19.1227674 ], [ 72.8370246, 19.1212316 ], [ 72.83692, 19.1209351 ], [ 72.837258, 19.1208186 ], [ 72.837148, 19.120223 ], [ 72.8363182, 19.1203084 ], [ 72.8351469, 19.1204082 ], [ 72.8348494, 19.1204335 ], [ 72.8348722, 19.1211507 ], [ 72.8330925, 19.1211683 ], [ 72.8330879, 19.1213131 ], [ 72.8330785, 19.1216088 ], [ 72.8330406, 19.1228024 ], [ 72.8330369, 19.122919 ], [ 72.835933, 19.1229017 ], [ 72.8365552, 19.1229777 ], [ 72.8368986, 19.1229574 ], [ 72.8371903, 19.1228874 ] ] ] } },
{ "type": "Feature", "properties": { "element": "way", "id": 1170368746, "amenity": "school", "name": "Shree Ram Welfare High School", "opening_hours": null, "source": null, "tourism": null, "name:ur": null, "addr:city": null, "addr:housenumber": null, "addr:postcode": "400058", "addr:street": "Juhu Lane", "denomination": null, "grades": null, "religion": null, "timing": null, "wikidata": null, "fixme": null, "name:en": null, "operator": null, "website": null, "check_date": null, "description": null, "female": null, "note": null, "phone": null, "isced:level": null, "education": null, "fee": null, "operator:type": null, "addr:country": null, "email": null, "capacity": null, "operator:short": null, "operator:wikidata": null, "addr:district": null, "check_date:opening_hours": null, "name:hi": null, "building": null, "brand": null, "brand:wikidata": null, "landuse": null, "building:levels": null, "wikipedia": null, "amenity_1": null, "school:gender": null, "old_name": null, "wikimedia_commons": null, "addr:housename": null, "ref:IN:UDISE": null, "barrier": null, "school": null, "name:etymology:wikidata": null, "addr:state": null, "addr:suburb": null, "alt_name": null, "surface": null, "height": null, "building:part": null, "species:en": null, "level": null, "name:mr": null, "short_name": null, "start_date": null, "name:fr": null, "layer": null, "ele": null, "type": null }, "geometry": { "type": "Polygon", "coordinates": [ [ [ 72.8410318, 19.1177901 ], [ 72.8411365, 19.1179143 ], [ 72.8411257, 19.1182919 ], [ 72.8409567, 19.1183021 ], [ 72.8406724, 19.1182995 ], [ 72.8406349, 19.1178104 ], [ 72.8410318, 19.1177901 ] ] ] } },
{ "type": "Feature", "properties": { "element": "way", "id": 1171645929, "amenity": "school", "name": "Saifi High School", "opening_hours": null, "source": null, "tourism": null, "name:ur": null, "addr:city": null, "addr:housenumber": null, "addr:postcode": null, "addr:street": null, "denomination": null, "grades": null, "religion": null, "timing": null, "wikidata": null, "fixme": null, "name:en": null, "operator": null, "website": null, "check_date": null, "description": null, "female": null, "note": null, "phone": null, "isced:level": null, "education": null, "fee": null, "operator:type": null, "addr:country": null, "email": null, "capacity": null, "operator:short": null, "operator:wikidata": null, "addr:district": null, "check_date:opening_hours": null, "name:hi": null, "building": null, "brand": null, "brand:wikidata": null, "landuse": null, "building:levels": null, "wikipedia": null, "amenity_1": null, "school:gender": null, "old_name": null, "wikimedia_commons": null, "addr:housename": null, "ref:IN:UDISE": null, "barrier": null, "school": null, "name:etymology:wikidata": null, "addr:state": null, "addr:suburb": null, "alt_name": null, "surface": null, "height": null, "building:part": null, "species:en": null, "level": null, "name:mr": null, "short_name": null, "start_date": null, "name:fr": null, "layer": null, "ele": null, "type": null }, "geometry": { "type": "Polygon", "coordinates": [ [ [ 72.8325592, 18.9551763 ], [ 72.8325748, 18.9550239 ], [ 72.8327422, 18.9550362 ], [ 72.8327344, 18.955115 ], [ 72.8327265, 18.9551961 ], [ 72.8325592, 18.9551763 ] ] ] } },
{ "type": "Feature", "properties": { "element": "way", "id": 1186783950, "amenity": "school", "name": null, "opening_hours": null, "source": null, "tourism": null, "name:ur": null, "addr:city": null, "addr:housenumber": null, "addr:postcode": null, "addr:street": null, "denomination": null, "grades": null, "religion": null, "timing": null, "wikidata": null, "fixme": null, "name:en": null, "operator": null, "website": null, "check_date": null, "description": null, "female": null, "note": null, "phone": null, "isced:level": null, "education": null, "fee": null, "operator:type": null, "addr:country": null, "email": null, "capacity": null, "operator:short": null, "operator:wikidata": null, "addr:district": null, "check_date:opening_hours": null, "name:hi": null, "building": null, "brand": null, "brand:wikidata": null, "landuse": null, "building:levels": null, "wikipedia": null, "amenity_1": null, "school:gender": null, "old_name": null, "wikimedia_commons": null, "addr:housename": null, "ref:IN:UDISE": null, "barrier": null, "school": null, "name:etymology:wikidata": null, "addr:state": null, "addr:suburb": null, "alt_name": null, "surface": null, "height": null, "building:part": null, "species:en": null, "level": null, "name:mr": null, "short_name": null, "start_date": null, "name:fr": null, "layer": null, "ele": null, "type": null }, "geometry": { "type": "Polygon", "coordinates": [ [ [ 72.8538823, 19.0427179 ], [ 72.8539064, 19.0425557 ], [ 72.8541452, 19.0424771 ], [ 72.8544043, 19.0423582 ], [ 72.8544556, 19.0424418 ], [ 72.8545962, 19.0423748 ], [ 72.8546795, 19.0423772 ], [ 72.8548847, 19.0426384 ], [ 72.8547433, 19.0430754 ], [ 72.8544027, 19.0430323 ], [ 72.854172, 19.0427433 ], [ 72.8538823, 19.0427179 ] ] ] } },
{ "type": "Feature", "properties": { "element": "way", "id": 1187638402, "amenity": "school", "name": "Passpoli Municipal School", "opening_hours": null, "source": null, "tourism": null, "name:ur": null, "addr:city": null, "addr:housenumber": null, "addr:postcode": null, "addr:street": null, "denomination": null, "grades": null, "religion": null, "timing": null, "wikidata": null, "fixme": null, "name:en": null, "operator": "Brihanmumbai Municipal Corporation", "website": null, "check_date": null, "description": null, "female": null, "note": null, "phone": null, "isced:level": null, "education": null, "fee": null, "operator:type": null, "addr:country": null, "email": null, "capacity": null, "operator:short": null, "operator:wikidata": null, "addr:district": null, "check_date:opening_hours": null, "name:hi": null, "building": null, "brand": null, "brand:wikidata": null, "landuse": null, "building:levels": null, "wikipedia": null, "amenity_1": null, "school:gender": null, "old_name": null, "wikimedia_commons": null, "addr:housename": null, "ref:IN:UDISE": null, "barrier": null, "school": null, "name:etymology:wikidata": null, "addr:state": null, "addr:suburb": null, "alt_name": null, "surface": null, "height": null, "building:part": null, "species:en": null, "level": null, "name:mr": null, "short_name": null, "start_date": null, "name:fr": null, "layer": null, "ele": null, "type": null }, "geometry": { "type": "Polygon", "coordinates": [ [ [ 72.8944024, 19.1259833 ], [ 72.8950998, 19.1254663 ], [ 72.8954158, 19.1266805 ], [ 72.8951373, 19.1267689 ], [ 72.8944024, 19.1259833 ] ] ] } },
{ "type": "Feature", "properties": { "element": "way", "id": 1191847026, "amenity": "school", "name": null, "opening_hours": null, "source": null, "tourism": null, "name:ur": null, "addr:city": null, "addr:housenumber": null, "addr:postcode": null, "addr:street": null, "denomination": null, "grades": null, "religion": null, "timing": null, "wikidata": null, "fixme": null, "name:en": null, "operator": null, "website": null, "check_date": "2026-03-12", "description": null, "female": null, "note": null, "phone": null, "isced:level": null, "education": null, "fee": null, "operator:type": null, "addr:country": null, "email": null, "capacity": null, "operator:short": null, "operator:wikidata": null, "addr:district": null, "check_date:opening_hours": null, "name:hi": null, "building": null, "brand": null, "brand:wikidata": null, "landuse": null, "building:levels": null, "wikipedia": null, "amenity_1": null, "school:gender": null, "old_name": null, "wikimedia_commons": null, "addr:housename": null, "ref:IN:UDISE": null, "barrier": null, "school": null, "name:etymology:wikidata": null, "addr:state": null, "addr:suburb": null, "alt_name": null, "surface": null, "height": null, "building:part": null, "species:en": null, "level": null, "name:mr": null, "short_name": null, "start_date": null, "name:fr": null, "layer": null, "ele": null, "type": null }, "geometry": { "type": "Polygon", "coordinates": [ [ [ 72.8059348, 18.9107511 ], [ 72.8052752, 18.9095822 ], [ 72.8065457, 18.9093478 ], [ 72.8070501, 18.910174 ], [ 72.8059348, 18.9107511 ] ] ] } },
{ "type": "Feature", "properties": { "element": "way", "id": 1191847027, "amenity": "school", "name": null, "opening_hours": null, "source": null, "tourism": null, "name:ur": null, "addr:city": null, "addr:housenumber": null, "addr:postcode": null, "addr:street": null, "denomination": null, "grades": null, "religion": null, "timing": null, "wikidata": null, "fixme": null, "name:en": null, "operator": null, "website": null, "check_date": "2026-03-12", "description": null, "female": null, "note": null, "phone": null, "isced:level": null, "education": null, "fee": null, "operator:type": null, "addr:country": null, "email": null, "capacity": null, "operator:short": null, "operator:wikidata": null, "addr:district": null, "check_date:opening_hours": null, "name:hi": null, "building": null, "brand": null, "brand:wikidata": null, "landuse": null, "building:levels": null, "wikipedia": null, "amenity_1": null, "school:gender": null, "old_name": null, "wikimedia_commons": null, "addr:housename": null, "ref:IN:UDISE": null, "barrier": null, "school": null, "name:etymology:wikidata": null, "addr:state": null, "addr:suburb": null, "alt_name": null, "surface": null, "height": null, "building:part": null, "species:en": null, "level": null, "name:mr": null, "short_name": null, "start_date": null, "name:fr": null, "layer": null, "ele": null, "type": null }, "geometry": { "type": "Polygon", "coordinates": [ [ [ 72.806451, 18.9115707 ], [ 72.8066282, 18.9114692 ], [ 72.8062441, 18.9108281 ], [ 72.8060553, 18.9109346 ], [ 72.806451, 18.9115707 ] ] ] } },
{ "type": "Feature", "properties": { "element": "way", "id": 1192464428, "amenity": "school", "name": "Ascend International School", "opening_hours": null, "source": null, "tourism": null, "name:ur": null, "addr:city": null, "addr:housenumber": null, "addr:postcode": null, "addr:street": null, "denomination": null, "grades": null, "religion": null, "timing": null, "wikidata": null, "fixme": null, "name:en": null, "operator": null, "website": null, "check_date": null, "description": null, "female": null, "note": null, "phone": null, "isced:level": null, "education": null, "fee": null, "operator:type": null, "addr:country": null, "email": null, "capacity": null, "operator:short": null, "operator:wikidata": null, "addr:district": null, "check_date:opening_hours": null, "name:hi": null, "building": null, "brand": null, "brand:wikidata": null, "landuse": null, "building:levels": null, "wikipedia": null, "amenity_1": null, "school:gender": null, "old_name": null, "wikimedia_commons": null, "addr:housename": null, "ref:IN:UDISE": null, "barrier": null, "school": null, "name:etymology:wikidata": null, "addr:state": null, "addr:suburb": null, "alt_name": null, "surface": null, "height": null, "building:part": null, "species:en": null, "level": null, "name:mr": null, "short_name": null, "start_date": null, "name:fr": null, "layer": null, "ele": null, "type": null }, "geometry": { "type": "Polygon", "coordinates": [ [ [ 72.8509811, 19.068771 ], [ 72.8514001, 19.068042 ], [ 72.8508384, 19.0677536 ], [ 72.8504194, 19.0684826 ], [ 72.8509811, 19.068771 ] ] ] } },
{ "type": "Feature", "properties": { "element": "way", "id": 1192464441, "amenity": "school", "name": "Cardinal Gracias High School", "opening_hours": null, "source": null, "tourism": null, "name:ur": null, "addr:city": null, "addr:housenumber": null, "addr:postcode": null, "addr:street": null, "denomination": null, "grades": null, "religion": null, "timing": null, "wikidata": null, "fixme": null, "name:en": "Cardinal Gracias High School", "operator": null, "website": null, "check_date": null, "description": null, "female": null, "note": null, "phone": null, "isced:level": null, "education": "school", "fee": null, "operator:type": null, "addr:country": null, "email": null, "capacity": null, "operator:short": null, "operator:wikidata": null, "addr:district": null, "check_date:opening_hours": null, "name:hi": null, "building": null, "brand": null, "brand:wikidata": null, "landuse": null, "building:levels": null, "wikipedia": null, "amenity_1": null, "school:gender": null, "old_name": null, "wikimedia_commons": null, "addr:housename": null, "ref:IN:UDISE": null, "barrier": null, "school": null, "name:etymology:wikidata": null, "addr:state": null, "addr:suburb": null, "alt_name": null, "surface": null, "height": null, "building:part": null, "species:en": null, "level": null, "name:mr": null, "short_name": null, "start_date": null, "name:fr": null, "layer": null, "ele": null, "type": null }, "geometry": { "type": "Polygon", "coordinates": [ [ [ 72.847681, 19.0671285 ], [ 72.847677, 19.0665099 ], [ 72.8471191, 19.0665759 ], [ 72.8472944, 19.0671806 ], [ 72.847681, 19.0671285 ] ] ] } },
{ "type": "Feature", "properties": { "element": "way", "id": 1216491582, "amenity": "school", "name": "Mumbai Public School Nahur Village", "opening_hours": null, "source": null, "tourism": null, "name:ur": null, "addr:city": null, "addr:housenumber": null, "addr:postcode": null, "addr:street": null, "denomination": null, "grades": null, "religion": null, "timing": null, "wikidata": null, "fixme": null, "name:en": null, "operator": null, "website": null, "check_date": null, "description": null, "female": null, "note": null, "phone": null, "isced:level": null, "education": null, "fee": null, "operator:type": null, "addr:country": null, "email": null, "capacity": null, "operator:short": null, "operator:wikidata": null, "addr:district": null, "check_date:opening_hours": null, "name:hi": null, "building": null, "brand": null, "brand:wikidata": null, "landuse": null, "building:levels": null, "wikipedia": null, "amenity_1": null, "school:gender": null, "old_name": null, "wikimedia_commons": null, "addr:housename": null, "ref:IN:UDISE": null, "barrier": null, "school": null, "name:etymology:wikidata": null, "addr:state": null, "addr:suburb": null, "alt_name": null, "surface": null, "height": null, "building:part": null, "species:en": null, "level": null, "name:mr": null, "short_name": null, "start_date": null, "name:fr": null, "layer": null, "ele": null, "type": null }, "geometry": { "type": "Polygon", "coordinates": [ [ [ 72.9475794, 19.1639723 ], [ 72.9474219, 19.1641132 ], [ 72.9471308, 19.1637685 ], [ 72.9472769, 19.1636923 ], [ 72.9474117, 19.1637557 ], [ 72.9475794, 19.1639723 ] ] ] } },
{ "type": "Feature", "properties": { "element": "way", "id": 1226336534, "amenity": "school", "name": "Besant Montessori School", "opening_hours": null, "source": null, "tourism": null, "name:ur": null, "addr:city": null, "addr:housenumber": null, "addr:postcode": null, "addr:street": null, "denomination": null, "grades": null, "religion": null, "timing": null, "wikidata": null, "fixme": null, "name:en": null, "operator": null, "website": null, "check_date": null, "description": null, "female": null, "note": "Confirm on actual dimensions of school area and building", "phone": null, "isced:level": null, "education": null, "fee": null, "operator:type": null, "addr:country": null, "email": null, "capacity": null, "operator:short": null, "operator:wikidata": null, "addr:district": null, "check_date:opening_hours": null, "name:hi": null, "building": null, "brand": null, "brand:wikidata": null, "landuse": null, "building:levels": null, "wikipedia": null, "amenity_1": null, "school:gender": null, "old_name": null, "wikimedia_commons": null, "addr:housename": null, "ref:IN:UDISE": null, "barrier": null, "school": null, "name:etymology:wikidata": null, "addr:state": null, "addr:suburb": null, "alt_name": null, "surface": null, "height": null, "building:part": null, "species:en": null, "level": null, "name:mr": null, "short_name": null, "start_date": null, "name:fr": null, "layer": null, "ele": null, "type": null }, "geometry": { "type": "Polygon", "coordinates": [ [ [ 72.8270389, 19.1004238 ], [ 72.8272736, 19.1004639 ], [ 72.8273017, 19.1003173 ], [ 72.8270669, 19.1002772 ], [ 72.8270389, 19.1004238 ] ] ] } },
{ "type": "Feature", "properties": { "element": "way", "id": 1227680034, "amenity": "school", "name": "Gujurat Research Society", "opening_hours": null, "source": null, "tourism": null, "name:ur": null, "addr:city": null, "addr:housenumber": null, "addr:postcode": null, "addr:street": null, "denomination": null, "grades": null, "religion": null, "timing": null, "wikidata": null, "fixme": null, "name:en": "Gujurat Research Society", "operator": null, "website": null, "check_date": null, "description": null, "female": null, "note": null, "phone": null, "isced:level": null, "education": null, "fee": null, "operator:type": null, "addr:country": null, "email": null, "capacity": null, "operator:short": null, "operator:wikidata": null, "addr:district": null, "check_date:opening_hours": null, "name:hi": null, "building": null, "brand": null, "brand:wikidata": null, "landuse": null, "building:levels": null, "wikipedia": null, "amenity_1": null, "school:gender": null, "old_name": null, "wikimedia_commons": null, "addr:housename": null, "ref:IN:UDISE": null, "barrier": null, "school": null, "name:etymology:wikidata": null, "addr:state": null, "addr:suburb": null, "alt_name": null, "surface": null, "height": null, "building:part": null, "species:en": null, "level": null, "name:mr": null, "short_name": null, "start_date": null, "name:fr": null, "layer": null, "ele": null, "type": null }, "geometry": { "type": "Polygon", "coordinates": [ [ [ 72.8301835, 19.0752151 ], [ 72.8301537, 19.0756392 ], [ 72.8309966, 19.0754819 ], [ 72.8309841, 19.0752469 ], [ 72.8301835, 19.0752151 ] ] ] } },
{ "type": "Feature", "properties": { "element": "way", "id": 1227731048, "amenity": "school", "name": "Mumbai Public School", "opening_hours": null, "source": null, "tourism": null, "name:ur": null, "addr:city": null, "addr:housenumber": null, "addr:postcode": null, "addr:street": null, "denomination": null, "grades": null, "religion": null, "timing": null, "wikidata": null, "fixme": null, "name:en": "Mumbai Public School", "operator": null, "website": null, "check_date": null, "description": null, "female": null, "note": null, "phone": null, "isced:level": null, "education": null, "fee": null, "operator:type": null, "addr:country": null, "email": null, "capacity": null, "operator:short": null, "operator:wikidata": null, "addr:district": null, "check_date:opening_hours": null, "name:hi": null, "building": null, "brand": null, "brand:wikidata": null, "landuse": null, "building:levels": null, "wikipedia": null, "amenity_1": null, "school:gender": null, "old_name": null, "wikimedia_commons": null, "addr:housename": null, "ref:IN:UDISE": null, "barrier": null, "school": null, "name:etymology:wikidata": null, "addr:state": null, "addr:suburb": null, "alt_name": null, "surface": null, "height": null, "building:part": null, "species:en": null, "level": null, "name:mr": null, "short_name": null, "start_date": null, "name:fr": null, "layer": null, "ele": null, "type": null }, "geometry": { "type": "Polygon", "coordinates": [ [ [ 72.8371105, 19.0060789 ], [ 72.83749, 19.0059083 ], [ 72.8372458, 19.0054225 ], [ 72.8368662, 19.0055931 ], [ 72.8371105, 19.0060789 ] ] ] } },
{ "type": "Feature", "properties": { "element": "way", "id": 1236536848, "amenity": "school", "name": "Mumbai Public Pali-Chimbai Municipal School", "opening_hours": null, "source": null, "tourism": null, "name:ur": null, "addr:city": null, "addr:housenumber": null, "addr:postcode": null, "addr:street": null, "denomination": null, "grades": null, "religion": null, "timing": null, "wikidata": null, "fixme": null, "name:en": "Mumbai Public Pali-Chimbai Municipal School", "operator": null, "website": null, "check_date": null, "description": null, "female": null, "note": null, "phone": null, "isced:level": null, "education": null, "fee": null, "operator:type": null, "addr:country": null, "email": null, "capacity": null, "operator:short": null, "operator:wikidata": null, "addr:district": null, "check_date:opening_hours": null, "name:hi": null, "building": null, "brand": null, "brand:wikidata": null, "landuse": null, "building:levels": null, "wikipedia": null, "amenity_1": null, "school:gender": null, "old_name": null, "wikimedia_commons": null, "addr:housename": null, "ref:IN:UDISE": null, "barrier": null, "school": null, "name:etymology:wikidata": null, "addr:state": null, "addr:suburb": null, "alt_name": null, "surface": null, "height": null, "building:part": null, "species:en": null, "level": null, "name:mr": null, "short_name": null, "start_date": null, "name:fr": null, "layer": null, "ele": null, "type": null }, "geometry": { "type": "Polygon", "coordinates": [ [ [ 72.824185, 19.0582197 ], [ 72.8242116, 19.0579843 ], [ 72.8245564, 19.0580094 ], [ 72.824524, 19.058256 ], [ 72.824185, 19.0582197 ] ] ] } },
{ "type": "Feature", "properties": { "element": "way", "id": 1290823368, "amenity": "school", "name": "Mohili Village Municipality School", "opening_hours": null, "source": null, "tourism": null, "name:ur": null, "addr:city": null, "addr:housenumber": null, "addr:postcode": null, "addr:street": null, "denomination": null, "grades": null, "religion": null, "timing": null, "wikidata": null, "fixme": null, "name:en": null, "operator": null, "website": null, "check_date": null, "description": null, "female": null, "note": null, "phone": null, "isced:level": null, "education": null, "fee": null, "operator:type": null, "addr:country": null, "email": null, "capacity": null, "operator:short": null, "operator:wikidata": null, "addr:district": null, "check_date:opening_hours": null, "name:hi": null, "building": null, "brand": null, "brand:wikidata": null, "landuse": null, "building:levels": null, "wikipedia": null, "amenity_1": null, "school:gender": null, "old_name": null, "wikimedia_commons": null, "addr:housename": null, "ref:IN:UDISE": null, "barrier": null, "school": null, "name:etymology:wikidata": null, "addr:state": null, "addr:suburb": null, "alt_name": null, "surface": null, "height": null, "building:part": null, "species:en": null, "level": null, "name:mr": null, "short_name": null, "start_date": null, "name:fr": null, "layer": null, "ele": null, "type": null }, "geometry": { "type": "Polygon", "coordinates": [ [ [ 72.8918517, 19.1001658 ], [ 72.8922337, 19.10024 ], [ 72.8924644, 19.0998877 ], [ 72.8921252, 19.0997071 ], [ 72.8918517, 19.1001658 ] ] ] } },
{ "type": "Feature", "properties": { "element": "way", "id": 1290823369, "amenity": "school", "name": "St Anthony's High School", "opening_hours": null, "source": null, "tourism": null, "name:ur": null, "addr:city": "Mumbai", "addr:housenumber": null, "addr:postcode": null, "addr:street": "Kherani Road", "denomination": null, "grades": null, "religion": null, "timing": null, "wikidata": null, "fixme": null, "name:en": null, "operator": null, "website": null, "check_date": null, "description": null, "female": null, "note": null, "phone": null, "isced:level": null, "education": null, "fee": null, "operator:type": null, "addr:country": null, "email": null, "capacity": null, "operator:short": null, "operator:wikidata": null, "addr:district": null, "check_date:opening_hours": null, "name:hi": null, "building": null, "brand": null, "brand:wikidata": null, "landuse": null, "building:levels": null, "wikipedia": null, "amenity_1": null, "school:gender": null, "old_name": null, "wikimedia_commons": null, "addr:housename": null, "ref:IN:UDISE": null, "barrier": null, "school": null, "name:etymology:wikidata": null, "addr:state": null, "addr:suburb": null, "alt_name": null, "surface": null, "height": null, "building:part": null, "species:en": null, "level": null, "name:mr": null, "short_name": null, "start_date": null, "name:fr": null, "layer": null, "ele": "1", "type": null }, "geometry": { "type": "Polygon", "coordinates": [ [ [ 72.8927717, 19.1053159 ], [ 72.8932625, 19.1051842 ], [ 72.8934395, 19.1057468 ], [ 72.8929111, 19.1058989 ], [ 72.8927717, 19.1053159 ] ] ] } },
{ "type": "Feature", "properties": { "element": "way", "id": 1291882474, "amenity": "school", "name": "New English High School", "opening_hours": null, "source": null, "tourism": null, "name:ur": null, "addr:city": null, "addr:housenumber": null, "addr:postcode": null, "addr:street": null, "denomination": null, "grades": null, "religion": null, "timing": null, "wikidata": null, "fixme": null, "name:en": null, "operator": null, "website": null, "check_date": null, "description": null, "female": null, "note": null, "phone": null, "isced:level": null, "education": null, "fee": null, "operator:type": null, "addr:country": null, "email": null, "capacity": null, "operator:short": null, "operator:wikidata": null, "addr:district": null, "check_date:opening_hours": null, "name:hi": null, "building": null, "brand": null, "brand:wikidata": null, "landuse": null, "building:levels": null, "wikipedia": null, "amenity_1": null, "school:gender": null, "old_name": null, "wikimedia_commons": null, "addr:housename": null, "ref:IN:UDISE": null, "barrier": null, "school": null, "name:etymology:wikidata": null, "addr:state": null, "addr:suburb": null, "alt_name": null, "surface": null, "height": null, "building:part": null, "species:en": null, "level": null, "name:mr": null, "short_name": null, "start_date": null, "name:fr": null, "layer": null, "ele": null, "type": null }, "geometry": { "type": "Polygon", "coordinates": [ [ [ 72.8497839, 19.0663769 ], [ 72.8501701, 19.0665746 ], [ 72.8495023, 19.0677179 ], [ 72.8489792, 19.0670182 ], [ 72.8489497, 19.0667292 ], [ 72.8490329, 19.066425 ], [ 72.8491241, 19.0662374 ], [ 72.8492823, 19.066136 ], [ 72.8495613, 19.0660879 ], [ 72.8497034, 19.0663261 ], [ 72.8497839, 19.0663769 ] ] ] } },
{ "type": "Feature", "properties": { "element": "way", "id": 1328347060, "amenity": "school", "name": null, "opening_hours": null, "source": null, "tourism": null, "name:ur": null, "addr:city": null, "addr:housenumber": null, "addr:postcode": null, "addr:street": null, "denomination": null, "grades": null, "religion": null, "timing": null, "wikidata": null, "fixme": null, "name:en": null, "operator": null, "website": null, "check_date": "2024-10-26", "description": null, "female": null, "note": null, "phone": null, "isced:level": null, "education": null, "fee": null, "operator:type": null, "addr:country": null, "email": null, "capacity": null, "operator:short": null, "operator:wikidata": null, "addr:district": null, "check_date:opening_hours": null, "name:hi": null, "building": null, "brand": null, "brand:wikidata": null, "landuse": null, "building:levels": null, "wikipedia": null, "amenity_1": null, "school:gender": null, "old_name": null, "wikimedia_commons": null, "addr:housename": null, "ref:IN:UDISE": null, "barrier": null, "school": null, "name:etymology:wikidata": null, "addr:state": null, "addr:suburb": null, "alt_name": null, "surface": null, "height": null, "building:part": null, "species:en": null, "level": null, "name:mr": null, "short_name": null, "start_date": null, "name:fr": null, "layer": null, "ele": null, "type": null }, "geometry": { "type": "Polygon", "coordinates": [ [ [ 72.8449925, 19.1453976 ], [ 72.8444476, 19.1456094 ], [ 72.8444272, 19.145927 ], [ 72.8442696, 19.1459383 ], [ 72.8442533, 19.1461042 ], [ 72.8449307, 19.1461904 ], [ 72.8449925, 19.1453976 ] ] ] } },
{ "type": "Feature", "properties": { "element": "way", "id": 1349154981, "amenity": "school", "name": "Patuck Technical School Ground", "opening_hours": null, "source": "survey;local knowledge;aerial imagery", "tourism": null, "name:ur": null, "addr:city": "Mumbai", "addr:housenumber": null, "addr:postcode": "400055", "addr:street": "Jawaharlal Nehru Road", "denomination": null, "grades": "1-12", "religion": "none", "timing": null, "wikidata": null, "fixme": null, "name:en": null, "operator": "Patuck School", "website": null, "check_date": "2026-03-21", "description": null, "female": null, "note": null, "phone": null, "isced:level": null, "education": null, "fee": null, "operator:type": "public", "addr:country": null, "email": null, "capacity": null, "operator:short": null, "operator:wikidata": null, "addr:district": null, "check_date:opening_hours": null, "name:hi": null, "building": "school", "brand": null, "brand:wikidata": null, "landuse": "education", "building:levels": "6", "wikipedia": null, "amenity_1": null, "school:gender": null, "old_name": null, "wikimedia_commons": null, "addr:housename": null, "ref:IN:UDISE": null, "barrier": null, "school": null, "name:etymology:wikidata": null, "addr:state": null, "addr:suburb": null, "alt_name": null, "surface": null, "height": null, "building:part": null, "species:en": null, "level": null, "name:mr": null, "short_name": null, "start_date": null, "name:fr": null, "layer": null, "ele": null, "type": null }, "geometry": { "type": "Polygon", "coordinates": [ [ [ 72.849316, 19.0816606 ], [ 72.8494214, 19.0816762 ], [ 72.8496161, 19.0814976 ], [ 72.8496288, 19.0814616 ], [ 72.8494883, 19.0813701 ], [ 72.8494578, 19.0813519 ], [ 72.8492546, 19.0815815 ], [ 72.849316, 19.0816606 ] ] ] } },
{ "type": "Feature", "properties": { "element": "way", "id": 1349391234, "amenity": "school", "name": "BMC School", "opening_hours": null, "source": null, "tourism": null, "name:ur": null, "addr:city": null, "addr:housenumber": null, "addr:postcode": null, "addr:street": null, "denomination": null, "grades": null, "religion": null, "timing": null, "wikidata": null, "fixme": null, "name:en": null, "operator": null, "website": null, "check_date": null, "description": null, "female": null, "note": null, "phone": null, "isced:level": null, "education": null, "fee": null, "operator:type": null, "addr:country": null, "email": null, "capacity": null, "operator:short": null, "operator:wikidata": null, "addr:district": null, "check_date:opening_hours": null, "name:hi": null, "building": null, "brand": null, "brand:wikidata": null, "landuse": null, "building:levels": null, "wikipedia": null, "amenity_1": null, "school:gender": null, "old_name": null, "wikimedia_commons": null, "addr:housename": null, "ref:IN:UDISE": null, "barrier": null, "school": null, "name:etymology:wikidata": null, "addr:state": null, "addr:suburb": null, "alt_name": null, "surface": null, "height": null, "building:part": null, "species:en": null, "level": null, "name:mr": null, "short_name": null, "start_date": null, "name:fr": null, "layer": null, "ele": null, "type": null }, "geometry": { "type": "Polygon", "coordinates": [ [ [ 72.8195949, 19.1872824 ], [ 72.8194553, 19.1867757 ], [ 72.8193749, 19.1865072 ], [ 72.8193132, 19.1863374 ], [ 72.8191603, 19.1858105 ], [ 72.8198335, 19.1856307 ], [ 72.8198872, 19.1862083 ], [ 72.8199247, 19.1871962 ], [ 72.8195949, 19.1872824 ] ] ] } },
{ "type": "Feature", "properties": { "element": "way", "id": 1361121711, "amenity": "school", "name": "Lodha Oakwood School", "opening_hours": null, "source": null, "tourism": null, "name:ur": null, "addr:city": "Mumbai", "addr:housenumber": null, "addr:postcode": "400037", "addr:street": "Sion", "denomination": null, "grades": null, "religion": null, "timing": null, "wikidata": null, "fixme": null, "name:en": null, "operator": null, "website": null, "check_date": null, "description": null, "female": null, "note": null, "phone": null, "isced:level": null, "education": null, "fee": null, "operator:type": null, "addr:country": null, "email": null, "capacity": null, "operator:short": null, "operator:wikidata": null, "addr:district": "Maharashtra", "check_date:opening_hours": null, "name:hi": null, "building": null, "brand": null, "brand:wikidata": null, "landuse": null, "building:levels": null, "wikipedia": null, "amenity_1": null, "school:gender": null, "old_name": null, "wikimedia_commons": null, "addr:housename": null, "ref:IN:UDISE": null, "barrier": null, "school": null, "name:etymology:wikidata": null, "addr:state": null, "addr:suburb": null, "alt_name": null, "surface": null, "height": null, "building:part": null, "species:en": null, "level": null, "name:mr": null, "short_name": null, "start_date": null, "name:fr": null, "layer": null, "ele": null, "type": null }, "geometry": { "type": "Polygon", "coordinates": [ [ [ 72.879702, 19.0362419 ], [ 72.8796463, 19.0366833 ], [ 72.8798339, 19.0367047 ], [ 72.879833, 19.0366313 ], [ 72.8799278, 19.0366384 ], [ 72.8799113, 19.036358 ], [ 72.8799002, 19.036288 ], [ 72.8798918, 19.0362461 ], [ 72.8798781, 19.0362254 ], [ 72.8798121, 19.0362331 ], [ 72.879702, 19.0362419 ] ] ] } },
{ "type": "Feature", "properties": { "element": "way", "id": 1372204911, "amenity": "school", "name": "Model High School", "opening_hours": null, "source": null, "tourism": null, "name:ur": null, "addr:city": "Mumbai", "addr:housenumber": null, "addr:postcode": "400074", "addr:street": "ashok nagar", "denomination": null, "grades": null, "religion": null, "timing": null, "wikidata": null, "fixme": null, "name:en": null, "operator": null, "website": null, "check_date": null, "description": null, "female": null, "note": null, "phone": null, "isced:level": null, "education": null, "fee": null, "operator:type": null, "addr:country": null, "email": null, "capacity": null, "operator:short": null, "operator:wikidata": null, "addr:district": "mumbai suburban", "check_date:opening_hours": null, "name:hi": null, "building": "yes", "brand": null, "brand:wikidata": null, "landuse": null, "building:levels": "1", "wikipedia": null, "amenity_1": null, "school:gender": null, "old_name": null, "wikimedia_commons": null, "addr:housename": null, "ref:IN:UDISE": null, "barrier": null, "school": null, "name:etymology:wikidata": null, "addr:state": null, "addr:suburb": null, "alt_name": null, "surface": null, "height": null, "building:part": null, "species:en": null, "level": null, "name:mr": null, "short_name": null, "start_date": null, "name:fr": null, "layer": null, "ele": null, "type": null }, "geometry": { "type": "Polygon", "coordinates": [ [ [ 72.905377, 19.0364583 ], [ 72.9051958, 19.0364663 ], [ 72.905203, 19.0361664 ], [ 72.905396, 19.0361701 ], [ 72.905377, 19.0364583 ] ] ] } },
{ "type": "Feature", "properties": { "element": "way", "id": 1374686428, "amenity": "school", "name": "Mumbai Public School", "opening_hours": null, "source": null, "tourism": null, "name:ur": null, "addr:city": null, "addr:housenumber": null, "addr:postcode": null, "addr:street": null, "denomination": null, "grades": null, "religion": null, "timing": null, "wikidata": null, "fixme": null, "name:en": null, "operator": null, "website": null, "check_date": null, "description": null, "female": null, "note": null, "phone": null, "isced:level": null, "education": null, "fee": null, "operator:type": null, "addr:country": null, "email": null, "capacity": null, "operator:short": null, "operator:wikidata": null, "addr:district": null, "check_date:opening_hours": null, "name:hi": null, "building": "house", "brand": null, "brand:wikidata": null, "landuse": null, "building:levels": null, "wikipedia": null, "amenity_1": null, "school:gender": null, "old_name": null, "wikimedia_commons": null, "addr:housename": null, "ref:IN:UDISE": null, "barrier": null, "school": null, "name:etymology:wikidata": null, "addr:state": null, "addr:suburb": null, "alt_name": null, "surface": null, "height": null, "building:part": null, "species:en": null, "level": null, "name:mr": null, "short_name": null, "start_date": null, "name:fr": null, "layer": null, "ele": null, "type": null }, "geometry": { "type": "Polygon", "coordinates": [ [ [ 72.8552634, 19.0477905 ], [ 72.8553391, 19.0478356 ], [ 72.8557041, 19.0478723 ], [ 72.855708, 19.0477892 ], [ 72.855689, 19.0477877 ], [ 72.8556888, 19.0477569 ], [ 72.8554334, 19.04775 ], [ 72.8553349, 19.047708 ], [ 72.8552928, 19.0477494 ], [ 72.8552634, 19.0477905 ] ] ] } },
{ "type": "Feature", "properties": { "element": "way", "id": 1383241902, "amenity": "school", "name": "Taraben Master School", "opening_hours": null, "source": null, "tourism": null, "name:ur": null, "addr:city": null, "addr:housenumber": null, "addr:postcode": null, "addr:street": null, "denomination": null, "grades": null, "religion": null, "timing": null, "wikidata": null, "fixme": null, "name:en": "Taraben Master School", "operator": null, "website": null, "check_date": null, "description": null, "female": null, "note": null, "phone": null, "isced:level": null, "education": null, "fee": null, "operator:type": null, "addr:country": null, "email": null, "capacity": null, "operator:short": null, "operator:wikidata": null, "addr:district": null, "check_date:opening_hours": null, "name:hi": null, "building": "yes", "brand": null, "brand:wikidata": null, "landuse": null, "building:levels": null, "wikipedia": null, "amenity_1": null, "school:gender": null, "old_name": null, "wikimedia_commons": null, "addr:housename": null, "ref:IN:UDISE": null, "barrier": null, "school": null, "name:etymology:wikidata": null, "addr:state": null, "addr:suburb": null, "alt_name": null, "surface": null, "height": null, "building:part": null, "species:en": null, "level": null, "name:mr": null, "short_name": null, "start_date": null, "name:fr": null, "layer": null, "ele": null, "type": null }, "geometry": { "type": "Polygon", "coordinates": [ [ [ 72.8331011, 19.0850221 ], [ 72.833272, 19.0849972 ], [ 72.83325, 19.0848623 ], [ 72.8330791, 19.0848873 ], [ 72.8331011, 19.0850221 ] ] ] } },
{ "type": "Feature", "properties": { "element": "way", "id": 1387161513, "amenity": "school", "name": "RC Mahim Municipal School", "opening_hours": null, "source": null, "tourism": null, "name:ur": null, "addr:city": null, "addr:housenumber": null, "addr:postcode": null, "addr:street": null, "denomination": null, "grades": null, "religion": null, "timing": null, "wikidata": null, "fixme": null, "name:en": null, "operator": "Brihanmumbai Municipal Corporation", "website": null, "check_date": null, "description": null, "female": null, "note": null, "phone": null, "isced:level": null, "education": null, "fee": null, "operator:type": "government", "addr:country": null, "email": null, "capacity": null, "operator:short": null, "operator:wikidata": null, "addr:district": null, "check_date:opening_hours": null, "name:hi": null, "building": null, "brand": null, "brand:wikidata": null, "landuse": null, "building:levels": null, "wikipedia": null, "amenity_1": null, "school:gender": null, "old_name": null, "wikimedia_commons": null, "addr:housename": null, "ref:IN:UDISE": null, "barrier": null, "school": null, "name:etymology:wikidata": null, "addr:state": null, "addr:suburb": null, "alt_name": null, "surface": null, "height": null, "building:part": null, "species:en": null, "level": null, "name:mr": null, "short_name": null, "start_date": null, "name:fr": null, "layer": null, "ele": null, "type": null }, "geometry": { "type": "Polygon", "coordinates": [ [ [ 72.840388, 19.0406908 ], [ 72.8403549, 19.0399479 ], [ 72.8408869, 19.0399351 ], [ 72.8408357, 19.0405903 ], [ 72.840388, 19.0406908 ] ] ] } },
{ "type": "Feature", "properties": { "element": "way", "id": 1391802079, "amenity": "school", "name": "Govt School", "opening_hours": null, "source": null, "tourism": null, "name:ur": null, "addr:city": null, "addr:housenumber": null, "addr:postcode": null, "addr:street": null, "denomination": null, "grades": null, "religion": null, "timing": null, "wikidata": null, "fixme": null, "name:en": null, "operator": null, "website": null, "check_date": null, "description": null, "female": null, "note": null, "phone": null, "isced:level": null, "education": null, "fee": null, "operator:type": null, "addr:country": null, "email": null, "capacity": null, "operator:short": null, "operator:wikidata": null, "addr:district": null, "check_date:opening_hours": null, "name:hi": null, "building": null, "brand": null, "brand:wikidata": null, "landuse": null, "building:levels": null, "wikipedia": null, "amenity_1": null, "school:gender": null, "old_name": null, "wikimedia_commons": null, "addr:housename": null, "ref:IN:UDISE": null, "barrier": null, "school": null, "name:etymology:wikidata": null, "addr:state": null, "addr:suburb": null, "alt_name": null, "surface": null, "height": null, "building:part": null, "species:en": null, "level": null, "name:mr": null, "short_name": null, "start_date": null, "name:fr": null, "layer": null, "ele": null, "type": null }, "geometry": { "type": "Polygon", "coordinates": [ [ [ 72.9628348, 19.1739451 ], [ 72.9629781, 19.1737826 ], [ 72.963055, 19.1736005 ], [ 72.9628662, 19.1735547 ], [ 72.9628348, 19.1739451 ] ] ] } },
{ "type": "Feature", "properties": { "element": "way", "id": 1391802081, "amenity": "school", "name": "Mumbai Public School", "opening_hours": null, "source": null, "tourism": null, "name:ur": null, "addr:city": null, "addr:housenumber": null, "addr:postcode": null, "addr:street": null, "denomination": null, "grades": null, "religion": null, "timing": null, "wikidata": null, "fixme": null, "name:en": null, "operator": null, "website": null, "check_date": null, "description": null, "female": null, "note": null, "phone": null, "isced:level": null, "education": null, "fee": null, "operator:type": null, "addr:country": null, "email": null, "capacity": null, "operator:short": null, "operator:wikidata": null, "addr:district": null, "check_date:opening_hours": null, "name:hi": null, "building": null, "brand": null, "brand:wikidata": null, "landuse": null, "building:levels": null, "wikipedia": null, "amenity_1": null, "school:gender": null, "old_name": null, "wikimedia_commons": null, "addr:housename": null, "ref:IN:UDISE": null, "barrier": null, "school": null, "name:etymology:wikidata": null, "addr:state": null, "addr:suburb": null, "alt_name": null, "surface": null, "height": null, "building:part": null, "species:en": null, "level": null, "name:mr": null, "short_name": null, "start_date": null, "name:fr": null, "layer": null, "ele": null, "type": null }, "geometry": { "type": "Polygon", "coordinates": [ [ [ 72.9629417, 19.1734196 ], [ 72.9627047, 19.1733791 ], [ 72.9627053, 19.1730465 ], [ 72.9628692, 19.1730075 ], [ 72.9629417, 19.1734196 ] ] ] } },
{ "type": "Feature", "properties": { "element": "way", "id": 1411777493, "amenity": "school", "name": "Kamaladevi Jain High School", "opening_hours": null, "source": null, "tourism": null, "name:ur": null, "addr:city": null, "addr:housenumber": null, "addr:postcode": null, "addr:street": null, "denomination": null, "grades": null, "religion": null, "timing": null, "wikidata": null, "fixme": null, "name:en": null, "operator": null, "website": null, "check_date": null, "description": null, "female": null, "note": null, "phone": null, "isced:level": null, "education": null, "fee": null, "operator:type": null, "addr:country": null, "email": null, "capacity": null, "operator:short": null, "operator:wikidata": null, "addr:district": null, "check_date:opening_hours": null, "name:hi": null, "building": null, "brand": null, "brand:wikidata": null, "landuse": null, "building:levels": null, "wikipedia": null, "amenity_1": null, "school:gender": null, "old_name": null, "wikimedia_commons": null, "addr:housename": null, "ref:IN:UDISE": null, "barrier": null, "school": null, "name:etymology:wikidata": null, "addr:state": null, "addr:suburb": null, "alt_name": null, "surface": null, "height": null, "building:part": null, "species:en": null, "level": null, "name:mr": null, "short_name": null, "start_date": null, "name:fr": null, "layer": null, "ele": null, "type": null }, "geometry": { "type": "Polygon", "coordinates": [ [ [ 72.8284441, 19.1334658 ], [ 72.8287619, 19.1333239 ], [ 72.8286466, 19.1328919 ], [ 72.8282899, 19.132973 ], [ 72.8284441, 19.1334658 ] ] ] } },
{ "type": "Feature", "properties": { "element": "way", "id": 1412316695, "amenity": "school", "name": "Mount Mary Convent High School", "opening_hours": null, "source": null, "tourism": null, "name:ur": null, "addr:city": null, "addr:housenumber": null, "addr:postcode": null, "addr:street": null, "denomination": null, "grades": null, "religion": null, "timing": null, "wikidata": null, "fixme": null, "name:en": "Mount Mary Convent High School", "operator": null, "website": null, "check_date": null, "description": null, "female": null, "note": null, "phone": null, "isced:level": null, "education": null, "fee": null, "operator:type": null, "addr:country": null, "email": null, "capacity": null, "operator:short": null, "operator:wikidata": null, "addr:district": null, "check_date:opening_hours": null, "name:hi": null, "building": null, "brand": null, "brand:wikidata": null, "landuse": null, "building:levels": null, "wikipedia": null, "amenity_1": null, "school:gender": null, "old_name": null, "wikimedia_commons": null, "addr:housename": null, "ref:IN:UDISE": null, "barrier": null, "school": null, "name:etymology:wikidata": null, "addr:state": null, "addr:suburb": null, "alt_name": null, "surface": null, "height": null, "building:part": null, "species:en": null, "level": null, "name:mr": null, "short_name": null, "start_date": null, "name:fr": null, "layer": null, "ele": null, "type": null }, "geometry": { "type": "Polygon", "coordinates": [ [ [ 72.8223535, 19.0460165 ], [ 72.8227532, 19.0460076 ], [ 72.822765, 19.0458928 ], [ 72.8229324, 19.0457168 ], [ 72.8232307, 19.0459396 ], [ 72.8232625, 19.0465035 ], [ 72.8227685, 19.0464534 ], [ 72.8226919, 19.0463965 ], [ 72.8223005, 19.0463921 ], [ 72.8223535, 19.0460165 ] ] ] } },
{ "type": "Feature", "properties": { "element": "way", "id": 1413264798, "amenity": "school", "name": "Sharada Gyam Peeth International School", "opening_hours": null, "source": null, "tourism": null, "name:ur": null, "addr:city": null, "addr:housenumber": null, "addr:postcode": null, "addr:street": null, "denomination": null, "grades": null, "religion": null, "timing": null, "wikidata": null, "fixme": null, "name:en": null, "operator": null, "website": null, "check_date": null, "description": null, "female": null, "note": null, "phone": null, "isced:level": null, "education": null, "fee": null, "operator:type": null, "addr:country": null, "email": null, "capacity": null, "operator:short": null, "operator:wikidata": null, "addr:district": null, "check_date:opening_hours": null, "name:hi": null, "building": null, "brand": null, "brand:wikidata": null, "landuse": null, "building:levels": null, "wikipedia": null, "amenity_1": null, "school:gender": null, "old_name": null, "wikimedia_commons": null, "addr:housename": null, "ref:IN:UDISE": null, "barrier": null, "school": null, "name:etymology:wikidata": null, "addr:state": null, "addr:suburb": null, "alt_name": null, "surface": null, "height": null, "building:part": null, "species:en": null, "level": null, "name:mr": null, "short_name": null, "start_date": null, "name:fr": null, "layer": null, "ele": null, "type": null }, "geometry": { "type": "Polygon", "coordinates": [ [ [ 72.8556796, 19.1930525 ], [ 72.8556062, 19.1922781 ], [ 72.8560607, 19.1922757 ], [ 72.8560861, 19.1930002 ], [ 72.8556796, 19.1930525 ] ] ] } },
{ "type": "Feature", "properties": { "element": "way", "id": 1420982492, "amenity": "school", "name": "Bandra Petit School", "opening_hours": null, "source": null, "tourism": null, "name:ur": null, "addr:city": null, "addr:housenumber": null, "addr:postcode": null, "addr:street": null, "denomination": null, "grades": null, "religion": null, "timing": null, "wikidata": null, "fixme": null, "name:en": "Bandra Petit School", "operator": "BMC", "website": null, "check_date": null, "description": null, "female": null, "note": null, "phone": null, "isced:level": null, "education": null, "fee": null, "operator:type": "government", "addr:country": null, "email": null, "capacity": null, "operator:short": null, "operator:wikidata": null, "addr:district": null, "check_date:opening_hours": null, "name:hi": null, "building": null, "brand": null, "brand:wikidata": null, "landuse": null, "building:levels": null, "wikipedia": null, "amenity_1": null, "school:gender": null, "old_name": null, "wikimedia_commons": null, "addr:housename": null, "ref:IN:UDISE": null, "barrier": null, "school": null, "name:etymology:wikidata": null, "addr:state": null, "addr:suburb": null, "alt_name": null, "surface": null, "height": null, "building:part": null, "species:en": null, "level": null, "name:mr": null, "short_name": null, "start_date": null, "name:fr": null, "layer": null, "ele": null, "type": null }, "geometry": { "type": "Polygon", "coordinates": [ [ [ 72.8342939, 19.056397 ], [ 72.8348366, 19.0564193 ], [ 72.8348189, 19.0568046 ], [ 72.8342763, 19.0567824 ], [ 72.8342939, 19.056397 ] ] ] } },
{ "type": "Feature", "properties": { "element": "way", "id": 1421613461, "amenity": "school", "name": "Apostolic Carmel High School & Junior College", "opening_hours": null, "source": null, "tourism": null, "name:ur": null, "addr:city": null, "addr:housenumber": null, "addr:postcode": null, "addr:street": null, "denomination": null, "grades": null, "religion": "christian", "timing": null, "wikidata": null, "fixme": null, "name:en": "Apostolic Carmel High School & Junior College", "operator": null, "website": "https://www.apostoliccarmelbandra.com/index.html", "check_date": null, "description": null, "female": null, "note": null, "phone": null, "isced:level": null, "education": null, "fee": null, "operator:type": null, "addr:country": null, "email": null, "capacity": null, "operator:short": null, "operator:wikidata": null, "addr:district": null, "check_date:opening_hours": null, "name:hi": null, "building": null, "brand": null, "brand:wikidata": null, "landuse": null, "building:levels": null, "wikipedia": null, "amenity_1": null, "school:gender": null, "old_name": null, "wikimedia_commons": null, "addr:housename": null, "ref:IN:UDISE": null, "barrier": null, "school": null, "name:etymology:wikidata": null, "addr:state": null, "addr:suburb": null, "alt_name": null, "surface": null, "height": null, "building:part": null, "species:en": null, "level": null, "name:mr": "ॲपोस्टोलिक कार्मेल हायस्कूल आणि ज्युनियर कॉलेज", "short_name": null, "start_date": null, "name:fr": null, "layer": null, "ele": null, "type": null }, "geometry": { "type": "Polygon", "coordinates": [ [ [ 72.8259969, 19.0548107 ], [ 72.826013, 19.0548123 ], [ 72.8261619, 19.0548266 ], [ 72.8264926, 19.0548586 ], [ 72.8263667, 19.0555925 ], [ 72.8263448, 19.0558138 ], [ 72.8255245, 19.0557853 ], [ 72.8255231, 19.0553284 ], [ 72.8260202, 19.0552805 ], [ 72.8259969, 19.0548107 ] ] ] } },
{ "type": "Feature", "properties": { "element": "way", "id": 1451563013, "amenity": "school", "name": "Shri Balaji International School", "opening_hours": null, "source": null, "tourism": null, "name:ur": null, "addr:city": "Mumbai", "addr:housenumber": null, "addr:postcode": "400064", "addr:street": "Sundar Lane", "denomination": null, "grades": null, "religion": null, "timing": null, "wikidata": null, "fixme": null, "name:en": null, "operator": null, "website": "https://sbischool.org/", "check_date": null, "description": null, "female": null, "note": null, "phone": null, "isced:level": null, "education": "school", "fee": null, "operator:type": null, "addr:country": null, "email": null, "capacity": null, "operator:short": null, "operator:wikidata": null, "addr:district": "Mumbai Suburban", "check_date:opening_hours": null, "name:hi": null, "building": null, "brand": null, "brand:wikidata": null, "landuse": null, "building:levels": null, "wikipedia": null, "amenity_1": null, "school:gender": null, "old_name": null, "wikimedia_commons": null, "addr:housename": null, "ref:IN:UDISE": null, "barrier": null, "school": null, "name:etymology:wikidata": null, "addr:state": null, "addr:suburb": null, "alt_name": null, "surface": null, "height": null, "building:part": null, "species:en": null, "level": null, "name:mr": null, "short_name": null, "start_date": null, "name:fr": null, "layer": null, "ele": null, "type": null }, "geometry": { "type": "Polygon", "coordinates": [ [ [ 72.8350994, 19.1943595 ], [ 72.8353435, 19.194438 ], [ 72.8354173, 19.1944279 ], [ 72.8354307, 19.1942138 ], [ 72.8350847, 19.1940884 ], [ 72.8350967, 19.1943063 ], [ 72.8350994, 19.1943595 ] ] ] } },
{ "type": "Feature", "properties": { "element": "way", "id": 1459999335, "amenity": "school", "name": "Mumbai Public School", "opening_hours": null, "source": null, "tourism": null, "name:ur": null, "addr:city": null, "addr:housenumber": null, "addr:postcode": null, "addr:street": null, "denomination": null, "grades": null, "religion": null, "timing": null, "wikidata": null, "fixme": null, "name:en": null, "operator": null, "website": null, "check_date": null, "description": null, "female": null, "note": null, "phone": null, "isced:level": null, "education": null, "fee": null, "operator:type": "public", "addr:country": null, "email": null, "capacity": null, "operator:short": null, "operator:wikidata": null, "addr:district": null, "check_date:opening_hours": null, "name:hi": null, "building": null, "brand": null, "brand:wikidata": null, "landuse": null, "building:levels": null, "wikipedia": null, "amenity_1": null, "school:gender": null, "old_name": null, "wikimedia_commons": null, "addr:housename": null, "ref:IN:UDISE": null, "barrier": null, "school": null, "name:etymology:wikidata": null, "addr:state": null, "addr:suburb": null, "alt_name": null, "surface": null, "height": null, "building:part": null, "species:en": null, "level": null, "name:mr": null, "short_name": null, "start_date": null, "name:fr": null, "layer": null, "ele": null, "type": null }, "geometry": { "type": "Polygon", "coordinates": [ [ [ 72.8295986, 19.123439 ], [ 72.8296994, 19.1238367 ], [ 72.8290497, 19.1239837 ], [ 72.8289489, 19.123586 ], [ 72.8291082, 19.12355 ], [ 72.8295986, 19.123439 ] ] ] } },
{ "type": "Feature", "properties": { "element": "way", "id": 1462733203, "amenity": "school", "name": "Billabong High International School", "opening_hours": null, "source": null, "tourism": null, "name:ur": null, "addr:city": null, "addr:housenumber": null, "addr:postcode": null, "addr:street": null, "denomination": null, "grades": null, "religion": null, "timing": null, "wikidata": null, "fixme": null, "name:en": null, "operator": null, "website": null, "check_date": null, "description": null, "female": null, "note": null, "phone": null, "isced:level": null, "education": "school", "fee": null, "operator:type": null, "addr:country": null, "email": null, "capacity": null, "operator:short": null, "operator:wikidata": null, "addr:district": null, "check_date:opening_hours": null, "name:hi": null, "building": null, "brand": null, "brand:wikidata": null, "landuse": null, "building:levels": null, "wikipedia": null, "amenity_1": null, "school:gender": null, "old_name": null, "wikimedia_commons": null, "addr:housename": null, "ref:IN:UDISE": null, "barrier": null, "school": null, "name:etymology:wikidata": null, "addr:state": null, "addr:suburb": null, "alt_name": null, "surface": null, "height": null, "building:part": null, "species:en": null, "level": null, "name:mr": null, "short_name": null, "start_date": null, "name:fr": null, "layer": null, "ele": null, "type": null }, "geometry": { "type": "Polygon", "coordinates": [ [ [ 72.9346103, 19.1715986 ], [ 72.9344242, 19.1712835 ], [ 72.9348366, 19.170928 ], [ 72.9351552, 19.1713479 ], [ 72.9348767, 19.1715334 ], [ 72.9346103, 19.1715986 ] ] ] } },
{ "type": "Feature", "properties": { "element": "way", "id": 1467980774, "amenity": "school", "name": "Young Ladies High School", "opening_hours": null, "source": null, "tourism": null, "name:ur": null, "addr:city": null, "addr:housenumber": null, "addr:postcode": null, "addr:street": null, "denomination": null, "grades": null, "religion": null, "timing": null, "wikidata": null, "fixme": null, "name:en": "Young Ladies High School", "operator": null, "website": null, "check_date": null, "description": null, "female": null, "note": null, "phone": null, "isced:level": null, "education": "school", "fee": null, "operator:type": null, "addr:country": null, "email": null, "capacity": null, "operator:short": null, "operator:wikidata": null, "addr:district": null, "check_date:opening_hours": null, "name:hi": null, "building": null, "brand": null, "brand:wikidata": null, "landuse": null, "building:levels": null, "wikipedia": null, "amenity_1": null, "school:gender": null, "old_name": null, "wikimedia_commons": null, "addr:housename": null, "ref:IN:UDISE": null, "barrier": null, "school": null, "name:etymology:wikidata": null, "addr:state": null, "addr:suburb": null, "alt_name": null, "surface": null, "height": null, "building:part": null, "species:en": null, "level": null, "name:mr": null, "short_name": null, "start_date": null, "name:fr": null, "layer": null, "ele": null, "type": null }, "geometry": { "type": "Polygon", "coordinates": [ [ [ 72.8316562, 18.9355489 ], [ 72.8320242, 18.9354089 ], [ 72.8320842, 18.935553 ], [ 72.8317216, 18.935692 ], [ 72.8316562, 18.9355489 ] ] ] } },
{ "type": "Feature", "properties": { "element": "way", "id": 1480592899, "amenity": "school", "name": "Saint Louis Convent", "opening_hours": null, "source": null, "tourism": null, "name:ur": null, "addr:city": null, "addr:housenumber": null, "addr:postcode": null, "addr:street": null, "denomination": null, "grades": null, "religion": null, "timing": null, "wikidata": null, "fixme": null, "name:en": null, "operator": null, "website": null, "check_date": null, "description": null, "female": null, "note": null, "phone": null, "isced:level": null, "education": null, "fee": null, "operator:type": "religious", "addr:country": null, "email": null, "capacity": null, "operator:short": null, "operator:wikidata": null, "addr:district": null, "check_date:opening_hours": null, "name:hi": null, "building": null, "brand": null, "brand:wikidata": null, "landuse": null, "building:levels": null, "wikipedia": null, "amenity_1": null, "school:gender": null, "old_name": null, "wikimedia_commons": null, "addr:housename": null, "ref:IN:UDISE": null, "barrier": null, "school": null, "name:etymology:wikidata": null, "addr:state": null, "addr:suburb": null, "alt_name": null, "surface": null, "height": null, "building:part": null, "species:en": null, "level": null, "name:mr": null, "short_name": null, "start_date": null, "name:fr": null, "layer": null, "ele": null, "type": null }, "geometry": { "type": "Polygon", "coordinates": [ [ [ 72.8255116, 19.1248643 ], [ 72.8258924, 19.1252034 ], [ 72.8256058, 19.1254365 ], [ 72.8252395, 19.1251537 ], [ 72.8255116, 19.1248643 ] ] ] } },
{ "type": "Feature", "properties": { "element": "way", "id": 1482662222, "amenity": "school", "name": "Saint Blaise Highschool", "opening_hours": null, "source": null, "tourism": null, "name:ur": null, "addr:city": null, "addr:housenumber": null, "addr:postcode": null, "addr:street": null, "denomination": null, "grades": null, "religion": null, "timing": null, "wikidata": null, "fixme": null, "name:en": null, "operator": null, "website": null, "check_date": null, "description": null, "female": null, "note": null, "phone": null, "isced:level": null, "education": null, "fee": null, "operator:type": "religious", "addr:country": null, "email": null, "capacity": null, "operator:short": null, "operator:wikidata": null, "addr:district": null, "check_date:opening_hours": null, "name:hi": null, "building": null, "brand": null, "brand:wikidata": null, "landuse": null, "building:levels": null, "wikipedia": null, "amenity_1": null, "school:gender": null, "old_name": null, "wikimedia_commons": null, "addr:housename": null, "ref:IN:UDISE": null, "barrier": null, "school": null, "name:etymology:wikidata": null, "addr:state": null, "addr:suburb": null, "alt_name": null, "surface": null, "height": null, "building:part": null, "species:en": null, "level": null, "name:mr": null, "short_name": null, "start_date": null, "name:fr": null, "layer": null, "ele": null, "type": null }, "geometry": { "type": "Polygon", "coordinates": [ [ [ 72.8460388, 19.1272388 ], [ 72.8466441, 19.1271943 ], [ 72.8467155, 19.1275603 ], [ 72.8460097, 19.127627 ], [ 72.8460388, 19.1272388 ] ] ] } },
{ "type": "Feature", "properties": { "element": "way", "id": 1491318915, "amenity": "school", "name": "Chotani Road Municipal High School", "opening_hours": null, "source": null, "tourism": null, "name:ur": null, "addr:city": null, "addr:housenumber": null, "addr:postcode": null, "addr:street": null, "denomination": null, "grades": null, "religion": null, "timing": null, "wikidata": null, "fixme": null, "name:en": "Chotani Road Municipal High School", "operator": null, "website": null, "check_date": null, "description": null, "female": null, "note": null, "phone": null, "isced:level": null, "education": "school", "fee": null, "operator:type": null, "addr:country": null, "email": null, "capacity": null, "operator:short": null, "operator:wikidata": null, "addr:district": null, "check_date:opening_hours": null, "name:hi": null, "building": null, "brand": null, "brand:wikidata": null, "landuse": null, "building:levels": null, "wikipedia": null, "amenity_1": null, "school:gender": null, "old_name": null, "wikimedia_commons": null, "addr:housename": null, "ref:IN:UDISE": null, "barrier": null, "school": null, "name:etymology:wikidata": null, "addr:state": null, "addr:suburb": null, "alt_name": null, "surface": null, "height": null, "building:part": null, "species:en": null, "level": null, "name:mr": null, "short_name": null, "start_date": null, "name:fr": null, "layer": null, "ele": null, "type": null }, "geometry": { "type": "Polygon", "coordinates": [ [ [ 72.8442104, 19.0386074 ], [ 72.8445602, 19.0385557 ], [ 72.8446407, 19.0390263 ], [ 72.8443885, 19.0390496 ], [ 72.8440752, 19.0389695 ], [ 72.8442104, 19.0386074 ] ] ] } },
{ "type": "Feature", "properties": { "element": "way", "id": 1494524958, "amenity": "school", "name": null, "opening_hours": null, "source": null, "tourism": null, "name:ur": null, "addr:city": null, "addr:housenumber": null, "addr:postcode": null, "addr:street": null, "denomination": null, "grades": null, "religion": null, "timing": null, "wikidata": null, "fixme": null, "name:en": null, "operator": null, "website": null, "check_date": null, "description": null, "female": null, "note": null, "phone": null, "isced:level": null, "education": "school", "fee": null, "operator:type": null, "addr:country": null, "email": null, "capacity": null, "operator:short": null, "operator:wikidata": null, "addr:district": null, "check_date:opening_hours": null, "name:hi": null, "building": null, "brand": null, "brand:wikidata": null, "landuse": null, "building:levels": null, "wikipedia": null, "amenity_1": null, "school:gender": null, "old_name": null, "wikimedia_commons": null, "addr:housename": null, "ref:IN:UDISE": null, "barrier": null, "school": null, "name:etymology:wikidata": null, "addr:state": null, "addr:suburb": null, "alt_name": null, "surface": null, "height": null, "building:part": null, "species:en": null, "level": null, "name:mr": null, "short_name": null, "start_date": null, "name:fr": null, "layer": null, "ele": null, "type": null }, "geometry": { "type": "Polygon", "coordinates": [ [ [ 72.8332144, 19.1298584 ], [ 72.8331349, 19.129565 ], [ 72.833359, 19.1295344 ], [ 72.833425, 19.1298359 ], [ 72.8332144, 19.1298584 ] ] ] } },
{ "type": "Feature", "properties": { "element": "way", "id": 1499174872, "amenity": "school", "name": "Singapore International School", "opening_hours": null, "source": null, "tourism": null, "name:ur": null, "addr:city": "Mumbai", "addr:housenumber": null, "addr:postcode": "401104", "addr:street": "Western Express Highway", "denomination": null, "grades": "0-12", "religion": null, "timing": null, "wikidata": null, "fixme": null, "name:en": null, "operator": null, "website": null, "check_date": null, "description": null, "female": null, "note": null, "phone": null, "isced:level": null, "education": "school", "fee": null, "operator:type": null, "addr:country": null, "email": null, "capacity": null, "operator:short": null, "operator:wikidata": null, "addr:district": null, "check_date:opening_hours": null, "name:hi": null, "building": null, "brand": null, "brand:wikidata": null, "landuse": null, "building:levels": null, "wikipedia": null, "amenity_1": null, "school:gender": null, "old_name": null, "wikimedia_commons": null, "addr:housename": null, "ref:IN:UDISE": null, "barrier": null, "school": null, "name:etymology:wikidata": null, "addr:state": null, "addr:suburb": null, "alt_name": null, "surface": null, "height": null, "building:part": null, "species:en": null, "level": null, "name:mr": null, "short_name": null, "start_date": null, "name:fr": null, "layer": null, "ele": null, "type": null }, "geometry": { "type": "Polygon", "coordinates": [ [ [ 72.8773863, 19.2624401 ], [ 72.8773197, 19.2623449 ], [ 72.8761332, 19.2623441 ], [ 72.8756819, 19.2625172 ], [ 72.8755538, 19.2624472 ], [ 72.8754482, 19.2623697 ], [ 72.8749019, 19.2626137 ], [ 72.8741448, 19.2629742 ], [ 72.8740766, 19.2628138 ], [ 72.8751482, 19.2622997 ], [ 72.8754202, 19.2619987 ], [ 72.8756373, 19.2619556 ], [ 72.8759902, 19.2615965 ], [ 72.8764269, 19.2609692 ], [ 72.87711, 19.2606271 ], [ 72.8776264, 19.2618604 ], [ 72.8777051, 19.2620192 ], [ 72.8776264, 19.2622095 ], [ 72.8774424, 19.2623901 ], [ 72.8773863, 19.2624401 ] ] ] } },
{ "type": "Feature", "properties": { "element": "way", "id": 1503563057, "amenity": "school", "name": "Mumbai Public School", "opening_hours": null, "source": null, "tourism": null, "name:ur": null, "addr:city": null, "addr:housenumber": null, "addr:postcode": null, "addr:street": null, "denomination": null, "grades": null, "religion": null, "timing": null, "wikidata": null, "fixme": null, "name:en": null, "operator": null, "website": null, "check_date": null, "description": null, "female": null, "note": null, "phone": null, "isced:level": null, "education": null, "fee": null, "operator:type": null, "addr:country": null, "email": null, "capacity": null, "operator:short": null, "operator:wikidata": null, "addr:district": null, "check_date:opening_hours": null, "name:hi": null, "building": null, "brand": null, "brand:wikidata": null, "landuse": null, "building:levels": null, "wikipedia": null, "amenity_1": null, "school:gender": null, "old_name": null, "wikimedia_commons": null, "addr:housename": null, "ref:IN:UDISE": null, "barrier": null, "school": null, "name:etymology:wikidata": null, "addr:state": null, "addr:suburb": null, "alt_name": null, "surface": null, "height": null, "building:part": null, "species:en": null, "level": null, "name:mr": null, "short_name": null, "start_date": null, "name:fr": null, "layer": null, "ele": null, "type": null }, "geometry": { "type": "Polygon", "coordinates": [ [ [ 72.9523063, 19.1708177 ], [ 72.9527332, 19.171273 ], [ 72.9530899, 19.1709746 ], [ 72.9526629, 19.1705193 ], [ 72.9523063, 19.1708177 ] ] ] } },
{ "type": "Feature", "properties": { "element": "way", "id": 1532683598, "amenity": "school", "name": "Gundecha Education Academy", "opening_hours": null, "source": null, "tourism": null, "name:ur": null, "addr:city": null, "addr:housenumber": null, "addr:postcode": null, "addr:street": null, "denomination": null, "grades": null, "religion": null, "timing": null, "wikidata": null, "fixme": null, "name:en": null, "operator": null, "website": null, "check_date": null, "description": null, "female": null, "note": null, "phone": null, "isced:level": "0-3", "education": null, "fee": null, "operator:type": "private", "addr:country": null, "email": null, "capacity": null, "operator:short": null, "operator:wikidata": null, "addr:district": null, "check_date:opening_hours": null, "name:hi": null, "building": null, "brand": null, "brand:wikidata": null, "landuse": null, "building:levels": null, "wikipedia": null, "amenity_1": null, "school:gender": null, "old_name": null, "wikimedia_commons": null, "addr:housename": null, "ref:IN:UDISE": null, "barrier": null, "school": null, "name:etymology:wikidata": null, "addr:state": null, "addr:suburb": null, "alt_name": null, "surface": null, "height": null, "building:part": null, "species:en": null, "level": null, "name:mr": null, "short_name": null, "start_date": null, "name:fr": null, "layer": null, "ele": null, "type": null }, "geometry": { "type": "Polygon", "coordinates": [ [ [ 72.8333852, 19.1526052 ], [ 72.8336761, 19.1525478 ], [ 72.8337891, 19.1513457 ], [ 72.8334498, 19.1513564 ], [ 72.8333852, 19.1526052 ] ] ] } },
{ "type": "Feature", "properties": { "element": "way", "id": 1535753020, "amenity": "school", "name": "Guru Gobind English High School", "opening_hours": null, "source": null, "tourism": null, "name:ur": null, "addr:city": null, "addr:housenumber": null, "addr:postcode": null, "addr:street": null, "denomination": null, "grades": null, "religion": null, "timing": null, "wikidata": null, "fixme": null, "name:en": null, "operator": null, "website": null, "check_date": null, "description": null, "female": null, "note": null, "phone": null, "isced:level": null, "education": null, "fee": null, "operator:type": null, "addr:country": null, "email": null, "capacity": null, "operator:short": null, "operator:wikidata": null, "addr:district": null, "check_date:opening_hours": null, "name:hi": null, "building": null, "brand": null, "brand:wikidata": null, "landuse": null, "building:levels": null, "wikipedia": null, "amenity_1": null, "school:gender": null, "old_name": null, "wikimedia_commons": null, "addr:housename": null, "ref:IN:UDISE": null, "barrier": null, "school": null, "name:etymology:wikidata": null, "addr:state": null, "addr:suburb": null, "alt_name": null, "surface": null, "height": null, "building:part": null, "species:en": null, "level": null, "name:mr": null, "short_name": null, "start_date": null, "name:fr": null, "layer": null, "ele": null, "type": null }, "geometry": { "type": "Polygon", "coordinates": [ [ [ 72.9348582, 19.1216168 ], [ 72.9349413, 19.1225292 ], [ 72.9343057, 19.1226635 ], [ 72.9341635, 19.1224911 ], [ 72.9340643, 19.121665 ], [ 72.9348582, 19.1216168 ] ] ] } }
]
}
